case_id,control_step,timestamp_s,obstacle_id,position_ned_m,velocity_ned_mps,radius_m
R06_head_on_vertical_offset,1,1.2000000000000002,1,"[59.519999999999925, 50.0, 24.0]","[-0.4, 0.0, 0.0]",0.6
R06_head_on_vertical_offset,2,1.4000000000000004,1,"[59.43999999999991, 50.0, 24.0]","[-0.4, 0.0, 0.0]",0.6
R06_head_on_vertical_offset,3,1.6000000000000005,1,"[59.3599999999999, 50.0, 24.0]","[-0.4, 0.0, 0.0]",0.6
R06_head_on_vertical_offset,4,1.8000000000000007,1,"[59.27999999999989, 50.0, 24.0]","[-0.4, 0.0, 0.0]",0.6
R06_head_on_vertical_offset,5,2.000000000000001,1,"[59.199999999999875, 50.0, 24.0]","[-0.4, 0.0, 0.0]",0.6
R06_head_on_vertical_offset,6,2.2,1,"[59.11999999999986, 50.0, 24.0]","[-0.4, 0.0, 0.0]",0.6
R06_head_on_vertical_offset,7,2.3999999999999995,1,"[59.03999999999985, 50.0, 24.0]","[-0.4, 0.0, 0.0]",0.6
R06_head_on_vertical_offset,8,2.5999999999999988,1,"[58.95999999999984, 50.0, 24.0]","[-0.4, 0.0, 0.0]",0.6
R06_head_on_vertical_offset,9,2.799999999999998,1,"[58.879999999999825, 50.0, 24.0]","[-0.4, 0.0, 0.0]",0.6
R06_head_on_vertical_offset,10,2.9999999999999973,1,"[58.79999999999981, 50.0, 24.0]","[-0.4, 0.0, 0.0]",0.6
R06_head_on_vertical_offset,11,3.1999999999999966,1,"[58.7199999999998, 50.0, 24.0]","[-0.4, 0.0, 0.0]",0.6
R06_head_on_vertical_offset,12,3.399999999999996,1,"[58.63999999999979, 50.0, 24.0]","[-0.4, 0.0, 0.0]",0.6
R06_head_on_vertical_offset,13,3.599999999999995,1,"[58.559999999999775, 50.0, 24.0]","[-0.4, 0.0, 0.0]",0.6
R06_head_on_vertical_offset,14,3.7999999999999945,1,"[58.47999999999976, 50.0, 24.0]","[-0.4, 0.0, 0.0]",0.6
R06_head_on_vertical_offset,15,3.999999999999994,1,"[58.39999999999975, 50.0, 24.0]","[-0.4, 0.0, 0.0]",0.6
R06_head_on_vertical_offset,16,4.199999999999993,1,"[58.31999999999974, 50.0, 24.0]","[-0.4, 0.0, 0.0]",0.6
R06_head_on_vertical_offset,17,4.399999999999992,1,"[58.239999999999725, 50.0, 24.0]","[-0.4, 0.0, 0.0]",0.6
R06_head_on_vertical_offset,18,4.599999999999992,1,"[58.15999999999971, 50.0, 24.0]","[-0.4, 0.0, 0.0]",0.6
R06_head_on_vertical_offset,19,4.799999999999991,1,"[58.0799999999997, 50.0, 24.0]","[-0.4, 0.0, 0.0]",0.6
R06_head_on_vertical_offset,20,4.99999999999999,1,"[57.99999999999969, 50.0, 24.0]","[-0.4, 0.0, 0.0]",0.6
R06_head_on_vertical_offset,21,5.1999999999999895,1,"[57.919999999999675, 50.0, 24.0]","[-0.4, 0.0, 0.0]",0.6
R06_head_on_vertical_offset,22,5.399999999999989,1,"[57.83999999999966, 50.0, 24.0]","[-0.4, 0.0, 0.0]",0.6
R06_head_on_vertical_offset,23,5.599999999999988,1,"[57.75999999999965, 50.0, 24.0]","[-0.4, 0.0, 0.0]",0.6
R06_head_on_vertical_offset,24,5.799999999999987,1,"[57.67999999999964, 50.0, 24.0]","[-0.4, 0.0, 0.0]",0.6
R06_head_on_vertical_offset,25,5.999999999999987,1,"[57.599999999999625, 50.0, 24.0]","[-0.4, 0.0, 0.0]",0.6
R06_head_on_vertical_offset,26,6.199999999999986,1,"[57.51999999999961, 50.0, 24.0]","[-0.4, 0.0, 0.0]",0.6
R06_head_on_vertical_offset,27,6.399999999999985,1,"[57.4399999999996, 50.0, 24.0]","[-0.4, 0.0, 0.0]",0.6
R06_head_on_vertical_offset,28,6.5999999999999845,1,"[57.35999999999959, 50.0, 24.0]","[-0.4, 0.0, 0.0]",0.6
R06_head_on_vertical_offset,29,6.799999999999984,1,"[57.279999999999575, 50.0, 24.0]","[-0.4, 0.0, 0.0]",0.6
R06_head_on_vertical_offset,30,6.999999999999983,1,"[57.19999999999956, 50.0, 24.0]","[-0.4, 0.0, 0.0]",0.6
R06_head_on_vertical_offset,31,7.199999999999982,1,"[57.11999999999955, 50.0, 24.0]","[-0.4, 0.0, 0.0]",0.6
R06_head_on_vertical_offset,32,7.399999999999982,1,"[57.03999999999954, 50.0, 24.0]","[-0.4, 0.0, 0.0]",0.6
R06_head_on_vertical_offset,33,7.599999999999981,1,"[56.959999999999525, 50.0, 24.0]","[-0.4, 0.0, 0.0]",0.6
R06_head_on_vertical_offset,34,7.79999999999998,1,"[56.87999999999951, 50.0, 24.0]","[-0.4, 0.0, 0.0]",0.6
R06_head_on_vertical_offset,35,7.99999999999998,1,"[56.7999999999995, 50.0, 24.0]","[-0.4, 0.0, 0.0]",0.6
R06_head_on_vertical_offset,36,8.199999999999982,1,"[56.71999999999949, 50.0, 24.0]","[-0.4, 0.0, 0.0]",0.6
R06_head_on_vertical_offset,37,8.399999999999984,1,"[56.639999999999475, 50.0, 24.0]","[-0.4, 0.0, 0.0]",0.6
R06_head_on_vertical_offset,38,8.599999999999987,1,"[56.55999999999946, 50.0, 24.0]","[-0.4, 0.0, 0.0]",0.6
R06_head_on_vertical_offset,39,8.79999999999999,1,"[56.47999999999945, 50.0, 24.0]","[-0.4, 0.0, 0.0]",0.6
R06_head_on_vertical_offset,40,8.999999999999993,1,"[56.39999999999944, 50.0, 24.0]","[-0.4, 0.0, 0.0]",0.6
R06_head_on_vertical_offset,41,9.199999999999996,1,"[56.319999999999425, 50.0, 24.0]","[-0.4, 0.0, 0.0]",0.6
R06_head_on_vertical_offset,42,9.399999999999999,1,"[56.23999999999941, 50.0, 24.0]","[-0.4, 0.0, 0.0]",0.6
R06_head_on_vertical_offset,43,9.600000000000001,1,"[56.1599999999994, 50.0, 24.0]","[-0.4, 0.0, 0.0]",0.6
R06_head_on_vertical_offset,44,9.800000000000004,1,"[56.07999999999939, 50.0, 24.0]","[-0.4, 0.0, 0.0]",0.6
R06_head_on_vertical_offset,45,10.000000000000007,1,"[55.999999999999375, 50.0, 24.0]","[-0.4, 0.0, 0.0]",0.6
R06_head_on_vertical_offset,46,10.20000000000001,1,"[55.91999999999936, 50.0, 24.0]","[-0.4, 0.0, 0.0]",0.6
R06_head_on_vertical_offset,47,10.400000000000013,1,"[55.83999999999935, 50.0, 24.0]","[-0.4, 0.0, 0.0]",0.6
R06_head_on_vertical_offset,48,10.600000000000016,1,"[55.75999999999934, 50.0, 24.0]","[-0.4, 0.0, 0.0]",0.6
R06_head_on_vertical_offset,49,10.800000000000018,1,"[55.679999999999325, 50.0, 24.0]","[-0.4, 0.0, 0.0]",0.6
R06_head_on_vertical_offset,50,11.000000000000021,1,"[55.59999999999931, 50.0, 24.0]","[-0.4, 0.0, 0.0]",0.6
R06_head_on_vertical_offset,51,11.200000000000024,1,"[55.5199999999993, 50.0, 24.0]","[-0.4, 0.0, 0.0]",0.6
R06_head_on_vertical_offset,52,11.400000000000027,1,"[55.43999999999929, 50.0, 24.0]","[-0.4, 0.0, 0.0]",0.6
R06_head_on_vertical_offset,53,11.60000000000003,1,"[55.359999999999275, 50.0, 24.0]","[-0.4, 0.0, 0.0]",0.6
R06_head_on_vertical_offset,54,11.800000000000033,1,"[55.27999999999926, 50.0, 24.0]","[-0.4, 0.0, 0.0]",0.6
R06_head_on_vertical_offset,55,12.000000000000036,1,"[55.19999999999925, 50.0, 24.0]","[-0.4, 0.0, 0.0]",0.6
R06_head_on_vertical_offset,56,12.200000000000038,1,"[55.11999999999924, 50.0, 24.0]","[-0.4, 0.0, 0.0]",0.6
R06_head_on_vertical_offset,57,12.400000000000041,1,"[55.039999999999225, 50.0, 24.0]","[-0.4, 0.0, 0.0]",0.6
R06_head_on_vertical_offset,58,12.600000000000044,1,"[54.95999999999921, 50.0, 24.0]","[-0.4, 0.0, 0.0]",0.6
R06_head_on_vertical_offset,59,12.800000000000047,1,"[54.8799999999992, 50.0, 24.0]","[-0.4, 0.0, 0.0]",0.6
R06_head_on_vertical_offset,60,13.00000000000005,1,"[54.79999999999919, 50.0, 24.0]","[-0.4, 0.0, 0.0]",0.6
R06_head_on_vertical_offset,61,13.200000000000053,1,"[54.719999999999175, 50.0, 24.0]","[-0.4, 0.0, 0.0]",0.6
R06_head_on_vertical_offset,62,13.400000000000055,1,"[54.63999999999916, 50.0, 24.0]","[-0.4, 0.0, 0.0]",0.6
R06_head_on_vertical_offset,63,13.600000000000058,1,"[54.55999999999915, 50.0, 24.0]","[-0.4, 0.0, 0.0]",0.6
R06_head_on_vertical_offset,64,13.800000000000061,1,"[54.47999999999914, 50.0, 24.0]","[-0.4, 0.0, 0.0]",0.6
R06_head_on_vertical_offset,65,14.000000000000064,1,"[54.399999999999125, 50.0, 24.0]","[-0.4, 0.0, 0.0]",0.6
R06_head_on_vertical_offset,66,14.200000000000067,1,"[54.31999999999911, 50.0, 24.0]","[-0.4, 0.0, 0.0]",0.6
R06_head_on_vertical_offset,67,14.40000000000007,1,"[54.2399999999991, 50.0, 24.0]","[-0.4, 0.0, 0.0]",0.6
R06_head_on_vertical_offset,68,14.600000000000072,1,"[54.15999999999909, 50.0, 24.0]","[-0.4, 0.0, 0.0]",0.6
R06_head_on_vertical_offset,69,14.800000000000075,1,"[54.079999999999075, 50.0, 24.0]","[-0.4, 0.0, 0.0]",0.6
R06_head_on_vertical_offset,70,15.000000000000078,1,"[53.99999999999906, 50.0, 24.0]","[-0.4, 0.0, 0.0]",0.6
R06_head_on_vertical_offset,71,15.200000000000081,1,"[53.91999999999905, 50.0, 24.0]","[-0.4, 0.0, 0.0]",0.6
R06_head_on_vertical_offset,72,15.400000000000084,1,"[53.83999999999904, 50.0, 24.0]","[-0.4, 0.0, 0.0]",0.6
R06_head_on_vertical_offset,73,15.600000000000087,1,"[53.759999999999025, 50.0, 24.0]","[-0.4, 0.0, 0.0]",0.6
R06_head_on_vertical_offset,74,15.80000000000009,1,"[53.67999999999901, 50.0, 24.0]","[-0.4, 0.0, 0.0]",0.6
R06_head_on_vertical_offset,75,16.000000000000092,1,"[53.599999999999, 50.0, 24.0]","[-0.4, 0.0, 0.0]",0.6
R06_head_on_vertical_offset,76,16.200000000000095,1,"[53.51999999999899, 50.0, 24.0]","[-0.4, 0.0, 0.0]",0.6
R06_head_on_vertical_offset,77,16.400000000000098,1,"[53.439999999998975, 50.0, 24.0]","[-0.4, 0.0, 0.0]",0.6
R06_head_on_vertical_offset,78,16.6000000000001,1,"[53.35999999999896, 50.0, 24.0]","[-0.4, 0.0, 0.0]",0.6
R06_head_on_vertical_offset,79,16.800000000000104,1,"[53.27999999999895, 50.0, 24.0]","[-0.4, 0.0, 0.0]",0.6
R06_head_on_vertical_offset,80,17.000000000000107,1,"[53.19999999999894, 50.0, 24.0]","[-0.4, 0.0, 0.0]",0.6
R06_head_on_vertical_offset,81,17.20000000000011,1,"[53.119999999998925, 50.0, 24.0]","[-0.4, 0.0, 0.0]",0.6
R06_head_on_vertical_offset,82,17.400000000000112,1,"[53.03999999999891, 50.0, 24.0]","[-0.4, 0.0, 0.0]",0.6
R06_head_on_vertical_offset,83,17.600000000000115,1,"[52.9599999999989, 50.0, 24.0]","[-0.4, 0.0, 0.0]",0.6
R06_head_on_vertical_offset,84,17.800000000000118,1,"[52.87999999999889, 50.0, 24.0]","[-0.4, 0.0, 0.0]",0.6
R06_head_on_vertical_offset,85,18.00000000000012,1,"[52.799999999998875, 50.0, 24.0]","[-0.4, 0.0, 0.0]",0.6
R06_head_on_vertical_offset,86,18.200000000000124,1,"[52.71999999999886, 50.0, 24.0]","[-0.4, 0.0, 0.0]",0.6
R06_head_on_vertical_offset,87,18.400000000000126,1,"[52.63999999999885, 50.0, 24.0]","[-0.4, 0.0, 0.0]",0.6
R06_head_on_vertical_offset,88,18.60000000000013,1,"[52.55999999999884, 50.0, 24.0]","[-0.4, 0.0, 0.0]",0.6
R06_head_on_vertical_offset,89,18.800000000000132,1,"[52.479999999998824, 50.0, 24.0]","[-0.4, 0.0, 0.0]",0.6
R06_head_on_vertical_offset,90,19.000000000000135,1,"[52.39999999999881, 50.0, 24.0]","[-0.4, 0.0, 0.0]",0.6
R06_head_on_vertical_offset,91,19.200000000000138,1,"[52.3199999999988, 50.0, 24.0]","[-0.4, 0.0, 0.0]",0.6
R06_head_on_vertical_offset,92,19.40000000000014,1,"[52.23999999999879, 50.0, 24.0]","[-0.4, 0.0, 0.0]",0.6
R06_head_on_vertical_offset,93,19.600000000000144,1,"[52.159999999998774, 50.0, 24.0]","[-0.4, 0.0, 0.0]",0.6
R06_head_on_vertical_offset,94,19.800000000000146,1,"[52.07999999999876, 50.0, 24.0]","[-0.4, 0.0, 0.0]",0.6
R06_head_on_vertical_offset,95,20.00000000000015,1,"[51.99999999999875, 50.0, 24.0]","[-0.4, 0.0, 0.0]",0.6
R06_head_on_vertical_offset,96,20.200000000000152,1,"[51.91999999999874, 50.0, 24.0]","[-0.4, 0.0, 0.0]",0.6
R06_head_on_vertical_offset,97,20.400000000000155,1,"[51.839999999998724, 50.0, 24.0]","[-0.4, 0.0, 0.0]",0.6
R06_head_on_vertical_offset,98,20.600000000000158,1,"[51.75999999999871, 50.0, 24.0]","[-0.4, 0.0, 0.0]",0.6
R06_head_on_vertical_offset,99,20.80000000000016,1,"[51.6799999999987, 50.0, 24.0]","[-0.4, 0.0, 0.0]",0.6
R06_head_on_vertical_offset,100,21.000000000000163,1,"[51.59999999999869, 50.0, 24.0]","[-0.4, 0.0, 0.0]",0.6
R06_head_on_vertical_offset,101,21.200000000000166,1,"[51.519999999998674, 50.0, 24.0]","[-0.4, 0.0, 0.0]",0.6
R06_head_on_vertical_offset,102,21.40000000000017,1,"[51.43999999999866, 50.0, 24.0]","[-0.4, 0.0, 0.0]",0.6
R06_head_on_vertical_offset,103,21.600000000000172,1,"[51.35999999999865, 50.0, 24.0]","[-0.4, 0.0, 0.0]",0.6
R06_head_on_vertical_offset,104,21.800000000000175,1,"[51.27999999999864, 50.0, 24.0]","[-0.4, 0.0, 0.0]",0.6
R06_head_on_vertical_offset,105,22.000000000000178,1,"[51.199999999998624, 50.0, 24.0]","[-0.4, 0.0, 0.0]",0.6
R06_head_on_vertical_offset,106,22.20000000000018,1,"[51.11999999999861, 50.0, 24.0]","[-0.4, 0.0, 0.0]",0.6
R06_head_on_vertical_offset,107,22.400000000000183,1,"[51.0399999999986, 50.0, 24.0]","[-0.4, 0.0, 0.0]",0.6
R06_head_on_vertical_offset,108,22.600000000000186,1,"[50.95999999999859, 50.0, 24.0]","[-0.4, 0.0, 0.0]",0.6
R06_head_on_vertical_offset,109,22.80000000000019,1,"[50.879999999998574, 50.0, 24.0]","[-0.4, 0.0, 0.0]",0.6
R06_head_on_vertical_offset,110,23.000000000000192,1,"[50.79999999999856, 50.0, 24.0]","[-0.4, 0.0, 0.0]",0.6
R06_head_on_vertical_offset,111,23.200000000000195,1,"[50.71999999999855, 50.0, 24.0]","[-0.4, 0.0, 0.0]",0.6
R06_head_on_vertical_offset,112,23.400000000000198,1,"[50.63999999999854, 50.0, 24.0]","[-0.4, 0.0, 0.0]",0.6
R06_head_on_vertical_offset,113,23.6000000000002,1,"[50.559999999998524, 50.0, 24.0]","[-0.4, 0.0, 0.0]",0.6
R06_head_on_vertical_offset,114,23.800000000000203,1,"[50.47999999999851, 50.0, 24.0]","[-0.4, 0.0, 0.0]",0.6
R06_head_on_vertical_offset,115,24.000000000000206,1,"[50.3999999999985, 50.0, 24.0]","[-0.4, 0.0, 0.0]",0.6
R06_head_on_vertical_offset,116,24.20000000000021,1,"[50.31999999999849, 50.0, 24.0]","[-0.4, 0.0, 0.0]",0.6
R06_head_on_vertical_offset,117,24.40000000000021,1,"[50.239999999998474, 50.0, 24.0]","[-0.4, 0.0, 0.0]",0.6
R06_head_on_vertical_offset,118,24.600000000000215,1,"[50.15999999999846, 50.0, 24.0]","[-0.4, 0.0, 0.0]",0.6
R06_head_on_vertical_offset,119,24.800000000000217,1,"[50.07999999999845, 50.0, 24.0]","[-0.4, 0.0, 0.0]",0.6
R06_head_on_vertical_offset,120,25.00000000000022,1,"[49.99999999999844, 50.0, 24.0]","[-0.4, 0.0, 0.0]",0.6
R06_head_on_vertical_offset,121,25.200000000000223,1,"[49.919999999998424, 50.0, 24.0]","[-0.4, 0.0, 0.0]",0.6
R06_head_on_vertical_offset,122,25.400000000000226,1,"[49.83999999999841, 50.0, 24.0]","[-0.4, 0.0, 0.0]",0.6
R06_head_on_vertical_offset,123,25.60000000000023,1,"[49.7599999999984, 50.0, 24.0]","[-0.4, 0.0, 0.0]",0.6
R06_head_on_vertical_offset,124,25.80000000000023,1,"[49.67999999999839, 50.0, 24.0]","[-0.4, 0.0, 0.0]",0.6
R06_head_on_vertical_offset,125,26.000000000000234,1,"[49.599999999998374, 50.0, 24.0]","[-0.4, 0.0, 0.0]",0.6
R06_head_on_vertical_offset,126,26.200000000000237,1,"[49.51999999999836, 50.0, 24.0]","[-0.4, 0.0, 0.0]",0.6
R06_head_on_vertical_offset,127,26.40000000000024,1,"[49.43999999999835, 50.0, 24.0]","[-0.4, 0.0, 0.0]",0.6
R06_head_on_vertical_offset,128,26.600000000000243,1,"[49.35999999999834, 50.0, 24.0]","[-0.4, 0.0, 0.0]",0.6
R06_head_on_vertical_offset,129,26.800000000000246,1,"[49.279999999998324, 50.0, 24.0]","[-0.4, 0.0, 0.0]",0.6
R06_head_on_vertical_offset,130,27.00000000000025,1,"[49.19999999999831, 50.0, 24.0]","[-0.4, 0.0, 0.0]",0.6
R06_head_on_vertical_offset,131,27.20000000000025,1,"[49.1199999999983, 50.0, 24.0]","[-0.4, 0.0, 0.0]",0.6
R06_head_on_vertical_offset,132,27.400000000000254,1,"[49.03999999999829, 50.0, 24.0]","[-0.4, 0.0, 0.0]",0.6
R06_head_on_vertical_offset,133,27.600000000000257,1,"[48.959999999998274, 50.0, 24.0]","[-0.4, 0.0, 0.0]",0.6
R06_head_on_vertical_offset,134,27.80000000000026,1,"[48.87999999999826, 50.0, 24.0]","[-0.4, 0.0, 0.0]",0.6
R06_head_on_vertical_offset,135,28.000000000000263,1,"[48.79999999999825, 50.0, 24.0]","[-0.4, 0.0, 0.0]",0.6
R06_head_on_vertical_offset,136,28.200000000000266,1,"[48.71999999999824, 50.0, 24.0]","[-0.4, 0.0, 0.0]",0.6
R06_head_on_vertical_offset,137,28.40000000000027,1,"[48.639999999998224, 50.0, 24.0]","[-0.4, 0.0, 0.0]",0.6
R06_head_on_vertical_offset,138,28.60000000000027,1,"[48.55999999999821, 50.0, 24.0]","[-0.4, 0.0, 0.0]",0.6
R06_head_on_vertical_offset,139,28.800000000000274,1,"[48.4799999999982, 50.0, 24.0]","[-0.4, 0.0, 0.0]",0.6
R06_head_on_vertical_offset,140,29.000000000000277,1,"[48.39999999999819, 50.0, 24.0]","[-0.4, 0.0, 0.0]",0.6
R06_head_on_vertical_offset,141,29.20000000000028,1,"[48.319999999998174, 50.0, 24.0]","[-0.4, 0.0, 0.0]",0.6
R06_head_on_vertical_offset,142,29.400000000000283,1,"[48.23999999999816, 50.0, 24.0]","[-0.4, 0.0, 0.0]",0.6
R06_head_on_vertical_offset,143,29.600000000000286,1,"[48.15999999999815, 50.0, 24.0]","[-0.4, 0.0, 0.0]",0.6
R06_head_on_vertical_offset,144,29.80000000000029,1,"[48.07999999999814, 50.0, 24.0]","[-0.4, 0.0, 0.0]",0.6
R06_head_on_vertical_offset,145,30.00000000000029,1,"[47.999999999998124, 50.0, 24.0]","[-0.4, 0.0, 0.0]",0.6
R06_head_on_vertical_offset,146,30.200000000000294,1,"[47.91999999999811, 50.0, 24.0]","[-0.4, 0.0, 0.0]",0.6
R06_head_on_vertical_offset,147,30.400000000000297,1,"[47.8399999999981, 50.0, 24.0]","[-0.4, 0.0, 0.0]",0.6
R06_head_on_vertical_offset,148,30.6000000000003,1,"[47.75999999999809, 50.0, 24.0]","[-0.4, 0.0, 0.0]",0.6
R06_head_on_vertical_offset,149,30.800000000000303,1,"[47.679999999998074, 50.0, 24.0]","[-0.4, 0.0, 0.0]",0.6
R06_head_on_vertical_offset,150,31.000000000000306,1,"[47.59999999999806, 50.0, 24.0]","[-0.4, 0.0, 0.0]",0.6
R06_head_on_vertical_offset,151,31.20000000000031,1,"[47.51999999999805, 50.0, 24.0]","[-0.4, 0.0, 0.0]",0.6
R06_head_on_vertical_offset,152,31.40000000000031,1,"[47.43999999999804, 50.0, 24.0]","[-0.4, 0.0, 0.0]",0.6
R06_head_on_vertical_offset,153,31.600000000000314,1,"[47.359999999998024, 50.0, 24.0]","[-0.4, 0.0, 0.0]",0.6
R06_head_on_vertical_offset,154,31.800000000000317,1,"[47.27999999999801, 50.0, 24.0]","[-0.4, 0.0, 0.0]",0.6
R06_head_on_vertical_offset,155,32.00000000000032,1,"[47.199999999998, 50.0, 24.0]","[-0.4, 0.0, 0.0]",0.6
R06_head_on_vertical_offset,156,32.20000000000031,1,"[47.11999999999799, 50.0, 24.0]","[-0.4, 0.0, 0.0]",0.6
R06_head_on_vertical_offset,157,32.4000000000003,1,"[47.039999999997974, 50.0, 24.0]","[-0.4, 0.0, 0.0]",0.6
R06_head_on_vertical_offset,158,32.600000000000286,1,"[46.95999999999796, 50.0, 24.0]","[-0.4, 0.0, 0.0]",0.6
R06_head_on_vertical_offset,159,32.800000000000274,1,"[46.87999999999795, 50.0, 24.0]","[-0.4, 0.0, 0.0]",0.6
R06_head_on_vertical_offset,160,33.00000000000026,1,"[46.79999999999794, 50.0, 24.0]","[-0.4, 0.0, 0.0]",0.6
R06_head_on_vertical_offset,161,33.20000000000025,1,"[46.719999999997924, 50.0, 24.0]","[-0.4, 0.0, 0.0]",0.6
R06_head_on_vertical_offset,162,33.40000000000024,1,"[46.63999999999791, 50.0, 24.0]","[-0.4, 0.0, 0.0]",0.6
R06_head_on_vertical_offset,163,33.60000000000023,1,"[46.5599999999979, 50.0, 24.0]","[-0.4, 0.0, 0.0]",0.6
R06_head_on_vertical_offset,164,33.80000000000022,1,"[46.47999999999789, 50.0, 24.0]","[-0.4, 0.0, 0.0]",0.6
R06_head_on_vertical_offset,165,34.000000000000206,1,"[46.399999999997874, 50.0, 24.0]","[-0.4, 0.0, 0.0]",0.6
R06_head_on_vertical_offset,166,34.200000000000195,1,"[46.31999999999786, 50.0, 24.0]","[-0.4, 0.0, 0.0]",0.6
R06_head_on_vertical_offset,167,34.40000000000018,1,"[46.23999999999785, 50.0, 24.0]","[-0.4, 0.0, 0.0]",0.6
R06_head_on_vertical_offset,168,34.60000000000017,1,"[46.15999999999784, 50.0, 24.0]","[-0.4, 0.0, 0.0]",0.6
R06_head_on_vertical_offset,169,34.80000000000016,1,"[46.079999999997824, 50.0, 24.0]","[-0.4, 0.0, 0.0]",0.6
R06_head_on_vertical_offset,170,35.00000000000015,1,"[45.99999999999781, 50.0, 24.0]","[-0.4, 0.0, 0.0]",0.6
R06_head_on_vertical_offset,171,35.20000000000014,1,"[45.9199999999978, 50.0, 24.0]","[-0.4, 0.0, 0.0]",0.6
R06_head_on_vertical_offset,172,35.40000000000013,1,"[45.83999999999779, 50.0, 24.0]","[-0.4, 0.0, 0.0]",0.6
R06_head_on_vertical_offset,173,35.600000000000115,1,"[45.759999999997774, 50.0, 24.0]","[-0.4, 0.0, 0.0]",0.6
R06_head_on_vertical_offset,174,35.800000000000104,1,"[45.67999999999776, 50.0, 24.0]","[-0.4, 0.0, 0.0]",0.6
R06_head_on_vertical_offset,175,36.00000000000009,1,"[45.59999999999775, 50.0, 24.0]","[-0.4, 0.0, 0.0]",0.6
R06_head_on_vertical_offset,176,36.20000000000008,1,"[45.51999999999774, 50.0, 24.0]","[-0.4, 0.0, 0.0]",0.6
R06_head_on_vertical_offset,177,36.40000000000007,1,"[45.439999999997724, 50.0, 24.0]","[-0.4, 0.0, 0.0]",0.6
R06_head_on_vertical_offset,178,36.60000000000006,1,"[45.35999999999771, 50.0, 24.0]","[-0.4, 0.0, 0.0]",0.6
R06_head_on_vertical_offset,179,36.80000000000005,1,"[45.2799999999977, 50.0, 24.0]","[-0.4, 0.0, 0.0]",0.6
R06_head_on_vertical_offset,180,37.000000000000036,1,"[45.19999999999769, 50.0, 24.0]","[-0.4, 0.0, 0.0]",0.6
R06_head_on_vertical_offset,181,37.200000000000024,1,"[45.119999999997674, 50.0, 24.0]","[-0.4, 0.0, 0.0]",0.6
R06_head_on_vertical_offset,182,37.40000000000001,1,"[45.03999999999766, 50.0, 24.0]","[-0.4, 0.0, 0.0]",0.6
R06_head_on_vertical_offset,183,37.6,1,"[44.95999999999765, 50.0, 24.0]","[-0.4, 0.0, 0.0]",0.6
R06_head_on_vertical_offset,184,37.79999999999999,1,"[44.87999999999764, 50.0, 24.0]","[-0.4, 0.0, 0.0]",0.6
R06_head_on_vertical_offset,185,37.99999999999998,1,"[44.799999999997624, 50.0, 24.0]","[-0.4, 0.0, 0.0]",0.6
R06_head_on_vertical_offset,186,38.19999999999997,1,"[44.71999999999761, 50.0, 24.0]","[-0.4, 0.0, 0.0]",0.6
R06_head_on_vertical_offset,187,38.399999999999956,1,"[44.6399999999976, 50.0, 24.0]","[-0.4, 0.0, 0.0]",0.6
R06_head_on_vertical_offset,188,38.599999999999945,1,"[44.559999999997586, 50.0, 24.0]","[-0.4, 0.0, 0.0]",0.6
R06_head_on_vertical_offset,189,38.79999999999993,1,"[44.479999999997574, 50.0, 24.0]","[-0.4, 0.0, 0.0]",0.6
R06_head_on_vertical_offset,190,38.99999999999992,1,"[44.39999999999756, 50.0, 24.0]","[-0.4, 0.0, 0.0]",0.6
R06_head_on_vertical_offset,191,39.19999999999991,1,"[44.31999999999755, 50.0, 24.0]","[-0.4, 0.0, 0.0]",0.6
R06_head_on_vertical_offset,192,39.3999999999999,1,"[44.239999999997536, 50.0, 24.0]","[-0.4, 0.0, 0.0]",0.6
R06_head_on_vertical_offset,193,39.59999999999989,1,"[44.159999999997524, 50.0, 24.0]","[-0.4, 0.0, 0.0]",0.6
R06_head_on_vertical_offset,194,39.799999999999876,1,"[44.07999999999751, 50.0, 24.0]","[-0.4, 0.0, 0.0]",0.6
R06_head_on_vertical_offset,195,39.999999999999865,1,"[43.9999999999975, 50.0, 24.0]","[-0.4, 0.0, 0.0]",0.6
R06_head_on_vertical_offset,196,40.199999999999854,1,"[43.919999999997486, 50.0, 24.0]","[-0.4, 0.0, 0.0]",0.6
R06_head_on_vertical_offset,197,40.39999999999984,1,"[43.839999999997474, 50.0, 24.0]","[-0.4, 0.0, 0.0]",0.6
R06_head_on_vertical_offset,198,40.59999999999983,1,"[43.75999999999746, 50.0, 24.0]","[-0.4, 0.0, 0.0]",0.6
R06_head_on_vertical_offset,199,40.79999999999982,1,"[43.67999999999745, 50.0, 24.0]","[-0.4, 0.0, 0.0]",0.6
R06_head_on_vertical_offset,200,40.99999999999981,1,"[43.599999999997436, 50.0, 24.0]","[-0.4, 0.0, 0.0]",0.6
R06_head_on_vertical_offset,201,41.1999999999998,1,"[43.519999999997424, 50.0, 24.0]","[-0.4, 0.0, 0.0]",0.6
R06_head_on_vertical_offset,202,41.399999999999785,1,"[43.43999999999741, 50.0, 24.0]","[-0.4, 0.0, 0.0]",0.6
R06_head_on_vertical_offset,203,41.599999999999774,1,"[43.3599999999974, 50.0, 24.0]","[-0.4, 0.0, 0.0]",0.6
R06_head_on_vertical_offset,204,41.79999999999976,1,"[43.279999999997386, 50.0, 24.0]","[-0.4, 0.0, 0.0]",0.6
R06_head_on_vertical_offset,205,41.99999999999975,1,"[43.199999999997374, 50.0, 24.0]","[-0.4, 0.0, 0.0]",0.6
R06_head_on_vertical_offset,206,42.19999999999974,1,"[43.11999999999736, 50.0, 24.0]","[-0.4, 0.0, 0.0]",0.6
R06_head_on_vertical_offset,207,42.39999999999973,1,"[43.03999999999735, 50.0, 24.0]","[-0.4, 0.0, 0.0]",0.6
R06_head_on_vertical_offset,208,42.59999999999972,1,"[42.959999999997336, 50.0, 24.0]","[-0.4, 0.0, 0.0]",0.6
R06_head_on_vertical_offset,209,42.799999999999706,1,"[42.879999999997324, 50.0, 24.0]","[-0.4, 0.0, 0.0]",0.6
R06_head_on_vertical_offset,210,42.999999999999694,1,"[42.79999999999731, 50.0, 24.0]","[-0.4, 0.0, 0.0]",0.6
R06_head_on_vertical_offset,211,43.19999999999968,1,"[42.7199999999973, 50.0, 24.0]","[-0.4, 0.0, 0.0]",0.6
R06_head_on_vertical_offset,212,43.39999999999967,1,"[42.639999999997286, 50.0, 24.0]","[-0.4, 0.0, 0.0]",0.6
R06_head_on_vertical_offset,213,43.59999999999966,1,"[42.559999999997274, 50.0, 24.0]","[-0.4, 0.0, 0.0]",0.6
R06_head_on_vertical_offset,214,43.79999999999965,1,"[42.47999999999726, 50.0, 24.0]","[-0.4, 0.0, 0.0]",0.6
R06_head_on_vertical_offset,215,43.99999999999964,1,"[42.39999999999725, 50.0, 24.0]","[-0.4, 0.0, 0.0]",0.6
R06_head_on_vertical_offset,216,44.199999999999626,1,"[42.319999999997236, 50.0, 24.0]","[-0.4, 0.0, 0.0]",0.6
R06_head_on_vertical_offset,217,44.399999999999615,1,"[42.239999999997224, 50.0, 24.0]","[-0.4, 0.0, 0.0]",0.6
R06_head_on_vertical_offset,218,44.5999999999996,1,"[42.15999999999721, 50.0, 24.0]","[-0.4, 0.0, 0.0]",0.6
R06_head_on_vertical_offset,219,44.79999999999959,1,"[42.0799999999972, 50.0, 24.0]","[-0.4, 0.0, 0.0]",0.6
R06_head_on_vertical_offset,220,44.99999999999958,1,"[41.999999999997186, 50.0, 24.0]","[-0.4, 0.0, 0.0]",0.6
R06_head_on_vertical_offset,221,45.19999999999957,1,"[41.919999999997174, 50.0, 24.0]","[-0.4, 0.0, 0.0]",0.6
R06_head_on_vertical_offset,222,45.39999999999956,1,"[41.83999999999716, 50.0, 24.0]","[-0.4, 0.0, 0.0]",0.6
R06_head_on_vertical_offset,223,45.59999999999955,1,"[41.75999999999715, 50.0, 24.0]","[-0.4, 0.0, 0.0]",0.6
R06_head_on_vertical_offset,224,45.799999999999535,1,"[41.679999999997136, 50.0, 24.0]","[-0.4, 0.0, 0.0]",0.6
R06_head_on_vertical_offset,225,45.999999999999524,1,"[41.599999999997124, 50.0, 24.0]","[-0.4, 0.0, 0.0]",0.6
R06_head_on_vertical_offset,226,46.19999999999951,1,"[41.51999999999711, 50.0, 24.0]","[-0.4, 0.0, 0.0]",0.6
R06_head_on_vertical_offset,227,46.3999999999995,1,"[41.4399999999971, 50.0, 24.0]","[-0.4, 0.0, 0.0]",0.6
R06_head_on_vertical_offset,228,46.59999999999949,1,"[41.359999999997086, 50.0, 24.0]","[-0.4, 0.0, 0.0]",0.6
R06_head_on_vertical_offset,229,46.79999999999948,1,"[41.279999999997074, 50.0, 24.0]","[-0.4, 0.0, 0.0]",0.6
R06_head_on_vertical_offset,230,46.99999999999947,1,"[41.19999999999706, 50.0, 24.0]","[-0.4, 0.0, 0.0]",0.6
R06_head_on_vertical_offset,231,47.199999999999456,1,"[41.11999999999705, 50.0, 24.0]","[-0.4, 0.0, 0.0]",0.6
R06_head_on_vertical_offset,232,47.399999999999444,1,"[41.039999999997036, 50.0, 24.0]","[-0.4, 0.0, 0.0]",0.6
R06_head_on_vertical_offset,233,47.59999999999943,1,"[40.959999999997024, 50.0, 24.0]","[-0.4, 0.0, 0.0]",0.6
R06_head_on_vertical_offset,234,47.79999999999942,1,"[40.87999999999701, 50.0, 24.0]","[-0.4, 0.0, 0.0]",0.6
R06_head_on_vertical_offset,235,47.99999999999941,1,"[40.799999999997, 50.0, 24.0]","[-0.4, 0.0, 0.0]",0.6
R06_head_on_vertical_offset,236,48.1999999999994,1,"[40.719999999996986, 50.0, 24.0]","[-0.4, 0.0, 0.0]",0.6
R06_head_on_vertical_offset,237,48.39999999999939,1,"[40.639999999996974, 50.0, 24.0]","[-0.4, 0.0, 0.0]",0.6
R06_head_on_vertical_offset,238,48.599999999999376,1,"[40.55999999999696, 50.0, 24.0]","[-0.4, 0.0, 0.0]",0.6
R06_head_on_vertical_offset,239,48.799999999999365,1,"[40.47999999999695, 50.0, 24.0]","[-0.4, 0.0, 0.0]",0.6
R06_head_on_vertical_offset,240,48.99999999999935,1,"[40.399999999996936, 50.0, 24.0]","[-0.4, 0.0, 0.0]",0.6
R06_head_on_vertical_offset,241,49.19999999999934,1,"[40.319999999996924, 50.0, 24.0]","[-0.4, 0.0, 0.0]",0.6
R06_head_on_vertical_offset,242,49.39999999999933,1,"[40.23999999999691, 50.0, 24.0]","[-0.4, 0.0, 0.0]",0.6
R06_head_on_vertical_offset,243,49.59999999999932,1,"[40.1599999999969, 50.0, 24.0]","[-0.4, 0.0, 0.0]",0.6
R06_head_on_vertical_offset,244,49.79999999999931,1,"[40.079999999996886, 50.0, 24.0]","[-0.4, 0.0, 0.0]",0.6
R06_head_on_vertical_offset,245,49.9999999999993,1,"[39.999999999996874, 50.0, 24.0]","[-0.4, 0.0, 0.0]",0.6
R06_head_on_vertical_offset,246,50.199999999999285,1,"[39.91999999999686, 50.0, 24.0]","[-0.4, 0.0, 0.0]",0.6
R06_head_on_vertical_offset,247,50.399999999999274,1,"[39.83999999999685, 50.0, 24.0]","[-0.4, 0.0, 0.0]",0.6
R06_head_on_vertical_offset,248,50.59999999999926,1,"[39.759999999996836, 50.0, 24.0]","[-0.4, 0.0, 0.0]",0.6
R06_head_on_vertical_offset,249,50.79999999999925,1,"[39.679999999996824, 50.0, 24.0]","[-0.4, 0.0, 0.0]",0.6
R06_head_on_vertical_offset,250,50.99999999999924,1,"[39.59999999999681, 50.0, 24.0]","[-0.4, 0.0, 0.0]",0.6
R06_head_on_vertical_offset,251,51.19999999999923,1,"[39.5199999999968, 50.0, 24.0]","[-0.4, 0.0, 0.0]",0.6
R06_head_on_vertical_offset,252,51.39999999999922,1,"[39.439999999996786, 50.0, 24.0]","[-0.4, 0.0, 0.0]",0.6
R06_head_on_vertical_offset,253,51.599999999999206,1,"[39.359999999996774, 50.0, 24.0]","[-0.4, 0.0, 0.0]",0.6
R06_head_on_vertical_offset,254,51.799999999999194,1,"[39.27999999999676, 50.0, 24.0]","[-0.4, 0.0, 0.0]",0.6
R06_head_on_vertical_offset,255,51.99999999999918,1,"[39.19999999999675, 50.0, 24.0]","[-0.4, 0.0, 0.0]",0.6
R06_head_on_vertical_offset,256,52.19999999999917,1,"[39.119999999996736, 50.0, 24.0]","[-0.4, 0.0, 0.0]",0.6
R06_head_on_vertical_offset,257,52.39999999999916,1,"[39.03999999999672, 50.0, 24.0]","[-0.4, 0.0, 0.0]",0.6
R06_head_on_vertical_offset,258,52.59999999999915,1,"[38.95999999999671, 50.0, 24.0]","[-0.4, 0.0, 0.0]",0.6
R06_head_on_vertical_offset,259,52.79999999999914,1,"[38.8799999999967, 50.0, 24.0]","[-0.4, 0.0, 0.0]",0.6
R06_head_on_vertical_offset,260,52.999999999999126,1,"[38.799999999996686, 50.0, 24.0]","[-0.4, 0.0, 0.0]",0.6
R06_head_on_vertical_offset,261,53.199999999999115,1,"[38.71999999999667, 50.0, 24.0]","[-0.4, 0.0, 0.0]",0.6
R06_head_on_vertical_offset,262,53.3999999999991,1,"[38.63999999999666, 50.0, 24.0]","[-0.4, 0.0, 0.0]",0.6
R06_head_on_vertical_offset,263,53.59999999999909,1,"[38.55999999999665, 50.0, 24.0]","[-0.4, 0.0, 0.0]",0.6
R06_head_on_vertical_offset,264,53.79999999999908,1,"[38.479999999996636, 50.0, 24.0]","[-0.4, 0.0, 0.0]",0.6
R06_head_on_vertical_offset,265,53.99999999999907,1,"[38.39999999999662, 50.0, 24.0]","[-0.4, 0.0, 0.0]",0.6
R06_head_on_vertical_offset,266,54.19999999999906,1,"[38.31999999999661, 50.0, 24.0]","[-0.4, 0.0, 0.0]",0.6
R06_head_on_vertical_offset,267,54.39999999999905,1,"[38.2399999999966, 50.0, 24.0]","[-0.4, 0.0, 0.0]",0.6
R06_head_on_vertical_offset,268,54.599999999999035,1,"[38.159999999996586, 50.0, 24.0]","[-0.4, 0.0, 0.0]",0.6
R06_head_on_vertical_offset,269,54.799999999999024,1,"[38.07999999999657, 50.0, 24.0]","[-0.4, 0.0, 0.0]",0.6
R06_head_on_vertical_offset,270,54.99999999999901,1,"[37.99999999999656, 50.0, 24.0]","[-0.4, 0.0, 0.0]",0.6
R06_head_on_vertical_offset,271,55.199999999999,1,"[37.91999999999655, 50.0, 24.0]","[-0.4, 0.0, 0.0]",0.6
R06_head_on_vertical_offset,272,55.39999999999899,1,"[37.839999999996536, 50.0, 24.0]","[-0.4, 0.0, 0.0]",0.6
R06_head_on_vertical_offset,273,55.59999999999898,1,"[37.75999999999652, 50.0, 24.0]","[-0.4, 0.0, 0.0]",0.6
R06_head_on_vertical_offset,274,55.79999999999897,1,"[37.67999999999651, 50.0, 24.0]","[-0.4, 0.0, 0.0]",0.6
R06_head_on_vertical_offset,275,55.999999999998956,1,"[37.5999999999965, 50.0, 24.0]","[-0.4, 0.0, 0.0]",0.6
R06_head_on_vertical_offset,276,56.199999999998944,1,"[37.519999999996486, 50.0, 24.0]","[-0.4, 0.0, 0.0]",0.6
R06_head_on_vertical_offset,277,56.39999999999893,1,"[37.43999999999647, 50.0, 24.0]","[-0.4, 0.0, 0.0]",0.6
R06_head_on_vertical_offset,278,56.59999999999892,1,"[37.35999999999646, 50.0, 24.0]","[-0.4, 0.0, 0.0]",0.6
R06_head_on_vertical_offset,279,56.79999999999891,1,"[37.27999999999645, 50.0, 24.0]","[-0.4, 0.0, 0.0]",0.6
R06_head_on_vertical_offset,280,56.9999999999989,1,"[37.199999999996436, 50.0, 24.0]","[-0.4, 0.0, 0.0]",0.6
R06_head_on_vertical_offset,281,57.19999999999889,1,"[37.11999999999642, 50.0, 24.0]","[-0.4, 0.0, 0.0]",0.6
R06_head_on_vertical_offset,282,57.399999999998876,1,"[37.03999999999641, 50.0, 24.0]","[-0.4, 0.0, 0.0]",0.6
R06_head_on_vertical_offset,283,57.599999999998865,1,"[36.9599999999964, 50.0, 24.0]","[-0.4, 0.0, 0.0]",0.6
R06_head_on_vertical_offset,284,57.79999999999885,1,"[36.879999999996386, 50.0, 24.0]","[-0.4, 0.0, 0.0]",0.6
R06_head_on_vertical_offset,285,57.99999999999884,1,"[36.79999999999637, 50.0, 24.0]","[-0.4, 0.0, 0.0]",0.6
R06_head_on_vertical_offset,286,58.19999999999883,1,"[36.71999999999636, 50.0, 24.0]","[-0.4, 0.0, 0.0]",0.6
R06_head_on_vertical_offset,287,58.39999999999882,1,"[36.63999999999635, 50.0, 24.0]","[-0.4, 0.0, 0.0]",0.6
R06_head_on_vertical_offset,288,58.59999999999881,1,"[36.559999999996336, 50.0, 24.0]","[-0.4, 0.0, 0.0]",0.6
R06_head_on_vertical_offset,289,58.799999999998796,1,"[36.47999999999632, 50.0, 24.0]","[-0.4, 0.0, 0.0]",0.6
R06_head_on_vertical_offset,290,58.999999999998785,1,"[36.39999999999631, 50.0, 24.0]","[-0.4, 0.0, 0.0]",0.6
R06_head_on_vertical_offset,291,59.199999999998774,1,"[36.3199999999963, 50.0, 24.0]","[-0.4, 0.0, 0.0]",0.6
R06_head_on_vertical_offset,292,59.39999999999876,1,"[36.239999999996286, 50.0, 24.0]","[-0.4, 0.0, 0.0]",0.6
R06_head_on_vertical_offset,293,59.59999999999875,1,"[36.15999999999627, 50.0, 24.0]","[-0.4, 0.0, 0.0]",0.6
R06_head_on_vertical_offset,294,59.79999999999874,1,"[36.07999999999626, 50.0, 24.0]","[-0.4, 0.0, 0.0]",0.6
R06_head_on_vertical_offset,295,59.99999999999873,1,"[35.99999999999625, 50.0, 24.0]","[-0.4, 0.0, 0.0]",0.6
R06_head_on_vertical_offset,296,60.19999999999872,1,"[35.919999999996236, 50.0, 24.0]","[-0.4, 0.0, 0.0]",0.6
R06_head_on_vertical_offset,297,60.399999999998705,1,"[35.83999999999622, 50.0, 24.0]","[-0.4, 0.0, 0.0]",0.6
R06_head_on_vertical_offset,298,60.599999999998694,1,"[35.75999999999621, 50.0, 24.0]","[-0.4, 0.0, 0.0]",0.6
R06_head_on_vertical_offset,299,60.79999999999868,1,"[35.6799999999962, 50.0, 24.0]","[-0.4, 0.0, 0.0]",0.6
R06_head_on_vertical_offset,300,60.99999999999867,1,"[35.599999999996186, 50.0, 24.0]","[-0.4, 0.0, 0.0]",0.6
R06_head_on_vertical_offset,301,61.19999999999866,1,"[35.51999999999617, 50.0, 24.0]","[-0.4, 0.0, 0.0]",0.6
R06_head_on_vertical_offset,302,61.39999999999865,1,"[35.43999999999616, 50.0, 24.0]","[-0.4, 0.0, 0.0]",0.6
R06_head_on_vertical_offset,303,61.59999999999864,1,"[35.35999999999615, 50.0, 24.0]","[-0.4, 0.0, 0.0]",0.6
R06_head_on_vertical_offset,304,61.799999999998626,1,"[35.279999999996136, 50.0, 24.0]","[-0.4, 0.0, 0.0]",0.6
R06_head_on_vertical_offset,305,61.999999999998614,1,"[35.19999999999612, 50.0, 24.0]","[-0.4, 0.0, 0.0]",0.6
R06_head_on_vertical_offset,306,62.1999999999986,1,"[35.11999999999611, 50.0, 24.0]","[-0.4, 0.0, 0.0]",0.6
R06_head_on_vertical_offset,307,62.39999999999859,1,"[35.0399999999961, 50.0, 24.0]","[-0.4, 0.0, 0.0]",0.6
R06_head_on_vertical_offset,308,62.59999999999858,1,"[34.959999999996086, 50.0, 24.0]","[-0.4, 0.0, 0.0]",0.6
R06_head_on_vertical_offset,309,62.79999999999857,1,"[34.87999999999607, 50.0, 24.0]","[-0.4, 0.0, 0.0]",0.6
R06_head_on_vertical_offset,310,62.99999999999856,1,"[34.79999999999606, 50.0, 24.0]","[-0.4, 0.0, 0.0]",0.6
R06_head_on_vertical_offset,311,63.199999999998546,1,"[34.71999999999605, 50.0, 24.0]","[-0.4, 0.0, 0.0]",0.6
R06_head_on_vertical_offset,312,63.399999999998535,1,"[34.639999999996036, 50.0, 24.0]","[-0.4, 0.0, 0.0]",0.6
R06_head_on_vertical_offset,313,63.59999999999852,1,"[34.55999999999602, 50.0, 24.0]","[-0.4, 0.0, 0.0]",0.6
R06_head_on_vertical_offset,314,63.79999999999851,1,"[34.47999999999601, 50.0, 24.0]","[-0.4, 0.0, 0.0]",0.6
R06_head_on_vertical_offset,315,63.9999999999985,1,"[34.399999999996, 50.0, 24.0]","[-0.4, 0.0, 0.0]",0.6
R06_head_on_vertical_offset,316,64.1999999999985,1,"[34.319999999995986, 50.0, 24.0]","[-0.4, 0.0, 0.0]",0.6
R06_head_on_vertical_offset,317,64.39999999999849,1,"[34.23999999999597, 50.0, 24.0]","[-0.4, 0.0, 0.0]",0.6
R06_head_on_vertical_offset,318,64.59999999999847,1,"[34.15999999999596, 50.0, 24.0]","[-0.4, 0.0, 0.0]",0.6
R06_head_on_vertical_offset,319,64.79999999999846,1,"[34.07999999999595, 50.0, 24.0]","[-0.4, 0.0, 0.0]",0.6
R06_head_on_vertical_offset,320,64.99999999999845,1,"[33.999999999995936, 50.0, 24.0]","[-0.4, 0.0, 0.0]",0.6
R06_head_on_vertical_offset,321,65.19999999999844,1,"[33.91999999999592, 50.0, 24.0]","[-0.4, 0.0, 0.0]",0.6
R06_head_on_vertical_offset,322,65.39999999999843,1,"[33.83999999999591, 50.0, 24.0]","[-0.4, 0.0, 0.0]",0.6
R06_head_on_vertical_offset,323,65.59999999999842,1,"[33.7599999999959, 50.0, 24.0]","[-0.4, 0.0, 0.0]",0.6
R06_head_on_vertical_offset,324,65.7999999999984,1,"[33.679999999995886, 50.0, 24.0]","[-0.4, 0.0, 0.0]",0.6
R06_head_on_vertical_offset,325,65.9999999999984,1,"[33.59999999999587, 50.0, 24.0]","[-0.4, 0.0, 0.0]",0.6
R06_head_on_vertical_offset,326,66.19999999999838,1,"[33.51999999999586, 50.0, 24.0]","[-0.4, 0.0, 0.0]",0.6
R06_head_on_vertical_offset,327,66.39999999999837,1,"[33.43999999999585, 50.0, 24.0]","[-0.4, 0.0, 0.0]",0.6
R06_head_on_vertical_offset,328,66.59999999999836,1,"[33.359999999995836, 50.0, 24.0]","[-0.4, 0.0, 0.0]",0.6
R06_head_on_vertical_offset,329,66.79999999999835,1,"[33.27999999999582, 50.0, 24.0]","[-0.4, 0.0, 0.0]",0.6
R06_head_on_vertical_offset,330,66.99999999999834,1,"[33.19999999999581, 50.0, 24.0]","[-0.4, 0.0, 0.0]",0.6
R06_head_on_vertical_offset,331,67.19999999999833,1,"[33.1199999999958, 50.0, 24.0]","[-0.4, 0.0, 0.0]",0.6
R06_head_on_vertical_offset,332,67.39999999999831,1,"[33.039999999995786, 50.0, 24.0]","[-0.4, 0.0, 0.0]",0.6
R06_head_on_vertical_offset,333,67.5999999999983,1,"[32.95999999999577, 50.0, 24.0]","[-0.4, 0.0, 0.0]",0.6
R06_head_on_vertical_offset,334,67.79999999999829,1,"[32.87999999999576, 50.0, 24.0]","[-0.4, 0.0, 0.0]",0.6
R06_head_on_vertical_offset,335,67.99999999999828,1,"[32.79999999999575, 50.0, 24.0]","[-0.4, 0.0, 0.0]",0.6
R06_head_on_vertical_offset,336,68.19999999999827,1,"[32.719999999995736, 50.0, 24.0]","[-0.4, 0.0, 0.0]",0.6
R06_head_on_vertical_offset,337,68.39999999999826,1,"[32.63999999999572, 50.0, 24.0]","[-0.4, 0.0, 0.0]",0.6
R06_head_on_vertical_offset,338,68.59999999999825,1,"[32.55999999999571, 50.0, 24.0]","[-0.4, 0.0, 0.0]",0.6
R06_head_on_vertical_offset,339,68.79999999999824,1,"[32.4799999999957, 50.0, 24.0]","[-0.4, 0.0, 0.0]",0.6
R06_head_on_vertical_offset,340,68.99999999999822,1,"[32.399999999995686, 50.0, 24.0]","[-0.4, 0.0, 0.0]",0.6
R06_head_on_vertical_offset,341,69.19999999999821,1,"[32.31999999999567, 50.0, 24.0]","[-0.4, 0.0, 0.0]",0.6
R06_head_on_vertical_offset,342,69.3999999999982,1,"[32.23999999999566, 50.0, 24.0]","[-0.4, 0.0, 0.0]",0.6
R06_head_on_vertical_offset,343,69.59999999999819,1,"[32.15999999999565, 50.0, 24.0]","[-0.4, 0.0, 0.0]",0.6
R06_head_on_vertical_offset,344,69.79999999999818,1,"[32.079999999995636, 50.0, 24.0]","[-0.4, 0.0, 0.0]",0.6
R06_head_on_vertical_offset,345,69.99999999999817,1,"[31.999999999995627, 50.0, 24.0]","[-0.4, 0.0, 0.0]",0.6
R06_head_on_vertical_offset,346,70.19999999999816,1,"[31.91999999999563, 50.0, 24.0]","[-0.4, 0.0, 0.0]",0.6
R06_head_on_vertical_offset,347,70.39999999999814,1,"[31.83999999999563, 50.0, 24.0]","[-0.4, 0.0, 0.0]",0.6
R06_head_on_vertical_offset,348,70.59999999999813,1,"[31.75999999999563, 50.0, 24.0]","[-0.4, 0.0, 0.0]",0.6
R06_head_on_vertical_offset,349,70.79999999999812,1,"[31.679999999995633, 50.0, 24.0]","[-0.4, 0.0, 0.0]",0.6
R06_head_on_vertical_offset,350,70.99999999999811,1,"[31.599999999995635, 50.0, 24.0]","[-0.4, 0.0, 0.0]",0.6
R06_head_on_vertical_offset,351,71.1999999999981,1,"[31.519999999995637, 50.0, 24.0]","[-0.4, 0.0, 0.0]",0.6
R06_head_on_vertical_offset,352,71.39999999999809,1,"[31.43999999999564, 50.0, 24.0]","[-0.4, 0.0, 0.0]",0.6
R06_head_on_vertical_offset,353,71.59999999999808,1,"[31.35999999999564, 50.0, 24.0]","[-0.4, 0.0, 0.0]",0.6
R06_head_on_vertical_offset,354,71.79999999999806,1,"[31.279999999995642, 50.0, 24.0]","[-0.4, 0.0, 0.0]",0.6
R06_head_on_vertical_offset,355,71.99999999999805,1,"[31.199999999995644, 50.0, 24.0]","[-0.4, 0.0, 0.0]",0.6
R06_head_on_vertical_offset,356,72.19999999999804,1,"[31.119999999995645, 50.0, 24.0]","[-0.4, 0.0, 0.0]",0.6
R06_head_on_vertical_offset,357,72.39999999999803,1,"[31.039999999995647, 50.0, 24.0]","[-0.4, 0.0, 0.0]",0.6
R06_head_on_vertical_offset,358,72.59999999999802,1,"[30.95999999999565, 50.0, 24.0]","[-0.4, 0.0, 0.0]",0.6
R06_head_on_vertical_offset,359,72.79999999999801,1,"[30.87999999999565, 50.0, 24.0]","[-0.4, 0.0, 0.0]",0.6
R06_head_on_vertical_offset,360,72.999999999998,1,"[30.799999999995652, 50.0, 24.0]","[-0.4, 0.0, 0.0]",0.6
R06_head_on_vertical_offset,361,73.19999999999798,1,"[30.719999999995654, 50.0, 24.0]","[-0.4, 0.0, 0.0]",0.6
R06_head_on_vertical_offset,362,73.39999999999797,1,"[30.639999999995656, 50.0, 24.0]","[-0.4, 0.0, 0.0]",0.6
R06_head_on_vertical_offset,363,73.59999999999796,1,"[30.559999999995657, 50.0, 24.0]","[-0.4, 0.0, 0.0]",0.6
R06_head_on_vertical_offset,364,73.79999999999795,1,"[30.47999999999566, 50.0, 24.0]","[-0.4, 0.0, 0.0]",0.6
R06_head_on_vertical_offset,365,73.99999999999794,1,"[30.39999999999566, 50.0, 24.0]","[-0.4, 0.0, 0.0]",0.6
R06_head_on_vertical_offset,366,74.19999999999793,1,"[30.319999999995662, 50.0, 24.0]","[-0.4, 0.0, 0.0]",0.6
R06_head_on_vertical_offset,367,74.39999999999792,1,"[30.239999999995664, 50.0, 24.0]","[-0.4, 0.0, 0.0]",0.6
R06_head_on_vertical_offset,368,74.5999999999979,1,"[30.159999999995666, 50.0, 24.0]","[-0.4, 0.0, 0.0]",0.6
R06_head_on_vertical_offset,369,74.7999999999979,1,"[30.079999999995668, 50.0, 24.0]","[-0.4, 0.0, 0.0]",0.6
R06_head_on_vertical_offset,370,74.99999999999788,1,"[29.99999999999567, 50.0, 24.0]","[-0.4, 0.0, 0.0]",0.6
R06_head_on_vertical_offset,371,75.19999999999787,1,"[29.91999999999567, 50.0, 24.0]","[-0.4, 0.0, 0.0]",0.6
R06_head_on_vertical_offset,372,75.39999999999786,1,"[29.839999999995673, 50.0, 24.0]","[-0.4, 0.0, 0.0]",0.6
R06_head_on_vertical_offset,373,75.59999999999785,1,"[29.759999999995674, 50.0, 24.0]","[-0.4, 0.0, 0.0]",0.6
R06_head_on_vertical_offset,374,75.79999999999784,1,"[29.679999999995676, 50.0, 24.0]","[-0.4, 0.0, 0.0]",0.6
R06_head_on_vertical_offset,375,75.99999999999783,1,"[29.599999999995678, 50.0, 24.0]","[-0.4, 0.0, 0.0]",0.6
R06_head_on_vertical_offset,376,76.19999999999781,1,"[29.51999999999568, 50.0, 24.0]","[-0.4, 0.0, 0.0]",0.6
R06_head_on_vertical_offset,377,76.3999999999978,1,"[29.43999999999568, 50.0, 24.0]","[-0.4, 0.0, 0.0]",0.6
R06_head_on_vertical_offset,378,76.59999999999779,1,"[29.359999999995683, 50.0, 24.0]","[-0.4, 0.0, 0.0]",0.6
R06_head_on_vertical_offset,379,76.79999999999778,1,"[29.279999999995685, 50.0, 24.0]","[-0.4, 0.0, 0.0]",0.6
R06_head_on_vertical_offset,380,76.99999999999777,1,"[29.199999999995686, 50.0, 24.0]","[-0.4, 0.0, 0.0]",0.6
R06_head_on_vertical_offset,381,77.19999999999776,1,"[29.119999999995688, 50.0, 24.0]","[-0.4, 0.0, 0.0]",0.6
R06_head_on_vertical_offset,382,77.39999999999775,1,"[29.03999999999569, 50.0, 24.0]","[-0.4, 0.0, 0.0]",0.6
R06_head_on_vertical_offset,383,77.59999999999773,1,"[28.95999999999569, 50.0, 24.0]","[-0.4, 0.0, 0.0]",0.6
R06_head_on_vertical_offset,384,77.79999999999772,1,"[28.879999999995693, 50.0, 24.0]","[-0.4, 0.0, 0.0]",0.6
R06_head_on_vertical_offset,385,77.99999999999771,1,"[28.799999999995695, 50.0, 24.0]","[-0.4, 0.0, 0.0]",0.6
R06_head_on_vertical_offset,386,78.1999999999977,1,"[28.719999999995697, 50.0, 24.0]","[-0.4, 0.0, 0.0]",0.6
R06_head_on_vertical_offset,387,78.39999999999769,1,"[28.6399999999957, 50.0, 24.0]","[-0.4, 0.0, 0.0]",0.6
R06_head_on_vertical_offset,388,78.59999999999768,1,"[28.5599999999957, 50.0, 24.0]","[-0.4, 0.0, 0.0]",0.6
R06_head_on_vertical_offset,389,78.79999999999767,1,"[28.4799999999957, 50.0, 24.0]","[-0.4, 0.0, 0.0]",0.6
R06_head_on_vertical_offset,390,78.99999999999766,1,"[28.399999999995703, 50.0, 24.0]","[-0.4, 0.0, 0.0]",0.6
R06_head_on_vertical_offset,391,79.19999999999764,1,"[28.319999999995705, 50.0, 24.0]","[-0.4, 0.0, 0.0]",0.6
R06_head_on_vertical_offset,392,79.39999999999763,1,"[28.239999999995707, 50.0, 24.0]","[-0.4, 0.0, 0.0]",0.6
R06_head_on_vertical_offset,393,79.59999999999762,1,"[28.15999999999571, 50.0, 24.0]","[-0.4, 0.0, 0.0]",0.6
R06_head_on_vertical_offset,394,79.79999999999761,1,"[28.07999999999571, 50.0, 24.0]","[-0.4, 0.0, 0.0]",0.6
R06_head_on_vertical_offset,395,79.9999999999976,1,"[27.999999999995712, 50.0, 24.0]","[-0.4, 0.0, 0.0]",0.6
R06_head_on_vertical_offset,396,80.19999999999759,1,"[27.919999999995714, 50.0, 24.0]","[-0.4, 0.0, 0.0]",0.6
R06_head_on_vertical_offset,397,80.39999999999758,1,"[27.839999999995715, 50.0, 24.0]","[-0.4, 0.0, 0.0]",0.6
R06_head_on_vertical_offset,398,80.59999999999756,1,"[27.759999999995717, 50.0, 24.0]","[-0.4, 0.0, 0.0]",0.6
R06_head_on_vertical_offset,399,80.79999999999755,1,"[27.67999999999572, 50.0, 24.0]","[-0.4, 0.0, 0.0]",0.6
R06_head_on_vertical_offset,400,80.99999999999754,1,"[27.59999999999572, 50.0, 24.0]","[-0.4, 0.0, 0.0]",0.6
R06_head_on_vertical_offset,401,81.19999999999753,1,"[27.519999999995722, 50.0, 24.0]","[-0.4, 0.0, 0.0]",0.6
R06_head_on_vertical_offset,402,81.39999999999752,1,"[27.439999999995724, 50.0, 24.0]","[-0.4, 0.0, 0.0]",0.6
R06_head_on_vertical_offset,403,81.59999999999751,1,"[27.359999999995726, 50.0, 24.0]","[-0.4, 0.0, 0.0]",0.6
R06_head_on_vertical_offset,404,81.7999999999975,1,"[27.279999999995727, 50.0, 24.0]","[-0.4, 0.0, 0.0]",0.6
R06_head_on_vertical_offset,405,81.99999999999748,1,"[27.19999999999573, 50.0, 24.0]","[-0.4, 0.0, 0.0]",0.6
R06_head_on_vertical_offset,406,82.19999999999747,1,"[27.11999999999573, 50.0, 24.0]","[-0.4, 0.0, 0.0]",0.6
R06_head_on_vertical_offset,407,82.39999999999746,1,"[27.039999999995732, 50.0, 24.0]","[-0.4, 0.0, 0.0]",0.6
R06_head_on_vertical_offset,408,82.59999999999745,1,"[26.959999999995734, 50.0, 24.0]","[-0.4, 0.0, 0.0]",0.6
R06_head_on_vertical_offset,409,82.79999999999744,1,"[26.879999999995736, 50.0, 24.0]","[-0.4, 0.0, 0.0]",0.6
R06_head_on_vertical_offset,410,82.99999999999743,1,"[26.799999999995737, 50.0, 24.0]","[-0.4, 0.0, 0.0]",0.6
R06_head_on_vertical_offset,411,83.19999999999742,1,"[26.71999999999574, 50.0, 24.0]","[-0.4, 0.0, 0.0]",0.6
R06_head_on_vertical_offset,412,83.3999999999974,1,"[26.63999999999574, 50.0, 24.0]","[-0.4, 0.0, 0.0]",0.6
R06_head_on_vertical_offset,413,83.5999999999974,1,"[26.559999999995743, 50.0, 24.0]","[-0.4, 0.0, 0.0]",0.6
R06_head_on_vertical_offset,414,83.79999999999738,1,"[26.479999999995744, 50.0, 24.0]","[-0.4, 0.0, 0.0]",0.6
R06_head_on_vertical_offset,415,83.99999999999737,1,"[26.399999999995746, 50.0, 24.0]","[-0.4, 0.0, 0.0]",0.6
R06_head_on_vertical_offset,416,84.19999999999736,1,"[26.319999999995748, 50.0, 24.0]","[-0.4, 0.0, 0.0]",0.6
R06_head_on_vertical_offset,417,84.39999999999735,1,"[26.23999999999575, 50.0, 24.0]","[-0.4, 0.0, 0.0]",0.6
R06_head_on_vertical_offset,418,84.59999999999734,1,"[26.15999999999575, 50.0, 24.0]","[-0.4, 0.0, 0.0]",0.6
R06_head_on_vertical_offset,419,84.79999999999733,1,"[26.079999999995753, 50.0, 24.0]","[-0.4, 0.0, 0.0]",0.6
R06_head_on_vertical_offset,420,84.99999999999731,1,"[25.999999999995755, 50.0, 24.0]","[-0.4, 0.0, 0.0]",0.6
R06_head_on_vertical_offset,421,85.1999999999973,1,"[25.919999999995756, 50.0, 24.0]","[-0.4, 0.0, 0.0]",0.6
R06_head_on_vertical_offset,422,85.39999999999729,1,"[25.839999999995758, 50.0, 24.0]","[-0.4, 0.0, 0.0]",0.6
R06_head_on_vertical_offset,423,85.59999999999728,1,"[25.75999999999576, 50.0, 24.0]","[-0.4, 0.0, 0.0]",0.6
R06_head_on_vertical_offset,424,85.79999999999727,1,"[25.67999999999576, 50.0, 24.0]","[-0.4, 0.0, 0.0]",0.6
R06_head_on_vertical_offset,425,85.99999999999726,1,"[25.599999999995763, 50.0, 24.0]","[-0.4, 0.0, 0.0]",0.6
R06_head_on_vertical_offset,426,86.19999999999725,1,"[25.519999999995765, 50.0, 24.0]","[-0.4, 0.0, 0.0]",0.6
R06_head_on_vertical_offset,427,86.39999999999723,1,"[25.439999999995766, 50.0, 24.0]","[-0.4, 0.0, 0.0]",0.6
R06_head_on_vertical_offset,428,86.59999999999722,1,"[25.359999999995768, 50.0, 24.0]","[-0.4, 0.0, 0.0]",0.6
R06_head_on_vertical_offset,429,86.79999999999721,1,"[25.27999999999577, 50.0, 24.0]","[-0.4, 0.0, 0.0]",0.6
R06_head_on_vertical_offset,430,86.9999999999972,1,"[25.19999999999577, 50.0, 24.0]","[-0.4, 0.0, 0.0]",0.6
R06_head_on_vertical_offset,431,87.19999999999719,1,"[25.119999999995773, 50.0, 24.0]","[-0.4, 0.0, 0.0]",0.6
R06_head_on_vertical_offset,432,87.39999999999718,1,"[25.039999999995775, 50.0, 24.0]","[-0.4, 0.0, 0.0]",0.6
R06_head_on_vertical_offset,433,87.59999999999717,1,"[24.959999999995777, 50.0, 24.0]","[-0.4, 0.0, 0.0]",0.6
R06_head_on_vertical_offset,434,87.79999999999715,1,"[24.87999999999578, 50.0, 24.0]","[-0.4, 0.0, 0.0]",0.6
R06_head_on_vertical_offset,435,87.99999999999714,1,"[24.79999999999578, 50.0, 24.0]","[-0.4, 0.0, 0.0]",0.6
R06_head_on_vertical_offset,436,88.19999999999713,1,"[24.719999999995782, 50.0, 24.0]","[-0.4, 0.0, 0.0]",0.6
R06_head_on_vertical_offset,437,88.39999999999712,1,"[24.639999999995783, 50.0, 24.0]","[-0.4, 0.0, 0.0]",0.6
R06_head_on_vertical_offset,438,88.59999999999711,1,"[24.559999999995785, 50.0, 24.0]","[-0.4, 0.0, 0.0]",0.6
R06_head_on_vertical_offset,439,88.7999999999971,1,"[24.479999999995787, 50.0, 24.0]","[-0.4, 0.0, 0.0]",0.6
R06_head_on_vertical_offset,440,88.99999999999709,1,"[24.39999999999579, 50.0, 24.0]","[-0.4, 0.0, 0.0]",0.6
R06_head_on_vertical_offset,441,89.19999999999708,1,"[24.31999999999579, 50.0, 24.0]","[-0.4, 0.0, 0.0]",0.6
R06_head_on_vertical_offset,442,89.39999999999706,1,"[24.239999999995792, 50.0, 24.0]","[-0.4, 0.0, 0.0]",0.6
R06_head_on_vertical_offset,443,89.59999999999705,1,"[24.159999999995794, 50.0, 24.0]","[-0.4, 0.0, 0.0]",0.6
R06_head_on_vertical_offset,444,89.79999999999704,1,"[24.079999999995795, 50.0, 24.0]","[-0.4, 0.0, 0.0]",0.6
R06_head_on_vertical_offset,445,89.99999999999703,1,"[23.999999999995797, 50.0, 24.0]","[-0.4, 0.0, 0.0]",0.6
R06_head_on_vertical_offset,446,90.19999999999702,1,"[23.9199999999958, 50.0, 24.0]","[-0.4, 0.0, 0.0]",0.6
R06_head_on_vertical_offset,447,90.39999999999701,1,"[23.8399999999958, 50.0, 24.0]","[-0.4, 0.0, 0.0]",0.6
R06_head_on_vertical_offset,448,90.599999999997,1,"[23.759999999995802, 50.0, 24.0]","[-0.4, 0.0, 0.0]",0.6
R06_head_on_vertical_offset,449,90.79999999999698,1,"[23.679999999995804, 50.0, 24.0]","[-0.4, 0.0, 0.0]",0.6
R06_head_on_vertical_offset,450,90.99999999999697,1,"[23.599999999995806, 50.0, 24.0]","[-0.4, 0.0, 0.0]",0.6
R06_head_on_vertical_offset,451,91.19999999999696,1,"[23.519999999995807, 50.0, 24.0]","[-0.4, 0.0, 0.0]",0.6
R06_head_on_vertical_offset,452,91.39999999999695,1,"[23.43999999999581, 50.0, 24.0]","[-0.4, 0.0, 0.0]",0.6
R06_head_on_vertical_offset,453,91.59999999999694,1,"[23.35999999999581, 50.0, 24.0]","[-0.4, 0.0, 0.0]",0.6
R06_head_on_vertical_offset,454,91.79999999999693,1,"[23.279999999995812, 50.0, 24.0]","[-0.4, 0.0, 0.0]",0.6
R06_head_on_vertical_offset,455,91.99999999999692,1,"[23.199999999995814, 50.0, 24.0]","[-0.4, 0.0, 0.0]",0.6
R06_head_on_vertical_offset,456,92.1999999999969,1,"[23.119999999995816, 50.0, 24.0]","[-0.4, 0.0, 0.0]",0.6
R06_head_on_vertical_offset,457,92.3999999999969,1,"[23.039999999995818, 50.0, 24.0]","[-0.4, 0.0, 0.0]",0.6
R06_head_on_vertical_offset,458,92.59999999999688,1,"[22.95999999999582, 50.0, 24.0]","[-0.4, 0.0, 0.0]",0.6
R06_head_on_vertical_offset,459,92.79999999999687,1,"[22.87999999999582, 50.0, 24.0]","[-0.4, 0.0, 0.0]",0.6
R06_head_on_vertical_offset,460,92.99999999999686,1,"[22.799999999995823, 50.0, 24.0]","[-0.4, 0.0, 0.0]",0.6
R06_head_on_vertical_offset,461,93.19999999999685,1,"[22.719999999995824, 50.0, 24.0]","[-0.4, 0.0, 0.0]",0.6
R06_head_on_vertical_offset,462,93.39999999999684,1,"[22.639999999995826, 50.0, 24.0]","[-0.4, 0.0, 0.0]",0.6
R06_head_on_vertical_offset,463,93.59999999999683,1,"[22.559999999995828, 50.0, 24.0]","[-0.4, 0.0, 0.0]",0.6
R06_head_on_vertical_offset,464,93.79999999999681,1,"[22.47999999999583, 50.0, 24.0]","[-0.4, 0.0, 0.0]",0.6
R06_head_on_vertical_offset,465,93.9999999999968,1,"[22.39999999999583, 50.0, 24.0]","[-0.4, 0.0, 0.0]",0.6
R06_head_on_vertical_offset,466,94.19999999999679,1,"[22.319999999995833, 50.0, 24.0]","[-0.4, 0.0, 0.0]",0.6
R06_head_on_vertical_offset,467,94.39999999999678,1,"[22.239999999995835, 50.0, 24.0]","[-0.4, 0.0, 0.0]",0.6
R06_head_on_vertical_offset,468,94.59999999999677,1,"[22.159999999995836, 50.0, 24.0]","[-0.4, 0.0, 0.0]",0.6
R06_head_on_vertical_offset,469,94.79999999999676,1,"[22.079999999995838, 50.0, 24.0]","[-0.4, 0.0, 0.0]",0.6
R06_head_on_vertical_offset,470,94.99999999999675,1,"[21.99999999999584, 50.0, 24.0]","[-0.4, 0.0, 0.0]",0.6
R06_head_on_vertical_offset,471,95.19999999999673,1,"[21.91999999999584, 50.0, 24.0]","[-0.4, 0.0, 0.0]",0.6
R06_head_on_vertical_offset,472,95.39999999999672,1,"[21.839999999995843, 50.0, 24.0]","[-0.4, 0.0, 0.0]",0.6
R06_head_on_vertical_offset,473,95.59999999999671,1,"[21.759999999995845, 50.0, 24.0]","[-0.4, 0.0, 0.0]",0.6
R06_head_on_vertical_offset,474,95.7999999999967,1,"[21.679999999995847, 50.0, 24.0]","[-0.4, 0.0, 0.0]",0.6
R06_head_on_vertical_offset,475,95.99999999999669,1,"[21.59999999999585, 50.0, 24.0]","[-0.4, 0.0, 0.0]",0.6
R06_head_on_vertical_offset,476,96.19999999999668,1,"[21.51999999999585, 50.0, 24.0]","[-0.4, 0.0, 0.0]",0.6
R06_head_on_vertical_offset,477,96.39999999999667,1,"[21.43999999999585, 50.0, 24.0]","[-0.4, 0.0, 0.0]",0.6
R06_head_on_vertical_offset,478,96.59999999999665,1,"[21.359999999995853, 50.0, 24.0]","[-0.4, 0.0, 0.0]",0.6
R06_head_on_vertical_offset,479,96.79999999999664,1,"[21.279999999995855, 50.0, 24.0]","[-0.4, 0.0, 0.0]",0.6
R06_head_on_vertical_offset,480,96.99999999999663,1,"[21.199999999995857, 50.0, 24.0]","[-0.4, 0.0, 0.0]",0.6
R06_head_on_vertical_offset,481,97.19999999999662,1,"[21.11999999999586, 50.0, 24.0]","[-0.4, 0.0, 0.0]",0.6
R06_head_on_vertical_offset,482,97.39999999999661,1,"[21.03999999999586, 50.0, 24.0]","[-0.4, 0.0, 0.0]",0.6
R06_head_on_vertical_offset,483,97.5999999999966,1,"[20.959999999995862, 50.0, 24.0]","[-0.4, 0.0, 0.0]",0.6
R06_head_on_vertical_offset,484,97.79999999999659,1,"[20.879999999995864, 50.0, 24.0]","[-0.4, 0.0, 0.0]",0.6
R06_head_on_vertical_offset,485,97.99999999999658,1,"[20.799999999995865, 50.0, 24.0]","[-0.4, 0.0, 0.0]",0.6
R06_head_on_vertical_offset,486,98.19999999999656,1,"[20.719999999995867, 50.0, 24.0]","[-0.4, 0.0, 0.0]",0.6
R06_head_on_vertical_offset,487,98.39999999999655,1,"[20.63999999999587, 50.0, 24.0]","[-0.4, 0.0, 0.0]",0.6
R06_head_on_vertical_offset,488,98.59999999999654,1,"[20.55999999999587, 50.0, 24.0]","[-0.4, 0.0, 0.0]",0.6
R06_head_on_vertical_offset,489,98.79999999999653,1,"[20.479999999995872, 50.0, 24.0]","[-0.4, 0.0, 0.0]",0.6
R06_head_on_vertical_offset,490,98.99999999999652,1,"[20.399999999995874, 50.0, 24.0]","[-0.4, 0.0, 0.0]",0.6
R06_head_on_vertical_offset,491,99.1999999999965,1,"[20.319999999995876, 50.0, 24.0]","[-0.4, 0.0, 0.0]",0.6
R06_head_on_vertical_offset,492,99.3999999999965,1,"[20.239999999995877, 50.0, 24.0]","[-0.4, 0.0, 0.0]",0.6
R06_head_on_vertical_offset,493,99.59999999999648,1,"[20.15999999999588, 50.0, 24.0]","[-0.4, 0.0, 0.0]",0.6
R06_head_on_vertical_offset,494,99.79999999999647,1,"[20.07999999999588, 50.0, 24.0]","[-0.4, 0.0, 0.0]",0.6
R06_head_on_vertical_offset,495,99.99999999999646,1,"[19.999999999995882, 50.0, 24.0]","[-0.4, 0.0, 0.0]",0.6
R06_head_on_vertical_offset,496,100.19999999999645,1,"[19.919999999995884, 50.0, 24.0]","[-0.4, 0.0, 0.0]",0.6
R06_head_on_vertical_offset,497,100.39999999999644,1,"[19.839999999995886, 50.0, 24.0]","[-0.4, 0.0, 0.0]",0.6
R06_head_on_vertical_offset,498,100.59999999999643,1,"[19.759999999995888, 50.0, 24.0]","[-0.4, 0.0, 0.0]",0.6
R06_head_on_vertical_offset,499,100.79999999999642,1,"[19.67999999999589, 50.0, 24.0]","[-0.4, 0.0, 0.0]",0.6
R06_head_on_vertical_offset,500,100.9999999999964,1,"[19.59999999999589, 50.0, 24.0]","[-0.4, 0.0, 0.0]",0.6
R06_head_on_vertical_offset,501,101.1999999999964,1,"[19.519999999995893, 50.0, 24.0]","[-0.4, 0.0, 0.0]",0.6
R06_head_on_vertical_offset,502,101.39999999999638,1,"[19.439999999995894, 50.0, 24.0]","[-0.4, 0.0, 0.0]",0.6
R06_head_on_vertical_offset,503,101.59999999999637,1,"[19.359999999995896, 50.0, 24.0]","[-0.4, 0.0, 0.0]",0.6
R06_head_on_vertical_offset,504,101.79999999999636,1,"[19.279999999995898, 50.0, 24.0]","[-0.4, 0.0, 0.0]",0.6
R06_head_on_vertical_offset,505,101.99999999999635,1,"[19.1999999999959, 50.0, 24.0]","[-0.4, 0.0, 0.0]",0.6
R06_head_on_vertical_offset,506,102.19999999999634,1,"[19.1199999999959, 50.0, 24.0]","[-0.4, 0.0, 0.0]",0.6
R06_head_on_vertical_offset,507,102.39999999999633,1,"[19.039999999995903, 50.0, 24.0]","[-0.4, 0.0, 0.0]",0.6
R06_head_on_vertical_offset,508,102.59999999999631,1,"[18.959999999995905, 50.0, 24.0]","[-0.4, 0.0, 0.0]",0.6
R06_head_on_vertical_offset,509,102.7999999999963,1,"[18.879999999995906, 50.0, 24.0]","[-0.4, 0.0, 0.0]",0.6
R06_head_on_vertical_offset,510,102.99999999999629,1,"[18.799999999995908, 50.0, 24.0]","[-0.4, 0.0, 0.0]",0.6
R06_head_on_vertical_offset,511,103.19999999999628,1,"[18.71999999999591, 50.0, 24.0]","[-0.4, 0.0, 0.0]",0.6
R06_head_on_vertical_offset,512,103.39999999999627,1,"[18.63999999999591, 50.0, 24.0]","[-0.4, 0.0, 0.0]",0.6
R06_head_on_vertical_offset,513,103.59999999999626,1,"[18.559999999995913, 50.0, 24.0]","[-0.4, 0.0, 0.0]",0.6
R06_head_on_vertical_offset,514,103.79999999999625,1,"[18.479999999995915, 50.0, 24.0]","[-0.4, 0.0, 0.0]",0.6
R06_head_on_vertical_offset,515,103.99999999999623,1,"[18.399999999995917, 50.0, 24.0]","[-0.4, 0.0, 0.0]",0.6
R06_head_on_vertical_offset,516,104.19999999999622,1,"[18.319999999995918, 50.0, 24.0]","[-0.4, 0.0, 0.0]",0.6
R06_head_on_vertical_offset,517,104.39999999999621,1,"[18.23999999999592, 50.0, 24.0]","[-0.4, 0.0, 0.0]",0.6
R06_head_on_vertical_offset,518,104.5999999999962,1,"[18.15999999999592, 50.0, 24.0]","[-0.4, 0.0, 0.0]",0.6
R06_head_on_vertical_offset,519,104.79999999999619,1,"[18.079999999995923, 50.0, 24.0]","[-0.4, 0.0, 0.0]",0.6
R06_head_on_vertical_offset,520,104.99999999999618,1,"[17.999999999995925, 50.0, 24.0]","[-0.4, 0.0, 0.0]",0.6
R06_head_on_vertical_offset,521,105.19999999999617,1,"[17.919999999995927, 50.0, 24.0]","[-0.4, 0.0, 0.0]",0.6
R06_head_on_vertical_offset,522,105.39999999999615,1,"[17.83999999999593, 50.0, 24.0]","[-0.4, 0.0, 0.0]",0.6
R06_head_on_vertical_offset,523,105.59999999999614,1,"[17.75999999999593, 50.0, 24.0]","[-0.4, 0.0, 0.0]",0.6
R06_head_on_vertical_offset,524,105.79999999999613,1,"[17.679999999995932, 50.0, 24.0]","[-0.4, 0.0, 0.0]",0.6
R06_head_on_vertical_offset,525,105.99999999999612,1,"[17.599999999995934, 50.0, 24.0]","[-0.4, 0.0, 0.0]",0.6
R06_head_on_vertical_offset,526,106.19999999999611,1,"[17.519999999995935, 50.0, 24.0]","[-0.4, 0.0, 0.0]",0.6
R06_head_on_vertical_offset,527,106.3999999999961,1,"[17.439999999995937, 50.0, 24.0]","[-0.4, 0.0, 0.0]",0.6
R06_head_on_vertical_offset,528,106.59999999999609,1,"[17.35999999999594, 50.0, 24.0]","[-0.4, 0.0, 0.0]",0.6
R06_head_on_vertical_offset,529,106.79999999999607,1,"[17.27999999999594, 50.0, 24.0]","[-0.4, 0.0, 0.0]",0.6
R06_head_on_vertical_offset,530,106.99999999999606,1,"[17.199999999995942, 50.0, 24.0]","[-0.4, 0.0, 0.0]",0.6
R06_head_on_vertical_offset,531,107.19999999999605,1,"[17.119999999995944, 50.0, 24.0]","[-0.4, 0.0, 0.0]",0.6
R06_head_on_vertical_offset,532,107.39999999999604,1,"[17.039999999995946, 50.0, 24.0]","[-0.4, 0.0, 0.0]",0.6
R06_head_on_vertical_offset,533,107.59999999999603,1,"[16.959999999995947, 50.0, 24.0]","[-0.4, 0.0, 0.0]",0.6
R06_head_on_vertical_offset,534,107.79999999999602,1,"[16.87999999999595, 50.0, 24.0]","[-0.4, 0.0, 0.0]",0.6
R06_head_on_vertical_offset,535,107.999999999996,1,"[16.79999999999595, 50.0, 24.0]","[-0.4, 0.0, 0.0]",0.6
R06_head_on_vertical_offset,536,108.199999999996,1,"[16.719999999995952, 50.0, 24.0]","[-0.4, 0.0, 0.0]",0.6
R06_head_on_vertical_offset,537,108.39999999999598,1,"[16.639999999995954, 50.0, 24.0]","[-0.4, 0.0, 0.0]",0.6
R06_head_on_vertical_offset,538,108.59999999999597,1,"[16.559999999995956, 50.0, 24.0]","[-0.4, 0.0, 0.0]",0.6
R06_head_on_vertical_offset,539,108.79999999999596,1,"[16.479999999995957, 50.0, 24.0]","[-0.4, 0.0, 0.0]",0.6
R06_head_on_vertical_offset,540,108.99999999999595,1,"[16.39999999999596, 50.0, 24.0]","[-0.4, 0.0, 0.0]",0.6
R06_head_on_vertical_offset,541,109.19999999999594,1,"[16.31999999999596, 50.0, 24.0]","[-0.4, 0.0, 0.0]",0.6
R06_head_on_vertical_offset,542,109.39999999999593,1,"[16.239999999995963, 50.0, 24.0]","[-0.4, 0.0, 0.0]",0.6
R06_head_on_vertical_offset,543,109.59999999999592,1,"[16.159999999995964, 50.0, 24.0]","[-0.4, 0.0, 0.0]",0.6
R06_head_on_vertical_offset,544,109.7999999999959,1,"[16.079999999995966, 50.0, 24.0]","[-0.4, 0.0, 0.0]",0.6
R06_head_on_vertical_offset,545,109.9999999999959,1,"[15.999999999995968, 50.0, 24.0]","[-0.4, 0.0, 0.0]",0.6
R06_head_on_vertical_offset,546,110.19999999999588,1,"[15.91999999999597, 50.0, 24.0]","[-0.4, 0.0, 0.0]",0.6
R06_head_on_vertical_offset,547,110.39999999999587,1,"[15.839999999995971, 50.0, 24.0]","[-0.4, 0.0, 0.0]",0.6
R06_head_on_vertical_offset,548,110.59999999999586,1,"[15.759999999995973, 50.0, 24.0]","[-0.4, 0.0, 0.0]",0.6
R06_head_on_vertical_offset,549,110.79999999999585,1,"[15.679999999995974, 50.0, 24.0]","[-0.4, 0.0, 0.0]",0.6
R06_head_on_vertical_offset,550,110.99999999999584,1,"[15.599999999995976, 50.0, 24.0]","[-0.4, 0.0, 0.0]",0.6
R06_head_on_vertical_offset,551,111.19999999999582,1,"[15.519999999995978, 50.0, 24.0]","[-0.4, 0.0, 0.0]",0.6
R06_head_on_vertical_offset,552,111.39999999999581,1,"[15.43999999999598, 50.0, 24.0]","[-0.4, 0.0, 0.0]",0.6
R06_head_on_vertical_offset,553,111.5999999999958,1,"[15.359999999995981, 50.0, 24.0]","[-0.4, 0.0, 0.0]",0.6
R06_head_on_vertical_offset,554,111.79999999999579,1,"[15.279999999995983, 50.0, 24.0]","[-0.4, 0.0, 0.0]",0.6
R06_head_on_vertical_offset,555,111.99999999999578,1,"[15.199999999995985, 50.0, 24.0]","[-0.4, 0.0, 0.0]",0.6
R06_head_on_vertical_offset,556,112.19999999999577,1,"[15.119999999995986, 50.0, 24.0]","[-0.4, 0.0, 0.0]",0.6
R06_head_on_vertical_offset,557,112.39999999999576,1,"[15.039999999995988, 50.0, 24.0]","[-0.4, 0.0, 0.0]",0.6
R06_head_on_vertical_offset,558,112.59999999999575,1,"[14.95999999999599, 50.0, 24.0]","[-0.4, 0.0, 0.0]",0.6
R06_head_on_vertical_offset,559,112.79999999999573,1,"[14.879999999995992, 50.0, 24.0]","[-0.4, 0.0, 0.0]",0.6
R06_head_on_vertical_offset,560,112.99999999999572,1,"[14.799999999995993, 50.0, 24.0]","[-0.4, 0.0, 0.0]",0.6
R06_head_on_vertical_offset,561,113.19999999999571,1,"[14.719999999995995, 50.0, 24.0]","[-0.4, 0.0, 0.0]",0.6
R06_head_on_vertical_offset,562,113.3999999999957,1,"[14.639999999995997, 50.0, 24.0]","[-0.4, 0.0, 0.0]",0.6
R06_head_on_vertical_offset,563,113.59999999999569,1,"[14.559999999995998, 50.0, 24.0]","[-0.4, 0.0, 0.0]",0.6
R06_head_on_vertical_offset,564,113.79999999999568,1,"[14.479999999996, 50.0, 24.0]","[-0.4, 0.0, 0.0]",0.6
R06_head_on_vertical_offset,565,113.99999999999567,1,"[14.399999999996002, 50.0, 24.0]","[-0.4, 0.0, 0.0]",0.6
R06_head_on_vertical_offset,566,114.19999999999565,1,"[14.319999999996003, 50.0, 24.0]","[-0.4, 0.0, 0.0]",0.6
R06_head_on_vertical_offset,567,114.39999999999564,1,"[14.239999999996005, 50.0, 24.0]","[-0.4, 0.0, 0.0]",0.6
R06_head_on_vertical_offset,568,114.59999999999563,1,"[14.159999999996007, 50.0, 24.0]","[-0.4, 0.0, 0.0]",0.6
R06_head_on_vertical_offset,569,114.79999999999562,1,"[14.079999999996009, 50.0, 24.0]","[-0.4, 0.0, 0.0]",0.6
R06_head_on_vertical_offset,570,114.99999999999561,1,"[13.99999999999601, 50.0, 24.0]","[-0.4, 0.0, 0.0]",0.6
R06_head_on_vertical_offset,571,115.1999999999956,1,"[13.919999999996012, 50.0, 24.0]","[-0.4, 0.0, 0.0]",0.6
R06_head_on_vertical_offset,572,115.39999999999559,1,"[13.839999999996014, 50.0, 24.0]","[-0.4, 0.0, 0.0]",0.6
R06_head_on_vertical_offset,573,115.59999999999557,1,"[13.759999999996015, 50.0, 24.0]","[-0.4, 0.0, 0.0]",0.6
R06_head_on_vertical_offset,574,115.79999999999556,1,"[13.679999999996017, 50.0, 24.0]","[-0.4, 0.0, 0.0]",0.6
R06_head_on_vertical_offset,575,115.99999999999555,1,"[13.599999999996019, 50.0, 24.0]","[-0.4, 0.0, 0.0]",0.6
R06_head_on_vertical_offset,576,116.19999999999554,1,"[13.51999999999602, 50.0, 24.0]","[-0.4, 0.0, 0.0]",0.6
R06_head_on_vertical_offset,577,116.39999999999553,1,"[13.439999999996022, 50.0, 24.0]","[-0.4, 0.0, 0.0]",0.6
R06_head_on_vertical_offset,578,116.59999999999552,1,"[13.359999999996024, 50.0, 24.0]","[-0.4, 0.0, 0.0]",0.6
R06_head_on_vertical_offset,579,116.7999999999955,1,"[13.279999999996026, 50.0, 24.0]","[-0.4, 0.0, 0.0]",0.6
R06_head_on_vertical_offset,580,116.9999999999955,1,"[13.199999999996027, 50.0, 24.0]","[-0.4, 0.0, 0.0]",0.6
R06_head_on_vertical_offset,581,117.19999999999548,1,"[13.119999999996029, 50.0, 24.0]","[-0.4, 0.0, 0.0]",0.6
R06_head_on_vertical_offset,582,117.39999999999547,1,"[13.03999999999603, 50.0, 24.0]","[-0.4, 0.0, 0.0]",0.6
R06_head_on_vertical_offset,583,117.59999999999546,1,"[12.959999999996032, 50.0, 24.0]","[-0.4, 0.0, 0.0]",0.6
R06_head_on_vertical_offset,584,117.79999999999545,1,"[12.879999999996034, 50.0, 24.0]","[-0.4, 0.0, 0.0]",0.6
R06_head_on_vertical_offset,585,117.99999999999544,1,"[12.799999999996036, 50.0, 24.0]","[-0.4, 0.0, 0.0]",0.6
R06_head_on_vertical_offset,586,118.19999999999543,1,"[12.719999999996038, 50.0, 24.0]","[-0.4, 0.0, 0.0]",0.6
R06_head_on_vertical_offset,587,118.39999999999542,1,"[12.63999999999604, 50.0, 24.0]","[-0.4, 0.0, 0.0]",0.6
R06_head_on_vertical_offset,588,118.5999999999954,1,"[12.559999999996041, 50.0, 24.0]","[-0.4, 0.0, 0.0]",0.6
R06_head_on_vertical_offset,589,118.79999999999539,1,"[12.479999999996043, 50.0, 24.0]","[-0.4, 0.0, 0.0]",0.6
R06_head_on_vertical_offset,590,118.99999999999538,1,"[12.399999999996044, 50.0, 24.0]","[-0.4, 0.0, 0.0]",0.6
R06_head_on_vertical_offset,591,119.19999999999537,1,"[12.319999999996046, 50.0, 24.0]","[-0.4, 0.0, 0.0]",0.6
R06_head_on_vertical_offset,592,119.39999999999536,1,"[12.239999999996048, 50.0, 24.0]","[-0.4, 0.0, 0.0]",0.6
R06_head_on_vertical_offset,593,119.59999999999535,1,"[12.15999999999605, 50.0, 24.0]","[-0.4, 0.0, 0.0]",0.6
R06_head_on_vertical_offset,594,119.79999999999534,1,"[12.079999999996051, 50.0, 24.0]","[-0.4, 0.0, 0.0]",0.6
R06_head_on_vertical_offset,595,119.99999999999532,1,"[11.999999999996053, 50.0, 24.0]","[-0.4, 0.0, 0.0]",0.6
R06_head_on_vertical_offset,596,120.19999999999531,1,"[11.919999999996055, 50.0, 24.0]","[-0.4, 0.0, 0.0]",0.6
R06_head_on_vertical_offset,597,120.3999999999953,1,"[11.839999999996056, 50.0, 24.0]","[-0.4, 0.0, 0.0]",0.6
R06_head_on_vertical_offset,598,120.59999999999529,1,"[11.759999999996058, 50.0, 24.0]","[-0.4, 0.0, 0.0]",0.6
R06_head_on_vertical_offset,599,120.79999999999528,1,"[11.67999999999606, 50.0, 24.0]","[-0.4, 0.0, 0.0]",0.6
R06_head_on_vertical_offset,600,120.99999999999527,1,"[11.599999999996061, 50.0, 24.0]","[-0.4, 0.0, 0.0]",0.6
R06_head_on_vertical_offset,601,121.19999999999526,1,"[11.519999999996063, 50.0, 24.0]","[-0.4, 0.0, 0.0]",0.6
R06_head_on_vertical_offset,602,121.39999999999525,1,"[11.439999999996065, 50.0, 24.0]","[-0.4, 0.0, 0.0]",0.6
R06_head_on_vertical_offset,603,121.59999999999523,1,"[11.359999999996067, 50.0, 24.0]","[-0.4, 0.0, 0.0]",0.6
R06_head_on_vertical_offset,604,121.79999999999522,1,"[11.279999999996068, 50.0, 24.0]","[-0.4, 0.0, 0.0]",0.6
R06_head_on_vertical_offset,605,121.99999999999521,1,"[11.19999999999607, 50.0, 24.0]","[-0.4, 0.0, 0.0]",0.6
R06_head_on_vertical_offset,606,122.1999999999952,1,"[11.119999999996072, 50.0, 24.0]","[-0.4, 0.0, 0.0]",0.6
R06_head_on_vertical_offset,607,122.39999999999519,1,"[11.039999999996073, 50.0, 24.0]","[-0.4, 0.0, 0.0]",0.6
R06_head_on_vertical_offset,608,122.59999999999518,1,"[10.959999999996075, 50.0, 24.0]","[-0.4, 0.0, 0.0]",0.6
R06_head_on_vertical_offset,609,122.79999999999517,1,"[10.879999999996077, 50.0, 24.0]","[-0.4, 0.0, 0.0]",0.6
R06_head_on_vertical_offset,610,122.99999999999515,1,"[10.799999999996079, 50.0, 24.0]","[-0.4, 0.0, 0.0]",0.6
R06_head_on_vertical_offset,611,123.19999999999514,1,"[10.71999999999608, 50.0, 24.0]","[-0.4, 0.0, 0.0]",0.6
R06_head_on_vertical_offset,612,123.39999999999513,1,"[10.639999999996082, 50.0, 24.0]","[-0.4, 0.0, 0.0]",0.6
R06_head_on_vertical_offset,613,123.59999999999512,1,"[10.559999999996084, 50.0, 24.0]","[-0.4, 0.0, 0.0]",0.6
R06_head_on_vertical_offset,614,123.79999999999511,1,"[10.479999999996085, 50.0, 24.0]","[-0.4, 0.0, 0.0]",0.6
R06_head_on_vertical_offset,615,123.9999999999951,1,"[10.399999999996087, 50.0, 24.0]","[-0.4, 0.0, 0.0]",0.6
R06_head_on_vertical_offset,616,124.19999999999509,1,"[10.319999999996089, 50.0, 24.0]","[-0.4, 0.0, 0.0]",0.6
R06_head_on_vertical_offset,617,124.39999999999507,1,"[10.23999999999609, 50.0, 24.0]","[-0.4, 0.0, 0.0]",0.6
R06_head_on_vertical_offset,618,124.59999999999506,1,"[10.159999999996092, 50.0, 24.0]","[-0.4, 0.0, 0.0]",0.6
R06_head_on_vertical_offset,619,124.79999999999505,1,"[10.079999999996094, 50.0, 24.0]","[-0.4, 0.0, 0.0]",0.6
R06_head_on_vertical_offset,620,124.99999999999504,1,"[9.999999999996096, 50.0, 24.0]","[-0.4, 0.0, 0.0]",0.6
R06_head_on_vertical_offset,621,125.19999999999503,1,"[9.919999999996097, 50.0, 24.0]","[-0.4, 0.0, 0.0]",0.6
R06_head_on_vertical_offset,622,125.39999999999502,1,"[9.839999999996099, 50.0, 24.0]","[-0.4, 0.0, 0.0]",0.6
R06_head_on_vertical_offset,623,125.599999999995,1,"[9.7599999999961, 50.0, 24.0]","[-0.4, 0.0, 0.0]",0.6
R06_head_on_vertical_offset,624,125.799999999995,1,"[9.679999999996102, 50.0, 24.0]","[-0.4, 0.0, 0.0]",0.6
R06_head_on_vertical_offset,625,125.99999999999498,1,"[9.599999999996104, 50.0, 24.0]","[-0.4, 0.0, 0.0]",0.6
R06_head_on_vertical_offset,626,126.19999999999497,1,"[9.519999999996106, 50.0, 24.0]","[-0.4, 0.0, 0.0]",0.6
R06_head_on_vertical_offset,627,126.39999999999496,1,"[9.439999999996108, 50.0, 24.0]","[-0.4, 0.0, 0.0]",0.6
R06_head_on_vertical_offset,628,126.59999999999495,1,"[9.35999999999611, 50.0, 24.0]","[-0.4, 0.0, 0.0]",0.6
R06_head_on_vertical_offset,629,126.79999999999494,1,"[9.279999999996111, 50.0, 24.0]","[-0.4, 0.0, 0.0]",0.6
R06_head_on_vertical_offset,630,126.99999999999493,1,"[9.199999999996113, 50.0, 24.0]","[-0.4, 0.0, 0.0]",0.6
R06_head_on_vertical_offset,631,127.19999999999492,1,"[9.119999999996114, 50.0, 24.0]","[-0.4, 0.0, 0.0]",0.6
R06_head_on_vertical_offset,632,127.3999999999949,1,"[9.039999999996116, 50.0, 24.0]","[-0.4, 0.0, 0.0]",0.6
R06_head_on_vertical_offset,633,127.59999999999489,1,"[8.959999999996118, 50.0, 24.0]","[-0.4, 0.0, 0.0]",0.6
R06_head_on_vertical_offset,634,127.79999999999488,1,"[8.87999999999612, 50.0, 24.0]","[-0.4, 0.0, 0.0]",0.6
R06_head_on_vertical_offset,635,127.99999999999487,1,"[8.799999999996121, 50.0, 24.0]","[-0.4, 0.0, 0.0]",0.6
R06_head_on_vertical_offset,636,128.1999999999949,1,"[8.719999999996123, 50.0, 24.0]","[-0.4, 0.0, 0.0]",0.6
R06_head_on_vertical_offset,637,128.39999999999495,1,"[8.639999999996125, 50.0, 24.0]","[-0.4, 0.0, 0.0]",0.6
R06_head_on_vertical_offset,638,128.599999999995,1,"[8.559999999996126, 50.0, 24.0]","[-0.4, 0.0, 0.0]",0.6
R06_head_on_vertical_offset,639,128.79999999999504,1,"[8.479999999996128, 50.0, 24.0]","[-0.4, 0.0, 0.0]",0.6
R06_head_on_vertical_offset,640,128.99999999999508,1,"[8.39999999999613, 50.0, 24.0]","[-0.4, 0.0, 0.0]",0.6
R06_head_on_vertical_offset,641,129.19999999999513,1,"[8.319999999996131, 50.0, 24.0]","[-0.4, 0.0, 0.0]",0.6
R06_head_on_vertical_offset,642,129.39999999999517,1,"[8.239999999996133, 50.0, 24.0]","[-0.4, 0.0, 0.0]",0.6
R06_head_on_vertical_offset,643,129.59999999999522,1,"[8.159999999996135, 50.0, 24.0]","[-0.4, 0.0, 0.0]",0.6
R06_head_on_vertical_offset,644,129.79999999999526,1,"[8.079999999996136, 50.0, 24.0]","[-0.4, 0.0, 0.0]",0.6
R06_head_on_vertical_offset,645,129.9999999999953,1,"[7.999999999996138, 50.0, 24.0]","[-0.4, 0.0, 0.0]",0.6
R06_head_on_vertical_offset,646,130.19999999999536,1,"[7.91999999999614, 50.0, 24.0]","[-0.4, 0.0, 0.0]",0.6
R06_head_on_vertical_offset,647,130.3999999999954,1,"[7.839999999996142, 50.0, 24.0]","[-0.4, 0.0, 0.0]",0.6
R06_head_on_vertical_offset,648,130.59999999999545,1,"[7.759999999996143, 50.0, 24.0]","[-0.4, 0.0, 0.0]",0.6
R06_head_on_vertical_offset,649,130.7999999999955,1,"[7.679999999996145, 50.0, 24.0]","[-0.4, 0.0, 0.0]",0.6
R06_head_on_vertical_offset,650,130.99999999999554,1,"[7.599999999996147, 50.0, 24.0]","[-0.4, 0.0, 0.0]",0.6
R06_head_on_vertical_offset,651,131.19999999999558,1,"[7.519999999996148, 50.0, 24.0]","[-0.4, 0.0, 0.0]",0.6
R06_head_on_vertical_offset,652,131.39999999999563,1,"[7.43999999999615, 50.0, 24.0]","[-0.4, 0.0, 0.0]",0.6
R06_head_on_vertical_offset,653,131.59999999999567,1,"[7.359999999996152, 50.0, 24.0]","[-0.4, 0.0, 0.0]",0.6
R06_head_on_vertical_offset,654,131.79999999999572,1,"[7.2799999999961535, 50.0, 24.0]","[-0.4, 0.0, 0.0]",0.6
R06_head_on_vertical_offset,655,131.99999999999577,1,"[7.199999999996155, 50.0, 24.0]","[-0.4, 0.0, 0.0]",0.6
R06_head_on_vertical_offset,656,132.1999999999958,1,"[7.119999999996157, 50.0, 24.0]","[-0.4, 0.0, 0.0]",0.6
R06_head_on_vertical_offset,657,132.39999999999586,1,"[7.039999999996159, 50.0, 24.0]","[-0.4, 0.0, 0.0]",0.6
R06_head_on_vertical_offset,658,132.5999999999959,1,"[6.95999999999616, 50.0, 24.0]","[-0.4, 0.0, 0.0]",0.6
R06_head_on_vertical_offset,659,132.79999999999595,1,"[6.879999999996162, 50.0, 24.0]","[-0.4, 0.0, 0.0]",0.6
R06_head_on_vertical_offset,660,132.999999999996,1,"[6.799999999996164, 50.0, 24.0]","[-0.4, 0.0, 0.0]",0.6
R06_head_on_vertical_offset,661,133.19999999999604,1,"[6.7199999999961655, 50.0, 24.0]","[-0.4, 0.0, 0.0]",0.6
R06_head_on_vertical_offset,662,133.39999999999608,1,"[6.639999999996167, 50.0, 24.0]","[-0.4, 0.0, 0.0]",0.6
R06_head_on_vertical_offset,663,133.59999999999613,1,"[6.559999999996169, 50.0, 24.0]","[-0.4, 0.0, 0.0]",0.6
R06_head_on_vertical_offset,664,133.79999999999617,1,"[6.479999999996171, 50.0, 24.0]","[-0.4, 0.0, 0.0]",0.6
R06_head_on_vertical_offset,665,133.99999999999622,1,"[6.399999999996172, 50.0, 24.0]","[-0.4, 0.0, 0.0]",0.6
R06_head_on_vertical_offset,666,134.19999999999627,1,"[6.319999999996174, 50.0, 24.0]","[-0.4, 0.0, 0.0]",0.6
R06_head_on_vertical_offset,667,134.3999999999963,1,"[6.239999999996176, 50.0, 24.0]","[-0.4, 0.0, 0.0]",0.6
R06_head_on_vertical_offset,668,134.59999999999636,1,"[6.159999999996177, 50.0, 24.0]","[-0.4, 0.0, 0.0]",0.6
R06_head_on_vertical_offset,669,134.7999999999964,1,"[6.079999999996179, 50.0, 24.0]","[-0.4, 0.0, 0.0]",0.6
R06_head_on_vertical_offset,670,134.99999999999645,1,"[5.999999999996181, 50.0, 24.0]","[-0.4, 0.0, 0.0]",0.6
R06_head_on_vertical_offset,671,135.1999999999965,1,"[5.9199999999961825, 50.0, 24.0]","[-0.4, 0.0, 0.0]",0.6
R06_head_on_vertical_offset,672,135.39999999999654,1,"[5.839999999996184, 50.0, 24.0]","[-0.4, 0.0, 0.0]",0.6
R06_head_on_vertical_offset,673,135.59999999999658,1,"[5.759999999996186, 50.0, 24.0]","[-0.4, 0.0, 0.0]",0.6
R06_head_on_vertical_offset,674,135.79999999999663,1,"[5.679999999996188, 50.0, 24.0]","[-0.4, 0.0, 0.0]",0.6
R06_head_on_vertical_offset,675,135.99999999999667,1,"[5.599999999996189, 50.0, 24.0]","[-0.4, 0.0, 0.0]",0.6
R06_head_on_vertical_offset,676,136.19999999999672,1,"[5.519999999996191, 50.0, 24.0]","[-0.4, 0.0, 0.0]",0.6
R06_head_on_vertical_offset,677,136.39999999999677,1,"[5.439999999996193, 50.0, 24.0]","[-0.4, 0.0, 0.0]",0.6
R06_head_on_vertical_offset,678,136.5999999999968,1,"[5.3599999999961945, 50.0, 24.0]","[-0.4, 0.0, 0.0]",0.6
R06_head_on_vertical_offset,679,136.79999999999686,1,"[5.279999999996196, 50.0, 24.0]","[-0.4, 0.0, 0.0]",0.6
R06_head_on_vertical_offset,680,136.9999999999969,1,"[5.199999999996198, 50.0, 24.0]","[-0.4, 0.0, 0.0]",0.6
R06_head_on_vertical_offset,681,137.19999999999695,1,"[5.1199999999962, 50.0, 24.0]","[-0.4, 0.0, 0.0]",0.6
R06_head_on_vertical_offset,682,137.399999999997,1,"[5.039999999996201, 50.0, 24.0]","[-0.4, 0.0, 0.0]",0.6
R06_head_on_vertical_offset,683,137.59999999999704,1,"[4.959999999996203, 50.0, 24.0]","[-0.4, 0.0, 0.0]",0.6
R06_head_on_vertical_offset,684,137.79999999999708,1,"[4.879999999996205, 50.0, 24.0]","[-0.4, 0.0, 0.0]",0.6
R06_head_on_vertical_offset,685,137.99999999999713,1,"[4.799999999996206, 50.0, 24.0]","[-0.4, 0.0, 0.0]",0.6
R06_head_on_vertical_offset,686,138.19999999999717,1,"[4.719999999996208, 50.0, 24.0]","[-0.4, 0.0, 0.0]",0.6
R06_head_on_vertical_offset,687,138.39999999999722,1,"[4.63999999999621, 50.0, 24.0]","[-0.4, 0.0, 0.0]",0.6
R06_head_on_vertical_offset,688,138.59999999999727,1,"[4.5599999999962115, 50.0, 24.0]","[-0.4, 0.0, 0.0]",0.6
R06_head_on_vertical_offset,689,138.7999999999973,1,"[4.479999999996213, 50.0, 24.0]","[-0.4, 0.0, 0.0]",0.6
R06_head_on_vertical_offset,690,138.99999999999736,1,"[4.399999999996215, 50.0, 24.0]","[-0.4, 0.0, 0.0]",0.6
R06_head_on_vertical_offset,691,139.1999999999974,1,"[4.319999999996217, 50.0, 24.0]","[-0.4, 0.0, 0.0]",0.6
R06_head_on_vertical_offset,692,139.39999999999745,1,"[4.239999999996218, 50.0, 24.0]","[-0.4, 0.0, 0.0]",0.6
R06_head_on_vertical_offset,693,139.5999999999975,1,"[4.15999999999622, 50.0, 24.0]","[-0.4, 0.0, 0.0]",0.6
R06_head_on_vertical_offset,694,139.79999999999754,1,"[4.079999999996222, 50.0, 24.0]","[-0.4, 0.0, 0.0]",0.6
R06_head_on_vertical_offset,695,139.99999999999758,1,"[3.999999999996223, 50.0, 24.0]","[-0.4, 0.0, 0.0]",0.6
R06_head_on_vertical_offset,696,140.19999999999763,1,"[3.919999999996223, 50.0, 24.0]","[-0.4, 0.0, 0.0]",0.6
R06_head_on_vertical_offset,697,140.39999999999768,1,"[3.839999999996223, 50.0, 24.0]","[-0.4, 0.0, 0.0]",0.6
R06_head_on_vertical_offset,698,140.59999999999772,1,"[3.759999999996223, 50.0, 24.0]","[-0.4, 0.0, 0.0]",0.6
R06_head_on_vertical_offset,699,140.79999999999777,1,"[3.6799999999962227, 50.0, 24.0]","[-0.4, 0.0, 0.0]",0.6
R06_head_on_vertical_offset,700,140.9999999999978,1,"[3.5999999999962227, 50.0, 24.0]","[-0.4, 0.0, 0.0]",0.6
R06_head_on_vertical_offset,701,141.19999999999786,1,"[3.5199999999962226, 50.0, 24.0]","[-0.4, 0.0, 0.0]",0.6
R06_head_on_vertical_offset,702,141.3999999999979,1,"[3.4399999999962225, 50.0, 24.0]","[-0.4, 0.0, 0.0]",0.6
R06_head_on_vertical_offset,703,141.59999999999795,1,"[3.3599999999962225, 50.0, 24.0]","[-0.4, 0.0, 0.0]",0.6
R06_head_on_vertical_offset,704,141.799999999998,1,"[3.2799999999962224, 50.0, 24.0]","[-0.4, 0.0, 0.0]",0.6
R06_head_on_vertical_offset,705,141.99999999999804,1,"[3.1999999999962223, 50.0, 24.0]","[-0.4, 0.0, 0.0]",0.6
R06_head_on_vertical_offset,706,142.19999999999808,1,"[3.1199999999962222, 50.0, 24.0]","[-0.4, 0.0, 0.0]",0.6
R06_head_on_vertical_offset,707,142.39999999999813,1,"[3.039999999996222, 50.0, 24.0]","[-0.4, 0.0, 0.0]",0.6
R06_head_on_vertical_offset,708,142.59999999999818,1,"[2.959999999996222, 50.0, 24.0]","[-0.4, 0.0, 0.0]",0.6
R06_head_on_vertical_offset,709,142.79999999999822,1,"[2.879999999996222, 50.0, 24.0]","[-0.4, 0.0, 0.0]",0.6
R06_head_on_vertical_offset,710,142.99999999999827,1,"[2.799999999996222, 50.0, 24.0]","[-0.4, 0.0, 0.0]",0.6
R06_head_on_vertical_offset,711,143.1999999999983,1,"[2.719999999996222, 50.0, 24.0]","[-0.4, 0.0, 0.0]",0.6
R06_head_on_vertical_offset,712,143.39999999999836,1,"[2.639999999996222, 50.0, 24.0]","[-0.4, 0.0, 0.0]",0.6
R06_head_on_vertical_offset,713,143.5999999999984,1,"[2.5599999999962217, 50.0, 24.0]","[-0.4, 0.0, 0.0]",0.6
R06_head_on_vertical_offset,714,143.79999999999845,1,"[2.4799999999962217, 50.0, 24.0]","[-0.4, 0.0, 0.0]",0.6
R06_head_on_vertical_offset,715,143.9999999999985,1,"[2.3999999999962216, 50.0, 24.0]","[-0.4, 0.0, 0.0]",0.6
R06_head_on_vertical_offset,716,144.19999999999854,1,"[2.3199999999962215, 50.0, 24.0]","[-0.4, 0.0, 0.0]",0.6
R06_head_on_vertical_offset,717,144.39999999999858,1,"[2.2399999999962215, 50.0, 24.0]","[-0.4, 0.0, 0.0]",0.6
R06_head_on_vertical_offset,718,144.59999999999863,1,"[2.1599999999962214, 50.0, 24.0]","[-0.4, 0.0, 0.0]",0.6
R06_head_on_vertical_offset,719,144.79999999999868,1,"[2.0799999999962213, 50.0, 24.0]","[-0.4, 0.0, 0.0]",0.6
R06_head_on_vertical_offset,720,144.99999999999872,1,"[1.9999999999962212, 50.0, 24.0]","[-0.4, 0.0, 0.0]",0.6
R06_head_on_vertical_offset,721,145.19999999999877,1,"[1.9199999999962212, 50.0, 24.0]","[-0.4, 0.0, 0.0]",0.6
R06_head_on_vertical_offset,722,145.3999999999988,1,"[1.839999999996221, 50.0, 24.0]","[-0.4, 0.0, 0.0]",0.6
R06_head_on_vertical_offset,723,145.59999999999886,1,"[1.759999999996221, 50.0, 24.0]","[-0.4, 0.0, 0.0]",0.6
R06_head_on_vertical_offset,724,145.7999999999989,1,"[1.679999999996221, 50.0, 24.0]","[-0.4, 0.0, 0.0]",0.6
R06_head_on_vertical_offset,725,145.99999999999895,1,"[1.599999999996221, 50.0, 24.0]","[-0.4, 0.0, 0.0]",0.6
R06_head_on_vertical_offset,726,146.199999999999,1,"[1.5199999999962208, 50.0, 24.0]","[-0.4, 0.0, 0.0]",0.6
R06_head_on_vertical_offset,727,146.39999999999904,1,"[1.4399999999962207, 50.0, 24.0]","[-0.4, 0.0, 0.0]",0.6
R06_head_on_vertical_offset,728,146.59999999999908,1,"[1.3599999999962207, 50.0, 24.0]","[-0.4, 0.0, 0.0]",0.6
R06_head_on_vertical_offset,729,146.79999999999913,1,"[1.2799999999962206, 50.0, 24.0]","[-0.4, 0.0, 0.0]",0.6
R06_head_on_vertical_offset,730,146.99999999999918,1,"[1.1999999999962205, 50.0, 24.0]","[-0.4, 0.0, 0.0]",0.6
R06_head_on_vertical_offset,731,147.19999999999922,1,"[1.1199999999962205, 50.0, 24.0]","[-0.4, 0.0, 0.0]",0.6
R06_head_on_vertical_offset,732,147.39999999999927,1,"[1.0399999999962204, 50.0, 24.0]","[-0.4, 0.0, 0.0]",0.6
R06_head_on_vertical_offset,733,147.5999999999993,1,"[0.9599999999962203, 50.0, 24.0]","[-0.4, 0.0, 0.0]",0.6
R06_head_on_vertical_offset,734,147.79999999999936,1,"[0.8799999999962203, 50.0, 24.0]","[-0.4, 0.0, 0.0]",0.6
R06_head_on_vertical_offset,735,147.9999999999994,1,"[0.7999999999962202, 50.0, 24.0]","[-0.4, 0.0, 0.0]",0.6
R06_head_on_vertical_offset,736,148.19999999999945,1,"[0.7199999999962201, 50.0, 24.0]","[-0.4, 0.0, 0.0]",0.6
R06_head_on_vertical_offset,737,148.3999999999995,1,"[0.63999999999622, 50.0, 24.0]","[-0.4, 0.0, 0.0]",0.6
R06_head_on_vertical_offset,738,148.59999999999954,1,"[0.55999999999622, 50.0, 24.0]","[-0.4, 0.0, 0.0]",0.6
R06_head_on_vertical_offset,739,148.79999999999959,1,"[0.4799999999962199, 50.0, 24.0]","[-0.4, 0.0, 0.0]",0.6
R06_head_on_vertical_offset,740,148.99999999999963,1,"[0.3999999999962198, 50.0, 24.0]","[-0.4, 0.0, 0.0]",0.6
R06_head_on_vertical_offset,741,149.19999999999968,1,"[0.31999999999621975, 50.0, 24.0]","[-0.4, 0.0, 0.0]",0.6
R06_head_on_vertical_offset,742,149.39999999999972,1,"[0.23999999999621968, 50.0, 24.0]","[-0.4, 0.0, 0.0]",0.6
R06_head_on_vertical_offset,743,149.59999999999977,1,"[0.1599999999962196, 50.0, 24.0]","[-0.4, 0.0, 0.0]",0.6
R06_head_on_vertical_offset,744,149.7999999999998,1,"[0.07999999999621958, 50.0, 24.0]","[-0.4, 0.0, 0.0]",0.6
R06_head_on_vertical_offset,745,149.99999999999986,1,"[-3.780434298938928e-12, 50.0, 24.0]","[-0.4, 0.0, 0.0]",0.6
R06_head_on_vertical_offset,746,150.1999999999999,1,"[-0.08000000000378045, 50.0, 24.0]","[-0.4, 0.0, 0.0]",0.6
R06_head_on_vertical_offset,747,150.39999999999995,1,"[-0.16000000000378045, 50.0, 24.0]","[-0.4, 0.0, 0.0]",0.6
R06_head_on_vertical_offset,748,150.6,1,"[-0.24000000000378052, 50.0, 24.0]","[-0.4, 0.0, 0.0]",0.6
R06_head_on_vertical_offset,749,150.80000000000004,1,"[-0.3200000000037806, 50.0, 24.0]","[-0.4, 0.0, 0.0]",0.6
R06_head_on_vertical_offset,750,151.00000000000009,1,"[-0.40000000000378066, 50.0, 24.0]","[-0.4, 0.0, 0.0]",0.6
R06_head_on_vertical_offset,751,151.20000000000013,1,"[-0.48000000000378074, 50.0, 24.0]","[-0.4, 0.0, 0.0]",0.6
R06_head_on_vertical_offset,752,151.40000000000018,1,"[-0.5600000000037808, 50.0, 24.0]","[-0.4, 0.0, 0.0]",0.6
R06_head_on_vertical_offset,753,151.60000000000022,1,"[-0.6400000000037809, 50.0, 24.0]","[-0.4, 0.0, 0.0]",0.6
R06_head_on_vertical_offset,754,151.80000000000027,1,"[-0.720000000003781, 50.0, 24.0]","[-0.4, 0.0, 0.0]",0.6
R06_head_on_vertical_offset,755,152.0000000000003,1,"[-0.800000000003781, 50.0, 24.0]","[-0.4, 0.0, 0.0]",0.6
R06_head_on_vertical_offset,756,152.20000000000036,1,"[-0.8800000000037811, 50.0, 24.0]","[-0.4, 0.0, 0.0]",0.6
R06_head_on_vertical_offset,757,152.4000000000004,1,"[-0.9600000000037812, 50.0, 24.0]","[-0.4, 0.0, 0.0]",0.6
R06_head_on_vertical_offset,758,152.60000000000045,1,"[-1.0400000000037812, 50.0, 24.0]","[-0.4, 0.0, 0.0]",0.6
R06_head_on_vertical_offset,759,152.8000000000005,1,"[-1.1200000000037813, 50.0, 24.0]","[-0.4, 0.0, 0.0]",0.6
R06_head_on_vertical_offset,760,153.00000000000054,1,"[-1.2000000000037814, 50.0, 24.0]","[-0.4, 0.0, 0.0]",0.6
R06_head_on_vertical_offset,761,153.20000000000059,1,"[-1.2800000000037814, 50.0, 24.0]","[-0.4, 0.0, 0.0]",0.6
R06_head_on_vertical_offset,762,153.40000000000063,1,"[-1.3600000000037815, 50.0, 24.0]","[-0.4, 0.0, 0.0]",0.6
R06_head_on_vertical_offset,763,153.60000000000068,1,"[-1.4400000000037816, 50.0, 24.0]","[-0.4, 0.0, 0.0]",0.6
R06_head_on_vertical_offset,764,153.80000000000072,1,"[-1.5200000000037817, 50.0, 24.0]","[-0.4, 0.0, 0.0]",0.6
R06_head_on_vertical_offset,765,154.00000000000077,1,"[-1.6000000000037817, 50.0, 24.0]","[-0.4, 0.0, 0.0]",0.6
R06_head_on_vertical_offset,766,154.2000000000008,1,"[-1.6800000000037818, 50.0, 24.0]","[-0.4, 0.0, 0.0]",0.6
R06_head_on_vertical_offset,767,154.40000000000086,1,"[-1.7600000000037819, 50.0, 24.0]","[-0.4, 0.0, 0.0]",0.6
R06_head_on_vertical_offset,768,154.6000000000009,1,"[-1.840000000003782, 50.0, 24.0]","[-0.4, 0.0, 0.0]",0.6
R06_head_on_vertical_offset,769,154.80000000000095,1,"[-1.920000000003782, 50.0, 24.0]","[-0.4, 0.0, 0.0]",0.6
R06_head_on_vertical_offset,770,155.000000000001,1,"[-2.000000000003782, 50.0, 24.0]","[-0.4, 0.0, 0.0]",0.6
R06_head_on_vertical_offset,771,155.20000000000104,1,"[-2.080000000003782, 50.0, 24.0]","[-0.4, 0.0, 0.0]",0.6
R06_head_on_vertical_offset,772,155.40000000000109,1,"[-2.160000000003782, 50.0, 24.0]","[-0.4, 0.0, 0.0]",0.6
R06_head_on_vertical_offset,773,155.60000000000113,1,"[-2.240000000003782, 50.0, 24.0]","[-0.4, 0.0, 0.0]",0.6
R06_head_on_vertical_offset,774,155.80000000000118,1,"[-2.320000000003782, 50.0, 24.0]","[-0.4, 0.0, 0.0]",0.6
R06_head_on_vertical_offset,775,156.00000000000122,1,"[-2.400000000003782, 50.0, 24.0]","[-0.4, 0.0, 0.0]",0.6
R06_head_on_vertical_offset,776,156.20000000000127,1,"[-2.4800000000037823, 50.0, 24.0]","[-0.4, 0.0, 0.0]",0.6
R06_head_on_vertical_offset,777,156.4000000000013,1,"[-2.5600000000037824, 50.0, 24.0]","[-0.4, 0.0, 0.0]",0.6
R06_head_on_vertical_offset,778,156.60000000000136,1,"[-2.6400000000037824, 50.0, 24.0]","[-0.4, 0.0, 0.0]",0.6
R06_head_on_vertical_offset,779,156.8000000000014,1,"[-2.7200000000037825, 50.0, 24.0]","[-0.4, 0.0, 0.0]",0.6
R06_head_on_vertical_offset,780,157.00000000000145,1,"[-2.8000000000037826, 50.0, 24.0]","[-0.4, 0.0, 0.0]",0.6
R06_head_on_vertical_offset,781,157.2000000000015,1,"[-2.8800000000037826, 50.0, 24.0]","[-0.4, 0.0, 0.0]",0.6
R06_head_on_vertical_offset,782,157.40000000000154,1,"[-2.9600000000037827, 50.0, 24.0]","[-0.4, 0.0, 0.0]",0.6
R06_head_on_vertical_offset,783,157.6000000000016,1,"[-3.040000000003783, 50.0, 24.0]","[-0.4, 0.0, 0.0]",0.6
R06_head_on_vertical_offset,784,157.80000000000163,1,"[-3.120000000003783, 50.0, 24.0]","[-0.4, 0.0, 0.0]",0.6
R06_head_on_vertical_offset,785,158.00000000000168,1,"[-3.200000000003783, 50.0, 24.0]","[-0.4, 0.0, 0.0]",0.6
R06_head_on_vertical_offset,786,158.20000000000172,1,"[-3.280000000003783, 50.0, 24.0]","[-0.4, 0.0, 0.0]",0.6
R06_head_on_vertical_offset,787,158.40000000000177,1,"[-3.360000000003783, 50.0, 24.0]","[-0.4, 0.0, 0.0]",0.6
R06_head_on_vertical_offset,788,158.6000000000018,1,"[-3.440000000003783, 50.0, 24.0]","[-0.4, 0.0, 0.0]",0.6
R06_head_on_vertical_offset,789,158.80000000000186,1,"[-3.520000000003783, 50.0, 24.0]","[-0.4, 0.0, 0.0]",0.6
R06_head_on_vertical_offset,790,159.0000000000019,1,"[-3.6000000000037833, 50.0, 24.0]","[-0.4, 0.0, 0.0]",0.6
R06_head_on_vertical_offset,791,159.20000000000195,1,"[-3.6800000000037834, 50.0, 24.0]","[-0.4, 0.0, 0.0]",0.6
R06_head_on_vertical_offset,792,159.400000000002,1,"[-3.7600000000037834, 50.0, 24.0]","[-0.4, 0.0, 0.0]",0.6
R06_head_on_vertical_offset,793,159.60000000000204,1,"[-3.8400000000037835, 50.0, 24.0]","[-0.4, 0.0, 0.0]",0.6
R06_head_on_vertical_offset,794,159.8000000000021,1,"[-3.9200000000037836, 50.0, 24.0]","[-0.4, 0.0, 0.0]",0.6
R06_head_on_vertical_offset,795,160.00000000000213,1,"[-4.000000000003784, 50.0, 24.0]","[-0.4, 0.0, 0.0]",0.6
R06_head_on_vertical_offset,796,160.20000000000218,1,"[-4.080000000003782, 50.0, 24.0]","[-0.4, 0.0, 0.0]",0.6
R06_head_on_vertical_offset,797,160.40000000000222,1,"[-4.16000000000378, 50.0, 24.0]","[-0.4, 0.0, 0.0]",0.6
R06_head_on_vertical_offset,798,160.60000000000227,1,"[-4.2400000000037785, 50.0, 24.0]","[-0.4, 0.0, 0.0]",0.6
R06_head_on_vertical_offset,799,160.8000000000023,1,"[-4.320000000003777, 50.0, 24.0]","[-0.4, 0.0, 0.0]",0.6
R06_head_on_vertical_offset,800,161.00000000000236,1,"[-4.400000000003775, 50.0, 24.0]","[-0.4, 0.0, 0.0]",0.6
R06_head_on_vertical_offset,801,161.2000000000024,1,"[-4.480000000003773, 50.0, 24.0]","[-0.4, 0.0, 0.0]",0.6
R06_head_on_vertical_offset,802,161.40000000000245,1,"[-4.560000000003772, 50.0, 24.0]","[-0.4, 0.0, 0.0]",0.6
R06_head_on_vertical_offset,803,161.6000000000025,1,"[-4.64000000000377, 50.0, 24.0]","[-0.4, 0.0, 0.0]",0.6
R06_head_on_vertical_offset,804,161.80000000000254,1,"[-4.720000000003768, 50.0, 24.0]","[-0.4, 0.0, 0.0]",0.6
R06_head_on_vertical_offset,805,162.0000000000026,1,"[-4.800000000003767, 50.0, 24.0]","[-0.4, 0.0, 0.0]",0.6
R06_head_on_vertical_offset,806,162.20000000000263,1,"[-4.880000000003765, 50.0, 24.0]","[-0.4, 0.0, 0.0]",0.6
R06_head_on_vertical_offset,807,162.40000000000268,1,"[-4.960000000003763, 50.0, 24.0]","[-0.4, 0.0, 0.0]",0.6
R06_head_on_vertical_offset,808,162.60000000000272,1,"[-5.0400000000037615, 50.0, 24.0]","[-0.4, 0.0, 0.0]",0.6
R06_head_on_vertical_offset,809,162.80000000000277,1,"[-5.12000000000376, 50.0, 24.0]","[-0.4, 0.0, 0.0]",0.6
R06_head_on_vertical_offset,810,163.0000000000028,1,"[-5.200000000003758, 50.0, 24.0]","[-0.4, 0.0, 0.0]",0.6
R06_head_on_vertical_offset,811,163.20000000000286,1,"[-5.280000000003756, 50.0, 24.0]","[-0.4, 0.0, 0.0]",0.6
R06_head_on_vertical_offset,812,163.4000000000029,1,"[-5.360000000003755, 50.0, 24.0]","[-0.4, 0.0, 0.0]",0.6
R06_head_on_vertical_offset,813,163.60000000000295,1,"[-5.440000000003753, 50.0, 24.0]","[-0.4, 0.0, 0.0]",0.6
R06_head_on_vertical_offset,814,163.800000000003,1,"[-5.520000000003751, 50.0, 24.0]","[-0.4, 0.0, 0.0]",0.6
R06_head_on_vertical_offset,815,164.00000000000304,1,"[-5.6000000000037495, 50.0, 24.0]","[-0.4, 0.0, 0.0]",0.6
R06_head_on_vertical_offset,816,164.2000000000031,1,"[-5.680000000003748, 50.0, 24.0]","[-0.4, 0.0, 0.0]",0.6
R06_head_on_vertical_offset,817,164.40000000000313,1,"[-5.760000000003746, 50.0, 24.0]","[-0.4, 0.0, 0.0]",0.6
R06_head_on_vertical_offset,818,164.60000000000318,1,"[-5.840000000003744, 50.0, 24.0]","[-0.4, 0.0, 0.0]",0.6
R06_head_on_vertical_offset,819,164.80000000000322,1,"[-5.920000000003743, 50.0, 24.0]","[-0.4, 0.0, 0.0]",0.6
R06_head_on_vertical_offset,820,165.00000000000327,1,"[-6.000000000003741, 50.0, 24.0]","[-0.4, 0.0, 0.0]",0.6
R06_head_on_vertical_offset,821,165.2000000000033,1,"[-6.080000000003739, 50.0, 24.0]","[-0.4, 0.0, 0.0]",0.6
R06_head_on_vertical_offset,822,165.40000000000336,1,"[-6.160000000003738, 50.0, 24.0]","[-0.4, 0.0, 0.0]",0.6
R06_head_on_vertical_offset,823,165.6000000000034,1,"[-6.240000000003736, 50.0, 24.0]","[-0.4, 0.0, 0.0]",0.6
R06_head_on_vertical_offset,824,165.80000000000345,1,"[-6.320000000003734, 50.0, 24.0]","[-0.4, 0.0, 0.0]",0.6
R06_head_on_vertical_offset,825,166.0000000000035,1,"[-6.4000000000037325, 50.0, 24.0]","[-0.4, 0.0, 0.0]",0.6
R06_head_on_vertical_offset,826,166.20000000000354,1,"[-6.480000000003731, 50.0, 24.0]","[-0.4, 0.0, 0.0]",0.6
R06_head_on_vertical_offset,827,166.4000000000036,1,"[-6.560000000003729, 50.0, 24.0]","[-0.4, 0.0, 0.0]",0.6
R06_head_on_vertical_offset,828,166.60000000000363,1,"[-6.640000000003727, 50.0, 24.0]","[-0.4, 0.0, 0.0]",0.6
R06_head_on_vertical_offset,829,166.80000000000368,1,"[-6.720000000003726, 50.0, 24.0]","[-0.4, 0.0, 0.0]",0.6
R06_head_on_vertical_offset,830,167.00000000000372,1,"[-6.800000000003724, 50.0, 24.0]","[-0.4, 0.0, 0.0]",0.6
R06_head_on_vertical_offset,831,167.20000000000377,1,"[-6.880000000003722, 50.0, 24.0]","[-0.4, 0.0, 0.0]",0.6
R06_head_on_vertical_offset,832,167.4000000000038,1,"[-6.9600000000037205, 50.0, 24.0]","[-0.4, 0.0, 0.0]",0.6
R06_head_on_vertical_offset,833,167.60000000000386,1,"[-7.040000000003719, 50.0, 24.0]","[-0.4, 0.0, 0.0]",0.6
R06_head_on_vertical_offset,834,167.8000000000039,1,"[-7.120000000003717, 50.0, 24.0]","[-0.4, 0.0, 0.0]",0.6
R06_head_on_vertical_offset,835,168.00000000000395,1,"[-7.200000000003715, 50.0, 24.0]","[-0.4, 0.0, 0.0]",0.6
R06_head_on_vertical_offset,836,168.200000000004,1,"[-7.280000000003714, 50.0, 24.0]","[-0.4, 0.0, 0.0]",0.6
R06_head_on_vertical_offset,837,168.40000000000404,1,"[-7.360000000003712, 50.0, 24.0]","[-0.4, 0.0, 0.0]",0.6
R06_head_on_vertical_offset,838,168.6000000000041,1,"[-7.44000000000371, 50.0, 24.0]","[-0.4, 0.0, 0.0]",0.6
R06_head_on_vertical_offset,839,168.80000000000413,1,"[-7.520000000003709, 50.0, 24.0]","[-0.4, 0.0, 0.0]",0.6
R06_head_on_vertical_offset,840,169.00000000000418,1,"[-7.600000000003707, 50.0, 24.0]","[-0.4, 0.0, 0.0]",0.6
R06_head_on_vertical_offset,841,169.20000000000422,1,"[-7.680000000003705, 50.0, 24.0]","[-0.4, 0.0, 0.0]",0.6
R06_head_on_vertical_offset,842,169.40000000000427,1,"[-7.7600000000037035, 50.0, 24.0]","[-0.4, 0.0, 0.0]",0.6
R06_head_on_vertical_offset,843,169.60000000000431,1,"[-7.840000000003702, 50.0, 24.0]","[-0.4, 0.0, 0.0]",0.6
R06_head_on_vertical_offset,844,169.80000000000436,1,"[-7.9200000000037, 50.0, 24.0]","[-0.4, 0.0, 0.0]",0.6
R06_head_on_vertical_offset,845,170.0000000000044,1,"[-8.000000000003698, 50.0, 24.0]","[-0.4, 0.0, 0.0]",0.6
R06_head_on_vertical_offset,846,170.20000000000445,1,"[-8.080000000003697, 50.0, 24.0]","[-0.4, 0.0, 0.0]",0.6
R06_head_on_vertical_offset,847,170.4000000000045,1,"[-8.160000000003695, 50.0, 24.0]","[-0.4, 0.0, 0.0]",0.6
R06_head_on_vertical_offset,848,170.60000000000454,1,"[-8.240000000003693, 50.0, 24.0]","[-0.4, 0.0, 0.0]",0.6
R06_head_on_vertical_offset,849,170.8000000000046,1,"[-8.320000000003692, 50.0, 24.0]","[-0.4, 0.0, 0.0]",0.6
R06_head_on_vertical_offset,850,171.00000000000463,1,"[-8.40000000000369, 50.0, 24.0]","[-0.4, 0.0, 0.0]",0.6
R06_head_on_vertical_offset,851,171.20000000000468,1,"[-8.480000000003688, 50.0, 24.0]","[-0.4, 0.0, 0.0]",0.6
R06_head_on_vertical_offset,852,171.40000000000472,1,"[-8.560000000003686, 50.0, 24.0]","[-0.4, 0.0, 0.0]",0.6
R06_head_on_vertical_offset,853,171.60000000000477,1,"[-8.640000000003685, 50.0, 24.0]","[-0.4, 0.0, 0.0]",0.6
R06_head_on_vertical_offset,854,171.80000000000481,1,"[-8.720000000003683, 50.0, 24.0]","[-0.4, 0.0, 0.0]",0.6
R06_head_on_vertical_offset,855,172.00000000000486,1,"[-8.800000000003681, 50.0, 24.0]","[-0.4, 0.0, 0.0]",0.6
R06_head_on_vertical_offset,856,172.2000000000049,1,"[-8.88000000000368, 50.0, 24.0]","[-0.4, 0.0, 0.0]",0.6
R06_head_on_vertical_offset,857,172.40000000000495,1,"[-8.960000000003678, 50.0, 24.0]","[-0.4, 0.0, 0.0]",0.6
R06_head_on_vertical_offset,858,172.600000000005,1,"[-9.040000000003676, 50.0, 24.0]","[-0.4, 0.0, 0.0]",0.6
R06_head_on_vertical_offset,859,172.80000000000504,1,"[-9.120000000003675, 50.0, 24.0]","[-0.4, 0.0, 0.0]",0.6
R06_head_on_vertical_offset,860,173.0000000000051,1,"[-9.200000000003673, 50.0, 24.0]","[-0.4, 0.0, 0.0]",0.6
R06_head_on_vertical_offset,861,173.20000000000513,1,"[-9.280000000003671, 50.0, 24.0]","[-0.4, 0.0, 0.0]",0.6
R06_head_on_vertical_offset,862,173.40000000000518,1,"[-9.36000000000367, 50.0, 24.0]","[-0.4, 0.0, 0.0]",0.6
R06_head_on_vertical_offset,863,173.60000000000522,1,"[-9.440000000003668, 50.0, 24.0]","[-0.4, 0.0, 0.0]",0.6
R06_head_on_vertical_offset,864,173.80000000000527,1,"[-9.520000000003666, 50.0, 24.0]","[-0.4, 0.0, 0.0]",0.6
R06_head_on_vertical_offset,865,174.00000000000531,1,"[-9.600000000003664, 50.0, 24.0]","[-0.4, 0.0, 0.0]",0.6
R06_head_on_vertical_offset,866,174.20000000000536,1,"[-9.680000000003663, 50.0, 24.0]","[-0.4, 0.0, 0.0]",0.6
R06_head_on_vertical_offset,867,174.4000000000054,1,"[-9.76000000000366, 50.0, 24.0]","[-0.4, 0.0, 0.0]",0.6
R06_head_on_vertical_offset,868,174.60000000000545,1,"[-9.84000000000366, 50.0, 24.0]","[-0.4, 0.0, 0.0]",0.6
R06_head_on_vertical_offset,869,174.8000000000055,1,"[-9.920000000003657, 50.0, 24.0]","[-0.4, 0.0, 0.0]",0.6
R06_head_on_vertical_offset,870,175.00000000000554,1,"[-10.000000000003656, 50.0, 24.0]","[-0.4, 0.0, 0.0]",0.6
R06_head_on_vertical_offset,871,175.2000000000056,1,"[-10.080000000003654, 50.0, 24.0]","[-0.4, 0.0, 0.0]",0.6
R06_head_on_vertical_offset,872,175.40000000000563,1,"[-10.160000000003652, 50.0, 24.0]","[-0.4, 0.0, 0.0]",0.6
R06_head_on_vertical_offset,873,175.60000000000568,1,"[-10.24000000000365, 50.0, 24.0]","[-0.4, 0.0, 0.0]",0.6
R06_head_on_vertical_offset,874,175.80000000000572,1,"[-10.320000000003649, 50.0, 24.0]","[-0.4, 0.0, 0.0]",0.6
R06_head_on_vertical_offset,875,176.00000000000577,1,"[-10.400000000003647, 50.0, 24.0]","[-0.4, 0.0, 0.0]",0.6
R06_head_on_vertical_offset,876,176.20000000000582,1,"[-10.480000000003646, 50.0, 24.0]","[-0.4, 0.0, 0.0]",0.6
R06_head_on_vertical_offset,877,176.40000000000586,1,"[-10.560000000003644, 50.0, 24.0]","[-0.4, 0.0, 0.0]",0.6
R06_head_on_vertical_offset,878,176.6000000000059,1,"[-10.640000000003642, 50.0, 24.0]","[-0.4, 0.0, 0.0]",0.6
R06_head_on_vertical_offset,879,176.80000000000595,1,"[-10.72000000000364, 50.0, 24.0]","[-0.4, 0.0, 0.0]",0.6
R06_head_on_vertical_offset,880,177.000000000006,1,"[-10.800000000003639, 50.0, 24.0]","[-0.4, 0.0, 0.0]",0.6
R06_head_on_vertical_offset,881,177.20000000000604,1,"[-10.880000000003637, 50.0, 24.0]","[-0.4, 0.0, 0.0]",0.6
R06_head_on_vertical_offset,882,177.4000000000061,1,"[-10.960000000003635, 50.0, 24.0]","[-0.4, 0.0, 0.0]",0.6
R06_head_on_vertical_offset,883,177.60000000000613,1,"[-11.040000000003634, 50.0, 24.0]","[-0.4, 0.0, 0.0]",0.6
R06_head_on_vertical_offset,884,177.80000000000618,1,"[-11.120000000003632, 50.0, 24.0]","[-0.4, 0.0, 0.0]",0.6
R06_head_on_vertical_offset,885,178.00000000000622,1,"[-11.20000000000363, 50.0, 24.0]","[-0.4, 0.0, 0.0]",0.6
R06_head_on_vertical_offset,886,178.20000000000627,1,"[-11.280000000003628, 50.0, 24.0]","[-0.4, 0.0, 0.0]",0.6
R06_head_on_vertical_offset,887,178.40000000000632,1,"[-11.360000000003627, 50.0, 24.0]","[-0.4, 0.0, 0.0]",0.6
R06_head_on_vertical_offset,888,178.60000000000636,1,"[-11.440000000003625, 50.0, 24.0]","[-0.4, 0.0, 0.0]",0.6
R06_head_on_vertical_offset,889,178.8000000000064,1,"[-11.520000000003623, 50.0, 24.0]","[-0.4, 0.0, 0.0]",0.6
R06_head_on_vertical_offset,890,179.00000000000645,1,"[-11.600000000003622, 50.0, 24.0]","[-0.4, 0.0, 0.0]",0.6
R06_head_on_vertical_offset,891,179.2000000000065,1,"[-11.68000000000362, 50.0, 24.0]","[-0.4, 0.0, 0.0]",0.6
R06_head_on_vertical_offset,892,179.40000000000654,1,"[-11.760000000003618, 50.0, 24.0]","[-0.4, 0.0, 0.0]",0.6
R06_head_on_vertical_offset,893,179.6000000000066,1,"[-11.840000000003617, 50.0, 24.0]","[-0.4, 0.0, 0.0]",0.6
R06_head_on_vertical_offset,894,179.80000000000663,1,"[-11.920000000003615, 50.0, 24.0]","[-0.4, 0.0, 0.0]",0.6
R06_head_on_vertical_offset,895,180.00000000000668,1,"[-12.000000000003613, 50.0, 24.0]","[-0.4, 0.0, 0.0]",0.6
R06_head_on_vertical_offset,896,180.20000000000672,1,"[-12.080000000003611, 50.0, 24.0]","[-0.4, 0.0, 0.0]",0.6
R06_head_on_vertical_offset,897,180.40000000000677,1,"[-12.16000000000361, 50.0, 24.0]","[-0.4, 0.0, 0.0]",0.6
R06_head_on_vertical_offset,898,180.60000000000682,1,"[-12.240000000003608, 50.0, 24.0]","[-0.4, 0.0, 0.0]",0.6
R06_head_on_vertical_offset,899,180.80000000000686,1,"[-12.320000000003606, 50.0, 24.0]","[-0.4, 0.0, 0.0]",0.6
R06_head_on_vertical_offset,900,181.0000000000069,1,"[-12.400000000003605, 50.0, 24.0]","[-0.4, 0.0, 0.0]",0.6
R06_head_on_vertical_offset,901,181.20000000000695,1,"[-12.480000000003603, 50.0, 24.0]","[-0.4, 0.0, 0.0]",0.6
R06_head_on_vertical_offset,902,181.400000000007,1,"[-12.560000000003601, 50.0, 24.0]","[-0.4, 0.0, 0.0]",0.6
R06_head_on_vertical_offset,903,181.60000000000704,1,"[-12.6400000000036, 50.0, 24.0]","[-0.4, 0.0, 0.0]",0.6
R06_head_on_vertical_offset,904,181.8000000000071,1,"[-12.720000000003598, 50.0, 24.0]","[-0.4, 0.0, 0.0]",0.6
R06_head_on_vertical_offset,905,182.00000000000713,1,"[-12.800000000003596, 50.0, 24.0]","[-0.4, 0.0, 0.0]",0.6
R06_head_on_vertical_offset,906,182.20000000000718,1,"[-12.880000000003594, 50.0, 24.0]","[-0.4, 0.0, 0.0]",0.6
R06_head_on_vertical_offset,907,182.40000000000722,1,"[-12.960000000003593, 50.0, 24.0]","[-0.4, 0.0, 0.0]",0.6
R06_head_on_vertical_offset,908,182.60000000000727,1,"[-13.040000000003591, 50.0, 24.0]","[-0.4, 0.0, 0.0]",0.6
R06_head_on_vertical_offset,909,182.80000000000732,1,"[-13.12000000000359, 50.0, 24.0]","[-0.4, 0.0, 0.0]",0.6
R06_head_on_vertical_offset,910,183.00000000000736,1,"[-13.200000000003588, 50.0, 24.0]","[-0.4, 0.0, 0.0]",0.6
R06_head_on_vertical_offset,911,183.2000000000074,1,"[-13.280000000003586, 50.0, 24.0]","[-0.4, 0.0, 0.0]",0.6
R06_head_on_vertical_offset,912,183.40000000000745,1,"[-13.360000000003584, 50.0, 24.0]","[-0.4, 0.0, 0.0]",0.6
R06_head_on_vertical_offset,913,183.6000000000075,1,"[-13.440000000003582, 50.0, 24.0]","[-0.4, 0.0, 0.0]",0.6
R06_head_on_vertical_offset,914,183.80000000000754,1,"[-13.52000000000358, 50.0, 24.0]","[-0.4, 0.0, 0.0]",0.6
R06_head_on_vertical_offset,915,184.0000000000076,1,"[-13.600000000003579, 50.0, 24.0]","[-0.4, 0.0, 0.0]",0.6
R06_head_on_vertical_offset,916,184.20000000000763,1,"[-13.680000000003577, 50.0, 24.0]","[-0.4, 0.0, 0.0]",0.6
R06_head_on_vertical_offset,917,184.40000000000768,1,"[-13.760000000003576, 50.0, 24.0]","[-0.4, 0.0, 0.0]",0.6
R06_head_on_vertical_offset,918,184.60000000000773,1,"[-13.840000000003574, 50.0, 24.0]","[-0.4, 0.0, 0.0]",0.6
R06_head_on_vertical_offset,919,184.80000000000777,1,"[-13.920000000003572, 50.0, 24.0]","[-0.4, 0.0, 0.0]",0.6
R06_head_on_vertical_offset,920,185.00000000000782,1,"[-14.00000000000357, 50.0, 24.0]","[-0.4, 0.0, 0.0]",0.6
R06_head_on_vertical_offset,921,185.20000000000786,1,"[-14.080000000003569, 50.0, 24.0]","[-0.4, 0.0, 0.0]",0.6
R06_head_on_vertical_offset,922,185.4000000000079,1,"[-14.160000000003567, 50.0, 24.0]","[-0.4, 0.0, 0.0]",0.6
R06_head_on_vertical_offset,923,185.60000000000795,1,"[-14.240000000003565, 50.0, 24.0]","[-0.4, 0.0, 0.0]",0.6
R06_head_on_vertical_offset,924,185.800000000008,1,"[-14.320000000003564, 50.0, 24.0]","[-0.4, 0.0, 0.0]",0.6
R06_head_on_vertical_offset,925,186.00000000000804,1,"[-14.400000000003562, 50.0, 24.0]","[-0.4, 0.0, 0.0]",0.6
R06_head_on_vertical_offset,926,186.2000000000081,1,"[-14.48000000000356, 50.0, 24.0]","[-0.4, 0.0, 0.0]",0.6
R06_head_on_vertical_offset,927,186.40000000000813,1,"[-14.560000000003559, 50.0, 24.0]","[-0.4, 0.0, 0.0]",0.6
R06_head_on_vertical_offset,928,186.60000000000818,1,"[-14.640000000003557, 50.0, 24.0]","[-0.4, 0.0, 0.0]",0.6
R06_head_on_vertical_offset,929,186.80000000000823,1,"[-14.720000000003555, 50.0, 24.0]","[-0.4, 0.0, 0.0]",0.6
R06_head_on_vertical_offset,930,187.00000000000827,1,"[-14.800000000003553, 50.0, 24.0]","[-0.4, 0.0, 0.0]",0.6
R06_head_on_vertical_offset,931,187.20000000000832,1,"[-14.880000000003552, 50.0, 24.0]","[-0.4, 0.0, 0.0]",0.6
R06_head_on_vertical_offset,932,187.40000000000836,1,"[-14.96000000000355, 50.0, 24.0]","[-0.4, 0.0, 0.0]",0.6
R06_head_on_vertical_offset,933,187.6000000000084,1,"[-15.040000000003548, 50.0, 24.0]","[-0.4, 0.0, 0.0]",0.6
R06_head_on_vertical_offset,934,187.80000000000845,1,"[-15.120000000003547, 50.0, 24.0]","[-0.4, 0.0, 0.0]",0.6
R06_head_on_vertical_offset,935,188.0000000000085,1,"[-15.200000000003545, 50.0, 24.0]","[-0.4, 0.0, 0.0]",0.6
R06_head_on_vertical_offset,936,188.20000000000854,1,"[-15.280000000003543, 50.0, 24.0]","[-0.4, 0.0, 0.0]",0.6
R06_head_on_vertical_offset,937,188.4000000000086,1,"[-15.360000000003541, 50.0, 24.0]","[-0.4, 0.0, 0.0]",0.6
R06_head_on_vertical_offset,938,188.60000000000863,1,"[-15.44000000000354, 50.0, 24.0]","[-0.4, 0.0, 0.0]",0.6
R06_head_on_vertical_offset,939,188.80000000000868,1,"[-15.520000000003538, 50.0, 24.0]","[-0.4, 0.0, 0.0]",0.6
R06_head_on_vertical_offset,940,189.00000000000873,1,"[-15.600000000003536, 50.0, 24.0]","[-0.4, 0.0, 0.0]",0.6
R06_head_on_vertical_offset,941,189.20000000000877,1,"[-15.680000000003535, 50.0, 24.0]","[-0.4, 0.0, 0.0]",0.6
R06_head_on_vertical_offset,942,189.40000000000882,1,"[-15.760000000003533, 50.0, 24.0]","[-0.4, 0.0, 0.0]",0.6
R06_head_on_vertical_offset,943,189.60000000000886,1,"[-15.840000000003531, 50.0, 24.0]","[-0.4, 0.0, 0.0]",0.6
R06_head_on_vertical_offset,944,189.8000000000089,1,"[-15.92000000000353, 50.0, 24.0]","[-0.4, 0.0, 0.0]",0.6
R06_head_on_vertical_offset,945,190.00000000000895,1,"[-16.000000000003528, 50.0, 24.0]","[-0.4, 0.0, 0.0]",0.6
R06_head_on_vertical_offset,946,190.200000000009,1,"[-16.080000000003526, 50.0, 24.0]","[-0.4, 0.0, 0.0]",0.6
R06_head_on_vertical_offset,947,190.40000000000904,1,"[-16.160000000003524, 50.0, 24.0]","[-0.4, 0.0, 0.0]",0.6
R06_head_on_vertical_offset,948,190.6000000000091,1,"[-16.240000000003523, 50.0, 24.0]","[-0.4, 0.0, 0.0]",0.6
R06_head_on_vertical_offset,949,190.80000000000913,1,"[-16.32000000000352, 50.0, 24.0]","[-0.4, 0.0, 0.0]",0.6
R06_head_on_vertical_offset,950,191.00000000000918,1,"[-16.40000000000352, 50.0, 24.0]","[-0.4, 0.0, 0.0]",0.6
R06_head_on_vertical_offset,951,191.20000000000923,1,"[-16.480000000003518, 50.0, 24.0]","[-0.4, 0.0, 0.0]",0.6
R06_head_on_vertical_offset,952,191.40000000000927,1,"[-16.560000000003516, 50.0, 24.0]","[-0.4, 0.0, 0.0]",0.6
R06_head_on_vertical_offset,953,191.60000000000932,1,"[-16.640000000003514, 50.0, 24.0]","[-0.4, 0.0, 0.0]",0.6
R06_head_on_vertical_offset,954,191.80000000000936,1,"[-16.720000000003512, 50.0, 24.0]","[-0.4, 0.0, 0.0]",0.6
R06_head_on_vertical_offset,955,192.0000000000094,1,"[-16.80000000000351, 50.0, 24.0]","[-0.4, 0.0, 0.0]",0.6
R06_head_on_vertical_offset,956,192.20000000000945,1,"[-16.88000000000351, 50.0, 24.0]","[-0.4, 0.0, 0.0]",0.6
R06_head_on_vertical_offset,957,192.4000000000095,1,"[-16.960000000003507, 50.0, 24.0]","[-0.4, 0.0, 0.0]",0.6
R06_head_on_vertical_offset,958,192.60000000000954,1,"[-17.040000000003506, 50.0, 24.0]","[-0.4, 0.0, 0.0]",0.6
R06_head_on_vertical_offset,959,192.8000000000096,1,"[-17.120000000003504, 50.0, 24.0]","[-0.4, 0.0, 0.0]",0.6
R06_head_on_vertical_offset,960,193.00000000000963,1,"[-17.200000000003502, 50.0, 24.0]","[-0.4, 0.0, 0.0]",0.6
R06_head_on_vertical_offset,961,193.20000000000968,1,"[-17.2800000000035, 50.0, 24.0]","[-0.4, 0.0, 0.0]",0.6
R06_head_on_vertical_offset,962,193.40000000000973,1,"[-17.3600000000035, 50.0, 24.0]","[-0.4, 0.0, 0.0]",0.6
R06_head_on_vertical_offset,963,193.60000000000977,1,"[-17.440000000003497, 50.0, 24.0]","[-0.4, 0.0, 0.0]",0.6
R06_head_on_vertical_offset,964,193.80000000000982,1,"[-17.520000000003495, 50.0, 24.0]","[-0.4, 0.0, 0.0]",0.6
R06_head_on_vertical_offset,965,194.00000000000986,1,"[-17.600000000003494, 50.0, 24.0]","[-0.4, 0.0, 0.0]",0.6
R06_head_on_vertical_offset,966,194.2000000000099,1,"[-17.680000000003492, 50.0, 24.0]","[-0.4, 0.0, 0.0]",0.6
R06_head_on_vertical_offset,967,194.40000000000995,1,"[-17.76000000000349, 50.0, 24.0]","[-0.4, 0.0, 0.0]",0.6
R06_head_on_vertical_offset,968,194.60000000001,1,"[-17.84000000000349, 50.0, 24.0]","[-0.4, 0.0, 0.0]",0.6
R06_head_on_vertical_offset,969,194.80000000001004,1,"[-17.920000000003487, 50.0, 24.0]","[-0.4, 0.0, 0.0]",0.6
R06_head_on_vertical_offset,970,195.0000000000101,1,"[-18.000000000003485, 50.0, 24.0]","[-0.4, 0.0, 0.0]",0.6
R06_head_on_vertical_offset,971,195.20000000001014,1,"[-18.080000000003484, 50.0, 24.0]","[-0.4, 0.0, 0.0]",0.6
R06_head_on_vertical_offset,972,195.40000000001018,1,"[-18.160000000003482, 50.0, 24.0]","[-0.4, 0.0, 0.0]",0.6
R06_head_on_vertical_offset,973,195.60000000001023,1,"[-18.24000000000348, 50.0, 24.0]","[-0.4, 0.0, 0.0]",0.6
R06_head_on_vertical_offset,974,195.80000000001027,1,"[-18.32000000000348, 50.0, 24.0]","[-0.4, 0.0, 0.0]",0.6
R06_head_on_vertical_offset,975,196.00000000001032,1,"[-18.400000000003477, 50.0, 24.0]","[-0.4, 0.0, 0.0]",0.6
R06_head_on_vertical_offset,976,196.20000000001036,1,"[-18.480000000003475, 50.0, 24.0]","[-0.4, 0.0, 0.0]",0.6
R06_head_on_vertical_offset,977,196.4000000000104,1,"[-18.560000000003473, 50.0, 24.0]","[-0.4, 0.0, 0.0]",0.6
R06_head_on_vertical_offset,978,196.60000000001045,1,"[-18.64000000000347, 50.0, 24.0]","[-0.4, 0.0, 0.0]",0.6
R06_head_on_vertical_offset,979,196.8000000000105,1,"[-18.72000000000347, 50.0, 24.0]","[-0.4, 0.0, 0.0]",0.6
R06_head_on_vertical_offset,980,197.00000000001054,1,"[-18.800000000003468, 50.0, 24.0]","[-0.4, 0.0, 0.0]",0.6
R06_head_on_vertical_offset,981,197.2000000000106,1,"[-18.880000000003466, 50.0, 24.0]","[-0.4, 0.0, 0.0]",0.6
R06_head_on_vertical_offset,982,197.40000000001064,1,"[-18.960000000003465, 50.0, 24.0]","[-0.4, 0.0, 0.0]",0.6
R06_head_on_vertical_offset,983,197.60000000001068,1,"[-19.040000000003463, 50.0, 24.0]","[-0.4, 0.0, 0.0]",0.6
R06_head_on_vertical_offset,984,197.80000000001073,1,"[-19.12000000000346, 50.0, 24.0]","[-0.4, 0.0, 0.0]",0.6
R06_head_on_vertical_offset,985,198.00000000001077,1,"[-19.20000000000346, 50.0, 24.0]","[-0.4, 0.0, 0.0]",0.6
R06_head_on_vertical_offset,986,198.20000000001082,1,"[-19.280000000003458, 50.0, 24.0]","[-0.4, 0.0, 0.0]",0.6
R06_head_on_vertical_offset,987,198.40000000001086,1,"[-19.360000000003456, 50.0, 24.0]","[-0.4, 0.0, 0.0]",0.6
R06_head_on_vertical_offset,988,198.6000000000109,1,"[-19.440000000003455, 50.0, 24.0]","[-0.4, 0.0, 0.0]",0.6
R06_head_on_vertical_offset,989,198.80000000001095,1,"[-19.520000000003453, 50.0, 24.0]","[-0.4, 0.0, 0.0]",0.6
R06_head_on_vertical_offset,990,199.000000000011,1,"[-19.60000000000345, 50.0, 24.0]","[-0.4, 0.0, 0.0]",0.6
R06_head_on_vertical_offset,991,199.20000000001104,1,"[-19.68000000000345, 50.0, 24.0]","[-0.4, 0.0, 0.0]",0.6
R06_head_on_vertical_offset,992,199.4000000000111,1,"[-19.760000000003448, 50.0, 24.0]","[-0.4, 0.0, 0.0]",0.6
R06_head_on_vertical_offset,993,199.60000000001114,1,"[-19.840000000003446, 50.0, 24.0]","[-0.4, 0.0, 0.0]",0.6
R06_head_on_vertical_offset,994,199.80000000001118,1,"[-19.920000000003444, 50.0, 24.0]","[-0.4, 0.0, 0.0]",0.6
R06_head_on_vertical_offset,995,200.00000000001123,1,"[-20.000000000003443, 50.0, 24.0]","[-0.4, 0.0, 0.0]",0.6
R06_head_on_vertical_offset,996,200.20000000001127,1,"[-20.08000000000344, 50.0, 24.0]","[-0.4, 0.0, 0.0]",0.6
R06_head_on_vertical_offset,997,200.40000000001132,1,"[-20.16000000000344, 50.0, 24.0]","[-0.4, 0.0, 0.0]",0.6
R06_head_on_vertical_offset,998,200.60000000001136,1,"[-20.240000000003437, 50.0, 24.0]","[-0.4, 0.0, 0.0]",0.6
R06_head_on_vertical_offset,999,200.8000000000114,1,"[-20.320000000003436, 50.0, 24.0]","[-0.4, 0.0, 0.0]",0.6
R06_head_on_vertical_offset,1000,201.00000000001145,1,"[-20.400000000003434, 50.0, 24.0]","[-0.4, 0.0, 0.0]",0.6
