case_id,control_step,timestamp_s,north_m,east_m,down_m,yaw_rad,pitch_rad,surge_speed_mps,yaw_rate_rad_s,pitch_rate_rad_s,nominal_a0,nominal_a1,nominal_a2,executed_a0,executed_a1,executed_a2,surge_command_mps,yaw_rate_command_rad_s,pitch_rate_command_rad_s,reward,elapsed_s,minimum_clearance_m,failure_type,reward_progress,reward_goal,reward_time,reward_smoothness
R01_horizontal_empty,0,1.0,20.30000000000001,50.0,20.0,0.0,0.0,0.3,0.0,0.0,,,,,,,,,,,,,,,,,
R01_horizontal_empty,1,1.2000000000000002,20.36999930512772,50.000234373411104,19.99997240673239,0.010000000000000002,0.0011340967738258782,0.4000000000000001,0.09898531198501588,0.010546106214597237,0.8109140992164612,0.9352946281433105,0.12814299762248993,0.8109140992164612,0.9352946281433105,0.12814299762248993,1.3865484595298767,0.3273531198501587,0.03203574940562248,-0.023412826219561436,0.20000000000000018,,none,0.06999930466072612,0.0,-0.010000000000000009,-0.08341213088028755
R01_horizontal_empty,2,1.4000000000000004,20.459973071955943,50.00224376913937,19.999538165743683,0.035891107779972495,0.010957924490701695,0.5000000000000001,0.15565459397984996,0.0836175029878461,0.947471022605896,0.7746535539627075,0.942192554473877,0.947471022605896,0.7746535539627075,0.942192554473877,1.4684826135635376,0.27112874388694763,0.23554813861846924,0.06583112264477928,0.20000000000000018,,none,0.0899737232257678,0.0,-0.010000000000000009,-0.014142600580988512
R01_horizontal_empty,3,1.6000000000000005,20.569783921206344,50.00811359994759,19.997199840487145,0.07145989633885795,0.032698610702570505,0.6000000000000002,0.19692289397542131,0.1302729327606112,0.9379024505615234,0.8028991222381592,0.9013680219650269,0.9379024505615234,0.8028991222381592,0.9013680219650269,1.4627414703369142,0.28101469278335567,0.2253420054912567,0.09975915326247586,0.20000000000000018,,none,0.10981027350553063,0.0,-0.010000000000000009,-5.112024305475416e-05
R01_horizontal_empty,4,1.8000000000000007,20.699075410000276,50.020115595337295,19.99117122428851,0.11364005095976684,0.059800134583065725,0.7000000000000003,0.2229192994590979,0.140008532508242,0.9209633469581604,0.7882622480392456,0.6393864750862122,0.9209633469581604,0.7882622480392456,0.6393864750862122,1.4525780081748962,0.27589178681373594,0.15984661877155304,0.1179053296184658,0.20000000000000018,,none,0.12928803966291014,0.0,-0.010000000000000009,-0.0013827100444443374
R01_horizontal_empty,5,2.000000000000001,20.847246388956147,50.040561590167925,19.98011624370199,0.16041256482601074,0.08683642359963407,0.8000000000000004,0.24327186355591007,0.131030995869339,0.8953868746757507,0.8135542273521423,0.45095041394233704,0.8953868746757507,0.8135542273521423,0.45095041394233704,1.4372321248054505,0.2847439795732498,0.11273760348558426,0.1374217595010713,0.20000000000000018,,none,0.1481577992868992,0.0,-0.010000000000000009,-0.0007360397858279022
R01_horizontal_empty,6,2.2,21.013476917891154,50.07179693560393,19.963240042210895,0.21074392789848717,0.1108203580177432,0.9000000000000005,0.25886640440924824,0.1103658809584442,0.8824212551116943,0.830409049987793,0.27302753925323486,0.8824212551116943,0.830409049987793,0.27302753925323486,1.4294527530670167,0.2906431674957275,0.06825688481330872,0.15555045375062548,0.1999999999999993,,none,0.16619262858411332,0.0,-0.009999999999999966,-0.0006421748334878608
R01_horizontal_empty,7,2.3999999999999995,21.19677689505126,50.116160556638015,19.9403439305376,0.2637594993928754,0.12917945798385067,1.0000000000000004,0.27041861851619015,0.07582822661704722,0.8436241149902344,0.8398811221122742,0.021805455908179283,0.8436241149902344,0.8398811221122742,0.021805455908179283,1.4061744689941407,0.2939583927392959,0.005451363977044821,0.17191598375044545,0.1999999999999993,,none,0.18321013321828872,0.0,-0.009999999999999966,-0.0012941494678433123
R01_horizontal_empty,8,2.5999999999999988,21.394117102433853,50.1753449001626,19.912248511223023,0.31866382046772745,0.14031886490386408,1.0759845926325555,0.27804945500227407,0.03838773756225299,0.7395308017730713,0.8388534188270569,-0.15161675214767456,0.7395308017730713,0.8388534188270569,-0.15161675214767456,1.3437184810638427,0.2935986965894699,-0.03790418803691864,0.18633896052166393,0.1999999999999993,,none,0.19715719524721464,0.0,-0.009999999999999966,-0.0008182347255507344
R01_horizontal_empty,9,2.799999999999998,21.598566449327958,50.249215056243045,19.880900303287486,0.37452699743730405,0.14500845597840215,1.1186124904662835,0.28040479256664574,0.010602360964705813,0.614688515663147,0.814869225025177,-0.1840619444847107,0.614688515663147,0.814869225025177,-0.1840619444847107,1.268813109397888,0.2852042287588119,-0.04601548612117767,0.19377990857049757,0.1999999999999993,,none,0.20412417913968284,0.0,-0.009999999999999966,-0.0003442705691853121
R01_horizontal_empty,10,2.9999999999999973,21.803853345979242,50.33661639879173,19.848151345571505,0.4302201858035875,0.14605307893588343,1.1359277340767284,0.27679886999286185,0.0005979058159823786,0.4948974847793579,0.7698603868484497,-0.07915209233760834,0.4948974847793579,0.7698603868484497,-0.07915209233760834,1.1969384908676146,0.26945113539695736,-0.019788023084402084,0.19422081673140718,0.1999999999999993,,none,0.20476845200484206,0.0,-0.009999999999999966,-0.0005476352734349321
R01_horizontal_empty,11,3.1999999999999966,22.00529121783004,50.435856244563695,19.81495001543465,0.4851592955562927,0.14820339141068378,1.134387045723292,0.27288706112435335,0.019481927532431623,0.3815973103046417,0.7569029331207275,0.23184646666049957,0.3815973103046417,0.7569029331207275,0.23184646666049957,1.128958386182785,0.2649160265922546,0.05796161666512489,0.18848196587033003,0.1999999999999993,,none,0.20067646444717013,0.0,-0.009999999999999966,-0.002194498576840136
R01_horizontal_empty,12,3.399999999999996,22.199992497745885,50.5453873281204,19.780912855592103,0.5398076156567421,0.1552864049846036,1.1260078519398313,0.27354644223235347,0.04911477619330784,0.3274725377559662,0.7854001522064209,0.4379887580871582,0.3274725377559662,0.7854001522064209,0.4379887580871582,1.0964835226535796,0.2748900532722473,0.10949718952178955,0.18272136621036583,0.1999999999999993,,none,0.19364609074663974,0.0,-0.009999999999999966,-0.0009247245362739465
R01_horizontal_empty,13,3.599999999999995,22.38669297067512,50.66429774178005,19.745004674413135,0.5944980901579877,0.16699352273562212,1.1171344868510082,0.273371489027973,0.06663583651150709,0.309781551361084,0.780042827129364,0.40935295820236206,0.309781551361084,0.780042827129364,0.40935295820236206,1.0858689308166503,0.27301498949527736,0.10233823955059052,0.17527154829337663,0.1999999999999993,,none,0.18529478191270954,0.0,-0.009999999999999966,-2.3233619332945212e-05
R01_horizontal_empty,14,3.7999999999999945,22.564873314055916,50.79199007386641,19.706614928396036,0.6492225130911791,0.17939301222282802,1.108988660959945,0.27383760879116786,0.05800924573308675,0.30047768354415894,0.785106897354126,0.16172388195991516,0.30047768354415894,0.785106897354126,0.16172388195991516,1.0802866101264954,0.2747874140739441,0.04043097048997879,0.16513612127471336,0.1999999999999993,,none,0.176364768597999,0.0,-0.009999999999999966,-0.0012286473232856743
R01_horizontal_empty,15,3.999999999999994,22.73593018190361,50.92915010704667,19.665800298604278,0.701579938673441,0.1873739946353658,1.120913852081753,0.25142582626449167,0.02433835798539994,0.4382210075855255,0.5878790616989136,-0.17708922922611237,0.4382210075855255,0.5878790616989136,-0.17708922922611237,1.1629326045513153,0.20575767159461975,-0.04427230730652809,0.155300379679542,0.1999999999999993,,none,0.16875370701527714,0.0,-0.009999999999999966,-0.003453327335735197
R01_horizontal_empty,16,4.199999999999993,22.9037242463938,51.07742406409869,19.62318637314196,0.7420802606628076,0.18682927476744768,1.1569174726214717,0.1579567582363553,-0.025992139889390052,0.6396287679672241,-0.11076556146144867,-0.5141993761062622,0.6396287679672241,-0.11076556146144867,-0.5141993761062622,1.2837772607803344,-0.03876794651150703,-0.12854984402656555,0.14205251915764358,0.1999999999999993,,none,0.1648987720884918,0.0,-0.009999999999999966,-0.01284625293084825
R01_horizontal_empty,17,4.399999999999992,23.072743889366343,51.23640973717526,19.58034468259641,0.7636716123100787,0.17660761919306167,1.2007232829519596,0.057956758236355314,-0.07270375480224829,0.7584571838378906,-0.5955770015716553,-0.6715492606163025,0.7584571838378906,-0.5955770015716553,-0.6715492606163025,1.3550743103027343,-0.20845195055007934,-0.16788731515407562,0.1499774509324847,0.1999999999999993,,none,0.16545587715319243,0.0,-0.009999999999999966,-0.0054784262207077505
R01_horizontal_empty,18,4.599999999999992,23.244963168430534,51.40218831214486,19.539657493317538,0.7652761656557736,0.15984732528605466,1.2230713733173606,-0.040291577223541944,-0.09334355927262757,0.6696925163269043,-0.7478930354118347,-0.5416039228439331,0.6696925163269043,-0.7478930354118347,-0.5416039228439331,1.3018155097961426,-0.26176256239414214,-0.13540098071098328,0.15704677695151292,0.1999999999999993,,none,0.16800607957495117,0.0,-0.009999999999999966,-0.0009593026234382762
R01_horizontal_empty,19,4.799999999999991,23.422948083805743,51.570754573207985,19.5023275074223,0.7480027366736842,0.14314499983851112,1.255128309845772,-0.1262117788716371,-0.0750578887852553,0.7801364064216614,-0.8604789972305298,-0.15118980407714844,0.7801364064216614,-0.8604789972305298,-0.15118980407714844,1.368081843852997,-0.3011676490306854,-0.03779745101928711,0.15963560034911997,0.1999999999999993,,none,0.1731815330649269,0.0,-0.009999999999999966,-0.00354593271580697
R01_horizontal_empty,20,4.99999999999999,23.610002561090806,51.73928429344763,19.467410759966004,0.7166889247190956,0.13482442657661017,1.2854156742945315,-0.182671001075665,-0.012837410148187407,0.8202234506607056,-0.8506203293800354,0.4557933211326599,0.8202234506607056,-0.8506203293800354,0.4557933211326599,1.3921340703964233,-0.29771711528301237,0.11394833028316498,0.16430954026913736,0.1999999999999993,,none,0.18171219384387882,0.0,-0.009999999999999966,-0.0074026535747415065
R01_horizontal_empty,21,5.1999999999999895,23.806302475354137,51.90374512973201,19.432443085321047,0.6770117080232798,0.1388891734400658,1.2987574426776831,-0.21189830019555386,0.04883650689341023,0.7429459095001221,-0.775583803653717,0.6980341076850891,0.7429459095001221,-0.775583803653717,0.6980341076850891,1.3457675457000733,-0.2714543312788009,0.17450852692127228,0.17912182557375733,0.1999999999999993,,none,0.19052748351836613,0.0,-0.009999999999999966,-0.0014056579446088335
R01_horizontal_empty,22,5.399999999999989,24.008890338382965,52.05981422061594,19.395279990402326,0.6363488639384139,0.15030791422524045,1.2862021374846713,-0.19593341622599453,0.0641934462567844,0.569938600063324,-0.46686288714408875,0.3819442093372345,0.569938600063324,-0.46686288714408875,0.3819442093372345,1.2419631600379943,-0.16340201050043104,0.09548605233430862,0.18204887034542827,0.1999999999999993,,none,0.1965519294903615,0.0,-0.009999999999999966,-0.004503059144933239
R01_horizontal_empty,23,5.599999999999988,24.2131344443793,52.20538921845819,19.355717695639942,0.6045830866114511,0.16233555569549177,1.2545502359832013,-0.12692549394945488,0.05665141259435031,0.4050397574901581,0.039116911590099335,0.16513249278068542,0.4050397574901581,0.039116911590099335,0.16513249278068542,1.1430238544940947,0.013690919056534766,0.041283123195171356,0.1814862081603613,0.1999999999999993,,none,0.1980904982692664,0.0,-0.009999999999999966,-0.006604290108905132
R01_horizontal_empty,24,5.799999999999987,24.414909784531336,52.34197070418367,19.31439770229127,0.5891979878215601,0.17369466103947412,1.218518832545717,-0.02741916657132077,0.056919439611139516,0.3192685842514038,0.5875365138053894,0.22986237704753876,0.3192685842514038,0.5875365138053894,0.22986237704753876,1.0915611505508422,0.20563777983188627,0.05746559426188469,0.1792820277997118,0.1999999999999993,,none,0.19552824204311037,0.0,-0.009999999999999966,-0.006246214243398593
R01_horizontal_empty,25,5.999999999999987,24.610089615726178,52.47253188341461,19.27169734075255,0.5937082423047152,0.18671074832589363,1.170487618105248,0.07110616973061203,0.07209746344070526,0.16874709725379944,0.8434741497039795,0.41210198402404785,0.16874709725379944,0.8434741497039795,0.41210198402404785,1.0012482583522797,0.2952159523963928,0.10302549600601196,0.17635109157465748,0.1999999999999993,,none,0.18877853289202307,0.0,-0.009999999999999966,-0.0024274413173656353
R01_horizontal_empty,26,6.199999999999986,24.79524628525318,52.60015828071349,19.227496052348826,0.6164283342761897,0.20175717944169336,1.1236221020432897,0.15013810201958133,0.07792744144672333,0.09748352319002151,0.8890865445137024,0.3592284023761749,0.09748352319002151,0.8890865445137024,0.3592284023761749,0.958490113914013,0.3111802905797958,0.08980710059404373,0.16829962559026798,0.1999999999999993,,none,0.17849871765396585,0.0,-0.009999999999999966,-0.00019909206369791765
R01_horizontal_empty,27,6.399999999999985,24.97155413319173,52.72951100014603,19.181183106433643,0.6512723719388798,0.2147570847183233,1.1122367592318594,0.1949265620144832,0.05388378511326966,0.2868669629096985,0.8176895380020142,0.019561542198061943,0.2868669629096985,0.8176895380020142,0.019561542198061943,1.0721201777458191,0.2861913383007049,0.004890385549515486,0.15604308611939158,0.1999999999999993,,none,0.16916983003303443,0.0,-0.009999999999999966,-0.0031267439136428866
R01_horizontal_empty,28,6.5999999999999845,25.143905640602384,52.86610279870946,19.132417502542182,0.6881997976484948,0.2195348307022667,1.1391756803158015,0.17579001904404473,-0.0019017607562895056,0.5568262338638306,0.39084506034851074,-0.46230053901672363,0.5568262338638306,0.39084506034851074,-0.46230053901672363,1.2340957403182984,0.13679577112197874,-0.11557513475418091,0.14466964380417865,0.1999999999999993,,none,0.1644149494319791,0.0,-0.009999999999999966,-0.009745305627800465
R01_horizontal_empty,29,6.799999999999984,25.317597873664816,53.013217760259785,19.0822553771518,0.7133578014573038,0.21166389948468886,1.1893617533434329,0.07579001904404475,-0.07201098118844979,0.7769896984100342,-0.5135035514831543,-0.8621454238891602,0.7769896984100342,-0.5135035514831543,-0.8621454238891602,1.3661938190460206,-0.179726243019104,-0.21553635597229004,0.13419546312636133,0.1999999999999993,,none,0.16471934902239127,0.0,-0.009999999999999966,-0.02052388589602998
R01_horizontal_empty,30,6.999999999999983,25.496636211393906,53.169574900043614,19.033386067557007,0.7188764526556104,0.19221166053353608,1.235254363881158,-0.015493914735593885,-0.11897195319153975,0.8282638192176819,-0.5864346027374268,-0.8586544990539551,0.8282638192176819,-0.5864346027374268,-0.8586544990539551,1.3969582915306091,-0.20525211095809937,-0.21466362476348877,0.15888564304969885,0.1999999999999993,,none,0.16904484625485594,0.0,-0.009999999999999966,-0.0001592032051571124
R01_horizontal_empty,31,7.199999999999982,25.683261671768516,53.331414747614424,18.98847642375741,0.7068278176903519,0.1671320105484287,1.273749018985757,-0.09878186294853983,-0.13092373887462996,0.848976731300354,-0.7670372724533081,-0.6211108565330505,0.848976731300354,-0.7670372724533081,-0.6211108565330505,1.4093860387802124,-0.26846304535865784,-0.15527771413326263,0.16400853989505795,0.1999999999999993,,none,0.17579800651780886,0.0,-0.009999999999999966,-0.0017894666227509504
R01_horizontal_empty,32,7.399999999999982,25.879362012287288,53.494801914977316,18.948461045773406,0.6801805026073334,0.14558671309407578,1.3083785301433106,-0.16286158976759504,-0.08778091633308302,0.8839943408966064,-0.8383882641792297,0.0005222763284109533,0.8839943408966064,-0.8383882641792297,0.0005222763284109533,1.430396604537964,-0.2934358924627304,0.00013056908210273832,0.16679966633060722,0.1999999999999993,,none,0.18465456530807245,0.0,-0.009999999999999966,-0.007854898977465271
R01_horizontal_empty,33,7.599999999999981,26.085068966573846,53.65527095081015,18.911881125570623,0.6433783717541158,0.1359544055590756,1.325425682533013,-0.2021951432505215,-0.011038992441381287,0.8091530203819275,-0.8066986799240112,0.6206698417663574,0.8091530203819275,-0.8066986799240112,0.6206698417663574,1.3854918122291564,-0.2823445379734039,0.15516746044158936,0.1760760658315897,0.1999999999999993,,none,0.19389983495009488,0.0,-0.009999999999999966,-0.007823769118505231
R01_horizontal_empty,34,7.79999999999998,26.29762569168645,53.8078954639489,18.875866973707446,0.6015522856582451,0.13963213400519575,1.3166005224120616,-0.21509356205075425,0.04369125070147359,0.6425080299377441,-0.6896470785140991,0.6208570003509521,0.6425080299377441,-0.6896470785140991,0.6208570003509521,1.2855048179626465,-0.24137647747993468,0.15521425008773804,0.1898779759731718,0.1999999999999993,,none,0.2007074092783938,0.0,-0.009999999999999966,-0.0008294333052220538
R01_horizontal_empty,35,7.99999999999998,26.51197369376549,53.948960574820994,18.838594431118263,0.5644604824975359,0.14916714656260743,1.278292843950737,-0.159978499640316,0.05110044299673781,0.4055244028568268,-0.13620388507843018,0.26479217410087585,0.4055244028568268,-0.13620388507843018,0.26479217410087585,1.143314641714096,-0.04767135977745056,0.06619804352521896,0.18298378034996957,0.1999999999999993,,none,0.20276863571711345,0.0,-0.009999999999999966,-0.009784855367143913
R01_horizontal_empty,36,8.199999999999982,26.722284578583558,54.07838581248935,18.80018307764241,0.5424647825694727,0.1595890086125326,1.2234833494676696,-0.059978499640316006,0.05297675927784218,0.21726754307746887,0.569343626499176,0.22720040380954742,0.21726754307746887,0.569343626499176,0.22720040380954742,1.0303605258464812,0.1992702692747116,0.056800100952386856,0.17842655390641213,0.20000000000000195,,none,0.1991195754572317,0.0,-0.010000000000000097,-0.010693021550819463
R01_horizontal_empty,37,8.399999999999984,26.924224751270195,54.19932496571424,18.760918428990294,0.5404690826414096,0.17156079640562555,1.165627766320264,0.040021500359684,0.06577640735880108,0.10295327007770538,0.8656750917434692,0.36743223667144775,0.10295327007770538,0.8656750917434692,0.36743223667144775,0.9617719620466232,0.3029862821102142,0.09185805916786194,0.17858803051669045,0.20000000000000284,,none,0.19099893166175264,0.0,-0.010000000000000142,-0.002410901145062043
R01_horizontal_empty,38,8.599999999999987,27.11588018105896,54.316156345734775,18.72048259666923,0.5578904450798556,0.1851512740726295,1.117396481200003,0.12833406987834894,0.06982335062251044,0.07908694446086884,0.8847918510437012,0.31227898597717285,0.07908694446086884,0.8847918510437012,0.31227898597717285,0.9474521666765212,0.3096771478652954,0.07806974649429321,0.1705920655099902,0.20000000000000284,,none,0.1806716041709251,0.0,-0.010000000000000142,-7.953866093474816e-05
R01_horizontal_empty,39,8.79999999999999,27.299727658754882,54.43464353284511,18.678095453114853,0.5890541889119049,0.19691983207269803,1.1109116841870017,0.17945070071400648,0.04940143226601109,0.31343719363212585,0.8103151321411133,0.03115197643637657,0.31343719363212585,0.8103151321411133,0.03115197643637657,1.0880623161792755,0.2836102962493896,0.007787994109094143,0.1595497985488944,0.20000000000000284,,none,0.17233978287766405,0.0,-0.010000000000000142,-0.002789984328769526
R01_horizontal_empty,40,8.999999999999993,27.48132694278237,54.56060692894068,18.63322226591265,0.6230013987654601,0.20198113497264716,1.1428708100406006,0.16138315156754188,0.004589107981234309,0.5924661755561829,0.355906218290329,-0.3468971848487854,0.5924661755561829,0.355906218290329,-0.3468971848487854,1.2554797053337097,0.12456717640161513,-0.08672429621219635,0.15046696071691895,0.20000000000000284,,none,0.1690122767586999,0.0,-0.010000000000000142,-0.008545316041780793
R01_horizontal_empty,41,9.199999999999996,27.665232515398433,54.696416539206986,18.586861936201583,0.6452875229563183,0.1956435829399218,1.1877623534719475,0.06299391890683752,-0.06298884066480176,0.7432316541671753,-0.4566265642642975,-0.8025305271148682,0.7432316541671753,-0.4566265642642975,-0.8025305271148682,1.3459389925003051,-0.15981929749250412,-0.20063263177871704,0.1421548333332808,0.20000000000000284,,none,0.16996566323030748,0.0,-0.010000000000000142,-0.017810829897026537
R01_horizontal_empty,42,9.399999999999999,27.854818392978604,54.840207742358146,18.54169890141794,0.6495323465442755,0.17774488692063228,1.2321322502544534,-0.014690590515590404,-0.11228282493084918,0.8141180872917175,-0.49424901604652405,-0.8509137630462646,0.8141180872917175,-0.49424901604652405,-0.8509137630462646,1.3884708523750304,-0.17298715561628342,-0.21272844076156616,0.16425325356899698,0.20000000000000284,,none,0.1744288790249655,0.0,-0.010000000000000142,-0.00017562545596838675
R01_horizontal_empty,43,9.600000000000001,28.052245439548944,54.9888595694129,18.500311420473547,0.6384398529869534,0.15366463661783156,1.271817530407966,-0.09051913675475189,-0.12738167557875724,0.8527495861053467,-0.7000966668128967,-0.6325935125350952,0.8527495861053467,-0.7000966668128967,-0.6325935125350952,1.411649751663208,-0.24503383338451384,-0.1581483781337738,0.16950403509732884,0.20000000000000284,,none,0.18133462269352663,0.0,-0.010000000000000142,-0.0018305875961976347
R01_horizontal_empty,44,9.800000000000004,28.25900101387583,55.138691176057904,18.463788577165566,0.6134649287197301,0.13184853716874245,1.3060479835317997,-0.15441431709756365,-0.09334469125610816,0.8777666091918945,-0.8131787776947021,-0.09595214575529099,0.8777666091918945,-0.8131787776947021,-0.09595214575529099,1.4266599655151366,-0.28461257219314573,-0.023988036438822746,0.17403804315781912,0.20000000000000284,,none,0.19006599059351714,0.0,-0.010000000000000142,-0.006027947435697884
R01_horizontal_empty,45,10.000000000000007,28.474679659512844,55.285282395239726,18.43103067107489,0.5793970930941013,0.12082904005658476,1.3216433649716344,-0.18403176769918062,-0.021196211868444073,0.7943235635757446,-0.6982365846633911,0.5125860571861267,0.7943235635757446,-0.6982365846633911,0.5125860571861267,1.3765941381454467,-0.24438280463218687,0.12814651429653168,0.18098654432669797,0.20000000000000284,,none,0.19879640820749245,0.0,-0.010000000000000142,-0.007809863880794322
R01_horizontal_empty,46,10.20000000000001,28.69635702149109,55.424501429153985,18.39929605863873,0.5418643389502931,0.12252443498194086,1.3156348673081548,-0.1907866567885783,0.03399071463139916,0.6574395895004272,-0.5844314098358154,0.5857771635055542,0.6574395895004272,-0.5844314098358154,0.5857771635055542,1.2944637537002563,-0.20455099344253538,0.14644429087638855,0.19425243148893692,0.20000000000000284,,none,0.20499334705334604,0.0,-0.010000000000000142,-0.0007409155644089794
R01_horizontal_empty,47,10.400000000000013,28.91841535777786,55.55310237390607,18.366732726770003,0.5100627341210432,0.13029426870825003,1.2731383179993854,-0.13168396944558067,0.043026587602174086,0.37233418226242065,-0.03214658796787262,0.2457554042339325,0.37233418226242065,-0.03214658796787262,0.2457554042339325,1.1234005093574524,-0.011251305788755417,0.061438851058483124,0.18592017544985137,0.20000000000000284,,none,0.205958543739456,0.0,-0.010000000000000142,-0.010038368289604471
R01_horizontal_empty,48,10.600000000000016,29.135020729877446,55.671455578902076,18.333277085267436,0.4937259402319271,0.13936636072871122,1.2202603673672314,-0.031683969445580676,0.04736718142904574,0.2232389897108078,0.6954993605613708,0.22484777867794037,0.2232389897108078,0.6954993605613708,0.22484777867794037,1.0339433938264846,0.2434247761964798,0.05621194466948509,0.18012813121177382,0.20000000000000284,,none,0.20117083384496226,0.0,-0.010000000000000142,-0.011042702633188291
R01_horizontal_empty,49,10.800000000000018,29.341614720199132,55.78262520005061,18.29908070534454,0.497389146342811,0.15096296003507237,1.1537314891070138,0.06831603055441933,0.06711073704300802,0.03219180181622505,0.8767101168632507,0.4293675422668457,0.03219180181622505,0.8767101168632507,0.4293675422668457,0.919315081089735,0.30684854090213776,0.10734188556671143,0.17937353079512952,0.20000000000000284,,none,0.19159682479313744,0.0,-0.010000000000000142,-0.002223293998007781
R01_horizontal_empty,50,11.000000000000021,29.537100494542468,55.891142417141765,18.263552142412728,0.5190811435454071,0.16422139714541692,1.1121917282541494,0.14297675226899326,0.06558837472465126,0.10970865190029144,0.843176543712616,0.24994511902332306,0.10970865190029144,0.843176543712616,0.24994511902332306,0.9658251911401747,0.2951117902994156,0.062486279755830765,0.16966182575935343,0.20000000000000284,,none,0.1804483411301092,0.0,-0.010000000000000142,-0.0007865153707556474
R01_horizontal_empty,51,11.200000000000024,29.726414811737715,56.00321485599737,18.22581253610603,0.5511211707967357,0.17456024165258643,1.1196904792914135,0.17500922799781196,0.039747686676384314,0.41018757224082947,0.6865180730819702,-0.051629990339279175,0.41018757224082947,0.6865180730819702,-0.051629990339279175,1.1461125433444976,0.24028132557868956,-0.012907497584819794,0.159341049705321,0.20000000000000284,,none,0.17345658979684941,0.0,-0.010000000000000142,-0.004115540091528276
R01_horizontal_empty,52,11.400000000000027,29.915938645742845,56.123837276686885,18.18563751299292,0.5802375086401261,0.1776192468530481,1.1606284870961625,0.12027916319563817,-0.005729976720602305,0.6747912168502808,0.02501864917576313,-0.3935965299606323,0.6747912168502808,0.02501864917576313,-0.3935965299606323,1.3048747301101684,0.008756527211517096,-0.09839913249015808,0.14965898402339536,0.20000000000000284,,none,0.17214973783918452,0.0,-0.010000000000000142,-0.012490753815789025
R01_horizontal_empty,53,11.60000000000003,30.10909221296794,56.252948987427835,18.14457316870608,0.5946905343656282,0.1700461677721,1.1970142837154853,0.029512815323776465,-0.06549622357274415,0.7087011337280273,-0.4536972641944885,-0.7491240501403809,0.7087011337280273,-0.4536972641944885,-0.7491240501403809,1.3252206802368165,-0.15879404246807097,-0.18728101253509521,0.15708134793540296,0.20000000000000284,,none,0.17421572045103773,0.0,-0.010000000000000142,-0.0071343725156346295
R01_horizontal_empty,54,11.800000000000033,30.308087865551947,56.38767404127733,18.105307276205235,0.5929048858847488,0.15236476193219492,1.236167268312999,-0.04198081505401843,-0.10810630679993166,0.7902065515518188,-0.5361780524253845,-0.7797289490699768,0.7902065515518188,-0.5361780524253845,-0.7797289490699768,1.3741239309310913,-0.18766231834888458,-0.1949322372674942,0.16856671207523882,0.20000000000000284,,none,0.17885436954324518,0.0,-0.010000000000000142,-0.0002876574680062305
R01_horizontal_empty,55,12.000000000000036,30.515491012214312,56.52545216301275,18.069869214440086,0.577425736835956,0.13035805092947295,1.2770305326378677,-0.10784637855540143,-0.11169065071703416,0.8683556914329529,-0.6915990114212036,-0.47597765922546387,0.8683556914329529,-0.6915990114212036,-0.47597765922546387,1.4210134148597717,-0.24205965399742124,-0.11899441480636597,0.17393575779256187,0.20000000000000284,,none,0.18638631396539296,0.0,-0.010000000000000142,-0.002450556172830929
R01_horizontal_empty,56,12.200000000000038,30.73223583943634,56.662893151107184,18.038711609156326,0.5513517638729448,0.11309906460250058,1.3069846649894385,-0.14973611563948028,-0.06445906395691113,0.8542148470878601,-0.671697735786438,0.12713614106178284,0.8542148470878601,-0.671697735786438,0.12713614106178284,1.4125289082527162,-0.23509420752525328,0.03178403526544571,0.17799072055900353,0.20000000000000284,,none,0.19527756616595582,0.0,-0.010000000000000142,-0.00728684560695216
R01_horizontal_empty,57,12.400000000000041,30.95586363600508,56.79559864050415,18.010234713493464,0.5189268109801382,0.10771123913474372,1.3089650731595541,-0.17277683127758803,0.00581852234640785,0.6932384967803955,-0.6277901530265808,0.5993045568466187,0.6932384967803955,-0.6277901530265808,0.5993045568466187,1.3159430980682374,-0.21972655355930326,0.14982613921165466,0.18725226280096932,0.20000000000000284,,none,0.2022679482819072,0.0,-0.010000000000000142,-0.005015685480937737
R01_horizontal_empty,58,12.600000000000044,31.181848321154426,56.91981143580233,17.98198746286886,0.487087572149443,0.11137678758349623,1.2863454392293923,-0.1475192263044911,0.029083479049214087,0.5110741853713989,-0.27443480491638184,0.3059605360031128,0.5110741853713989,-0.27443480491638184,0.3059605360031128,1.2066445112228392,-0.09605218172073364,0.0764901340007782,0.1903610029844382,0.20000000000000284,,none,0.20524289404351492,0.0,-0.010000000000000142,-0.00488189105907658
R01_horizontal_empty,59,12.800000000000047,31.40606701055817,57.03524809836392,17.95303263749576,0.4671898608859457,0.11731095546066439,1.253697597601031,-0.05670575792807396,0.030175866337365874,0.3977699875831604,0.37638065218925476,0.12960723042488098,0.3977699875831604,0.37638065218925476,0.12960723042488098,1.1386619925498962,0.13173322826623915,0.032401807606220245,0.18486216642752926,0.20000000000000284,,none,0.20421214820417788,0.0,-0.010000000000000142,-0.009349981776648484
R01_horizontal_empty,60,13.00000000000005,31.623107672346794,57.14404042169448,17.92358162089216,0.46584870930033095,0.12462802385261232,1.1946888261484185,0.0430703702996547,0.04209636770082415,0.14461621642112732,0.7958729267120361,0.26554638147354126,0.14461621642112732,0.7958729267120361,0.26554638147354126,0.9867697298526763,0.2785555243492126,0.06638659536838531,0.18243150275594597,0.20000000000000284,,none,0.19760230381645982,0.0,-0.010000000000000142,-0.005170801060513721
R01_horizontal_empty,61,13.200000000000053,31.82964985076076,57.24964247339316,17.89340104854957,0.48226502863022447,0.13480412629209057,1.146876037460197,0.11562441438866228,0.058433336997130145,0.13067717850208282,0.7527620196342468,0.3668917417526245,0.13067717850208282,0.7527620196342468,0.3668917417526245,0.9784063071012497,0.26346670687198637,0.09172293543815613,0.17700108339398687,0.20000000000000284,,none,0.18724755797673254,0.0,-0.010000000000000142,-0.0002464745827455106
R01_horizontal_empty,62,13.400000000000055,32.02829085471587,57.35685567030046,17.86154085412231,0.5088595995748361,0.14518663774955656,1.1334751428149523,0.1478894730056494,0.046305829537682565,0.31042784452438354,0.6103871464729309,0.0863751545548439,0.31042784452438354,0.6103871464729309,0.0863751545548439,1.08625670671463,0.2136355012655258,0.021593788638710976,0.16609716324054144,0.20000000000000284,,none,0.17872257248326662,0.0,-0.010000000000000142,-0.002625409242725031
R01_horizontal_empty,63,13.600000000000058,32.22527300390361,57.47029001018528,17.827488806275134,0.5346859504508918,0.15095841635363835,1.1636204144371673,0.11300340375084826,0.013857585282514268,0.6163969039916992,0.11976166069507599,-0.209046870470047,0.6163969039916992,0.11976166069507599,-0.209046870470047,1.2698381423950196,0.041916581243276595,-0.05226171761751175,0.1571813414113367,0.20000000000000284,,none,0.17561343352165437,0.0,-0.010000000000000142,-0.008432092110317544
R01_horizontal_empty,64,13.800000000000061,32.42507289812495,57.59090931501416,17.792153999245183,0.5484196011487605,0.14733218479979873,1.1953610362975067,0.030537317693817893,-0.04563587059898795,0.6786667108535767,-0.3928484618663788,-0.6674591898918152,0.6786667108535767,-0.3928484618663788,-0.6674591898918152,1.307200026512146,-0.13749696165323255,-0.1668647974729538,0.15721234552088334,0.20000000000000284,,none,0.1767481159448181,0.0,-0.010000000000000142,-0.009535770423934609
R01_horizontal_empty,65,14.000000000000064,32.6300144185619,57.71626956896881,17.75799055880564,0.5468295319456982,0.13364460708136408,1.2296341857137656,-0.0410429916406123,-0.08804362789328929,0.7506610155105591,-0.5340031981468201,-0.6978291273117065,0.7506610155105591,-0.5340031981468201,-0.6978291273117065,1.3503966093063355,-0.186901119351387,-0.17445728182792664,0.17008090267586146,0.20000000000000284,,none,0.18060150612738823,0.0,-0.010000000000000142,-0.0005206034515266289
R01_horizontal_empty,66,14.200000000000067,32.84263030837015,57.84392849574466,17.72691574329454,0.5325867074025448,0.11559147165310255,1.2679727423753286,-0.09715600779173207,-0.09217625006884018,0.8384329080581665,-0.604276180267334,-0.40238893032073975,0.8384329080581665,-0.604276180267334,-0.40238893032073975,1.4030597448348998,-0.21149666309356688,-0.10059723258018494,0.17538619352535711,0.20000000000000284,,none,0.18738473566806846,0.0,-0.010000000000000142,-0.0019985421427112017
R01_horizontal_empty,67,14.40000000000007,33.0638161906724,57.97105407280206,17.699248552523642,0.5095070081291128,0.10231167665463775,1.296856070639305,-0.13108383945040405,-0.0442350360289228,0.8310455083847046,-0.5720516443252563,0.21381624042987823,0.8310455083847046,-0.5720516443252563,0.21381624042987823,1.3986273050308227,-0.20021807551383972,0.05345406010746956,0.17788784025206705,0.20000000000000284,,none,0.19550387638907551,0.0,-0.010000000000000142,-0.00761603613700832
R01_horizontal_empty,68,14.600000000000072,33.2908333074332,58.09384419208856,17.673413206888476,0.481505938187712,0.09924014436900074,1.2970837775456843,-0.14767628498630347,0.009471819817375635,0.663143515586853,-0.5185327529907227,0.47563791275024414,0.663143515586853,-0.5185327529907227,0.47563791275024414,1.2978861093521117,-0.1814864635467529,0.11890947818756104,0.18949770725416787,0.20000000000000284,,none,0.20148982603440402,0.0,-0.010000000000000142,-0.0019921187802360097
R01_horizontal_empty,69,14.800000000000075,33.51916714797632,58.209250350463485,17.64761704353232,0.45568779657787634,0.10206700666042774,1.2753918285029586,-0.1131103691029054,0.018143237141259882,0.4982660412788391,-0.12193119525909424,0.1432514190673828,0.4982660412788391,-0.12193119525909424,0.1432514190673828,1.1989596247673033,-0.04267591834068298,0.0358128547668457,0.18760624493490816,0.20000000000000284,,none,0.20350540810115092,0.0,-0.010000000000000142,-0.005899163166242616
R01_horizontal_empty,70,15.000000000000078,33.744953377433895,58.31758891670034,17.621535414293444,0.44226523869377976,0.10537675296416193,1.2439793084493915,-0.027344946175288366,0.015177736128702131,0.3888273239135742,0.42085933685302734,0.036539915949106216,0.3888273239135742,0.42085933685302734,0.036539915949106216,1.1332963943481444,0.14730076789855956,0.009134978987276554,0.1853518553212191,0.20000000000000284,,none,0.20171157011135676,0.0,-0.010000000000000142,-0.006359714790137527
R01_horizontal_empty,71,15.200000000000081,33.96562929344031,58.422175450031844,17.595266773702512,0.4463302869992231,0.10923966593711613,1.2135942196269436,0.06244744138228775,0.02287151257689772,0.3442191481590271,0.7086378931999207,0.15419602394104004,0.3442191481590271,0.7086378931999207,0.15419602394104004,1.1065314888954163,0.2480232626199722,0.03854900598526001,0.18489864612949836,0.20000000000000284,,none,0.1968716330611997,0.0,-0.010000000000000142,-0.0019729869317012044
R01_horizontal_empty,72,15.400000000000084,34.17938706738869,58.526450743741144,17.56851356227186,0.46287463857764427,0.11535418238508785,1.181308668449249,0.10015411691044308,0.03719415249723085,0.2792493402957916,0.5056812763214111,0.2655167281627655,0.2792493402957916,0.5056812763214111,0.2655167281627655,1.067549604177475,0.1769884467124939,0.06637918204069138,0.17849283105186603,0.20000000000000284,,none,0.18964892632100572,0.0,-0.010000000000000142,-0.0011560952691395344
R01_horizontal_empty,73,15.600000000000087,34.387236853149716,58.632794773493075,17.540684877146766,0.48303112340634996,0.12144625147283142,1.1705161033537752,0.1013226582498502,0.024670451503335675,0.38748031854629517,0.29629650712013245,-0.003395628184080124,0.38748031854629517,0.29629650712013245,-0.003395628184080124,1.132488191127777,0.10370377749204635,-0.000848907046020031,0.17039511016458897,0.20000000000000284,,none,0.18295250579704003,0.0,-0.010000000000000142,-0.002557395632450932
R01_horizontal_empty,74,15.80000000000009,34.59418972277398,58.74359416178738,17.51172537338255,0.4982665886405518,0.12277305690962438,1.1936771937767672,0.05455674743429005,-0.008874136752910183,0.625476598739624,-0.11639271676540375,-0.3089097738265991,0.625476598739624,-0.11639271676540375,-0.3089097738265991,1.2752859592437744,-0.04073745086789131,-0.07722744345664978,0.16429427570785157,0.20000000000000284,,none,0.18070014606954743,0.0,-0.010000000000000142,-0.00640587036169572
R01_horizontal_empty,75,16.000000000000092,34.80473418591087,58.859012068093875,17.4827108356695,0.5021611046860461,0.11602711114725364,1.2234423366620264,-0.01069365488641995,-0.055101181909916135,0.7138677835464478,-0.4104383587837219,-0.5971893668174744,0.7138677835464478,-0.4104383587837219,-0.5971893668174744,1.3283206701278687,-0.14365342557430266,-0.1492973417043686,0.16927705114803918,0.20000000000000284,,none,0.18282467044556938,0.0,-0.010000000000000142,-0.0035476192975300736
R01_horizontal_empty,76,16.200000000000095,35.021214197467415,58.97697194199053,17.455411167416546,0.4933900965180159,0.10436502814123413,1.2554629462485316,-0.07236802105386911,-0.06106979307854879,0.7804808020591736,-0.5658313035964966,-0.2929277718067169,0.7804808020591736,-0.5658313035964966,-0.2929277718067169,1.368288481235504,-0.1980409562587738,-0.07323194295167923,0.1752660674055009,0.20000000000000284,,none,0.18768925500013012,0.0,-0.010000000000000142,-0.0024231875946290594
R01_horizontal_empty,77,16.400000000000098,35.24488463529344,59.09479008188325,17.430239147794886,0.47490524981789933,0.09523252809940808,1.2837821475189488,-0.10966906124853026,-0.032414928550164,0.8059427738189697,-0.5305052399635315,0.10389864444732666,0.8059427738189697,-0.5305052399635315,0.10389864444732666,1.3835656642913818,-0.185676833987236,0.025974661111831665,0.18111015378764775,0.20000000000000284,,none,0.19429750273594237,0.0,-0.010000000000000142,-0.0031873489482944885
R01_horizontal_empty,78,16.6000000000001,35.47420831720532,59.209393901124,17.406280507991625,0.4514849822740393,0.09242096790987109,1.2907727564961717,-0.12349179293880241,0.0017261116077338448,0.692340612411499,-0.43330904841423035,0.2851791977882385,0.692340612411499,-0.43330904841423035,0.2851791977882385,1.3154043674468994,-0.1516581669449806,0.07129479944705963,0.18885122182237912,0.20000000000000284,,none,0.19995552561733376,0.0,-0.010000000000000142,-0.0011043037949544931
R01_horizontal_empty,79,16.800000000000104,35.70495158627659,59.31817609620227,17.382587945980337,0.43104422999554043,0.09281324040712816,1.2721248740543316,-0.08389978510164192,0.0021636370128915203,0.5106975436210632,-0.00921069085597992,0.01222070399671793,0.5106975436210632,-0.00921069085597992,0.01222070399671793,1.206418526172638,-0.0032237417995929717,0.0030551759991794825,0.18622695154125107,0.20000000000000284,,none,0.2019741507543742,0.0,-0.010000000000000142,-0.005747199213122964
R01_horizontal_empty,80,17.000000000000107,35.932965376471444,59.421414359929756,17.359278096829964,0.42191944645804674,0.09272549372741751,1.2430488992649924,-0.01271337975742075,-0.00267631587335751,0.4009981155395508,0.3781202733516693,-0.050154462456703186,0.4009981155395508,0.3781202733516693,-0.050154462456703186,1.1405988693237303,0.13234209567308425,-0.012538615614175797,0.18662006245247023,0.20000000000000284,,none,0.19993906048738097,0.0,-0.010000000000000142,-0.0033189980349106036
R01_horizontal_empty,81,17.20000000000011,36.15773727606076,59.522573695216444,17.336399671423724,0.42631380461526114,0.0924823481667817,1.2328916208110143,0.05179495869575904,4.0121961468948136e-05,0.4951702654361725,0.5235503911972046,0.02230146713554859,0.4951702654361725,0.5235503911972046,0.02230146713554859,1.1971021592617035,0.1832426369190216,0.005575366783887148,0.18602078007038608,0.20000000000000284,,none,0.19672614356490215,0.0,-0.010000000000000142,-0.0007053634945159082
R01_horizontal_empty,82,17.400000000000112,36.38020339371625,59.625197206963534,17.31362707081711,0.4388944202733167,0.09310023818283264,1.2278748978648886,0.07245411438545377,0.0057113378516941244,0.516997218132019,0.3272884786128998,0.06906995922327042,0.516997218132019,0.3272884786128998,0.06906995922327042,1.2101983308792115,0.11455096751451492,0.017267489805817604,0.18284180724678062,0.20000000000000284,,none,0.19366545616772868,0.0,-0.010000000000000142,-0.0008236489209479064
R01_horizontal_empty,83,17.600000000000115,36.601418482629484,59.730847894012875,17.290713031711856,0.4515893503340679,0.0927865170132193,1.2340294290594864,0.05575388489158365,-0.007828081581616464,0.5928584933280945,0.062068790197372437,-0.14166861772537231,0.5928584933280945,0.062068790197372437,-0.14166861772537231,1.2557150959968566,0.02172407656908035,-0.03541715443134308,0.17885026259100137,0.20000000000000284,,none,0.19126040587124038,0.0,-0.010000000000000142,-0.0024101432802388625
R01_horizontal_empty,84,17.800000000000118,36.82374694455323,59.839810354439855,17.268052731025396,0.45818824350689785,0.08896743573524332,1.2514441412511903,0.01342535420788818,-0.028783331067328624,0.6880089640617371,-0.20807674527168274,-0.28593412041664124,0.6880089640617371,-0.20807674527168274,-0.28593412041664124,1.3128053784370421,-0.07282686084508895,-0.07148353010416031,0.1790263692933797,0.20000000000000284,,none,0.19108326444700907,0.0,-0.010000000000000142,-0.002056895153629217
R01_horizontal_empty,85,18.00000000000012,37.04984033517686,59.95106782223918,17.246284848239302,0.45401539999129487,0.08349101914215365,1.2766113349818093,-0.05034723988692813,-0.026177255173896782,0.775481104850769,-0.5151305794715881,-0.08346757292747498,0.775481104850769,-0.5151305794715881,-0.08346757292747498,1.3652886629104615,-0.18029570281505583,-0.020866893231868744,0.1808513498493306,0.20000000000000284,,none,0.193709872556596,0.0,-0.010000000000000142,-0.002858522707265241
R01_horizontal_empty,86,18.200000000000124,37.28091805001428,60.061999297057255,17.225401155186226,0.43965075597504993,0.07956123943256706,1.2943246913232938,-0.09028879927036235,-0.014035655978279164,0.7612303495407104,-0.49050605297088623,0.04282039776444435,0.7612303495407104,-0.49050605297088623,0.04282039776444435,1.3567382097244263,-0.17167711853981016,0.010705099441111088,0.18774566330300216,0.20000000000000284,,none,0.19808082536047777,0.0,-0.010000000000000142,-0.00033516205747548017
R01_horizontal_empty,87,18.400000000000126,37.51566198920534,60.169798215405635,17.20509299830103,0.42120830288839256,0.07767395716640425,1.296693665197242,-0.09386610923588734,-0.0054818669756957995,0.6750680208206177,-0.28901582956314087,0.04779224470257759,0.6750680208206177,-0.28901582956314087,0.04779224470257759,1.3050408124923707,-0.1011555403470993,0.011948061175644398,0.19082815059622218,0.20000000000000284,,none,0.2017890901218493,0.0,-0.010000000000000142,-0.0009609395256269738
R01_horizontal_empty,88,18.60000000000013,37.750995908877734,60.272931586233256,17.185206520918204,0.40612337848465496,0.0769347604844923,1.2811520648595143,-0.0595681749790741,-0.002160436528126903,0.5439846515655518,0.02948632463812828,0.018430370837450027,0.5439846515655518,0.02948632463812828,0.018430370837450027,1.226390790939331,0.010320213623344898,0.004607592709362507,0.1904925566514202,0.20000000000000284,,none,0.20288232848267995,0.0,-0.010000000000000142,-0.002389771831259613
R01_horizontal_empty,89,18.800000000000132,37.983539180653395,60.37201080549271,17.165877224090227,0.4022220407790637,0.07527006612528161,1.2551604691929115,0.014939168834780168,-0.013622602022275707,0.43929722905158997,0.47646191716194153,-0.1479155421257019,0.43929722905158997,0.47646191716194153,-0.1479155421257019,1.1635783374309538,0.16676167100667952,-0.036978885531425476,0.18583437157961114,0.20000000000000284,,none,0.20060272356969477,0.0,-0.010000000000000142,-0.0047683519900835036
R01_horizontal_empty,90,19.000000000000135,38.213309356733035,60.47059720480656,17.1473386992539,0.4101188697550769,0.07286006137710074,1.2521248732500465,0.060588522643465405,-0.01069788202150132,0.5690481066703796,0.4388786554336548,-0.01895289495587349,0.5690481066703796,0.4388786554336548,-0.01895289495587349,1.2414288640022277,0.15360752940177916,-0.004738223738968372,0.18683635756429046,0.20000000000000284,,none,0.19753394068769126,0.0,-0.010000000000000142,-0.0006975831234006538
R01_horizontal_empty,91,19.200000000000138,38.441828309309315,60.57160734054761,17.129388284958004,0.42229902853464935,0.07050972583678197,1.252778069907206,0.06116929244947104,-0.012657757303263828,0.5917993783950806,0.17815062403678894,-0.06660546362400055,0.5917993783950806,0.17815062403678894,-0.06660546362400055,1.2550796270370483,0.062352718412876124,-0.016651365906000137,0.18379716377793892,0.20000000000000284,,none,0.195212513658376,0.0,-0.010000000000000142,-0.001415349880436936
R01_horizontal_empty,92,19.40000000000014,38.67028673584317,60.67569807386055,17.112110938756977,0.4317533259467148,0.06634451512906914,1.2632194900083507,0.03532181008881433,-0.02784935676424576,0.666683554649353,-0.04956348240375519,-0.23522020876407623,0.666683554649353,-0.04956348240375519,-0.23522020876407623,1.3000101327896119,-0.017347218841314314,-0.05880505219101906,0.18213715706059427,0.20000000000000284,,none,0.1938550027886734,0.0,-0.010000000000000142,-0.0017178457280789816
R01_horizontal_empty,93,19.600000000000144,38.901778221334524,60.78270707642758,17.095728871955302,0.4317857797057107,0.0626064647527833,1.2910096672021452,-0.030068774824044367,-0.010815026863286174,0.8148819208145142,-0.46661198139190674,0.09558229148387909,0.8148819208145142,-0.46661198139190674,0.09558229148387909,1.3889291524887084,-0.16331419348716736,0.023895572870969772,0.17939331457542781,0.20000000000000284,,none,0.1954997645836798,0.0,-0.010000000000000142,-0.006106450008251838
R01_horizontal_empty,94,19.800000000000146,39.137463393107,60.889955857540436,17.079752183799275,0.4204628623241618,0.0607461844726138,1.3027722904252292,-0.07943933300718985,-0.007999948773936411,0.7403637170791626,-0.5144028067588806,-0.009054824709892273,0.7403637170791626,-0.5144028067588806,-0.009054824709892273,1.3442182302474976,-0.1800409823656082,-0.0022637061774730682,0.18849406174719383,0.20000000000000284,,none,0.19886977878244494,0.0,-0.010000000000000142,-0.00037571703525097534
R01_horizontal_empty,95,20.00000000000015,39.37716341707323,60.99476864754331,17.064005154615064,0.4036828533050074,0.05968012091167844,1.3174401223495114,-0.08773547572880691,-0.0030349030379165963,0.7818710803985596,-0.29897257685661316,0.028329186141490936,0.7818710803985596,-0.29897257685661316,0.028329186141490936,1.3691226482391357,-0.1046404018998146,0.007082296535372734,0.1917381970517415,0.20000000000000284,,none,0.20272880924039782,0.0,-0.010000000000000142,-0.0009906121886561715
R01_horizontal_empty,96,20.200000000000152,39.619838886705594,61.09625326458023,17.048319852338786,0.38976850236346805,0.059636772510395196,1.3176510464849287,-0.05395413791673967,0.002206382583200014,0.697323739528656,0.04251882806420326,0.0515458881855011,0.697323739528656,0.04251882806420326,0.0515458881855011,1.3183942437171936,0.01488158982247114,0.012886472046375275,0.19333165941058997,0.20000000000000284,,none,0.2058177323653254,0.0,-0.010000000000000142,-0.0024860729547353
R01_horizontal_empty,97,20.400000000000155,39.86128637560178,61.19473033860789,17.03275585085934,0.387879219119335,0.059336053597476075,1.2956056420478248,0.028854441655938017,-0.0046935247187827114,0.5298800468444824,0.564500093460083,-0.07501345127820969,0.5298800468444824,0.564500093460083,-0.07501345127820969,1.2179280281066893,0.19757503271102905,-0.01875336281955242,0.18847404779049362,0.20000000000000284,,none,0.2048044297514835,0.0,-0.010000000000000142,-0.006330381960989732
R01_horizontal_empty,98,20.600000000000158,40.0983873988906,61.292783102018554,17.017673383950285,0.397895427188173,0.05792747826793223,1.2755382759102125,0.06833219514354423,-0.009062907570380002,0.5080505609512329,0.42507264018058777,-0.07186533510684967,0.5080505609512329,0.42507264018058777,-0.07186533510684967,1.2048303365707398,0.1487754240632057,-0.017966333776712418,0.18975185395709313,0.20000000000000284,,none,0.20015038299344923,0.0,-0.010000000000000142,-0.00039852903635595574
R01_horizontal_empty,99,20.80000000000016,40.33226778103906,61.39287224223486,17.00329727982971,0.4104539024276734,0.05435458309501458,1.2726442772945676,0.058029102786177025,-0.025432282076687025,0.6040786504745483,0.10581327229738235,-0.23515164852142334,0.6040786504745483,0.10581327229738235,-0.23515164852142334,1.262447190284729,0.03703464530408382,-0.058787912130355835,0.1831689754014972,0.20000000000000284,,none,0.19592518256364144,0.0,-0.010000000000000142,-0.002756207162144083
R01_horizontal_empty,100,21.000000000000163,40.5673887835405,61.49616689974558,16.989889568257215,0.41491074580863696,0.05036384205668231,1.297779928111819,-0.008450120474773533,-0.015243089219819133,0.810576856136322,-0.4111824035644531,0.022077107802033424,0.810576856136322,-0.4111824035644531,0.022077107802033424,1.3863461136817932,-0.14391384124755857,0.005519276950508356,0.17812296023443036,0.20000000000000284,,none,0.1956448136520521,0.0,-0.010000000000000142,-0.007521853417621611
R01_horizontal_empty,101,21.200000000000166,40.8074457202321,61.60109233186599,16.976931734153762,0.407091169224384,0.04910722775798376,1.324053318215689,-0.06544958744443585,0.0014209734611350978,0.8610472679138184,-0.5188472867012024,0.1415083408355713,0.8610472679138184,-0.5188472867012024,0.1415083408355713,1.416628360748291,-0.18159655034542083,0.03537708520889282,0.18868893749333335,0.20000000000000284,,none,0.19925699367232852,0.0,-0.010000000000000142,-0.0005680561789950228
R01_horizontal_empty,102,21.40000000000017,41.053237768209144,61.70504045792405,16.963657521491395,0.3926856356234964,0.050769781165775844,1.3468815152440279,-0.07768366444298554,0.01423850169298669,0.878862202167511,-0.29317960143089294,0.1614263504743576,0.878862202167511,-0.29317960143089294,0.1614263504743576,1.4273173213005066,-0.10261286050081253,0.0403565876185894,0.19324483269288836,0.20000000000000284,,none,0.20427763275620237,0.0,-0.010000000000000142,-0.0010328000633138723
R01_horizontal_empty,103,21.600000000000172,41.30326687123061,61.80689095447309,16.94954410328511,0.383054789151061,0.053719872330270854,1.3561581752137273,-0.02276409596024241,0.015190646651193773,0.8147412538528442,0.25469911098480225,0.06852327287197113,0.8147412538528442,0.25469911098480225,0.06852327287197113,1.3888447523117065,0.08914468884468078,0.017130818217992783,0.19187675701178958,0.20000000000000284,,none,0.20813502823897068,0.0,-0.010000000000000142,-0.006258271227180945
R01_horizontal_empty,104,21.800000000000175,41.55087117054628,61.90684122893102,16.935036225241102,0.38742847451965434,0.05380504637014512,1.3196674566432904,0.06029216985347419,-0.012269249944828248,0.4851522743701935,0.6557402610778809,-0.272895485162735,0.4851522743701935,0.6557402610778809,-0.272895485162735,1.191091364622116,0.22950909137725828,-0.06822387129068375,0.18789801973006204,0.20000000000000284,,none,0.2056186130861093,0.0,-0.010000000000000142,-0.007720593356047112
R01_horizontal_empty,105,22.000000000000178,41.79272319158516,62.007216573449504,16.921318692246004,0.3993260517342417,0.0506022666950453,1.3032528358040567,0.058796342976617975,-0.019233639756635,0.5756924152374268,0.1592809110879898,-0.13369949162006378,0.5756924152374268,0.1592809110879898,-0.13369949162006378,1.245415449142456,0.05574831888079643,-0.033424872905015945,0.18387194864492096,0.20000000000000284,,none,0.1993528472033006,0.0,-0.010000000000000142,-0.005480898558379499
R01_horizontal_empty,106,22.20000000000018,42.03345647581386,62.109992997725044,16.9086596280445,0.40583210442545564,0.04567682080684421,1.3167259837793375,0.009946038336339346,-0.029264771314736003,0.7736650109291077,-0.25598713755607605,-0.19882023334503174,0.7736650109291077,-0.25598713755607605,-0.19882023334503174,1.3641990065574645,-0.08959549814462661,-0.049705058336257935,0.18260112706103607,0.20000000000000284,,none,0.19691875529848346,0.0,-0.010000000000000142,-0.004317628237447239
R01_horizontal_empty,107,22.400000000000183,42.27797369103686,62.214712955936776,16.896876956492626,0.4011098626299178,0.0444995241289056,1.3445556985794416,-0.052464560584486945,0.0142147470584981,0.9043574929237366,-0.5132505893707275,0.4112492501735687,0.9043574929237366,-0.5132505893707275,0.4112492501735687,1.442614495754242,-0.17963770627975462,0.10281231254339218,0.18011857803392087,0.20000000000000284,,none,0.19922757369812416,0.0,-0.010000000000000142,-0.009108995664203158
R01_horizontal_empty,108,22.600000000000186,42.52804000977282,62.319169494893565,16.88439936913697,0.3901095727624806,0.04760092559375967,1.3673193585041845,-0.05718272906147308,0.016618124677457866,0.9125462770462036,-0.1908482015132904,0.08606180548667908,0.9125462770462036,-0.1908482015132904,0.08606180548667908,1.4475277662277222,-0.06679687052965164,0.02151545137166977,0.1895264597820965,0.20000000000000284,,none,0.20372160438336806,0.0,-0.010000000000000142,-0.0041951446012714125
R01_horizontal_empty,109,22.80000000000019,42.78216412015846,62.42250261097368,16.870864047893576,0.38426614281069815,0.051031062217522856,1.3787805466823708,-0.005171652672884634,0.017608590044729075,0.8652739524841309,0.28803011775016785,0.07850738614797592,0.8652739524841309,0.28803011775016785,0.07850738614797592,1.4191643714904785,0.10081054121255874,0.01962684653699398,0.19238124697434184,0.20000000000000284,,none,0.20701357070597481,0.0,-0.010000000000000142,-0.004632323731632831
R01_horizontal_empty,110,23.000000000000192,43.033729362807115,62.52467852030078,16.856851835289802,0.38960082559549525,0.05075782850884249,1.3418103255495595,0.05405459018266157,-0.0176811355034177,0.5192411541938782,0.49925434589385986,-0.3583619296550751,0.5192411541938782,0.49925434589385986,-0.3583619296550751,1.211544692516327,0.17473902106285094,-0.08959048241376877,0.1869933476924624,0.20000000000000284,,none,0.20409753111521667,0.0,-0.010000000000000142,-0.007104183422754142
R01_horizontal_empty,111,23.200000000000195,43.2811704097041,62.62755925902684,16.843774717688166,0.3974196311058043,0.046515860478211664,1.3411834066823023,0.026230565605706066,-0.024243907727964607,0.7316240668296814,-0.0870458111166954,-0.15046708285808563,0.7316240668296814,-0.0870458111166954,-0.15046708285808563,1.3389744400978087,-0.03046603389084339,-0.03761677071452141,0.18058784683912807,0.20000000000000284,,none,0.19922933969942846,0.0,-0.010000000000000142,-0.008641492860300254
R01_horizontal_empty,112,23.400000000000198,43.530523399336296,62.73238354134093,16.83151667333671,0.3962441684980662,0.04535244488467505,1.3653593704462936,-0.03348446159905237,0.010026766227777772,0.9175734519958496,-0.44332823157310486,0.3194384276866913,0.9175734519958496,-0.44332823157310486,0.3194384276866913,1.4505440711975097,-0.15516488105058668,0.07985960692167282,0.1819773448597691,0.20000000000000284,,none,0.19962385537597527,0.0,-0.010000000000000142,-0.007646510516206024
R01_horizontal_empty,113,23.6000000000002,43.784588266535984,62.83756247117519,16.818694555713005,0.3883686405888077,0.048089859401171525,1.386401519239816,-0.044444739770632444,0.016834294559677773,0.9342402219772339,-0.19079524278640747,0.1228235736489296,0.9342402219772339,-0.19079524278640747,0.1228235736489296,1.4605441331863402,-0.0667783349752426,0.0307058934122324,0.19096317287133133,0.20000000000000284,,none,0.20301733472084038,0.0,-0.010000000000000142,-0.0020541618495088987
R01_horizontal_empty,114,23.800000000000203,44.04233364712924,62.94210512837949,16.80486462953697,0.38381202678799103,0.05116936576898354,1.3978968145727364,-0.004157828466053368,0.014162167699517222,0.8973346948623657,0.22266916930675507,0.03486885875463486,0.8973346948623657,0.22266916930675507,0.03486885875463486,1.4384008169174194,0.07793420925736427,0.008717214688658714,0.1920969799398343,0.20000000000000284,,none,0.20569799733726057,0.0,-0.010000000000000142,-0.0036010173974261495
R01_horizontal_empty,115,24.000000000000206,44.299118372470154,63.04606230713787,16.79060934316515,0.38692399712476816,0.050386019590931315,1.3770484948853163,0.03251360098616305,-0.019461415255848366,0.6726480722427368,0.3063955008983612,-0.3519027531147003,0.6726480722427368,0.3063955008983612,-0.3519027531147003,1.3035888433456422,0.10723842531442641,-0.08797568827867508,0.1898977273262242,0.20000000000000284,,none,0.2040394564609045,0.0,-0.010000000000000142,-0.004141729134680135
R01_horizontal_empty,116,24.20000000000021,44.554385062695076,63.15070290171596,16.77707215836675,0.38990957949922467,0.04831176827020598,1.3847282647107126,-0.00019269878157544915,-0.002555313260607413,0.8529802560806274,-0.19096525013446808,0.12757599353790283,0.8529802560806274,-0.19096525013446808,0.12757599353790283,1.4117881536483765,-0.06683783754706382,0.03189399838447571,0.18131894402804016,0.20000000000000284,,none,0.20151468966178498,0.0,-0.010000000000000142,-0.010195745633744679
R01_horizontal_empty,117,24.40000000000021,44.811845571050426,63.25631308703299,16.76364561223209,0.38796051627723943,0.04827742406399799,1.4005584281664445,-0.017958892866112245,0.0018777505493715522,0.9272274374961853,-0.15474514663219452,0.043643753975629807,0.9272274374961853,-0.15474514663219452,0.043643753975629807,1.456336462497711,-0.054160801321268076,0.010910938493907452,0.1920061723688703,0.20000000000000284,,none,0.20228355558254663,0.0,-0.010000000000000142,-0.0002773832136761792
R01_horizontal_empty,118,24.600000000000215,45.07226768359481,63.36231008272593,16.749935856125408,0.38554030070850476,0.04943959186918569,1.413831060968311,-0.007064383537124214,0.009192605821440542,0.9343292713165283,0.0432434156537056,0.09639190882444382,0.9343292713165283,0.0432434156537056,0.09639190882444382,1.460597562789917,0.015135195478796958,0.024097977206110954,0.1930587659923427,0.20000000000000284,,none,0.20389941148593493,0.0,-0.010000000000000142,-0.0008406454935920796
R01_horizontal_empty,119,24.800000000000217,45.3337639810732,63.468453312123565,16.735933601045012,0.3864509239521859,0.04886280429747089,1.4119058846726935,0.014542129980510781,-0.013267648945885025,0.8418707847595215,0.16734114289283752,-0.23613829910755157,0.8418707847595215,0.16734114289283752,-0.23613829910755157,1.4051224708557128,0.05856940001249313,-0.059034574776887894,0.19111907704575185,0.20000000000000284,,none,0.20380958018234452,0.0,-0.010000000000000142,-0.002690503136592526
R01_horizontal_empty,120,25.00000000000022,45.59564716981269,63.57525674206635,16.722304393206624,0.3873005715647699,0.04810781046856963,1.4192758973377557,-0.004602704927760696,0.004387071842849359,0.9087405800819397,-0.12461099773645401,0.16144733130931854,0.9087405800819397,-0.12461099773645401,0.16144733130931854,1.445244348049164,-0.043613849207758904,0.040361832827329636,0.18797237033704142,0.20000000000000284,,none,0.20292800944621092,0.0,-0.010000000000000142,-0.004955639109169355
R01_horizontal_empty,121,25.200000000000223,45.85896924783174,63.682497004789354,16.708499990826216,0.3860984720338071,0.0488838117597846,1.4269330343803812,-0.007220952677034329,0.0034440190893123583,0.9231886267662048,-0.0358746200799942,0.006089498288929462,0.9231886267662048,-0.0358746200799942,0.006089498288929462,1.4539131760597228,-0.01255611702799797,0.0015223745722323656,0.19238049365515625,0.20000000000000284,,none,0.20302487259622382,0.0,-0.010000000000000142,-0.0006443789410674332
R01_horizontal_empty,122,25.400000000000226,46.12365312351321,63.78998053983235,16.694408831794476,0.3857712192731247,0.049749270564333516,1.4330055182568722,0.00316558988194155,0.005086755666940153,0.9240034818649292,0.06951455026865005,0.033736541867256165,0.9240034818649292,0.06951455026865005,0.033736541867256165,1.4544020891189575,0.02433009259402752,0.008434135466814041,0.192842456332125,0.20000000000000284,,none,0.20307989433680973,0.0,-0.010000000000000142,-0.0002374380046845874
R01_horizontal_empty,123,25.60000000000023,46.38868788283768,63.89774606545689,16.680141472086536,0.3867217444103344,0.04943676181577846,1.4316756544994307,0.006117198341247675,-0.007279775910599534,0.8783164024353027,0.03466184809803963,-0.1299154907464981,0.8783164024353027,0.03466184809803963,-0.1299154907464981,1.4269898414611817,0.012131646834313869,-0.03247887268662453,0.19156704808512598,0.20000000000000284,,none,0.20216872824220644,0.0,-0.010000000000000142,-0.0006016801570803113
R01_horizontal_empty,124,25.80000000000023,46.654220592359884,64.00595622992299,16.665991036517187,0.3868357094234794,0.04983201475737006,1.4388290138727238,-0.004199943745017013,0.00993483747034309,0.9400568008422852,-0.0720658004283905,0.18005119264125824,0.9400568008422852,-0.0720658004283905,0.18005119264125824,1.464034080505371,-0.025223030149936675,0.04501279816031456,0.18910551611821697,0.20000000000000284,,none,0.20133115636953391,0.0,-0.010000000000000142,-0.0022256402513167943
R01_horizontal_empty,125,26.000000000000234,46.920400339633744,64.11413118291729,16.6514097522248,0.384745657541488,0.05144988640562919,1.43811504932032,-0.015824435481264876,0.006502569534210913,0.8926656246185303,-0.11288996785879135,-0.001965246396139264,0.8926656246185303,-0.11288996785879135,-0.001965246396139264,1.4355993747711182,-0.03951148875057697,-0.000491311599034816,0.18999715214885365,0.20000000000000284,,none,0.20073800255505603,0.0,-0.010000000000000142,-0.0007408504062022208
R01_horizontal_empty,126,26.200000000000237,47.18740454819309,64.22171535484854,16.636235206482247,0.3811747885475935,0.05448813359951102,1.444234883507224,-0.019599711377066568,0.022661966369401064,0.9429971575737,-0.07797867059707642,0.22235891222953796,0.9429971575737,-0.07797867059707642,0.22235891222953796,1.46579829454422,-0.027292534708976746,0.05558972805738449,0.1894056808472176,0.20000000000000284,,none,0.20048714864780237,0.0,-0.010000000000000142,-0.0010814678005846231
R01_horizontal_empty,127,26.40000000000024,47.45465596123532,64.32815938007437,16.619987598470214,0.3766892316544406,0.05799562746549515,1.4373698765898693,-0.024859431687430895,0.01313129997090076,0.8553013801574707,-0.10164881497621536,-0.025156786665320396,0.8553013801574707,-0.10164881497621536,-0.025156786665320396,1.4131808280944824,-0.035577085241675376,-0.006289196666330099,0.18847688816613178,0.20000000000000284,,none,0.19986718509235146,0.0,-0.010000000000000142,-0.0013902969262195258
R01_horizontal_empty,128,26.600000000000243,47.722271165840624,64.43330197955788,16.602771070636503,0.37220270315692544,0.0621494241908083,1.4428167685687534,-0.020346029083212428,0.02733605302639323,0.9366817474365234,-0.031854674220085144,0.22512346506118774,0.9366817474365234,-0.031854674220085144,0.22512346506118774,1.4620090484619142,-0.0111491359770298,0.056280866265296936,0.18793870746351707,0.20000000000000284,,none,0.1994213912768501,0.0,-0.010000000000000142,-0.0014826838133328863
R01_horizontal_empty,129,26.800000000000246,47.98917377646605,64.53679719853803,16.584378857056727,0.36733691316931333,0.06540050415926767,1.4265170975084165,-0.027753563845498954,0.00672798004645235,0.7818078994750977,-0.1224222481250763,-0.14105913043022156,0.7818078994750977,-0.1224222481250763,-0.14105913043022156,1.3690847396850585,-0.0428477868437767,-0.03526478260755539,0.18479134278349943,0.20000000000000284,,none,0.19811690453282438,0.0,-0.010000000000000142,-0.003325561749324799
R01_horizontal_empty,130,27.00000000000025,48.25612558547819,64.63874744327421,16.56518798732345,0.3625611318492141,0.06976784579928047,1.4370021321781057,-0.02054738042375969,0.03482756652846593,0.9565774202346802,-0.016752708703279495,0.36834269762039185,0.9565774202346802,-0.016752708703279495,0.36834269762039185,1.473946452140808,-0.005863448046147823,0.09208567440509796,0.18147794717071394,0.20000000000000284,,none,0.1975019603581032,0.0,-0.010000000000000142,-0.00602401318738911
R01_horizontal_empty,131,27.20000000000025,48.52059124890828,64.7382955379127,16.544798489205174,0.35687956581914654,0.07299501617147228,1.3979927728879624,-0.035166439330230656,6.425306775085723e-05,0.6009036302566528,-0.185587078332901,-0.2830897271633148,0.6009036302566528,-0.185587078332901,-0.2830897271633148,1.2605421781539916,-0.06495547741651535,-0.0707724317908287,0.17333748272897676,0.20000000000000284,,none,0.1949249445950798,0.0,-0.010000000000000142,-0.011587461866102903
R01_horizontal_empty,132,27.400000000000254,48.78402026554777,64.83559479372055,16.523793370692132,0.3512526971442408,0.07809484466267036,1.417192779668392,-0.02208797326425442,0.04736868973235785,0.9747409224510193,0.013033776544034481,0.5750409364700317,0.9747409224510193,0.013033776544034481,0.5750409364700317,1.4848445534706116,0.004561821790412068,0.14376023411750793,0.16536348982242446,0.20000000000000284,,none,0.19367534584032597,0.0,-0.010000000000000142,-0.018311856017901373
R01_horizontal_empty,133,27.600000000000257,49.04046841281959,64.92863955464782,16.50149100869946,0.34364899448505865,0.08377773325796363,1.3235074566049454,-0.05171598581259701,0.012117112597370493,0.15037710964679718,-0.3202529847621918,-0.23885799944400787,0.15037710964679718,-0.3202529847621918,-0.23885799944400787,0.9902262657880783,-0.11208854466676711,-0.05971449986100197,0.14885576411206033,0.20000000000000284,,none,0.18791750889216274,0.0,-0.010000000000000142,-0.02906174478010228
R01_horizontal_empty,134,27.80000000000026,49.29247252899633,65.01768148270062,16.47824339881367,0.336934244206253,0.09161172983637825,1.357709977262027,-0.017974609315616553,0.062430710188374525,0.9637058973312378,0.14508482813835144,0.6598159074783325,0.9637058973312378,0.14508482813835144,0.6598159074783325,1.4782235383987428,0.050779689848423,0.16495397686958313,0.1407333985751968,0.20000000000000284,,none,0.18444655433468427,0.0,-0.010000000000000142,-0.03371315575948732
R01_horizontal_empty,135,28.000000000000263,49.53842184874891,65.10299223768865,16.453053397398143,0.329319071062581,0.09996516847492326,1.2577099772620273,-0.055359423374303676,0.024000189965994893,-0.3605591058731079,-0.3758225739002228,-0.21723642945289612,-0.3605591058731079,-0.3758225739002228,-0.21723642945289612,0.6836645364761352,-0.13153790086507797,-0.05430910736322403,0.11350338325377732,0.20000000000000284,,none,0.1793882456923157,0.0,-0.010000000000000142,-0.05588486243853824
R01_horizontal_empty,136,28.200000000000266,49.77959152444296,65.18448966350614,16.426525388112033,0.3247315541782129,0.1092118945485468,1.2997816437425653,0.00493951498027086,0.06535049258711938,0.9133706092834473,0.36517074704170227,0.5984375476837158,0.9133706092834473,0.36517074704170227,0.5984375476837158,1.4480223655700684,0.1278097614645958,0.14960938692092896,0.10889246967794909,0.20000000000000284,,none,0.1756383108342945,0.0,-0.010000000000000142,-0.056745841156345254
R01_horizontal_empty,137,28.40000000000027,50.01507057019093,65.26334732305857,16.398086183961606,0.3191988434018943,0.11712692042593759,1.1997816437425657,-0.0556964792442984,0.017412834302148274,-0.4398520588874817,-0.5121529698371887,-0.32107606530189514,-0.4398520588874817,-0.5121529698371887,-0.32107606530189514,0.636088764667511,-0.17925353944301603,-0.08026901632547379,0.09163071062095272,0.20000000000000284,,none,0.17055898618726673,0.0,-0.010000000000000142,-0.06892827556631385
R01_horizontal_empty,138,28.60000000000027,50.24734724122822,65.33930954481335,16.368522768966823,0.31561383877767,0.12519158016766851,1.2590758004071427,0.014551809499389359,0.06002228291942497,0.9466674327850342,0.450559139251709,0.5873876810073853,0.9466674327850342,0.450559139251709,0.5873876810073853,1.4680004596710206,0.15769569873809813,0.1468469202518463,0.08444452036285836,0.20000000000000284,,none,0.16793566604550847,0.0,-0.010000000000000142,-0.07349114568264996
R01_horizontal_empty,139,28.800000000000274,50.47536283590568,65.41353414109264,16.33731599580174,0.31115560542723436,0.1318440180454704,1.159075800407143,-0.05396966940406353,0.010253198799334439,-0.4252152144908905,-0.553128182888031,-0.36464208364486694,-0.4252152144908905,-0.553128182888031,-0.36464208364486694,0.6448708713054656,-0.19359486401081083,-0.09116052091121674,0.07791776582630204,0.20000000000000284,,none,0.16383398405239546,0.0,-0.010000000000000142,-0.07591621822609328
R01_horizontal_empty,140,29.000000000000277,50.70125506027265,65.48541916480687,16.305269981446806,0.30760001685488597,0.13841976475741313,1.2297115617716448,0.013340599175112003,0.05233272821022681,0.9643311500549316,0.42999351024627686,0.5523102283477783,0.9643311500549316,0.42999351024627686,0.5523102283477783,1.478598690032959,0.1504977285861969,0.13807755708694458,0.07724984617309016,0.20000000000000284,,none,0.16201322427713905,0.0,-0.010000000000000142,-0.07476337810404873
R01_horizontal_empty,141,29.20000000000028,50.92395086159082,65.55588067248009,16.271948677543808,0.30246842725167067,0.14296399257373177,1.1297115617716451,-0.05918986390094336,-0.002739637983018366,-0.36313140392303467,-0.591383159160614,-0.4598391056060791,-0.36313140392303467,-0.591383159160614,-0.4598391056060791,0.6821211576461792,-0.2069841057062149,-0.11495977640151978,0.07220711531809633,0.20000000000000284,,none,0.1588033834630096,0.0,-0.010000000000000142,-0.07659626814491312
R01_horizontal_empty,142,29.400000000000283,51.14536900332876,65.62423954361077,16.23830796594985,0.2996121780854664,0.14689208608018545,1.2081919032136057,0.024414353772743196,0.03888343604476189,0.9745327234268188,0.556369423866272,0.4947926104068756,0.9745327234268188,0.556369423866272,0.4947926104068756,1.4847196340560913,0.1947292983531952,0.1236981526017189,0.06736353546560385,0.20000000000000284,,none,0.15772359591883145,0.0,-0.010000000000000142,-0.08036006045322745
R01_horizontal_empty,143,29.600000000000286,51.364250066331046,65.69179634018049,16.20390733071939,0.2961566095756126,0.14942656065605184,1.108191903213606,-0.053125824610533605,-0.009864547816901326,-0.3664904832839966,-0.6032236814498901,-0.4367903470993042,-0.3664904832839966,-0.6032236814498901,-0.4367903470993042,0.680105710029602,-0.21112828850746154,-0.10919758677482605,0.06468054305593865,0.20000000000000284,,none,0.15489746740693278,0.0,-0.010000000000000142,-0.08021692435099398
R01_horizontal_empty,144,29.80000000000029,51.58228031421146,65.75766116015754,16.16947362831873,0.2933653907972871,0.1523484157483692,1.1913929126447833,0.01972300982626721,0.03565247431543481,0.9742567539215088,0.4804742634296417,0.5136073231697083,0.9742567539215088,0.4804742634296417,0.5136073231697083,1.4845540523529053,0.1681659922003746,0.12840183079242706,0.0665577427185237,0.20000000000000284,,none,0.1540629451477855,0.0,-0.010000000000000142,-0.07750520242926166
R01_horizontal_empty,145,30.00000000000029,51.79826284476269,65.82273233827081,16.134426708696886,0.28887601765315324,0.15404055140095457,1.0913929126447837,-0.058705568199582586,-0.01491950083762104,-0.33392566442489624,-0.6243380308151245,-0.4718770384788513,-0.33392566442489624,-0.6243380308151245,-0.4718770384788513,0.6996446013450622,-0.21851831078529357,-0.11796925961971283,0.06363944732438274,0.20000000000000284,,none,0.15170206476916093,0.0,-0.010000000000000142,-0.07806261744477803
R01_horizontal_empty,146,30.200000000000294,52.01384434794205,65.88606797027398,16.09950354882743,0.2856409634005971,0.15607946300706624,1.1784179333443239,0.02039333044568169,0.031788247286901904,0.9750884771347046,0.518777072429657,0.5078557133674622,0.9750884771347046,0.518777072429657,0.5078557133674622,1.4850530862808227,0.18157197535037994,0.12696392834186554,0.06172156153622666,0.20000000000000284,,none,0.15132369007842073,0.0,-0.010000000000000142,-0.07960212854219392
R01_horizontal_empty,147,30.400000000000297,52.22774724609065,65.94870781918418,16.064080839302118,0.28098605247671843,0.1573848701125472,1.0784179333443242,-0.06082128274989593,-0.015193179426158035,-0.3662400543689728,-0.6466031074523926,-0.44370612502098083,-0.3662400543689728,-0.6466031074523926,-0.44370612502098083,0.6802559673786164,-0.22631108760833737,-0.11092653125524521,0.058014216043730506,0.20000000000000284,,none,0.1492690785510291,0.0,-0.010000000000000142,-0.08125486250729846
R01_horizontal_empty,148,30.6000000000003,52.441553750147634,66.0096569719564,16.028770186418132,0.27749857984267556,0.15936790142873397,1.168562602841905,0.019865204409287816,0.031503925179703886,0.9768890142440796,0.526511013507843,0.5066316723823547,0.9768890142440796,0.526511013507843,0.5066316723823547,1.4861334085464477,0.18427885472774505,0.12665791809558868,0.05748425454365392,0.20000000000000284,,none,0.14915094184211597,0.0,-0.010000000000000142,-0.08166668729846191
R01_horizontal_empty,149,30.800000000000303,52.65398333988198,66.0699573976019,15.99292759844794,0.27240926414803596,0.16074622959458476,1.0685626028419053,-0.06453915341728389,-0.014270610280453776,-0.39183396100997925,-0.6755927801132202,-0.43017879128456116,-0.39183396100997925,-0.6755927801132202,-0.43017879128456116,0.6648996233940124,-0.23645747303962705,-0.10754469782114029,0.05342196917249082,0.20000000000000284,,none,0.1473433683417369,0.0,-0.010000000000000142,-0.08392139916924593
R01_horizontal_empty,150,31.000000000000306,52.866492748291876,66.1285117471515,15.957167536133323,0.2685563752620353,0.1625022676667158,1.1606251468812259,0.019791625785228906,0.028599839138524173,0.976752519607544,0.5473214387893677,0.4638252556324005,0.976752519607544,0.5473214387893677,0.4638252556324005,1.4860515117645263,0.1915625035762787,0.11595631390810013,0.05406061508868817,0.20000000000000284,,none,0.1474164426412301,0.0,-0.010000000000000142,-0.0833558275525418
R01_horizontal_empty,151,31.20000000000031,53.07784719248102,66.18645411557762,15.920954599066977,0.26323350627573827,0.16330553456648866,1.0606251468812262,-0.06681486282857874,-0.017121171103358625,-0.40822258591651917,-0.6950608491897583,-0.44114476442337036,-0.40822258591651917,-0.6950608491897583,-0.44114476442337036,0.6550664484500885,-0.24327129721641538,-0.11028619110584259,0.05018820930207863,0.20000000000000284,,none,0.14580101989418637,0.0,-0.010000000000000142,-0.0856128105921076
R01_horizontal_empty,152,31.40000000000031,53.28940611776345,66.2426263304818,15.884951284771567,0.25915623454340203,0.16425928126949726,1.1540767534998015,0.019848215748919214,0.02359021516648927,0.977062463760376,0.5613335371017456,0.42618879675865173,0.977062463760376,0.5613335371017456,0.42618879675865173,1.4862374782562255,0.19646673798561096,0.10654719918966293,0.05102673073409828,0.20000000000000284,,none,0.14602291131641465,0.0,-0.010000000000000142,-0.08499618058231623
R01_horizontal_empty,153,31.600000000000314,53.50000393690553,66.29823508231195,15.848681306115909,0.25375597771231573,0.16399416572750172,1.054076753499802,-0.06787214137680168,-0.02274879296060206,-0.4008488357067108,-0.7071970701217651,-0.4686923921108246,-0.4008488357067108,-0.7071970701217651,-0.4686923921108246,0.6594906985759734,-0.2475189745426178,-0.11717309802770615,0.04840784194769731,0.20000000000000284,,none,0.14458027780478488,0.0,-0.010000000000000142,-0.08617243585708743
R01_horizontal_empty,154,31.800000000000317,53.710911904639275,66.35208143348524,15.812847505889534,0.24957444922154542,0.1638767895916361,1.1487177175998644,0.020137021512529968,0.01846847989142096,0.9776339530944824,0.5731744766235352,0.4098252058029175,0.9776339530944824,0.5731744766235352,0.4098252058029175,1.4865803718566895,0.2006110668182373,0.10245630145072937,0.04870341339273931,0.20000000000000284,,none,0.14493059872434344,0.0,-0.010000000000000142,-0.08622718533160399
R01_horizontal_empty,155,32.00000000000032,53.921037905399466,66.40542066807896,15.7769437938539,0.2441730811055257,0.1626184809267647,1.0487177175998648,-0.0683225897181303,-0.027580823966237063,-0.40652215480804443,-0.714533805847168,-0.4856592118740082,-0.40652215480804443,-0.714533805847168,-0.4856592118740082,0.6560867071151733,-0.2500868320465088,-0.12141480296850204,0.04612391998875252,0.20000000000000284,,none,0.1436433818705467,0.0,-0.010000000000000142,-0.08751946188179405
R01_horizontal_empty,156,32.20000000000031,54.13154959161202,66.45701790018282,15.741675409619045,0.24001500885428442,0.16157410327564434,1.1442744542736563,0.021112355451993112,0.014002877935010382,0.9777882099151611,0.5876291394233704,0.39494946599006653,0.9777882099151611,0.5876291394233704,0.39494946599006653,1.4866729259490967,0.2056701987981796,0.09873736649751663,0.04633763075294076,0.19999999999998863,,none,0.14408593406184522,0.0,-0.009999999999999431,-0.08774830330890503
R01_horizontal_empty,157,32.4000000000003,54.34141274828901,66.50818227480056,15.706504598628536,0.23482490460335362,0.159490447305278,1.0442744542736566,-0.06714387103221889,-0.03141619561276712,-0.4280584454536438,-0.7095016241073608,-0.4958638548851013,-0.4280584454536438,-0.7095016241073608,-0.4958638548851013,0.6431649327278137,-0.24832556843757628,-0.12396596372127533,0.04385007352801478,0.19999999999998863,,none,0.14290010170317657,0.0,-0.009999999999999431,-0.08905002817516236
R01_horizontal_empty,158,32.600000000000286,54.55168501025707,66.55766512238577,15.672117366893838,0.23084304246169002,0.15790325616768733,1.1404360417236263,0.021543517550455218,0.012252935612418839,0.9789674878120422,0.5827433466911316,0.4049474895000458,0.9789674878120422,0.5827433466911316,0.4049474895000458,1.4873804926872254,0.20396017134189603,0.10123687237501144,0.04414052567472913,0.19999999999998863,,none,0.1433621280669115,0.0,-0.009999999999999431,-0.08922160239218295
R01_horizontal_empty,159,32.800000000000274,54.76139789948246,66.6067708625226,15.6378971835813,0.22577750919871728,0.15547365653352518,1.0404360417236267,-0.0662312961522155,-0.033128524833002014,-0.45458564162254333,-0.7029545903205872,-0.5024065971374512,-0.45458564162254333,-0.7029545903205872,-0.5024065971374512,0.627248615026474,-0.24603410661220548,-0.1256016492843628,0.041606847601142895,0.19999999999998863,,none,0.14223455157485532,0.0,-0.009999999999999431,-0.09062770397371299
R01_horizontal_empty,160,33.00000000000026,54.97152926618004,66.65423439149569,15.60451642526452,0.2218948868752741,0.15371634205994517,1.1371331460552805,0.02141041630967854,0.01214324069748628,0.9801707863807678,0.5738056898117065,0.41757136583328247,0.9801707863807678,0.5738056898117065,0.41757136583328247,1.4881024718284608,0.20083199143409727,0.10439284145832062,0.04200134278317604,0.19999999999998863,,none,0.14270138824261736,0.0,-0.009999999999999431,-0.09070004545944188
R01_horizontal_empty,161,33.20000000000025,55.18117522462435,66.70134893711325,15.571305120111472,0.216844675164264,0.15121278275235492,1.0371331460552808,-0.06583773926330619,-0.033721966584549984,-0.47811752557754517,-0.6975201964378357,-0.508723258972168,-0.47811752557754517,-0.6975201964378357,-0.508723258972168,0.613129484653473,-0.24413206875324248,-0.127180814743042,0.039604561590902414,0.19999999999998863,,none,0.14162248242661946,0.0,-0.009999999999999431,-0.09201792083571761
R01_horizontal_empty,162,33.40000000000024,55.39124135555794,66.74683549371122,15.538943541427223,0.21298919323768192,0.1494365886314974,1.1342985560892753,0.02115640260597121,0.012477932424148117,0.9812702536582947,0.5677804946899414,0.4264751076698303,0.9812702536582947,0.5677804946899414,0.4264751076698303,1.4887621521949768,0.19872317314147947,0.10661877691745758,0.039985659865872235,0.19999999999998863,,none,0.14209355014829583,0.0,-0.009999999999999431,-0.09210789028242417
R01_horizontal_empty,163,33.60000000000023,55.60088788491422,66.7919892383518,15.506733812809797,0.20792945415806957,0.1469331162549819,1.0342985560892757,-0.06557346309314546,-0.03400893443018181,-0.5010988116264343,-0.6925236582756042,-0.5149381160736084,-0.5010988116264343,-0.6925236582756042,-0.5149381160736084,0.5993407130241394,-0.24238328039646148,-0.1287345290184021,0.037617198156406316,0.19999999999998863,,none,0.14105806738709248,0.0,-0.009999999999999431,-0.09344086923068673
R01_horizontal_empty,164,33.80000000000022,55.81095226640269,66.83551836543778,15.475374342205148,0.20402615979323416,0.14515375959199645,1.13190108545128,0.020309870908208075,0.012695265608244855,0.9826545715332031,0.5576910376548767,0.4314548671245575,0.9826545715332031,0.5576910376548767,0.4314548671245575,1.4895927429199218,0.19519186317920684,0.10786371678113937,0.03832912822485459,0.19999999999998863,,none,0.1415335395569528,0.0,-0.009999999999999431,-0.09320441133209878
R01_horizontal_empty,165,34.000000000000206,56.02066571407351,66.87871088767986,15.44415043197165,0.1988928808186112,0.14265751089920306,1.0319010854512805,-0.06541325143276817,-0.0341286289510536,-0.5214775204658508,-0.6856405735015869,-0.5181639194488525,-0.5214775204658508,-0.6856405735015869,-0.5181639194488525,0.5871134877204895,-0.2399742007255554,-0.12954097986221313,0.03635202808365106,0.19999999999998863,,none,0.14055328178956117,0.0,-0.009999999999999431,-0.09420125370591068
R01_horizontal_empty,166,34.200000000000195,56.23079236769082,66.92027015061755,15.413767461258844,0.19487619365627815,0.140981066787532,1.1298608785307658,0.019026895028586222,0.013755178466510058,0.9836514592170715,0.5457626581192017,0.44530919194221497,0.9836514592170715,0.5457626581192017,0.44530919194221497,1.4901908755302429,0.19101693034172057,0.11132729798555374,0.036834816074571654,0.19999999999998863,,none,0.1410357680885923,0.0,-0.009999999999999431,-0.09420095201402122
R01_horizontal_empty,167,34.40000000000018,56.44062311464279,66.96145991038415,15.383464067704958,0.18945901942271448,0.13881525665182776,1.0298608785307661,-0.06696713255905029,-0.031967179228390104,-0.5629981756210327,-0.6916312575340271,-0.5005397796630859,-0.5629981756210327,-0.6916312575340271,-0.5005397796630859,0.5622010946273803,-0.24207094013690947,-0.12513494491577148,0.033750767929719226,0.19999999999998863,,none,0.14010874938026419,0.0,-0.009999999999999431,-0.09635798145054553
R01_horizontal_empty,168,34.60000000000017,56.650858192045746,67.00095514199491,15.353914015400763,0.18522267077795462,0.13753816048582326,1.1281062813109817,0.018377167265717222,0.01561029646600749,0.9842424392700195,0.54908287525177,0.4502328336238861,0.9842424392700195,0.54908287525177,0.4502328336238861,1.4905454635620117,0.1921790063381195,0.11255820840597153,0.03386666123366188,0.19999999999998863,,none,0.14061253407044916,0.0,-0.009999999999999431,-0.09674587283678784
R01_horizontal_empty,169,34.80000000000016,56.86083307740426,67.04005458585573,15.324347806731016,0.1796161916398053,0.13586424842919353,1.028106281310982,-0.06823834281241756,-0.028988034491991575,-0.5950765609741211,-0.699201762676239,-0.47946155071258545,-0.5950765609741211,-0.699201762676239,-0.47946155071258545,0.5429540634155273,-0.24472061693668365,-0.11986538767814636,0.03137632184987287,0.19999999999998863,,none,0.13971221565159198,0.0,-0.009999999999999431,-0.09833589380171967
R01_horizontal_empty,170,35.00000000000015,57.071197540553726,67.07739372354568,15.295418662528371,0.17493269056358315,0.13506598377053344,1.1265950311391895,0.015191661211135708,0.017501467533077,0.9850825071334839,0.5290214419364929,0.44892972707748413,0.9850825071334839,0.5290214419364929,0.44892972707748413,1.4910495042800904,0.1851575046777725,0.11223243176937103,0.032883701021470764,0.19999999999998863,,none,0.14023060673244103,0.0,-0.009999999999999431,-0.09734690571097084
R01_horizontal_empty,171,35.20000000000014,57.28134622185092,67.11422956285527,15.26638831974599,0.16877587664805424,0.13366956845907388,1.0265950311391898,-0.07053039935807502,-0.028033633605745484,-0.6263993978500366,-0.7002549171447754,-0.4832793176174164,-0.6263993978500366,-0.7002549171447754,-0.4832793176174164,0.524160361289978,-0.24508922100067138,-0.1208198294043541,0.029872418563300494,0.19999999999998863,,none,0.13941257856522782,0.0,-0.009999999999999431,-0.09954016000192789
R01_horizontal_empty,172,35.40000000000013,57.49188120675328,67.14919323958851,15.237963238994512,0.16354716183834084,0.13283255892057222,1.125206876699513,0.012038243468596659,0.016320556603345526,0.9859521985054016,0.5150800943374634,0.4268017113208771,0.9859521985054016,0.5150800943374634,0.4268017113208771,1.491571319103241,0.18027803301811218,0.10670042783021927,0.03189733375373074,0.19999999999998863,,none,0.1399966205464871,0.0,-0.009999999999999431,-0.09809928679275692
R01_horizontal_empty,173,35.600000000000115,57.702240340856676,67.18354804715382,15.209478399056678,0.15696953254831064,0.13109199906533764,1.0252068766995133,-0.07160124506552455,-0.030218499858441807,-0.6432729959487915,-0.6913910508155823,-0.5002017617225647,-0.6432729959487915,-0.6913910508155823,-0.5002017617225647,0.5140362024307251,-0.24198686778545378,-0.12505044043064117,0.02989301927560644,0.19999999999998863,,none,0.13927867522292203,0.0,-0.009999999999999431,-0.09938565594731616
R01_horizontal_empty,174,35.800000000000104,57.91298586950777,67.21596817408789,15.18168674225411,0.15147968107357984,0.12981270651076612,1.123925019387407,0.010513714174372878,0.014086314184035591,0.9865646362304688,0.5081089735031128,0.4174622893333435,0.9865646362304688,0.5081089735031128,0.4174622893333435,1.4919387817382812,0.17783814072608947,0.10436557233333588,0.031178516469913896,0.19999999999998863,,none,0.1399240829940851,0.0,-0.009999999999999431,-0.09874556652417177
R01_horizontal_empty,175,36.00000000000009,58.1235861983935,67.24773781091746,15.153927256207886,0.1447853417272078,0.12760353470720937,1.0239250193874074,-0.07129144143769264,-0.032655123426426014,-0.6709481477737427,-0.6799559593200684,-0.5115978121757507,-0.6709481477737427,-0.6799559593200684,-0.5115978121757507,0.49743111133575435,-0.23798458576202391,-0.12789945304393768,0.028831266903500956,0.19999999999998863,,none,0.139271258622653,0.0,-0.009999999999999431,-0.1004399917191526
R01_horizontal_empty,176,36.20000000000008,58.33456325525153,67.27755973176818,15.126956450373557,0.1391623944901692,0.1259460559618935,1.1227485383267155,0.009009663388328471,0.012664583243092147,0.9873288869857788,0.4932515025138855,0.42004749178886414,0.9873288869857788,0.4932515025138855,0.42004749178886414,1.4923973321914672,0.1726380258798599,0.10501187294721603,0.030058583051581468,0.19999999999998863,,none,0.1399438119498413,0.0,-0.009999999999999431,-0.09988522889826039
R01_horizontal_empty,177,36.40000000000007,58.54542162260815,67.3066893550649,15.100094397045503,0.13223205067308394,0.12323986990731928,1.0227485383267159,-0.07219285612700663,-0.03605448099572079,-0.7101724147796631,-0.6790229082107544,-0.5413143634796143,-0.7101724147796631,-0.6790229082107544,-0.5413143634796143,0.47389655113220214,-0.23765801787376403,-0.13532859086990356,0.02575265883765445,0.19999999999998863,,none,0.13935175044366233,0.0,-0.009999999999999431,-0.10359909160600844
R01_horizontal_empty,178,36.60000000000006,58.756651570702395,67.33383692045372,15.074151266321444,0.12656222947551377,0.12095969866394742,1.1216681171340348,0.009348835285086225,0.009796940416155689,0.9880123138427734,0.5014432072639465,0.4129107892513275,0.9880123138427734,0.5014432072639465,0.4129107892513275,1.492807388305664,0.17550512254238126,0.10322769731283188,0.026318137970164114,0.19999999999998863,,none,0.1400756832584591,0.0,-0.009999999999999431,-0.10375754528829555
R01_horizontal_empty,179,36.80000000000005,58.967785276141996,67.36030125937513,15.04844400534799,0.11964139145151476,0.1175771101872069,1.0216681171340352,-0.07239608897056565,-0.039878760544791995,-0.738409161567688,-0.6827614307403564,-0.5644087791442871,-0.738409161567688,-0.6827614307403564,-0.5644087791442871,0.45695450305938723,-0.23896650075912473,-0.14110219478607178,0.022759494417976554,0.19999999999998863,,none,0.13951999990194253,0.0,-0.009999999999999431,-0.10676050548396654
R01_horizontal_empty,180,37.000000000000036,59.179279193446746,67.38477925543144,15.02379742645322,0.11398066531102453,0.11477439262503127,1.120665114464652,0.00960815597398899,0.00822592773336023,0.9883427023887634,0.5048770904541016,0.42499253153800964,0.9883427023887634,0.5048770904541016,0.42499253153800964,1.493005621433258,0.17670698165893553,0.10624813288450241,0.022854242948002555,0.19999999999998863,,none,0.1402756871536397,0.0,-0.009999999999999431,-0.1074214442056377
R01_horizontal_empty,181,37.200000000000024,59.39069008409571,67.40857641039003,14.99946988610995,0.10695777233059592,0.11096904304807423,1.0206651144646524,-0.07362692278072995,-0.042459272742318595,-0.7746520638465881,-0.6948633193969727,-0.582958996295929,-0.7746520638465881,-0.6948633193969727,-0.582958996295929,0.43520876169204714,-0.2432021617889404,-0.14573974907398224,0.018476524440949597,0.19999999999998863,,none,0.13974640202626176,0.0,-0.009999999999999431,-0.11126987758531273
R01_horizontal_empty,182,37.40000000000001,59.602445614097256,67.43035265240526,14.976309787579375,0.10124373665825984,0.10762574117328072,1.1197216841889743,0.010271273523887896,0.005417755568768971,0.9883108735084534,0.5176437497138977,0.4119042456150055,0.9883108735084534,0.5176437497138977,0.4119042456150055,1.492986524105072,0.18117531239986417,0.10297606140375137,0.019185691906302836,0.19999999999998863,,none,0.14054498353103995,0.0,-0.009999999999999431,-0.11135929162473768
R01_horizontal_empty,183,37.6,59.81412988104888,67.45145971393232,14.953590454673297,0.0942193602416469,0.10314340386460952,1.0197216841889747,-0.07429458050018603,-0.046340129504364135,-0.7971042394638062,-0.7043900489807129,-0.6072255969047546,-0.7971042394638062,-0.7043900489807129,-0.6072255969047546,0.4217374563217163,-0.2465365171432495,-0.15180639922618866,0.01564894951949098,0.19999999999998863,,none,0.14004293685341196,0.0,-0.009999999999999431,-0.11439398733392155
R01_horizontal_empty,184,37.79999999999999,60.026142583545116,67.47052095820153,14.932182280267117,0.08835459113426263,0.09926720760373671,1.11885229118706,0.009432917328382563,0.003799161415780872,0.9887765049934387,0.5142711400985718,0.42386898398399353,0.9887765049934387,0.5142711400985718,0.42386898398399353,1.4932659029960633,0.1799948990345001,0.10596724599599838,0.016133258748645914,0.19999999999998863,,none,0.1408864819872342,0.0,-0.009999999999999431,-0.11475322323858884
R01_horizontal_empty,185,37.99999999999998,60.2380969271435,67.48888095724743,14.911307101105606,0.08115153917686091,0.09424955914662354,1.0188522911870603,-0.07524213501062872,-0.04992634679999771,-0.8264891505241394,-0.707722544670105,-0.6376080513000488,-0.8264891505241394,-0.707722544670105,-0.6376080513000488,0.4041065096855163,-0.24770289063453674,-0.1594020128250122,0.012132472826482383,0.19999999999998863,,none,0.14043630206951363,0.0,-0.009999999999999431,-0.11830382924303182
R01_horizontal_empty,186,38.19999999999997,60.45035661774307,67.50515912201672,14.89185924081331,0.075226355405153,0.09003639303808295,1.118049003370646,0.009766415630626402,0.0037491554820096376,0.9891471862792969,0.5225584506988525,0.4524917006492615,0.9891471862792969,0.5225584506988525,0.4524917006492615,1.4934883117675781,0.18289545774459837,0.11312292516231537,0.011355083874319405,0.19999999999998863,,none,0.14132396596005847,0.0,-0.009999999999999431,-0.11996888208573964
R01_horizontal_empty,187,38.399999999999956,60.66255829201671,67.52073635658542,14.872974485992929,0.06796751969631708,0.08485374233515558,1.0180490033706464,-0.07612406886982306,-0.051417726759291404,-0.8551305532455444,-0.7172011137008667,-0.6553218364715576,-0.8551305532455444,-0.7172011137008667,-0.6553218364715576,0.3869216680526733,-0.25102038979530333,-0.1638304591178894,0.0075725083315908385,0.19999999999998863,,none,0.14088480815270188,0.0,-0.009999999999999431,-0.12331229982111161
R01_horizontal_empty,188,38.599999999999945,60.87502910095314,67.53419457048648,14.855539366300798,0.06183430717390125,0.08081711538170522,1.1173351258859443,0.008570490854802899,0.00667314032014045,0.9902116060256958,0.5173438191413879,0.5001761317253113,0.9902116060256958,0.5173438191413879,0.5001761317253113,1.4941269636154175,0.18107033669948577,0.12504403293132782,0.006500189718981914,0.19999999999998863,,none,0.1417914783289298,0.0,-0.009999999999999431,-0.12529128860994845
R01_horizontal_empty,189,38.79999999999993,61.08744053312258,67.54690118920315,14.83857516025567,0.054277188669871565,0.0760983079542291,1.0173351258859447,-0.07791071189128375,-0.04961850526954845,-0.8823493719100952,-0.725737988948822,-0.6572926044464111,-0.8823493719100952,-0.725737988948822,-0.6572926044464111,0.37059037685394286,-0.2540082961320877,-0.16432315111160278,0.0035429041593436576,0.19999999999998863,,none,0.1413723216174958,0.0,-0.009999999999999431,-0.1278294174581527
R01_horizontal_empty,190,38.99999999999992,61.30007589570898,67.55739444128929,14.822952719804428,0.0475335174838201,0.07275392940903508,1.1167199860164345,0.004279325254493208,0.011563428757942898,0.9916548132896423,0.4907335340976715,0.5449317693710327,0.9916548132896423,0.4907335340976715,0.5449317693710327,1.4949928879737855,0.17175673693418503,0.13623294234275818,0.003564617784923502,0.19999999999998863,,none,0.1423053797355216,0.0,-0.009999999999999431,-0.12874076195059866
R01_horizontal_empty,191,39.19999999999991,61.51265104001987,67.56698512398533,14.807617549078003,0.03932770244939432,0.06891715720964474,1.0167199860164349,-0.08011831958853574,-0.045621141562667306,-0.9010633230209351,-0.720066249370575,-0.6485811471939087,-0.9010633230209351,-0.720066249370575,-0.6485811471939087,0.35936200618743896,-0.25202318727970124,-0.16214528679847717,0.002498557173685795,0.19999999999998863,,none,0.14195637999714705,0.0,-0.009999999999999431,-0.12945782282346183
R01_horizontal_empty,192,39.3999999999999,61.72539972353218,67.57420909682216,14.793431735519114,0.03156250709307023,0.06657544961919862,1.116200955412241,-0.003321798666918431,0.017450357791427454,0.9931924939155579,0.43761521577835083,0.5838808417320251,0.9931924939155579,0.43761521577835083,0.5838808417320251,1.4959154963493346,0.1531653255224228,0.1459702104330063,0.003989376072117351,0.19999999999998863,,none,0.14293725665000423,0.0,-0.009999999999999431,-0.12894788057788745
R01_horizontal_empty,193,39.59999999999989,61.93808518935065,67.58026353714529,14.77931647738065,0.022148987837663038,0.06359752337183634,1.0162009554122413,-0.08468131554169366,-0.04269635404871741,-0.918982982635498,-0.7156182527542114,-0.6610256433486938,-0.918982982635498,-0.7156182527542114,-0.6610256433486938,0.34861021041870116,-0.250466388463974,-0.16525641083717346,0.002008395782630507,0.19999999999998863,,none,0.14273148863588858,0.0,-0.009999999999999431,-0.13072309285325864
R01_horizontal_empty,194,39.799999999999876,62.1508933441555,67.58371502528065,14.766206902461848,0.013220418039568306,0.06183434594526768,1.1157463450929637,-0.01021678470729161,0.02031537668561497,0.9940453171730042,0.4043385088443756,0.5948537588119507,0.9940453171730042,0.4043385088443756,0.5948537588119507,1.4964271903038024,0.14151847809553145,0.14871343970298767,0.0040061109034764345,0.19999999999998863,,none,0.14383038083327548,0.0,-0.009999999999999431,-0.12982426992979962
R01_horizontal_empty,195,39.999999999999865,62.36362648284077,67.58575395631685,14.75306795915561,0.0028900792764725127,0.059105635346060025,1.015746345092964,-0.08727845396378435,-0.04284228104205613,-0.929667592048645,-0.6980167627334595,-0.6861507892608643,-0.929667592048645,-0.6980167627334595,-0.6861507892608643,0.342199444770813,-0.2443058669567108,-0.17153769731521606,0.0026380017250612845,0.19999999999998863,,none,0.14377462480635472,0.0,-0.009999999999999431,-0.131136623081294
R01_horizontal_empty,196,40.199999999999854,62.57642731587167,67.58503595722783,14.74092054239146,-0.006765367471824225,0.05734642212835914,1.1153345849086638,-0.01474301951832308,0.0204777119941452,0.9944303035736084,0.38017529249191284,0.5980156660079956,0.9944303035736084,0.38017529249191284,0.5980156660079956,1.4966581821441651,0.13306135237216948,0.1495039165019989,0.004689988963436692,0.19999999999998863,,none,0.14496467505797384,0.0,-0.009999999999999431,-0.1302746860945377
R01_horizontal_empty,197,40.39999999999984,62.789133111012134,67.58275378486,14.728752099586833,-0.01762668608573725,0.05443846222611393,1.0153345849086641,-0.08832433260025045,-0.044648722403634905,-0.9338021278381348,-0.6807425022125244,-0.7094235420227051,-0.9338021278381348,-0.6807425022125244,-0.7094235420227051,0.3397187232971191,-0.23825987577438354,-0.17735588550567627,0.003957432511309167,0.19999999999998863,,none,0.1450179156985989,0.0,-0.009999999999999431,-0.1310604831872903
R01_horizontal_empty,198,40.59999999999983,63.00184720524512,67.57763594924432,14.71763171535005,-0.027666172385277854,0.05245367585980909,1.1149603301631097,-0.017414978488527327,0.019933302359156656,0.9947441816329956,0.3630741536617279,0.6061245203018188,0.9947441816329956,0.3630741536617279,0.6061245203018188,1.4968465089797973,0.12707595378160477,0.1515311300754547,0.0054732297984808834,0.19999999999998863,,none,0.146263445461301,0.0,-0.009999999999999431,-0.13079021566282067
R01_horizontal_empty,199,40.79999999999982,63.21444060588541,67.57087529982509,14.706520214632953,-0.03873804973519307,0.04942642283006112,1.01496033016311,-0.08798492789788878,-0.04528994708023352,-0.9346247315406799,-0.662240743637085,-0.7127775549888611,-0.9346247315406799,-0.662240743637085,-0.7127775549888611,0.33922516107559203,-0.23178426027297971,-0.17819438874721527,0.006114654293605326,0.19999999999998863,,none,0.14637940881260292,0.0,-0.009999999999999431,-0.13026475451899816
R01_horizontal_empty,200,40.99999999999981,63.42697661799354,67.56124784438033,14.6964712147914,-0.04911612006572171,0.04749548744600543,1.1146298310110982,-0.020855341845176525,0.02101465554517768,0.9952872395515442,0.33123889565467834,0.624427318572998,0.9952872395515442,0.33123889565467834,0.624427318572998,1.4971723437309266,0.11593361347913742,0.1561068296432495,0.007643575714844442,0.19999999999998863,,none,0.14763715338944294,0.0,-0.009999999999999431,-0.12999357767459907
R01_horizontal_empty,201,41.1999999999998,63.6393593129155,67.54988520184808,14.686399670281311,-0.06046890710016534,0.04461368344179516,1.0146298310110986,-0.08763903226450948,-0.04487000633814067,-0.9324954748153687,-0.6392090320587158,-0.7164826989173889,-0.9324954748153687,-0.6392090320587158,-0.7164826989173889,0.3405027151107788,-0.22372316122055053,-0.17912067472934723,0.008687288385407882,0.19999999999998863,,none,0.14781038936983038,0.0,-0.009999999999999431,-0.12912310098442306
R01_horizontal_empty,202,41.399999999999785,63.85161301403737,67.53561253091132,14.677360958572768,-0.07131815887713236,0.04288341972273634,1.1143447515508176,-0.025534326036663377,0.02259247470181413,0.9959475994110107,0.28861573338508606,0.6400195360183716,0.9959475994110107,0.28861573338508606,0.6400195360183716,1.4975685596466064,0.10101550668478011,0.1600048840045929,0.010680863096191534,0.19999999999998863,,none,0.14907785908195592,0.0,-0.009999999999999431,-0.12839699598576496
R01_horizontal_empty,203,41.599999999999774,64.06367256812757,67.51947698074906,14.668248371397983,-0.0830725546104882,0.04017705887613568,1.014344751550818,-0.08735053485605401,-0.04468263810625102,-0.9286405444145203,-0.6094642877578735,-0.7268783450126648,-0.9286405444145203,-0.6094642877578735,-0.7268783450126648,0.3428156733512878,-0.21331250071525573,-0.1817195862531662,0.011746627452981185,0.19999999999998863,,none,0.1493265687509222,0.0,-0.009999999999999431,-0.1275799412979416
R01_horizontal_empty,204,41.79999999999976,64.27552795344513,67.50038979522934,14.6601419750949,-0.09427341205800399,0.03863553895648668,1.114102608444229,-0.029052007879685426,0.02428093280566354,0.9966174364089966,0.2564058005809784,0.6588053107261658,0.9966174364089966,0.2564058005809784,0.6588053107261658,1.497970461845398,0.08974203020334243,0.16470132768154144,0.013074153134671663,0.19999999999998863,,none,0.15060352306239722,0.0,-0.009999999999999431,-0.12752936992772612
R01_horizontal_empty,205,41.99999999999975,64.48714547086502,67.47936171492952,14.651902920313617,-0.10609472592519736,0.036208659257759165,1.0141026084442293,-0.08494822496913597,-0.04357181643335604,-0.92629075050354,-0.568134605884552,-0.7270650863647461,-0.92629075050354,-0.568134605884552,-0.7270650863647461,0.34422554969787594,-0.19884711205959318,-0.18176627159118652,0.01492959925591455,0.19999999999998863,,none,0.15089118995036443,0.0,-0.009999999999999431,-0.12596159069445045
R01_horizontal_empty,206,42.19999999999974,64.69848471221096,67.45538635115373,14.64462348403133,-0.11781065130388556,0.034810147520884314,1.1138927542436265,-0.03590725378319741,0.024606269071185904,0.9970749020576477,0.18292228877544403,0.6538106203079224,0.9970749020576477,0.18292228877544403,0.6538106203079224,1.4982449412345886,0.06402280107140541,0.1634526550769806,0.018737624091430753,0.19999999999998863,,none,0.15214241628637382,0.0,-0.009999999999999431,-0.12340479219494363
R01_horizontal_empty,207,42.39999999999973,64.90952411801489,67.42928185976061,14.637205409076035,-0.13041632255375082,0.03221717447113233,1.013892754243627,-0.08634775125500924,-0.04579989390651694,-0.914593517780304,-0.5403702855110168,-0.7607031464576721,-0.914593517780304,-0.5403702855110168,-0.7607031464576721,0.3512438893318176,-0.1891295999288559,-0.19017578661441803,0.018982606336569098,0.19999999999998863,,none,0.15255215617242968,0.0,-0.009999999999999431,-0.12356954983586114
R01_horizontal_empty,208,42.59999999999972,65.12019848193665,67.40013297324303,14.630815336403552,-0.1425969895954428,0.030524776042324998,1.113701471990733,-0.03902559667554295,0.024020534447725547,0.9972203969955444,0.16400586068630219,0.6668749451637268,0.9972203969955444,0.16400586068630219,0.6668749451637268,1.4983322381973267,0.05740205124020576,0.1667187362909317,0.020089942920354063,0.19999999999998863,,none,0.15387309107514824,0.0,-0.009999999999999431,-0.12378314815479474
R01_horizontal_empty,209,42.799999999999706,65.33051498323549,67.36878629659357,14.624320527916003,-0.15517321687395116,0.02784676655551076,1.0137014719907333,-0.0833927197409399,-0.04598242100643585,-0.9096054434776306,-0.4965684115886688,-0.7568137049674988,-0.9096054434776306,-0.4965684115886688,-0.7568137049674988,0.35423673391342164,-0.17379894405603408,-0.1892034262418747,0.022349255203547892,0.19999999999998863,,none,0.1543339057555535,0.0,-0.009999999999999431,-0.12198465055200618
R01_horizontal_empty,210,42.999999999999694,65.54039049638989,67.33442676931016,14.618884310379723,-0.1677566225379695,0.02580494860492576,1.11351988511755,-0.04531152217027516,0.020596184262715117,0.9971601366996765,0.09224561601877213,0.6249496936798096,0.9971601366996765,0.09224561601877213,0.6249496936798096,1.498296082019806,0.032285965606570245,0.1562374234199524,0.027796934235222316,0.19999999999998863,,none,0.15563147476917294,0.0,-0.009999999999999431,-0.11783454053395119
R01_horizontal_empty,211,43.19999999999968,65.74983151635911,67.29771907655362,14.613469725726018,-0.18085810379035672,0.022360878398081645,1.0135198851175504,-0.08287232714635089,-0.05042627281395875,-0.8540490865707397,-0.455455482006073,-0.7862695455551147,-0.8540490865707397,-0.455455482006073,-0.7862695455551147,0.38757054805755614,-0.15940941870212555,-0.1965673863887787,0.0318477088879331,0.19999999999998863,,none,0.15621754533365007,0.0,-0.009999999999999431,-0.11436983644571753
R01_horizontal_empty,212,43.39999999999967,65.95874671925694,67.25797746772601,14.609295177644308,-0.1935661502200152,0.019457028827986243,1.1133487041804375,-0.046918018500815284,0.016417667380766977,0.9971349835395813,0.07527296990156174,0.6103624105453491,0.9971349835395813,0.07527296990156174,0.6103624105453491,1.4982809901237488,0.026345539465546606,0.15259060263633728,0.03438144018739631,0.19999999999998863,,none,0.15756415962530568,0.0,-0.009999999999999431,-0.11318271943790993
R01_horizontal_empty,213,43.59999999999966,66.16717179862067,67.2158952626908,14.605314385460318,-0.2062218884232434,0.015267932336733136,1.0133487041804379,-0.0773460020858139,-0.05346616837937826,-0.8162986040115356,-0.39813899993896484,-0.785383939743042,-0.8162986040115356,-0.39813899993896484,-0.785383939743042,0.4102208375930786,-0.1393486499786377,-0.1963459849357605,0.03897110927097144,0.19999999999998863,,none,0.1581864721507742,0.0,-0.009999999999999431,-0.10921536287980332
R01_horizontal_empty,214,43.79999999999965,66.37501063305105,67.17090460038752,14.602735314836295,-0.21901155798788996,0.011450324225172892,1.113187129051721,-0.052428713166460236,0.010471124421882493,0.9971058368682861,-0.0047289300709962845,0.5630207657814026,0.9971058368682861,-0.0047289300709962845,0.5630207657814026,1.4982635021209716,-0.0016551255248486996,0.14075519144535065,0.04425716272139895,0.19999999999998863,,none,0.15948521070453126,0.0,-0.009999999999999431,-0.10522804798313287
R01_horizontal_empty,215,43.99999999999964,66.58228092546285,67.12348768070065,14.600580416456246,-0.23176990879868173,0.0061062624447745985,1.0131871290517214,-0.07356197778480589,-0.05898146662581856,-0.6532247066497803,-0.33321404457092285,-0.8025043606758118,-0.6532247066497803,-0.33321404457092285,-0.8025043606758118,0.5080651760101318,-0.11662491559982299,-0.20062609016895294,0.056294661183684584,0.19999999999998863,,none,0.16021770606973718,0.0,-0.009999999999999431,-0.09392304488605316
R01_horizontal_empty,216,44.199999999999626,66.78889008222176,67.07322450587752,14.600051857135835,-0.2446964753222056,0.0014287429176731358,1.1130305092327633,-0.056955332653274064,0.007240969259896823,0.996968686580658,-0.066046342253685,0.5686739683151245,0.996968686580658,-0.066046342253685,0.5686739683151245,1.4981812119483948,-0.02311621978878975,0.14216849207878113,0.05803260538849663,0.19999999999998863,,none,0.1615255419108408,0.0,-0.009999999999999431,-0.09349293652234472
R01_horizontal_empty,217,44.399999999999615,66.99484742789828,67.02047768517686,14.600080360270718,-0.2573749898374883,-0.004307405822306451,1.0131277297430523,-0.06892747075031784,-0.05963212143420102,-0.45485660433769226,-0.2666369080543518,-0.7834538817405701,-0.45485660433769226,-0.2666369080543518,-0.7834538817405701,0.6270860373973846,-0.09332291781902313,-0.19586347043514252,0.07280039211208875,0.19999999999998863,,none,0.16232605157878055,0.0,-0.009999999999999431,-0.07952565946669238
R01_horizontal_empty,218,44.5999999999996,67.20008288555357,66.96494038231242,14.601786061807445,-0.2708735280817489,-0.009203531101260851,1.1129850304213618,-0.06625903227897414,0.005743498855610856,0.9972409009933472,-0.17377598583698273,0.5558336973190308,0.9972409009933472,-0.17377598583698273,0.5558336973190308,1.4983445405960083,-0.06082159504294395,0.1389584243297577,0.07539903712750365,0.19999999999998863,,none,0.16361706783324337,0.0,-0.009999999999999431,-0.0782180307057403
R01_horizontal_empty,219,44.79999999999959,67.40927799448266,66.9054067056234,14.604132731805352,-0.2835075376896452,-0.014764799502406422,1.0644555245581275,-0.06051406295417662,-0.05665332536123253,-0.010899298824369907,-0.13945035636425018,-0.7351936101913452,-0.010899298824369907,-0.13945035636425018,-0.7351936101913452,0.893460420705378,-0.048807624727487564,-0.1837984025478363,0.1046395911239384,0.19999999999998863,,none,0.16832511952523177,0.0,-0.009999999999999431,-0.05368552840129393
R01_horizontal_empty,220,44.99999999999958,67.62264584477474,66.8417758299654,14.60836371902823,-0.29616544052303734,-0.02155343052633629,1.1593415610507523,-0.06567591579760043,-0.014416388788111877,0.997298538684845,-0.21769756078720093,0.28659674525260925,0.997298538684845,-0.21769756078720093,0.28659674525260925,1.498379123210907,-0.07619414627552032,0.07164918631315231,0.12217355325929673,0.19999999999998863,,none,0.1735063739600271,0.0,-0.009999999999999431,-0.041332820700730945
R01_horizontal_empty,221,45.19999999999957,67.84768675354744,66.77172574247824,14.614180622492484,-0.30626101049746024,-0.02954820639457341,1.1965542334505086,-0.03741017671681285,-0.061948842132814395,0.7127902507781982,0.05767570808529854,-0.6352200508117676,0.7127902507781982,0.05767570808529854,-0.6352200508117676,1.327674150466919,0.02018649782985449,-0.1588050127029419,0.15452513531613765,0.19999999999998863,,none,0.18465556748820688,0.0,-0.009999999999999431,-0.020130432172069803
R01_horizontal_empty,222,45.39999999999956,68.08198033374028,66.69700627632098,14.622813597381276,-0.3097447568438707,-0.03979966487619123,1.2611296584048883,-0.00022959265054832943,-0.042064433394885616,0.9811050295829773,0.21580779552459717,-0.0061850822530686855,0.9811050295829773,0.21580779552459717,-0.0061850822530686855,1.4886630177497864,0.075532728433609,-0.0015462705632671714,0.17337989820384428,0.19999999999998863,,none,0.19323356958929594,0.0,-0.009999999999999431,-0.009853671385452217
R01_horizontal_empty,223,45.59999999999955,68.32193884391121,66.62013386947936,14.634054161315136,-0.3105885546732444,-0.04998258790310978,1.2610994961148323,-0.007649170971083273,-0.058524220390059736,0.6016553640365601,-0.06505124270915985,-0.3682563304901123,0.6016553640365601,-0.06505124270915985,-0.3682563304901123,1.260993218421936,-0.022767934948205948,-0.09206408262252808,0.18056809575382687,0.19999999999998863,,none,0.1976472844906425,0.0,-0.009999999999999431,-0.007079188736816196
R01_horizontal_empty,224,45.799999999999535,68.56676920874305,66.5415257214323,14.64826468294881,-0.3100347447807484,-0.059664085035174334,1.3118487099812872,0.011726893187673226,-0.039708866803472125,0.9844416975975037,0.14631202816963196,-0.005476406775414944,0.9844416975975037,0.14631202816963196,-0.005476406775414944,1.4906650185585022,0.051209209859371184,-0.001369101693853736,0.18483231212421225,0.19999999999998863,,none,0.20128849377397273,0.0,-0.009999999999999431,-0.006456181649761063
R01_horizontal_empty,225,45.999999999999524,68.81822363554356,66.4612582995967,14.665116687869444,-0.3080856670585439,-0.06795324910329857,1.332127543466695,0.00804164194415337,-0.04293929597236892,0.8393009901046753,0.0015207442920655012,-0.19808757305145264,0.8393009901046753,0.0015207442920655012,-0.19808757305145264,1.4035805940628052,0.0005322605022229254,-0.04952189326286316,0.19405904195936452,0.19999999999998863,,none,0.20564163000401692,0.0,-0.009999999999999431,-0.001582588044652965
R01_horizontal_empty,226,46.19999999999951,69.07475852115591,66.3799655520311,14.684511958039998,-0.3052484883263618,-0.07557695022635563,1.3644119931437877,0.019468873325042258,-0.03397347077694067,0.9636119604110718,0.12215420603752136,-0.06281577050685883,0.9636119604110718,0.12215420603752136,-0.06281577050685883,1.478167176246643,0.04275397211313248,-0.015703942626714706,0.19752753376985369,0.19999999999998863,,none,0.20849361596975058,0.0,-0.009999999999999431,-0.0009660821998974745
R01_horizontal_empty,227,46.3999999999995,69.33624600851552,66.29806827993248,14.706173003922725,-0.3020384249002955,-0.08208197253817999,1.383374968968054,0.01311095792274976,-0.03127977646433282,0.9169859290122986,0.0004443674988579005,-0.10316350311040878,0.9169859290122986,0.0004443674988579005,-0.10316350311040878,1.4501915574073792,0.00015552862460026516,-0.025790875777602196,0.20036810401589691,0.19999999999998863,,none,0.21074040823844342,0.0,-0.009999999999999431,-0.00037230422254708965
R01_horizontal_empty,228,46.59999999999949,69.6015410553105,66.21586466477699,14.729861063486485,-0.2986520478726829,-0.08792716029660262,1.4031707951294472,0.020217212905734583,-0.027459998339808205,0.9548699259757996,0.09913577884435654,-0.07870597392320633,0.9548699259757996,0.09913577884435654,-0.07870597392320633,1.4729219555854798,0.034697522595524784,-0.019676493480801582,0.20171222188679983,0.19999999999998863,,none,0.21194768913946405,0.0,-0.009999999999999431,-0.00023546725266479656
R01_horizontal_empty,229,46.79999999999948,69.87005310504128,66.13372591886137,14.755338158790153,-0.2953345208092451,-0.09282754693145809,1.4157207287283062,0.013466834693513452,-0.02195851554832678,0.9332346320152283,-0.0008237434667535126,-0.04299290478229523,0.9332346320152283,-0.0008237434667535126,-0.04299290478229523,1.459940779209137,-0.0002883102133637294,-0.010748226195573807,0.20212559555722617,0.19999999999998863,,none,0.2123603038642834,0.0,-0.009999999999999431,-0.00023470830705778274
R01_horizontal_empty,230,46.99999999999947,70.14104442085241,66.05170509370177,14.782284916030296,-0.29238920687692666,-0.09679426291701958,1.4278261853035046,0.015809720958992062,-0.01800650770025257,0.9508001804351807,0.05881081521511078,-0.039814241230487823,0.9508001804351807,0.05881081521511078,-0.039814241230487823,1.4704801082611083,0.020583785325288772,-0.009953560307621956,0.20206921014623017,0.19999999999998863,,none,0.2121467088058786,0.0,-0.009999999999999431,-7.749865964899993e-05
R01_horizontal_empty,231,47.199999999999456,70.41403589583989,65.96995157729708,14.810425842391341,-0.28973784730451685,-0.09988783475306455,1.4353824473373804,0.01106173141181547,-0.013285066364444162,0.9366785883903503,0.003962354268878698,-0.01465702336281538,0.9366785883903503,0.003962354268878698,-0.01465702336281538,1.4620071530342102,0.0013868239941075442,-0.003664255840703845,0.20130553087625325,0.19999999999998863,,none,0.21138234404907053,0.0,-0.009999999999999431,-7.681317281784997e-05
R01_horizontal_empty,232,47.399999999999444,70.68852237237061,65.88842094406237,14.839468948763221,-0.287828876704359,-0.102132776995254,1.4423718259418175,0.008240603408188756,-0.009453166866966565,0.9449985027313232,0.007120094262063503,-0.006579849869012833,0.9449985027313232,0.007120094262063503,-0.006579849869012833,1.466999101638794,0.002492032991722226,-0.0016449624672532082,0.20021443295664154,0.19999999999998863,,none,0.21021732161720408,0.0,-0.009999999999999431,-2.888660563093435e-06
R01_horizontal_empty,233,47.59999999999943,70.96420530100949,65.80699913726471,14.869164782145925,-0.2867255344478611,-0.10359927349764318,1.4472506941318546,0.00317464143074344,-0.005509065627663441,0.9407358765602112,-0.020423410460352898,0.010111082345247269,0.9407358765602112,-0.020423410460352898,0.010111082345247269,1.4644415259361268,-0.007148193661123513,0.002527770586311817,0.1988110405608084,0.19999999999998863,,none,0.20883214859785681,0.0,-0.009999999999999431,-2.1108037048988994e-05
R01_horizontal_empty,234,47.79999999999942,71.24074794626455,65.72550403091373,14.899263397838538,-0.28662204873583785,-0.10430978911598061,1.4512375495694592,-0.001767308818156942,-0.0018703416954305194,0.9421422481536865,-0.03382127732038498,0.02217692695558071,0.9421422481536865,-0.03382127732038498,0.02217692695558071,1.465285348892212,-0.011837447062134743,0.005544231738895178,0.19726676349163566,0.19999999999998863,,none,0.20727330479810746,0.0,-0.009999999999999431,-6.5413064723758575e-06
R01_horizontal_empty,235,47.99999999999941,71.51788320339777,65.64370940374866,14.929533335603038,-0.28757989436645526,-0.10431278270737972,1.4539832614690027,-0.007387549173943658,0.0015803282940979508,0.939429759979248,-0.05382808297872543,0.034446828067302704,0.939429759979248,-0.05382808297872543,0.034446828067302704,1.4636578559875488,-0.0188398290425539,0.008611707016825676,0.19561482485745998,0.19999999999998863,,none,0.2056259884642202,0.0,-0.009999999999999431,-1.1163606760770176e-05
R01_horizontal_empty,236,48.1999999999994,71.79529899025279,65.5613600345421,14.959746818862648,-0.28979806590693713,-0.10361465819511027,1.4554794249268033,-0.014275054012682573,0.005133140842110781,0.9345853328704834,-0.08088462799787521,0.04949061572551727,0.9345853328704834,-0.08088462799787521,0.04949061572551727,1.46075119972229,-0.028309619799256322,0.012372653931379318,0.1938860914184297,0.19999999999998863,,none,0.20390572823141895,0.0,-0.009999999999999431,-1.963681298981723e-05
R01_horizontal_empty,237,48.39999999999939,72.07265259715128,65.47812796219402,14.989677060407251,-0.29362945660242257,-0.10225780088467654,1.4556716146533049,-0.023354531438669196,0.008203982490888988,0.9272480010986328,-0.11958756297826767,0.05784556269645691,0.9272480010986328,-0.11958756297826767,0.05784556269645691,1.4563488006591796,-0.04185564704239368,0.014461390674114227,0.19214229457495557,0.19999999999998863,,none,0.20217472575000528,0.0,-0.009999999999999431,-3.243117505027815e-05
R01_horizontal_empty,238,48.599999999999376,72.34960455466917,65.39355759271479,15.019126157363937,-0.2995417901724814,-0.10034326093053732,1.4550621252237246,-0.03489871733114053,0.010749556756461569,0.9215242862701416,-0.16692037880420685,0.06374654173851013,0.9215242862701416,-0.16692037880420685,0.06374654173851013,1.452914571762085,-0.05842213258147239,0.015936635434627533,0.1905225824320916,0.19999999999998863,,none,0.20056874199047314,0.0,-0.009999999999999431,-4.61595583820984e-05
R01_horizontal_empty,239,48.799999999999365,72.6257515167779,65.30706367673476,15.047934046064517,-0.30808261152796657,-0.09805809403116107,1.4531008810541184,-0.049415373765868784,0.012007314832427748,0.9103173017501831,-0.22570213675498962,0.05828091874718666,0.9103173017501831,-0.22570213675498962,0.05828091874718666,1.4461903810501098,-0.07899574786424636,0.014570229686796665,0.18913136601969932,0.19999999999998863,,none,0.19920358131178872,0.0,-0.009999999999999431,-7.221529208996574e-05
R01_horizontal_empty,240,48.99999999999935,72.90062218395391,65.2179300454467,15.076008842726997,-0.31966913714808576,-0.09564239137771095,1.4502685701866662,-0.0652559741350511,0.012139731443299804,0.9004814028739929,-0.27866894006729126,0.04963821917772293,0.9004814028739929,-0.27866894006729126,0.04963821917772293,1.4402888417243958,-0.09753412902355194,0.012409554794430733,0.18815077224891635,0.19999999999998863,,none,0.19821031071722928,0.0,-0.009999999999999431,-5.953846831349391e-05
R01_horizontal_empty,241,49.19999999999934,73.17377007243321,65.12535184184597,15.103334722015221,-0.33452886295734746,-0.0933219229514089,1.4469330073355564,-0.08207372749737789,0.011140281503661463,0.8919667601585388,-0.332408607006073,0.036414869129657745,0.8919667601585388,-0.332408607006073,0.036414869129657745,1.4351800560951233,-0.11634301245212554,0.009103717282414436,0.18766679307533146,0.19999999999998863,,none,0.19772949923392602,0.0,-0.009999999999999431,-6.270615859513384e-05
R01_horizontal_empty,242,49.39999999999933,73.4448177490786,65.02845938516997,15.129963588217617,-0.35274126885931206,-0.09121395933407224,1.443988718577773,-0.09879039399354338,0.010023524782439267,0.8893573880195618,-0.3795819878578186,0.030991705134510994,0.8893573880195618,-0.3795819878578186,0.030991705134510994,1.433614432811737,-0.1328536957502365,0.0077479262836277485,0.18785126712518846,0.19999999999998863,,none,0.19789649807302112,0.0,-0.009999999999999431,-4.523094783323529e-05
R01_horizontal_empty,243,49.59999999999932,73.71342216384758,64.92639143136807,15.155966508818084,-0.37411227213712156,-0.08931685971409681,1.4413615949968264,-0.11378917828188788,0.009022889444866483,0.8868414163589478,-0.4124342203140259,0.027935639023780823,0.8868414163589478,-0.4124342203140259,0.027935639023780823,1.4321048498153686,-0.14435197710990905,0.006983909755945206,0.18873083615436836,0.19999999999998863,,none,0.19875273493098433,0.0,-0.009999999999999431,-2.18987766165369e-05
R01_horizontal_empty,244,49.79999999999931,73.9790533691072,64.81843936986598,15.181401786657927,-0.3984824194708843,-0.0876965039778027,1.4374403284328134,-0.12878226405125967,0.007309784854433241,0.8727060556411743,-0.4552384316921234,0.015276068821549416,0.8727060556411743,-0.4552384316921234,0.015276068821549416,1.4236236333847045,-0.15933345109224317,0.003819017205387354,0.19007601186398887,0.19999999999998863,,none,0.20011985733702886,0.0,-0.009999999999999431,-4.384547304055304e-05
R01_horizontal_empty,245,49.9999999999993,74.24112694171275,64.70394648556906,15.206360128082416,-0.4258674771474257,-0.0864828338605069,1.4336093522358533,-0.14392686220010734,0.005000934683892671,0.8668513298034668,-0.4993908107280731,0.0011849006405100226,0.8668513298034668,-0.4993908107280731,0.0011849006405100226,1.4201107978820802,-0.1747867837548256,0.00029622516012750566,0.19193134055612823,0.19999999999998863,,none,0.20197498598432517,0.0,-0.009999999999999431,-4.364542819750457e-05
R01_horizontal_empty,246,50.199999999999285,74.4992437904794,64.58222093160714,15.230973534159535,-0.4559062119653285,-0.08563416940673972,1.4310026980932886,-0.15558203402281306,0.0035919083674288655,0.8696967959403992,-0.5123760104179382,0.002883025910705328,0.8696967959403992,-0.5123760104179382,0.002883025910705328,1.4218180775642395,-0.17933160364627837,0.000720756477676332,0.19445438418633296,0.19999999999998863,,none,0.2044579761006915,0.0,-0.009999999999999431,-3.5919143591075545e-06
R01_horizontal_empty,247,50.399999999999274,74.75289323358989,64.45282679580397,15.255323175159607,-0.4878253627602934,-0.0849995693576558,1.4271541089537,-0.1630468497081212,0.0028128126763330807,0.8559891581535339,-0.5093079805374146,0.004901044070720673,0.8559891581535339,-0.5093079805374146,0.004901044070720673,1.4135934948921203,-0.1782577931880951,0.0012252610176801682,0.19730838316894445,0.19999999999998863,,none,0.20731241085971064,0.0,-0.009999999999999431,-4.02769076675667e-06
R01_horizontal_empty,248,50.59999999999926,75.0014383678689,64.31566825152002,15.279433406735189,-0.5208592432835508,-0.0844557066373761,1.422207141193749,-0.1669944261288001,0.002638920783157208,0.8412939310073853,-0.5001095533370972,0.009138335473835468,0.8412939310073853,-0.5001095533370972,0.009138335473835468,1.404776358604431,-0.175038343667984,0.002284583868458867,0.20019325687131895,0.19999999999998863,,none,0.2101996271793638,0.0,-0.009999999999999431,-6.370308045427088e-06
R01_horizontal_empty,249,50.79999999999925,75.24439000734631,64.17082186405877,15.30330794395049,-0.5544667749071239,-0.08396126236314169,1.4167640612527719,-0.16893465479659386,0.0023288890918093906,0.8293086886405945,-0.49396637082099915,0.0067885685712099075,0.8293086886405945,-0.49396637082099915,0.0067885685712099075,1.3975852131843567,-0.1728882297873497,0.0016971421428024769,0.20302280924405,0.19999999999998863,,none,0.2130265473666597,0.0,-0.009999999999999431,-3.738122610269668e-06
R01_horizontal_empty,250,50.99999999999924,75.48140640508633,64.01844206471559,15.32695669364335,-0.5883262983097908,-0.08349458163158117,1.411263398699345,-0.16960970090870248,0.00233728539335559,0.8198027610778809,-0.488529235124588,0.009417577646672726,0.8198027610778809,-0.488529235124588,0.009417577646672726,1.3918816566467285,-0.1709852322936058,0.0023543944116681814,0.20577954614829927,0.19999999999998863,,none,0.21578208288414125,0.0,-0.009999999999999431,-2.536735842552252e-06
R01_horizontal_empty,251,51.19999999999923,75.71215229078516,63.85878521629885,15.350372584081148,-0.6222626924457119,-0.0830054448332359,1.4048739704887894,-0.16974411001692624,0.0025388877889035355,0.8039343953132629,-0.4857656955718994,0.011798759922385216,0.8039343953132629,-0.4857656955718994,0.011798759922385216,1.3823606371879578,-0.17001799345016477,0.002949689980596304,0.2083716848123861,0.19999999999998863,,none,0.21837698705662412,0.0,-0.009999999999999431,-5.302244238582794e-06
R01_horizontal_empty,252,51.39999999999922,75.93621213110622,63.69222704098102,15.373522083897953,-0.6562686118483492,-0.08241532973327571,1.3970539794754886,-0.17027506579687962,0.003304554780746097,0.7825000286102295,-0.4895913898944855,0.019458971917629242,0.7825000286102295,-0.4895913898944855,0.019458971917629242,1.3695000171661378,-0.1713569864630699,0.0048647429794073105,0.2106670563438362,0.19999999999998863,,none,0.22067771128105207,0.0,-0.009999999999999431,-1.0654937216441133e-05
R01_horizontal_empty,253,51.599999999999206,76.15304209998756,63.51925891123393,15.396345824204865,-0.6905353985703057,-0.08179378738231936,1.3866220510430742,-0.1722443743567509,0.0029384612502232122,0.7497747540473938,-0.5035920143127441,0.008769911713898182,0.7497747540473938,-0.5035920143127441,0.008769911713898182,1.3498648524284362,-0.17625720500946043,0.0021924779284745455,0.21251670263169123,0.19999999999998863,,none,0.22254432697343773,0.0,-0.009999999999999431,-2.7624341747062176e-05
R01_horizontal_empty,254,51.799999999999194,76.36204210463623,63.34037114484562,15.41881631322795,-0.7255590898822535,-0.08119071861162215,1.3742849063852536,-0.17758966355635686,0.003081449418213456,0.7180243730545044,-0.5385190844535828,0.013491257093846798,0.7180243730545044,-0.5385190844535828,0.013491257093846798,1.3308146238327025,-0.18848167955875395,0.0033728142734616995,0.2139399955564818,0.19999999999998863,,none,0.2239850011169615,0.0,-0.009999999999999431,-4.5005560480269116e-05
R01_horizontal_empty,255,51.99999999999918,76.5625918009645,63.15599662840501,15.440909707980392,-0.761424368442343,-0.08068381805104068,1.3597089674774478,-0.18081967557947323,0.002064224569001718,0.6805837154388428,-0.5354326367378235,-3.423728048801422e-05,0.6805837154388428,-0.5354326367378235,-3.423728048801422e-05,1.3083502292633056,-0.18740142285823821,-8.559320122003555e-06,0.21503040666188225,0.19999999999998863,,none,0.225062292021887,0.0,-0.009999999999999431,-3.188536000530958e-05
R01_horizontal_empty,256,52.19999999999917,76.7540943449471,62.96674954367932,15.462625313895035,-0.7976016895751397,-0.08027238299709635,1.3423425036298604,-0.18094415380681494,0.0020511141077672232,0.6352521181106567,-0.5177080035209656,0.00809759646654129,0.6352521181106567,-0.5177080035209656,0.00809759646654129,1.281151270866394,-0.18119780123233795,0.0020243991166353226,0.2155877229987314,0.19999999999998863,,none,0.22563642785991256,0.0,-0.009999999999999431,-4.870486118172542e-05
R01_horizontal_empty,257,52.39999999999916,76.93615196987692,62.77336234305922,15.483938369144328,-0.8335115101355641,-0.0798667507527474,1.3232320152967862,-0.17834960342807743,0.002008425762378808,0.5931594371795654,-0.4944649338722229,0.00768576143309474,0.5931594371795654,-0.4944649338722229,0.00768576143309474,1.2558956623077393,-0.17306272685527802,0.001921440358273685,0.21559977761882723,0.19999999999998863,,none,0.22564602169248182,0.0,-0.009999999999999431,-4.6244073655154695e-05
R01_horizontal_empty,258,52.59999999999915,77.10880486212933,62.57643558261527,15.504847293755558,-0.8681792323007606,-0.07945859441727611,1.3050334938725476,-0.16903003539086686,0.0020686020936938,0.5681841373443604,-0.4286848306655884,0.008764890022575855,0.5681841373443604,-0.4286848306655884,0.008764890022575855,1.2409104824066162,-0.15003969073295592,0.002191222505643964,0.2152159403514758,0.19999999999998863,,none,0.22531497939344014,0.0,-0.009999999999999431,-9.903904196493039e-05
R01_horizontal_empty,259,52.79999999999914,77.2727749315874,62.37639408870541,15.525381842882394,-0.8992595664085871,-0.07894693018903623,1.290445544589975,-0.14368366520892786,0.0029793936962274102,0.5650741457939148,-0.2629592716693878,0.019341200590133667,0.5650741457939148,-0.2629592716693878,0.019341200590133667,1.2390444874763489,-0.09203574508428573,0.004835300147533417,0.21438951620939248,0.19999999999998863,,none,0.22494124603533727,0.0,-0.009999999999999431,-0.0005517298259453686
R01_horizontal_empty,260,52.999999999999126,77.42935866710458,62.17404449296126,15.545518407449096,-0.9237203234718648,-0.0780071866091314,1.2767594713986545,-0.10392083554468126,0.006177035393791941,0.5475603342056274,-0.06541917473077774,0.05077128857374191,0.5475603342056274,-0.06541917473077774,0.05077128857374191,1.2285362005233764,-0.022896711155772208,0.012692822143435478,0.21342685135199824,0.19999999999998863,,none,0.22423318483050814,0.0,-0.009999999999999431,-0.0008063334785104571
R01_horizontal_empty,261,53.199999999999115,77.57960211567358,61.971467482157884,15.56502148153899,-0.9400828140655937,-0.07609980759865273,1.2539813105034385,-0.06280311856303711,0.012425785525796327,0.45620301365852356,0.059948112815618515,0.10063508152961731,0.45620301365852356,0.059948112815618515,0.10063508152961731,1.1737218081951142,0.020981839485466478,0.025158770382404327,0.21131613894243012,0.19999999999998863,,none,0.22184712923547423,0.0,-0.009999999999999431,-0.00053099029304467
R01_horizontal_empty,262,53.3999999999991,77.72485269790215,61.770428860940164,15.583502333479212,-0.9488740012441065,-0.07211654292463399,1.2340482954437888,-0.027750661863386764,0.02635687316021885,0.439689576625824,0.12478630244731903,0.21897616982460022,0.439689576625824,0.12478630244731903,0.21897616982460022,1.1638137459754943,0.04367520585656166,0.054744042456150055,0.20766177555850654,0.19999999999998863,,none,0.21803140151082978,0.0,-0.009999999999999431,-0.0003696259523238046
R01_horizontal_empty,263,53.59999999999909,77.86664780847039,61.572072992104815,15.600347342120246,-0.9498800462211804,-0.0652618772162623,1.211103600009527,0.014505369040201195,0.041080092769819755,0.3837621808052063,0.2874567210674286,0.284325510263443,0.3837621808052063,0.2874567210674286,0.284325510263443,1.1302573084831238,0.1006098523736,0.07108137756586075,0.20258352581717343,0.19999999999998863,,none,0.21326072731703505,0.0,-0.009999999999999431,-0.00067720149986219
R01_horizontal_empty,264,53.79999999999908,78.006067481166,61.378263419784695,15.614805049456347,-0.9431304332369929,-0.05491895034517431,1.1821157171945789,0.05029341099518121,0.06085847635998784,0.2999601364135742,0.35205191373825073,0.40464237332344055,0.2999601364135742,0.35205191373825073,0.40464237332344055,1.0799760818481445,0.12321816980838775,0.10116059333086014,0.1961760490586659,0.19999999999998863,,none,0.20668947844060526,0.0,-0.009999999999999431,-0.0005134293819399183
R01_horizontal_empty,265,53.99999999999907,78.1433020600051,61.19094344123398,15.626124869067025,-0.9342658149937034,-0.042267553563708274,1.1445447186984887,0.03918966253653252,0.06531928004704052,0.18693704903125763,0.04732491448521614,0.2976359724998474,0.18693704903125763,0.04732491448521614,0.2976359724998474,1.0121622294187544,0.01656372006982565,0.07440899312496185,0.18571939141584726,0.19999999999998863,,none,0.19806105405929486,0.0,-0.009999999999999431,-0.002341662643448184
R01_horizontal_empty,266,54.19999999999906,78.27699173065248,61.010869027649726,15.634318797955943,-0.9320165443981827,-0.03151686086729195,1.1017365903871754,-0.01277999603179008,0.043808888206117794,0.08483487367630005,-0.3390794098377228,-9.006448090076447e-05,0.08483487367630005,-0.3390794098377228,-9.006448090076447e-05,0.95090092420578,-0.11867779344320296,-2.2516120225191116e-05,0.17353883100588166,0.19999999999998863,,none,0.18850630998915996,0.0,-0.009999999999999431,-0.0049674789832788654
R01_horizontal_empty,267,54.39999999999905,78.40775350142619,60.833344139281124,15.640622585635587,-0.9427053720628128,-0.0272112772464677,1.1039254439261532,-0.0884081740899047,0.002370188673056944,0.3527298867702484,-0.6928988099098206,-0.32827532291412354,0.3527298867702484,-0.6928988099098206,-0.32827532291412354,1.111637932062149,-0.24251458346843718,-0.08206883072853088,0.1677162027408383,0.19999999999998863,,none,0.18380943213605505,0.0,-0.009999999999999431,-0.006093229395217344
R01_horizontal_empty,268,54.599999999999035,78.53743211697717,60.65069800880899,15.646776569427361,-0.9659096276511583,-0.028242962439053863,1.1354858129734033,-0.13976370791328974,-0.011631715120752516,0.5778161287307739,-0.6983146071434021,-0.1606527417898178,0.5778161287307739,-0.6983146071434021,-0.1606527417898178,1.2466896772384644,-0.2444101125001907,-0.04016318544745445,0.1754624170967404,0.19999999999998863,,none,0.18703822663438707,0.0,-0.009999999999999431,-0.0015758095376472393
R01_horizontal_empty,269,54.799999999999024,78.66273825146163,60.463739532080346,15.653517892415234,-0.9953373726644945,-0.03223671108597464,1.1171336498334907,-0.1534799473082329,-0.027137126304694177,0.2541154623031616,-0.5183694958686829,-0.23492908477783203,0.2541154623031616,-0.5183694958686829,-0.23492908477783203,1.0524692773818969,-0.18142932355403898,-0.05873227119445801,0.17651736616492855,0.19999999999998863,,none,0.18937095295782846,0.0,-0.009999999999999431,-0.002853586792900491
R01_horizontal_empty,270,54.99999999999901,78.78206234922553,60.27352287699157,15.661311465610385,-1.0255101442036465,-0.0368598895307296,1.1291864279822887,-0.14861447911243572,-0.019658335656508208,0.45275789499282837,-0.3962862491607666,-0.01767566241323948,0.45275789499282837,-0.3962862491607666,-0.01767566241323948,1.1716547369956969,-0.1387001872062683,-0.00441891560330987,0.17876024543225638,0.19999999999998863,,none,0.19079148912667065,0.0,-0.009999999999999431,-0.0020312436944148553
R01_horizontal_empty,271,55.199999999999,78.89574615190887,60.080413190038136,15.67001535273821,-1.0502483906516316,-0.04078958668175808,1.114144035623565,-0.10226160785905525,-0.01964001656621462,0.26856955885887146,-0.022311583161354065,-0.07841075211763382,0.26856955885887146,-0.022311583161354065,-0.07841075211763382,1.0611417353153227,-0.007809054106473922,-0.019602688029408455,0.1784043747123254,0.19999999999998863,,none,0.1919537976142962,0.0,-0.009999999999999431,-0.0035494229019713695
R01_horizontal_empty,272,55.39999999999899,79.00247836848779,59.890297347074345,15.679305545010441,-1.0670563800538087,-0.044228751251178276,1.070197853792936,-0.06837251212291591,-0.015094244606407996,0.025587039068341255,0.001950835227034986,-0.023325571790337563,0.025587039068341255,0.001950835227034986,-0.023325571790337563,0.9153522234410048,0.000682792329462245,-0.005831392947584391,0.17632399390298018,0.19999999999998863,,none,0.1875772648422096,0.0,-0.009999999999999431,-0.0012532709392299877
R01_horizontal_empty,273,55.59999999999898,79.10212749392197,59.706610483188896,15.688800336789601,-1.0803802799343314,-0.04623796274382964,1.0239073636048652,-0.06511221568780971,-0.00570550124137123,-0.06533084064722061,-0.16705359518527985,0.05370320379734039,-0.06533084064722061,-0.16705359518527985,0.05370320379734039,0.8608014956116676,-0.05846875831484794,0.013425800949335098,0.16918830553090058,0.19999999999998863,,none,0.18004354534329003,0.0,-0.009999999999999431,-0.000855239812390024
R01_horizontal_empty,274,55.79999999999897,79.19633186200714,59.52734587373059,15.698245161896528,-1.093656438773027,-0.046753985006261864,1.0043283050063374,-0.06747154938332814,0.00010717628601283067,0.058901552110910416,-0.20651179552078247,0.047806330025196075,0.058901552110910416,-0.20651179552078247,0.047806330025196075,0.9353409312665462,-0.07227912843227385,0.011951582506299019,0.1641653390867611,0.19999999999998863,,none,0.17450584728884877,0.0,-0.009999999999999431,-0.0003405082020882358
R01_horizontal_empty,275,55.999999999998956,79.28724352501253,59.34880791738883,15.7075898882904,-1.105346996913056,-0.04631461844989084,1.001508339189088,-0.05069823881728119,0.003993571145039151,0.15262018144130707,-0.04719861224293709,0.04765127971768379,0.15262018144130707,-0.04719861224293709,0.04765127971768379,0.9915721088647842,-0.01651951428502798,0.011912819929420948,0.1618623558551769,0.19999999999998863,,none,0.17254563377298204,0.0,-0.009999999999999431,-0.00068327791780573
R01_horizontal_empty,276,56.199999999998944,79.3752967304485,59.1717446429793,15.716640130070536,-1.1121234404080462,-0.044951126866789815,0.9791117431029213,-0.019423386216319886,0.00924550563716611,0.00032782554626464844,0.1265854686498642,0.0797891765832901,0.00032782554626464844,0.1265854686498642,0.0797891765832901,0.9001966953277587,0.044304914027452465,0.019947294145822525,0.1587922292575818,0.19999999999998863,,none,0.16988076351459647,0.0,-0.009999999999999431,-0.0010885342570152463
R01_horizontal_empty,277,56.39999999999893,79.45936324758826,59.00094898653248,15.724972803663256,-1.1139936379022126,-0.04219824407698089,0.9287201456700703,-0.0006904897903229129,0.017649883134921756,-0.24806015193462372,0.10708929598331451,0.13910143077373505,-0.24806015193462372,0.10708929598331451,0.13910143077373505,0.7511639088392257,0.037481253594160074,0.03477535769343376,0.15135761604400605,0.19999999999998863,,none,0.16266950867606234,0.0,-0.009999999999999431,-0.0013118926320568435
R01_horizontal_empty,278,56.59999999999892,79.53833789533715,58.84008357824638,15.73224371027427,-1.1152716253437776,-0.03897739991360587,0.8676840649660945,-0.011290463128877028,0.014775222108767935,-0.41229718923568726,-0.09397105872631073,0.03567027300596237,-0.41229718923568726,-0.09397105872631073,0.03567027300596237,0.6526216864585876,-0.03288987055420875,0.008917568251490593,0.14047316754914432,0.19999999999998863,,none,0.1520351090502352,0.0,-0.009999999999999431,-0.0015619415010914629
R01_horizontal_empty,279,56.79999999999891,79.6135378413541,58.685715563030286,15.738759118593444,-1.1208901319870672,-0.0373266389635987,0.8514246904885009,-0.04253936884101612,0.002646528734058395,-0.17644280195236206,-0.3034708499908447,-0.08827171474695206,-0.17644280195236206,-0.3034708499908447,-0.08827171474695206,0.7941343188285828,-0.10621479749679565,-0.022067928686738014,0.1324910665073533,0.19999999999998863,,none,0.14478864792472912,0.0,-0.009999999999999431,-0.0022975814173763934
R01_horizontal_empty,280,56.9999999999989,79.68807919775288,58.5294043682106,15.745228339349374,-1.1313857710298092,-0.03764763180520936,0.8801878976193185,-0.06102384406287462,-0.0052605030418744125,0.13589313626289368,-0.28196966648101807,-0.08549017459154129,0.13589313626289368,-0.28196966648101807,-0.08549017459154129,0.9815358817577362,-0.09868938326835631,-0.021372543647885323,0.13362621464625424,0.19999999999998863,,none,0.14558669016942893,0.0,-0.009999999999999431,-0.0019604755231752693
R01_horizontal_empty,281,57.19999999999889,79.76255740515793,58.36870703103982,15.752000696591516,-1.1414353458009283,-0.03883166426852407,0.8917453616732212,-0.04098242802252635,-0.006487353684073572,0.05411402881145477,-0.0004123821563553065,-0.03594915568828583,0.05411402881145477,-0.0004123821563553065,-0.03594915568828583,0.9324684172868729,-0.00014433375472435727,-0.008987288922071457,0.136923120771182,0.19999999999998863,,none,0.14869145355769753,0.0,-0.009999999999999431,-0.0017683327865161138
R01_horizontal_empty,282,57.399999999998876,79.8346214361293,58.209959779183286,15.75887131805882,-1.146994303512333,-0.03985884601928744,0.8547366965258166,-0.016455729819546343,-0.003973902961594932,-0.2927739918231964,0.09577701985836029,0.004590872209519148,-0.2927739918231964,0.09577701985836029,0.004590872209519148,0.7243356049060821,0.0335219569504261,0.001147718052379787,0.1333295800235659,0.19999999999998863,,none,0.14595412389919993,0.0,-0.009999999999999431,-0.0026245438756345913
R01_horizontal_empty,283,57.599999999998865,79.90236265919617,58.059015673013235,15.765511575799165,-1.1513187392328224,-0.040219359785899744,0.803486873690436,-0.026064419108547593,6.43979798041766e-05,-0.4618222415447235,-0.13041114807128906,0.03317273408174515,-0.4618222415447235,-0.13041114807128906,0.03317273408174515,0.6229066550731659,-0.04564390182495117,0.008293183520436287,0.12627930282117494,0.19999999999998863,,none,0.1378904092386417,0.0,-0.009999999999999431,-0.0016111064174673209
R01_horizontal_empty,284,57.79999999999885,79.9665825188461,57.91368071726739,15.771922558357627,-1.1590156791895623,-0.04055712744510322,0.7874759640139334,-0.049163964445121125,-0.0031963142293882176,-0.2815648913383484,-0.27495303750038147,-0.03936247527599335,-0.2815648913383484,-0.27495303750038147,-0.03936247527599335,0.7310610651969909,-0.09623356312513351,-0.009840618818998337,0.12071290637661827,0.19999999999998863,,none,0.13188583491061223,0.0,-0.009999999999999431,-0.0011729285339945339
R01_horizontal_empty,285,57.99999999999884,80.02953697476192,57.76745756471051,15.778454724710828,-1.1697560042594006,-0.041595388769979535,0.8050391599902587,-0.05760321847786477,-0.006906650451214752,-0.05512735992670059,-0.213713601231575,-0.0578685887157917,-0.05512735992670059,-0.213713601231575,-0.0578685887157917,0.8669235840439795,-0.07479976043105124,-0.014467147178947926,0.12072822409675453,0.19999999999998863,,none,0.13183555810517333,0.0,-0.009999999999999431,-0.0011073340084193776
R01_horizontal_empty,286,58.19999999999883,80.0918233385695,57.61848394410071,15.785288630826502,-1.1789990159927641,-0.04300967340667732,0.8108439175957615,-0.0364232370639429,-0.007213098855960777,-0.11450475454330444,0.019242556765675545,-0.03135017678141594,-0.11450475454330444,0.019242556765675545,-0.03135017678141594,0.8312971472740174,0.0067348948679864405,-0.007837544195353985,0.12230607134047411,0.19999999999998863,,none,0.13347602079470988,0.0,-0.009999999999999431,-0.001169949454236342
R01_horizontal_empty,287,58.39999999999882,80.15204314954525,57.471559248233156,15.792202302455452,-1.1837732098367928,-0.043788394076037455,0.7799835258794907,-0.013078218725126902,-0.0010394189678888037,-0.3812565803527832,0.09854736179113388,0.04616238549351692,-0.3812565803527832,0.09854736179113388,0.04616238549351692,0.6712460517883301,0.03449157662689686,0.01154059637337923,0.11912959084014116,0.19999999999998863,,none,0.13079867055980543,0.0,-0.009999999999999431,-0.0016690797196648361
R01_horizontal_empty,288,58.59999999999881,80.20900336539076,57.33118910479819,15.798853145452444,-1.1871450856796866,-0.04394679792902302,0.7383054564915292,-0.020110514567129985,-0.0005792988784745432,-0.5142473578453064,-0.09840033948421478,0.0014331238344311714,-0.5142473578453064,-0.09840033948421478,0.0014331238344311714,0.5914515852928162,-0.034440118819475174,0.00035828095860779285,0.11292983630198067,0.19999999999998863,,none,0.12409934931766564,0.0,-0.009999999999999431,-0.001169513015685535
R01_horizontal_empty,289,58.799999999998796,80.26330221674185,57.19564241777604,15.805285890891609,-1.1931167663411617,-0.04412878822139484,0.7239680190153707,-0.038239879255455675,-0.001194254734973597,-0.37758392095565796,-0.21480518579483032,-0.009789364412426949,-0.37758392095565796,-0.21480518579483032,-0.009789364412426949,0.6734496474266052,-0.0751818150281906,-0.002447341103106737,0.1083508143030439,0.19999999999998863,,none,0.11899787285243413,0.0,-0.009999999999999431,-0.0006470585493907963
R01_horizontal_empty,290,58.999999999998785,80.31607779367596,57.06096820957163,15.811698759318027,-1.2019112005796058,-0.0445450583795576,0.7239175114368643,-0.04890093764366817,-0.002844097930608583,-0.29376742243766785,-0.20178519189357758,-0.024823835119605064,-0.29376742243766785,-0.20178519189357758,-0.024823835119605064,0.7237395465373992,-0.07062481716275215,-0.006205958779901266,0.10727149636306317,0.19999999999998863,,none,0.1174199115825516,0.0,-0.009999999999999431,-0.00014841521948899788
R01_horizontal_empty,291,59.199999999998774,80.36748826321494,56.926054544657994,15.818181848795827,-1.2114541403898436,-0.04525026393953029,0.7214300685503211,-0.04669474175617925,-0.004112367975643131,-0.3122241795063019,-0.12056916952133179,-0.026786811649799347,-0.3122241795063019,-0.12056916952133179,-0.026786811649799347,0.7126654922962188,-0.042199209332466125,-0.006696702912449837,0.10669812367550374,0.19999999999998863,,none,0.11683693462446954,0.0,-0.009999999999999431,-0.0001388109489663559
R01_horizontal_empty,292,59.39999999999876,80.4171434173899,56.792095832779296,15.824704775965582,-1.2199012089171875,-0.04596629276689739,0.7092892638113927,-0.038401040927024954,-0.0031225249104749222,-0.38914868235588074,-0.06143168732523918,-0.0044221458956599236,-0.38914868235588074,-0.06143168732523918,-0.0044221458956599236,0.6665107905864716,-0.021501090563833713,-0.0011055364739149809,0.10503252278727424,0.19999999999998863,,none,0.11523081877154251,0.0,-0.009999999999999431,-0.00019829598426884823
R01_horizontal_empty,293,59.59999999999875,80.46464331535357,56.66082579731819,15.831165971316976,-1.2272125288009061,-0.04650864246228779,0.6891522043878008,-0.03497070296937482,-0.0023585527348426436,-0.46966883540153503,-0.07994501292705536,-0.0032072721514850855,-0.46966883540153503,-0.07994501292705536,-0.0032072721514850855,0.618198698759079,-0.027980754524469374,-0.0008018180378712714,0.10200230984863018,0.19999999999998863,,none,0.11213886413242058,0.0,-0.009999999999999431,-0.0001365542837909748
R01_horizontal_empty,294,59.79999999999874,80.509994366317,56.53259942571397,15.837531756797016,-1.2346725552241429,-0.04706067004421461,0.6731907786152159,-0.039303032937785726,-0.003105430780050612,-0.47174960374832153,-0.1375170201063156,-0.018509332090616226,-0.47174960374832153,-0.1375170201063156,-0.018509332090616226,0.616950237751007,-0.04813095703721046,-0.0046273330226540565,0.09870076101483237,0.19999999999998863,,none,0.10877182138775066,0.0,-0.009999999999999431,-7.10603729188509e-05
R01_horizontal_empty,295,59.99999999999873,80.55351546932764,56.406383493290754,15.843864922014186,-1.2430094404415584,-0.04777501333577017,0.6638402229298999,-0.0437320068438515,-0.003972640421617067,-0.4485112130641937,-0.15073388814926147,-0.022958962246775627,-0.4485112130641937,-0.15073388814926147,-0.022958962246775627,0.6308932721614837,-0.052756860852241516,-0.005739740561693907,0.09631350780510749,0.19999999999998863,,none,0.10632819795732651,0.0,-0.009999999999999431,-1.4690152219588097e-05
R01_horizontal_empty,296,60.19999999999872,80.5953762515166,56.2814752988911,15.850220091779644,-1.2519212636990757,-0.048670498264174265,0.6554510265939957,-0.0452702854539389,-0.004911450605490233,-0.45684757828712463,-0.13829946517944336,-0.02729780040681362,-0.45684757828712463,-0.13829946517944336,-0.02729780040681362,0.6258914530277252,-0.048404812812805176,-0.006824450101703405,0.09451015717001574,0.19999999999998863,,none,0.1045150158775412,0.0,-0.009999999999999431,-4.858707526028683e-06
R01_horizontal_empty,297,60.399999999998705,80.63559695359068,56.15777846423598,15.856621996801563,-1.2609273794670668,-0.04970780081757338,0.6472301394666335,-0.04482447316176918,-0.0054230180198063605,-0.4695606529712677,-0.12547442317008972,-0.025861725211143494,-0.4695606529712677,-0.12547442317008972,-0.025861725211143494,0.6182636082172394,-0.0439160481095314,-0.006465431302785873,0.09280436937271205,0.19999999999998863,,none,0.10281093269836017,0.0,-0.009999999999999431,-6.563325648678079e-06
R01_horizontal_empty,298,60.599999999998694,80.67421041322235,56.03530840950047,15.863081897116306,-1.2698053967715623,-0.05083595328524649,0.6389193590509513,-0.044016590141218316,-0.005827984291494727,-0.48393985629081726,-0.12105822563171387,-0.02661271207034588,-0.48393985629081726,-0.12105822563171387,-0.02661271207034588,0.6096360862255097,-0.042370378971099854,-0.00665317801758647,0.09110943110615526,0.19999999999998863,,none,0.101113967671556,0.0,-0.009999999999999431,-4.536565401311934e-06
R01_horizontal_empty,299,60.79999999999868,80.71128145746196,55.91402087643705,15.869610256369704,-1.2785129043436774,-0.05203725390270037,0.6313819643711007,-0.04312563685564224,-0.006159997965282173,-0.49196043610572815,-0.11802901327610016,-0.02734614908695221,-0.49196043610572815,-0.11802901327610016,-0.02734614908695221,0.6048237383365631,-0.04131015464663505,-0.006836537271738052,0.08946793008917854,0.19999999999998863,,none,0.09946941096433637,0.0,-0.009999999999999431,-1.4808751584017426e-06
R01_horizontal_empty,300,60.99999999999867,80.74689468994913,55.79380934601851,15.876218926984608,-1.2870179772533168,-0.05329944311851206,0.6244474285926234,-0.04200923556465729,-0.006440735002458866,-0.4999776780605316,-0.11352674663066864,-0.02805115468800068,-0.4999776780605316,-0.11352674663066864,-0.02805115468800068,0.6000133931636811,-0.03973436132073402,-0.00701278867200017,0.08792280381183008,0.19999999999998863,,none,0.09792450468395764,0.0,-0.009999999999999431,-1.7008721281187161e-06
R01_horizontal_empty,301,61.19999999999866,80.78112912457047,55.67458839575796,15.882917060992288,-1.2952859494552107,-0.05460387688250224,0.6180523882483563,-0.0407643162034033,-0.006592187631291183,-0.5074678659439087,-0.10922160744667053,-0.02760320156812668,-0.5074678659439087,-0.10922160744667053,-0.02760320156812668,0.5955192804336548,-0.038227562606334684,-0.00690080039203167,0.08645593519015216,0.19999999999998863,,none,0.09645743194614997,0.0,-0.009999999999999431,-1.49675599838979e-06
R01_horizontal_empty,302,61.39999999999865,80.81405659223742,55.55629649856846,15.889709698842656,-1.3033000408039486,-0.05592524551408878,0.6120048798934526,-0.03947385921083631,-0.006619444342386557,-0.5155061483383179,-0.10526946932077408,-0.026699939742684364,-0.5155061483383179,-0.10526946932077408,-0.026699939742684364,0.5906963109970093,-0.03684431426227092,-0.006674984935671091,0.08504243480919801,0.19999999999998863,,none,0.09504405579442832,0.0,-0.009999999999999431,-1.6209852308746858e-06
R01_horizontal_empty,303,61.59999999999864,80.84574149762122,55.43889265789342,15.896597789194738,-1.3110562796147378,-0.057238904560515155,0.6062602056737416,-0.038185623412215784,-0.006524315961462177,-0.5233021974563599,-0.1016017273068428,-0.025321897119283676,-0.5233021974563599,-0.1016017273068428,-0.025321897119283676,0.5860186815261841,-0.03556060455739498,-0.006330474279820919,0.08366211619139845,0.19999999999998863,,none,0.09366363878569395,0.0,-0.009999999999999431,-1.5225942960717804e-06
R01_horizontal_empty,304,61.799999999998626,80.87624440712193,55.322340378193836,15.9035793035258,-1.318562897398328,-0.058523264805055944,0.6007971313472946,-0.036972023612971625,-0.00633365651361652,-0.5307536125183105,-0.09856882691383362,-0.023780610412359238,-0.5307536125183105,-0.09856882691383362,-0.023780610412359238,0.5815478324890136,-0.03449908941984176,-0.005945152603089809,0.0823075548562575,0.19999999999998863,,none,0.09230889680897558,0.0,-0.009999999999999431,-1.3419527186464554e-06
R01_horizontal_empty,305,61.999999999998614,80.90562173299259,55.20660355376767,15.910650060213534,-1.3258412764647614,-0.05976104049746035,0.5956114343172877,-0.03589308668119129,-0.006064394710762195,-0.5377675294876099,-0.09627015143632889,-0.022062895819544792,-0.5377675294876099,-0.09627015143632889,-0.022062895819544792,0.577339482307434,-0.03369455300271511,-0.005515723954886198,0.08097524415282653,0.19999999999998863,,none,0.09097639274249847,0.0,-0.009999999999999431,-1.148589672509484e-06
R01_horizontal_empty,306,62.1999999999986,80.93392457748206,55.09164628701579,15.917804219764708,-1.3329224878415893,-0.06093835889364847,0.5906837921963668,-0.03498729661319676,-0.005733712794153195,-0.5444648265838623,-0.0946902334690094,-0.02023954875767231,-0.5444648265838623,-0.0946902334690094,-0.02023954875767231,0.5733211040496826,-0.03314158171415329,-0.0050598871894180775,0.07966228782109258,0.19999999999998863,,none,0.08966330131156575,0.0,-0.009999999999999431,-1.0134904737393869e-06
R01_horizontal_empty,307,62.39999999999859,80.96119182774338,54.97745485913851,15.925035081525278,-1.3398688394813605,-0.06209100272925787,0.5857914648459978,-0.03451203994696643,-0.0057885894970474685,-0.5524113178253174,-0.09583890438079834,-0.02360164374113083,-0.5524113178253174,-0.09583890438079834,-0.02360164374113083,0.5685532093048096,-0.03354361653327942,-0.005900410935282707,0.07835002968164057,0.19999999999998863,,none,0.08835154507865184,0.0,-0.009999999999999431,-1.5153970118381848e-06
R01_horizontal_empty,308,62.59999999999858,80.98745548095448,54.86399891686733,15.93234439400225,-1.3467700851057811,-0.06328885900865926,0.5812761199293315,-0.034501230971274444,-0.006161841258665924,-0.5577230453491211,-0.09851201623678207,-0.02768964320421219,-0.5577230453491211,-0.09851201623678207,-0.02768964320421219,0.5653661727905273,-0.03447920568287372,-0.006922410801053047,0.07705758372135205,0.19999999999998863,,none,0.08705862515566931,0.0,-0.009999999999999431,-1.0414343178377638e-06
R01_horizontal_empty,309,62.79999999999857,81.01274276114808,54.75122162386371,15.939742599021336,-1.3536862830738305,-0.06458009030165499,0.5770649342250953,-0.03464956848940327,-0.006709215962127001,-0.5629554986953735,-0.09986238181591034,-0.03129837289452553,-0.5629554986953735,-0.09986238181591034,-0.03129837289452553,0.5622267007827759,-0.03495183363556861,-0.007824593223631382,0.07580827656559869,0.19999999999998863,,none,0.08580912106530203,0.0,-0.009999999999999431,-8.444997039150359e-07
R01_horizontal_empty,310,62.99999999999856,81.03707129993624,54.63908276028179,15.947243054843009,-1.360645651831591,-0.06598849476518,0.5730505456727626,-0.034923474735517365,-0.007328177457297228,-0.5684904456138611,-0.10137602686882019,-0.0343577042222023,-0.5684904456138611,-0.10137602686882019,-0.0343577042222023,0.5589057326316833,-0.03548160940408707,-0.008589426055550575,0.07459118587589313,0.19999999999998863,,none,0.08459203160123074,0.0,-0.009999999999999431,-8.457253381835561e-07
R01_horizontal_empty,311,63.199999999998546,81.0604534952648,54.52754620039911,15.954860592016402,-1.3676840975145415,-0.0675261074370177,0.5692830712911778,-0.03542330947840575,-0.007997502162926768,-0.5733195543289185,-0.10411947220563889,-0.03744550049304962,-0.5733195543289185,-0.10411947220563889,-0.03744550049304962,0.556008267402649,-0.036441815271973606,-0.009361375123262405,0.07340398682417858,0.19999999999998863,,none,0.08340479444956017,0.0,-0.009999999999999431,-8.076253821642787e-07
R01_horizontal_empty,312,63.399999999998535,81.08289888063113,54.41656451809442,15.96261168041017,-1.3748334071069102,-0.06919751561803421,0.5658188234110048,-0.03602447640836149,-0.00866618121228977,-0.5773125886917114,-0.10642704367637634,-0.040114954113960266,-0.5773125886917114,-0.10642704367637634,-0.040114954113960266,0.5536124467849731,-0.03724946528673172,-0.010028738528490067,0.07225543873531447,0.19999999999998863,,none,0.08225600663915689,0.0,-0.009999999999999431,-5.679038429839966e-07
R01_horizontal_empty,313,63.59999999999852,81.10441344791991,54.30609279435916,15.970512497785247,-1.3820987695872635,-0.07099716712722369,0.5625781825832098,-0.03658676837012887,-0.009283784994776957,-0.5814005136489868,-0.10780726373195648,-0.04216906800866127,-0.5814005136489868,-0.10780726373195648,-0.04216906800866127,0.5511596918106079,-0.037732542306184766,-0.010542267002165318,0.07114230128472802,0.19999999999998863,,none,0.08114275799516246,0.0,-0.009999999999999431,-4.567104350108875e-07
R01_horizontal_empty,314,63.79999999999851,81.12499960445635,54.19610505043881,15.978576742879563,-1.3894629713514324,-0.07291172664467074,0.5594505563895177,-0.03702241455659476,-0.009821297765779604,-0.5859495401382446,-0.1083146408200264,-0.04366631805896759,-0.5859495401382446,-0.1083146408200264,-0.04366631805896759,0.5484302759170532,-0.03791012428700924,-0.010916579514741898,0.07004862894411991,0.19999999999998863,,none,0.08004909280074379,0.0,-0.009999999999999431,-4.638566244521969e-07
R01_horizontal_empty,315,63.9999999999985,81.14465996420147,54.08658614610742,15.98681561359753,-1.396899982204616,-0.07492583803544275,0.5564357541525697,-0.03732489591247574,-0.010284876171631634,-0.5903116464614868,-0.10840359330177307,-0.044918011873960495,-0.5903116464614868,-0.10840359330177307,-0.044918011873960495,0.545813012123108,-0.03794125765562057,-0.011229502968490124,0.06896430478092631,0.19999999999998863,,none,0.07896471683335626,0.0,-0.009999999999999431,-4.120524305153972e-07
R01_horizontal_empty,316,64.1999999999985,81.1634002155871,53.97751856450929,15.995238837060784,-1.4043839193293042,-0.07702559674323685,0.5535617725258971,-0.03750118816247606,-0.010682724984743174,-0.594274640083313,-0.10817261785268784,-0.04597366228699684,-0.594274640083313,-0.10817261785268784,-0.04597366228699684,0.5434352159500122,-0.03786041624844074,-0.01149341557174921,0.06788858522202414,0.19999999999999574,,none,0.07788892268334191,0.0,-0.009999999999999787,-3.374613179851771e-07
R01_horizontal_empty,317,64.39999999999849,81.18122908523357,53.86888077192759,16.003855025355087,-1.4118912493113318,-0.07919843242224121,0.550845675475394,-0.03756714079827052,-0.011020196527201367,-0.5978742837905884,-0.10771866142749786,-0.04683142900466919,-0.5978742837905884,-0.10771866142749786,-0.04683142900466919,0.541275429725647,-0.03770153149962425,-0.011707857251167297,0.0668217820179188,0.19999999999998863,,none,0.07682206000341818,0.0,-0.009999999999999431,-2.779854999448994e-07
R01_horizontal_empty,318,64.59999999999847,81.19815513705075,53.76067474872628,16.012669103821423,-1.4193570926628132,-0.08141785467982494,0.5480479856958375,-0.037124643779698624,-0.011163244502420901,-0.6030162572860718,-0.10349421203136444,-0.04581892490386963,-0.6030162572860718,-0.10349421203136444,-0.04581892490386963,0.5381902456283569,-0.03622297421097755,-0.011454731225967407,0.06574357673091397,0.19999999999998863,,none,0.07574448295148706,0.0,-0.009999999999999431,-9.062205736576346e-07
R01_horizontal_empty,319,64.79999999999846,81.21419012365094,53.65294682936608,16.021678563530788,-1.4266831402102487,-0.08364744173071885,0.5449670738008923,-0.0362051351878565,-0.011134771984257014,-0.6098143458366394,-0.09808990359306335,-0.04430701583623886,-0.6098143458366394,-0.09808990359306335,-0.04430701583623886,0.5341113924980163,-0.03433146625757217,-0.011076753959059715,0.06461881863552454,0.19999999999998863,,none,0.07462037276405731,0.0,-0.009999999999999431,-1.5541285333287025e-06
R01_horizontal_empty,320,64.99999999999845,81.2293547454066,53.54575283931176,16.030876408762754,-1.4338002226777604,-0.08586227950940112,0.5417024714539479,-0.03505255929597396,-0.011022098052787963,-0.616334080696106,-0.09343992173671722,-0.043170016258955,-0.616334080696106,-0.09343992173671722,-0.043170016258955,0.5301995515823363,-0.032703972607851024,-0.01079250406473875,0.06343807355806852,0.19999999999998863,,none,0.07343938199890676,0.0,-0.009999999999999431,-1.3084408388167047e-06
R01_horizontal_empty,321,65.19999999999844,81.24367898581733,53.43912213305629,16.040255844933956,-1.4406832584389497,-0.08805225637913482,0.5384201510678862,-0.03386714328878951,-0.010887793218955446,-0.6219086647033691,-0.08986182510852814,-0.0424564890563488,-0.6219086647033691,-0.08986182510852814,-0.0424564890563488,0.5268548011779786,-0.03145163878798485,-0.0106141222640872,0.06221682904140168,0.19999999999998863,,none,0.07221771679906919,0.0,-0.009999999999999431,-8.877576680710319e-07
R01_horizontal_empty,322,65.39999999999843,81.2571916137357,53.33309877074444,16.04980810707486,-1.44734531616808,-0.09021752948204835,0.5348211525978053,-0.032831491244244254,-0.010773548454320997,-0.6297667026519775,-0.08777473866939545,-0.04216301441192627,-0.6297667026519775,-0.08777473866939545,-0.04216301441192627,0.5221399784088134,-0.030721158534288404,-0.010540753602981567,0.060943755694471066,0.19999999999998863,,none,0.07094507951082196,0.0,-0.009999999999999431,-1.3238163514620038e-06
R01_horizontal_empty,323,65.59999999999842,81.26991484709883,53.227758229589874,16.05952164497993,-1.4538255038950134,-0.09236376487918445,0.5308650842420258,-0.03203073884702792,-0.010694744948471379,-0.6384570598602295,-0.08685445040464401,-0.042136672884225845,-0.6384570598602295,-0.08685445040464401,-0.042136672884225845,0.5169257640838623,-0.030399057641625402,-0.010534168221056461,0.05960098869002772,0.19999999999998863,,none,0.06960251608868262,0.0,-0.009999999999999431,-1.5273986554667495e-06
R01_horizontal_empty,324,65.7999999999984,81.28186823419641,53.123166133640055,16.069386096541237,-1.4601692007906175,-0.09449874065575964,0.5266748154983211,-0.03145000044488965,-0.01065779754809582,-0.6468161940574646,-0.08647610992193222,-0.04233004152774811,-0.6468161940574646,-0.08647610992193222,-0.04233004152774811,0.5119102835655213,-0.030266638472676275,-0.010582510381937027,0.05819874902488101,0.19999999999998863,,none,0.06820015013803005,0.0,-0.009999999999999431,-1.4011131496108331e-06
R01_horizontal_empty,325,65.9999999999984,81.29307064381342,53.01936666505538,16.07939348569065,-1.4663938452248086,-0.09662699053294484,0.5223384875589174,-0.0308422501249767,-0.010627020866611908,-0.6549011468887329,-0.08458241820335388,-0.04225723072886467,-0.6549011468887329,-0.08458241820335388,-0.04225723072886467,0.5070593118667602,-0.029603846371173855,-0.010564307682216167,0.056753780286359065,0.19999999999998863,,none,0.06675515944299892,0.0,-0.009999999999999431,-1.379156640425594e-06
R01_horizontal_empty,326,66.19999999999838,81.30354296625936,52.91638914749396,16.089537238526162,-1.4724871055870434,-0.0987485139132019,0.5179162102328254,-0.030143052148214347,-0.010590932891750907,-0.6627763509750366,-0.0820523053407669,-0.04206958785653114,-0.6627763509750366,-0.0820523053407669,-0.04206958785653114,0.502334189414978,-0.028718306869268417,-0.010517396964132786,0.0552770988685312,0.19999999999998863,,none,0.06527846797893755,0.0,-0.009999999999999431,-1.369110406918006e-06
R01_horizontal_empty,327,66.39999999999837,81.31330857484512,52.814236852278526,16.09981324982485,-1.4784850701078835,-0.10086479073324153,0.5136009781641081,-0.029858072050626367,-0.010573173812938534,-0.6693397760391235,-0.0836496353149414,-0.04214794561266899,-0.6693397760391235,-0.0836496353149414,-0.04214794561266899,0.49839613437652586,-0.02927737236022949,-0.010536986403167248,0.05378634451674874,0.19999999999998863,,none,0.0637872572397793,0.0,-0.009999999999999431,-9.127230311245516e-07
R01_horizontal_empty,328,66.59999999999836,81.32238593551432,52.71288656681279,16.110220459517993,-1.4844672532956686,-0.10298201892969262,0.5094632950064999,-0.02995635242169215,-0.010597290475303688,-0.6751932501792908,-0.08616176247596741,-0.04258573055267334,-0.6751932501792908,-0.08616176247596741,-0.04258573055267334,0.4948840498924255,-0.03015661686658859,-0.010646432638168335,0.05229900763882146,0.19999999999998863,,none,0.062299822950781625,0.0,-0.009999999999999431,-8.153119607293147e-07
R01_horizontal_empty,329,66.79999999999835,81.33078592524785,52.61231173807804,16.120758925671836,-1.4904918860684744,-0.1051050410851174,0.5054636893023615,-0.030266592469857762,-0.010630433113588017,-0.6810483932495117,-0.08828218281269073,-0.04279186949133873,-0.6810483932495117,-0.08828218281269073,-0.04279186949133873,0.49137096405029296,-0.030898763984441757,-0.010697967372834682,0.05081893622604834,0.19999999999998863,,none,0.06081971265356856,0.0,-0.009999999999999431,-7.764275207836069e-07
R01_horizontal_empty,330,66.99999999999834,81.33851433317714,52.512490091997826,16.131428491764193,-1.4965868326083622,-0.10723029780568152,0.5015929116808291,-0.030653696819214513,-0.010622715750784098,-0.6867431402206421,-0.08983569592237473,-0.04242796078324318,-0.6867431402206421,-0.08983569592237473,-0.04242796078324318,0.4879541158676147,-0.03144249357283115,-0.010606990195810795,0.04934399200244865,0.19999999999998863,,none,0.05934469152195998,0.0,-0.009999999999999431,-6.995195118997266e-07
R01_horizontal_empty,331,67.19999999999833,81.34557887251032,52.41336480669333,16.14223186418854,-1.5027144691801078,-0.10933778814944192,0.49819086818785085,-0.030624843571610987,-0.010464139594265346,-0.6896605491638184,-0.08733157068490982,-0.04056404531002045,-0.6896605491638184,-0.08733157068490982,-0.04056404531002045,0.486203670501709,-0.030566049739718434,-0.010141011327505112,0.04789280617711292,0.19999999999998863,,none,0.057893171299093105,0.0,-0.009999999999999431,-3.6512198075905334e-07
R01_horizontal_empty,332,67.39999999999831,81.35199246900623,52.31488330494313,16.153169129419616,-1.5088073387591099,-0.1114017230695651,0.4949084893834353,-0.030326349740841155,-0.010195460024323689,-0.6944284439086914,-0.08490889519453049,-0.0385919027030468,-0.6944284439086914,-0.08490889519453049,-0.0385919027030468,0.48334293365478515,-0.02971811331808567,-0.0096479756757617,0.046455777635042,0.19999999999998863,,none,0.056456427465507275,0.0,-0.009999999999999431,-6.498304658422715e-07
R01_horizontal_empty,333,67.5999999999983,81.35777033783128,52.2170289997253,16.16423454993626,-1.5148182354914725,-0.11340292043315237,0.4917163804177157,-0.029820726479801832,-0.00984307306661459,-0.6992185115814209,-0.08225835859775543,-0.036500077694654465,-0.6992185115814209,-0.08225835859775543,-0.036500077694654465,0.4804688930511475,-0.028790425509214398,-0.009125019423663616,0.04500801237631166,0.19999999999998863,,none,0.05500869929279961,0.0,-0.009999999999999431,-6.869164885181522e-07
R01_horizontal_empty,334,67.79999999999829,81.36293084177144,52.11979085597726,16.175420371837237,-1.5207147042088685,-0.11532819151860584,0.48858594446396664,-0.029191393602524485,-0.00944001623832947,-0.7040737271308899,-0.07974003255367279,-0.03447485342621803,-0.7040737271308899,-0.07974003255367279,-0.03447485342621803,0.477555763721466,-0.027909011393785474,-0.008618713356554508,0.04354297362150597,0.19999999999998863,,none,0.053543653953854076,0.0,-0.009999999999999431,-6.803323486714863e-07
R01_horizontal_empty,335,67.99999999999828,81.36749417390766,52.0231601098014,16.18671778047764,-1.5264792028442384,-0.11717000077381631,0.48551852946748086,-0.028505303462502372,-0.009010452587189105,-0.7088159918785095,-0.07744933664798737,-0.03254054859280586,-0.7088159918785095,-0.07744933664798737,-0.03254054859280586,0.4747104048728943,-0.027107267826795577,-0.008135137148201466,0.04205731577522451,0.19999999999998863,,none,0.05205794533318109,0.0,-0.009999999999999431,-6.295579571480304e-07
R01_horizontal_empty,336,68.19999999999827,81.37148121824156,51.92712693239752,16.198117755573808,-1.5321059661459762,-0.1189249117993,0.48251989733381623,-0.0278144028334434,-0.008571724654280414,-0.7134097814559937,-0.07544732838869095,-0.030710941180586815,-0.7134097814559937,-0.07544732838869095,-0.030710941180586815,0.47195413112640383,-0.02640656493604183,-0.007677735295146704,0.04055032802767389,0.19999999999998863,,none,0.050550897195734024,0.0,-0.009999999999999431,-5.691680607067956e-07
R01_horizontal_empty,337,68.39999999999826,81.37491267168201,51.83167898373781,16.20961157218157,-1.5375950480121634,-0.1205918732720024,0.47960565196938976,-0.02712813958682295,-0.008131100014446686,-0.7177712917327881,-0.07351357489824295,-0.028932983055710793,-0.7177712917327881,-0.07351357489824295,-0.028932983055710793,0.46933722496032715,-0.025729751214385033,-0.007233245763927698,0.03902257286534838,0.19999999999998863,,none,0.049023091331538815,0.0,-0.009999999999999431,-5.184661910043187e-07
R01_horizontal_empty,338,68.59999999999825,81.37780810491348,51.73681566014308,16.221189249460757,-1.542954320578561,-0.12217171061625996,0.4766454746744252,-0.02651109296844185,-0.007699781933189881,-0.7229746580123901,-0.07215356081724167,-0.0272835660725832,-0.7229746580123901,-0.07215356081724167,-0.0272835660725832,0.4662152051925659,-0.025253746286034582,-0.0068208915181458,0.03746765838471628,0.19999999999998863,,none,0.047468291289422204,0.0,-0.009999999999999431,-6.329047064890236e-07
R01_horizontal_empty,339,68.79999999999824,81.38018544761795,51.64254534543117,16.232839986820807,-1.548196554178004,-0.12366640852174447,0.473668509543068,-0.025953285085380518,-0.007278917717391369,-0.7280348539352417,-0.07090470939874649,-0.02568531595170498,-0.7280348539352417,-0.07090470939874649,-0.02568531595170498,0.46317908763885496,-0.02481664828956127,-0.006421328987926245,0.035882334756208153,0.19999999999998863,,none,0.04588292914852943,0.0,-0.009999999999999431,-5.943923218401647e-07
R01_horizontal_empty,340,68.99999999999822,81.38206144200723,51.548871700323005,16.244553880736508,-1.5533342533966978,-0.1250786440703691,0.4706911647553,-0.025460823966079998,-0.006873959525322615,-0.732999324798584,-0.06987812370061874,-0.024195129051804543,-0.732999324798584,-0.06987812370061874,-0.024195129051804543,0.4602004051208496,-0.02445734329521656,-0.006048782262951136,0.034270121141251976,0.19999999999998863,,none,0.044270679551374315,0.0,-0.009999999999999431,-5.58410122904196e-07
R01_horizontal_empty,341,69.19999999999821,81.38345163529232,51.45579033022045,16.25632249695604,-1.5583782807800068,-0.12641320073091752,0.4677740284682942,-0.02501318823561169,-0.00649980700850933,-0.7375076413154602,-0.06886013597249985,-0.02294960804283619,-0.7375076413154602,-0.06886013597249985,-0.02294960804283619,0.4574954152107239,-0.024101047590374944,-0.005737402010709047,0.032636190545669616,0.19999999999998863,,none,0.042636648796457344,0.0,-0.009999999999999431,-4.582507882944231e-07
R01_horizontal_empty,342,69.3999999999982,81.38437041340573,51.3632899135777,16.26813896986331,-1.563340235288162,-0.12767627482235136,0.4649272396529113,-0.024634870692881054,-0.006156787346487987,-0.7418391704559326,-0.0681827962398529,-0.02183128520846367,-0.7418391704559326,-0.0681827962398529,-0.02183128520846367,0.4548964977264404,-0.023863978683948517,-0.005457821302115917,0.030984708817472645,0.19999999999998863,,none,0.040985118249067476,0.0,-0.009999999999999431,-4.094315954012579e-07
R01_horizontal_empty,343,69.59999999999819,81.38483135568734,51.27135277339913,16.279997823246504,-1.568209539076443,-0.12886845597752486,0.4622015224205402,-0.024098586970288795,-0.005792481954404452,-0.7456710338592529,-0.06573088467121124,-0.020200569182634354,-0.7456710338592529,-0.06573088467121124,-0.020200569182634354,0.45259737968444824,-0.023005809634923935,-0.005050142295658588,0.029318977479491484,0.19999999999998863,,none,0.0393194445651357,0.0,-0.009999999999999431,-4.6708564478081806e-07
R01_horizontal_empty,344,69.79999999999818,81.384849612514,51.17997072312679,16.291892282361726,-1.5729658472202774,-0.12998657420670226,0.4594574837674649,-0.023508936507224527,-0.005417000432983155,-0.7503520250320435,-0.0637354701757431,-0.018607549369335175,-0.7503520250320435,-0.0637354701757431,-0.018607549369335175,0.4497887849807739,-0.022307414561510086,-0.004651887342333794,0.027634211546336388,0.19999999999998863,,none,0.0376347801677257,0.0,-0.009999999999999431,-5.686213898806192e-07
R01_horizontal_empty,345,69.99999999999817,81.38444122334528,51.0891457234169,16.303814160998673,-1.5776005222028286,-0.13102905330856274,0.45672216444319985,-0.022884850750438977,-0.005036471133020761,-0.7548596858978271,-0.06175188720226288,-0.01704428903758526,-0.7548596858978271,-0.06175188720226288,-0.01704428903758526,0.4470841884613037,-0.021613160520792006,-0.004261072259396315,0.025926654466347936,0.19999999999998863,,none,0.035927188414162536,0.0,-0.009999999999999431,-5.339478151684257e-07
R01_horizontal_empty,346,70.19999999999816,81.38362254381376,50.99887685373684,16.315755675891772,-1.582111498333511,-0.1319960397205857,0.4539966885938095,-0.02227116419895199,-0.004661643778193323,-0.7593443393707275,-0.060059040784835815,-0.015591454692184925,-0.7593443393707275,-0.060059040784835815,-0.015591454692184925,0.4443933963775635,-0.021020664274692534,-0.0038978636730462313,0.024198368706208236,0.19999999999998863,,none,0.03419887047767567,0.0,-0.009999999999999431,-5.017714680033598e-07
R01_horizontal_empty,347,70.39999999999814,81.38240985013212,50.90916600920101,16.32770878588864,-1.5864943206073896,-0.13288647330304526,0.4512510512175782,-0.021607108511349102,-0.004272055379369829,-0.7640388011932373,-0.05786849185824394,-0.013912787660956383,-0.7640388011932373,-0.05786849185824394,-0.013912787660956383,0.4415767192840576,-0.02025397215038538,-0.0034781969152390957,0.022449556401996293,0.19999999999998863,,none,0.032450149489983815,0.0,-0.009999999999999431,-5.930879880905633e-07
R01_horizontal_empty,348,70.59999999999813,81.380820112985,50.820021885376036,16.339664409617598,-1.5907382806238881,-0.13369716604106743,0.44844481937122493,-0.020886782711507033,-0.0038655131466860094,-0.7690716981887817,-0.05548281595110893,-0.012148432433605194,-0.7690716981887817,-0.05548281595110893,-0.012148432433605194,0.4385569810867309,-0.019418985582888126,-0.0030371081084012985,0.020679302952755933,0.19999999999998863,,none,0.030679985641776764,0.0,-0.009999999999999431,-6.82689021398522e-07
R01_horizontal_empty,349,70.79999999999812,81.37887107826438,50.73145552311257,16.351612981187376,-1.5948367482848178,-0.13442639821512478,0.4455898705113341,-0.02015318524319834,-0.0034575563552183327,-0.774116039276123,-0.05330955609679222,-0.010505075566470623,-0.774116039276123,-0.05330955609679222,-0.010505075566470623,0.4355303764343261,-0.018658344633877277,-0.0026262688916176558,0.018888828036974805,0.19999999999998863,,none,0.028889485418118088,0.0,-0.009999999999999431,-6.573811438516548e-07
R01_horizontal_empty,350,70.99999999999811,81.3765804555516,50.64347283347839,16.36354569811993,-1.5987914031715225,-0.13507539231520393,0.44272295327914607,-0.019446617718562317,-0.0030621839220323277,-0.7789645195007324,-0.05144815891981125,-0.009026157669723034,-0.7789645195007324,-0.05144815891981125,-0.009026157669723034,0.43262128829956054,-0.018006855621933937,-0.0022565394174307585,0.017082236948527008,0.19999999999998863,,none,0.027082820143688124,0.0,-0.009999999999999431,-5.831951616844244e-07
R01_horizontal_empty,351,71.1999999999981,81.3739650926539,50.556072843500445,16.375455017093074,-1.6026109678894733,-0.1356475503396354,0.43987571250016616,-0.018797921766976464,-0.0026876267495825144,-0.7835943698883057,-0.04993166774511337,-0.007697588764131069,-0.7835943698883057,-0.04993166774511337,-0.007697588764131069,0.42984337806701656,-0.01747608371078968,-0.0019243971910327673,0.015264291795022367,0.19999999999998863,,none,0.02526480180213042,0.0,-0.009999999999999431,-5.100071086230895e-07
R01_horizontal_empty,352,71.39999999999809,81.37104041797572,50.46924922564154,16.387334603447226,-1.6063087946481944,-0.13614730098290187,0.43707025958395157,-0.01822363025321778,-0.0023363550788124523,-0.7880247235298157,-0.048724014312028885,-0.006482296157628298,-0.7880247235298157,-0.048724014312028885,-0.006482296157628298,0.4271851658821106,-0.01705340500921011,-0.0016205740394070745,0.013439192141566676,0.19999999999998863,,none,0.02343964340949256,0.0,-0.009999999999999431,-4.512679264540411e-07
R01_horizontal_empty,353,71.59999999999808,81.36782017993038,50.38299231787003,16.399179105612465,-1.6099003401002152,-0.13657918884464892,0.4343183232167138,-0.017729097286917506,-0.0020073227518836805,-0.7922970056533813,-0.04777541384100914,-0.005347433965653181,-0.7922970056533813,-0.04777541384100914,-0.005347433965653181,0.42462179660797117,-0.0167213948443532,-0.0013368584914132953,0.011610396383750367,0.19999999999998863,,none,0.021610805186741633,0.0,-0.009999999999999431,-4.0880299183464547e-07
R01_horizontal_empty,354,71.79999999999806,81.36431641345034,50.29729089684318,16.410983892644943,-1.6134013473460587,-0.13694737339297738,0.43162425616756256,-0.017312382987467657,-0.0016978478953079913,-0.7964472770690918,-0.04703785851597786,-0.004268942400813103,-0.7964472770690918,-0.04703785851597786,-0.004268942400813103,0.4221316337585449,-0.01646325048059225,-0.0010672356002032757,0.009780749092046884,0.19999999999998863,,none,0.019781127729741055,0.0,-0.009999999999999431,-3.7863769473952833e-07
R01_horizontal_empty,355,71.99999999999805,81.36053953852596,50.212133354911245,16.42274484046418,-1.6168267599137718,-0.13725546430721838,0.4289879387134266,-0.016967719988834826,-0.0014051238964802495,-0.8005020022392273,-0.04647258669137955,-0.0032345782965421677,-0.8005020022392273,-0.04647258669137955,-0.0032345782965421677,0.4196987986564636,-0.01626540534198284,-0.0008086445741355419,0.007952710573288762,0.19999999999998863,,none,0.017953067178039017,0.0,-0.009999999999999431,-3.566047508243853e-07
R01_horizontal_empty,356,72.19999999999804,81.35649851676733,50.12750835612085,16.434458184479464,-1.6201902675729258,-0.13750655815259444,0.4264070955560463,-0.01668840835986335,-0.0011267924387885167,-0.8044776320457458,-0.04605502635240555,-0.0022385623306035995,-0.8044776320457458,-0.04605502635240555,-0.0022385623306035995,0.41731342077255246,-0.016119259223341943,-0.0005596405826508999,0.00612854640104909,0.19999999999998863,,none,0.016128885841784513,0.0,-0.009999999999999431,-3.394407359913476e-07
R01_horizontal_empty,357,72.39999999999803,81.35220101449482,50.04340511184895,16.44612043252758,-1.6235042306108949,-0.1377033634763807,0.4238788238383494,-0.016467845847701675,-0.000861273034311643,-0.8083826899528503,-0.045766882598400116,-0.0012809124309569597,-0.8083826899528503,-0.045766882598400116,-0.0012809124309569597,0.4149703860282898,-0.01601840890944004,-0.00032022810773923993,0.004310452885599212,0.19999999999998863,,none,0.014310777877546865,0.0,-0.009999999999999431,-3.2499194822209757e-07
R01_horizontal_empty,358,72.59999999999802,81.34765286518103,49.959803298345534,16.4577298325975,-1.6267845662778773,-0.13785202948205136,0.4214984139323629,-0.016344785870114727,-0.000641919713358067,-0.8114817142486572,-0.04598293825984001,-0.0007797869038768113,-0.8114817142486572,-0.04598293825984001,-0.0007797869038768113,0.41311097145080566,-0.016094028390944003,-0.00019494672596920282,0.0025022826972076924,0.19999999999998863,,none,0.012502480732375698,0.0,-0.009999999999999431,-1.980351685746589e-07
R01_horizontal_empty,359,72.79999999999801,81.34285704723112,49.87666677213058,16.46928767837622,-1.6300559619327364,-0.13796341576385365,0.4193335841186096,-0.01636746160510776,-0.00048385636191877805,-0.8138237595558167,-0.04689619317650795,-0.0006470921216532588,-0.8138237595558167,-0.04689619317650795,-0.0006470921216532588,0.41170574426650997,-0.01641366761177778,-0.0001617730304133147,0.0007079393622743542,0.19999999999998863,,none,0.010708066098647162,0.0,-0.009999999999999431,-1.2673637337669996e-07
R01_horizontal_empty,360,72.999999999998,81.33781356928783,49.79395461913488,16.480796964757708,-1.6333469559342835,-0.13804780999190455,0.4173713523837764,-0.0165302118976882,-0.0003687606953324288,-0.8159043788909912,-0.04817670211195946,-0.000536927895154804,-0.8159043788909912,-0.04817670211195946,-0.000536927895154804,0.4104573726654053,-0.01686184573918581,-0.000134231973788701,-0.0010708932392358924,0.19999999999998863,,none,0.008929226377085708,0.0,-0.009999999999999431,-1.1961632216946774e-07
R01_horizontal_empty,361,73.19999999999798,81.33252017512883,49.71163152397225,16.492260685057065,-1.6366816658586747,-0.13811157918493494,0.41557194348019294,-0.01679679494414145,-0.0002759280450146618,-0.8179472088813782,-0.049542877823114395,-0.00034705735743045807,-0.8179472088813782,-0.049542877823114395,-0.00034705735743045807,0.40923167467117305,-0.01734000723809004,-8.676433935761452e-05,-0.0028340830014672784,0.19999999999998863,,none,0.007166038511357442,0.0,-0.009999999999999431,-1.2151282528939663e-07
R01_horizontal_empty,362,73.39999999999797,81.32697318410023,49.629670788559885,16.503681063129545,-1.6400768873902738,-0.13815753613919404,0.4138902392924498,-0.01713028516641805,-0.00019010964274731714,-0.8200588226318359,-0.050885237753391266,-6.095506250858307e-05,-0.8200588226318359,-0.050885237753391266,-6.095506250858307e-05,0.40796470642089844,-0.01780983321368694,-1.5238765627145767e-05,-0.004581695652091353,0.19999999999998863,,none,0.005418431201854812,0.0,-0.009999999999999431,-1.2685394673389584e-07
R01_horizontal_empty,363,73.59999999999796,81.3211681877459,49.54805428138453,16.515059292622574,-1.6435434691100015,-0.13818597857579232,0.4122858936881101,-0.01750712923953186,-0.00010102876188180189,-0.8222784399986267,-0.05221433937549591,0.00032196007668972015,-0.8222784399986267,-0.05221433937549591,0.00032196007668972015,0.40663293600082395,-0.01827501878142357,8.049001917243004e-05,-0.006313399165541501,0.19999999999998863,,none,0.0036867376311855438,0.0,-0.009999999999999431,-1.3679672761335304e-07
R01_horizontal_empty,364,73.79999999999795,81.31510044039003,49.46677048018471,16.526395643365692,-1.647087703719733,-0.13819604968860827,0.41073271344553286,-0.01790521321220752,-6.785494713133249e-06,-0.8245666027069092,-0.053475379943847656,0.0007410104153677821,-0.8245666027069092,-0.053475379943847656,0.0007410104153677821,0.40526003837585445,-0.01871638298034668,0.00018525260384194553,-0.008028276672935285,0.19999999999998863,,none,0.0019718633573657662,0.0,-0.009999999999999431,-1.4003030161899328e-07
R01_horizontal_empty,365,73.99999999999794,81.30876511454125,49.385812320803474,16.537689716095496,-1.650712837388874,-0.13818687153489553,0.4092121694930976,-0.01831522112459842,9.11831231909142e-05,-0.8269091844558716,-0.05471625179052353,0.001163249253295362,-0.8269091844558716,-0.05471625179052353,0.001163249253295362,0.40385448932647705,-0.019150688126683232,0.0002908123133238405,-0.009724971647625808,0.19999999999998863,,none,0.0002751724671301581,0.0,-0.009999999999999431,-1.4411475653397945e-07
R01_horizontal_empty,366,74.19999999999793,81.3021573976231,49.30517561679069,16.548940682182426,-1.6544209300865322,-0.1381580266359193,0.40771396372489743,-0.01873413244616289,0.00018983077875654747,-0.8292750120162964,-0.05596497654914856,0.0015633745351806283,-0.8292750120162964,-0.05596497654914856,0.0015633745351806283,0.40243499279022216,-0.019587741792201994,0.0003908436337951571,-0.011401807060680861,0.19999999999998863,,none,-0.0014016607296052364,0.0,-0.009999999999999431,-1.4633107619344975e-07
R01_horizontal_empty,367,74.39999999999792,81.29527247587085,49.224857785912015,16.560147508395104,-1.6582138798482164,-0.13810973859390158,0.40623265984512047,-0.019163038463237175,0.0002858152762114413,-0.831644594669342,-0.05724861100316048,0.0019256058149039745,-0.831644594669342,-0.05724861100316048,0.0019256058149039745,0.40101324319839476,-0.020037013851106164,0.00048140145372599363,-0.013056932974568461,0.19999999999998863,,none,-0.0030567850975518063,0.0,-0.009999999999999431,-1.4787701722302735e-07
R01_horizontal_empty,368,74.5999999999979,81.28810547726864,49.1448570948676,16.571309115156975,-1.6620939770745655,-0.13804284825959381,0.4047658021785998,-0.019604649512715337,0.0003762704477376482,-0.8340045213699341,-0.05858432501554489,0.0022423584014177322,-0.8340045213699341,-0.05858432501554489,0.0022423584014177322,0.39959728717803955,-0.020504513755440712,0.0005605896003544331,-0.014688432458595326,0.19999999999998863,,none,-0.004688283384232772,0.0,-0.009999999999999431,-1.490743631222093e-07
R01_horizontal_empty,369,74.7999999999979,81.28065140472715,49.065172233249484,16.582424481568342,-1.6660640580316415,-0.13795868605479744,0.40331246616096156,-0.02006171124997267,0.0004591081135825472,-0.8363473415374756,-0.05998016893863678,0.002511620754376054,-0.8363473415374756,-0.05998016893863678,0.002511620754376054,0.3981915950775146,-0.02099305912852287,0.0006279051885940135,-0.01629439866517155,0.19999999999998863,,none,-0.006294248471395925,0.0,-0.009999999999999431,-1.501937761958481e-07
R01_horizontal_empty,370,74.99999999999788,81.27290508228661,48.985802125511725,16.593492704731954,-1.6701274645990132,-0.13785891977935577,0.4018722715737184,-0.020536564655136525,0.000532986422216903,-0.8386704921722412,-0.06144047528505325,0.0027341085951775312,-0.8386704921722412,-0.06144047528505325,0.0027341085951775312,0.39679770469665526,-0.021504166349768636,0.0006835271487943828,-0.01787298495967792,0.19999999999998863,,none,-0.007872833379191757,0.0,-0.009999999999999431,-1.5158048673001318e-07
R01_horizontal_empty,371,75.19999999999787,81.26486111723584,48.90674586729347,16.60451302938448,-1.674287932287667,-0.13774541818891015,0.40044506455898177,-0.021030857322815573,0.0005971904179588475,-0.840972900390625,-0.06296591460704803,0.002912071766331792,-0.840972900390625,-0.06296591460704803,0.002912071766331792,0.395416259765625,-0.02203807011246681,0.000728017941582948,-0.01942243590135259,0.19999999999998863,,none,-0.009422282706960772,0.0,-0.009999999999999431,-1.5319439238912787e-07
R01_horizontal_empty,372,75.39999999999786,81.25651387725894,48.82800271313773,16.615484860033682,-1.6785494539537693,-0.13762014226748037,0.3990306936478699,-0.021545565695065695,0.0006514771942941982,-0.843254804611206,-0.06455536931753159,0.0030483861919492483,-0.843254804611206,-0.06455536931753159,0.0030483861919492483,0.39404711723327634,-0.022594379261136055,0.0007620965479873121,-0.020941109693356837,0.19999999999998863,,none,-0.010940954652661983,0.0,-0.009999999999999431,-1.5504069542430794e-07
R01_horizontal_empty,373,75.59999999999785,81.2478574795193,48.74957208388741,16.62640776277125,-1.6829161840980484,-0.13748507240403035,0.3976290092323788,-0.02208135335563074,0.0006958751592778575,-0.8455164432525635,-0.06620891392230988,0.003145376918837428,-0.8455164432525635,-0.06620891392230988,0.003145376918837428,0.39269013404846187,-0.023173119872808456,0.000786344229709357,-0.0224274934585825,0.19999999999998863,,none,-0.012427336286056967,0.0,-0.009999999999999431,-1.5717252610349467e-07
R01_horizontal_empty,374,75.79999999999784,81.23888578616264,48.671453575827165,16.637281462284953,-1.6873923696450972,-0.13734216466162827,0.39623983943615804,-0.02263850919973313,0.0007305860964751095,-0.8477582335472107,-0.06792519241571426,0.0032052642200142145,-0.8477582335472107,-0.06792519241571426,0.0032052642200142145,0.39134505987167356,-0.023773817345499992,0.0008013160550035536,-0.023880212919072594,0.19999999999998863,,none,-0.013880053422631544,0.0,-0.009999999999999431,-1.5949644161878263e-07
R01_horizontal_empty,375,75.99999999999783,81.22959241441636,48.59364490426921,16.648106113636942,-1.691972252219025,-0.13719310912780958,0.394882759909863,-0.023123744301024787,0.000757909846770264,-0.8498315811157227,-0.06889285892248154,0.0032543481793254614,-0.8498315811157227,-0.06889285892248154,0.0032543481793254614,0.3901010513305664,-0.024112500622868537,0.0008135870448313653,-0.02529849915348135,0.19999999999998863,,none,-0.015298394402325055,0.0,-0.009999999999999431,-1.0475115686470627e-07
R01_horizontal_empty,376,76.19999999999781,81.21997091851976,48.51613439783028,16.658883410754637,-1.6966358528242274,-0.13704374285400275,0.39363110379387284,-0.023485031484642066,0.0007373058197422202,-0.8512985706329346,-0.06920348852872849,0.0027812852058559656,-0.8512985706329346,-0.06920348852872849,0.0027812852058559656,0.3892208576202392,-0.02422122098505497,0.0006953213014639914,-0.026684027275072315,0.19999999999998863,,none,-0.016683977828321428,0.0,-0.009999999999999431,-4.9446751455091595e-08
R01_horizontal_empty,377,76.3999999999978,81.21001501989866,48.43890227867709,16.669616891226397,-1.701378445158518,-0.1369058754583895,0.39249721344303906,-0.023908941686151455,0.0006480921810157403,-0.8524968028068542,-0.07077924907207489,0.0018652115250006318,-0.8524968028068542,-0.07077924907207489,0.0018652115250006318,0.38850191831588743,-0.02477273717522621,0.00046630288125015795,-0.02803885935037551,0.19999999999998863,,none,-0.01803876419092365,0.0,-0.009999999999999431,-9.515945242678949e-08
R01_horizontal_empty,378,76.59999999999779,81.19971719240425,48.36192620489372,16.6803114653124,-1.7062153801832731,-0.13679178623290045,0.3914979050523471,-0.024421757556403058,0.0005036841292522798,-0.8533719778060913,-0.07276204228401184,0.0008377039921469986,-0.8533719778060913,-0.07276204228401184,0.0008377039921469986,0.3879768133163452,-0.02546671479940414,0.00020942599803674966,-0.02936334939825872,0.19999999999998863,,none,-0.019363234334820678,0.0,-0.009999999999999431,-1.1506343861327597e-07
R01_horizontal_empty,379,76.79999999999778,81.18906848836522,48.28518598855178,16.69097256624693,-1.7111680410364585,-0.13670858419886767,0.39060096832792834,-0.025056974578269286,0.000340625930668269,-0.8542656898498535,-0.07528956234455109,3.345869481563568e-05,-0.8542656898498535,-0.07528956234455109,3.345869481563568e-05,0.38744058609008786,-0.02635134682059288,8.36467370390892e-06,-0.030656994876977154,0.19999999999998863,,none,-0.020656838199190286,0.0,-0.009999999999999431,-1.566777874374709e-07
R01_horizontal_empty,380,76.99999999999777,81.17805896520301,48.20866972549539,16.70160475413968,-1.7162638142814455,-0.13665496354346243,0.38975931923805857,-0.025841619102346912,0.00020574650486894041,-0.855343759059906,-0.0784013643860817,-0.00027638114988803864,-0.855343759059906,-0.0784013643860817,-0.00027638114988803864,0.38679374456405635,-0.027440477535128592,-6.909528747200966e-05,-0.03191767757694583,0.19999999999998863,,none,-0.021917458746028462,0.0,-0.009999999999999431,-2.188309179340653e-07
R01_horizontal_empty,381,77.19999999999776,81.1666774562983,48.13237166300841,16.712211440228742,-1.721521218150367,-0.1366255205105804,0.3889597393971729,-0.026669985494228242,9.688846953948914e-05,-0.8564293384552002,-0.08102267235517502,-0.0004997196956537664,-0.8564293384552002,-0.08102267235517502,-0.0004997196956537664,0.38614239692687985,-0.028357935324311256,-0.0001249299239134416,-0.03314367042739228,0.19999999999998863,,none,-0.02314350843502888,0.0,-0.009999999999999431,-1.6199236396688417e-07
R01_horizontal_empty,382,77.39999999999775,81.15491256207916,48.05629016488168,16.722795078099477,-1.7269451647871683,-0.13661507522865718,0.3881764764297055,-0.027506437376579772,1.3824865342087335e-05,-0.857638955116272,-0.08345960825681686,-0.000621730403508991,-0.857638955116272,-0.08345960825681686,-0.000621730403508991,0.3854166269302368,-0.0292108628898859,-0.00015543260087724775,-0.03433424047835594,0.19999999999998863,,none,-0.02433409214404314,0.0,-0.009999999999999431,-1.4833431336569446e-07
R01_horizontal_empty,383,77.59999999999773,81.14275332536751,47.980427340064836,16.733357230825053,-1.7325355110583074,-0.1366191158273307,0.3873979540272626,-0.028334606137631568,-4.946098829759984e-05,-0.8589086532592773,-0.08577758073806763,-0.0007136705098673701,-0.8589086532592773,-0.08577758073806763,-0.0007136705098673701,0.3846548080444336,-0.030022153258323667,-0.00017841762746684253,-0.035488520830350936,0.19999999999998863,,none,-0.025488380958695878,0.0,-0.009999999999999431,-1.3987165562688592e-07
R01_horizontal_empty,384,77.79999999999772,81.1301909945124,47.90479591015367,16.74389764861574,-1.738279393399457,-0.13663284972860534,0.38653174725153305,-0.029050277055136565,-8.518546552487588e-05,-0.8608672618865967,-0.0871673971414566,-0.0006319227977655828,-0.8608672618865967,-0.0871673971414566,-0.0006319227977655828,0.383479642868042,-0.030508588999509808,-0.0001579806994413957,-0.036603103498578246,0.19999999999998863,,none,-0.026602988010177242,0.0,-0.009999999999999431,-1.1548840157145364e-07
R01_horizontal_empty,385,77.99999999999771,81.11722032675809,47.82941890035655,16.754414219702877,-1.7441553885993162,-0.13665109309485726,0.3855597106274965,-0.029663459309808262,-9.64027487630833e-05,-0.8631088137626648,-0.08832266181707382,-0.0004770401574205607,-0.8631088137626648,-0.08832266181707382,-0.0004770401574205607,0.3821347117424011,-0.030912931635975836,-0.00011926003935514018,-0.03767440201852695,0.19999999999998863,,none,-0.027674274354929196,0.0,-0.009999999999999431,-1.2766359832227377e-07
R01_horizontal_empty,386,78.1999999999977,81.10383780484341,47.75431827380752,16.764904606793504,-1.7501480172067791,-0.13667054913682783,0.38450675751645197,-0.030220818521827293,-9.803467261036342e-05,-0.865338921546936,-0.08959011733531952,-0.00040544007788412273,-0.865338921546936,-0.08959011733531952,-0.00040544007788412273,0.38079664707183836,-0.03135654106736183,-0.00010136001947103068,-0.03870242025542248,0.19999999999998863,,none,-0.02870228855640722,0.0,-0.009999999999999431,-1.3169901583176546e-07
R01_horizontal_empty,387,78.39999999999769,81.09004031509036,47.67951114838106,16.7753669851769,-1.7562496667168794,-0.13669047306090484,0.3833966973872706,-0.030755386141717935,-0.00010098239770109997,-0.8675243854522705,-0.0909847617149353,-0.00042795573244802654,-0.8675243854522705,-0.0909847617149353,-0.00042795573244802654,0.3794853687286377,-0.031844666600227355,-0.00010698893311200663,-0.03968861057955569,0.19999999999998863,,none,-0.02968847614370862,0.0,-0.009999999999999431,-1.344358476362828e-07
R01_horizontal_empty,388,78.59999999999768,81.07582469296683,47.60501066432921,16.78580009602041,-1.7624579463823737,-0.13671162861202926,0.38224692987365566,-0.03128731868208637,-0.00010990092302242974,-0.8696738481521606,-0.09248922765254974,-0.0005122962757013738,-0.8696738481521606,-0.09248922765254974,-0.0005122962757013738,0.3781956911087036,-0.032371229678392406,-0.00012807406892534345,-0.04063426550926139,0.19999999999998863,,none,-0.030634127694842306,0.0,-0.009999999999999431,-1.378144196579473e-07
R01_horizontal_empty,389,78.79999999999767,81.06118755242363,47.53082719895395,16.79620316044666,-1.7687735145609957,-0.13673530915318596,0.38106950600534956,-0.03182763907905033,-0.00012571274897604453,-0.8717986345291138,-0.0940818339586258,-0.0006317290826700628,-0.8717986345291138,-0.0940818339586258,-0.0006317290826700628,0.37692081928253174,-0.03292864188551903,-0.0001579322706675157,-0.041540404578426636,0.19999999999998863,,none,-0.031540263270903424,0.0,-0.009999999999999431,-1.4130752378438417e-07
R01_horizontal_empty,390,78.99999999999766,81.0461252303479,47.45696928157804,16.806575773721786,-1.7751986553749837,-0.13676280216156217,0.37987280077336916,-0.03238198772465491,-0.0001475699541283636,-0.8739063739776611,-0.09574735909700394,-0.0007684322190470994,-0.8739063739776611,-0.09574735909700394,-0.0007684322190470994,0.3756561756134033,-0.033511575683951376,-0.00019210805476177484,-0.04240787666256804,0.19999999999998863,,none,-0.03240773195802227,0.0,-0.009999999999999431,-1.4470454634055192e-07
R01_horizontal_empty,391,79.19999999999764,81.03063378077263,47.383444208016506,16.816917810903533,-1.7817364624475804,-0.13679516072791337,0.37866275269974453,-0.03295304252024335,-0.00017402201388173145,-0.8760014772415161,-0.09747620671987534,-0.0009116919245570898,-0.8760014772415161,-0.09747620671987534,-0.0009116919245570898,0.3743991136550903,-0.03411667235195637,-0.00022792298113927245,-0.04323745168246376,0.19999999999998863,,none,-0.03323730370456168,0.0,-0.009999999999999431,-1.4797790265093377e-07
R01_horizontal_empty,392,79.39999999999763,81.01470899119555,47.31025845304445,16.827229349456427,-1.7883904073153023,-0.1368331426109783,0.3774436159194671,-0.033542015202258836,-0.00020356979621515472,-0.8780867457389832,-0.09926330298185349,-0.0010551154846325517,-0.8780867457389832,-0.09926330298185349,-0.0010551154846325517,0.3731479525566101,-0.03474215604364872,-0.0002637788711581379,-0.04402987210516105,0.19999999999998863,,none,-0.03402972085260014,0.0,-0.009999999999999431,-1.512525614737889e-07
R01_horizontal_empty,393,79.59999999999762,80.99834640520035,47.23741794921995,16.837510608910396,-1.795164141856048,-0.13687722452479545,0.37621853809647154,-0.03414954090655348,-0.0002348888224963461,-0.8801634311676025,-0.10110710561275482,-0.0011948285391554236,-0.8801634311676025,-0.10110710561275482,-0.0011948285391554236,0.37190194129943843,-0.035387486964464185,-0.0002987071347888559,-0.044785879003580484,0.19999999999998863,,none,-0.034785724368576076,0.0,-0.009999999999999431,-1.5463500497525758e-07
R01_horizontal_empty,394,79.79999999999761,80.98154134390144,47.16492828132636,16.847761904771623,-1.8020614302449371,-0.13692764539470612,0.37498984455690715,-0.03477611779336382,-0.0002669066857111889,-0.8822324872016907,-0.10300824046134949,-0.0013285960303619504,-0.8822324872016907,-0.10300824046134949,-0.0013285960303619504,0.37066050767898556,-0.036052884161472315,-0.0003321490075904876,-0.045506221721513467,0.19999999999998863,,none,-0.03550606345750751,0.0,-0.009999999999999431,-1.5826400652882542e-07
R01_horizontal_empty,395,79.9999999999976,80.9642889230815,47.09279482527475,16.857983614028292,-1.8090861308393908,-0.13698445444101195,0.3737593228576944,-0.035422193345055135,-0.0002987813773127889,-0.8842940926551819,-0.10496769100427628,-0.0014549278421327472,-0.8842940926551819,-0.10496769100427628,-0.0014549278421327472,0.36942354440689085,-0.036738691851496696,-0.0003637319605331868,-0.04619165944287553,0.19999999999998863,,none,-0.03619149733041205,0.0,-0.009999999999999431,-1.6211246405412157e-07
R01_horizontal_empty,396,80.19999999999759,80.94658406736418,47.021022856138245,16.868176148609688,-1.8162422180246842,-0.13704755160803733,0.3725282705156679,-0.03608846176259259,-0.0003298487413031781,-0.8863489627838135,-0.10698887705802917,-0.0015726169804111123,-0.8863489627838135,-0.10698887705802917,-0.0015726169804111123,0.3681906223297119,-0.03744610697031021,-0.0003931542451027781,-0.046842956630811006,0.19999999999998863,,none,-0.03684279020011072,0.0,-0.009999999999999431,-1.6643070085392672e-07
R01_horizontal_empty,397,80.39999999999758,80.9284200044727,46.949610455529594,16.878340684312583,-1.82352088355072,-0.1371059742593801,0.37136800581505003,-0.0366554588469649,-0.0002596673533083435,-0.8878670334815979,-0.10803091526031494,-0.00046663914690725505,-0.8878670334815979,-0.10803091526031494,-0.00046663914690725505,0.3672797799110412,-0.037810820341110225,-0.00011665978672681376,-0.04746486559633998,0.19999999999998863,,none,-0.03746477332495601,0.0,-0.009999999999999431,-9.227138453393051e-08
R01_horizontal_empty,398,80.59999999999756,80.90979006652717,46.87855182932703,16.888477668299927,-1.8309066982350073,-0.13714131495141926,0.370249487312141,-0.03716433400309764,-0.00010536905197561705,-0.8894860744476318,-0.10914646089076996,0.0008361691725440323,-0.8894860744476318,-0.10914646089076996,0.0008361691725440323,0.36630835533142087,-0.038201261311769485,0.00020904229313600808,-0.048061948874678524,0.19999999999998863,,none,-0.038061837613774685,0.0,-0.009999999999999431,-1.1126090441109737e-07
R01_horizontal_empty,399,80.79999999999755,80.89068927042587,46.807844558208544,16.898585868137946,-1.8383899240200807,-0.13714045585146323,0.3691633598318873,-0.037632628430141146,9.858779500329987e-05,-0.8911060690879822,-0.11024818569421768,0.0020567504689097404,-0.8911060690879822,-0.11024818569421768,0.0020567504689097404,0.3653363585472107,-0.038586864992976186,0.0005141876172274351,-0.048634490513650354,0.19999999999998863,,none,-0.03863438395367336,0.0,-0.009999999999999431,-1.0655997756667102e-07
R01_horizontal_empty,400,80.99999999999754,80.87111353456079,46.73748762252143,16.908663117935642,-1.8459649778778953,-0.13709581882542773,0.36810310319076417,-0.03808389790367175,0.0003303170020919462,-0.8927212357521057,-0.11143840849399567,0.0032100325915962458,-0.8927212357521057,-0.11143840849399567,0.0032100325915962458,0.36436725854873653,-0.03900344297289848,0.0008025081478990614,-0.049183378192451326,0.19999999999998863,,none,-0.039183271083385485,0.0,-0.009999999999999431,-1.0710906641031169e-07
R01_horizontal_empty,401,81.19999999999753,80.85105929995812,46.667481089951025,16.91870670888363,-1.8536302653702668,-0.13700332428044099,0.36706382043529723,-0.038534978975571045,0.0005761034855955658,-0.8943302035331726,-0.1127261146903038,0.00430775573477149,-0.8943302035331726,-0.1127261146903038,0.00430775573477149,0.3634018778800964,-0.03945414014160633,0.0010769389336928725,-0.04970922211603202,0.19999999999998863,,none,-0.039709113076819236,0.0,-0.009999999999999431,-1.0903921335168464e-07
R01_horizontal_empty,402,81.39999999999752,80.83052326976569,46.59782599678472,16.928713622651358,-1.861387018728173,-0.13686101099932635,0.3660411674650947,-0.03899768070816887,0.000828040776168183,-0.8959369659423828,-0.11411577463150024,0.00536563852801919,-0.8959369659423828,-0.11411577463150024,0.00536563852801919,0.3624378204345703,-0.039940521121025085,0.0013414096320047975,-0.05021242871130636,0.19999999999998863,,none,-0.04021231607218301,0.0,-0.009999999999999431,-1.1263912392133271e-07
R01_horizontal_empty,403,81.59999999999751,80.8095019940002,46.52852518138057,16.938680669318835,-1.8692595091744675,-0.13667270089989358,0.36502409964960697,-0.03967609181339414,0.0010391489640474622,-0.8975992798805237,-0.11730994284152985,0.005877283867448568,-0.8975992798805237,-0.11730994284152985,0.005877283867448568,0.36144043207168575,-0.04105847999453544,0.001469320966862142,-0.050692704533189345,0.19999999999998863,,none,-0.04069243997760719,0.0,-0.009999999999999431,-2.6455558272521844e-07
R01_horizontal_empty,404,81.7999999999975,80.7879891985288,46.45958213253437,16.948605314124546,-1.8772996788048042,-0.13644954540799697,0.3640268937710183,-0.04065204663631618,0.001181664536012907,-0.8991446495056152,-0.12183067202568054,0.005888265557587147,-0.8991446495056152,-0.12183067202568054,0.005888265557587147,0.36051321029663086,-0.04264073520898819,0.0014720663893967867,-0.05114930271360437,0.19999999999998863,,none,-0.0411488462080003,0.0,-0.009999999999999431,-4.5650560464211444e-07
R01_horizontal_empty,405,81.99999999999748,80.76597441198228,46.39099972353206,16.95848621091067,-1.8855554864495288,-0.1362023218088421,0.3630577373881885,-0.04181814110514871,0.0012829384279155727,-0.9005951881408691,-0.1262693554162979,0.005957210902124643,-0.9005951881408691,-0.1262693554162979,0.005957210902124643,0.3596428871154785,-0.04419427439570427,0.0014893027255311608,-0.051581810026883286,0.19999999999998863,,none,-0.041581373812363154,0.0,-0.009999999999999431,-4.3621452070080356e-07
R01_horizontal_empty,406,82.19999999999747,80.74344486801922,46.32278270989604,16.968322513255828,-1.8940586234642354,-0.13593641781041763,0.36210260281172085,-0.04311545063810993,0.001369571973677165,-0.9021047353744507,-0.13073988258838654,0.006184415426105261,-0.9021047353744507,-0.13073988258838654,0.006184415426105261,0.3587371587753296,-0.04575895890593529,0.0015461038565263152,-0.05198932190922991,0.19999999999998863,,none,-0.04198887558987163,0.0,-0.009999999999999431,-4.46319358850273e-07
R01_horizontal_empty,407,82.39999999999746,80.72038691975557,46.25493898053127,16.978113301960448,-1.9028312947855017,-0.13565332167493055,0.36115238967664415,-0.04450642466456481,0.001454954116926504,-0.9036595225334167,-0.13525940477848053,0.006515744142234325,-0.9036595225334167,-0.13525940477848053,0.006515744142234325,0.35780428647994994,-0.047340791672468185,0.0016289360355585814,-0.05237027733620143,0.19999999999998863,,none,-0.042369818271748905,0.0,-0.009999999999999431,-4.590644530913903e-07
R01_horizontal_empty,408,82.59999999999745,80.69678638320883,46.18747863282061,16.98785749727317,-1.9118903818018926,-0.13535267761494874,0.3602013138841134,-0.04597384576270342,0.0015447207583726703,-0.9052497148513794,-0.13989710807800293,0.006910547614097595,-0.9052497148513794,-0.13989710807800293,0.006910547614097595,0.35685017108917233,-0.04896398782730102,0.0017276369035243988,-0.05272388261964712,0.19999999999998863,,none,-0.04272339876218201,0.0,-0.009999999999999431,-4.838574656780733e-07
R01_horizontal_empty,409,82.79999999999744,80.67262866533201,46.12041335858489,16.997553854449187,-1.9212505847844912,-0.13503345116666193,0.35924619820438375,-0.04751223541651732,0.0016403371067351816,-0.9068652987480164,-0.14470568299293518,0.007340692449361086,-0.9068652987480164,-0.14470568299293518,0.007340692449361086,0.35588082075119015,-0.05064698904752731,0.0018351731123402715,-0.053049770942477315,0.19999999999998863,,none,-0.04304925259190551,0.0,-0.009999999999999431,-5.183505723778447e-07
R01_horizontal_empty,410,82.99999999999743,80.64789877289316,46.05375607191251,17.007200994225,-1.930926189485809,-0.1346944882866886,0.35828531094552585,-0.04912244953015525,0.0017416553245289236,-0.9085006713867188,-0.14972445368766785,0.00779243977740407,-0.9085006713867188,-0.14972445368766785,0.00779243977740407,0.35489959716796876,-0.052403558790683744,0.0019481099443510175,-0.05334781368538468,0.19999999999998863,,none,-0.043347252353813204,0.0,-0.009999999999999431,-5.613315720423562e-07
R01_horizontal_empty,411,83.19999999999742,80.62258128486248,45.98752074592573,17.01679743331216,-1.9409319844150745,-0.1343347038406246,0.3573176748140418,-0.05080842737296386,0.0018481617329752377,-0.9101530313491821,-0.15498262643814087,0.008260753005743027,-0.9101530313491821,-0.15498262643814087,0.008260753005743027,0.3539081811904907,-0.0542439192533493,0.0020651882514357567,-0.05361796801311318,0.19999999999998863,,none,-0.04361735605328576,0.0,-0.009999999999999431,-6.119598279841253e-07
R01_horizontal_empty,412,83.3999999999974,80.59666000434129,45.92172333713057,17.026341823237125,-1.95131178861637,-0.133966892751673,0.35633553179825767,-0.05283674039905369,0.0018312256328158155,-0.9118751287460327,-0.16277086734771729,0.007186860777437687,-0.9118751287460327,-0.16277086734771729,0.007186860777437687,0.35287492275238036,-0.05696980357170105,0.0017967151943594217,-0.05385988140217768,0.19999999999998863,,none,-0.04385858589096969,0.0,-0.009999999999999431,-1.295511208557077e-06
R01_horizontal_empty,413,83.5999999999974,80.5701144987246,45.85637953482176,17.035834604585414,-1.9621264973909196,-0.13361211771668016,0.3553722737956349,-0.055136978103841654,0.0017245638321800177,-0.9133696556091309,-0.17092610895633698,0.006028882693499327,-0.9133696556091309,-0.17092610895633698,0.006028882693499327,0.35197820663452145,-0.05982413813471794,0.0015072206733748317,-0.05407182419939466,0.19999999999998863,,none,-0.04407042254960558,0.0,-0.009999999999999431,-1.401649789647308e-06
R01_horizontal_empty,414,83.79999999999738,80.54292059854768,45.79150535905523,17.045277726954087,-1.9734262715632904,-0.13328371019552834,0.35441827086027217,-0.05766985995490859,0.0015710795141902485,-0.914905309677124,-0.17951735854148865,0.005033307243138552,-0.914905309677124,-0.17951735854148865,0.005033307243138552,0.3510568141937256,-0.06283107548952102,0.001258326810784638,-0.054253827998392845,0.19999999999998863,,none,-0.044252284818926846,0.0,-0.009999999999999431,-1.543179466565476e-06
R01_horizontal_empty,415,83.99999999999737,80.51505053603377,45.72711135262294,17.05467499656066,-1.985170825957283,-0.13299619579606428,0.3535552642559628,-0.05962809177456661,0.0013227789307032646,-0.9158092737197876,-0.18176671862602234,0.0032672821544110775,-0.9158092737197876,-0.18176671862602234,0.0032672821544110775,0.3505144357681274,-0.06361835151910782,0.0008168205386027694,-0.05440851495670423,0.19999999999998863,,none,-0.04440833504437691,0.0,-0.009999999999999431,-1.7991232788673941e-07
R01_horizontal_empty,416,84.19999999999736,80.48648055565131,45.663201891336534,17.064032649638843,-1.9972598793651164,-0.13279101747731906,0.35276005443512903,-0.06114789455248166,0.0007706205149857398,-0.9167364835739136,-0.18355649709701538,-0.0014180177822709084,-0.9167364835739136,-0.18355649709701538,-0.0014180177822709084,0.34995810985565184,-0.06424477398395538,-0.0003545044455677271,-0.054544533363919526,0.19999999999998863,,none,-0.04454401306270839,0.0,-0.009999999999999431,-5.203012117098145e-07
R01_horizontal_empty,417,84.39999999999735,80.45719243227327,45.59978136214303,17.073360689709467,-2.0096550259223767,-0.13273256244778198,0.3520450874529222,-0.06268752858439698,-0.00011901803566297385,-0.917456865310669,-0.18807090818881989,-0.007727284915745258,-0.917456865310669,-0.18807090818881989,-0.007727284915745258,0.34952588081359864,-0.06582481786608696,-0.0019318212289363146,-0.05466034343428679,0.19999999999998863,,none,-0.04465912932010507,0.0,-0.009999999999999431,-1.2141141822799572e-06
R01_horizontal_empty,418,84.59999999999734,80.42716690980454,45.53685252589995,17.082674151965715,-2.022385915005885,-0.13288875252905194,0.3514305333428777,-0.06448582443681182,-0.001350096238027028,-0.9178914427757263,-0.19471481442451477,-0.015434583649039268,-0.9178914427757263,-0.19471481442451477,-0.015434583649039268,0.3492651343345642,-0.06815018504858017,-0.003858645912259817,-0.05475564616432961,0.19999999999998863,,none,-0.04475357150830206,0.0,-0.009999999999999431,-2.0746560281215306e-06
R01_horizontal_empty,419,84.79999999999733,80.39638084958727,45.47441873517217,17.091992957390488,-2.0355146746508312,-0.13332192826592584,0.35092271886118914,-0.06663945274137163,-0.002867308618079543,-0.9181109666824341,-0.20293676853179932,-0.023835638538002968,-0.9181109666824341,-0.20293676853179932,-0.023835638538002968,0.34913341999053954,-0.07102786898612976,-0.005958909634500742,-0.05482820389733519,0.19999999999998863,,none,-0.044825439368469056,0.0,-0.009999999999999431,-2.7645288667058066e-06
R01_horizontal_empty,420,84.99999999999731,80.36480709307266,45.41248694300191,17.101340857238796,-2.0491128589001724,-0.13408060827453824,0.35051654738773536,-0.06915294730936258,-0.004589676366176486,-0.9181910157203674,-0.21221330761909485,-0.032397277653217316,-0.9181910157203674,-0.21221330761909485,-0.032397277653217316,0.34908539056777954,-0.07427465766668319,-0.008099319413304329,-0.054874266665635,0.19999999999998863,,none,-0.044871079420643056,0.0,-0.009999999999999431,-3.187244992515284e-06
R01_horizontal_empty,421,85.1999999999973,80.33241523666435,45.35106937088659,17.11074414327872,-2.06324772118378,-0.13519705877814045,0.35020136846671235,-0.07198241792447146,-0.006435694054421907,-0.9181819558143616,-0.22213710844516754,-0.04078918695449829,-0.9181819558143616,-0.22213710844516754,-0.04078918695449829,0.34909082651138307,-0.07774798795580863,-0.010197296738624573,-0.05488966683700279,0.19999999999998863,,none,-0.04488628871607059,0.0,-0.009999999999999431,-3.378120932767681e-06
R01_horizontal_empty,422,85.39999999999729,80.29917263465042,45.29018394696292,17.12023047922443,-2.077975999421899,-0.13668873162778167,0.3499653284227244,-0.07506781745571364,-0.008337681386555388,-0.9181106090545654,-0.23244254291057587,-0.04885333031415939,-0.9181106090545654,-0.23244254291057587,-0.04885333031415939,0.3491336345672607,-0.08135489001870155,-0.012213332578539848,-0.054870627504090934,0.19999999999998863,,none,-0.04486720275453138,0.0,-0.009999999999999431,-3.4247495601225087e-06
R01_horizontal_empty,423,85.59999999999728,80.2650453270294,45.22985402410406,17.129828001598217,-2.093342818771193,-0.13856161186672658,0.34979788164168024,-0.07835278738682898,-0.01024720029172885,-0.9179868698120117,-0.24299006164073944,-0.05655279383063316,-0.9179868698120117,-0.24299006164073944,-0.05655279383063316,0.34920787811279297,-0.0850465215742588,-0.01413819845765829,-0.05481410342621158,0.19999999999998863,,none,-0.04481069248218805,0.0,-0.009999999999999431,-3.4109440240961965e-06
R01_horizontal_empty,424,85.79999999999727,80.22999875585369,45.17010779026303,17.139564724623934,-2.1093834892644234,-0.14081401444002792,0.34969101934465874,-0.08179451411315196,-0.012134573829599227,-0.9178091883659363,-0.2537361979484558,-0.06392178684473038,-0.9178091883659363,-0.2537361979484558,-0.06392178684473038,0.3493144869804382,-0.08880766928195953,-0.015980446711182594,-0.05471781569603786,0.19999999999998863,,none,-0.04471441943455279,0.0,-0.009999999999999431,-3.39626148564226e-06
R01_horizontal_empty,425,85.99999999999726,80.19399509781297,45.11097208616197,17.149469209117434,-2.1261165958966024,-0.14344332062241216,0.3497011894941684,-0.08527428163607115,-0.014016636651941666,-0.917104959487915,-0.26389986276626587,-0.07140675187110901,-0.917104959487915,-0.26389986276626587,-0.07140675187110901,0.34973702430725095,-0.09236495196819305,-0.017851687967777252,-0.054584087371246696,0.19999999999998863,,none,-0.04458089095680151,0.0,-0.009999999999999431,-3.196414445750806e-06
R01_horizontal_empty,426,86.19999999999725,80.15698824701431,45.05246266644266,17.159572726989744,-2.143547213341062,-0.14646344332993308,0.3499347076212914,-0.08876853075594054,-0.016032643686650742,-0.9154041409492493,-0.2739677429199219,-0.080562524497509,-0.9154041409492493,-0.2739677429199219,-0.080562524497509,0.3507575154304504,-0.09588871002197265,-0.02014063112437725,-0.05442377131540334,0.19999999999998863,,none,-0.04442000965206638,0.0,-0.009999999999999431,-3.761663337523702e-06
R01_horizontal_empty,427,86.39999999999723,80.11892382843308,44.99458598824118,17.169910889796302,-2.1616925569897614,-0.14990935866199742,0.35044239900013396,-0.09241041630018622,-0.018258729248909082,-0.9129478931427002,-0.28523266315460205,-0.09117916226387024,-0.9129478931427002,-0.28523266315460205,-0.09117916226387024,0.3522312641143799,-0.09983143210411072,-0.02279479056596756,-0.05424480102545354,0.19999999999998863,,none,-0.044239888133881244,0.0,-0.009999999999999431,-4.912891572860234e-06
R01_horizontal_empty,428,86.59999999999722,80.07974055776346,44.93734573023422,17.18052411783724,-2.1805903676448737,-0.1538251404889806,0.35127049414376776,-0.09627631678237326,-0.020714032468445463,-0.9096861481666565,-0.2975822985172272,-0.10286866873502731,-0.9096861481666565,-0.2975822985172272,-0.10286866873502731,0.3541883111000061,-0.10415380448102951,-0.02571716718375683,-0.054049302837012876,0.19999999999998863,,none,-0.04404330689630509,0.0,-0.009999999999999431,-5.995940708355408e-06
R01_horizontal_empty,429,86.79999999999721,80.03936260980639,44.88073613790228,17.191459875496484,-2.2003093327314303,-0.15825556324665413,0.3525696477209905,-0.10058833654135817,-0.023388611692220826,-0.9047545790672302,-0.31249964237213135,-0.11535424739122391,-0.9047545790672302,-0.31249964237213135,-0.11535424739122391,0.35714725255966184,-0.10937487483024597,-0.028838561847805977,-0.05384624005370883,0.19999999999998863,,none,-0.04383818530979244,0.0,-0.009999999999999431,-8.054743916958707e-06
R01_horizontal_empty,430,86.9999999999972,79.99769634282825,44.82474518529041,17.20277295467397,-2.220964641290817,-0.1632349143269951,0.35439620741901834,-0.10558792905450541,-0.026193494681780748,-0.8986130952835083,-0.33078721165657043,-0.12763585150241852,-0.8986130952835083,-0.33078721165657043,-0.12763585150241852,0.360832142829895,-0.11577552407979964,-0.03190896287560463,-0.053640863295667564,0.19999999999998863,,none,-0.043630403479409274,0.0,-0.009999999999999431,-1.0459816258859833e-05
R01_horizontal_empty,431,87.19999999999719,79.954623607142,44.76935423900475,17.214526351570537,-2.242707257293156,-0.16879603903973345,0.35694396114067395,-0.11140016213581098,-0.029191771868109017,-0.8901315927505493,-0.35212475061416626,-0.14120526611804962,-0.8901315927505493,-0.35212475061416626,-0.14120526611804962,0.3659210443496704,-0.12324366271495818,-0.035301316529512405,-0.05344097766376079,0.19999999999998863,,none,-0.04342675055442147,0.0,-0.009999999999999431,-1.4227109339888244e-05
R01_horizontal_empty,432,87.39999999999718,79.90999192391565,44.7145338610842,17.226795497283586,-2.2657255952655158,-0.17501688121000084,0.36039058681662944,-0.1182657567465879,-0.03274857321196914,-0.8791085481643677,-0.37787336111068726,-0.15998485684394836,-0.8791085481643677,-0.37787336111068726,-0.15998485684394836,0.3725348711013794,-0.13225567638874053,-0.03999621421098709,-0.05325994798214399,0.19999999999998863,,none,-0.04323720455249891,0.0,-0.009999999999999431,-2.2743429645655234e-05
R01_horizontal_empty,433,87.59999999999717,79.86362690495265,44.6602667867385,17.23967208589547,-2.2901750770050557,-0.18212425806339327,0.36471258574040494,-0.12567093157031037,-0.037934343108146765,-0.8667645454406738,-0.40217241644859314,-0.19400523602962494,-0.8667645454406738,-0.40217241644859314,-0.19400523602962494,0.3799412727355957,-0.14076034575700758,-0.048501309007406235,-0.05308920767815847,0.19999999999998863,,none,-0.043051203584289155,0.0,-0.009999999999999431,-3.800409386988779e-05
R01_horizontal_empty,434,87.79999999999715,79.8153279447144,44.606542236276105,17.253279051431555,-2.3162190773206035,-0.19043645782891266,0.3701877554879247,-0.13413140453578878,-0.04467928715592345,-0.8508672118186951,-0.4324890971183777,-0.2336934357881546,-0.8508672118186951,-0.4324890971183777,-0.2336934357881546,0.38947967290878294,-0.15137118399143218,-0.05842335894703865,-0.052912876120823286,0.19999999999998863,,none,-0.04285793652995995,0.0,-0.009999999999999431,-5.4939590863902765e-05
R01_horizontal_empty,435,87.99999999999714,79.76482428219916,44.55332168359432,17.267784563766803,-2.3440835281103127,-0.20018397102413002,0.37739206031056916,-0.14378547471998157,-0.05222697452681843,-0.8287056088447571,-0.46702122688293457,-0.2704271376132965,-0.8287056088447571,-0.46702122688293457,-0.2704271376132965,0.40277663469314573,-0.16345742940902708,-0.06760678440332413,-0.05273540303331231,0.19999999999998863,,none,-0.0426747436436683,0.0,-0.009999999999999431,-6.065938964458173e-05
R01_horizontal_empty,436,88.19999999999713,79.71173964261186,44.50052152581998,17.283405708092367,-2.37396706704367,-0.21140312036725514,0.3870274052177054,-0.15426041674500623,-0.05942221277542072,-0.7983703017234802,-0.5017287135124207,-0.296335369348526,-0.7983703017234802,-0.5017287135124207,-0.296335369348526,0.42097781896591185,-0.1756050497293472,-0.0740838423371315,-0.05259543657049694,0.19999999999998863,,none,-0.042539515031339015,0.0,-0.009999999999999431,-5.5921539158489964e-05
R01_horizontal_empty,437,88.39999999999712,79.655629968489,44.44806600343117,17.30039051418214,-2.4059817558641057,-0.2240255635290109,0.3991007964007212,-0.16507162886586918,-0.0662849717251178,-0.7639304399490356,-0.5345756411552429,-0.3210764527320862,-0.7639304399490356,-0.5345756411552429,-0.3210764527320862,0.4416417360305786,-0.187101474404335,-0.08026911318302155,-0.05251322728262869,0.19999999999998863,,none,-0.0424556843637971,0.0,-0.009999999999999431,-5.7542918832158564e-05
R01_horizontal_empty,438,88.59999999999711,79.59599123960655,44.39590271421866,17.319019340465093,-2.4401643889388054,-0.23795204820096547,0.41416186559535784,-0.17593586301020223,-0.07251064510715316,-0.7212833762168884,-0.5659250020980835,-0.3407864272594452,-0.7212833762168884,-0.5659250020980835,-0.3407864272594452,0.4672299742698669,-0.1980737507343292,-0.0851966068148613,-0.052480730757775845,0.19999999999998863,,none,-0.04241693000632907,0.0,-0.009999999999999431,-6.380075144734931e-05
R01_horizontal_empty,439,88.7999999999971,79.53256282466278,44.344256396911945,17.33950573738871,-2.476528017686816,-0.2529328240657536,0.42843484592715464,-0.18687587426723273,-0.07696164132355307,-0.7021231651306152,-0.597623348236084,-0.3441254794597626,-0.7021231651306152,-0.597623348236084,-0.3441254794597626,0.4787261009216308,-0.20916817188262937,-0.08603136986494064,-0.05224070918384403,0.19999999999998863,,none,-0.042213048221717564,0.0,-0.009999999999999431,-2.766096212702962e-05
R01_horizontal_empty,440,88.99999999999709,79.46522304633633,44.293495886940676,17.362004646684145,-2.5150053641830663,-0.2684552285501851,0.44368446825000313,-0.19712510473855396,-0.07817123618426472,-0.6709717512130737,-0.6228851675987244,-0.32254403829574585,-0.6709717512130737,-0.6228851675987244,-0.32254403829574585,0.49741694927215574,-0.21800980865955352,-0.08063600957393646,-0.05178637141266458,0.19999999999998863,,none,-0.04174488483847938,0.0,-0.009999999999999431,-4.148657418577173e-05
R01_horizontal_empty,441,89.19999999999708,79.39384689757792,44.24399169597768,17.386631104460434,-2.5556262849011087,-0.2838747371693218,0.4585451862983642,-0.20824592466416308,-0.0761743552098386,-0.6484877467155457,-0.6597332954406738,-0.2884213626384735,-0.6484877467155457,-0.6597332954406738,-0.2884213626384735,0.5109073519706726,-0.23090665340423583,-0.07210534065961838,-0.05109983907336945,0.19999999999998863,,none,-0.04103928563381576,0.0,-0.009999999999999431,-6.05534395542584e-05
R01_horizontal_empty,442,89.39999999999706,79.31844243404852,44.19622440022551,17.413405999816153,-2.5984454390497382,-0.29872233817293414,0.47275884357433395,-0.21912561315492818,-0.07257308320864123,-0.6285982131958008,-0.6894142627716064,-0.2609393000602722,-0.6285982131958008,-0.6894142627716064,-0.2609393000602722,0.5228410720825195,-0.24129499197006224,-0.06523482501506805,-0.05007278689382511,0.19999999999998863,,none,-0.04003215055124798,0.0,-0.009999999999999431,-4.0636342577702326e-05
R01_horizontal_empty,443,89.59999999999705,79.23890303411581,44.150603132549,17.442357961518155,-2.643440904728239,-0.31262515487790254,0.4881559845482143,-0.23000877795309257,-0.06688387990248328,-0.5959862470626831,-0.7205292582511902,-0.2211643010377884,-0.5959862470626831,-0.7205292582511902,-0.2211643010377884,0.54240825176239,-0.25218524038791656,-0.0552910752594471,-0.04887495987439611,0.19999999999998863,,none,-0.03880268519787666,0.0,-0.009999999999999431,-7.22746765200144e-05
R01_horizontal_empty,444,89.79999999999704,79.15537662590687,44.10768538977357,17.473378155906254,-2.690768844449292,-0.32501527460023605,0.5003364536518641,-0.24234112826257387,-0.05770884128493804,-0.5945755243301392,-0.7642016410827637,-0.15605200827121735,-0.5945755243301392,-0.7642016410827637,-0.15605200827121735,0.5432546854019165,-0.26747057437896726,-0.03901300206780434,-0.047369925777604856,0.19999999999998863,,none,-0.03724694822100272,0.0,-0.009999999999999431,-0.00012297755660270582
R01_horizontal_empty,445,89.99999999999703,79.06826687616012,44.068142114323315,17.5061969789171,-2.7404456911368804,-0.3354689286160477,0.5106479200229366,-0.2535802448029398,-0.04759033233058717,-0.5883655548095703,-0.7899486422538757,-0.10788799077272415,-0.5883655548095703,-0.7899486422538757,-0.10788799077272415,0.5469806671142579,-0.2764820247888565,-0.026971997693181038,-0.04534149472321143,0.19999999999998863,,none,-0.035281069835765067,0.0,-0.009999999999999431,-6.0424887446935975e-05
R01_horizontal_empty,446,90.19999999999702,78.9780004559477,44.03257481120491,17.540507180866527,-2.7923809028239406,-0.3438805552859671,0.5181860466941194,-0.26491738983587854,-0.037301411772778445,-0.5920885801315308,-0.8229112029075623,-0.06534332782030106,-0.5920885801315308,-0.8229112029075623,-0.06534332782030106,0.5447468519210815,-0.28801892101764676,-0.016335831955075264,-0.043013973012578255,0.19999999999998863,,none,-0.0329557642192162,0.0,-0.009999999999999431,-5.820879336262408e-05
R01_horizontal_empty,447,90.39999999999701,78.88530572240204,44.00161812315574,17.57589566663314,-2.8465600629924515,-0.3506505478216777,0.5211551728449928,-0.27603618656047135,-0.030882321342041382,-0.6139717102050781,-0.8534079790115356,-0.07120894640684128,-0.6139717102050781,-0.8534079790115356,-0.07120894640684128,0.5316169738769532,-0.2986927926540375,-0.01780223660171032,-0.04023224086814843,0.19999999999998863,,none,-0.030203374263829907,0.0,-0.009999999999999431,-2.886660431908883e-05
R01_horizontal_empty,448,90.599999999997,78.79088526966768,43.97578841555278,17.61203066631865,-2.9030006667370354,-0.3563433504725825,0.5223657804563944,-0.28750541361300563,-0.026384692120411068,-0.622281014919281,-0.8882173895835876,-0.06887976080179214,-0.622281014919281,-0.8882173895835876,-0.06887976080179214,0.5266313910484314,-0.3108760863542557,-0.017219940200448036,-0.03708876365226203,0.19999999999998863,,none,-0.027063040357966806,0.0,-0.009999999999999431,-2.572329429579856e-05
R01_horizontal_empty,449,90.79999999999698,78.69518855464143,43.95544440028639,17.648736256402735,-2.9616630773021737,-0.36131224543197743,0.5226855612086668,-0.29830474490468045,-0.02352015782996857,-0.6269794702529907,-0.9151725172996521,-0.07073255628347397,-0.6269794702529907,-0.9151725172996521,-0.07073255628347397,0.5238123178482056,-0.3203103810548782,-0.017683139070868492,-0.03364847077278683,0.19999999999998863,,none,-0.023633429027911212,0.0,-0.009999999999999431,-1.504174487618304e-05
R01_horizontal_empty,450,90.99999999999697,78.59860245939213,43.94086977964974,17.68590822695255,-3.0223716284769764,-0.3657564598133565,0.5225854038964955,-0.30804652731879334,-0.021104085684661152,-0.6296125054359436,-0.9368491768836975,-0.06472356617450714,-0.6296125054359436,-0.9368491768836975,-0.06472356617450714,0.5222324967384339,-0.3278972119092941,-0.016180891543626785,-0.029960520244512914,0.19999999999998863,,none,-0.019950261876370945,0.0,-0.009999999999999431,-1.0258368142538332e-05
R01_horizontal_empty,451,91.19999999999696,78.50164522953533,43.93230133736644,17.723415556515697,-3.084893356796134,-0.3696380180109322,0.5207566551139466,-0.3165312603395962,-0.017949274833170936,-0.64281165599823,-0.953772783279419,-0.046083055436611176,-0.64281165599823,-0.953772783279419,-0.046083055436611176,0.514313006401062,-0.3338204741477966,-0.011520763859152794,-0.02603712143450249,0.19999999999998863,,none,-0.0160209595411116,0.0,-0.009999999999999431,-1.6161893391456462e-05
R01_horizontal_empty,452,91.39999999999695,78.40513178894797,43.929902399228745,17.761011097219114,-3.1489707614516043,-0.37281151707880905,0.5156784468202282,-0.32370230366117875,-0.01407752981748202,-0.6703579425811768,-0.966613233089447,-0.024752531200647354,-0.6703579425811768,-0.966613233089447,-0.024752531200647354,0.49778523445129397,-0.3383146315813064,-0.0061881328001618385,-0.021885430419891022,0.19999999999998863,,none,-0.011857857093491297,0.0,-0.009999999999999431,-2.7573326400294473e-05
R01_horizontal_empty,453,91.59999999999694,78.30989621505078,43.93370158039648,17.798432075973327,-3.2143171214393274,-0.37517510438592166,0.5087386958285925,-0.329336635802127,-0.00987508231866441,-0.6928561925888062,-0.9737646579742432,-0.005247271154075861,-0.6928561925888062,-0.9737646579742432,-0.005247271154075861,0.4842862844467163,-0.3408176302909851,-0.0013118177885189652,-0.01756061518404213,0.19999999999998863,,none,-0.0075418597980272395,0.0,-0.009999999999999431,-1.8755386015461114e-05
R01_horizontal_empty,454,91.79999999999693,78.21657316843645,43.94360511836056,17.835487995714292,-3.2806524184309724,-0.3766669809169679,0.5007669299397199,-0.3336883451616561,-0.005382304308690368,-0.7122030258178711,-0.9787307381629944,0.015090249478816986,-0.7122030258178711,-0.9787307381629944,0.015090249478816986,0.47267818450927734,-0.342555758357048,0.0037725623697042465,-0.013186932745288964,0.19999999999998863,,none,-0.0031706812122109795,0.0,-0.009999999999999431,-1.625153307855402e-05
R01_horizontal_empty,455,91.99999999999692,78.12564065628266,43.959444505414794,17.872045256306137,-3.347751324067887,-0.3772593776931921,0.4925468597779971,-0.33704752904125357,-0.0008809324872370871,-0.7273613214492798,-0.9825499653816223,0.03316578269004822,-0.7273613214492798,-0.9825499653816223,0.03316578269004822,0.4635832071304321,-0.3438924878835678,0.008291445672512054,-0.008818865556090945,0.19999999999998863,,none,0.0011925561503858262,0.0,-0.009999999999999431,-1.142170647734031e-05
R01_horizontal_empty,456,92.1999999999969,78.03745701097733,43.981012127793946,17.908016340389896,-3.415439772872965,-0.37695836345252975,0.48447948370114685,-0.3396414544806432,0.0035566162175458913,-0.7399102449417114,-0.9855058789253235,0.050395771861076355,-0.7399102449417114,-0.9855058789253235,0.050395771861076355,0.45605385303497314,-0.3449270576238632,0.012598942965269089,-0.004496813660007892,0.19999999999998863,,none,0.005512448048642149,0.0,-0.009999999999999431,-9.261708650609713e-06
R01_horizontal_empty,457,92.3999999999969,77.95223420068257,44.00810535724978,17.94337003516568,-3.4835789005987574,-0.3756853247937127,0.47760080014701944,-0.3416020522452289,0.008780077362073728,-0.744394063949585,-0.987420380115509,0.07769538462162018,-0.744394063949585,-0.987420380115509,0.07769538462162018,0.45336356163024905,-0.34559713304042816,0.019423846155405045,-0.0002360524798936755,0.19999999999998863,,none,0.00977932829619732,0.0,-0.009999999999999431,-1.538077609156474e-05
R01_horizontal_empty,458,92.59999999999688,77.86997365483087,44.04059467518714,17.978151589654722,-3.5520519633831276,-0.3733490266972442,0.47313448991376,-0.34302158519814085,0.014176197277935622,-0.7376711368560791,-0.9883261322975159,0.10068716108798981,-0.7376711368560791,-0.9883261322975159,0.10068716108798981,0.4573973178863525,-0.34591414630413053,0.025171790271997452,0.0040078064944313145,0.19999999999998863,,none,0.014019299292846732,0.0,-0.009999999999999431,-1.1492798415986272e-05
R01_horizontal_empty,459,92.79999999999687,77.79049016708412,44.078480390298296,18.01248531051181,-3.620765088800067,-0.36990240122862733,0.47214362764605045,-0.34403340776094504,0.01986155145611547,-0.7189128398895264,-0.9888433814048767,0.12578605115413666,-0.7189128398895264,-0.9888433814048767,0.12578605115413666,0.46865229606628417,-0.3460951834917068,0.031446512788534164,0.008282313620579042,0.19999999999998863,,none,0.018301955531264014,0.0,-0.009999999999999431,-1.9641910685539444e-05
R01_horizontal_empty,460,92.99999999999686,77.71384459834883,44.12171555258913,18.046394016453295,-3.689647443012568,-0.36536831693170124,0.47111769867703435,-0.34473709719170087,0.025085557439976286,-0.720828652381897,-0.9890599846839905,0.14292174577713013,-0.720828652381897,-0.9890599846839905,0.14292174577713013,0.4675028085708618,-0.34617099463939666,0.03573043644428253,0.012614688063670658,0.19999999999998863,,none,0.02262063504936407,0.0,-0.009999999999999431,-5.946985693978668e-06
R01_horizontal_empty,461,93.19999999999685,77.64031253044783,44.17015979156659,18.079814964537974,-3.7586311244186827,-0.3598159118564562,0.47089460344045475,-0.3450743017165072,0.030063318736381833,-0.7164857983589172,-0.9878897666931152,0.160825714468956,-0.7164857983589172,-0.9878897666931152,0.160825714468956,0.4701085209846496,-0.34576141834259033,0.040206428617239,0.0169334903097522,0.19999999999998863,,none,0.026940305947474208,0.0,-0.009999999999999431,-6.815637722579204e-06
R01_horizontal_empty,462,93.39999999999684,77.57026113295478,44.22358358602461,18.112641454643356,-3.8276364045590063,-0.35319892839144257,0.46948024925154674,-0.34498521422371703,0.0356829625603676,-0.7258387804031372,-0.9851533770561218,0.18853610754013062,-0.7258387804031372,-0.9851533770561218,0.18853610754013062,0.4644967317581177,-0.3448036819696426,0.047134026885032654,0.021195786464156503,0.19999999999998863,,none,0.03121304310386641,0.0,-0.009999999999999431,-1.725663971047897e-05
R01_horizontal_empty,463,93.59999999999683,77.50401606248191,44.28174749408567,18.14477013078557,-3.8965752439533423,-0.3454504995454492,0.46897971374368136,-0.34444397313722414,0.041372504328219706,-0.721306562423706,-0.980974555015564,0.21186399459838867,-0.721306562423706,-0.980974555015564,0.21186399459838867,0.46721606254577636,-0.34334109425544734,0.05296599864959717,0.025419447294516468,0.19999999999998863,,none,0.03543109117187715,0.0,-0.009999999999999431,-1.1643877361251498e-05
R01_horizontal_empty,464,93.79999999999681,77.44189447681805,44.34436649431344,18.176086277154692,-3.9653451643299187,-0.33649824382525256,0.4672563808104644,-0.34333854677082076,0.047675030575128056,-0.7313597202301025,-0.9745315313339233,0.24207037687301636,-0.7313597202301025,-0.9745315313339233,0.24207037687301636,0.4611841678619385,-0.34108603596687315,0.06051759421825409,0.02954073321537912,0.19999999999998863,,none,0.03956183329670182,0.0,-0.009999999999999431,-2.1100081323268684e-05
R01_horizontal_empty,465,93.9999999999968,77.38424375851591,44.411061780715066,18.20642342180811,-4.0337778074182085,-0.32584849648383607,0.4653119333574497,-0.3411526364811582,0.05804114715938491,-0.7358989715576172,-0.961995542049408,0.31665611267089844,-0.7358989715576172,-0.961995542049408,0.31665611267089844,0.4584606170654297,-0.33669843971729274,0.07916402816772461,0.03342078299910526,0.19999999999998863,,none,0.043535598755394034,0.0,-0.009999999999999431,-0.00011481575628934593
R01_horizontal_empty,466,94.19999999999679,77.33138600278916,44.481368345790585,18.235538168598435,-4.101553195863923,-0.31283293548223096,0.4615533764957394,-0.33692024399868,0.07112809754673105,-0.7528166770935059,-0.9379884600639343,0.39118072390556335,-0.7528166770935059,-0.9379884600639343,0.39118072390556335,0.44830999374389646,-0.328295961022377,0.09779518097639084,0.037134875537511415,0.19999999999998863,,none,0.04726320486602553,0.0,-0.009999999999999431,-0.00012832932851468472
R01_horizontal_empty,467,94.39999999999678,77.2838108295004,44.55436572613249,18.262981728198653,-4.16777626965799,-0.2965581407599463,0.4525411968655717,-0.3261241937806941,0.09018363138364058,-0.7986891269683838,-0.8689292669296265,0.5160512328147888,-0.7986891269683838,-0.8689292669296265,0.5160512328147888,0.4207865238189697,-0.30412524342536923,0.1290128082036972,0.039936598007720626,0.19999999999998863,,none,0.05038591996390274,0.0,-0.009999999999999431,-0.00044932195618267555
R01_horizontal_empty,468,94.59999999999677,77.24173186467243,44.62904223116534,18.288261413000495,-4.22977196754861,-0.27597888355413086,0.441764044213929,-0.29609601335056196,0.11382694106487465,-0.8270159363746643,-0.6711658239364624,0.6480182409286499,-0.8270159363746643,-0.6711658239364624,0.6480182409286499,0.4037904381752014,-0.23490803837776184,0.16200456023216248,0.04157918812297609,0.19999999999998863,,none,0.052725749697899005,0.0,-0.009999999999999431,-0.0011465615749234814
R01_horizontal_empty,469,94.79999999999676,77.20483032852363,44.70438811187519,18.31092693449938,-4.28186039189736,-0.25067151390079595,0.42803756960722866,-0.22978602349304994,0.137465140982448,-0.8672134280204773,-0.2704775631427765,0.7425293922424316,-0.8672134280204773,-0.2704775631427765,0.7425293922424316,0.3796719431877136,-0.09466714709997176,0.1856323480606079,0.04065562881735813,0.19999999999998863,,none,0.054077614385260375,0.0,-0.009999999999999431,-0.0034219855679028122
R01_horizontal_empty,470,94.99999999999675,77.17181574131553,44.780205125802986,18.33084031796736,-4.317832140915343,-0.22116536229547817,0.4228483028222199,-0.13158870762921548,0.15618542463246912,-0.8257270455360413,0.2554178535938263,0.7773258686065674,-0.8257270455360413,0.2554178535938263,0.7773258686065674,0.40456377267837523,0.08939624875783919,0.19433146715164185,0.03917545793420018,0.19999999999998863,,none,0.05476541601507101,0.0,-0.009999999999999431,-0.005589958080871398
R01_horizontal_empty,471,95.19999999999673,77.14003887179949,44.85877082075192,18.3484776414675,-4.334801164147652,-0.18914506035029516,0.441942138050284,-0.04413432639878162,0.16346865659186505,-0.651300311088562,0.3850019574165344,0.7132383584976196,-0.651300311088562,0.3850019574165344,0.7132383584976196,0.5092198133468628,0.13475068509578703,0.1783095896244049,0.04532354457767747,0.19999999999998863,,none,0.05635002326978711,0.0,-0.009999999999999431,-0.0010264786921102065
R01_horizontal_empty,472,95.39999999999672,77.10765923197724,44.94109472445685,18.36396244875731,-4.338790757060606,-0.1581824983880565,0.45553075793640246,0.0008480678259464094,0.14737029856227762,-0.6609822511672974,0.2643086314201355,0.4582676589488983,-0.6609822511672974,0.2643086314201355,0.4582676589488983,0.5034106492996215,0.09250802099704741,0.11456691473722458,0.046315866942444134,0.19999999999998863,,none,0.05790928047308608,0.0,-0.009999999999999431,-0.0015934135306425112
R01_horizontal_empty,473,95.59999999999671,77.07455213800557,45.02561119871511,18.377158311005896,-4.339639324097814,-0.1316256720752836,0.4614531581067697,-0.008620119568944484,0.12024258424735504,-0.6961318254470825,-0.07975229620933533,0.2598593831062317,-0.6961318254470825,-0.07975229620933533,0.2598593831062317,0.4823209047317505,-0.027913303673267362,0.06496484577655792,0.04478929784532955,0.19999999999998863,,none,0.05796888301365222,0.0,-0.009999999999999431,-0.003179585168323236
R01_horizontal_empty,474,95.7999999999967,77.04153351422144,45.11066095319456,18.38817732053602,-4.346210051492997,-0.10936048949036711,0.45771484186965694,-0.05369021489511793,0.10365913828032663,-0.7590953707695007,-0.41579678654670715,0.27946919202804565,-0.7590953707695007,-0.41579678654670715,0.27946919202804565,0.4445427775382995,-0.1455288752913475,0.06986729800701141,0.044665037464653674,0.19999999999998863,,none,0.05701053450728555,0.0,-0.009999999999999431,-0.002345497042632445
R01_horizontal_empty,475,95.99999999999669,77.00958645765338,45.19576887921382,18.397239329018493,-4.36223254119364,-0.0897227683138572,0.4559602618409153,-0.10283093877141923,0.09348490675990263,-0.7503700852394104,-0.5798978805541992,0.29101210832595825,-0.7503700852394104,-0.5798978805541992,0.29101210832595825,0.44977794885635375,-0.2029642581939697,0.07275302708148956,0.045643915836718015,0.19999999999998863,,none,0.0561866866082914,0.0,-0.009999999999999431,-0.0005427707715739594
R01_horizontal_empty,476,96.19999999999668,76.9793570715908,45.28153875223104,18.404577541949926,-4.385924275420407,-0.0714655959488706,0.4564171545369697,-0.13189578212360917,0.08939506857499624,-0.736621618270874,-0.5460593700408936,0.32424506545066833,-0.736621618270874,-0.5460593700408936,0.32424506545066833,0.4580270290374756,-0.19112077951431272,0.08106126636266708,0.04620240950447917,0.19999999999998863,,none,0.056251179396018536,0.0,-0.009999999999999431,-4.876989153993705e-05
R01_horizontal_empty,477,96.39999999999667,76.95129795668707,45.3681643639552,18.41026067528535,-4.4123858985208315,-0.05298045911466546,0.4559786617765046,-0.1326626499440613,0.09503148245236233,-0.7426106333732605,-0.3835008144378662,0.42606687545776367,-0.7426106333732605,-0.3835008144378662,0.42606687545776367,0.4544336199760437,-0.13422528505325315,0.10651671886444092,0.045998789548264564,0.19999999999998863,,none,0.0567353662141592,0.0,-0.009999999999999431,-0.0007365766658952033
R01_horizontal_empty,478,96.59999999999665,76.92543600031395,45.45549989577868,18.414192273937157,-4.435350168958314,-0.03292327357282433,0.4557552277978401,-0.09948096289752653,0.10480382976105221,-0.7417200803756714,-0.0910489559173584,0.4988671839237213,-0.7417200803756714,-0.0910489559173584,0.4988671839237213,0.45496795177459715,-0.031867134571075435,0.12471679598093033,0.04528706492103895,0.19999999999998863,,none,0.05710364027202797,0.0,-0.009999999999999431,-0.0018165753509895844
R01_horizontal_empty,479,96.79999999999664,76.90116739789397,45.5434359832259,18.41620777118005,-4.448506602750068,-0.010887708198339658,0.45668188540250243,-0.03680711206149309,0.11479852256707554,-0.7334216833114624,0.2597213089466095,0.5406582355499268,-0.7334216833114624,0.2597213089466095,0.5406582355499268,0.45994699001312256,0.09090245813131331,0.1351645588874817,0.04452369215369302,0.19999999999998863,,none,0.057020794835744404,0.0,-0.009999999999999431,-0.002497102682051953
R01_horizontal_empty,480,96.99999999999663,76.87717746512095,45.63266722628016,18.416163326835125,-4.448359176652922,0.011610850615749018,0.4668562483986585,0.033018599251293884,0.1105102716543294,-0.6621568202972412,0.5008611679077148,0.40708866715431213,-0.6621568202972412,0.5008611679077148,0.40708866715431213,0.5027059078216553,0.17530140876770017,0.10177216678857803,0.045076541435618796,0.19999999999998863,,none,0.05669790027325039,0.0,-0.009999999999999431,-0.0016213588376321653
R01_horizontal_empty,481,97.19999999999662,76.85187326339162,45.72442050813746,18.41407186723143,-4.436427545196285,0.03140935701538629,0.48435604390457865,0.08256350846860491,0.08908929443807413,-0.5899715423583984,0.5243440866470337,0.18176035583019257,-0.5899715423583984,0.5243440866470337,0.18176035583019257,0.5460170745849608,0.1835204303264618,0.04544008895754814,0.045221123252613286,0.19999999999998863,,none,0.05635182344676881,0.0,-0.009999999999999431,-0.0011307001941560956
R01_horizontal_empty,482,97.39999999999661,76.82411747938656,45.81952176898568,18.410142783751905,-4.420846491279669,0.046972074954770966,0.5061062772443873,0.07390000052226932,0.06811845974581868,-0.5287602543830872,0.16070428490638733,0.10154601186513901,-0.5287602543830872,0.16070428490638733,0.10154601186513901,0.5827438473701476,0.05624649971723556,0.025386502966284752,0.04303155248235867,0.19999999999998863,,none,0.05587985384562444,0.0,-0.009999999999999431,-0.0028483013632663403
R01_horizontal_empty,483,97.5999999999966,76.79433405558257,45.91695807554363,18.40468431163013,-4.413117420294953,0.05974482696775531,0.5138649208872835,0.008332538269902564,0.06020546399774305,-0.5979954600334167,-0.3579237163066864,0.17632508277893066,-0.5979954600334167,-0.3579237163066864,0.17632508277893066,0.54120272397995,-0.12527330070734025,0.044081270694732666,0.03916794824067698,0.19999999999998863,,none,0.054755156776485236,0.0,-0.009999999999999431,-0.005587208535808827
R01_horizontal_empty,484,97.79999999999659,76.76407256405504,46.01568372327506,18.39787876082882,-4.4196710848141585,0.0718911766532972,0.5206579445619098,-0.06810785979968934,0.06118426080337896,-0.5923444032669067,-0.6396266222000122,0.25271496176719666,-0.5923444032669067,-0.6396266222000122,0.25271496176719666,0.5445933580398559,-0.22386931777000427,0.06317874044179916,0.04193866823851476,0.19999999999998863,,none,0.053643145743377474,0.0,-0.009999999999999431,-0.0017044775048632842
R01_horizontal_empty,485,97.99999999999658,76.73489635977096,46.11555494328462,18.389751327814277,-4.438445532564703,0.08394654510955409,0.5228843916000256,-0.11602508931004385,0.05949662138212953,-0.6154510974884033,-0.6104723215103149,0.22423097491264343,-0.6154510974884033,-0.6104723215103149,0.22423097491264343,0.530729341506958,-0.2136653125286102,0.05605774372816086,0.04323028197540893,0.19999999999998863,,none,0.05327418657688199,0.0,-0.009999999999999431,-4.390460147362774e-05
R01_horizontal_empty,486,98.19999999999656,76.70801265807847,46.215801184514376,18.3803774676575,-4.462709952785283,0.09640255734052068,0.5194178756518832,-0.12587660291570615,0.06467333154696633,-0.6546608209609985,-0.41700252890586853,0.3008873462677002,-0.6546608209609985,-0.41700252890586853,0.3008873462677002,0.5072035074234009,-0.14595088511705398,0.07522183656692505,0.042168096387092076,0.19999999999998863,,none,0.053064979633782094,0.0,-0.009999999999999431,-0.0008968832466905852
R01_horizontal_empty,487,98.39999999999655,76.68384760605534,46.31530827646838,18.369751730594125,-4.4844598948211125,0.11101713027338,0.5105192359768691,-0.09402358400332016,0.08029499108304973,-0.7013922929763794,-0.0831918939948082,0.44850805401802063,-0.7013922929763794,-0.0831918939948082,0.44850805401802063,0.4791646242141724,-0.029117162898182867,0.11212701350450516,0.03963088723838368,0.19999999999998863,,none,0.05233899211464621,0.0,-0.009999999999999431,-0.002708104876263101
R01_horizontal_empty,488,98.59999999999654,76.66189488794777,46.41304256866101,18.35771339190327,-4.495873775200613,0.12889568310210264,0.49894522314982265,-0.02529528170036078,0.0972152545433413,-0.7363935708999634,0.3278610110282898,0.5267736911773682,-0.7363935708999634,0.3278610110282898,0.5267736911773682,0.458163857460022,0.11475135385990141,0.13169342279434204,0.03704220343577979,0.19999999999998863,,none,0.05056850523866263,0.0,-0.009999999999999431,-0.0035263018028834124
R01_horizontal_empty,489,98.79999999999653,76.64051077137826,46.51002197155985,18.343871391918658,-4.491476336719527,0.1479073518740198,0.503544148209648,0.0635124363993213,0.09320377868144514,-0.6337523460388184,0.7036392688751221,0.3401186168193817,-0.6337523460388184,0.7036392688751221,0.3401186168193817,0.519748592376709,0.2462737441062927,0.08502965420484543,0.03462301085359156,0.19999999999998863,,none,0.04835470359149063,0.0,-0.009999999999999431,-0.003731692737899639
R01_horizontal_empty,490,98.99999999999652,76.61740655700379,46.60895818076926,18.327840958964423,-4.472323233245012,0.1641228073330139,0.5240654390554056,0.12349751448828568,0.07065061133545358,-0.5060453414916992,0.7020806074142456,0.09877743571996689,-0.5060453414916992,0.7020806074142456,0.09877743571996689,0.5963727951049804,0.24572821259498595,0.024694358929991722,0.03478315916543347,0.19999999999998863,,none,0.046274300648041056,0.0,-0.009999999999999431,-0.0014911414826081614
R01_horizontal_empty,491,99.1999999999965,76.59093631511931,46.71166078136166,18.309560502975906,-4.448416646492563,0.17654220659235736,0.5509284641303115,0.11612408915137892,0.05474238642921824,-0.42403149604797363,0.28885534405708313,0.08930573612451553,-0.42403149604797363,0.28885534405708313,0.08930573612451553,0.6455811023712158,0.10109937041997909,0.022326434031128883,0.030472316451222326,0.19999999999998863,,none,0.04402373849550756,0.0,-0.009999999999999431,-0.0035514220442858014
R01_horizontal_empty,492,99.3999999999965,76.56090439550138,46.818502947366234,18.289144540325207,-4.430209091487476,0.18708001856245732,0.5763436520184804,0.06946794138500068,0.050923558849034184,-0.39017534255981445,-0.07315026968717575,0.1725679636001587,-0.39017534255981445,-0.07315026968717575,0.1725679636001587,0.6658947944641114,-0.02560259439051151,0.04314199090003967,0.028762473338481004,0.19999999999998863,,none,0.041545011379191976,0.0,-0.009999999999999431,-0.002782538040711542
R01_horizontal_empty,493,99.59999999999648,76.52846624936032,46.92838459076132,18.26686219557621,-4.422728489123083,0.1969515534308927,0.5901760422164507,0.009832791944528217,0.04801128809573727,-0.4351418912410736,-0.3190996050834656,0.16830798983573914,-0.4351418912410736,-0.3190996050834656,0.16830798983573914,0.6389148652553558,-0.11168486177921294,0.042076997458934784,0.02761609356307586,0.19999999999998863,,none,0.038866717832248376,0.0,-0.009999999999999431,-0.0012506242691730852
R01_horizontal_empty,494,99.79999999999647,76.49558637002411,47.039304624082746,18.24324586867861,-4.428358104720542,0.2053632037329898,0.590575480562958,-0.060804969782381584,0.036939683347995064,-0.5133618116378784,-0.5849785208702087,0.05751695856451988,-0.5133618116378784,-0.5849785208702087,0.05751695856451988,0.5919829130172729,-0.20474248230457304,0.01437923964112997,0.024452735997827383,0.19999999999998863,,none,0.03623442812616595,0.0,-0.009999999999999431,-0.0017816921283391365
R01_horizontal_empty,495,99.99999999999646,76.46419774632514,47.150215971815406,18.21886129812055,-4.447184509644047,0.21095377846707805,0.587758627796107,-0.12278745103491978,0.02022579233318767,-0.5369443893432617,-0.7116806507110596,-0.055327415466308594,-0.5369443893432617,-0.7116806507110596,-0.055327415466308594,0.5778333663940429,-0.24908822774887082,-0.013831853866577148,0.023853890418026543,0.19999999999998863,,none,0.03444075882658293,0.0,-0.009999999999999431,-0.0005868684085569556
R01_horizontal_empty,496,100.19999999999645,76.43524110303845,47.26292849596955,18.19376935618,-4.476063868727497,0.2130864957412207,0.602075930507538,-0.162977044435326,0.0024417650696389958,-0.4124610722064972,-0.6996307969093323,-0.13518592715263367,-0.4124610722064972,-0.6996307969093323,-0.13518592715263367,0.6525233566761017,-0.24487077891826628,-0.03379648178815842,0.023924309132296814,0.19999999999998863,,none,0.03436468267451165,0.0,-0.009999999999999431,-0.0004403735422154043
R01_horizontal_empty,497,100.39999999999644,76.40942968886503,47.37878154198126,18.16809286653701,-4.511026371899034,0.21266079645010288,0.6119073676960569,-0.1849889470525932,-0.0060581204050273035,-0.4224188029766083,-0.6566922068595886,-0.09351284056901932,-0.4224188029766083,-0.6566922068595886,-0.09351284056901932,0.646548718214035,-0.229842272400856,-0.02337821014225483,0.025429239550240252,0.19999999999998863,,none,0.03550283005149879,0.0,-0.009999999999999431,-7.35905012591076e-05
R01_horizontal_empty,498,100.59999999999643,76.38794688606292,47.49480877932222,18.142659191022418,-4.547589330912061,0.2121461483609423,0.5959933790678841,-0.18094540538743353,0.000423145575673498,-0.6001333594322205,-0.4934455454349518,0.05451969802379608,-0.6001333594322205,-0.4934455454349518,0.05451969802379608,0.5399199843406677,-0.17270594090223312,0.01362992450594902,0.024537957963938303,0.19999999999998863,,none,0.0361408693344325,0.0,-0.009999999999999431,-0.0016029113704947673
R01_horizontal_empty,499,100.79999999999642,76.37122301868415,47.60658813747435,18.118212112524517,-4.578652160320934,0.21480276579353758,0.5620195573261938,-0.13327575688152993,0.024340383155970945,-0.7628136277198792,-0.10325721651315689,0.29230472445487976,-0.7628136277198792,-0.10325721651315689,0.29230472445487976,0.4423118233680725,-0.03614002577960491,0.07307618111371994,0.020531109825178924,0.19999999999998863,,none,0.03523618023541353,0.0,-0.009999999999999431,-0.004705070410235172
R01_horizontal_empty,500,100.9999999999964,76.35804112266084,47.712711992345895,18.094496158160116,-4.595545439942049,0.22284328167311984,0.53465830226012,-0.04024372104491197,0.053841288233049074,-0.7695831060409546,0.4414375424385071,0.45581936836242676,-0.7695831060409546,0.4414375424385071,0.45581936836242676,0.4382501363754272,0.15450313985347747,0.11395484209060669,0.016480615025571098,0.19999999999998863,,none,0.032950119926337784,0.0,-0.009999999999999431,-0.006469504900767254
R01_horizontal_empty,501,101.1999999999964,76.34609051583702,47.81532422400128,18.070475227228687,-4.593599479435031,0.2343798391091702,0.5263556508509964,0.0583050581630539,0.060985803032045156,-0.6714982986450195,0.8075376152992249,0.302176296710968,-0.6714982986450195,0.8075376152992249,0.302176296710968,0.49710102081298824,0.2826381653547287,0.075544074177742,0.01646599370446438,0.19999999999998863,,none,0.02981111542960413,0.0,-0.009999999999999431,-0.0033451217251403167
R01_horizontal_empty,502,101.39999999999638,76.33300694830497,47.91848511168608,18.04504009716447,-4.577332411093487,0.24467479076919785,0.5433856165353839,0.10113734937837353,0.04329692669107862,-0.49434801936149597,0.5383316278457642,0.029010269790887833,-0.49434801936149597,0.5383316278457642,0.029010269790887833,0.6033911883831025,0.18841606974601743,0.007252567447721958,0.012768579498239006,0.19999999999998863,,none,0.02633805476612494,0.0,-0.009999999999999431,-0.0035694752678865037
R01_horizontal_empty,503,101.59999999999637,76.31745228774174,48.02556019479191,18.017581747857577,-4.56010999065422,0.25177813808885247,0.571589124378526,0.07319302287302028,0.02882713663750349,-0.381725013256073,0.0464322455227375,-0.0026309541426599026,-0.381725013256073,0.0464322455227375,-0.0026309541426599026,0.6709649920463562,0.016251285932958125,-0.0006577385356649756,0.0077347220961102294,0.19999999999998863,,none,0.022847724313829865,0.0,-0.009999999999999431,-0.005113002217720204
R01_horizontal_empty,504,101.79999999999636,76.29967082594808,48.13740164172265,17.988104287041857,-4.551500446894155,0.25743217652366596,0.5973979816237965,0.01712804042014607,0.027791317542944886,-0.35277295112609863,-0.2774706780910492,0.10272257775068283,-0.35277295112609863,-0.2774706780910492,0.10272257775068283,0.6883362293243408,-0.0971147373318672,0.025680644437670708,0.007177001956764696,0.19999999999998863,,none,0.019514015806954887,0.0,-0.009999999999999431,-0.0023370138501907604
R01_horizontal_empty,505,101.99999999999635,76.28127539926972,48.25114531764195,17.957452558747008,-4.555046083712307,0.26235163049516247,0.5950059474651753,-0.04769842843431848,0.021850948621563043,-0.5223707556724548,-0.513698160648346,0.03898539021611214,-0.5223707556724548,-0.513698160648346,0.03898539021611214,0.586577546596527,-0.17979435622692108,0.009746347554028034,0.004544653677742682,0.19999999999998863,,none,0.016317239035684494,0.0,-0.009999999999999431,-0.0017725853579423803
R01_horizontal_empty,506,102.19999999999634,76.26424956077499,48.36300290758716,17.926834191674455,-4.569377468183899,0.2659496966352349,0.5779610995030147,-0.09225702828080731,0.014670875881630394,-0.6368281841278076,-0.5230097770690918,0.00016059540212154388,-0.6368281841278076,-0.5230097770690918,0.00016059540212154388,0.5179030895233154,-0.18305342197418212,4.014885053038597e-05,0.003432965128917243,0.19999999999998863,,none,0.01372685660534323,0.0,-0.009999999999999431,-0.0002938914764265555
R01_horizontal_empty,507,102.39999999999633,76.24978221879293,48.47070693569689,17.89704836719193,-4.588864984101721,0.26923144002937877,0.5501577451314046,-0.10189194579551905,0.01790295574158747,-0.7463469505310059,-0.3472139239311218,0.09795566648244858,-0.7463469505310059,-0.3472139239311218,0.09795566648244858,0.4521918296813965,-0.12152487337589263,0.024488916620612144,0.0008047221609683633,0.19999999999998863,,none,0.011853970523019619,0.0,-0.009999999999999431,-0.0010492483620518245
R01_horizontal_empty,508,102.59999999999631,76.23796147180305,48.572973267566944,17.868390915087375,-4.60408974922425,0.27433752014683355,0.5198916096560718,-0.05396775825332781,0.03208866640492471,-0.8112533092498779,0.12481898069381714,0.24397870898246765,-0.8112533092498779,0.12481898069381714,0.24397870898246765,0.4132480144500732,0.043686643242836,0.06099467724561691,-0.004856069444874437,0.19999999999998863,,none,0.010110943102960235,0.0,-0.009999999999999431,-0.0049670125478352405
R01_horizontal_empty,509,102.7999999999963,76.22741898713934,48.67204423001431,17.839971602988854,-4.605050158791145,0.28175817871675835,0.5163220969688102,0.040420193243163385,0.04141499275252865,-0.6604253053665161,0.6894383430480957,0.2416764348745346,-0.6604253053665161,0.6894383430480957,0.2416764348745346,0.5037448167800903,0.24130342006683347,0.06041910871863365,-0.008968489428437825,0.19999999999998863,,none,0.007862498802898799,0.0,-0.009999999999999431,-0.006830988231337192
R01_horizontal_empty,510,102.99999999999629,76.21610579021964,48.77171251121317,17.810533260535383,-4.591971781660582,0.28865313219429434,0.5285017471220722,0.08686316470530188,0.028507389884737878,-0.5476381778717041,0.5185694694519043,0.008823040872812271,-0.5476381778717041,0.5185694694519043,0.008823040872812271,0.5714170932769775,0.1814993143081665,0.0022057602182030678,-0.007383412745923123,0.19999999999998863,,none,0.004539343477889979,0.0,-0.009999999999999431,-0.0019227562238136712
R01_horizontal_empty,511,103.19999999999628,76.20281181226524,48.874582738665815,17.77945998791932,-4.576564436710921,0.29294515947128197,0.5531485317824325,0.06858770852032381,0.015400733443178919,-0.43334636092185974,0.0895659551024437,-0.045226018875837326,-0.43334636092185974,0.0895659551024437,-0.045226018875837326,0.6399921834468841,0.03134808428585529,-0.011306504718959332,-0.013525958104974384,0.19999999999998863,,none,0.00047460060713699903,0.0,-0.009999999999999431,-0.004000558712111953
R01_horizontal_empty,512,103.39999999999627,76.18743398494566,48.98286091707231,17.746306884927943,-4.567913582366561,0.29552991025139713,0.5880078889529631,0.02147195589249028,0.010793985597569567,-0.31527361273765564,-0.2129574567079544,0.0056275371462106705,-0.31527361273765564,-0.2129574567079544,0.0056275371462106705,0.7108358323574067,-0.07453510984778404,0.0014068842865526676,-0.015833536337303354,0.19999999999998863,,none,-0.003672582882958686,0.0,-0.009999999999999431,-0.0021609534543452352
R01_horizontal_empty,513,103.59999999999626,76.17109488689066,49.09560335723068,17.711523210631217,-4.571910396396574,0.29685960171692516,0.6024365797889544,-0.055628987161070745,0.0030840295410319686,-0.41120585799217224,-0.6078183650970459,-0.050505731254816055,-0.41120585799217224,-0.6078183650970459,-0.050505731254816055,0.6532764852046966,-0.21273642778396606,-0.012626432813704014,-0.020644673132920243,0.19999999999998863,,none,-0.007279291603424554,0.0,-0.009999999999999431,-0.0033653815294962587
R01_horizontal_empty,514,103.79999999999625,76.15610364817735,49.20804344858298,17.676833450706873,-4.590470038470529,0.29626549997475654,0.5846244235870149,-0.12475722822830972,-0.008176350517931365,-0.6302286982536316,-0.7589108943939209,-0.12448583543300629,-0.6302286982536316,-0.7589108943939209,-0.12448583543300629,0.521862781047821,-0.26561881303787227,-0.03112145885825157,-0.0207728678681133,0.19999999999998863,,none,-0.009247407612519076,0.0,-0.009999999999999431,-0.001525460255594793
R01_horizontal_empty,515,103.99999999999623,76.14433404900666,49.316014234823164,17.643768138263997,-4.618464860755574,0.2948214069960528,0.5522516200583473,-0.153057964136126,-0.006398570780483228,-0.7696914672851562,-0.602074146270752,-0.01110406219959259,-0.7696914672851562,-0.602074146270752,-0.01110406219959259,0.43818511962890627,-0.21072595119476317,-0.0027760155498981476,-0.020555420056995483,0.19999999999998863,,none,-0.009417358936809173,0.0,-0.009999999999999431,-0.0011380611201868797
R01_horizontal_empty,516,104.19999999999622,76.13617499835627,49.41766008488886,17.612807252967123,-4.6449638529686474,0.29535102905358235,0.5152115015370604,-0.1148143821984496,0.010426670528022696,-0.8588340282440186,-0.1053885892033577,0.1788448542356491,-0.8588340282440186,-0.1053885892033577,0.1788448542356491,0.38469958305358887,-0.03688600622117519,0.04471121355891228,-0.02468177570321119,0.19999999999998863,,none,-0.008867305110640267,0.0,-0.009999999999999431,-0.005814470592571493
R01_horizontal_empty,517,104.39999999999621,76.13049400535975,49.51371750539096,17.583361497949525,-4.658277065164483,0.2992170587917245,0.4921773155049581,-0.02338440780211774,0.02698557952946434,-0.8149738311767578,0.4765236973762512,0.24290968477725983,-0.8149738311767578,0.4765236973762512,0.24290968477725983,0.41101570129394527,0.1667832940816879,0.06072742119431496,-0.025918488210709807,0.19999999999998863,,none,-0.009025489637282114,0.0,-0.009999999999999431,-0.006892998573428263
R01_horizontal_empty,518,104.5999999999962,76.12531318687421,49.608144778632635,17.55392752921933,-4.653529640820853,0.30405487553570393,0.4979907873517047,0.06501911794456852,0.021784587424199742,-0.6358754634857178,0.7046363353729248,0.044746413826942444,-0.6358754634857178,0.7046363353729248,0.044746413826942444,0.5184747219085694,0.24662271738052366,0.011186603456735611,-0.023388579205961192,0.19999999999998863,,none,-0.010920973548419255,0.0,-0.009999999999999431,-0.0024676056575425064
R01_horizontal_empty,519,104.79999999999619,76.11893762908608,49.7045910893817,17.523434958489137,-4.638648164899599,0.30640690538861587,0.5147539317593289,0.08247963929332307,0.0031408892825352704,-0.5436344146728516,0.3373105227947235,-0.13939638435840607,-0.5436344146728516,0.3373105227947235,-0.13939638435840607,0.573819351196289,0.11805868297815322,-0.03484909608960152,-0.028013114542050594,0.19999999999998863,,none,-0.014466209866133894,0.0,-0.009999999999999431,-0.0035469046759172684
R01_horizontal_empty,520,104.99999999999618,76.11074295301168,49.805307509233415,17.491457436128258,-4.624808550353506,0.30629969986381617,0.543770411766059,0.0577782531504695,-0.0036975317646804964,-0.4233153164386749,0.021270306780934334,-0.07052832096815109,-0.4233153164386749,0.021270306780934334,-0.07052832096815109,0.646010810136795,0.007444607373327017,-0.017632080242037773,-0.031172175112878776,0.19999999999998863,,none,-0.0187901568390183,0.0,-0.009999999999999431,-0.002382018273861043
R01_horizontal_empty,521,105.19999999999617,76.10096238792299,49.91189896102712,17.457623609393647,-4.619051711205336,0.30623852453654776,0.5772474275210125,0.0038543877289236132,0.0026103523687123786,-0.341325581073761,-0.30292990803718567,0.06185533478856087,-0.341325581073761,-0.30292990803718567,0.06185533478856087,0.6952046513557434,-0.10602546781301497,0.015463833697140217,-0.03594296061721829,0.19999999999998863,,none,-0.023355890051122152,0.0,-0.009999999999999431,-0.0025870705660967076
R01_horizontal_empty,522,105.39999999999615,76.09085075758782,50.022201257086834,17.42258386976676,-4.625363389872509,0.3063988041946409,0.5841780080622584,-0.06200717877630193,-0.0007539851881545322,-0.4856698215007782,-0.5606065988540649,-0.030437782406806946,-0.4856698215007782,-0.5606065988540649,-0.030437782406806946,0.608598107099533,-0.19621230959892272,-0.0076094456017017365,-0.03880324623028006,0.19999999999998863,,none,-0.026888235105952063,0.0,-0.009999999999999431,-0.001915011124328561
R01_horizontal_empty,523,105.59999999999614,76.08228022033751,50.12969888757556,17.388453516899155,-4.641912674704099,0.30684974963532785,0.5486156022320782,-0.10057854052486116,0.004841692567604192,-0.7944825887680054,-0.5119280815124512,0.06497568637132645,-0.7944825887680054,-0.5119280815124512,0.06497568637132645,0.42331044673919677,-0.1791748285293579,0.01624392159283161,-0.03987258906654925,0.19999999999998863,,none,-0.027735816000507896,0.0,-0.009999999999999431,-0.0021367730660419248
R01_horizontal_empty,524,105.79999999999613,76.0760840189488,50.22994859227124,17.356518349397014,-4.658303457258985,0.3094214605999819,0.5072959415393038,-0.06593999697257004,0.019751651366064018,-0.8971584439277649,0.013264131732285023,0.20053380727767944,-0.8971584439277649,0.013264131732285023,0.20053380727767944,0.36170493364334105,0.004642446106299758,0.05013345181941986,-0.04281898560068947,0.19999999999998863,,none,-0.026724081676102962,0.0,-0.009999999999999431,-0.006094903924587077
R01_horizontal_empty,525,105.99999999999612,76.07125008378625,50.32537729619688,17.325739305931542,-4.661634091411196,0.31410090867588664,0.49704796069368823,0.02890879931923485,0.02653180802253934,-0.7317684888839722,0.6625075340270996,0.1613905280828476,-0.7317684888839722,0.6625075340270996,0.1613905280828476,0.4609389066696167,0.23187763690948485,0.0403476320207119,-0.045809484985716596,0.19999999999998863,,none,-0.026801424406539986,0.0,-0.009999999999999431,-0.009008060579177177
R01_horizontal_empty,526,106.19999999999611,76.0659346422766,50.420294196901054,17.294639961706512,-4.648813444273236,0.3175691668955272,0.5029144884895611,0.09436428295926898,0.009439057229477448,-0.6273577213287354,0.6506912708282471,-0.10156234353780746,-0.6273577213287354,0.6506912708282471,-0.10156234353780746,0.5235853672027588,0.22774194478988646,-0.025390585884451866,-0.04088950986537002,0.19999999999998863,,none,-0.02928580096235045,0.0,-0.009999999999999431,-0.001603708903020139
R01_horizontal_empty,527,106.3999999999961,76.05881810757404,50.51690518638016,17.262781595163748,-4.628477533147291,0.317024228580538,0.5162420816972461,0.10796940808649023,-0.013183383786093968,-0.5613296031951904,0.38769248127937317,-0.23712317645549774,-0.5613296031951904,0.38769248127937317,-0.23712317645549774,0.5632022380828857,0.1356923684477806,-0.059280794113874435,-0.04510284017636946,0.19999999999998863,,none,-0.03326474387417466,0.0,-0.009999999999999431,-0.0018380963021953634
R01_horizontal_empty,528,106.59999999999609,76.04941955778756,50.61666888982042,17.230059297243635,-4.609460666236614,0.31418363612125977,0.5369271762583339,0.0840054294915091,-0.01507962112877554,-0.4836471676826477,0.1004982516169548,-0.07577422261238098,-0.4836471676826477,0.1004982516169548,-0.07577422261238098,0.6098116993904114,0.035174388065934176,-0.018943555653095245,-0.0502118516196011,0.19999999999998863,,none,-0.0379208801947053,0.0,-0.009999999999999431,-0.00229097142489637
R01_horizontal_empty,529,106.79999999999607,76.03793013047867,50.72048227185561,17.196242423255917,-4.596191686973244,0.3125426135548676,0.5598535823409136,0.05115993288753428,-0.002294240490267335,-0.4322742819786072,-0.04505384340882301,0.09503335505723953,-0.4322742819786072,-0.04505384340882301,0.09503335505723953,0.6406354308128357,-0.015768845193088053,0.023758338764309883,-0.053860824725925925,0.19999999999998863,,none,-0.04280082843910016,0.0,-0.009999999999999431,-0.0010599962868263382
R01_horizontal_empty,530,106.99999999999606,76.025014445314,50.82677925540607,17.16162120896346,-4.587212467946841,0.31331911232861437,0.5652614190914865,0.03951029243261576,0.009193402912442203,-0.5261398553848267,0.0450628399848938,0.13040640950202942,-0.5261398553848267,0.0450628399848938,0.13040640950202942,0.584316086769104,0.015771993994712828,0.032601602375507355,-0.0572483110281207,0.19999999999998863,,none,-0.04688465071857095,0.0,-0.009999999999999431,-0.0003636603095503169
R01_horizontal_empty,531,107.19999999999605,76.0111025201908,50.932748053414116,17.126843180518907,-4.574935634715796,0.31625116833893296,0.558981811737767,0.08019186404578313,0.019360836292424525,-0.6052409410476685,0.46596598625183105,0.16031545400619507,-0.6052409410476685,0.46596598625183105,0.16031545400619507,0.5368554353713989,0.16308809518814085,0.04007886350154877,-0.06348642073258512,0.19999999999998863,,none,-0.049800200907913705,0.0,-0.009999999999999431,-0.0036862198246719836
R01_horizontal_empty,532,107.39999999999604,75.99575864633944,51.036159613057855,17.092434665023386,-4.553100184965237,0.3194391960088989,0.5424224036233521,0.1340995997604227,0.012998937614420314,-0.6932085752487183,0.6969902515411377,0.00014156661927700043,-0.6932085752487183,0.6969902515411377,0.00014156661927700043,0.48407485485076907,0.24394658803939817,3.539165481925011e-05,-0.06394080022516174,0.19999999999998863,,none,-0.0522054764247617,0.0,-0.009999999999999431,-0.001735323800400615
R01_horizontal_empty,533,107.59999999999603,75.97806821460033,51.13693546074808,17.058493315886473,-4.522885452148203,0.3206733865530318,0.5359140151781292,0.16566838461082092,0.0003000823521318828,-0.6450307965278625,0.6571303606033325,-0.10230474174022675,-0.6450307965278625,0.6571303606033325,-0.10230474174022675,0.5129815220832825,0.22999562621116637,-0.025576185435056686,-0.06532136866986027,0.19999999999998863,,none,-0.055033265562570044,0.0,-0.009999999999999431,-0.0002881031072907998
R01_horizontal_empty,534,107.79999999999602,75.95712741601315,51.23689659433827,17.02460805177751,-4.4884849841307775,0.31961687057613436,0.5399944969690176,0.177448431737896,-0.010082691017197144,-0.576046347618103,0.5755784511566162,-0.12495805323123932,-0.576046347618103,0.5755784511566162,-0.12495805323123932,0.5543721914291382,0.20145245790481567,-0.03123951330780983,-0.06924871510803554,0.19999999999998863,,none,-0.059010260295090156,0.0,-0.009999999999999431,-0.00023845481294594963
R01_horizontal_empty,535,107.999999999996,75.93224285435564,51.33776106959796,16.990358722878888,-4.452493686575901,0.31708849242229714,0.5533164122355623,0.18211297641581584,-0.014842354042742277,-0.49957239627838135,0.5474795699119568,-0.09816419333219528,-0.49957239627838135,0.5474795699119568,-0.09816419333219528,0.6002565622329712,0.19161784946918486,-0.02454104833304882,-0.0742104819995624,0.19999999999998863,,none,-0.06406336753378294,0.0,-0.009999999999999431,-0.00014711446578002385
R01_horizontal_empty,536,108.199999999996,75.9028673756122,51.44058765979709,16.955439662080266,-4.41585806600611,0.31412404030379726,0.5708804126902814,0.18409392491246554,-0.014804983746772993,-0.44538721442222595,0.5375156402587891,-0.05891533941030502,-0.44538721442222595,0.5375156402587891,-0.05891533941030502,0.6327676713466643,0.18813047409057615,-0.014728834852576256,-0.08002460563995094,0.19999999999998863,,none,-0.0699330899127295,0.0,-0.009999999999999431,-9.151572722199575e-05
R01_horizontal_empty,537,108.39999999999598,75.8686318776565,51.54558619226344,16.919734856077,-4.378565819368403,0.3112865960998628,0.5889965365662235,0.18849670342278738,-0.013656053340517687,-0.41195130348205566,0.5641947984695435,-0.04525958001613617,-0.41195130348205566,0.5641947984695435,-0.04525958001613617,0.6528292179107666,0.1974681794643402,-0.011314895004034042,-0.08622347928899202,0.19999999999998863,,none,-0.07618315494123529,0.0,-0.009999999999999431,-4.0324347757297875e-05
R01_horizontal_empty,538,108.59999999999597,75.82916412743296,51.65270154436853,16.883176131814302,-4.340095786159866,0.30856509520187164,0.6087983982101003,0.19566346855630942,-0.013565760986912517,-0.3690486252307892,0.6007630825042725,-0.053527094423770905,-0.3690486252307892,0.6007630825042725,-0.053527094423770905,0.6785708248615265,0.21026707887649534,-0.013381773605942726,-0.092775090722705,0.19999999999998863,,none,-0.08271016610284843,0.0,-0.009999999999999431,-6.492461985713516e-05
R01_horizontal_empty,539,108.79999999999596,75.78405307859418,51.76176154506861,16.845742912240304,-4.300212527741031,0.30559672351810646,0.6285021297651955,0.20264306263477552,-0.015939078567515697,-0.33678534626960754,0.6196150779724121,-0.08310060948133469,-0.33678534626960754,0.6196150779724121,-0.08310060948133469,0.6979287922382355,0.21686527729034422,-0.02077515237033367,-0.09951102737317871,0.19999999999998863,,none,-0.08946560917927293,0.0,-0.009999999999999431,-4.541819390635471e-05
R01_horizontal_empty,540,108.99999999999595,75.73304864533297,51.8722073947845,16.80759533548549,-4.259385261037758,0.30194474011019967,0.6457142005473903,0.20542028477098603,-0.020255431386378024,-0.3227309584617615,0.6030839681625366,-0.1162031963467598,-0.3227309584617615,0.6030839681625366,-0.1162031963467598,0.7063614249229431,0.21107938885688782,-0.02905079908668995,-0.10610978235402949,0.19999999999998863,,none,-0.0960784506607224,0.0,-0.009999999999999431,-3.133169330765018e-05
R01_horizontal_empty,541,109.19999999999594,75.67618426478207,51.98319823130504,16.76904645964733,-4.218759438748591,0.29746910225144557,0.6590534482580248,0.20115910392632508,-0.024203389069691595,-0.3232422173023224,0.5499318838119507,-0.12899233400821686,-0.3232422173023224,0.5499318838119507,-0.12899233400821686,0.7060546696186065,0.19247615933418272,-0.032248083502054214,-0.11217942096160163,0.19999999999998863,,none,-0.10211964161163145,0.0,-0.009999999999999431,-5.9779349970751074e-05
R01_horizontal_empty,542,109.39999999999593,75.61372034499838,52.0939592320459,16.730407576385613,-4.179471289872084,0.2924273078842249,0.669538795418546,0.1923837820920819,-0.026073596781573595,-0.32252630591392517,0.49857839941978455,-0.11953796446323395,-0.32252630591392517,0.49857839941978455,-0.11953796446323395,0.7064842164516449,0.1745024397969246,-0.029884491115808487,-0.11746325497647143,0.19999999999998863,,none,-0.10740871341663549,0.0,-0.009999999999999431,-5.454155983651177e-05
R01_horizontal_empty,543,109.59999999999592,75.54592637034169,52.2040662759901,16.691847330150825,-4.141956981395637,0.28717515006268995,0.6793813133666128,0.18343385960196482,-0.026421741701686544,-0.30989715456962585,0.4719906747341156,-0.10852460563182831,-0.30989715456962585,0.4719906747341156,-0.10852460563182831,0.7140617072582245,0.16519673615694044,-0.027131151407957077,-0.12214569728133873,0.19999999999998863,,none,-0.11212594334853154,0.0,-0.009999999999999431,-1.9753932807748953e-05
R01_horizontal_empty,544,109.7999999999959,75.47307864134875,52.31321312520493,16.65346641950656,-4.106141649242086,0.28190580034796486,0.6875207495686876,0.17533023339224368,-0.02628226762643104,-0.30633285641670227,0.45376455783843994,-0.10399225354194641,-0.30633285641670227,0.45376455783843994,-0.10399225354194641,0.7162002861499785,0.15881759524345396,-0.025998063385486603,-0.12635363158459706,0.19999999999998863,,none,-0.11634632282911994,0.0,-0.009999999999999431,-7.3087554776885e-06
R01_horizontal_empty,545,109.9999999999959,75.3954895258096,52.42106984591474,16.615362520846563,-4.071697022363536,0.2766638813285589,0.6944251648046177,0.16955157378854846,-0.026147109457986133,-0.3020782172679901,0.4507899582386017,-0.1034867987036705,-0.3020782172679901,0.4507899582386017,-0.1034867987036705,0.7187530696392059,0.15777648538351058,-0.025871699675917625,-0.1300401528402335,0.19999999999998863,,none,-0.12003960872660091,0.0,-0.009999999999999431,-5.441136331729712e-07
R01_horizontal_empty,546,110.19999999999588,75.31327959549697,52.527546801256456,16.577548330964056,-4.038375077083652,0.2713597878508452,0.7025930341588029,0.16408025321893618,-0.026841489775937165,-0.28104540705680847,0.43694692850112915,-0.11302567273378372,-0.28104540705680847,0.43694692850112915,-0.11302567273378372,0.7313727557659149,0.1529314249753952,-0.02825641818344593,-0.13350875088096187,0.19999999999998863,,none,-0.12349425090705335,0.0,-0.009999999999999431,-1.449997390909008e-05
R01_horizontal_empty,547,110.39999999999587,75.22670420159649,52.632407198919125,16.54011150240277,-4.006395047994995,0.2658982766355931,0.7076321780981613,0.1563059853419922,-0.027708291413979312,-0.2910204231739044,0.40132707357406616,-0.11789824068546295,-0.2910204231739044,0.40132707357406616,-0.11789824068546295,0.7253877460956573,0.14046447575092313,-0.029474560171365738,-0.13654935701226104,0.19999999999998863,,none,-0.12652151667366152,0.0,-0.009999999999999431,-2.784033860010138e-05
R01_horizontal_empty,548,110.59999999999586,75.13655182400751,52.73492521999497,16.5033311835572,-3.9761127574327353,0.26044878447960174,0.7063438457204156,0.14720301262735383,-0.026851227197678698,-0.33032605051994324,0.36758291721343994,-0.10041920095682144,-0.33032605051994324,0.36758291721343994,-0.10041920095682144,0.7018043696880341,0.12865402102470397,-0.02510480023920536,-0.13849053489330956,0.19999999999998863,,none,-0.1284307525481223,0.0,-0.009999999999999431,-5.9782345187829876e-05
R01_horizontal_empty,549,110.79999999999585,75.04359337536062,52.834570215370306,16.467392034556482,-3.9475776149583517,0.2553373879202287,0.703175363112788,0.13878302758531663,-0.024444159435272894,-0.34664812684059143,0.3475021421909332,-0.07815725356340408,-0.34664812684059143,0.3475021421909332,-0.07815725356340408,0.6920111238956451,0.12162574976682662,-0.01953931339085102,-0.13938946149311143,0.19999999999998863,,none,-0.12936615665305862,0.0,-0.009999999999999431,-2.330484005337752e-05
R01_horizontal_empty,550,110.99999999999584,74.94824179071027,52.93125029997579,16.432285016193703,-3.9204404985528964,0.25074754874372734,0.6995826764941092,0.1330223216909102,-0.02166378922731648,-0.35512709617614746,0.3465251922607422,-0.06399308145046234,-0.35512709617614746,0.3465251922607422,-0.06399308145046234,0.6869237422943115,0.12128381729125975,-0.015998270362615585,-0.13989014788911094,0.19999999999998863,,none,-0.12988467846663543,0.0,-0.009999999999999431,-5.469422476088725e-06
R01_horizontal_empty,551,111.19999999999582,74.85060476732505,53.025108452105776,16.397896006701522,-3.894201423880907,0.24664184990205526,0.6978518669535985,0.12962451797757726,-0.019552339458453503,-0.3470778167247772,0.35057389736175537,-0.06099947914481163,-0.3470778167247772,0.35057389736175537,-0.06099947914481163,0.6917533099651336,0.12270086407661437,-0.015249869786202908,-0.14037976022371035,0.19999999999998863,,none,-0.13037795733236202,0.0,-0.009999999999999431,-1.802891348912372e-06
R01_horizontal_empty,552,111.39999999999581,74.75059510366482,53.11637992323047,16.36408181772764,-3.8685927569688694,0.24286015670942113,0.6977452867508672,0.126683793931906,-0.018354847599428403,-0.33771708607673645,0.3448329269886017,-0.0636589452624321,-0.33771708607673645,0.3448329269886017,-0.0636589452624321,0.697369748353958,0.12069152444601058,-0.015914736315608025,-0.14105946533229918,0.19999999999998863,,none,-0.13105691223671734,0.0,-0.009999999999999431,-2.5530955824273896e-06
R01_horizontal_empty,553,111.5999999999958,74.64821237064797,53.20517901432024,16.330764337022153,-3.8436774529507782,0.2392705276462498,0.6979002052872955,0.12276463389758452,-0.017598452628689167,-0.3359232246875763,0.32793891429901123,-0.06422863155603409,-0.3359232246875763,0.32793891429901123,-0.06422863155603409,0.6984460651874542,0.11477862000465393,-0.016057157889008522,-0.14178773934780411,0.19999999999998863,,none,-0.13178196034488643,0.0,-0.009999999999999431,-5.779002918253618e-06
R01_horizontal_empty,554,111.79999999999579,74.54363243823529,53.29148991670231,16.297934242666443,-3.8196674009141,0.23583715940474093,0.6973050126275221,0.1177163744973854,-0.016795731027520744,-0.341320276260376,0.3069417476654053,-0.06064014881849289,-0.341320276260376,0.3069417476654053,-0.06064014881849289,0.6952078342437744,0.10742961168289183,-0.015160037204623222,-0.1423479761572004,0.19999999999998863,,none,-0.13233831842958743,0.0,-0.009999999999999431,-9.65772761353012e-06
R01_horizontal_empty,555,111.99999999999578,74.4372267054615,53.37518493054208,16.265633066358657,-3.7966977451847246,0.23265829337915694,0.6946246677579276,0.11238221886425001,-0.015119283329489785,-0.3580326735973358,0.2900368273258209,-0.04681284353137016,-0.3580326735973358,0.2900368273258209,-0.04681284353137016,0.6851803958415985,0.10151288956403731,-0.01170321088284254,-0.14252645332798142,0.19999999999998863,,none,-0.1325113278294232,0.0,-0.009999999999999431,-1.5125498558788142e-05
R01_horizontal_empty,556,112.19999999999577,74.32942111491099,53.4561249855146,16.233892103835423,-3.7746361850992014,0.22990717335562738,0.690541427054706,0.108524164124799,-0.012583071548085675,-0.3730766475200653,0.2876076102256775,-0.029660282656550407,-0.3730766475200653,0.2876076102256775,-0.029660282656550407,0.6761540114879607,0.10066266357898712,-0.007415070664137602,-0.14227467801564678,0.19999999999998863,,none,-0.13226414936381392,0.0,-0.009999999999999431,-1.0528651833435835e-05
R01_horizontal_empty,557,112.39999999999576,74.22033987320418,53.534365239913406,16.202638970037015,-3.75300333102942,0.22766098255985479,0.6879034032057977,0.1078548247749089,-0.010068369835013788,-0.36898624897003174,0.3042597770690918,-0.01977679878473282,-0.36898624897003174,0.3042597770690918,-0.01977679878473282,0.6786082506179809,0.10649092197418213,-0.004944199696183205,-0.14197078363091808,0.19999999999998863,,none,-0.1319629494454322,0.0,-0.009999999999999431,-7.834185486470038e-06
R01_horizontal_empty,558,112.59999999999575,74.10974938623099,53.61011982712101,16.171717356518958,-3.731320583066734,0.2258041578772654,0.6878124981962621,0.10889430879376703,-0.008609808933260623,-0.3541796803474426,0.3171784281730652,-0.022550884634256363,-0.3541796803474426,0.3171784281730652,-0.022550884634256363,0.6874921917915344,0.1110124498605728,-0.005637721158564091,-0.14199939307558487,0.19999999999998863,,none,-0.131991516644125,0.0,-0.009999999999999431,-7.876431460443201e-06
R01_horizontal_empty,559,112.79999999999573,73.99734089994152,53.683576156374485,16.140988862767927,-3.709486697448894,0.22413210266211028,0.6896501616036413,0.10940598246718151,-0.008145721550278325,-0.33979129791259766,0.3155674636363983,-0.028800230473279953,-0.33979129791259766,0.3155674636363983,-0.028800230473279953,0.6961252212524414,0.1104486122727394,-0.007200057618319988,-0.14239507620716704,0.19999999999998863,,none,-0.1323901027055827,0.0,-0.009999999999999431,-4.973501584909501e-06
R01_horizontal_empty,560,112.99999999999572,73.88293263363137,53.754821951824084,16.110378491957235,-3.6876708968045726,0.22252391516088932,0.6923545795557738,0.10879785837523308,-0.007950841592067827,-0.3301938772201538,0.307310551404953,-0.030214950442314148,-0.3301938772201538,0.307310551404953,-0.030214950442314148,0.7018836736679077,0.10755869299173354,-0.007553737610578537,-0.14299570944808124,0.19999999999998863,,none,-0.13299246367775908,0.0,-0.009999999999999431,-3.2457703227264934e-06
R01_horizontal_empty,561,113.19999999999571,73.76637063263757,53.82393926329007,16.07982659426638,-3.6660465512744813,0.22097502488038878,0.6966170939819314,0.10754037372259752,-0.007566992010437829,-0.3139396905899048,0.2999371886253357,-0.02713930979371071,-0.3139396905899048,0.2999371886253357,-0.02713930979371071,0.7116361856460571,0.10497801601886748,-0.006784827448427677,-0.14377854836651704,0.19999999999998863,,none,-0.13377198787397582,0.0,-0.009999999999999431,-6.560492541803076e-06
R01_horizontal_empty,562,113.3999999999957,73.64716474182715,53.89120258648753,16.049187487585133,-3.644688647105135,0.21945714916634645,0.705594573769002,0.10614391896438051,-0.007608627088255046,-0.27128836512565613,0.29513823986053467,-0.030773865059018135,-0.27128836512565613,0.29513823986053467,-0.030773865059018135,0.7372269809246064,0.10329838395118712,-0.007693466264754534,-0.14515204390305445,0.19999999999998863,,none,-0.13511493639375338,0.0,-0.009999999999999431,-3.7107509301620506e-05
R01_horizontal_empty,563,113.59999999999569,73.52458542464714,53.95698450983799,16.01827176635093,-3.6237177048975977,0.21787462427848056,0.7188903123317166,0.10374621816117433,-0.008174008884126109,-0.22376962006092072,0.28245845437049866,-0.037304315716028214,-0.22376962006092072,0.28245845437049866,-0.037304315716028214,0.7657382279634475,0.09886045902967452,-0.009326078929007053,-0.1473224767937138,0.19999999999998863,,none,-0.13727324769614668,0.0,-0.009999999999999431,-4.922909756768575e-05
R01_horizontal_empty,564,113.79999999999568,73.39810224907995,54.02152643898138,15.986949672746377,-3.6033458680278385,0.21637945022752997,0.7345194913845206,0.1002366659827061,-0.0068755933859417535,-0.18401774764060974,0.2659580111503601,-0.016919326037168503,-0.18401774764060974,0.2659580111503601,-0.016919326037168503,0.7895893514156341,0.09308530390262604,-0.004229831509292126,-0.15005998062375253,0.19999999999998863,,none,-0.14001462014792132,0.0,-0.009999999999999431,-4.536047583177827e-05
R01_horizontal_empty,565,113.99999999999567,73.26715041445966,54.0850679455561,15.955043067007221,-3.5835231908630183,0.21531899977041227,0.7546535007771367,0.09814756174843238,-0.003949454675548813,-0.1240062341094017,0.2682589292526245,0.008052377961575985,-0.1240062341094017,0.2682589292526245,0.008052377961575985,0.8255962595343589,0.09389062523841857,0.0020130944903939962,-0.15347650403811086,0.19999999999998863,,none,-0.143391898798491,0.0,-0.009999999999999431,-8.46052396204121e-05
R01_horizontal_empty,566,114.19999999999565,73.13097345671804,54.147871561358805,15.922293169173269,-3.5640609960680583,0.21479698701106684,0.7791740403465449,0.09659165510586212,-0.0014584223762037739,-0.057378560304641724,0.26691773533821106,0.01447006780654192,-0.057378560304641724,0.26691773533821106,0.01447006780654192,0.8655728638172149,0.09342120736837387,0.00361751695163548,-0.15769299509160506,0.19999999999998863,,none,-0.1476033504423917,0.0,-0.009999999999999431,-8.964464921391476e-05
R01_horizontal_empty,567,114.39999999999564,72.98913152846333,54.210007668821675,15.888520200805658,-3.5451229494340475,0.21474532088586296,0.8045999274695216,0.09305534353940569,0.0007735379567773967,-0.009685385040938854,0.24528415501117706,0.02128628082573414,-0.009685385040938854,0.24528415501117706,0.02128628082573414,0.8941887689754366,0.08584945425391197,0.005321570206433535,-0.16234394465125138,0.19999999999998863,,none,-0.15228816242076348,0.0,-0.009999999999999431,-5.5782230488470346e-05
R01_horizontal_empty,568,114.59999999999563,72.84179206775053,54.27129962522533,15.853676842237983,-3.5266091029631843,0.21534396410836498,0.8277243594326298,0.09215126192866593,0.00490175031622337,0.015339929610490799,0.25802579522132874,0.05325498804450035,0.015339929610490799,0.25802579522132874,0.05325498804450035,0.9092039577662945,0.09030902832746505,0.013313747011125088,-0.16684727768501945,0.19999999999998863,,none,-0.15681106540482226,0.0,-0.009999999999999431,-3.621228019774417e-05
R01_horizontal_empty,569,114.79999999999562,72.6892799670354,54.33144407273121,15.817716324965893,-3.5077794518722194,0.21659668429989945,0.8496708189587276,0.09586531990374941,0.007434553837864235,0.04499966278672218,0.295524001121521,0.05038243904709816,0.04499966278672218,0.295524001121521,0.05038243904709816,0.9269997976720332,0.10343340039253235,0.01259560976177454,-0.17103831581791085,0.19999999999998863,,none,-0.1609924344828002,0.0,-0.009999999999999431,-4.588133511121862e-05
R01_horizontal_empty,570,114.99999999999561,72.53187494320123,54.39004299070358,15.780631615553583,-3.4880507991966723,0.21797275960052093,0.8694649743928451,0.10103180791622648,0.006403881117695292,0.06535041332244873,0.3187413811683655,0.017214778810739517,0.06535041332244873,0.3187413811683655,0.017214778810739517,0.9392102479934692,0.1115594834089279,0.004303694702684879,-0.17484686365400978,0.19999999999998863,,none,-0.16480579778462712,0.0,-0.009999999999999431,-4.1065869383230256e-05
R01_horizontal_empty,571,115.1999999999956,72.370076499487,54.446601484125296,15.742567543781659,-3.4677144750397373,0.21898950746320725,0.8855520554124555,0.10224034596843701,0.003948648723527261,0.07039224356412888,0.29915133118629456,-0.004217366687953472,0.07039224356412888,0.29915133118629456,-0.004217366687953472,0.9422353461384774,0.10470296591520309,-0.001054341671988368,-0.17798882789556286,0.19999999999998863,,none,-0.16797145735614016,0.0,-0.009999999999999431,-1.737053942326207e-05
R01_horizontal_empty,572,115.39999999999559,72.20462804773429,54.50069071516866,15.703758003320724,-3.4475579193089216,0.21972597664798318,0.8973173562070685,0.09952952621003026,0.003453372187142473,0.0646212175488472,0.26858779788017273,0.009776618331670761,0.0646212175488472,0.26858779788017273,0.009776618331670761,0.9387727305293083,0.09400572925806044,0.0024441545829176903,-0.1803154708594631,0.19999999999998863,,none,-0.1702922055409406,0.0,-0.009999999999999431,-2.3265318523058872e-05
R01_horizontal_empty,573,115.59999999999557,72.03632422915798,54.552034907472375,15.664382055451508,-3.4279643513497167,0.2206446701771996,0.9054578280565841,0.09662506317370029,0.00557374993307282,0.05690168961882591,0.25916194915771484,0.03957764804363251,0.05690168961882591,0.25916194915771484,0.03957764804363251,0.9341410137712955,0.09070668220520019,0.009894412010908127,-0.1818404709262173,0.19999999999998863,,none,-0.17181974014406798,0.0,-0.009999999999999431,-2.0730782149885328e-05
R01_horizontal_empty,574,115.79999999999556,71.8657361570556,54.60047495661747,15.62448311908329,-3.4085695417615716,0.22207977476005408,0.9119175784244707,0.09727411367895927,0.008552766959003748,0.05779782310128212,0.28170478343963623,0.058492261916399,0.05779782310128212,0.28170478343963623,0.058492261916399,0.9346786938607692,0.09859667420387268,0.01462306547909975,-0.18285396828433506,0.19999999999998863,,none,-0.1728366333833229,0.0,-0.009999999999999431,-1.7334901012728e-05
R01_horizontal_empty,575,115.99999999999555,71.69302269033406,54.645884705312106,15.58398724108133,-3.388691597447113,0.22394821369504073,0.9189504674083636,0.10120877358920333,0.010020964159292454,0.07288508862257004,0.31207534670829773,0.05205075070261955,0.07288508862257004,0.31207534670829773,0.05205075070261955,0.9437310531735419,0.1092263713479042,0.013012687675654888,-0.18375375430274166,0.19999999999998863,,none,-0.17372992450752456,0.0,-0.009999999999999431,-2.3829795217657215e-05
R01_horizontal_empty,576,116.19999999999554,71.51809780595087,54.6881005220111,15.542814416506621,-3.3679676194888484,0.22588554361182567,0.9266863013641489,0.1056930271644048,0.00939919763948807,0.0899062231183052,0.3280872106552124,0.03252893313765526,0.0899062231183052,0.3280872106552124,0.03252893313765526,0.9539437338709831,0.11483052372932433,0.008132233284413815,-0.1846993647073156,0.19999999999998863,,none,-0.17468082070396385,0.0,-0.009999999999999431,-1.85440033523232e-05
R01_horizontal_empty,577,116.39999999999553,71.34096777132491,54.726908141665625,15.500972596146228,-3.3464903489550935,0.2276053369843853,0.9339658278941981,0.10884231583837299,0.007910908639477464,0.09935908019542694,0.3293130695819855,0.019512977451086044,0.09935908019542694,0.3293130695819855,0.019512977451086044,0.9596154481172561,0.11525957435369491,0.004878244362771511,-0.18556668383039174,0.19999999999998863,,none,-0.17556147834360303,0.0,-0.009999999999999431,-5.205486789271463e-06
R01_horizontal_empty,578,116.59999999999552,71.1618757535133,54.76207873363179,15.458553481483063,-3.3244488596608357,0.22906939477361582,0.9395783124163325,0.11138121956930759,0.006812459519086649,0.09892343729734421,0.3330134451389313,0.01829666458070278,0.09892343729734421,0.3330134451389313,0.01829666458070278,0.9593540623784065,0.11655470579862594,0.004574166145175695,-0.18614657024424466,0.19999999999998863,,none,-0.17614626300462533,0.0,-0.009999999999999431,-3.072396199150368e-07
R01_horizontal_empty,579,116.7999999999955,70.9811832955412,54.793385871726606,15.415671951405633,-3.301703939737936,0.23028125349987877,0.9435837126445573,0.11573949576373871,0.005411702964095797,0.09616142511367798,0.3560579717159271,0.010229608975350857,0.09616142511367798,0.3560579717159271,0.010229608975350857,0.9576968550682068,0.12462029010057449,0.002557402243837714,-0.18634671224904112,0.19999999999998863,,none,-0.1763346371229897,0.0,-0.009999999999999431,-1.2075126052008574e-05
R01_horizontal_empty,580,116.9999999999955,70.7990821241752,54.82058721277478,15.372424271857048,-3.277782597302519,0.2309843030842469,0.9475930126166024,0.12293184054263956,0.0018846289491753123,0.10286649316549301,0.3931073546409607,-0.021209748461842537,0.10286649316549301,0.3931073546409607,-0.021209748461842537,0.9617198958992959,0.13758757412433623,-0.005302437115460634,-0.18631494117134334,0.19999999999998863,,none,-0.17626682021316853,0.0,-0.009999999999999431,-4.8120958175376946e-05
R01_horizontal_empty,581,117.19999999999548,70.61551715309648,54.843390149767544,15.328930714600244,-3.252282174553752,0.23061548466563817,0.9524294752512039,0.13143174773255964,-0.00505013871146911,0.11578481644392014,0.42500537633895874,-0.07672404497861862,0.11578481644392014,0.42500537633895874,-0.07672404497861862,0.969470889866352,0.14875188171863554,-0.019181011244654655,-0.18620256137756552,0.19999999999998863,,none,-0.17611723729791962,0.0,-0.009999999999999431,-8.532407964648888e-05
R01_horizontal_empty,582,117.39999999999547,70.43019879049466,54.861504427195655,15.285363545906211,-3.2257105525063463,0.22876866318835404,0.9595893249662086,0.13408453201337417,-0.012831587184465447,0.14136210083961487,0.3985430598258972,-0.11475091427564621,0.14136210083961487,0.3985430598258972,-0.11475091427564621,0.9848172605037688,0.13949007093906401,-0.028687728568911552,-0.18612297861183685,0.19999999999998863,,none,-0.17606696872262084,0.0,-0.009999999999999431,-5.6009889216578346e-05
R01_horizontal_empty,583,117.59999999999546,70.24307334905924,54.874782057427325,15.241953003926394,-3.1993309349003045,0.2259309897885696,0.9657043073913811,0.13001812939044025,-0.015354959856589622,0.1454177051782608,0.3478059470653534,-0.08198719471693039,0.1454177051782608,0.3478059470653534,-0.08198719471693039,0.9872506231069564,0.12173208147287368,-0.020496798679232597,-0.18604486242377585,0.19999999999998863,,none,-0.17597157914663342,0.0,-0.009999999999999431,-7.32832771429992e-05
R01_horizontal_empty,584,117.79999999999545,70.05489124556111,54.88323586539008,15.198932236018686,-3.1738193244221478,0.22326148623187414,0.9665246911559755,0.12544281731245296,-0.011621469415333102,0.11569222807884216,0.33177077770233154,-0.016055166721343994,0.11569222807884216,0.33177077770233154,-0.016055166721343994,0.9694153368473053,0.11611977219581603,-0.0040137916803359985,-0.18535089973641006,0.19999999999998863,,none,-0.17524114447719263,0.0,-0.009999999999999431,-0.00010975525921799289
R01_horizontal_empty,585,117.99999999999544,69.86676753328602,54.886915354450885,15.156397512783249,-3.14832126405556,0.22159766468745937,0.9627729017926742,0.12925077968817875,-0.005479655422045945,0.08258894085884094,0.391457736492157,0.02814170904457569,0.08258894085884094,0.391457736492157,0.02814170904457569,0.9495533645153045,0.13701020777225492,0.007035427261143923,-0.18376807369006698,0.19999999999998863,,none,-0.17363583920003123,0.0,-0.009999999999999431,-0.00013223449003632712
R01_horizontal_empty,586,118.19999999999543,69.67910384711891,54.88566348223309,15.114215916430814,-3.1209993086217955,0.22061512804208055,0.9608700007067786,0.14293722529934122,-0.004425186503908881,0.0902751237154007,0.4880739748477936,-0.009106043726205826,0.0902751237154007,0.4880739748477936,-0.009106043726205826,0.9541650742292405,0.17082589119672775,-0.0022765109315514565,-0.18195835191528845,0.19999999999998863,,none,-0.1717427285151416,0.0,-0.009999999999999431,-0.0002156234001474184
R01_horizontal_empty,587,118.39999999999542,69.49123675503287,54.87901459954123,15.072199739743738,-3.090939936996335,0.2188520317880193,0.9652201931620314,0.15662485254516972,-0.012590365347266834,0.1342470347881317,0.5271883606910706,-0.11691371351480484,0.1342470347881317,0.5271883606910706,-0.11691371351480484,0.9805482208728791,0.18451592624187468,-0.02922842837870121,-0.18065289795777664,0.19999999999998863,,none,-0.17035117880160655,0.0,-0.009999999999999431,-0.00030171915617065035
R01_horizontal_empty,588,118.5999999999954,69.30222990663223,54.86643085280316,15.030392646609506,-3.0591844814037388,0.21517619712672048,0.9742675020697793,0.16062798659847288,-0.02335653363252978,0.1769099235534668,0.4822431802749634,-0.18117837607860565,0.1769099235534668,0.4822431802749634,-0.18117837607860565,1.00614595413208,0.16878511309623717,-0.04529459401965141,-0.1797534018566935,0.19999999999998863,,none,-0.1695939990931965,0.0,-0.009999999999999431,-0.0001594027634975792
R01_horizontal_empty,589,118.79999999999539,69.11197878321327,54.84765687534442,14.98909469451989,-3.027458990826797,0.21021690955763803,0.9813252030632721,0.15690734449488156,-0.02603450311773983,0.17698869109153748,0.42664527893066406,-0.1259654462337494,0.17698869109153748,0.42664527893066406,-0.1259654462337494,1.0061932146549224,0.14932584762573242,-0.03149136155843735,-0.17893066545013253,0.19999999999998863,,none,-0.16880787344092774,0.0,-0.009999999999999431,-0.00012279200920537026
R01_horizontal_empty,590,118.99999999999538,68.92167486121313,54.822797481839736,14.948628072783258,-2.995860616803431,0.2055798365656548,0.9802078908897534,0.15892437208291477,-0.02073560547056536,0.12711834907531738,0.46581268310546875,-0.03975248336791992,0.12711834907531738,0.46581268310546875,-0.03975248336791992,0.9762710094451903,0.16303443908691406,-0.00993812084197998,-0.17726365269615751,0.19999999999998863,,none,-0.16703457646558384,0.0,-0.009999999999999431,-0.0002290762305742433
R01_horizontal_empty,591,119.19999999999537,68.73233596962696,54.791852072555535,14.909013161203301,-2.962894132713195,0.2017742246733588,0.9789176266952271,0.16991230663147813,-0.017559869150043702,0.1239522397518158,0.549435019493103,-0.0443548746407032,0.1239522397518158,0.549435019493103,-0.0443548746407032,0.9743713438510895,0.19230225682258606,-0.0110887186601758,-0.1746247316375109,0.19999999999998863,,none,-0.1644842536095794,0.0,-0.009999999999999431,-0.00014047802793205639
R01_horizontal_empty,592,119.39999999999536,68.54359130665878,54.754344012652844,14.870023153268974,-2.9274926421191103,0.19789620107888495,0.9843759035328153,0.18310803536037717,-0.02096381119888139,0.17268049716949463,0.5999907851219177,-0.1115998923778534,0.17268049716949463,0.5999907851219177,-0.1115998923778534,1.0036082983016967,0.2099967747926712,-0.02789997309446335,-0.17244477393694846,0.19999999999998863,,none,-0.16225572951855405,0.0,-0.009999999999999431,-0.00018904441839497717
R01_horizontal_empty,593,119.59999999999535,68.35440436514321,54.709487441963084,14.831492773855487,-2.88979013284074,0.19317581759338875,0.9972559553832162,0.19315947871006942,-0.025870226442149154,0.23773197829723358,0.610403299331665,-0.143471822142601,0.23773197829723358,0.610403299331665,-0.143471822142601,1.04263918697834,0.21364115476608275,-0.03586795553565025,-0.17091740991781718,0.19999999999998863,,none,-0.16081029120669754,0.0,-0.009999999999999431,-0.00010711871112019544
R01_horizontal_empty,594,119.79999999999534,68.164154060158,54.65655187695187,14.79341114337983,-2.850520882989909,0.18772066674193666,1.0132677504756789,0.199086313423844,-0.02848426185214856,0.28280961513519287,0.6033238172531128,-0.13524337112903595,0.28280961513519287,0.6033238172531128,-0.13524337112903595,1.0696857690811157,0.21116333603858947,-0.03381084278225899,-0.16983641412570014,0.19999999999998863,,none,-0.15979341772939115,0.0,-0.009999999999999431,-4.299639630956253e-05
R01_horizontal_empty,595,119.99999999999532,67.9730428169389,54.59507740719909,14.75585215163132,-2.8101338706724905,0.1822488546295457,1.0285257390909657,0.2043844857494564,-0.026391584649804706,0.30381283164024353,0.6148014068603516,-0.0885094702243805,0.30381283164024353,0.6148014068603516,-0.0885094702243805,1.0822876989841461,0.21518049240112302,-0.022127367556095123,-0.16864398447646292,0.19999999999998863,,none,-0.15858884592325317,0.0,-0.009999999999999431,-5.513855321032768e-05
R01_horizontal_empty,596,120.19999999999531,67.78168684224525,54.524752787708074,14.718804548369027,-2.7685189866641173,0.17741524153516602,1.0430110414813891,0.21124711685304,-0.022256228662275356,0.3234173655509949,0.6435171365737915,-0.05531870201230049,0.3234173655509949,0.6435171365737915,-0.05531870201230049,1.0940504193305969,0.225230997800827,-0.013829675503075123,-0.16698269278002661,0.19999999999998863,,none,-0.15693648162048035,0.0,-0.009999999999999431,-4.621115954682314e-05
R01_horizontal_empty,597,120.3999999999953,67.59089309191863,54.44531599690483,14.682194614086667,-2.7254079327708793,0.1733487292641173,1.0554284566360042,0.2192595256872,-0.018678544603962552,0.331969290971756,0.6731036901473999,-0.045553404837846756,0.331969290971756,0.6731036901473999,-0.045553404837846756,1.0991815745830535,0.23558629155158994,-0.011388351209461689,-0.1647380865211912,0.19999999999998863,,none,-0.15471720930899835,0.0,-0.009999999999999431,-2.0877212193433082e-05
R01_horizontal_empty,598,120.59999999999529,67.40157567755165,54.356560307920034,14.645963175845713,-2.680801193313944,0.16987948258915878,1.0662817383293326,0.22627882341517522,-0.016200679212224043,0.3408726453781128,0.6873769760131836,-0.0446062795817852,0.3408726453781128,0.6873769760131836,-0.0446062795817852,1.1045235872268677,0.24058194160461424,-0.0111515698954463,-0.16185840804236667,0.19999999999998863,,none,-0.1518527301732604,0.0,-0.009999999999999431,-5.677869106844869e-06
R01_horizontal_empty,599,120.79999999999528,67.21464716385141,54.25836606938309,14.61007314295235,-2.6348253782161293,0.16692800864074,1.0752547303600486,0.23297466130960306,-0.013516376545322185,0.34478554129600525,0.7046247720718384,-0.03218645229935646,0.34478554129600525,0.7046247720718384,-0.03218645229935646,1.1068713247776032,0.24661867022514342,-0.008046613074839115,-0.15837262315181766,0.19999999999998863,,none,-0.14836328216515682,0.0,-0.009999999999999431,-9.340986661411366e-06
R01_horizontal_empty,600,120.99999999999527,67.03139407383543,54.15092217741636,14.57455154381129,-2.5875588443031803,0.16451352960893506,1.0785531876104406,0.23921996815564106,-0.010830824232106169,0.3169589936733246,0.7198455333709717,-0.021434057503938675,0.3169589936733246,0.7198455333709717,-0.021434057503938675,1.0901753962039946,0.25194593667984005,-0.005358514375984669,-0.1540032061538643,0.19999999999998863,,none,-0.1439807741074457,0.0,-0.009999999999999431,-2.243204641918073e-05
R01_horizontal_empty,601,121.19999999999526,66.85359635468807,54.03489396273732,14.539517035709283,-2.538942238558008,0.16264842751460382,1.073660658307198,0.24640458379466088,-0.008031204451786463,0.26070281863212585,0.7458416223526001,-0.009305844083428383,0.26070281863212585,0.7458416223526001,-0.009305844083428383,1.0564216911792754,0.26104456782341,-0.0023264610208570957,-0.1484243301225846,0.19999999999998863,,none,-0.13834457717391757,0.0,-0.009999999999999431,-7.975294866760358e-05
R01_horizontal_empty,602,121.39999999999525,66.6827036906227,53.91092542269206,14.505023583224324,-2.488682868015064,0.16131608308931922,1.0661129202512711,0.255503346590228,-0.005484207335557299,0.232530415058136,0.7829821705818176,-0.0011769173434004188,0.232530415058136,0.7829821705818176,-0.0011769173434004188,1.0395182490348815,0.27404375970363615,-0.0002942293358501047,-0.14176719921294098,0.19999999999998863,,none,-0.1317224155310246,0.0,-0.009999999999999431,-4.4783681916946644e-05
R01_horizontal_empty,603,121.59999999999523,66.51953699739306,53.779307277580074,14.470987617883507,-2.4365006903201607,0.1607401073926063,1.0582736942250248,0.26556042679498015,-0.0006406120931161884,0.21775326132774353,0.8172959685325623,0.03691643849015236,0.21775326132774353,0.8172959685325623,0.03691643849015236,1.0306519567966461,0.28605358898639677,0.00922910962253809,-0.1346568110716166,0.19999999999998863,,none,-0.1245998729764004,0.0,-0.009999999999999431,-5.6938095216756954e-05
R01_horizontal_empty,604,121.79999999999522,66.36466619903354,53.640158318176965,14.437196611982563,-2.3822912672261163,0.16123849617654812,1.0515269568819139,0.2757647061600214,0.0051853930938982815,0.21292439103126526,0.8473080396652222,0.06822782754898071,0.21292439103126526,0.8473080396652222,0.06822782754898071,1.0277546346187592,0.29655781388282776,0.017056956887245178,-0.12723180795344932,0.19999999999998863,,none,-0.11719371904371378,0.0,-0.009999999999999431,-3.808890973610729e-05
R01_horizontal_empty,605,121.99999999999521,66.21847865710053,53.49345281036556,14.403377701051452,-2.326193592095851,0.16254411512336378,1.047418007409042,0.28454990356604065,0.007682582829141705,0.22156667709350586,0.8641467690467834,0.05108427628874779,0.22156667709350586,0.8641467690467834,0.05108427628874779,1.0329400062561034,0.30245136916637416,0.012771069072186947,-0.11966755542121311,0.19999999999998863,,none,-0.1096545127559061,0.0,-0.009999999999999431,-1.3042665307585745e-05
R01_horizontal_empty,606,122.1999999999952,66.08152496173865,53.33940586210463,14.369408363830885,-2.2685441234898853,0.1640818769228292,1.0421306944546058,0.2914264929730662,0.007694162410798125,0.2058344930410385,0.8726823329925537,0.030871031805872917,0.2058344930410385,0.8726823329925537,0.030871031805872917,1.023500695824623,0.3054388165473938,0.007717757951468229,-0.11185326343410494,0.19999999999998863,,none,-0.10183868477971636,0.0,-0.009999999999999431,-1.457865438915025e-05
R01_horizontal_empty,607,122.39999999999519,65.95465570097298,53.17875825401696,14.335358188956414,-2.2096667036150652,0.16549025915643914,1.0336995056505172,0.29693270201721883,0.006481089409730915,0.1733199506998062,0.8804360628128052,0.01603691466152668,0.1733199506998062,0.8804360628128052,0.01603691466152668,1.0039919704198836,0.3081526219844818,0.00400922866538167,-0.10353362448698046,0.19999999999998863,,none,-0.09350687715055628,0.0,-0.009999999999999431,-2.6747336424748635e-05
R01_horizontal_empty,608,122.59999999999518,65.83860573270695,53.012378082644695,14.30135485082187,-2.1497346024842034,0.1665394342579657,1.0238897594883656,0.30200593872033893,0.004183808029531085,0.14887472987174988,0.8924102783203125,-0.001989311771467328,0.14887472987174988,0.8924102783203125,-0.001989311771467328,0.9893248379230499,0.3123435974121094,-0.000497327942866832,-0.09475734149037007,0.19999999999998863,,none,-0.08473602358041532,0.0,-0.009999999999999431,-2.13179099553248e-05
R01_horizontal_empty,609,122.79999999999517,65.73377095523328,52.84085375801199,14.267494944523849,-2.088817747982154,0.16703440113349363,1.0153626735777233,0.30680118770307213,0.001005416543592342,0.14219540357589722,0.9044925570487976,-0.021884577348828316,0.14219540357589722,0.9044925570487976,-0.021884577348828316,0.9853172421455383,0.3165723949670791,-0.005471144337207079,-0.08577153435936004,0.19999999999998863,,none,-0.07575980603033194,0.0,-0.009999999999999431,-1.1728329028659951e-05
R01_horizontal_empty,610,122.99999999999515,65.64044093699698,52.66470708406289,14.233888870277713,-2.0270088053117967,0.1667832955700711,1.0069004745864758,0.31097375222006873,-0.00319954372498361,0.12847279012203217,0.9127889275550842,-0.04707171395421028,0.12847279012203217,0.9127889275550842,-0.04707171395421028,0.9770836740732192,0.31947612464427944,-0.01176792848855257,-0.07665754883160313,0.19999999999998863,,none,-0.06663971819692449,0.0,-0.009999999999999431,-1.7830634679199055e-05
R01_horizontal_empty,611,123.19999999999514,65.55896498571987,52.48469788786859,14.200706001235176,-1.9644165422109021,0.16582528302252844,0.9974099644893555,0.31467027159818983,-0.006157630341877234,0.10661646723747253,0.9205788969993591,-0.048741117119789124,0.10661646723747253,0.9205788969993591,-0.048741117119789124,0.9639698803424834,0.3222026139497757,-0.012185279279947281,-0.06733247866476205,0.19999999999998863,,none,-0.0573216552771445,0.0,-0.009999999999999431,-1.0823387618122127e-05
R01_horizontal_empty,612,123.39999999999513,65.48967520937771,52.30177857067771,14.168099200743072,-1.901147023848029,0.16442096482918578,0.9864304382391308,0.3177897932411267,-0.007764445690449999,0.07957293838262558,0.9261325597763062,-0.044154517352581024,0.07957293838262558,0.9261325597763062,-0.044154517352581024,0.9477437630295753,0.32414639592170713,-0.011038629338145256,-0.057844010276235126,0.19999999999998863,,none,-0.04782834562582394,0.0,-0.009999999999999431,-1.5664650411750802e-05
R01_horizontal_empty,613,123.59999999999512,65.43293366521347,52.117409559340224,14.136246035281502,-1.8373008657949164,0.16279536560846006,0.9698063528968718,0.3204697951643053,-0.008440585744849113,0.018718186765909195,0.9312308430671692,-0.03927338495850563,0.018718186765909195,0.9312308430671692,-0.03927338495850563,0.9112309120595454,0.3259307950735092,-0.009818346239626408,-0.04822994705343303,0.19999999999998863,,none,-0.03815488467862771,0.0,-0.009999999999999431,-7.506237480589261e-05
R01_horizontal_empty,614,123.79999999999511,65.3889932608903,51.93345855819073,14.105339506016728,-1.772915313577168,0.16112439766103578,0.9478773717455644,0.3231813562675964,-0.008281113197912375,-0.0489833690226078,0.9391618967056274,-0.03182463347911835,-0.0489833690226078,0.9391618967056274,-0.03182463347911835,0.8706099785864352,0.32870666384696956,-0.007956158369779587,-0.03847954646521045,0.19999999999998863,,none,-0.02838550874187895,0.0,-0.009999999999999431,-9.403772333206911e-05
R01_horizontal_empty,615,123.9999999999951,65.35782778203934,51.75173306750175,14.075510936096958,-1.7079779010979355,0.15966484680103588,0.9214250972685185,0.3259817057838476,-0.006452237986589521,-0.119633749127388,0.9476798176765442,-0.010902265086770058,-0.119633749127388,0.9476798176765442,-0.010902265086770058,0.8282197505235671,0.33168793618679043,-0.0027255662716925144,-0.028826623144822396,0.19999999999998863,,none,-0.018716587611107727,0.0,-0.009999999999999431,-0.0001100355337152368
R01_horizontal_empty,616,124.19999999999509,65.33913957780307,51.57379332333325,14.046803320135423,-1.6424588438927892,0.15851637959415263,0.8923101027505964,0.3289826822453661,-0.005131944769580605,-0.18379569053649902,0.9574220776557922,-0.00976641196757555,-0.18379569053649902,0.9574220776557922,-0.00976641196757555,0.7897225856781005,0.33509772717952724,-0.0024416029918938875,-0.019421260956445696,0.19999999999998863,,none,-0.009337001826102309,0.0,-0.009999999999999431,-8.425913034395676e-05
R01_horizontal_empty,617,124.39999999999507,65.33241012795901,51.40056586148056,14.019176551933374,-1.57636246158333,0.1574940118008798,0.8647363552319346,0.33177098599917376,-0.005094551499245224,-0.22070088982582092,0.9641504883766174,-0.0200734231621027,-0.22070088982582092,0.9641504883766174,-0.0200734231621027,0.7675794661045074,0.3374526709318161,-0.005018355790525675,-0.010401992816590828,0.19999999999998863,,none,-0.000371722822087861,0.0,-0.009999999999999431,-3.026999450353578e-05
R01_horizontal_empty,618,124.59999999999506,65.33707646366148,51.23148136796909,13.992406214698795,-1.5097770228274403,0.156321335374438,0.8488428181745377,0.333921329839018,-0.006524441734964626,-0.17859752476215363,0.9665801525115967,-0.0377524308860302,-0.17859752476215363,0.9665801525115967,-0.0377524308860302,0.7928414851427078,0.3383030533790588,-0.00943810772150755,-0.0018340617103841759,0.19999999999998863,,none,0.008207761168247174,0.0,-0.009999999999999431,-4.182287863191865e-05
R01_horizontal_empty,619,124.79999999999505,65.35289010724382,51.06457627022288,13.966102421714647,-1.4428272293681323,0.15480161934840322,0.8484984447781198,0.3354605904622112,-0.008522150901676608,-0.08785827457904816,0.9674203395843506,-0.05037141218781471,-0.08785827457904816,0.9674203395843506,-0.05037141218781471,0.8472850352525712,0.3385971188545227,-0.012592853046953678,0.006513713445475532,0.19999999999998863,,none,0.016681584568019048,0.0,-0.009999999999999431,-0.00016787112254408433
R01_horizontal_empty,620,124.99999999999504,65.38011535826601,50.89760898951578,13.93985729543904,-1.3756457418668735,0.15290581275345924,0.8630714604952444,0.33629164765192343,-0.010301783858944423,0.024033164605498314,0.9656716585159302,-0.05571246147155762,0.024033164605498314,0.9656716585159302,-0.05571246147155762,0.914419898763299,0.3379850804805755,-0.013928115367889404,0.01518386206599071,0.19999999999998863,,none,0.02543488764310453,0.0,-0.009999999999999431,-0.0002510255771143897
R01_horizontal_empty,621,125.19999999999503,65.419421815982,50.72892313358277,13.91334549804279,-1.3083921606348505,0.15081438389910493,0.8882668646751489,0.33624749263798104,-0.010590726999077425,0.12840598821640015,0.9604500532150269,-0.04471800848841667,0.12840598821640015,0.9604500532150269,-0.04471800848841667,0.97704359292984,0.3361575186252594,-0.011179502122104168,0.024517473597806556,0.19999999999998863,,none,0.034738310187142574,0.0,-0.009999999999999431,-0.0002208365893365869
R01_horizontal_empty,622,125.39999999999502,65.47164570859717,50.55778356233325,13.886362781339622,-1.241255364163966,0.14838139146654275,0.9200824412665768,0.33519946226869096,-0.013518528510667815,0.22030922770500183,0.9516111612319946,-0.07793786376714706,0.22030922770500183,0.9516111612319946,-0.07793786376714706,1.032185536623001,0.3330639064311981,-0.019484465941786766,0.03448097522171361,0.19999999999998863,,none,0.04467353302620758,0.0,-0.009999999999999431,-0.00019255780449453557
R01_horizontal_empty,623,125.599999999995,65.53746631199664,50.38458357714656,13.858953403250734,-1.174429279457209,0.1451219180179143,0.9517624387297001,0.3332112375763992,-0.018686681547035146,0.27231302857398987,0.940456748008728,-0.11687099933624268,0.27231302857398987,0.940456748008728,-0.11687099933624268,1.0633878171443938,0.3291598618030548,-0.02921774983406067,0.04502797627685463,0.19999999999998863,,none,0.055114868382542426,0.0,-0.009999999999999431,-8.689210568836647e-05
R01_horizontal_empty,624,125.799999999995,65.61715258548482,50.21072074940662,13.831405793102402,-1.108039755097656,0.1407228396989379,0.9795377240674088,0.3308611336834194,-0.02484030236727323,0.29567456245422363,0.931635320186615,-0.14951777458190918,0.29567456245422363,0.931635320186615,-0.14951777458190918,1.0774047374725342,0.3260723620653152,-0.037379443645477295,0.055732625819611865,0.19999999999998863,,none,0.06576641363537128,0.0,-0.009999999999999431,-3.3787815759982466e-05
R01_horizontal_empty,625,125.99999999999498,65.71048430750042,50.038188373861104,13.804160626077204,-1.0421268841805016,0.13500952212821202,1.000237771889061,0.32844935182912144,-0.031770540320856994,0.28862497210502625,0.9243854284286499,-0.18356873095035553,0.28862497210502625,0.9243854284286499,-0.18356873095035553,1.0731749832630157,0.32353489995002743,-0.04589218273758888,0.06626040629503079,0.19999999999998863,,none,0.0762856408007142,0.0,-0.009999999999999431,-2.5234505683990883e-05
R01_horizontal_empty,626,126.19999999999497,65.81675550795683,49.869252379549984,13.777751266234556,-0.9766455360430234,0.1277683493665762,1.012726212547779,0.3265102778285638,-0.040019464693615774,0.2612159848213196,0.9215973019599915,-0.22731269896030426,0.2612159848213196,0.9215973019599915,-0.22731269896030426,1.0567295908927916,0.32255905568599696,-0.056828174740076065,0.07629333856324541,0.19999999999998863,,none,0.08634678978265242,0.0,-0.009999999999999431,-5.345121940758091e-05
R01_horizontal_empty,627,126.39999999999496,65.93503920732049,49.70592474569087,13.752729784468158,-0.9114967876155012,0.11873087541880814,1.0193680567646664,0.32508465578278445,-0.04963086237531968,0.23795130848884583,0.920513391494751,-0.2768634557723999,0.23795130848884583,0.920513391494751,-0.2768634557723999,1.0427707850933075,0.3221796870231628,-0.06921586394309998,0.08578765649456299,0.19999999999998863,,none,0.09584761044511048,0.0,-0.009999999999999431,-5.99539505480573e-05
R01_horizontal_empty,628,126.59999999999495,66.06444327351863,49.549711759451405,13.729626902706489,-0.8465428415907253,0.10763282051128188,1.022438029379448,0.32449894924959033,-0.06052834210456343,0.222091943025589,0.9237298965454102,-0.33093589544296265,0.222091943025589,0.9237298965454102,-0.33093589544296265,1.0332551658153533,0.32330546379089353,-0.08273397386074066,0.09482008339665939,0.19999999999998863,,none,0.10488379727885011,0.0,-0.009999999999999431,-6.371388219129414e-05
R01_horizontal_empty,629,126.79999999999494,66.20414209457239,49.40176217267515,13.70897393943055,-0.7816163531473926,0.09415898872954283,1.02314874895717,0.3247472227730049,-0.07325106247129164,0.20942164957523346,0.9292946457862854,-0.396703839302063,0.20942164957523346,0.9292946457862854,-0.396703839302063,1.02565298974514,0.32525312602519985,-0.09917595982551575,0.10347603433038834,0.19999999999998863,,none,0.11356637283458149,0.0,-0.009999999999999431,-9.033850419371437e-05
R01_horizontal_empty,630,126.99999999999493,66.35317875751316,49.26316232720314,13.691353725185301,-0.7166057985474585,0.077996166595926,1.0201948958486036,0.325315492645326,-0.08731700665353613,0.18297818303108215,0.9327812790870667,-0.4639158844947815,0.18297818303108215,0.9327812790870667,-0.4639158844947815,1.0097869098186492,0.3264734476804733,-0.11597897112369537,0.111737979147655,0.19999999999998863,,none,0.12184255659872711,0.0,-0.009999999999999431,-0.00010457745107267602
R01_horizontal_empty,631,127.19999999999492,66.51051802366146,49.13485347239448,13.677364159359303,-0.6516186847178765,0.05903787041085615,1.0154470284975279,0.3246089015237139,-0.10121821885836291,0.16452963650226593,0.9233402609825134,-0.5181780457496643,0.16452963650226593,0.9233402609825134,-0.5181780457496643,0.9987177819013595,0.32316909134387967,-0.12954451143741608,0.11961762576875667,0.19999999999998863,,none,0.12968510304547465,0.0,-0.009999999999999431,-6.747727671854609e-05
R01_horizontal_empty,632,127.3999999999949,66.67545549563192,49.01729052040353,13.667535665777747,-0.5869488549693274,0.03743393138789549,1.0128969674890707,0.3222659821293834,-0.11386777270102191,0.173186257481575,0.9071195721626282,-0.5585743188858032,0.173186257481575,0.9071195721626282,-0.5585743188858032,1.0039117544889449,0.31749185025691984,-0.1396435797214508,0.1273304271342831,0.19999999999998863,,none,0.13736982526859975,0.0,-0.009999999999999431,-3.939813431721007e-05
R01_horizontal_empty,633,127.59999999999489,66.84749950032656,48.91065058355389,13.662325958087793,-0.5229845560114208,0.013674844104123795,1.012304088389856,0.31771966408646457,-0.12303236361733473,0.18369176983833313,0.881301999092102,-0.566827654838562,0.18369176983833313,0.881301999092102,-0.566827654838562,1.010215061903,0.3084556996822357,-0.1417069137096405,0.1350340403809324,0.19999999999998863,,none,0.1450509409894014,0.0,-0.009999999999999431,-1.690060846958108e-05
R01_horizontal_empty,634,127.79999999999488,67.02576924060003,48.81524426769197,13.66207094238622,-0.4599654539517316,-0.011285087225397013,1.0101051165454942,0.3128391979374385,-0.12631921892628017,0.1705949604511261,0.8654124140739441,-0.5320671796798706,0.1705949604511261,0.8654124140739441,-0.5320671796798706,1.0023569762706757,0.3028943449258804,-0.13301679491996765,0.1423067367320031,0.19999999999998863,,none,0.15233938265123115,0.0,-0.009999999999999431,-3.264591922864213e-05
R01_horizontal_empty,635,127.99999999999487,67.2093036341347,48.73131800136457,13.666883668487001,-0.3980141180878776,-0.03631641673762095,1.0090024405901539,0.30710625353516996,-0.12415703993379948,0.17519521713256836,0.8440694808959961,-0.47900480031967163,0.17519521713256836,0.8440694808959961,-0.47900480031967163,1.005117130279541,0.2954243183135986,-0.11975120007991791,0.14900063092255164,0.19999999999998863,,none,0.15906647690778186,0.0,-0.009999999999999431,-6.584598523078356e-05
R01_horizontal_empty,636,128.1999999999949,67.39858036033121,48.65844061910754,13.676721712834976,-0.33746791570546714,-0.06024280390773504,1.0213567576146416,0.29896907090017066,-0.1157411393871733,0.27481257915496826,0.8068230152130127,-0.3943687379360199,0.27481257915496826,0.8068230152130127,-0.3943687379360199,1.0648875474929809,0.2823880553245544,-0.09859218448400497,0.15601024235051147,0.20000000000003126,,none,0.16637972597207273,0.0,-0.010000000000001563,-0.0003694836215596986
R01_horizontal_empty,637,128.39999999999495,67.59437381799246,48.59617024733112,13.69141804171048,-0.27896908295687345,-0.08201909449264429,1.0379938992446844,0.2869268783491503,-0.10298332476265051,0.3276922404766083,0.7496819496154785,-0.30794766545295715,0.3276922404766083,0.7496819496154785,-0.30794766545295715,1.096615344285965,0.26238868236541746,-0.07698691636323929,0.16417944116981706,0.20000000000004547,,none,0.17445004040438405,0.0,-0.010000000000002274,-0.00027059923456471683
R01_horizontal_empty,638,128.599999999995,67.79641996146869,48.54443052695357,13.710623730283764,-0.22306843690526068,-0.10098940027647939,1.055925705663954,0.27312019393292114,-0.08785960963357897,0.365181565284729,0.6999614834785461,-0.22816896438598633,0.365181565284729,0.6999614834785461,-0.22816896438598633,1.1191089391708373,0.24498651921749112,-0.05704224109649658,0.17207178912579418,0.20000000000004547,,none,0.18227663343322398,0.0,-0.010000000000002274,-0.00020484430742751414
R01_horizontal_empty,639,128.79999999999504,68.0036609968258,48.50326594737142,13.733823653886965,-0.16957716217714777,-0.11720650123085437,1.0692978575783378,0.2625864808032945,-0.0752609617881492,0.36069169640541077,0.688920259475708,-0.1983555406332016,0.36069169640541077,0.688920259475708,-0.1983555406332016,1.1164150178432464,0.2411220908164978,-0.0495888851583004,0.1790554804759835,0.20000000000004547,,none,0.18907609863170372,0.0,-0.010000000000002274,-2.061815571794856e-05
R01_horizontal_empty,640,128.99999999999508,68.21447634764552,48.47278050738982,13.76045055579645,-0.11803286082142594,-0.13104481777635293,1.077223767481751,0.25353848172954613,-0.06397298042578216,0.3419182300567627,0.6717185974121094,-0.16388651728630066,0.3419182300567627,0.6717185974121094,-0.16388651728630066,1.1051509380340576,0.23510150909423827,-0.040971629321575165,0.18428736035827908,0.20000000000004547,,none,0.19432408943402102,0.0,-0.010000000000002274,-3.672907573966544e-05
R01_horizontal_empty,641,129.19999999999513,68.42737600888512,48.45294124039744,13.789956301475057,-0.06808563191254889,-0.14281509320143365,1.0812851822673555,0.24646680094464418,-0.054447695874868446,0.3259928226470947,0.6630198359489441,-0.14015266299247742,0.3259928226470947,0.6630198359489441,-0.14015266299247742,1.0955956935882567,0.23205694258213042,-0.035038165748119354,0.18810264930751394,0.20000000000004547,,none,0.19812050096535216,0.0,-0.010000000000002274,-1.7851657835947776e-05
R01_horizontal_empty,642,129.39999999999517,68.64125290878418,48.44360355367928,13.821880875986743,-0.01938911865141959,-0.15296053489521005,1.0833036888463368,0.2409166475188516,-0.047528241334628574,0.31735992431640625,0.6560205221176147,-0.13371428847312927,0.31735992431640625,0.6560205221176147,-0.13371428847312927,1.0904159545898438,0.22960718274116515,-0.03342857211828232,0.19081269203497647,0.20000000000004547,,none,0.20081599143486173,0.0,-0.010000000000002274,-3.2993998829766725e-06
R01_horizontal_empty,643,129.59999999999522,68.85565378371312,48.44457427249767,13.855931671397805,0.02822624904115406,-0.16176275442462915,1.087590119406376,0.2356351003661262,-0.040986970473660664,0.33782246708869934,0.6424942016601562,-0.11063168197870255,0.33782246708869934,0.6424942016601562,-0.11063168197870255,1.1026934802532196,0.22487297058105468,-0.027657920494675636,0.19301375950646077,0.20000000000004547,,none,0.2030364491809511,0.0,-0.010000000000002274,-2.268967448804671e-05
R01_horizontal_empty,644,129.79999999999526,69.07055826644316,48.455681884189104,13.891907179336222,0.07484068569962132,-0.16924756356449946,1.0940678949420855,0.23086852377351116,-0.03436055481466471,0.3614875376224518,0.6318735480308533,-0.08343202620744705,0.3614875376224518,0.6318735480308533,-0.08343202620744705,1.116892522573471,0.22115574181079864,-0.020858006551861763,0.19515334773298987,0.20000000000004547,,none,0.20518160083541126,0.0,-0.010000000000002274,-2.8253102419117938e-05
R01_horizontal_empty,645,129.9999999999953,69.28579941417048,48.47678902409635,13.929582835451528,0.12041024907260328,-0.17541925552189466,1.101084672528378,0.22525053831821193,-0.027847271823650953,0.37634748220443726,0.6108652949333191,-0.058301009237766266,0.37634748220443726,0.6108652949333191,-0.058301009237766266,1.1258084893226623,0.21380285322666168,-0.014575252309441566,0.19706628877616023,0.20000000000004547,,none,0.2070921634294649,0.0,-0.010000000000002274,-2.5874653302402353e-05
R01_horizontal_empty,646,130.19999999999536,69.50105456184139,48.50772646309045,13.968703688230239,0.1648199455007511,-0.18027955717914615,1.108319588514685,0.2192952750052207,-0.02125277305772143,0.3896867036819458,0.5918866395950317,-0.03126104548573494,0.3896867036819458,0.5918866395950317,-0.03126104548573494,1.1338120222091674,0.2071603238582611,-0.007815261371433735,0.19856473766663282,0.20000000000004547,,none,0.20859012334319083,0.0,-0.010000000000002274,-2.5385676555733927e-05
R01_horizontal_empty,647,130.3999999999954,69.71591698869473,48.54828538611864,14.008982567942333,0.20807653154385777,-0.18375627722170484,1.114888950769963,0.21369284162559615,-0.014056789658951786,0.39672714471817017,0.5779338479042053,0.00242543313652277,0.39672714471817017,0.5779338479042053,0.00242543313652277,1.138036286830902,0.20227684676647184,0.0006063582841306925,0.1995300669012496,0.20000000000004547,,none,0.20955764744221028,0.0,-0.010000000000002274,-2.7580540958399447e-05
R01_horizontal_empty,648,130.59999999999545,69.929788510472,48.598201264113875,14.050063092535453,0.25029097855707,-0.18577111113424535,1.1193359398003835,0.20881897269987967,-0.006649814254949431,0.39167505502700806,0.5682501792907715,0.03377307578921318,0.39167505502700806,0.5682501792907715,0.03377307578921318,1.1350050330162047,0.19888756275177,0.008443268947303295,0.19974217101404448,0.20000000000004547,,none,0.20976421044900562,0.0,-0.010000000000002274,-2.2039434958862503e-05
R01_horizontal_empty,649,130.7999999999955,70.14206634832406,48.657167024760085,14.091568780856607,0.2913274367279429,-0.1863668163387829,1.122563611500856,0.20205538181475313,0.0001781384445748717,0.3898940086364746,0.5379237532615662,0.056365422904491425,0.3898940086364746,0.5379237532615662,0.056365422904491425,1.1339364051818848,0.18827331364154815,0.014091355726122856,0.19913724886513925,0.20000000000004547,,none,0.20916591443294408,0.0,-0.010000000000002274,-2.866556780254631e-05
R01_horizontal_empty,650,130.99999999999554,70.3523736390956,48.72482698662196,14.133192342307016,0.3308781963069503,-0.18591372756619132,1.125529637856709,0.19405518959918217,0.004060160711565554,0.393300861120224,0.507866621017456,0.047881998121738434,0.393300861120224,0.507866621017456,0.047881998121738434,1.1359805166721344,0.1777533173561096,0.011970499530434608,0.19794007683922818,0.20000000000004547,,none,0.20795981696600307,0.0,-0.010000000000002274,-1.974012677261161e-05
R01_horizontal_empty,651,131.19999999999558,70.56025399577946,48.80070963536517,14.174715150105833,0.3688141812994499,-0.1849763622039423,1.126152984401145,0.1859179641629808,0.0052256498304550794,0.3805822730064392,0.4838196039199829,0.030402198433876038,0.3805822730064392,0.4838196039199829,0.030402198433876038,1.1283493638038635,0.169336861371994,0.007600549608469009,0.1960663387518891,0.20000000000004547,,none,0.20608725005013184,0.0,-0.010000000000002274,-2.0911298240441356e-05
R01_horizontal_empty,652,131.39999999999563,70.7651020002879,48.88422186324819,14.215986734439836,0.40509410725570927,-0.18387679129782497,1.1243829943615444,0.17751465407480288,0.005731902867401505,0.36357730627059937,0.45826101303100586,0.027053948491811752,0.36357730627059937,0.45826101303100586,0.027053948491811752,1.1181463837623595,0.16039135456085205,0.006763487122952938,0.1934080637344085,0.20000000000004547,,none,0.2034271361592026,0.0,-0.010000000000002274,-1.9072424791833077e-05
R01_horizontal_empty,653,131.59999999999567,70.9666948389379,48.97483624465501,14.256949462601732,0.4393255679801254,-0.18255267958930116,1.1236092923222911,0.16569109639168722,0.00738464668174677,0.36813855171203613,0.4045668840408325,0.043009672313928604,0.36813855171203613,0.4045668840408325,0.043009672313928604,1.1208831310272216,0.14159840941429136,0.010752418078482151,0.19028308697557544,0.20000000000004547,,none,0.2003462559669913,0.0,-0.010000000000002274,-6.316899141356136e-05
R01_horizontal_empty,654,131.79999999999572,71.16536204577832,49.07214692261272,14.29758165924448,0.471135317744476,-0.1805466042603,1.1255839138162549,0.15333749401779412,0.012305240735381943,0.38756924867630005,0.3661849796772003,0.08932744711637497,0.38756924867630005,0.3661849796772003,0.08932744711637497,1.13254154920578,0.1281647428870201,0.022331861779093742,0.18724565543380597,0.20000000000004547,,none,0.19732557661040317,0.0,-0.010000000000002274,-7.992117659492398e-05
R01_horizontal_empty,655,131.99999999999577,71.36079900505256,49.17541973075367,14.33758847658379,0.5007656217162856,-0.17724835897648866,1.1210661627036707,0.1436924909516468,0.020090440491112062,0.3419128954410553,0.354397177696228,0.14381690323352814,0.3419128954410553,0.354397177696228,0.14381690323352814,1.1051477372646332,0.1240390121936798,0.035954225808382034,0.18353850548072356,0.20000000000004547,,none,0.19364235659461038,0.0,-0.010000000000002274,-0.00010385111388454438
R01_horizontal_empty,656,132.1999999999958,71.55072018830109,49.282844842408394,14.37614830244072,0.528506837593421,-0.17218452276063345,1.0959675421222204,0.13441863933367493,0.029814981620936466,0.17921972274780273,0.33006128668785095,0.19852213561534882,0.17921972274780273,0.33006128668785095,0.19852213561534882,1.0075318336486816,0.11552145034074783,0.049630533903837204,0.17668029167085372,0.20000000000004547,,none,0.18728137100049835,0.0,-0.010000000000002274,-0.0006010793296423422
R01_horizontal_empty,657,132.39999999999586,71.73269092062107,49.39219712230904,14.412368020465319,0.5529864629487129,-0.1654663494463338,1.0594767112550636,0.11206259263500823,0.036837465885376855,0.05150037258863449,0.19002288579940796,0.20458830893039703,0.05150037258863449,0.19002288579940796,0.20458830893039703,0.9309002235531807,0.06650801002979279,0.05114707723259926,0.16739322403620518,0.20000000000004547,,none,0.17811241972795067,0.0,-0.010000000000002274,-0.0007191956917432141
R01_horizontal_empty,658,132.5999999999959,71.90701350876684,49.502139117335865,14.445965462706226,0.5708383253238591,-0.1574667759458987,1.0301024779079995,0.06965248681708222,0.04271525901569408,0.044335875660181046,-0.04790272191166878,0.2187694013118744,0.044335875660181046,-0.04790272191166878,0.2187694013118744,0.9266015253961086,-0.01676595266908407,0.0546923503279686,0.15773273367790336,0.20000000000004547,,none,0.16886995424194673,0.0,-0.010000000000002274,-0.0011372205640410998
R01_horizontal_empty,659,132.79999999999595,72.07449247765834,49.61107405632371,14.476709509945765,0.581410627601165,-0.1472581478492134,0.9930727829466159,0.03842421522259939,0.058203659040852215,-0.062337346374988556,-0.07202619314193726,0.3590565621852875,-0.062337346374988556,-0.07202619314193726,0.3590565621852875,0.8625975921750069,-0.025209167599678037,0.08976414054632187,0.1493946804146595,0.20000000000004547,,none,0.16002751252805147,0.0,-0.010000000000002274,-0.0006328321133897013
R01_horizontal_empty,660,132.999999999996,72.23391709015328,49.71657880737191,14.50377073996617,0.5872041085301801,-0.13290575852602363,0.9402290153418548,0.020836204903966298,0.0834196977696558,-0.24327918887138367,-0.04286463186144829,0.539208173751831,-0.24327918887138367,-0.04286463186144829,0.539208173751831,0.7540324866771697,-0.0150026211515069,0.13480204343795776,0.13830302681435586,0.20000000000004547,,none,0.1496239258178047,0.0,-0.010000000000002274,-0.0013208990034465754
R01_horizontal_empty,661,133.19999999999604,72.38354714378617,49.81650142498923,14.526161247104634,0.5898676956534303,-0.1135578365869853,0.8759689611955065,0.006853541644866951,0.10819239956685686,-0.41742196679115295,-0.061824921518564224,0.6346854567527771,-0.41742196679115295,-0.061824921518564224,0.6346854567527771,0.6495468199253083,-0.021638722531497477,0.15867136418819427,0.12645364068824913,0.20000000000004547,,none,0.13724966291334617,0.0,-0.010000000000002274,-0.0007960222250947713
R01_horizontal_empty,662,133.39999999999608,72.52140192316416,49.9088153406207,14.543181408929087,0.5897240885772272,-0.08980226181938256,0.7956452507472564,-0.007228264664762968,0.1278795265514268,-0.6456294059753418,-0.10263586044311523,0.6719827651977539,-0.6456294059753418,-0.10263586044311523,0.6719827651977539,0.5126223564147949,-0.035922551155090326,0.16799569129943848,0.11187985385345417,0.20000000000004547,,none,0.12298255899849941,0.0,-0.010000000000002274,-0.0011027051450429684
R01_horizontal_empty,663,133.59999999999613,72.64643406207018,49.9921790882772,14.55473411974149,0.5852432259852238,-0.06264388647886827,0.7153607596053548,-0.03545305481202441,0.1425951111517703,-0.7792065739631653,-0.2656179666519165,0.6903233528137207,-0.7792065739631653,-0.2656179666519165,0.6903233528137207,0.4324760556221008,-0.09296628832817078,0.17258083820343018,0.09713728579405469,0.20000000000004547,,none,0.10803213387217703,0.0,-0.010000000000002274,-0.000894848078120063
R01_horizontal_empty,664,133.79999999999617,72.75983478455746,50.06662620500943,14.561303190978974,0.5755476147317302,-0.03341702578634334,0.6460825676770368,-0.05967727481945692,0.14917738858797897,-0.8300352096557617,-0.3115388751029968,0.6503599882125854,-0.8300352096557617,-0.3115388751029968,0.6503599882125854,0.40197887420654294,-0.10903860628604889,0.16258999705314636,0.08446279271666554,0.20000000000004547,,none,0.09458857972765955,0.0,-0.010000000000002274,-0.00012578701099172918
R01_horizontal_empty,665,133.99999999999622,72.86375483205559,50.13313371620678,14.563620349553906,0.5624825184278986,-0.003801324315661897,0.5905965777705757,-0.07018194940310835,0.1471336620763646,-0.8415164947509766,-0.261677622795105,0.5718767642974854,-0.8415164947509766,-0.261677622795105,0.5718767642974854,0.39509010314941406,-0.09158716797828674,0.14296919107437134,0.07335779529310926,0.20000000000004547,,none,0.08353334690961667,0.0,-0.010000000000002274,-0.00017555161650513186
R01_horizontal_empty,666,134.19999999999627,72.96031498847125,50.19308522185789,14.562431125381059,0.5486935634230542,0.024754691883200498,0.54808650918148,-0.06788102187966734,0.13903676425162262,-0.8361648917198181,-0.18054987490177155,0.4901513457298279,-0.8361648917198181,-0.18054987490177155,0.4901513457298279,0.39830106496810913,-0.06319245621562004,0.12253783643245697,0.06451821453600175,0.20000000000004547,,none,0.07478400243947014,0.0,-0.010000000000002274,-0.0002657879034661237
R01_horizontal_empty,667,134.3999999999963,73.05157269137065,50.2480213474031,14.558384116964895,0.5348578856120448,0.05079697117723478,0.519248709536449,-0.07029389745548284,0.12262312687002838,-0.8039368391036987,-0.2148873656988144,0.35670921206474304,-0.8039368391036987,-0.2148873656988144,0.35670921206474304,0.4176378965377807,-0.07521057799458503,0.08917730301618576,0.05776124563600458,0.20000000000004547,,none,0.06816173590974195,0.0,-0.010000000000002274,-0.00040049027373509463
R01_horizontal_empty,668,134.59999999999636,73.13933444238972,50.29911083902451,14.552044546863824,0.5186508228413984,0.07334136785963566,0.49919550492793546,-0.09027104946584096,0.10420873526532795,-0.7857708930969238,-0.37422341108322144,0.2667440176010132,-0.7857708930969238,-0.37422341108322144,0.2667440176010132,0.4285374641418457,-0.13097819387912749,0.0666860044002533,0.052690086346872264,0.20000000000004547,,none,0.06336632061023373,0.0,-0.010000000000002274,-0.0006762342633591923
R01_horizontal_empty,669,134.7999999999964,73.22399086729295,50.34632373498978,14.54396260387386,0.4975989654894187,0.09263541114450155,0.4746706263088613,-0.1181465440657375,0.08981644643700928,-0.852905809879303,-0.4998514950275421,0.24195797741413116,-0.852905809879303,-0.4998514950275421,0.24195797741413116,0.3882565140724182,-0.17494802325963973,0.06048949435353279,0.04886653652871688,0.20000000000004547,,none,0.05928461373502003,0.0,-0.010000000000002274,-0.00041807720630087974
R01_horizontal_empty,670,134.99999999999645,73.30526407630188,50.38914860502792,14.534635049117353,0.47106209531890225,0.10948561371507728,0.44991007379965103,-0.14518431686252217,0.0794657153418974,-0.8955574035644531,-0.5722250938415527,0.2334967404603958,-0.8955574035644531,-0.5722250938415527,0.2334967404603958,0.3626655578613281,-0.20027878284454345,0.05837418511509895,0.045247988383396116,0.20000000000004547,,none,0.055390562158997625,0.0,-0.010000000000002274,-0.00014257377559923512
R01_horizontal_empty,671,135.1999999999965,73.38349225102981,50.427523804943824,14.524377129342145,0.4401689823645787,0.12478864699082348,0.42849366839061376,-0.16244581138615644,0.07397821136956,-0.9116127490997314,-0.5646265745162964,0.2511856257915497,-0.9116127490997314,-0.5646265745162964,0.2511856257915497,0.35303235054016113,-0.19761930108070372,0.06279640644788742,0.042030140382764355,0.20000000000004547,,none,0.05204270854837567,0.0,-0.010000000000002274,-1.2568165609043725e-05
R01_horizontal_empty,672,135.39999999999654,73.4592037067187,50.46167552375163,14.513348834256961,0.4067769114809042,0.13916340630874327,0.4102720577677818,-0.1708420702287776,0.07006436868853917,-0.9232205152511597,-0.5370028614997864,0.24835675954818726,-0.9232205152511597,-0.5370028614997864,0.24835675954818726,0.34606769084930417,-0.18795100152492522,0.062089189887046814,0.03925038783120184,0.20000000000004547,,none,0.04926850407600547,0.0,-0.010000000000002274,-1.8116244801351656e-05
R01_horizontal_empty,673,135.59999999999658,73.53294271773616,50.49195718018522,14.501633296596697,0.37220667065574903,0.15251044680487533,0.39614445716570407,-0.1745787071659611,0.06387270299569066,-0.9227242469787598,-0.5205508470535278,0.20502415299415588,-0.9227242469787598,-0.5205508470535278,0.20502415299415588,0.34636545181274414,-0.18219279646873474,0.05125603824853897,0.03696551113358934,0.20000000000004547,,none,0.04700848373063771,0.0,-0.010000000000002274,-4.297259704609147e-05
R01_horizontal_empty,674,135.79999999999663,73.60538515718562,50.518788133712285,14.489276816673568,0.33695274628721006,0.16443773066765652,0.3866779854698568,-0.1777235121230361,0.05599395777846343,-0.9111289978027344,-0.5260903835296631,0.15975822508335114,-0.9111289978027344,-0.5260903835296631,0.15975822508335114,0.35332260131835935,-0.18413163423538206,0.039939556270837784,0.03527228776701008,0.20000000000004547,,none,0.04531657057696137,0.0,-0.010000000000002274,-4.428280994901446e-05
R01_horizontal_empty,675,135.99999999999667,73.67721318514396,50.542521179807885,14.4763118631918,0.30108728259977635,0.1747242611280435,0.3811271621997802,-0.18070631079186986,0.047510728984783764,-0.8973855376243591,-0.5336694717407227,0.12089832127094269,-0.8973855376243591,-0.5336694717407227,0.12089832127094269,0.3615686774253845,-0.18678431510925292,0.030224580317735672,0.0341371175562027,0.20000000000004547,,none,0.044172245904206875,0.0,-0.010000000000002274,-3.5128348001904894e-05
R01_horizontal_empty,676,136.19999999999672,73.74894153914373,50.56337597568166,14.462782975928352,0.26464793783037627,0.1832766565974192,0.37818969993785206,-0.1834782178717221,0.03867888318186426,-0.886934220790863,-0.5403614044189453,0.08272945135831833,-0.886934220790863,-0.5403614044189453,0.08272945135831833,0.36783946752548213,-0.18912649154663086,0.020682362839579582,0.03341605397276166,0.20000000000004547,,none,0.04344827146510255,0.0,-0.010000000000002274,-3.2217492338616484e-05
R01_horizontal_empty,677,136.39999999999677,73.82092243430428,50.58146709676125,14.44875324596651,0.22770936379297266,0.19000497283443282,0.37723453895288445,-0.18573725830399507,0.029310384281369093,-0.8768849968910217,-0.5438299179077148,0.040881335735321045,-0.8768849968910217,-0.5438299179077148,0.040881335735321045,0.37386900186538696,-0.19034047126770018,0.010220333933830261,0.03299256374257245,0.20000000000004547,,none,0.04302984938793486,0.0,-0.010000000000002274,-3.728564536013335e-05
R01_horizontal_empty,678,136.5999999999968,73.89335841827182,50.59683993583107,14.434309061765076,0.1905171742731327,0.19493289871996258,0.37725339276137493,-0.18615328119035582,0.02062359882768907,-0.8711336255073547,-0.5342885851860046,0.011690663173794746,-0.8711336255073547,-0.5342885851860046,0.011690663173794746,0.3773198246955871,-0.18700100481510162,0.0029226657934486866,0.032798443441668296,0.20000000000004547,,none,0.04281796765502044,0.0,-0.010000000000002274,-1.9524213349869714e-05
R01_horizontal_empty,679,136.79999999999686,73.96631940612514,50.609515109829886,14.419546509193557,0.15362371786433232,0.19832991345912168,0.37786590277476595,-0.18301761825831414,0.013856579752944373,-0.866626501083374,-0.5046517848968506,0.0002701040357351303,-0.866626501083374,-0.5046517848968506,0.0002701040357351303,0.38002409934997555,-0.1766281247138977,6.752600893378258e-05,0.032697959823618214,0.20000000000004547,,none,0.04271854148908005,0.0,-0.010000000000002274,-2.0581665459567244e-05
R01_horizontal_empty,680,136.9999999999969,74.03987471909635,50.61954432084515,14.404535399854995,0.11764329529221178,0.2004603307547913,0.3794789183750132,-0.17722332422720172,0.007896783866417616,-0.8580626249313354,-0.4726182222366333,-0.016989612951874733,-0.8580626249313354,-0.4726182222366333,-0.016989612951874733,0.3851624250411987,-0.16541637778282164,-0.004247403237968683,0.03268052317933012,0.20000000000004547,,none,0.042708470918171315,0.0,-0.010000000000002274,-2.7947738838918213e-05
R01_horizontal_empty,681,137.19999999999695,74.11416778142284,50.62701172076879,14.389317030084841,0.08304774476327148,0.20142948166528413,0.3824408297221611,-0.16932730514239697,0.0022224040513237602,-0.8452046513557434,-0.43782201409339905,-0.037360779941082,-0.8452046513557434,-0.43782201409339905,-0.037360779941082,0.39287720918655394,-0.15323770493268965,-0.0093401949852705,0.03278017627948594,0.20000000000004547,,none,0.04281599804009062,0.0,-0.010000000000002274,-3.582176060240146e-05
R01_horizontal_empty,682,137.399999999997,74.18942113857325,50.63201572348045,14.373911662376464,0.050149055735153616,0.20135237920501506,0.3871377012351185,-0.1603371726983057,-0.002627863313647236,-0.8271878957748413,-0.4057660400867462,-0.050044722855091095,-0.8271878957748413,-0.4057660400867462,-0.050044722855091095,0.4036872625350952,-0.14201811403036116,-0.012511180713772774,0.033046388230223475,0.20000000000004547,,none,0.04307664965740621,0.0,-0.010000000000002274,-3.0261427180460212e-05
R01_horizontal_empty,683,137.59999999999704,74.26592439482006,50.63465094911531,14.358320429318226,0.01918555434375381,0.2003144051736089,0.3937806454516389,-0.15007156176979228,-0.007392747037229044,-0.8046879172325134,-0.36900994181632996,-0.06840831786394119,-0.8046879172325134,-0.36900994181632996,-0.06840831786394119,0.4171872496604919,-0.12915347963571547,-0.017102079465985298,0.0334733823362005,0.20000000000004547,,none,0.04351727196452515,0.0,-0.010000000000002274,-4.388962832237553e-05
R01_horizontal_empty,684,137.79999999999708,74.34393310450099,50.635005281026054,14.342554355015002,-0.00956795399535548,0.1983432102188931,0.4017373672045005,-0.138347189244215,-0.011973918933284103,-0.7837114930152893,-0.3270188868045807,-0.08523561805486679,-0.7837114930152893,-0.3270188868045807,-0.08523561805486679,0.42977310419082637,-0.11445661038160324,-0.021308904513716698,0.03406177446741995,0.20000000000004547,,none,0.04411150280953535,0.0,-0.010000000000002274,-4.9728342113124494e-05
R01_horizontal_empty,685,137.99999999999713,74.4235704565658,50.63317435809874,14.326655153655157,-0.03582208104183825,0.19550852749910125,0.4101822807893863,-0.12518603898540168,-0.016064593538484995,-0.7667697072029114,-0.28105074167251587,-0.09760040044784546,-0.7667697072029114,-0.28105074167251587,-0.09760040044784546,0.43993817567825316,-0.09836775958538055,-0.024400100111961365,0.03472779762956267,0.20000000000004547,,none,0.04477885727590536,0.0,-0.010000000000002274,-5.1059646340415597e-05
R01_horizontal_empty,686,138.19999999999717,74.50489206818688,50.629288868562064,14.310681282063642,-0.058896246042094993,0.19181418792895283,0.4190824671546345,-0.10693146114257633,-0.020541385701651135,-0.7492624521255493,-0.19924108684062958,-0.11865471303462982,-0.7492624521255493,-0.19924108684062958,-0.11865471303462982,0.4504425287246704,-0.06973438039422035,-0.029663678258657455,0.03532737526167565,0.20000000000004547,,none,0.045476227415329085,0.0,-0.010000000000002274,-0.00014885215365116445
R01_horizontal_empty,687,138.39999999999722,74.58819482423236,50.62356541317161,14.294664127700537,-0.07711048004884682,0.18699695235170657,0.43060184503275234,-0.07743409927922296,-0.027134077921582612,-0.7146821618080139,-0.049507901072502136,-0.1622716337442398,-0.7146821618080139,-0.049507901072502136,-0.1622716337442398,0.4711907029151916,-0.017327765375375746,-0.04056790843605995,0.03582897669602404,0.20000000000004547,,none,0.04633934187944444,0.0,-0.010000000000002274,-0.00051036518341812
R01_horizontal_empty,688,138.59999999999727,74.67486470537179,50.616319308156825,14.278484482809219,-0.08802226862915534,0.1805564799351795,0.4529940994814993,-0.034890317407645546,-0.03656019821780858,-0.613510251045227,0.14800146222114563,-0.2230706512928009,-0.613510251045227,0.14800146222114563,-0.2230706512928009,0.5318938493728638,0.05180051177740097,-0.055767662823200226,0.03692113238693458,0.20000000000004547,,none,0.047979976879955366,0.0,-0.010000000000002274,-0.0010588444930185138
R01_horizontal_empty,689,138.7999999999973,74.7678399195203,50.60796391218614,14.261846634020415,-0.08917396303609076,0.1718176428244872,0.4933211114386432,0.01928980947766696,-0.04982816439349577,-0.4409758448600769,0.3705481290817261,-0.3074564039707184,-0.4409758448600769,0.3705481290817261,-0.3074564039707184,0.6354144930839538,0.12969184517860413,-0.0768641009926796,0.03952889163009024,0.20000000000004547,,none,0.05125721354016122,0.0,-0.010000000000002274,-0.001728321910068704
R01_horizontal_empty,690,138.99999999999736,74.87313118497248,50.59901088580481,14.244182645140228,-0.0782763160090119,0.15861612219490226,0.5742568152709132,0.0847527124926773,-0.07991908494539154,-0.06760652363300323,0.6232728362083435,-0.5649396181106567,-0.06760652363300323,0.6232728362083435,-0.5649396181106567,0.8594360858201979,0.21814549267292022,-0.14123490452766418,0.04249923749410688,0.20000000000004547,,none,0.05789067815790183,0.0,-0.010000000000002274,-0.005391440663792673
R01_horizontal_empty,691,139.1999999999974,74.99631592244883,50.590739020291906,14.225642471578752,-0.05382006843184258,0.13856620252467927,0.6742568152709133,0.15454919265343264,-0.11773027685113091,0.549400269985199,0.8479212522506714,-0.779110312461853,0.549400269985199,0.8479212522506714,-0.779110312461853,1.2296401619911193,0.296772438287735,-0.19477757811546326,0.048274455317800107,0.20000000000004547,,none,0.06781512292820668,0.0,-0.010000000000002274,-0.009540667610404303
R01_horizontal_empty,692,139.39999999999745,75.13991665249125,50.585532252678675,14.20746495091021,-0.017610244162716265,0.11289583699907695,0.7742568152709134,0.20383441576969047,-0.13748449981375077,0.7217679023742676,0.8693205118179321,-0.7109495401382446,0.7217679023742676,0.8693205118179321,-0.7109495401382446,1.3330607414245605,0.30426217913627623,-0.17773738503456116,0.06881275532540591,0.20000000000004547,,none,0.07950904372319201,0.0,-0.010000000000002274,-0.0006962883977838175
R01_horizontal_empty,693,139.5999999999975,75.30394629478941,50.586225523169446,14.191215636513311,0.02631796547725495,0.08493869683788592,0.8742568152709135,0.2332319818947163,-0.14176433036173006,0.6703217029571533,0.8375284671783447,-0.6019411087036133,0.6703217029571533,0.8375284671783447,-0.6019411087036133,1.302193021774292,0.29313496351242063,-0.15048527717590332,0.08110031965909766,0.20000000000004547,,none,0.09141112533231333,0.0,-0.010000000000002274,-0.0003108056732133946
R01_horizontal_empty,694,139.79999999999754,75.48734383994815,50.59546935133303,14.178203547739264,0.07405504836396004,0.057145147773145194,0.9627090095079011,0.24337441067429985,-0.13656317230716924,0.6239533424377441,0.7544042468070984,-0.5038594007492065,0.6239533424377441,0.7544042468070984,-0.5038594007492065,1.2743720054626464,0.2640414863824844,-0.12596485018730164,0.09220240839780022,0.20000000000004547,,none,0.10257600204389927,0.0,-0.010000000000002274,-0.00037359364609677924
R01_horizontal_empty,695,139.99999999999758,75.68582410716,50.61507934981082,14.169446536126385,0.12220236905665713,0.0314396914430935,1.0307106465641822,0.23846855155170782,-0.12161782401722121,0.6171939373016357,0.6527770161628723,-0.36465564370155334,0.6171939373016357,0.6527770161628723,-0.36465564370155334,1.2703163623809814,0.2284719556570053,-0.09116391092538834,0.10026184888247071,0.20000000000004547,,none,0.1108568782733208,0.0,-0.010000000000002274,-0.0005950293908478166
R01_horizontal_empty,696,140.19999999999763,75.89535585599623,50.64578086409393,14.165189474717247,0.16760768925304287,0.009906140906188875,1.0850585547810512,0.2171885287536553,-0.09567313616143336,0.627591609954834,0.49664726853370667,-0.17122413218021393,0.627591609954834,0.49664726853370667,-0.17122413218021393,1.2765549659729003,0.1738265439867973,-0.04280603304505348,0.10478548384598342,0.20000000000004547,,none,0.1160234910328013,0.0,-0.010000000000002274,-0.0012380071868156018
R01_horizontal_empty,697,140.39999999999768,76.11116963224706,50.686843765795246,14.164929437145043,0.20681054500650625,-0.006535324407767638,1.110744285523793,0.1778081346772247,-0.07062909027458822,0.5020811557769775,0.27875226736068726,-0.07838884741067886,0.5020811557769775,0.27875226736068726,-0.07838884741067886,1.2012486934661866,0.09756329357624054,-0.019597211852669716,0.10590838985805275,0.20000000000004547,,none,0.11734537977290227,0.0,-0.010000000000002274,-0.001436989914847252
R01_horizontal_empty,698,140.59999999999772,76.32099145368102,50.73417702857111,14.167481629691007,0.2344179546117267,-0.015455630257238907,1.0435825778539616,0.10384088359727693,-0.022222388230262992,-0.15510603785514832,-0.13394594192504883,0.3056609034538269,-0.15510603785514832,-0.13394594192504883,0.3056609034538269,0.8069363772869109,-0.04688107967376709,0.07641522586345673,0.08590309840587851,0.20000000000004547,,none,0.110897279017097,0.0,-0.010000000000002274,-0.014994180611216228
R01_horizontal_empty,699,140.79999999999777,76.51391120756747,50.78171344109311,14.170664426172374,0.24518613133118206,-0.014768397132033049,0.9435825778539616,0.0038408835972769187,0.025498025146553083,-0.9352936744689941,-0.7744559049606323,0.49094879627227783,-0.9352936744689941,-0.7744559049606323,0.49094879627227783,0.3388237953186035,-0.2710595667362213,0.12273719906806946,0.06676742318321688,0.20000000000004547,,none,0.09783297046918005,0.0,-0.010000000000002274,-0.021065547285960894
R01_horizontal_empty,700,140.9999999999978,76.68738514018295,50.82463011155833,14.17270726281061,0.2359543080506374,-0.007033667908687322,0.8435825778539615,-0.09584576157521399,0.0500023710545293,-0.9824484586715698,-0.944358766078949,0.39973804354667664,-0.9824484586715698,-0.944358766078949,0.39973804354667664,0.31053092479705807,-0.3305255681276321,0.09993451088666916,0.07267174610278185,0.20000000000004547,,none,0.08345994524882716,0.0,-0.010000000000002274,-0.0007881991460430449
R01_horizontal_empty,701,141.19999999999786,76.84212817814931,50.85989705908994,14.173047695360957,0.20890771435386063,0.0029253804627642145,0.7435825778539614,-0.16909906361113436,0.04961714704808024,-0.9806008338928223,-0.9096177816390991,0.1953287273645401,-0.9806008338928223,-0.9096177816390991,0.1953287273645401,0.31163949966430665,-0.31836622357368466,0.048832181841135025,0.0595307737899991,0.20000000000004547,,none,0.07039064415518581,0.0,-0.010000000000002274,-0.000859870365184432
R01_horizontal_empty,702,141.3999999999979,76.97866588097563,50.88630230953682,14.171933645793555,0.17089164768586748,0.013570996257768603,0.6510358060942091,-0.20812054822940224,0.05633284759746813,-0.9612338542938232,-0.8218115568161011,0.2800693213939667,-0.9612338542938232,-0.8218115568161011,0.2800693213939667,0.32325968742370603,-0.2876340448856354,0.07001733034849167,0.04865443048888906,0.20000000000004547,,none,0.05895975011474963,0.0,-0.010000000000002274,-0.0003053196258583002
R01_horizontal_empty,703,141.59999999999795,77.1000082881623,50.904615553818196,14.169579816824807,0.1271586993005177,0.025074984262090972,0.5798055805263058,-0.22773090058132223,0.05854063146221359,-0.9519602656364441,-0.7648303508758545,0.252157598733902,-0.9519602656364441,-0.7648303508758545,0.252157598733902,0.3288238406181335,-0.26769062280654904,0.0630393996834755,0.03979196003249953,0.20000000000004547,,none,0.049874198463278674,0.0,-0.010000000000002274,-8.223843077686865e-05
R01_horizontal_empty,704,141.799999999998,77.20967334578687,50.916107641572445,14.166177737234863,0.08059746411418504,0.03678663104870187,0.5260056756250521,-0.23717002326438202,0.05857336897305247,-0.9392663836479187,-0.7325828075408936,0.2345603108406067,-0.9392663836479187,-0.7325828075408936,0.2345603108406067,0.33644016981124875,-0.25640398263931274,0.05864007771015167,0.03296039899968532,0.20000000000004547,,none,0.04299061306433316,0.0,-0.010000000000002274,-3.02140646455662e-05
R01_horizontal_empty,705,141.99999999999804,77.31035082098873,50.92185703311274,14.161881465411449,0.032738298333375666,0.04851480317597083,0.4853336890194404,-0.24112364919559162,0.0586988916385089,-0.929958701133728,-0.7119425535202026,0.23581866919994354,-0.929958701133728,-0.7119425535202026,0.23581866919994354,0.34202477931976316,-0.24917989373207092,0.058954667299985886,0.027686165515406418,0.20000000000004547,,none,0.037696450245520374,0.0,-0.010000000000002274,-1.0284730111682628e-05
R01_horizontal_empty,706,142.19999999999808,77.40407248725673,50.92267918516953,14.156791096853834,-0.015801508061489174,0.060029670233154975,0.4548269358719369,-0.24405358506995498,0.05660741390708281,-0.9211074709892273,-0.7143539190292358,0.209382563829422,-0.9211074709892273,-0.7143539190292358,0.209382563829422,0.3473355174064636,-0.25002387166023254,0.0523456409573555,0.023518481301536727,0.20000000000004547,,none,0.03353414183405601,0.0,-0.010000000000002274,-1.566053251700783e-05
R01_horizontal_empty,707,142.39999999999813,77.49243754308735,50.919135248729944,14.150991280202648,-0.06483414655347201,0.07084002003720016,0.43256815611312516,-0.24611726035077508,0.051854325111179614,-0.90976881980896,-0.7152068018913269,0.16867610812187195,-0.90976881980896,-0.7152068018913269,0.16867610812187195,0.354138708114624,-0.2503223806619644,0.04216902703046799,0.020195765616400116,0.20000000000004547,,none,0.03023149177552309,0.0,-0.010000000000002274,-3.572615912069921e-05
R01_horizontal_empty,708,142.59999999999818,77.57674899919867,50.91158524095619,14.14456926470344,-0.11407940941559173,0.08033566336697877,0.4171607080956721,-0.2463200816037695,0.043715530307243754,-0.8952131271362305,-0.7049524784088135,0.10852491855621338,-0.8952131271362305,-0.7049524784088135,0.10852491855621338,0.3628721237182617,-0.2467333674430847,0.027131229639053345,0.01753780147596979,0.20000000000004547,,none,0.02761650517488068,0.0,-0.010000000000002274,-7.87036989086154e-05
R01_horizontal_empty,709,142.79999999999822,77.65808775272826,50.90023977407666,14.137624712640898,-0.16325212509303386,0.0880246040250612,0.40756302160938435,-0.24547106562554846,0.03391271579596477,-0.8770911693572998,-0.6964029669761658,0.05575066804885864,-0.8770911693572998,-0.6964029669761658,0.05575066804885864,0.3737452983856201,-0.243741038441658,0.01393766701221466,0.015507420181132936,0.20000000000004547,,none,0.025571152601457037,0.0,-0.010000000000002274,-6.373242032182702e-05
R01_horizontal_empty,710,142.99999999999827,77.73736615700524,50.885179322080376,14.130256991770976,-0.21227720393910843,0.09366789336592016,0.4030448659898059,-0.24482817741124352,0.023318653586437435,-0.8547916412353516,-0.6957662105560303,0.006925164721906185,-0.8547916412353516,-0.6957662105560303,0.006925164721906185,0.38712501525878906,-0.24351817369461057,0.0017312911804765463,0.013941206126100373,0.20000000000004547,,none,0.023998838209869255,0.0,-0.010000000000002274,-5.76320837666078e-05
R01_horizontal_empty,711,143.1999999999983,77.81525717293724,50.866387245692366,14.122565983829013,-0.26120635946700144,0.09736329131379994,0.40201964393964634,-0.24448894580225017,0.014314007357881315,-0.83598792552948,-0.6965648531913757,-0.016138503327965736,-0.83598792552948,-0.6965648531913757,-0.016138503327965736,0.398407244682312,-0.2437976986169815,-0.004034625831991434,0.01276765164133568,0.20000000000004547,,none,0.022785374648104373,0.0,-0.010000000000002274,-1.772300676641832e-05
R01_horizontal_empty,712,143.39999999999836,77.89219767038169,50.843791618538866,14.114634686017444,-0.3100253639486378,0.09955298334465233,0.40378248870161604,-0.24375631732641956,0.008054679388915631,-0.8166767954826355,-0.6921812891960144,-0.018799439072608948,-0.8166767954826355,-0.6921812891960144,-0.018799439072608948,0.4099939227104187,-0.242263451218605,-0.004699859768152237,0.011800682354168965,0.20000000000004547,,none,0.021808666673291732,0.0,-0.010000000000002274,-7.984319120493758e-06
R01_horizontal_empty,713,143.5999999999984,77.96845271498259,50.81729799720949,14.106517547851382,-0.35863028088721816,0.10068979828273752,0.4074531282045319,-0.24239542286805152,0.0036457701106084586,-0.7993554472923279,-0.6846352815628052,-0.021352794021368027,-0.7993554472923279,-0.6846352815628052,-0.021352794021368027,0.42038673162460327,-0.2396223485469818,-0.005338198505342007,0.010956475260576127,0.20000000000004547,,none,0.020963745079694895,0.0,-0.010000000000002274,-7.269819116493548e-06
R01_horizontal_empty,714,143.79999999999845,78.04414503932993,50.786825275307706,14.098248200706555,-0.40655048233421526,0.10122260033547173,0.4125212112432939,-0.23719829952651708,0.0018198688538576127,-0.7827020883560181,-0.6474519968032837,-0.007602971512824297,-0.7827020883560181,-0.6474519968032837,-0.007602971512824297,0.4303787469863891,-0.22660819888114928,-0.0019007428782060742,0.010128386993189221,0.20000000000004547,,none,0.02016536676615921,0.0,-0.010000000000002274,-3.697977296771377e-05
R01_horizontal_empty,715,143.9999999999985,78.11917615532369,50.75241721566811,14.089843778456348,-0.4529424636717697,0.10175218171323817,0.41704664675608744,-0.22745580690221995,0.0033598744809097995,-0.7783464193344116,-0.5931533575057983,0.025991683825850487,-0.7783464193344116,-0.5931533575057983,0.025991683825850487,0.432992148399353,-0.2076036751270294,0.006497920956462622,0.00922025335274009,0.20000000000004547,,none,0.019302171651732536,0.0,-0.010000000000002274,-8.191829899017105e-05
R01_horizontal_empty,716,144.19999999999854,78.19320281245093,50.71432674957957,14.081306516829864,-0.4969256933156993,0.10271414521843739,0.41976971287809517,-0.2134333631172905,0.006056514434660885,-0.7843924760818481,-0.5281715393066406,0.04620566964149475,-0.7843924760818481,-0.5281715393066406,0.04620566964149475,0.42936451435089107,-0.1848600387573242,0.011551417410373688,0.008169307259098379,0.20000000000004547,,none,0.018262663193524986,0.0,-0.010000000000002274,-9.33559344243335e-05
R01_horizontal_empty,717,144.39999999999858,78.26591292369726,50.67291890024838,14.07262138845041,-0.5377774650662666,0.10423229413266012,0.4214430630798166,-0.1963703928793244,0.008909913606599767,-0.7877680659294128,-0.4617183804512024,0.05889697000384331,-0.7877680659294128,-0.4617183804512024,0.05889697000384331,0.4273391604423523,-0.16160143315792083,0.014724242500960827,0.006948867335470724,0.20000000000004547,,none,0.017040637056144448,0.0,-0.010000000000002274,-9.176972067144878e-05
R01_horizontal_empty,718,144.59999999999863,78.33704730568783,50.628641504747165,14.06376750106844,-0.575048783256785,0.10647428648569107,0.4211695080067645,-0.17774647626681192,0.013187600086031339,-0.7996572852134705,-0.3994194269180298,0.08761671185493469,-0.7996572852134705,-0.3994194269180298,0.08761671185493469,0.4202056288719177,-0.1397967994213104,0.021904177963733673,0.005555821360416486,0.20000000000004547,,none,0.015652768094788883,0.0,-0.010000000000002274,-9.694673437012275e-05
R01_horizontal_empty,719,144.79999999999868,78.40634395477855,50.58203368166363,14.05471457029072,-0.6083783249816771,0.10967913507411899,0.41898562387759,-0.15710471356917138,0.01846325866188205,-0.8145155906677246,-0.328695148229599,0.11685355752706528,-0.8145155906677246,-0.328695148229599,0.11685355752706528,0.41129064559936523,-0.11504330188035965,0.02921338938176632,0.003977438016063031,0.20000000000004547,,none,0.01409898773570184,0.0,-0.010000000000002274,-0.0001215497196365345
R01_horizontal_empty,720,144.99999999999872,78.47361745010072,50.533667227775325,14.04541288535737,-0.6375424550568811,0.11420336018469779,0.4149903905810499,-0.13611833362105688,0.026196162391224933,-0.8318115472793579,-0.2667277157306671,0.16781353950500488,-0.8318115472793579,-0.2667277157306671,0.16781353950500488,0.4009130716323852,-0.09335470050573348,0.04195338487625122,0.002264797468964808,0.20000000000004547,,none,0.012399518120343345,0.0,-0.010000000000002274,-0.0001347206513762622
R01_horizontal_empty,721,145.19999999999877,78.53882208352371,50.484053706939825,14.035764987459636,-0.6626221289480535,0.12065137710597947,0.4102524868214442,-0.1161810790036331,0.037436798482457526,-0.8440694212913513,-0.21587209403514862,0.2413666993379593,-0.8440694212913513,-0.21587209403514862,0.2413666993379593,0.3935583472251892,-0.07555523291230201,0.06034167483448982,0.00040519774018561814,0.20000000000004547,,none,0.010568130081282767,0.0,-0.010000000000002274,-0.00016293234109487464
R01_horizontal_empty,722,145.3999999999988,78.60211841315376,50.433551506402736,14.025605868779408,-0.6834525293707817,0.12942651456621695,0.4060557167423886,-0.09380910414694615,0.04941200323632181,-0.8478862047195435,-0.13777732849121094,0.29525479674339294,-0.8478862047195435,-0.13777732849121094,0.29525479674339294,0.3912682771682739,-0.04822206497192383,0.07381369918584824,-0.001568082695895799,0.20000000000004547,,none,0.008612263049768032,0.0,-0.010000000000002274,-0.00018034574566155648
R01_horizontal_empty,723,145.59999999999886,78.66420215707628,50.382099400053654,14.014665567849022,-0.6997292865791869,0.1407988821323946,0.4076036953978277,-0.07070019007383996,0.0632673899597023,-0.8115699291229248,-0.06746143102645874,0.3660012185573578,-0.8115699291229248,-0.06746143102645874,0.3660012185573578,0.4130580425262451,-0.02361150085926056,0.09150030463933945,-0.0036505363726561774,0.20000000000004547,,none,0.006574828697525348,0.0,-0.010000000000002274,-0.0002253650701792509
R01_horizontal_empty,724,145.7999999999989,78.72608003306905,50.32935248783625,14.002570793202867,-0.7110827917573517,0.15506700311570581,0.41413319972483154,-0.044787876465767,0.07828215490626504,-0.7714331746101379,0.022895023226737976,0.4355100691318512,-0.7714331746101379,0.022895023226737976,0.4355100691318512,0.4371400952339172,0.008013258129358292,0.1088775172829628,-0.005889705317006145,0.20000000000004547,,none,0.0044024292469204696,0.0,-0.010000000000002274,-0.00029213456392434
R01_horizontal_empty,725,145.99999999999895,78.78870286624436,50.275060725774026,13.988914786778642,-0.7160069038650816,0.17186091976986767,0.4253320747606388,-0.007280203269022069,0.0888597749127225,-0.7253472805023193,0.19756749272346497,0.4416545331478119,-0.7253472805023193,0.19756749272346497,0.4416545331478119,0.4647916316986084,0.06914862245321274,0.11041363328695297,-0.008661478590310918,0.20000000000004547,,none,0.001991964123168266,0.0,-0.010000000000002274,-0.0006534427134769105
R01_horizontal_empty,726,146.199999999999,78.85456465787779,50.21789104994765,13.973001168061119,-0.7117848308634359,0.18850935068458052,0.45959776378027284,0.045521278130945995,0.07841198559926128,-0.5327768325805664,0.4374687671661377,0.22849072515964508,-0.5327768325805664,0.4374687671661377,0.22849072515964508,0.5803339004516601,0.15311406850814818,0.05712268128991127,-0.013466893021043008,0.20000000000004547,,none,-0.0006653968624803497,0.0,-0.010000000000002274,-0.0028014961585603837
R01_horizontal_empty,727,146.39999999999904,78.93000758791844,50.153697136883935,13.953507040968335,-0.6964715705987519,0.1975427123866057,0.5459317565094244,0.10325958046611045,0.01658178260479498,-0.08311324566602707,0.6311773061752319,-0.43763479590415955,-0.08311324566602707,0.6311773061752319,-0.43763479590415955,0.8501320526003837,0.22091205716133117,-0.10940869897603989,-0.027281747555904824,0.20000000000004547,,none,-0.0036128765700143006,0.0,-0.010000000000002274,-0.01366887098588825
R01_horizontal_empty,728,146.59999999999908,79.0206086441868,50.079848726284204,13.930216300621948,-0.6699183505197813,0.19315518095519946,0.6459317565094245,0.15813653636148378,-0.05633781091384654,0.4055659770965576,0.7713099718093872,-0.8313711285591125,0.4055659770965576,0.7713099718093872,-0.8313711285591125,1.1433395862579345,0.2699584901332855,-0.20784278213977814,-0.024719106053185308,0.20000000000004547,,none,-0.006449649125380041,0.0,-0.010000000000002274,-0.008269456927802992
R01_horizontal_empty,729,146.79999999999913,79.12929537504198,49.996789881468594,13.904545330400461,-0.6346898314004844,0.17625244165201576,0.7459317565094246,0.19162465088244185,-0.10874002016224599,0.8602049946784973,0.7424653768539429,-0.8620768785476685,0.8602049946784973,0.7424653768539429,-0.8620768785476685,1.4161229968070983,0.25986288189888,-0.21551921963691711,-0.022689329974957283,0.20000000000004547,,none,-0.008519900173987516,0.0,-0.010000000000002274,-0.0041694298009674925
R01_horizontal_empty,730,146.99999999999918,79.2575668441452,49.90619624877651,13.87855844334289,-0.5957072349398206,0.15098397191223661,0.8459317565094246,0.19774037102797806,-0.14147726634018895,0.8813196420669556,0.6005779504776001,-0.8327418565750122,0.8813196420669556,0.6005779504776001,-0.8327418565750122,1.4287917852401733,0.21020228266716,-0.20818546414375305,-0.02011272400271558,0.20000000000004547,,none,-0.009683955730469762,0.0,-0.010000000000002274,-0.00042876827224354487
R01_horizontal_empty,731,147.19999999999922,79.40640794389202,49.80946445240352,13.854239613397057,-0.5583416734860456,0.12135021443441639,0.9459317565094247,0.1774449149199733,-0.1539223227670711,0.8335402011871338,0.3888261914253235,-0.7171257138252258,0.8335402011871338,0.3888261914253235,-0.7171257138252258,1.4001241207122803,0.1360891669988632,-0.17928142845630646,-0.02149574216426302,0.20000000000004547,,none,-0.010285966666323532,0.0,-0.010000000000002274,-0.0012097754979372155
R01_horizontal_empty,732,147.39999999999927,79.5717136591929,49.70969345097761,13.833581654426613,-0.5306861008609524,0.09282600812965275,0.9937642146810352,0.10460106281305924,-0.13290390166507404,0.4371720850467682,-0.12523362040519714,-0.3602999150753021,0.4371720850467682,-0.12523362040519714,-0.3602999150753021,1.1623032510280609,-0.043831767141818995,-0.09007497876882553,-0.031761671376570405,0.20000000000004547,,none,-0.010787874890859861,0.0,-0.010000000000002274,-0.010973796485708273
R01_horizontal_empty,733,147.5999999999993,79.73463861928025,49.61566316157557,13.81808732354514,-0.5197658882983405,0.07413237075312841,0.8937642146810351,0.004601062813059227,-0.057001068913340794,-0.9350972175598145,-0.8749128580093384,0.4219267666339874,-0.9350972175598145,-0.8749128580093384,0.4219267666339874,0.3389416694641113,-0.3062195003032684,0.10548169165849686,-0.08258357354804485,0.20000000000004547,,none,-0.011443161953062386,0.0,-0.010000000000002274,-0.06114041159498019
R01_horizontal_empty,734,147.79999999999936,79.88052571816962,49.531678526901075,13.806221559682303,-0.5288242390630178,0.06855091057382322,0.793764214681035,-0.09333434362393275,-0.002891759237217911,-0.9597592353820801,-0.8909264802932739,0.4294638931751251,-0.9597592353820801,-0.8909264802932739,0.4294638931751251,0.32414445877075193,-0.31182426810264585,0.10736597329378128,-0.02309552124104357,0.20000000000004547,,none,-0.013077092051076988,0.0,-0.010000000000002274,-1.8429189964308534e-05
R01_horizontal_empty,735,147.9999999999994,80.00784325427492,49.45532762707731,13.79593277510372,-0.5545758608107912,0.07091634454850644,0.6964390877096963,-0.1592163385374283,0.02448286933918012,-0.9320066571235657,-0.8384659886360168,0.32105496525764465,-0.9320066571235657,-0.8384659886360168,0.32105496525764465,0.3407960057258606,-0.2934630960226059,0.08026374131441116,-0.025633538486569095,0.20000000000004547,,none,-0.015328042397824149,0.0,-0.010000000000002274,-0.0003054960887426717
R01_horizontal_empty,736,148.19999999999945,80.11825428364806,49.38431830041746,13.78624910491272,-0.5905784544981347,0.07678572382877445,0.6233763677425789,-0.19789442543184518,0.033529107228591454,-0.8901036977767944,-0.7905948162078857,0.20784996449947357,-0.8901036977767944,-0.7905948162078857,0.20784996449947357,0.3659377813339233,-0.27670818567276,0.05196249112486839,-0.02769992263204753,0.20000000000004547,,none,-0.017362665045078884,0.0,-0.010000000000002274,-0.0003372575869663708
R01_horizontal_empty,737,148.3999999999995,80.21571250554311,49.31608826346414,13.776694571620263,-0.6323153965270188,0.08361742749365202,0.5726086195022947,-0.2179624639433518,0.03469970155918328,-0.8437883257865906,-0.7395851612091064,0.14834001660346985,-0.8437883257865906,-0.7395851612091064,0.14834001660346985,0.39372700452804565,-0.25885480642318726,0.03708500415086746,-0.029354700296757883,0.20000000000004547,,none,-0.019188929647070196,0.0,-0.010000000000002274,-0.00016577064968541057
R01_horizontal_empty,738,148.59999999999954,80.30318986377978,49.249017815157856,13.767075141823645,-0.6766344061420783,0.09052023740244863,0.5357071953507314,-0.22471843379938408,0.034354421347398335,-0.8238600492477417,-0.6813856363296509,0.13460339605808258,-0.8238600492477417,-0.6813856363296509,0.13460339605808258,0.40568397045135496,-0.2384849727153778,0.033650849014520645,-0.030912690198233832,0.20000000000004547,,none,-0.020833229885311333,0.0,-0.010000000000002274,-7.946031292022316e-05
R01_horizontal_empty,739,148.79999999999959,80.38253538100861,49.18234026856338,13.757314396874046,-0.7214302213995244,0.09729003731042307,0.5067418704033688,-0.22334335840305272,0.033414425363217475,-0.825530469417572,-0.6301182508468628,0.12599603831768036,-0.825530469417572,-0.6301182508468628,0.12599603831768036,0.40468171834945676,-0.22054138779640195,0.03149900957942009,-0.03235022796488297,0.20000000000004547,,none,-0.022296123530379575,0.0,-0.010000000000002274,-5.410443450111657e-05
R01_horizontal_empty,740,148.99999999999963,80.45507686082948,49.1156522251159,13.747376008708642,-0.7653944818946057,0.10367272622143725,0.4847393557858928,-0.21679295163637033,0.030622864114809002,-0.821311891078949,-0.5812722444534302,0.09973816573619843,-0.821311891078949,-0.5812722444534302,0.09973816573619843,0.40721286535263057,-0.20344528555870056,0.024934541434049606,-0.03367544490538808,0.20000000000004547,,none,-0.023613580813059976,0.0,-0.010000000000002274,-6.1864092325834e-05
R01_horizontal_empty,741,149.19999999999968,80.52197296828605,49.04858675850766,13.73723987626612,-0.8078348302280274,0.10940491596622583,0.4687407524747083,-0.20825410572712577,0.02697404532374106,-0.8127179741859436,-0.5452989339828491,0.07815560698509216,-0.8127179741859436,-0.5452989339828491,0.07815560698509216,0.4123692154884338,-0.19085462689399718,0.01953890174627304,-0.034890996617424404,0.20000000000004547,,none,-0.024854321791101697,0.0,-0.010000000000002274,-3.6674826320433066e-05
R01_horizontal_empty,742,149.39999999999972,80.58416836401013,48.980816589377795,13.726895686078066,-0.8485150982114652,0.11444850173459087,0.4574872157491507,-0.19922881179325513,0.023707976435984438,-0.803608238697052,-0.5166803002357483,0.06821102648973465,-0.803608238697052,-0.5166803002357483,0.06821102648973465,0.4178350567817688,-0.18083810508251189,0.017052756622433662,-0.03608469497701937,0.20000000000004547,,none,-0.02606467681382796,0.0,-0.010000000000002274,-2.0018163189138293e-05
R01_horizontal_empty,743,149.59999999999977,80.64235268879072,48.91211833188241,13.716339091591722,-0.8874081062200413,0.11890468192011056,0.449386015660522,-0.19036903121349616,0.02105386609284006,-0.7985979914665222,-0.49233025312423706,0.06258250027894974,-0.7985979914665222,-0.49233025312423706,0.06258250027894974,0.42084120512008666,-0.17231558859348295,0.015645625069737434,-0.03727102897347823,0.20000000000004547,,none,-0.02725803481989697,0.0,-0.010000000000002274,-1.2994153578986811e-05
R01_horizontal_empty,744,149.7999999999998,80.69695871058106,48.84242997636717,13.705578428138637,-0.9247141417635025,0.12292265876952685,0.44282721857744123,-0.18322943648975556,0.01926102880259399,-0.8004714846611023,-0.48194625973701477,0.06243116408586502,-0.8004714846611023,-0.48194625973701477,0.06243116408586502,0.4197171092033386,-0.16868119090795516,0.015607791021466255,-0.03841029973777951,0.20000000000004547,,none,-0.028408072533816053,0.0,-0.010000000000002274,-2.22720396118703e-06
R01_horizontal_empty,745,149.99999999999986,80.74828088932401,48.771746229684865,13.694617626069556,-0.9606691985182305,0.12670172243595054,0.4378107951374361,-0.17680531779612613,0.01858087142018412,-0.7997745275497437,-0.46775710582733154,0.06877969950437546,-0.7997745275497437,-0.46775710582733154,0.06877969950437546,0.4201352834701538,-0.16371498703956602,0.017194924876093864,-0.03952142027121005,0.20000000000004547,,none,-0.029516577836410818,0.0,-0.010000000000002274,-4.842434796956674e-06
R01_horizontal_empty,746,150.1999999999999,80.79657777251725,48.700031477253646,13.683440258806893,-0.9953546517360523,0.13041547869478068,0.4342094920313773,-0.17052273364232004,0.018558385904619983,-0.7974663376808167,-0.45063087344169617,0.07405027002096176,-0.7974663376808167,-0.45063087344169617,0.07405027002096176,0.42152019739151,-0.15772080570459365,0.01851256750524044,-0.04062697481165788,0.20000000000004547,,none,-0.030620446521860245,0.0,-0.010000000000002274,-6.5282897953622414e-06
R01_horizontal_empty,747,150.39999999999995,80.84212113318998,48.62716912089747,13.67200706168674,-1.0287109977433608,0.13414878655125242,0.43272197669211254,-0.1635651225660419,0.01875953223276841,-0.7875322103500366,-0.4268220067024231,0.07667762041091919,-0.7875322103500366,-0.4268220067024231,0.07667762041091919,0.427480673789978,-0.14938770234584808,0.019169405102729797,-0.04178779629960615,0.20000000000004547,,none,-0.03177434725977779,0.0,-0.010000000000002274,-1.3449039826084475e-05
R01_horizontal_empty,748,150.6,80.88516979887224,48.55301671396441,13.660270624798462,-1.0606234299879498,0.1379150247287496,0.4327314286374755,-0.1561203160078107,0.01889280477198866,-0.7787254452705383,-0.40271469950675964,0.0766574889421463,-0.7787254452705383,-0.40271469950675964,0.0766574889421463,0.432764732837677,-0.14095014482736587,0.019164372235536575,-0.04301900709863072,0.20000000000004547,,none,-0.03300583266309509,0.0,-0.010000000000002274,-1.3174435533351847e-05
R01_horizontal_empty,749,150.80000000000004,80.92593323933602,48.47747120114554,13.648190859501458,-1.0910484278733716,0.1416730642480978,0.43410882088876046,-0.14868970876960547,0.018701973408472683,-0.7683964967727661,-0.3815670609474182,0.07325247675180435,-0.7683964967727661,-0.3815670609474182,0.07325247675180435,0.43896210193634033,-0.13354847133159636,0.018313119187951088,-0.044318206163450544,0.20000000000004547,,none,-0.03430689608541382,0.0,-0.010000000000002274,-1.1310078034451054e-05
R01_horizontal_empty,750,151.00000000000009,80.96459207571247,48.400438092413964,13.635736299873308,-1.1199945240540343,0.14528843762299035,0.43664578122292896,-0.14132623881371356,0.01753938480840681,-0.7573586106300354,-0.36091944575309753,0.06068158149719238,-0.7573586106300354,-0.36091944575309753,0.06068158149719238,0.44558483362197876,-0.12632180601358414,0.015170395374298096,-0.04568848292555015,0.20000000000004547,,none,-0.035674359198523575,0.0,-0.010000000000002274,-1.4123727024301091e-05
R01_horizontal_empty,751,151.20000000000013,81.00128804584504,48.321855022487405,13.62289630154088,-1.1475743034668684,0.14858494239665862,0.43996545776652507,-0.1349519838191461,0.015573808680297811,-0.747229278087616,-0.3484664559364319,0.046274334192276,-0.747229278087616,-0.3484664559364319,0.046274334192276,0.4516624331474304,-0.12196325957775116,0.011568583548069,-0.0470933772825563,0.20000000000004547,,none,-0.037084072300393345,0.0,-0.010000000000002274,-9.304982160678322e-06
R01_horizontal_empty,752,151.40000000000018,81.03609795306731,48.241732126832254,13.609688007679358,-1.1741293583860122,0.15143089641433002,0.4434049261665969,-0.13090368614325787,0.013074132449087436,-0.7407933473587036,-0.35044151544570923,0.031922318041324615,-0.7407933473587036,-0.35044151544570923,0.031922318041324615,0.45552399158477785,-0.12265453040599822,0.007980579510331154,-0.04849277849603302,0.20000000000004547,,none,-0.038487752447390555,0.0,-0.010000000000002274,-5.026048640194292e-06
R01_horizontal_empty,753,151.60000000000022,81.06903552893692,48.16012532336471,13.596151071571253,-1.2001389531510258,0.1536866636614293,0.4468387457097821,-0.12931221119948852,0.009735196126868061,-0.7351034879684448,-0.3601979613304138,0.01172598171979189,-0.7351034879684448,-0.3601979613304138,0.01172598171979189,0.4589379072189331,-0.12606928646564483,0.0029314954299479723,-0.04985524686535109,0.20000000000004547,,none,-0.03984453777060892,0.0,-0.010000000000002274,-1.0709094739890946e-05
R01_horizontal_empty,754,151.80000000000027,81.10007396800597,48.077080303103465,13.582342741234395,-1.2261028876618485,0.15515817324601597,0.45027037883402493,-0.13025600038382962,0.005313187162844375,-0.7293969392776489,-0.37765470147132874,-0.014789897948503494,-0.7293969392776489,-0.37765470147132874,-0.014789897948503494,0.46236183643341067,-0.13217914551496504,-0.0036974744871258736,-0.051155069021038925,0.20000000000004547,,none,-0.041134261134058825,0.0,-0.010000000000002274,-2.0807886977827502e-05
R01_horizontal_empty,755,152.0000000000003,81.12914856966891,47.992618198793224,13.568339539424398,-1.2525375318331637,0.1556209472820483,0.4537614060570873,-0.13382169446021322,-0.0002650167789426518,-0.7232297658920288,-0.40310701727867126,-0.04652655869722366,-0.7232297658920288,-0.40310701727867126,-0.04652655869722366,0.46606214046478267,-0.14108745604753492,-0.011631639674305916,-0.0523738115168013,0.20000000000004547,,none,-0.04233995011593894,0.0,-0.010000000000002274,-3.38614008600871e-05
R01_horizontal_empty,756,152.20000000000036,81.15617507424761,47.906668178000025,13.554220862290522,-1.2799208666004542,0.1550727253526002,0.45804844220607965,-0.13957781368867878,-0.004870115565739222,-0.7114101052284241,-0.43230563402175903,-0.05701542645692825,-0.7114101052284241,-0.43230563402175903,-0.05701542645692825,0.47315393686294555,-0.15130697190761566,-0.014253856614232063,-0.053506870329178946,0.20000000000004547,,none,-0.04348482473028081,0.0,-0.010000000000002274,-2.2045598895861218e-05
R01_horizontal_empty,757,152.4000000000004,81.18098829552892,47.8192799569228,13.540074942700803,-1.3085788392262587,0.15375477525576414,0.4612068391513521,-0.14648157509161885,-0.00806833513901772,-0.7127740979194641,-0.4587121903896332,-0.05834119766950607,-0.7127740979194641,-0.4587121903896332,-0.05834119766950607,0.47233554124832156,-0.1605492666363716,-0.014585299417376518,-0.05452805336444874,0.20000000000004547,,none,-0.044514034877154884,0.0,-0.010000000000002274,-1.4018487291580507e-05
R01_horizontal_empty,758,152.60000000000045,81.20334719853139,47.7307386848719,13.526004352271768,-1.338512563946023,0.15190666369030537,0.46273662498873347,-0.15240892676808004,-0.010248463901048367,-0.7197885513305664,-0.46996286511421204,-0.058763518929481506,-0.7197885513305664,-0.46996286511421204,-0.058763518929481506,0.46812686920166013,-0.1644870027899742,-0.014690879732370377,-0.0553277778719288,0.20000000000004547,,none,-0.0453242587000533,0.0,-0.010000000000002274,-3.5191718732285884e-06
R01_horizontal_empty,759,152.8000000000005,81.22303473812066,47.6413983548252,13.51210021257877,-1.3694361274852824,0.14968131490560635,0.46264583427513123,-0.15651707677486537,-0.01188191081962738,-0.7294567823410034,-0.4711091220378876,-0.06084144487977028,-0.7294567823410034,-0.4711091220378876,-0.06084144487977028,0.46232593059539795,-0.16488819271326063,-0.01521036121994257,-0.05589921295588616,0.20000000000004547,,none,-0.04589723082844266,0.0,-0.010000000000002274,-1.9821274412226697e-06
R01_horizontal_empty,760,153.00000000000054,81.23990678914936,47.55154760349518,13.498428460561191,-1.4010318126065884,0.1471437520061548,0.4618068063013699,-0.159234929492726,-0.013380750421181618,-0.7352492213249207,-0.4707801640033722,-0.06573965400457382,-0.7352492213249207,-0.4707801640033722,-0.06573965400457382,0.45885046720504763,-0.16477305740118026,-0.016434913501143456,-0.05628096705035118,0.20000000000004547,,none,-0.046279813990040886,0.0,-0.010000000000002274,-1.1530603080237013e-06
R01_horizontal_empty,761,153.20000000000059,81.25388131635006,47.46137940448376,13.485034725662457,-1.43314788938808,0.14427131537558693,0.46051533606451256,-0.16173723890619834,-0.015206043300840681,-0.7400586605072021,-0.47667473554611206,-0.07570166140794754,-0.7400586605072021,-0.47667473554611206,-0.07570166140794754,0.4559648036956787,-0.16683615744113922,-0.018925415351986885,-0.05653073375659768,0.20000000000004547,,none,-0.046527591391186895,0.0,-0.010000000000002274,-3.1423654085083185e-06
R01_horizontal_empty,762,153.40000000000063,81.26489771131335,47.371052199878896,13.471963464207304,-1.465867337785573,0.14096005651335514,0.458903897248426,-0.16519651866207744,-0.017717273541474517,-0.7446234226226807,-0.4921298325061798,-0.09133747965097427,-0.7446234226226807,-0.4921298325061798,-0.09133747965097427,0.4532259464263916,-0.1722454413771629,-0.02283436991274357,-0.05666450889625423,0.20000000000004547,,none,-0.04665442537850506,0.0,-0.010000000000002274,-1.0083517746899418e-05
R01_horizontal_empty,763,153.60000000000068,81.2728917725145,47.28070477298732,13.459266429177104,-1.4994204555168713,0.1370758051927479,0.45707053919534457,-0.1699745386087216,-0.02088638340402708,-0.7489822506904602,-0.5134589672088623,-0.10937612503767014,-0.7489822506904602,-0.5134589672088623,-0.10937612503767014,0.45061064958572383,-0.1797106385231018,-0.027344031259417534,-0.05667459712197554,0.20000000000004547,,none,-0.04665861064003973,0.0,-0.010000000000002274,-1.5986481933532028e-05
R01_horizontal_empty,764,153.80000000000072,81.27778314451056,47.190505566791494,13.447009893582615,-1.534078662250473,0.13248203999284708,0.4546792615352406,-0.17614263818587522,-0.02475936167264807,-0.7562441229820251,-0.5391750931739807,-0.130605086684227,-0.7562441229820251,-0.5391750931739807,-0.130605086684227,0.4462535262107849,-0.18871128261089323,-0.03265127167105675,-0.056535326336161464,0.20000000000004547,,none,-0.046512031881430715,0.0,-0.010000000000002274,-2.3294454728476354e-05
R01_horizontal_empty,765,154.00000000000077,81.27947799448377,47.10066573893933,13.435275025744259,-1.5700981953950799,0.12705687041128622,0.45169578852361886,-0.18349829626571054,-0.029160611330937437,-0.7646942734718323,-0.5671051740646362,-0.15251588821411133,-0.7646942734718323,-0.5671051740646362,-0.15251588821411133,0.4411834359169006,-0.19848681092262266,-0.03812897205352783,-0.05620736827836826,0.20000000000004547,,none,-0.04618073672465517,0.0,-0.010000000000002274,-2.66315537108186e-05
R01_horizontal_empty,766,154.2000000000008,81.27788569246906,47.01144818688657,13.424152773433418,-1.6074660943645056,0.12077272764252565,0.44776160104330737,-0.18971234006460613,-0.03336400591006978,-0.7768343687057495,-0.5782131552696228,-0.16771680116653442,-0.7768343687057495,-0.5782131552696228,-0.16771680116653442,0.43389937877655027,-0.20237460434436796,-0.041929200291633606,-0.05564337796156156,0.20000000000004547,,none,-0.04563334122329277,0.0,-0.010000000000002274,-1.0036738266521184e-05
R01_horizontal_empty,767,154.40000000000086,81.27295456111544,46.923190809357756,13.41373618078645,-1.6460412935283177,0.11364076301908421,0.4426007332732253,-0.19559618532066064,-0.03763382356136116,-0.7926395535469055,-0.5931017398834229,-0.18533746898174286,-0.7926395535469055,-0.5931017398834229,-0.18533746898174286,0.42441626787185666,-0.20758560895919798,-0.046334367245435715,-0.05485570349949733,0.20000000000004547,,none,-0.04484006426441667,0.0,-0.010000000000002274,-1.5639235078386272e-05
R01_horizontal_empty,768,154.6000000000009,81.26467538685709,46.836279831366866,13.404116685478359,-1.6858147611859993,0.10564391864773474,0.43608935802561594,-0.2016799565539883,-0.0420051524711738,-0.8114227652549744,-0.61164790391922,-0.20365017652511597,-0.8114227652549744,-0.61164790391922,-0.20365017652511597,0.41314634084701535,-0.21407676637172698,-0.05091254413127899,-0.053803836181635,0.20000000000004547,,none,-0.043783193691631084,0.0,-0.010000000000002274,-2.064249000163887e-05
R01_horizontal_empty,769,154.80000000000095,81.25306024374123,46.75100459218759,13.395371488417355,-1.726874878292068,0.09664479834061405,0.429345352190979,-0.2084136919158257,-0.047566863639159025,-0.8240289092063904,-0.6346712112426758,-0.23559951782226562,-0.8240289092063904,-0.6346712112426758,-0.23559951782226562,0.40558265447616576,-0.2221349239349365,-0.058899879455566406,-0.05254797742579552,0.20000000000004547,,none,-0.042513782466698125,0.0,-0.010000000000002274,-3.4194959095117383e-05
R01_horizontal_empty,770,155.000000000001,81.23809464853431,46.66744170394758,13.387570828409784,-1.7695973527931832,0.08628691194272577,0.42349466381612133,-0.21808232671677225,-0.055420100743475524,-0.8285340070724487,-0.6793827414512634,-0.2856900990009308,-0.8285340070724487,-0.6793827414512634,-0.2856900990009308,0.40287959575653076,-0.23778395950794218,-0.0714225247502327,-0.05121493482489145,0.20000000000004547,,none,-0.04112436516162532,0.0,-0.010000000000002274,-9.056966326385308e-05
R01_horizontal_empty,771,155.20000000000104,81.2197140129242,46.58562932801943,13.380805256369236,-1.8145412971037067,0.0744250320043175,0.4180733957937165,-0.2304267178732521,-0.06265351516780646,-0.8350476622581482,-0.7302305698394775,-0.3095717430114746,-0.8350476622581482,-0.7302305698394775,-0.3095717430114746,0.39897140264511105,-0.2555806994438171,-0.07739293575286865,-0.0496746303874877,0.20000000000004547,,none,-0.03961066514195899,0.0,-0.010000000000002274,-6.396524552643613e-05
R01_horizontal_empty,772,155.40000000000109,81.19788102303608,46.5058646183209,13.375177897513913,-1.861992393401758,0.06115217604202693,0.4112273543290253,-0.24312702142430564,-0.06955488707405877,-0.8548247814178467,-0.7685892581939697,-0.33447083830833435,-0.8548247814178467,-0.7685892581939697,-0.33447083830833435,0.38710513114929196,-0.2690062403678894,-0.08361770957708359,-0.047902888725218966,0.20000000000004547,,none,-0.03785323895799397,0.0,-0.010000000000002274,-4.964976722272141e-05
R01_horizontal_empty,773,155.60000000000113,81.17263113634398,46.42859454244341,13.370784395837855,-1.911848300599356,0.04653307084162183,0.40332624968834424,-0.25456962025237556,-0.07613985496456935,-0.8741891980171204,-0.7939600944519043,-0.358231782913208,-0.8741891980171204,-0.7939600944519043,-0.358231782913208,0.37548648118972777,-0.2778860330581665,-0.089557945728302,-0.04582930125028062,0.20000000000004547,,none,-0.035797636401254884,0.0,-0.010000000000002274,-3.166484902346056e-05
R01_horizontal_empty,774,155.80000000000118,81.14405204865015,46.35419973437163,13.367696644793797,-1.9638343029006489,0.030612561582261857,0.3947223211897515,-0.2645390085483498,-0.08257985398773476,-0.8926564455032349,-0.8138670921325684,-0.38281017541885376,-0.8926564455032349,-0.8138670921325684,-0.38281017541885376,0.36440613269805905,-0.2848534822463989,-0.09570254385471344,-0.04352335122761851,0.20000000000004547,,none,-0.03349652272432557,0.0,-0.010000000000002274,-2.6828503290659e-05
R01_horizontal_empty,775,156.00000000000122,81.1122622889203,46.28295443539361,13.365966452849957,-2.017633622632917,0.013441390612566672,0.38613015103613263,-0.2728293449425032,-0.08867264145241238,-0.9069076776504517,-0.8277783989906311,-0.40435129404067993,-0.9069076776504517,-0.8277783989906311,-0.40435129404067993,0.355855393409729,-0.28972243964672084,-0.10108782351016998,-0.041034568211535394,0.20000000000004547,,none,-0.031017355374179267,0.0,-0.010000000000002274,-1.7212837353852706e-05
R01_horizontal_empty,776,156.20000000000127,81.0773748594662,46.214991053936494,13.365623776857227,-2.0728768165303335,-0.00465662009492367,0.37829442596704216,-0.2791278730717421,-0.09205270941960333,-0.915524959564209,-0.8341779708862305,-0.3957608938217163,-0.915524959564209,-0.8341779708862305,-0.3957608938217163,0.3506850242614746,-0.29196228981018063,-0.09894022345542908,-0.038448434437812935,0.20000000000004547,,none,-0.02844465429693166,0.0,-0.010000000000002274,-3.780140879001692e-06
R01_horizontal_empty,777,156.4000000000013,81.03950960164268,46.15037888201145,13.366665539696607,-2.1292658689641377,-0.023294735518883454,0.3711188219738395,-0.2843677230304893,-0.09416894392469585,-0.9236077070236206,-0.8429853916168213,-0.39392465353012085,-0.9236077070236206,-0.8429853916168213,-0.39392465353012085,0.3458353757858276,-0.29504488706588744,-0.09848116338253021,-0.035842758346200904,0.20000000000004547,,none,-0.025839832881302094,0.0,-0.010000000000002274,-2.9254648965348906e-06
R01_horizontal_empty,778,156.60000000000136,80.99879641415623,46.08917460230062,13.369070390879497,-2.18663647486107,-0.04216894342206898,0.3647650843130666,-0.2889899574722817,-0.09454480630607658,-0.9293708205223083,-0.8525960445404053,-0.3812427818775177,-0.9293708205223083,-0.8525960445404053,-0.3812427818775177,0.34237750768661496,-0.29840861558914183,-0.09531069546937943,-0.03323359825047079,0.20000000000004547,,none,-0.023227870090559932,0.0,-0.010000000000002274,-5.728159908588992e-06
R01_horizontal_empty,779,156.8000000000014,80.95534735774739,46.03139093191683,13.372803609436987,-2.244630351505639,-0.06102549466022636,0.3595144193038218,-0.29081151771883496,-0.09405743901729233,-0.931644082069397,-0.8414950966835022,-0.3722573518753052,-0.931644082069397,-0.8414950966835022,-0.3722573518753052,0.3410135507583618,-0.29452328383922577,-0.0930643379688263,-0.03064586788531136,0.20000000000004547,,none,-0.020641685151034928,0.0,-0.010000000000002274,-4.182734274156274e-06
R01_horizontal_empty,780,157.00000000000145,80.9092723792087,45.97700536455064,13.377829106088942,-2.302807921145109,-0.0797280850980059,0.35534482352859675,-0.2909534790315549,-0.09304478894064531,-0.9322447776794434,-0.8321221470832825,-0.3639253079891205,-0.9322447776794434,-0.8321221470832825,-0.3639253079891205,0.340653133392334,-0.29124275147914885,-0.09098132699728012,-0.028105844936354193,0.20000000000004547,,none,-0.018102692216857008,0.0,-0.010000000000002274,-3.1527194949099168e-06
R01_horizontal_empty,781,157.2000000000015,80.86069282252154,45.925999052619346,13.384112840137,-2.360926849052846,-0.09815824616189484,0.3520948109678878,-0.29028610046331865,-0.09138213608052186,-0.9322611689567566,-0.825503408908844,-0.3519766926765442,-0.9322611689567566,-0.825503408908844,-0.3519766926765442,0.34064329862594606,-0.28892619311809536,-0.08799417316913605,-0.025615062210017303,0.20000000000004547,,none,-0.015611330662583356,0.0,-0.010000000000002274,-3.7315474316734767e-06
R01_horizontal_empty,782,157.40000000000154,80.80976844570404,45.878399071787626,13.391620807406825,-2.419026932936755,-0.11641972736059558,0.3492405934423383,-0.29068469616138176,-0.09124315121550715,-0.9346938729286194,-0.832848310470581,-0.3638397753238678,-0.9346938729286194,-0.832848310470581,-0.3638397753238678,0.33918367624282836,-0.29149690866470335,-0.09095994383096695,-0.023153455538760623,0.20000000000004547,,none,-0.013149443571609076,0.0,-0.010000000000002274,-4.0119671492711006e-06
R01_horizontal_empty,783,157.6000000000016,80.75668134284098,45.834275997873945,13.400336497824947,-2.4774566527695807,-0.13480762003085062,0.34675350215190703,-0.2934072991898228,-0.09253816975568861,-0.9366830587387085,-0.8541574478149414,-0.3807080388069153,-0.9366830587387085,-0.8541574478149414,-0.3807080388069153,0.3379901647567749,-0.29895510673522946,-0.09517700970172882,-0.020695932147942513,0.20000000000004547,,none,-0.01068108065779061,0.0,-0.010000000000002274,-1.4851490149627722e-05
R01_horizontal_empty,784,157.80000000000163,80.7015741140619,45.793698881050254,13.410270139404481,-2.536559843775083,-0.15354625337123867,0.34495227655078126,-0.29732902949494966,-0.09468626165645545,-0.9356573224067688,-0.8723436594009399,-0.3962535858154297,-0.9356573224067688,-0.8723436594009399,-0.3962535858154297,0.3386056065559387,-0.30532028079032897,-0.09906339645385742,-0.018190688166669702,0.20000000000004547,,none,-0.008179219077494082,0.0,-0.010000000000002274,-1.1469089173345992e-05
R01_horizontal_empty,785,158.00000000000168,80.6445726414821,45.756744027250505,13.421448875000289,-2.596465712608451,-0.1726774136170456,0.3436733252024267,-0.30142122916799713,-0.0964894353445672,-0.934721827507019,-0.8850281238555908,-0.40065494179725647,-0.934721827507019,-0.8850281238555908,-0.40065494179725647,0.33916690349578854,-0.3097598433494568,-0.10016373544931412,-0.01562735543526399,0.20000000000004547,,none,-0.005623732580787966,0.0,-0.010000000000002274,-3.6228544737504365e-06
R01_horizontal_empty,786,158.20000000000172,80.5856950694367,45.7234300176303,13.433925441863277,-2.6570161790873077,-0.192057512208008,0.3443019376144276,-0.30389684788608035,-0.09725393045962426,-0.9224718809127808,-0.8826896548271179,-0.3952469229698181,-0.9224718809127808,-0.8826896548271179,-0.3952469229698181,0.3465168714523315,-0.30894137918949127,-0.09881173074245453,-0.013020031529880339,0.20000000000004547,,none,-0.0030163360039461296,0.0,-0.010000000000002274,-3.6955259319348954e-06
R01_horizontal_empty,787,158.40000000000177,80.52480389948654,45.69371019224566,13.447788454701316,-2.71809665816032,-0.21147556527258962,0.34727108823418096,-0.30669690234190816,-0.09694954198850397,-0.9037783741950989,-0.892578661441803,-0.3853171765804291,-0.9037783741950989,-0.892578661441803,-0.3853171765804291,0.35773297548294064,-0.31240253150463104,-0.09632929414510727,-0.010367403259077418,0.20000000000004547,,none,-0.0003564864689034053,0.0,-0.010000000000002274,-1.0916790171737746e-05
R01_horizontal_empty,788,158.6000000000018,80.46160506779917,45.66753510942104,13.463166840732216,-2.7797352528274466,-0.23058263237712748,0.3536594553249535,-0.30947933219596346,-0.09431936580917527,-0.8730515837669373,-0.9004258513450623,-0.3558395802974701,-0.8730515837669373,-0.9004258513450623,-0.3558395802974701,0.3761690497398376,-0.31514904797077176,-0.08895989507436752,-0.0076505633214218,0.20000000000004547,,none,0.0023869295330207763,0.0,-0.010000000000002274,-3.7492854440301925e-05
R01_horizontal_empty,789,158.80000000000186,80.39563349069076,45.64488692863233,13.480229236054186,-2.8419252912036272,-0.2488834200512273,0.36403869258689,-0.3122148734340952,-0.08908316419163512,-0.8323162794113159,-0.9079686999320984,-0.31365373730659485,-0.8323162794113159,-0.9079686999320984,-0.31365373730659485,0.4006102323532104,-0.3177890449762344,-0.07841343432664871,-0.004812645133433869,0.20000000000004547,,none,0.005257272965260462,0.0,-0.010000000000002274,-6.991809869205667e-05
R01_horizontal_empty,790,159.0000000000019,80.32611588919286,45.625786114660876,13.499222898270455,-2.9046826911231522,-0.2658208199160932,0.3808267727203921,-0.3151387525749191,-0.08090706798935388,-0.7666999101638794,-0.9174191355705261,-0.2569870352745056,-0.7666999101638794,-0.9174191355705261,-0.2569870352745056,0.4399800539016724,-0.3210966974496841,-0.0642467588186264,-0.001820566197816423,0.20000000000004547,,none,0.008331552477509163,0.0,-0.010000000000002274,-0.0001521186753233117
R01_horizontal_empty,791,159.20000000000195,80.25210115292087,45.610394512025806,13.520441428190274,-2.968022859669817,-0.2808174028325942,0.40342549813809664,-0.318043966505073,-0.06988918089151273,-0.6949120759963989,-0.9256110787391663,-0.18975278735160828,-0.6949120759963989,-0.9256110787391663,-0.18975278735160828,0.48305275440216067,-0.32396387755870815,-0.04743819683790207,0.0015026413961122913,0.20000000000004547,,none,0.011697462299336436,0.0,-0.010000000000002274,-0.00019482090322187062
R01_horizontal_empty,792,159.400000000002,80.17341583114806,45.5991936681168,13.543932768102863,-3.032032180986814,-0.2932164624256007,0.42448551112748684,-0.32176852608055156,-0.0552079420925675,-0.6688482165336609,-0.9410228729248047,-0.10116880387067795,-0.6688482165336609,-0.9410228729248047,-0.10116880387067795,0.49869107007980346,-0.3293580055236816,-0.025292200967669487,0.005093858306501396,0.20000000000004547,,none,0.015269137712492942,0.0,-0.010000000000002274,-0.0001752794059892715
R01_horizontal_empty,793,159.60000000000204,80.09070488635244,45.59280805690606,13.56943710019106,-3.096802179149338,-0.3025791191051192,0.44268207915239927,-0.32563968569460605,-0.03959534812779707,-0.655336320400238,-0.9529368281364441,-0.031127193942666054,-0.655336320400238,-0.9529368281364441,-0.031127193942666054,0.5067982077598572,-0.3335278898477554,-0.0077817984856665134,0.008744552861116644,0.20000000000004547,,none,0.01884915967686318,0.0,-0.010000000000002274,-0.00010460681574426263
R01_horizontal_empty,794,159.8000000000021,80.00481409320616,45.59178242870364,13.59657919200307,-3.1623209651908764,-0.3088149831793588,0.457586737126805,-0.3292742379973632,-0.023943011453445632,-0.6498271226882935,-0.9619437456130981,0.031806085258722305,-0.6498271226882935,-0.9619437456130981,0.031806085258722305,0.510103726387024,-0.33668031096458434,0.007951521314680576,0.012236714935043889,0.20000000000004547,,none,0.022318156404104172,0.0,-0.010000000000002274,-8.144146905800905e-05
R01_horizontal_empty,795,160.00000000000213,79.91712731371037,45.596507818967495,13.624786084681949,-3.2285117866273656,-0.31218320942738026,0.46455887067010326,-0.33239850027575135,-0.010734758898322577,-0.6847910284996033,-0.9678993225097656,0.06471800059080124,-0.6847910284996033,-0.9678993225097656,0.06471800059080124,0.489125382900238,-0.33876476287841795,0.01617950014770031,0.015415247195679039,0.20000000000004547,,none,0.025462069951212918,0.0,-0.010000000000002274,-4.682275553160392e-05
R01_horizontal_empty,796,160.20000000000218,79.82913312480332,45.607142685235026,13.65346444237055,-3.2952688564373553,-0.31315559469940046,0.46705653761548355,-0.334977795943248,0.00018768037812253715,-0.7069047689437866,-0.9720959663391113,0.08977668732404709,-0.7069047689437866,-0.9720959663391113,0.08977668732404709,0.475857138633728,-0.34023358821868893,0.022444171831011772,0.018166485838421096,0.20000000000004547,,none,0.02818917718075653,0.0,-0.010000000000002274,-2.2691342333160947e-05
R01_horizontal_empty,797,160.40000000000222,79.74188158312278,45.62367319441955,13.682187078685487,-3.362478780388757,-0.3119833914826172,0.46645268629131825,-0.336971200394112,0.010739090509115999,-0.7261250019073486,-0.974380373954773,0.12895816564559937,-0.7261250019073486,-0.974380373954773,0.12895816564559937,0.4643249988555908,-0.34103313088417053,0.03223954141139984,0.020544215667900188,0.20000000000004547,,none,0.03058241215023827,0.0,-0.010000000000002274,-3.819648233580719e-05
R01_horizontal_empty,798,160.60000000000227,79.65625487073922,45.64595783526629,13.710593499397824,-3.430041070566145,-0.30889442872678013,0.46312641277671945,-0.33853391905247393,0.019490911088807576,-0.7476563453674316,-0.9763378500938416,0.14929746091365814,-0.7476563453674316,-0.9763378500938416,0.14929746091365814,0.45140619277954097,-0.3417182475328445,0.037324365228414536,0.022636495660980135,0.20000000000004547,,none,0.032654118008903055,0.0,-0.010000000000002274,-1.762234792064721e-05
R01_horizontal_empty,799,160.8000000000023,79.57276244321808,45.67384161713569,13.7384705455301,-3.4978762999335373,-0.30407514546428466,0.46049214183154435,-0.339728350177842,0.02805634366593236,-0.7479829788208008,-0.9776063561439514,0.1820399910211563,-0.7479829788208008,-0.9776063561439514,0.1820399910211563,0.4512102127075195,-0.342162224650383,0.04550999775528908,0.024504310895307403,0.20000000000004547,,none,0.034525786676806725,0.0,-0.010000000000002274,-2.1475781497048986e-05
R01_horizontal_empty,800,161.00000000000236,79.49142394841518,45.70730427332371,13.765772190883999,-3.5659038813057142,-0.2974208492557507,0.460584771490534,-0.34049005383134634,0.037755585206536664,-0.7318147420883179,-0.977263331413269,0.2300783395767212,-0.7318147420883179,-0.977263331413269,0.2300783395767212,0.4609111547470093,-0.34204216599464415,0.0575195848941803,0.026338215606386117,0.20000000000004547,,none,0.03638959985592738,0.0,-0.010000000000002274,-5.1384249538988236e-05
R01_horizontal_empty,801,161.2000000000024,79.41249794419403,45.74624742113083,13.792352298156171,-3.6340272583388833,-0.28864417962313754,0.4590132612333373,-0.34072593788565947,0.04915215038314377,-0.7442066669464111,-0.9748759865760803,0.28949904441833496,-0.7442066669464111,-0.9748759865760803,0.28949904441833496,0.4534759998321533,-0.3412065953016281,0.07237476110458374,0.028052748333843063,0.20000000000004547,,none,0.038126549921464026,0.0,-0.010000000000002274,-7.380158761868927e-05
R01_horizontal_empty,802,161.40000000000245,79.33651962184967,45.790405401106185,13.817941177828526,-3.7021086614538032,-0.27748245251130915,0.45654291265543695,-0.3401327982798895,0.061532046226625746,-0.7536023855209351,-0.9683547616004944,0.3470335006713867,-0.7536023855209351,-0.9683547616004944,0.3470335006713867,0.447838568687439,-0.338924166560173,0.08675837516784668,0.02949593507774278,0.20000000000004547,,none,0.039564755468926016,0.0,-0.010000000000002274,-6.882039118096373e-05
R01_horizontal_empty,803,161.6000000000025,79.26413018226538,45.83933812897585,13.84220713584301,-3.7699212147133645,-0.2636407135979907,0.4507230502796639,-0.3381427263219237,0.07580926676615403,-0.7829723358154297,-0.954535961151123,0.4196069836616516,-0.7829723358154297,-0.954535961151123,0.4196069836616516,0.4302165985107422,-0.33408758640289304,0.1049017459154129,0.030451593618447566,0.20000000000004547,,none,0.04057800289163982,0.0,-0.010000000000002274,-0.00012640927318997798
R01_horizontal_empty,804,161.80000000000254,79.19604020886429,45.8923910324855,13.864766269633332,-3.837055498484523,-0.24694584718885687,0.44201873518648943,-0.3335465275444852,0.09006494484323412,-0.814418613910675,-0.9262312054634094,0.47645410895347595,-0.814418613910675,-0.9262312054634094,0.47645410895347595,0.4113488316535949,-0.3241809219121933,0.11911352723836899,0.030928774976364027,0.20000000000004547,,none,0.04102920744145688,0.0,-0.010000000000002274,-0.0001004324650905808
R01_horizontal_empty,805,162.0000000000026,79.13262484330109,45.948957902744866,13.885338814222546,-3.902674277160381,-0.22743073113183773,0.43289369150253626,-0.3234055835999043,0.10403341048691679,-0.8320977687835693,-0.8649758100509644,0.5299869775772095,-0.8320977687835693,-0.8649758100509644,0.5299869775772095,0.4007413387298584,-0.3027415335178375,0.13249674439430237,0.030875059707393484,0.20000000000004547,,none,0.041013670587540574,0.0,-0.010000000000002274,-0.00013861088014481383
R01_horizontal_empty,806,162.20000000000263,79.07378500914473,46.008652822019435,13.903784497395835,-3.9650332253404272,-0.2051624408766369,0.42582525170852153,-0.30181145103947915,0.1176250855822128,-0.8318009972572327,-0.7365983128547668,0.5812825560569763,-0.8318009972572327,-0.7365983128547668,0.5812825560569763,0.40091940164566037,-0.25780940949916836,0.14532063901424408,0.030333602923896377,0.20000000000004547,,none,0.0407158450485241,0.0,-0.010000000000002274,-0.00038224212462544926
R01_horizontal_empty,807,162.40000000000268,79.01912708801366,46.07112911510117,13.920007493718746,-4.020652370058323,-0.1802589029425412,0.42036146580218514,-0.2577043542878623,0.13044412122143717,-0.8314839005470276,-0.47950851917266846,0.6262611150741577,-0.8314839005470276,-0.47950851917266846,0.6262611150741577,0.4011096596717834,-0.16782798171043395,0.15656527876853943,0.028781618868641272,0.20000000000004547,,none,0.04014398553538534,0.0,-0.010000000000002274,-0.0013623666667417923
R01_horizontal_empty,808,162.60000000000272,78.96769036412911,46.136315920633045,13.934006916234885,-4.065728255368912,-0.15356167739270757,0.4217446865615381,-0.19758565381372234,0.13610172023544787,-0.7889691591262817,-0.21452192962169647,0.5905205011367798,-0.7889691591262817,-0.21452192962169647,0.5905205011367798,0.42661850452423095,-0.07508267536759376,0.14763012528419495,0.02795924984358695,0.20000000000004547,,none,0.0394253055908802,0.0,-0.010000000000002274,-0.0014660557472909775
R01_horizontal_empty,809,162.80000000000277,78.91787742424238,46.204778774787805,13.945925748745957,-4.098539377436232,-0.12619396754372486,0.4328120572201838,-0.13522564926192024,0.13747209305991284,-0.7136529088020325,-0.023301711305975914,0.5610579252243042,-0.7136529088020325,-0.023301711305975914,0.5610579252243042,0.4718082547187805,-0.00815559895709157,0.14026448130607605,0.028018886957971126,0.20000000000004547,,none,0.038881002014673705,0.0,-0.010000000000002274,-0.0008621150567003038
R01_horizontal_empty,810,163.0000000000028,78.86840977977094,46.27680390109563,13.955799518215864,-4.120814371287723,-0.09912822449181893,0.4459389583272639,-0.09086756441015618,0.1334857859893804,-0.6796800494194031,-0.0013707346515730023,0.5014517903327942,-0.6796800494194031,-0.0013707346515730023,0.5014517903327942,0.49219197034835815,-0.0004797571280505508,0.12536294758319855,0.028151590244328506,0.20000000000004547,,none,0.038255350528897836,0.0,-0.010000000000002274,-0.00010376028456705525
R01_horizontal_empty,811,163.20000000000286,78.81902928679673,46.3516674151903,13.963538992417092,-4.137028499452794,-0.07347766964218691,0.45387949553107754,-0.07264700350457107,0.12375330126341347,-0.6969029903411865,-0.1014835387468338,0.4156862497329712,-0.6969029903411865,-0.1014835387468338,0.4156862497329712,0.48185820579528804,-0.03551923856139183,0.1039215624332428,0.026686945316215686,0.20000000000004547,,none,0.037040443940061785,0.0,-0.010000000000002274,-0.000353498623843824
R01_horizontal_empty,812,163.4000000000029,78.77042981907776,46.42780263851491,13.969107958550634,-4.151473337139873,-0.050155068850260914,0.45122993880192974,-0.07186064157645797,0.11047359965285859,-0.7635097503662109,-0.20073795318603516,0.3336549997329712,-0.7635097503662109,-0.20073795318603516,0.3336549997329712,0.4418941497802734,-0.0702582836151123,0.0834137499332428,0.024608372438812184,0.20000000000004547,,none,0.03502871294367971,0.0,-0.010000000000002274,-0.0004203405048652487
R01_horizontal_empty,813,163.60000000000295,78.7234824203509,46.50378674621531,13.972639188987909,-4.166779488960308,-0.029221583221102673,0.4430526134753552,-0.08054624171175503,0.09967513821166553,-0.8096007108688354,-0.28069931268692017,0.31068509817123413,-0.8096007108688354,-0.28069931268692017,0.31068509817123413,0.4142395734786987,-0.09824475944042205,0.07767127454280853,0.022354301987013974,0.20000000000004547,,none,0.03253521822763705,0.0,-0.010000000000002274,-0.00018091624062080314
R01_horizontal_empty,814,163.800000000003,78.67860418624264,46.57912394030739,13.974354739843985,-4.1839052323611625,-0.010141291171154067,0.43445443541952766,-0.0899987550254397,0.09172684618692549,-0.826402485370636,-0.31217142939567566,0.30212292075157166,-0.826402485370636,-0.31217142939567566,0.30212292075157166,0.4041585087776184,-0.10926000028848648,0.07553073018789291,0.020048639147048988,0.20000000000004547,,none,0.030075561239825355,0.0,-0.010000000000002274,-2.6922092774093188e-05
R01_horizontal_empty,815,164.00000000000304,78.63588689887513,46.65386493117568,13.974456609704356,-4.2027723920441575,0.007618778919574016,0.4267995990288775,-0.09806489564041476,0.08628407700671292,-0.8336207270622253,-0.32714614272117615,0.3007737100124359,-0.8336207270622253,-0.32714614272117615,0.3007737100124359,0.39982756376266476,-0.11450114995241165,0.07519342750310898,0.017855749810427674,0.20000000000004547,,none,0.027861313118868303,0.0,-0.010000000000002274,-5.563308438354398e-06
R01_horizontal_empty,816,164.2000000000031,78.59540858072272,46.72803707509601,13.973094093273096,-4.223242839222242,0.024571455764893096,0.418700003508489,-0.10603859712660696,0.08345585494506494,-0.8497319221496582,-0.3493899703025818,0.31077131628990173,-0.8497319221496582,-0.3493899703025818,0.31077131628990173,0.39016084671020507,-0.12228648960590362,0.07769282907247543,0.01581924730951412,0.20000000000004547,,none,0.025836333521594312,0.0,-0.010000000000002274,-1.708621207791694e-05
R01_horizontal_empty,817,164.40000000000313,78.55727555618456,46.801560099523044,13.970367896749432,-4.244812546740651,0.04130043189044347,0.4104000799831533,-0.1094047691907731,0.08380740958712216,-0.8647415637969971,-0.33218276500701904,0.3380950689315796,-0.8647415637969971,-0.33218276500701904,0.3380950689315796,0.38115506172180175,-0.11626396775245666,0.0845237672328949,0.013891983887968296,0.20000000000004547,,none,0.023917343182268347,0.0,-0.010000000000002274,-2.535929429777539e-05
R01_horizontal_empty,818,164.60000000000318,78.52148617394354,46.87433846726889,13.96633074876096,-4.265578668741245,0.058316768454914014,0.4020424484292534,-0.09903781000203597,0.08617733448159567,-0.8790098428726196,-0.22260917723178864,0.3640259802341461,-0.8790098428726196,-0.22260917723178864,0.3640259802341461,0.3725940942764282,-0.07791321203112601,0.09100649505853653,0.01178092931131997,0.20000000000004547,,none,0.022038576653056197,0.0,-0.010000000000002274,-0.0002576473417339509
R01_horizontal_empty,819,164.80000000000322,78.48778972271818,46.94629109840341,13.961001737090918,-4.282161567624196,0.07574254557562356,0.39463013370194866,-0.06905126870514729,0.08794705280411091,-0.8858122825622559,-0.02270897477865219,0.36621272563934326,-0.8858122825622559,-0.02270897477865219,0.36621272563934326,0.3685126304626465,-0.007948141172528267,0.09155318140983582,0.009325365835422088,0.20000000000004547,,none,0.020125588755064427,0.0,-0.010000000000002274,-0.0008002229196400646
R01_horizontal_empty,820,165.00000000000327,78.45556377527535,47.01741990279595,13.954404509070146,-4.289602336359997,0.09260612030335881,0.3892982800717393,-0.009820639584488406,0.08119741558905025,-0.8824810981750488,0.316779226064682,0.2697751224040985,-0.8824810981750488,0.316779226064682,0.2697751224040985,0.3705113410949707,0.1108727291226387,0.06744378060102463,0.005640532837948766,0.20000000000004547,,none,0.018131803770331523,0.0,-0.010000000000002274,-0.0024912709323804817
R01_horizontal_empty,821,165.2000000000033,78.42352858764399,47.088271972662405,13.946620236904511,-4.2828650727196695,0.10590058800852759,0.392043692905642,0.07109467707559153,0.05381135289832841,-0.8304712772369385,0.674213171005249,-0.007971272803843021,-0.8304712772369385,0.674213171005249,-0.007971272803843021,0.4017172336578369,0.23597460985183713,-0.0019928182009607553,0.0020224354045708694,0.20000000000004547,,none,0.016174577534989076,0.0,-0.010000000000002274,-0.0041521421304159326
R01_horizontal_empty,822,165.40000000000336,78.38876879159083,47.16234496758322,13.937569833940438,-4.2625460324417395,0.11305285554776959,0.42943479822946157,0.12782030692317534,0.020241487982045347,-0.5646942853927612,0.6954550743103027,-0.19265329837799072,-0.5646942853927612,0.6954550743103027,-0.19265329837799072,0.5611834287643432,0.24340927600860593,-0.04816332459449768,0.0027979684626195933,0.20000000000004547,,none,0.014901890031020493,0.0,-0.010000000000002274,-0.002103921568398625
R01_horizontal_empty,823,165.6000000000034,78.34645002630755,47.24769999440767,13.926719160552132,-4.2450721058333025,0.11200793965474551,0.5294347982294616,0.05258914269689406,-0.02712093440804631,0.1314019411802292,-0.2877379357814789,-0.4945225417613983,0.1314019411802292,-0.2877379357814789,-0.4945225417613983,0.9788411647081374,-0.1007082775235176,-0.12363063544034958,-0.025776448330039555,0.20000000000004547,,none,0.015070421506830023,0.0,-0.010000000000002274,-0.030846869836867304
R01_horizontal_empty,824,165.80000000000345,78.29432452611985,47.350454079212184,13.914302161310887,-4.244554277293924,0.10106439361469728,0.6294347982294617,-0.047410857303105944,-0.078446138098595,0.5174570679664612,-0.996435284614563,-0.7321229577064514,0.5174570679664612,-0.996435284614563,-0.7321229577064514,1.2104742407798768,-0.34875234961509705,-0.18303073942661285,-0.007468748477717006,0.20000000000004547,,none,0.01668614053865003,0.0,-0.010000000000002274,-0.01415488901636476
R01_horizontal_empty,825,166.0000000000035,78.23428042173666,47.471722198573964,13.90194148391949,-4.263933257920948,0.07958406301776076,0.7294347982294618,-0.14313266425040005,-0.13229832118115017,0.8782196044921875,-0.9999656677246094,-0.9681284427642822,0.8782196044921875,-0.9999656677246094,-0.9681284427642822,1.4269317626953124,-0.3499879837036133,-0.24203211069107056,0.005927481102947246,0.20000000000004547,,none,0.019644694309804756,0.0,-0.010000000000002274,-0.0037172132068552344
R01_horizontal_empty,826,166.20000000000354,78.16924030860635,47.61301775311606,13.891848658553963,-4.29988270553878,0.049253449477818664,0.8294347982294619,-0.2112293546947448,-0.16829475768502147,0.9441672563552856,-0.9999684691429138,-0.9665766358375549,0.9441672563552856,-0.9999684691429138,-0.9665766358375549,1.4665003538131713,-0.3499889642000198,-0.24164415895938873,0.014644594642589544,0.20000000000004547,,none,0.024731624660568663,0.0,-0.010000000000002274,-8.703001797684351e-05
R01_horizontal_empty,827,166.4000000000036,78.10251558872676,47.77563732820173,13.886337769896034,-4.347040282807305,0.013239434966793128,0.929434798229462,-0.2569039195485641,-0.19019477965784345,0.8729513883590698,-0.9999265670776367,-0.9392805099487305,0.8729513883590698,-0.9999265670776367,-0.9392805099487305,1.423770833015442,-0.3499742984771728,-0.23482012748718262,0.02181289225296144,0.20000000000004547,,none,0.031929227854939235,0.0,-0.010000000000002274,-0.00011633560197552129
R01_horizontal_empty,828,166.60000000000363,78.03833332207633,47.95808026090381,13.887560229801768,-4.401713043997636,-0.025763069109298698,1.0015818357218802,-0.28751642357705154,-0.19915493306762574,0.592989981174469,-0.9997001886367798,-0.8696516156196594,0.592989981174469,-0.9997001886367798,-0.8696516156196594,1.2557939887046814,-0.3498950660228729,-0.21741290390491486,0.028711430212033734,0.20000000000004547,,none,0.04037596268574539,0.0,-0.010000000000002274,-0.0016645324737093858
R01_horizontal_empty,829,166.80000000000368,77.98388336537533,48.146439264810816,13.896375207398137,-4.4614011284381165,-0.06361743810060479,0.9632950036094706,-0.307833146532257,-0.1807741212439186,-0.11934957653284073,-0.9978063702583313,-0.5732792615890503,-0.11934957653284073,-0.9978063702583313,-0.5732792615890503,0.8283902540802954,-0.34923222959041594,-0.14331981539726257,0.024633304090262563,0.20000000000004547,,none,0.046538660175391655,0.0,-0.010000000000002274,-0.011905356085126818
R01_horizontal_empty,830,167.00000000000372,77.94407359384948,48.32408994193368,13.910781441661866,-4.52389736481344,-0.09177226234938853,0.8633585684342422,-0.3164776776802324,-0.10102680822536168,-0.7053132653236389,-0.95455002784729,0.34679603576660156,-0.7053132653236389,-0.95455002784729,0.34679603576660156,0.47681204080581663,-0.33409250974655147,0.08669900894165039,0.014212400597998505,0.20000000000004547,,none,0.048047662768884614,0.0,-0.010000000000002274,-0.023835262170883834
R01_horizontal_empty,831,167.20000000000377,77.91842779176447,48.483894053273005,13.926901267333045,-4.581895283588004,-0.10397762399446088,0.7633585684342421,-0.26721448397380115,-0.021026808225361668,-0.9445127248764038,-0.476661741733551,0.8826890587806702,-0.9445127248764038,-0.476661741733551,0.8826890587806702,0.3332923650741577,-0.16683160960674284,0.22067226469516754,0.023870520914966952,0.20000000000004547,,none,0.0453260194663736,0.0,-0.010000000000002274,-0.011455498551404375
R01_horizontal_empty,832,167.4000000000038,77.90311628487343,48.62604700468533,13.941769972733804,-4.625338180382764,-0.10019481188749542,0.6782167418366347,-0.16721448397380118,0.057523794352074886,-0.869638204574585,0.48452603816986084,0.9369707703590393,-0.869638204574585,0.48452603816986084,0.9369707703590393,0.378217077255249,0.16958411335945128,0.23424269258975983,0.011435778805789488,0.20000000000004547,,none,0.04008447173055085,0.0,-0.010000000000002274,-0.01864869292475909
R01_horizontal_empty,833,167.60000000000386,77.89357396970725,48.75547481481693,13.953822403673694,-4.648781077177524,-0.08269264409554326,0.6275852130757497,-0.0672144839738012,0.1132944419358189,-0.7513607144355774,0.8714126348495483,0.9077498316764832,-0.7513607144355774,0.8714126348495483,0.9077498316764832,0.44918357133865355,0.3049944221973419,0.2269374579191208,0.020709556858402856,0.20000000000004547,,none,0.03400005019083441,0.0,-0.010000000000002274,-0.0032904933324292784
R01_horizontal_empty,834,167.8000000000039,77.88631363564147,48.87627661216772,13.962363237196985,-4.652223973972284,-0.05683284688029515,0.5875397196841865,0.03278551602619881,0.14306008915685772,-0.7559362053871155,0.9820303320884705,0.8148524165153503,-0.7559362053871155,0.9820303320884705,0.8148524165153503,0.44643827676773074,0.34371061623096466,0.20371310412883759,0.017134414973484977,0.20000000000004547,,none,0.02755215776955744,0.0,-0.010000000000002274,-0.0004177427960701863
R01_horizontal_empty,835,168.00000000000395,77.87865224177641,48.99127337691399,13.96729778059343,-4.635691768123979,-0.028788120458100804,0.5670454576209335,0.13058941646271433,0.1377847761554561,-0.6752777695655823,0.9937902092933655,0.5081413984298706,-0.6752777695655823,0.9937902092933655,0.5081413984298706,0.4948333382606506,0.3478265732526779,0.12703534960746765,0.008985391080531428,0.20000000000004547,,none,0.020999705612455344,0.0,-0.010000000000002274,-0.0020143145319216414
R01_horizontal_empty,836,168.200000000004,77.86810207431697,49.10526467257088,13.969227888148286,-4.601925084453498,-0.007016100038903905,0.5774834314473615,0.2017165575159944,0.08398995160539045,-0.47623011469841003,0.9904322028160095,-0.10250783711671829,-0.47623011469841003,0.9904322028160095,-0.10250783711671829,0.614261931180954,0.34665127098560333,-0.025626959279179573,-0.0031422508969989795,0.20000000000004547,,none,0.015108223782788421,0.0,-0.010000000000002274,-0.008250474679785126
R01_horizontal_empty,837,168.40000000000404,77.85157138481453,49.22914698805962,13.96927754072261,-4.5569431505940985,0.0039205190816595835,0.6683090164489616,0.24485168071440153,0.02948433562054246,0.14709441363811493,0.9507070779800415,-0.3263237774372101,0.14709441363811493,0.9507070779800415,-0.3263237774372101,0.988256648182869,0.3327474772930145,-0.08158094435930252,-0.008253306876061949,0.20000000000004547,,none,0.010550795690154935,0.0,-0.010000000000002274,-0.00880410256621461
R01_horizontal_empty,838,168.6000000000041,77.8261677312749,49.37053366566778,13.968574082311303,-4.515968041572903,0.00375456652591451,0.7683090164489617,0.1705030745097589,-0.026894574697654893,0.49060261249542236,0.054297227412462234,-0.567108154296875,0.49060261249542236,0.054297227412462234,-0.567108154296875,1.1943615674972534,0.01900402959436178,-0.14177703857421875,-0.02340754556711134,0.20000000000004547,,none,0.006182966813220503,0.0,-0.010000000000002274,-0.019590512380329567
R01_horizontal_empty,839,168.80000000000413,77.79252982608583,49.52795876995267,13.96867968433737,-4.491867426670952,-0.006703785768890783,0.8382326315358011,0.07050307450975893,-0.07412889111176746,0.30768415331840515,-0.9745640754699707,-0.6815102100372314,0.30768415331840515,-0.9745640754699707,-0.6815102100372314,1.084610491991043,-0.3410974264144897,-0.17037755250930786,-0.02998273437768506,0.20000000000004547,,none,0.0021193170950022377,0.0,-0.010000000000002274,-0.022102051472685024
R01_horizontal_empty,840,169.00000000000418,77.75445070774667,49.694748287687695,13.971357631777536,-4.487766811769,-0.02607595242853547,0.8712611432646632,-0.029496925490241077,-0.11640631968670416,0.1460634171962738,-0.9988521337509155,-0.8102176189422607,0.1460634171962738,-0.9988521337509155,-0.8102176189422607,0.9876380503177642,-0.3495982468128204,-0.20255440473556519,-0.0114576578934021,0.20000000000004547,,none,-0.0005921225088645343,0.0,-0.010000000000002274,-0.000865535384535292
R01_horizontal_empty,841,169.20000000000422,77.71552621018016,49.870067578154114,13.978239877284494,-4.5036531595668965,-0.0508174957746919,0.9235414739609893,-0.12775150808444863,-0.12998563858063397,0.34625452756881714,-0.9979485869407654,-0.6306240558624268,0.34625452756881714,-0.9979485869407654,-0.6306240558624268,1.1077527165412901,-0.34928200542926785,-0.1576560139656067,-0.012773932575371117,0.20000000000004547,,none,-0.0013273096759940373,0.0,-0.010000000000002274,-0.0014466228993748054
R01_horizontal_empty,842,169.40000000000427,77.68034849429715,50.049634057202674,13.98990028383576,-4.537048641817323,-0.07634688642918598,0.9106991505858192,-0.2007048134314646,-0.1256360937742932,-0.05758523941040039,-0.9981733560562134,-0.467092365026474,-0.05758523941040039,-0.9981733560562134,-0.467092365026474,0.8654488563537597,-0.3493606746196747,-0.1167730912566185,-0.014359080838146082,0.20000000000004547,,none,-0.0005624964016908152,0.0,-0.010000000000002274,-0.0037965844364529922
R01_horizontal_empty,843,169.60000000000431,77.65396271963527,50.219534320301534,14.004794951485831,-4.5820502478511775,-0.09419839864148433,0.8193439091452225,-0.2459045372978228,-0.05785637676851974,-0.6710836887359619,-0.9657352566719055,0.3207669258117676,-0.6710836887359619,-0.9657352566719055,0.3207669258117676,0.49734978675842284,-0.3380073398351669,0.0801917314529419,-0.02918884887885847,0.20000000000004547,,none,0.0007742479166772398,0.0,-0.010000000000002274,-0.019963096795533434
R01_horizontal_empty,844,169.80000000000436,77.63731585666885,50.37175563309701,14.019765392098595,-4.622713834358601,-0.09776967399518827,0.7198898275576777,-0.1667009159683389,0.022143623231480274,-0.9323689937591553,-0.015168226324021816,0.9023844003677368,-0.9323689937591553,-0.015168226324021816,0.9023844003677368,0.3405786037445068,-0.005308879213407635,0.2255961000919342,-0.03535756274927611,0.20000000000004547,,none,0.0008449687810125894,0.0,-0.010000000000002274,-0.026202531530286424
R01_horizontal_empty,845,170.0000000000044,77.62684956153319,50.50869737242855,14.032607442148228,-4.646054017552268,-0.08591087307939575,0.6622614474614482,-0.06670091596833891,0.09149311733510383,-0.7346563339233398,0.7556508779525757,0.9313697814941406,-0.7346563339233398,0.7556508779525757,0.9313697814941406,0.45920619964599607,0.2644778072834015,0.23284244537353516,-0.02397856434076418,0.20000000000004547,,none,-0.0012967135468384683,0.0,-0.010000000000002274,-0.012681850793923437
R01_horizontal_empty,846,170.20000000000445,77.61887962035613,50.635420608032284,14.042206729776321,-4.649394200745936,-0.0631756553768998,0.6134230224638179,0.0332990840316611,0.13274955604319483,-0.764434278011322,0.9740238189697266,0.8672687411308289,-0.764434278011322,0.9740238189697266,0.8672687411308289,0.4413394331932068,0.3409083366394043,0.21681718528270721,-0.016360640841378605,0.20000000000004547,,none,-0.005306992627411411,0.0,-0.010000000000002274,-0.0010536482139649195
R01_horizontal_empty,847,170.4000000000045,77.61059647054165,50.75460307442134,14.048144196173352,-4.632760461273501,-0.03555084132361751,0.5841761901509771,0.1310581453435542,0.14274521058662418,-0.6981264352798462,0.9939090013504028,0.652452826499939,-0.6981264352798462,0.9939090013504028,0.652452826499939,0.48112413883209226,0.34786815047264097,0.16311320662498474,-0.02143846325827685,0.20000000000004547,,none,-0.01041970270498016,0.0,-0.010000000000002274,-0.0010187605532944134
R01_horizontal_empty,848,170.60000000000454,77.59953970831924,50.87038048602,14.050790154571839,-4.5988601926128005,-0.011478370339936001,0.5794670811290434,0.2025557561773651,0.10111702175637283,-0.5618759989738464,0.9949867725372314,0.06516753137111664,-0.5618759989738464,0.9949867725372314,0.06516753137111664,0.562874400615692,0.348245370388031,0.01629188284277916,-0.03347801296131387,0.20000000000004547,,none,-0.01620862574413451,0.0,-0.010000000000002274,-0.007269387217177088
R01_horizontal_empty,849,170.8000000000046,77.58335611681156,50.98895145704414,14.051129543855684,-4.553266931384112,0.003997981323941605,0.615647087723728,0.2498149257823652,0.056973591492754126,-0.26145270466804504,0.9888978004455566,-0.13190726935863495,-0.26145270466804504,0.9888978004455566,-0.13190726935863495,0.743128377199173,0.3461142301559448,-0.03297681733965874,-0.035278529838376864,0.20000000000004547,,none,-0.022695935669867495,0.0,-0.010000000000002274,-0.002582594168507093
R01_horizontal_empty,850,171.00000000000463,77.5587824872428,51.11977395687018,14.050068280622732,-4.500375832608654,0.009877592713911563,0.715268411702212,0.2770438166027254,0.005687929999740479,0.32848045229911804,0.9500792026519775,-0.3952643871307373,0.32848045229911804,0.9500792026519775,-0.3952643871307373,1.0970882713794707,0.3325277209281921,-0.09881609678268433,-0.04969286404208657,0.20000000000004547,,none,-0.03131516434798165,0.0,-0.010000000000002274,-0.008377699694102642
R01_horizontal_empty,851,171.20000000000468,77.52289245989063,51.26826328565976,14.048775788338,-4.454286314531214,0.0050450486743588985,0.8090674865421646,0.18995952491473542,-0.049829047884899315,0.404823362827301,0.03467012196779251,-0.6518206596374512,0.404823362827301,0.03467012196779251,-0.6518206596374512,1.1428940176963807,0.012134542688727379,-0.1629551649093628,-0.06991702687276374,0.20000000000004547,,none,-0.04172456395377111,0.0,-0.010000000000002274,-0.018192462918990362
R01_horizontal_empty,852,171.40000000000472,77.4791709281062,51.42383652501538,14.048991245779105,-4.426294409548267,-0.009225550275800454,0.8070911998287877,0.08995952491473544,-0.089859816871101,-0.16645383834838867,-0.9523166418075562,-0.6857196688652039,-0.16645383834838867,-0.9523166418075562,-0.6857196688652039,0.8001276969909668,-0.3333108246326446,-0.17142991721630096,-0.08416684757761136,0.20000000000004547,,none,-0.04813385447205931,0.0,-0.010000000000002274,-0.02603299310554977
R01_horizontal_empty,853,171.60000000000477,77.43479775624238,51.5715042863381,14.051917008071822,-4.41830250456532,-0.029986259773491387,0.738357245401718,-0.01004047508526456,-0.11579271210759172,-0.6730480194091797,-0.9917394518852234,-0.6745431423187256,-0.6730480194091797,-0.9917394518852234,-0.6745431423187256,0.49617118835449214,-0.34710880815982814,-0.1686357855796814,-0.06283357169131819,0.20000000000004547,,none,-0.04766723695162156,0.0,-0.010000000000002274,-0.005166334739694349
R01_horizontal_empty,854,171.80000000000481,77.39438473466664,51.70691269077479,14.057714268326194,-4.430289843953243,-0.051850888956483,0.6787744322449201,-0.10800176117834642,-0.10376045281463704,-0.7186121940612793,-0.9335377812385559,-0.31696999073028564,-0.7186121940612793,-0.9335377812385559,-0.31696999073028564,0.4688326835632324,-0.32673822343349457,-0.07924249768257141,-0.05632792022513144,0.20000000000004547,,none,-0.04366147848083557,0.0,-0.010000000000002274,-0.0026664417442935928
R01_horizontal_empty,855,172.00000000000486,77.35993444051265,51.8317087360258,14.06549364322898,-4.458519557235622,-0.06609556209015688,0.6209697398412559,-0.1696490097615996,-0.043247173017435456,-0.8045112490653992,-0.8436191082000732,0.3202393352985382,-0.8045112490653992,-0.8436191082000732,0.3202393352985382,0.4172932505607605,-0.29526668787002563,0.08005983382463455,-0.057806940397443454,0.20000000000004547,,none,-0.03937694558564697,0.0,-0.010000000000002274,-0.008429994811794206
R01_horizontal_empty,856,172.2000000000049,77.33197688859134,51.94665727630347,14.073544112988317,-4.487911127423819,-0.06699793282848567,0.567326306949506,-0.1274474310996187,0.030283908198169927,-0.869479775428772,-0.11843972653150558,0.734014093875885,-0.869479775428772,-0.11843972653150558,0.734014093875885,0.3783121347427368,-0.04145390428602695,0.18350352346897125,-0.06002911349388476,0.20000000000004547,,none,-0.03600280157686697,0.0,-0.010000000000002274,-0.014026311917015519
R01_horizontal_empty,857,172.40000000000495,77.30839150884623,52.05470642836563,14.080414975785104,-4.503400613643742,-0.05488718319291694,0.541950730007998,-0.02744743109961871,0.086580505612442,-0.7457680702209473,0.6392019987106323,0.8051809668540955,-0.7457680702209473,0.6392019987106323,0.8051809668540955,0.4525391578674316,0.22372069954872129,0.20129524171352386,-0.056976804371467564,0.20000000000004547,,none,-0.035088998498609136,0.0,-0.010000000000002274,-0.011887805872856151
R01_horizontal_empty,858,172.600000000005,77.2861088300765,52.159577970237436,14.085265240779497,-4.498890099863666,-0.03433559199698979,0.5317705496381533,0.0725525689003813,0.11666772811255549,-0.673499345779419,0.9768320322036743,0.7119040489196777,-0.673499345779419,0.9768320322036743,0.7119040489196777,0.49590039253234863,0.34189121127128597,0.17797601222991943,-0.04948414721329556,0.20000000000004547,,none,-0.03692579938392804,0.0,-0.010000000000002274,-0.002558347829365246
R01_horizontal_empty,859,172.80000000000504,77.26206489631004,52.26517449715547,14.08773866534637,-4.474844691119179,-0.01170100338312009,0.5506624568870031,0.1623570998994785,0.11016804041156474,-0.4712856113910675,0.9941913485527039,0.3876948952674866,-0.4712856113910675,0.9941913485527039,0.3876948952674866,0.6172286331653595,0.34796697199344634,0.09692372381687164,-0.05429907151602043,0.20000000000004547,,none,-0.041373005204992985,0.0,-0.010000000000002274,-0.0029260663110251706
R01_horizontal_empty,860,173.0000000000051,77.2335937266678,52.37393485142027,14.087941115645265,-4.435802093713964,0.0067226488897151205,0.572639356252222,0.22346329178872523,0.07659861470169163,-0.4165406823158264,0.9942241907119751,0.0327787883579731,-0.4165406823158264,0.9942241907119751,0.0327787883579731,0.6500755906105041,0.34797846674919125,0.008194697089493275,-0.06017340719203437,0.20000000000004547,,none,-0.047594158166394784,0.0,-0.010000000000002274,-0.0025792490256373157
R01_horizontal_empty,861,173.20000000000513,77.1983224710748,52.48770149826582,14.08638556525292,-4.386740150897507,0.01776942392632015,0.616599801179631,0.2640938085548739,0.03686394347941846,-0.21417385339736938,0.9911028742790222,-0.1764112114906311,-0.21417385339736938,0.9911028742790222,-0.1764112114906311,0.7714956879615784,0.34688600599765773,-0.044102802872657776,-0.06675462866495833,0.20000000000004547,,none,-0.05506017802296714,0.0,-0.010000000000002274,-0.0016944506419889142
R01_horizontal_empty,862,173.40000000000518,77.1535347204829,52.60916138316252,14.083780444388717,-4.3313835222489905,0.020956993284524852,0.6755863740472529,0.2876937472016742,-0.0020549289530019926,-0.02762124501168728,0.9593799710273743,-0.3254373371601105,-0.02762124501168728,0.9593799710273743,-0.3254373371601105,0.8834272529929876,0.335782989859581,-0.08135933429002762,-0.07534950858167659,0.20000000000004547,,none,-0.06418916849330891,0.0,-0.010000000000002274,-0.0011603400883654108
R01_horizontal_empty,863,173.60000000000522,77.09798443259986,52.73699075393126,14.081055805885228,-4.274132473484334,0.01688532270843508,0.7167027486290712,0.2850183830231147,-0.03609608968719025,-0.06403754651546478,0.7987623810768127,-0.421845018863678,-0.06403754651546478,0.7987623810768127,-0.421845018863678,0.861577472090721,0.2795668333768844,-0.1054612547159195,-0.08360075725114818,0.20000000000004547,,none,-0.07287238528498197,0.0,-0.010000000000002274,-0.0007283719661639426
R01_horizontal_empty,864,173.80000000000527,77.03404076070566,52.864499609850064,14.07928962462703,-4.222944577785922,0.006886093696857857,0.7102986700536541,0.23093671682560746,-0.06194775661921311,-0.353777140378952,0.34495803713798523,-0.45850124955177307,-0.353777140378952,0.34495803713798523,-0.45850124955177307,0.6877337157726288,0.12073531299829482,-0.11462531238794327,-0.09318749559369792,0.20000000000004547,,none,-0.07736287371213191,0.0,-0.010000000000002274,-0.005824621881563741
R01_horizontal_empty,865,174.00000000000531,76.96803253821113,52.98273804402963,14.07922744758641,-4.186558705399235,-0.00652001609639315,0.6469204608502505,0.13715130706769724,-0.07140085959874351,-0.7939907908439636,-0.17430011928081512,-0.3626532256603241,-0.7939907908439636,-0.17430011928081512,-0.3626532256603241,0.4236055254936218,-0.06100504174828529,-0.09066330641508102,-0.09446120400485795,0.20000000000004547,,none,-0.0750091253099141,0.0,-0.010000000000002274,-0.00945207869494157
R01_horizontal_empty,866,174.20000000000536,76.90556178956649,53.0876311155387,14.080835769365876,-4.165932878302896,-0.019658250473360613,0.5773539821183793,0.07387603048141127,-0.06078184110354043,-0.9462758302688599,-0.1573115885257721,-0.15657450258731842,-0.9462758302688599,-0.1573115885257721,-0.15657450258731842,0.3322345018386841,-0.05505905598402023,-0.039143625646829605,-0.07961420753200422,0.20000000000004547,,none,-0.0682952518617368,0.0,-0.010000000000002274,-0.0013189556702651562
R01_horizontal_empty,867,174.4000000000054,76.84767216517037,53.18143873485644,14.083583459282906,-4.153783585926833,-0.029516930661231008,0.5276567956242358,0.049457333908998403,-0.03941535580743144,-0.9124211072921753,-0.0008579415734857321,0.016491249203681946,-0.9124211072921753,-0.0008579415734857321,0.016491249203681946,0.3525473356246948,-0.0003002795507200062,0.0041228123009204865,-0.07317268418243202,0.20000000000004547,,none,-0.06206117137532008,0.0,-0.010000000000002274,-0.0011115128071096571
R01_horizontal_empty,868,174.60000000000545,76.79295545495908,53.26801046372559,14.086943307896952,-4.143460816447377,-0.035437004161491495,0.49841375438778834,0.05346807105692135,-0.021161197686114262,-0.8410415649414062,0.17611625790596008,0.06414011120796204,-0.8410415649414062,0.17611625790596008,0.06414011120796204,0.39537506103515624,0.061640690267086025,0.01603502780199051,-0.06893586167108288,0.20000000000004547,,none,-0.05816215526312263,0.0,-0.010000000000002274,-0.0007737064079579768
R01_horizontal_empty,869,174.8000000000055,76.73989529556253,53.34988650405321,14.090565121870664,-4.130388167898128,-0.038315458190197646,0.4788431097080908,0.07559100570795704,-0.008572178746896544,-0.8168576955795288,0.3447730839252472,0.0683211088180542,-0.8168576955795288,0.3447730839252472,0.0683211088180542,0.4098853826522827,0.1206705793738365,0.01708027720451355,-0.06667641094096771,0.20000000000004547,,none,-0.056095461636140875,0.0,-0.010000000000002274,-0.0005809493048245607
R01_horizontal_empty,870,175.00000000000554,76.6871235664346,53.42854431635078,14.094238011614266,-4.110961103234438,-0.03874961108076142,0.46952293026476033,0.1156596607090358,0.003333329958720993,-0.7721949815750122,0.5637341737747192,0.11037202924489975,-0.7721949815750122,0.5637341737747192,0.11037202924489975,0.43668301105499263,0.19730696082115173,0.027593007311224937,-0.06635088641504557,0.20000000000004547,,none,-0.05531674647906204,0.0,-0.010000000000002274,-0.0010341399359812542
R01_horizontal_empty,871,175.2000000000056,76.63282161131684,53.50542781877945,14.097833883476262,-4.081896956008462,-0.03736591733896709,0.4723269593225327,0.17082406273306547,0.010001059719852792,-0.6963216066360474,0.809233546257019,0.09435117244720459,-0.6963216066360474,0.809233546257019,0.09435117244720459,0.48220703601837156,0.28323174118995664,0.023587793111801147,-0.06733693948766824,0.20000000000004547,,none,-0.05601127191233868,0.0,-0.010000000000002274,-0.0013256675753272795
R01_horizontal_empty,872,175.40000000000563,76.5743877077694,53.58241417116227,14.10134221845262,-4.043000779936243,-0.03512826526801801,0.4938639105854147,0.21482159754007257,0.012209044837626781,-0.5504167079925537,0.8699277639389038,0.06683289259672165,-0.5504167079925537,0.8699277639389038,0.06683289259672165,0.5697499752044677,0.3044747173786163,0.016708223149180412,-0.06922158067757433,0.20000000000004547,,none,-0.058706995012889784,0.0,-0.010000000000002274,-0.0005145856646822733
R01_horizontal_empty,873,175.60000000000568,76.50969231819536,53.6604891313365,14.104805310849368,-3.997247954189389,-0.03341724178578835,0.5195633297372333,0.24075226205970024,0.0054133801942867835,-0.4831400513648987,0.838830828666687,-0.033736176788806915,-0.4831400513648987,0.838830828666687,-0.033736176788806915,0.6101159691810607,0.29359079003334043,-0.008434044197201729,-0.07313904930200604,0.20000000000004547,,none,-0.06282690318945594,0.0,-0.010000000000002274,-0.000312146112547822
R01_horizontal_empty,874,175.80000000000572,76.43888144534073,53.73812095078946,14.108294402256357,-3.948545618614426,-0.03330302329319653,0.5313159682218122,0.2458842918737479,-0.003592426349708053,-0.5454554557800293,0.7324050068855286,-0.08777369558811188,-0.5454554557800293,0.7324050068855286,-0.08777369558811188,0.5727267265319824,0.256341752409935,-0.02194342389702797,-0.07654691180190591,0.20000000000004547,,none,-0.06618431742975961,0.0,-0.010000000000002274,-0.00036259437214402837
R01_horizontal_empty,875,176.00000000000577,76.36385858996904,53.81276712549395,14.111875427889768,-3.9008852999192567,-0.0345118024874532,0.5278689327665623,0.23178180176124136,-0.008151730212953293,-0.6404613256454468,0.5801296234130859,-0.06976862251758575,-0.6404613256454468,0.5801296234130859,-0.06976862251758575,0.5157232046127319,0.20304536819458008,-0.01744215562939644,-0.07810712156673034,0.20000000000004547,,none,-0.06745635975919129,0.0,-0.010000000000002274,-0.0006507618075367816
R01_horizontal_empty,876,176.20000000000582,76.28733878232848,53.88223673232313,14.1155199423682,-3.8572799798967554,-0.03590749521797156,0.5073211168719867,0.2061995373656913,-0.00596966003178779,-0.7751328349113464,0.4402026832103729,-0.006093152798712254,-0.7751328349113464,0.4402026832103729,-0.006093152798712254,0.4349202990531921,0.1540709391236305,-0.0015232881996780634,-0.07725461749592584,0.20000000000004547,,none,-0.06641920690699621,0.0,-0.010000000000002274,-0.0008354105889273619
R01_horizontal_empty,877,176.40000000000586,76.21136519509432,53.94571366648111,14.11911150640962,-3.818555102677116,-0.03635303107192865,0.4844784061769495,0.1828119598692388,0.0009897683838185302,-0.8266808986663818,0.38615840673446655,0.06068356707692146,-0.8266808986663818,0.38615840673446655,0.06068356707692146,0.4039914608001709,0.13515544235706328,0.015170891769230366,-0.07423742319925483,0.20000000000004547,,none,-0.06403668085897163,0.0,-0.010000000000002274,-0.0002007423402809251
R01_horizontal_empty,878,176.6000000000059,76.13628554475358,54.00391832396092,14.12252932933389,-3.7840842106467973,-0.03524107180787475,0.46698933920065727,0.16336284312599147,0.009489219424297079,-0.8243898153305054,0.3535190522670746,0.1072336956858635,-0.8243898153305054,0.3535190522670746,0.1072336956858635,0.40536611080169677,0.1237316682934761,0.026808423921465874,-0.07189707461467167,0.20000000000004547,,none,-0.06183232479474121,0.0,-0.010000000000002274,-6.474981992818069e-05
R01_horizontal_empty,879,176.80000000000595,76.0616746633793,54.05793497801661,14.12566674330771,-3.7527072671818247,-0.032570363696993156,0.45525075720162256,0.15131466446135114,0.01667617948379533,-0.810184121131897,0.3621836304664612,0.12528376281261444,-0.810184121131897,0.3621836304664612,0.12528376281261444,0.4138895273208618,0.1267642706632614,0.03132094070315361,-0.07037411924913661,0.20000000000004547,,none,-0.06036206561740798,0.0,-0.010000000000002274,-1.205363172635754e-05
R01_horizontal_empty,880,177.000000000006,75.9869081390336,54.10865568875457,14.128443782082902,-3.7226231620061907,-0.02867988433555757,0.44897605992753264,0.14965172339910018,0.02183945715866738,-0.7885550260543823,0.41789478063583374,0.12944236397743225,-0.7885550260543823,0.41789478063583374,0.12944236397743225,0.4268669843673706,0.1462631732225418,0.03236059099435806,-0.0697087262529113,0.20000000000004547,,none,-0.05963694937349473,0.0,-0.010000000000002274,-7.177687941429145e-05
R01_horizontal_empty,881,177.20000000000604,75.91112024874128,54.15678194696214,14.130812787818419,-3.6917776068912995,-0.02395700252565648,0.44913490182500465,0.15816237846816134,0.02514055660601532,-0.7505090236663818,0.5014411807060242,0.12746863067150116,-0.7505090236663818,0.5014411807060242,0.12746863067150116,0.44969458580017085,0.17550441324710844,0.03186715766787529,-0.06985347820788847,0.20000000000004547,,none,-0.05968485031017501,0.0,-0.010000000000002274,-0.0001686278977111799
R01_horizontal_empty,882,177.4000000000061,75.83317597740127,54.20284924948932,14.132748582852042,-3.65850965101047,-0.018743328317259812,0.45618139432987626,0.17337091107677213,0.026866128852578764,-0.6983168125152588,0.5838888883590698,0.12152920663356781,-0.6983168125152588,0.5838888883590698,0.12152920663356781,0.4810099124908447,0.20436111092567444,0.030382301658391953,-0.07076066639744155,0.20000000000004547,,none,-0.06056952783423952,0.0,-0.010000000000002274,-0.00019113856319975754
R01_horizontal_empty,883,177.60000000000613,75.7517788801493,54.24719643769082,14.13423325772303,-3.621891718884737,-0.013280756240309059,0.4702636421946143,0.19144608198155602,0.027696971210384568,-0.6335285902023315,0.6522216796875,0.11755986511707306,-0.6335285902023315,0.6522216796875,0.11755986511707306,0.5198828458786011,0.228277587890625,0.029389966279268265,-0.07247840551986345,0.20000000000004547,,none,-0.0623007527239956,0.0,-0.010000000000002274,-0.0001776527958655727
R01_horizontal_empty,884,177.80000000000618,75.66575735596699,54.28986187830407,14.135241136557243,-3.5817552120759646,-0.007745451773795979,0.4891716956534334,0.20862426408086887,0.02765893988141381,-0.5736753940582275,0.6960799694061279,0.11032577604055405,-0.5736753940582275,0.6960799694061279,0.11032577604055405,0.5557947635650635,0.24362798929214477,0.02758144401013851,-0.07481464987501717,0.20000000000004547,,none,-0.0647034841408054,0.0,-0.010000000000002274,-0.00011116573420949405
R01_horizontal_empty,885,178.00000000000622,75.5744159381377,54.330500684735476,14.135732855057151,-3.5383457906926425,-0.0020801911494023754,0.5096882263402649,0.22428927560804776,0.028900118549943038,-0.5300353169441223,0.732027530670166,0.12571699917316437,-0.5300353169441223,0.732027530670166,0.12571699917316437,0.5819788098335266,0.25620963573455807,0.03142924979329109,-0.07744753816669064,0.20000000000004547,,none,-0.06737886670187088,0.0,-0.010000000000002274,-6.867146481749242e-05
R01_horizontal_empty,886,178.20000000000627,75.47718516817346,54.368623485134115,14.135635631412754,-3.491969926442057,0.004005383663932377,0.5336481000087198,0.23840543031229053,0.03174147606390998,-0.46988099813461304,0.763342022895813,0.15012507140636444,-0.46988099813461304,0.763342022895813,0.15012507140636444,0.6180714011192321,0.2671697080135345,0.03753126785159111,-0.08033648035196132,0.20000000000004547,,none,-0.0702325824822605,0.0,-0.010000000000002274,-0.00010389786969854598
R01_horizontal_empty,887,178.40000000000632,75.3734588121819,54.403670133063336,14.134853624535479,-3.4426948849855488,0.010165604701473959,0.5601111028701459,0.25322781873182343,0.029992551039093086,-0.41107624769210815,0.8098033666610718,0.10571517050266266,-0.41107624769210815,0.8098033666610718,0.10571517050266266,0.653354251384735,0.2834311783313751,0.026428792625665665,-0.08343744932330027,0.20000000000004547,,none,-0.07328567143455089,0.0,-0.010000000000002274,-0.00015177788874710886
R01_horizontal_empty,888,178.60000000000636,75.26259435875558,54.434967071635825,14.133367397512915,-3.390739286709832,0.015282128642056504,0.5906440156222748,0.26540999190275527,0.02179085161735058,-0.33628731966018677,0.8292383551597595,0.020313484594225883,-0.33628731966018677,0.8292383551597595,0.020313484594225883,0.6982276082038879,0.2902334243059158,0.005078371148556471,-0.08674104875339356,0.20000000000004547,,none,-0.07647575774358906,0.0,-0.010000000000002274,-0.0002652910098022266
R01_horizontal_empty,889,178.8000000000064,75.14401580744594,54.46175600042527,14.131297149656183,-3.3370708525957125,0.018261975679291952,0.62377950654654,0.2708633303452778,0.008973652847225774,-0.26577773690223694,0.8056443333625793,-0.06857504695653915,-0.26577773690223694,0.8056443333625793,-0.06857504695653915,0.7405333578586578,0.28197551667690274,-0.01714376173913479,-0.08993455659402318,0.20000000000004547,,none,-0.07966596759069056,0.0,-0.010000000000002274,-0.0002685890033303468
R01_horizontal_empty,890,179.00000000000645,75.01851973989763,54.483092296718524,14.128910791054212,-3.2834375832947837,0.01876751749066219,0.6483976024962044,0.2658474130622371,-0.0030146729174767516,-0.27476638555526733,0.7303615808486938,-0.10977242141962051,-0.27476638555526733,0.7303615808486938,-0.10977242141962051,0.7351401686668395,0.2556265532970428,-0.02744310535490513,-0.09208999267872982,0.20000000000004547,,none,-0.08194108243286102,0.0,-0.010000000000002274,-0.00014891024586651813
R01_horizontal_empty,891,179.2000000000065,74.88967211164781,54.4980705199964,14.126532804569507,-3.231722159397019,0.017740975860721347,0.6490767665924914,0.2523259411726981,-0.006953847252657323,-0.4142169654369354,0.6422098278999329,-0.05992257595062256,-0.4142169654369354,0.6422098278999329,-0.05992257595062256,0.6514698207378387,0.2247734397649765,-0.01498064398765564,-0.09230706374460985,0.20000000000004547,,none,-0.08171301968719646,0.0,-0.010000000000002274,-0.0005940440574111173
R01_horizontal_empty,892,179.40000000000654,74.76142088450594,54.50643035450558,14.124289391714667,-3.1816300498831884,0.017600393901375088,0.6370451229187784,0.24885663599009905,0.004671800905851861,-0.5089145302772522,0.6908208131790161,0.11344484239816666,-0.5089145302772522,0.6908208131790161,0.11344484239816666,0.5946512818336487,0.2417872846126556,0.028361210599541664,-0.0899384500899123,0.20000000000004547,,none,-0.07911071172148176,0.0,-0.010000000000002274,-0.0008277383684282669
R01_horizontal_empty,893,179.6000000000066,74.63171796092854,54.508305926334366,14.121856232623543,-3.1301533513145032,0.020621035047950563,0.6594294600228373,0.26471509536098387,0.02407238572581431,-0.269497811794281,0.8486561179161072,0.25441867113113403,-0.269497811794281,0.8486561179161072,0.25441867113113403,0.7383013129234314,0.29702964127063747,0.06360466778278351,-0.09005087826978803,0.20000000000004547,,none,-0.07800875889182102,0.0,-0.010000000000002274,-0.002042119377964734
R01_horizontal_empty,894,179.80000000000663,74.49196793126782,54.502840989911796,14.118686900808424,-3.0750438984836643,0.024191840023709645,0.7360587216913728,0.2848610309220688,0.012507324350651125,0.1767735332250595,0.9311774373054504,-0.044234514236450195,0.1767735332250595,0.9311774373054504,-0.044234514236450195,1.0060641199350357,0.32591210305690765,-0.011058628559112549,-0.09795221924694997,0.20000000000004547,,none,-0.08204898711356101,0.0,-0.010000000000002274,-0.005903232133386678
R01_horizontal_empty,895,180.00000000000668,74.33877408006387,54.488203467841515,14.114970396901949,-3.018515170890366,0.022721014891668848,0.8004667107389796,0.2807370686344142,-0.02443149184644893,0.21235017478466034,0.7780963778495789,-0.3988046646118164,0.21235017478466034,0.7780963778495789,-0.3988046646118164,1.0274101048707962,0.2723337322473526,-0.0997011661529541,-0.10051776715938417,0.20000000000004547,,none,-0.08750937716486185,0.0,-0.010000000000002274,-0.003008389994520044
R01_horizontal_empty,896,180.20000000000672,74.18033805348264,54.46427719353917,14.111801675524804,-2.9663027366860084,0.016277862075515518,0.8022595387565219,0.24414520720373425,-0.03890887396781964,-0.1523723006248474,0.4845214784145355,-0.2736368775367737,-0.1523723006248474,0.4845214784145355,-0.2736368775367737,0.8085766196250914,0.16958251744508743,-0.06840921938419342,-0.10239785732525415,0.20000000000004547,,none,-0.08770034371388391,0.0,-0.010000000000002274,-0.004697513611367961
R01_horizontal_empty,897,180.40000000000677,74.02873822943083,54.43366171824559,14.109753252289341,-2.91798916047922,0.011041998734377292,0.7472122766043406,0.23935183221782966,-0.015234128381810885,-0.5779138803482056,0.6559555530548096,0.132030189037323,-0.5779138803482056,0.6559555530548096,0.132030189037323,0.5532516717910767,0.22958444356918334,0.03300754725933075,-0.09897059941711797,0.20000000000004547,,none,-0.08146977847863468,0.0,-0.010000000000002274,-0.007500820938481017
R01_horizontal_empty,898,180.60000000000682,73.88350131421518,54.396817987217396,14.108062432046687,-2.867410128967878,0.013423908800512103,0.7512183268844868,0.26454004380948004,0.035248356951617744,-0.2244437336921692,0.9024733901023865,0.5524630546569824,-0.2244437336921692,0.9024733901023865,0.5524630546569824,0.7653337597846985,0.31586568653583524,0.1381157636642456,-0.09337089117214234,0.20000000000004547,,none,-0.07612137151108378,0.0,-0.010000000000002274,-0.007249519661056283
R01_horizontal_empty,899,180.80000000000686,73.73064365735034,54.349186359028224,14.105305487819177,-2.8117194134999246,0.021070201464325738,0.8478736665382799,0.2904167777562316,0.04079641199006789,0.49754849076271057,0.9804154634475708,0.20840640366077423,0.49754849076271057,0.9804154634475708,0.20840640366077423,1.1985290944576263,0.34314541220664974,0.05210160091519356,-0.10149568431890571,0.20000000000004547,,none,-0.07858122995759587,0.0,-0.010000000000002274,-0.012914454361307564
R01_horizontal_empty,900,181.0000000000069,73.56475935885625,54.2867905904033,14.101047708441149,-2.7521928163271165,0.025647797940247276,0.9217196018692575,0.3038376601585094,0.007489871460652949,0.4698631167411804,0.946243405342102,-0.2415134757757187,0.4698631167411804,0.946243405342102,-0.2415134757757187,1.1819178700447082,0.3311851918697357,-0.06037836894392967,-0.0976734830810962,0.20000000000004547,,none,-0.08358624093305345,0.0,-0.010000000000002274,-0.004087242148040478
R01_horizontal_empty,901,181.20000000000695,73.39302208829827,54.21010482994887,14.096193999819542,-2.6914363242554256,0.025302709992672538,0.9582660918012502,0.3037349982044591,-0.009648992337076296,0.31173115968704224,0.8672165870666504,-0.17829039692878723,0.31173115968704224,0.8672165870666504,-0.17829039692878723,1.0870386958122253,0.30352580547332764,-0.04457259923219681,-0.09493845903036008,0.20000000000004547,,none,-0.08423349679940983,0.0,-0.010000000000002274,-0.0007049622309479675
R01_horizontal_empty,902,181.400000000007,73.22324166165265,54.12156798050164,14.091499853128598,-2.6302069587677157,0.02389268104707734,0.9574186382007804,0.30822057789416957,-0.004815591245798353,0.0907210186123848,0.9067450761795044,0.020133432000875473,0.0907210186123848,0.9067450761795044,0.020133432000875473,0.9544326111674308,0.3173607766628265,0.005033358000218868,-0.0925093399417197,0.20000000000004547,,none,-0.08071373994578757,0.0,-0.010000000000002274,-0.001795599995929861
R01_horizontal_empty,903,181.60000000000704,73.05906322043896,54.02258090517999,14.086898839266846,-2.5675046214128474,0.024715851875245033,0.9603952171982648,0.31806111311676,0.011795331890785417,0.11813879758119583,0.9660372138023376,0.1825726479291916,0.11813879758119583,0.9660372138023376,0.1825726479291916,0.9708832785487174,0.3381130248308182,0.0456431619822979,-0.08617371691659235,0.20000000000004547,,none,-0.0755606410954126,0.0,-0.010000000000002274,-0.0006130758211774737
R01_horizontal_empty,904,181.8000000000071,72.900207856776,53.91243900804034,14.081811676743824,-2.503007086480123,0.02832969408181901,0.9730302426645564,0.3262937418158403,0.02346364756489867,0.19591686129570007,0.9801978468894958,0.188960000872612,0.19591686129570007,0.9801978468894958,0.188960000872612,1.01755011677742,0.3430692464113235,0.047240000218153,-0.08094806656069803,0.20000000000004547,,none,-0.07082225158065114,0.0,-0.010000000000002274,-0.00012581498004460845
R01_horizontal_empty,905,182.00000000000713,72.74765324588967,53.79121991489203,14.075796339666757,-2.437121551494995,0.0335731430735557,0.9765754236406894,0.33212230816188376,0.028584856134979828,0.14844495058059692,0.9828545451164246,0.15608106553554535,0.14844495058059692,0.9828545451164246,0.15608106553554535,0.9890669703483581,0.3439990907907486,0.03902026638388634,-0.0759512611021741,0.20000000000004547,,none,-0.0658844278073456,0.0,-0.010000000000002274,-6.683329482621404e-05
R01_horizontal_empty,906,182.20000000000718,72.60436804562264,53.66097593431077,14.068658649339367,-2.370227304695806,0.04056844230481788,0.9621032753131998,0.3364908985516942,0.04047218640628117,0.01851707696914673,0.986836314201355,0.25877928733825684,0.01851707696914673,0.986836314201355,0.25877928733825684,0.911110246181488,0.3453927099704742,0.06469482183456421,-0.07039749721423036,0.20000000000004547,,none,-0.059848616582474534,0.0,-0.010000000000002274,-0.0005488806317535522
R01_horizontal_empty,907,182.40000000000722,72.47390187556273,53.525313589955104,14.060154746503613,-2.302555185896231,0.05038046051027847,0.9241193472563732,0.3399682044076694,0.05644418392613851,-0.1828635185956955,0.991582453250885,0.35596033930778503,-0.1828635185956955,0.991582453250885,0.35596033930778503,0.7902818888425827,0.34705385863780974,0.08899008482694626,-0.06364685204166977,0.20000000000004547,,none,-0.05264643550231085,0.0,-0.010000000000002274,-0.0010004165393566434
R01_horizontal_empty,908,182.60000000000727,72.35890986707116,53.38823160367661,14.050057668909547,-2.234272379611941,0.0628843588510461,0.8708346040580216,0.34265718926454986,0.06774319166316711,-0.3615261912345886,0.9946756958961487,0.3630680441856384,-0.3615261912345886,0.9946756958961487,0.3630680441856384,0.6830842852592468,0.348136493563652,0.0907670110464096,-0.05539768734534486,0.20000000000004547,,none,-0.044758078581079275,0.0,-0.010000000000002274,-0.0006396087642633086
R01_horizontal_empty,909,182.80000000000732,72.26023047272946,53.25275324933408,14.03832993978846,-2.165525112487315,0.07724672717566582,0.8124024706686046,0.34466421236545713,0.07531016753643441,-0.4891413748264313,0.9964396953582764,0.36291712522506714,-0.4891413748264313,0.9964396953582764,0.36291712522506714,0.6065151751041412,0.3487538933753967,0.09072928130626678,-0.047187349500345394,0.20000000000004547,,none,-0.036861574109266826,0.0,-0.010000000000002274,-0.00032577539107629504
R01_horizontal_empty,910,183.00000000000736,72.17744848025912,53.12089765479382,14.02509620941996,-2.096435389897977,0.09260146524241541,0.7531823938104981,0.34612305997624065,0.07803206344940583,-0.5924687385559082,0.9974163770675659,0.3343137204647064,-0.5924687385559082,0.9974163770675659,0.3343137204647064,0.5445187568664551,0.34909573197364807,0.0835784301161766,-0.039606783510730034,0.20000000000004547,,none,-0.02937687045540116,0.0,-0.010000000000002274,-0.00022991305532659822
R01_horizontal_empty,911,183.2000000000074,72.10915985106396,52.99328867085674,14.010541850008336,-2.0270942164429493,0.10784032342719417,0.7040349574712589,0.3472069794121626,0.07461412863120939,-0.615229070186615,0.9983304738998413,0.27059781551361084,-0.615229070186615,0.9983304738998413,0.27059781551361084,0.530862557888031,0.34941566586494444,0.06764945387840271,-0.03267690673396162,0.20000000000004547,,none,-0.022585335037705434,0.0,-0.010000000000002274,-9.157169625391148e-05
R01_horizontal_empty,912,183.40000000000745,72.05330764194228,52.86882855271272,13.994830587369504,-1.9575681208354208,0.12088719102760266,0.6709801746615538,0.3479946126352013,0.05716936191837041,-0.5758154988288879,0.9988558888435364,0.08648968487977982,-0.5758154988288879,0.9988558888435364,0.08648968487977982,0.5545107007026673,0.3495995610952377,0.021622421219944954,-0.027287508341680217,0.20000000000004547,,none,-0.016578518153007593,0.0,-0.010000000000002274,-0.0007089901886703498
R01_horizontal_empty,913,183.6000000000075,72.0078257200836,52.74502049121597,13.978200716840735,-1.8879102368999847,0.12863424068395096,0.659243986734784,0.3485429020668043,0.022885141229159356,-0.47018134593963623,0.9990289807319641,-0.18790121376514435,-0.47018134593963623,0.9990289807319641,-0.18790121376514435,0.6178911924362183,0.34966014325618744,-0.04697530344128609,-0.022812677060764584,0.20000000000004547,,none,-0.011083697671230297,0.0,-0.010000000000002274,-0.001728979389532014
R01_horizontal_empty,914,183.80000000000754,71.97158181722334,52.62005915865615,13.961260483453097,-1.8181614411276765,0.12866233338192898,0.6533723693383842,0.3489168696652542,-0.019415973242037768,-0.44552740454673767,0.9990825653076172,-0.4224492907524109,-0.44552740454673767,0.9990825653076172,-0.4224492907524109,0.6326835572719574,0.349678897857666,-0.10561232268810272,-0.016629640587968477,0.20000000000004547,,none,-0.0055172281856474825,0.0,-0.010000000000002274,-0.0011124124023187188
R01_horizontal_empty,915,184.0000000000076,71.94410013719474,52.49262431246475,13.944807826109814,-1.7483507324702796,0.12109507047746716,0.660525564382,0.34917105864890663,-0.05367457976210127,-0.35711658000946045,0.9991114735603333,-0.4939313232898712,-0.35711658000946045,0.9991114735603333,-0.4939313232898712,0.6857300519943237,0.3496890157461166,-0.1234828308224678,-0.009751257615107286,0.20000000000004547,,none,0.0005072654990296854,0.0,-0.010000000000002274,-0.0002585231141346966
R01_horizontal_empty,916,184.20000000000763,71.92510887699449,52.36018169538073,13.92936826576735,-1.6784979046542887,0.10782327435402024,0.6854174394007327,0.3493441719378232,-0.07726534234499564,-0.21145887672901154,0.9991340637207031,-0.5013435482978821,-0.21145887672901154,0.9991340637207031,-0.5013435482978821,0.773124673962593,0.3496969223022461,-0.12533588707447052,-0.0032391687646785403,0.20000000000004547,,none,0.007186253397620135,0.0,-0.010000000000002274,-0.0004254221622964005
R01_horizontal_empty,917,184.40000000000768,71.91496338600682,52.22044421148952,13.915404266439593,-1.608616756850949,0.09019706477452591,0.7211774533766575,0.3494586759145788,-0.09747365040082022,-0.08803518861532211,0.9991199970245361,-0.5546072721481323,-0.08803518861532211,0.9991199970245361,-0.5546072721481323,0.8471788868308068,0.3496919989585876,-0.13865181803703308,0.004416282370454672,0.20000000000004547,,none,0.014777690995734005,0.0,-0.010000000000002274,-0.0003614086252770588
R01_horizontal_empty,918,184.60000000000773,71.91457218614804,52.07400511265093,13.903693379595301,-1.5387178754957307,0.06883847104309976,0.7469843709410707,0.3495251290549722,-0.11480594909824621,-0.10347369313240051,0.9990301132202148,-0.6004948616027832,-0.10347369313240051,0.9990301132202148,-0.6004948616027832,0.8379157841205596,0.34966053962707516,-0.1501237154006958,0.013141261678654191,0.20000000000004547,,none,0.02318814220599208,0.0,-0.010000000000002274,-4.688052733561432e-05
R01_horizontal_empty,919,184.80000000000777,71.92473191415414,51.92302538982171,13.895083959504264,-1.4688100411652707,0.04439311165883022,0.7680090226927119,0.3495512458249609,-0.12860742550678536,-0.0965166911482811,0.9988698959350586,-0.6269219517707825,-0.0965166911482811,0.9988698959350586,-0.6269219517707825,0.8420899853110313,0.3496044635772705,-0.15673048794269562,0.02208742589383492,0.20000000000004547,,none,0.032102362226655856,0.0,-0.010000000000002274,-1.4936332818661357e-05
R01_horizontal_empty,920,185.00000000000782,71.94611261562423,51.76809854203081,13.89022569061905,-1.3989006686347876,0.017410425933578322,0.7957357339829009,0.3495430938921993,-0.1403354861489482,-0.010947341099381447,0.9986470937728882,-0.6569343209266663,-0.010947341099381447,0.9986470937728882,-0.6569343209266663,0.8934315953403711,0.34952648282051085,-0.16423358023166656,0.03152225924796466,0.20000000000004547,,none,0.04168671736018581,0.0,-0.010000000000002274,-0.0001644581122188727
R01_horizontal_empty,921,185.20000000000786,71.97973681710317,51.608091523035846,13.88974946071527,-1.3289978134659295,-0.011728518162688127,0.8376814457287461,0.34948949737360496,-0.15030272277330983,0.14246393740177155,0.9982293844223022,-0.6824512481689453,0.14246393740177155,0.9982293844223022,-0.6824512481689453,0.9854783624410628,0.3493802845478058,-0.17061281204223633,0.042019214279975195,0.20000000000004547,,none,0.05250294044854442,0.0,-0.010000000000002274,-0.0004837261685669531
R01_horizontal_empty,922,185.4000000000079,72.0273721923412,51.440629234712645,13.894485212389661,-1.2591221849359133,-0.04257029017863623,0.9014154323075768,0.34928239710335157,-0.15756745359225896,0.3766399323940277,0.9967439770698547,-0.6894827485084534,0.3766399323940277,0.9967439770698547,-0.6894827485084534,1.1259839594364165,0.3488603919744491,-0.17237068712711334,0.054254025907554494,0.20000000000004547,,none,0.06535182680880958,0.0,-0.010000000000002274,-0.0010978009012528077
R01_horizontal_empty,923,185.60000000000795,72.09152536181634,51.263255892909086,13.90556938202426,-1.1893427568153592,-0.07451529037093234,0.984544601909843,0.34856588753048723,-0.1615801135775398,0.6290876865386963,0.9917310476303101,-0.6790266036987305,0.6290876865386963,0.9917310476303101,-0.6790266036987305,1.2774526119232177,0.3471058666706085,-0.16975665092468262,0.06956181187447617,0.20000000000004547,,none,0.08083909845444914,0.0,-0.010000000000002274,-0.0012772865799706957
R01_horizontal_empty,924,185.800000000008,72.17415095154331,51.076563841935716,13.924107994310722,-1.1197598663570023,-0.10584902311900336,1.0622513889534497,0.3473543321539348,-0.15244567763767214,0.7267557978630066,0.9853873252868652,-0.5353302955627441,0.7267557978630066,0.9853873252868652,-0.5353302955627441,1.336053478717804,0.3448855638504028,-0.13383257389068604,0.08737467438236828,0.20000000000004547,,none,0.09797923301746536,0.0,-0.010000000000002274,-0.0006045586350948185
R01_horizontal_empty,925,186.00000000000804,72.27535368684998,50.884955513607736,13.950330044308231,-1.0505905813750327,-0.13386517864916123,1.1183143577801664,0.3445498889485712,-0.12944913067552383,0.6930897235870361,0.968100905418396,-0.3303576409816742,0.6930897235870361,0.968100905418396,-0.3303576409816742,1.3158538341522217,0.3388353168964386,-0.08258941024541855,0.10355342668397624,0.20000000000004547,,none,0.1144223469638792,0.0,-0.010000000000002274,-0.0008689202799006956
R01_horizontal_empty,926,186.2000000000081,72.3939253716279,50.693571777383895,13.983268421837327,-0.9821417067142961,-0.15477598832687856,1.1557159566824708,0.34026203390276366,-0.08314864061531906,0.6458359360694885,0.9472135305404663,0.04478870704770088,0.6458359360694885,0.9472135305404663,0.04478870704770088,1.2875015616416932,0.3315247356891632,0.01119717676192522,0.11573587114576835,0.20000000000004547,,none,0.12860395085184706,0.0,-0.010000000000002274,-0.0028680797060764342
R01_horizontal_empty,927,186.40000000000813,72.52767583789013,50.50726270678952,14.02062894605477,-0.9143674882379519,-0.1663320898532219,1.1678371252988953,0.33767512644340725,-0.035968359163927856,0.5175773501396179,0.9497252106666565,0.2406807839870453,0.5175773501396179,0.9497252106666565,0.2406807839870453,1.2105464100837706,0.3324038237333298,0.06017019599676132,0.12816473124241315,0.20000000000004547,,none,0.13926133682660335,0.0,-0.010000000000002274,-0.0010966055841879266
R01_horizontal_empty,928,186.60000000000818,72.67296269468265,50.33126388672932,14.059530265102817,-0.846858806308382,-0.17007687697713295,1.1485772741587577,0.3374301562877281,-0.003896753546896503,0.3011910617351532,0.9626599550247192,0.2458203136920929,0.3011910617351532,0.9626599550247192,0.2458203136920929,1.0807146370410918,0.3369309842586517,0.061455078423023224,0.13422941475497402,0.20000000000004547,,none,0.14516974971870944,0.0,-0.010000000000002274,-0.0009403349637331537
R01_horizontal_empty,929,186.80000000000823,72.82540774959365,50.17006231921419,14.097578335589002,-0.7793437081308439,-0.1688162401983479,1.104934620168625,0.33770045317300834,0.015073342500597844,0.08526413142681122,0.9664320945739746,0.21491369605064392,0.08526413142681122,0.9664320945739746,0.21491369605064392,0.9511584788560867,0.3382512331008911,0.05372842401266098,0.13544647664714002,0.20000000000004547,,none,0.14639835439280624,0.0,-0.010000000000002274,-0.0009518777456639471
R01_horizontal_empty,930,187.00000000000827,72.98139289288129,50.02596738060311,14.133413726405927,-0.7116906350325307,-0.16526302175920102,1.0515299176701476,0.33875109108168316,0.02008138501507104,-0.06107180193066597,0.9739770293235779,0.12114479392766953,-0.06107180193066597,0.9739770293235779,0.12114479392766953,0.8633569188416004,0.34089196026325225,0.03028619848191738,0.1338618544423078,0.20000000000004547,,none,0.14446712921105664,0.0,-0.010000000000002274,-0.0006052747687465545
R01_horizontal_empty,931,187.20000000000832,73.14011409711355,49.89815216969047,14.1670559255961,-0.6438102720091289,-0.1622244026120784,1.01595933921499,0.3399613237445962,0.01099002365356601,-0.015624354593455791,0.9783639907836914,-0.030141230672597885,-0.015624354593455791,0.9783639907836914,-0.030141230672597885,0.8906253872439265,0.34242739677429196,-0.007535307668149471,0.13199801512703047,0.20000000000004547,,none,0.14249745866982622,0.0,-0.010000000000002274,-0.0004994435427934746
R01_horizontal_empty,932,187.40000000000836,73.30456491631159,49.783269490314574,14.199838325722446,-0.5757127575721432,-0.16258838823268687,1.0170033898674158,0.3409400536158186,-0.012834241602619242,0.20113688707351685,0.9798125624656677,-0.2455223649740219,0.20113688707351685,0.9798125624656677,-0.2455223649740219,1.02068213224411,0.34293439686298366,-0.06138059124350548,0.13220106899302503,0.20000000000004547,,none,0.14406860033826518,0.0,-0.010000000000002274,-0.0018675313452378717
R01_horizontal_empty,933,187.6000000000084,73.4791088079785,49.67829548026492,14.233699606515271,-0.5074999268637379,-0.16770716922436624,1.046710523770468,0.3411708577294035,-0.03656497924656461,0.4189741015434265,0.9761176109313965,-0.33968299627304077,0.4189741015434265,0.9761176109313965,-0.33968299627304077,1.151384460926056,0.34164116382598875,-0.08492074906826019,0.13922670362894568,0.20000000000004547,,none,0.15035336221217754,0.0,-0.010000000000002274,-0.0011266585832295961
R01_horizontal_empty,934,187.80000000000845,73.66672510170945,49.58223576882939,14.27019241448234,-0.43936196103121816,-0.17507149816421064,1.0907357450789388,0.34027622889792114,-0.037042332006543284,0.5764331221580505,0.9670093059539795,-0.1520601063966751,0.5764331221580505,0.9670093059539795,-0.1520601063966751,1.2458598732948303,0.3384532570838928,-0.03801502659916878,0.14870073723265093,0.20000000000004547,,none,0.15990231029661395,0.0,-0.010000000000002274,-0.0012015730639607415
R01_horizontal_empty,935,188.0000000000085,73.86834304550345,49.4957428291143,14.309682009685602,-0.37169767469400616,-0.18022925021119907,1.136624166041751,0.3366406486723039,-0.016112660758731166,0.6638555526733398,0.9406642317771912,0.10614167153835297,0.6638555526733398,0.9406642317771912,0.10614167153835297,1.2983133316040039,0.32923248112201686,0.02653541788458824,0.15885914951151087,0.20000000000004547,,none,0.17035924755990095,0.0,-0.010000000000002274,-0.0015000980483878125
R01_horizontal_empty,936,188.20000000000854,74.08285455586692,49.42031879004039,14.35130570822904,-0.30510562884043335,-0.18091625912934078,1.17365430909256,0.32979571359281334,0.0074654834951891555,0.6735517978668213,0.9024225473403931,0.2220412641763687,0.6735517978668213,0.9024225473403931,0.2220412641763687,1.3041310787200928,0.31584789156913756,0.05551031604409218,0.16910740915905625,0.20000000000004547,,none,0.17940719234252,0.0,-0.010000000000002274,-0.00029978318346147504
R01_horizontal_empty,937,188.4000000000086,74.30794655679529,49.35746626712426,14.39371386209123,-0.24003170689415743,-0.1773187440871784,1.2006473608891557,0.3215639361084189,0.027034730034590317,0.6595969200134277,0.8708290457725525,0.2676427662372589,0.6595969200134277,0.8708290457725525,0.2676427662372589,1.2957581520080566,0.3047901660203933,0.06691069155931473,0.17577521245443065,0.20000000000004547,,none,0.18584066015338152,0.0,-0.010000000000002274,-6.544769894859304e-05
R01_horizontal_empty,938,188.60000000000863,74.54132156943315,49.308194825365746,14.435636508733042,-0.17658866586015637,-0.16991750991815077,1.2205477847314021,0.3134760587008324,0.04557986239500612,0.6511124968528748,0.8485586047172546,0.3334760069847107,0.6511124968528748,0.8485586047172546,0.3334760069847107,1.2906674981117248,0.2969955116510391,0.08336900174617767,0.17959528559620383,0.20000000000004547,,none,0.18969332506757564,0.0,-0.010000000000002274,-9.803947136953539e-05
R01_horizontal_empty,939,188.80000000000868,74.7801967362021,49.27320524480314,14.475744137100161,-0.11461768888232954,-0.15848198986766057,1.2268551057658634,0.3067413100407414,0.06714962224557908,0.5817985534667969,0.8371943235397339,0.44440799951553345,0.5817985534667969,0.8371943235397339,0.44440799951553345,1.249079132080078,0.29301801323890686,0.11110199987888336,0.18020197639059224,0.20000000000004547,,none,0.19054676592261988,0.0,-0.010000000000002274,-0.00034478953202537354
R01_horizontal_empty,940,189.00000000000873,75.02110453841182,49.25287588117302,14.512533523341242,-0.05396483526380982,-0.14263852568028879,1.219337708963275,0.30027462138699973,0.08959342688398861,0.48808324337005615,0.8202787041664124,0.5413073301315308,0.48808324337005615,0.8202787041664124,0.5413073301315308,1.1928499460220336,0.2870975464582443,0.1353268325328827,0.17741003938755504,0.20000000000004547,,none,0.1877792029435401,0.0,-0.010000000000002274,-0.0003691635559827944
R01_horizontal_empty,941,189.20000000000877,75.26026740425668,49.24710350644685,14.544581890215836,0.005735063218230059,-0.12300495928173222,1.195831258783122,0.2969731925907972,0.10554031767696329,0.3550093472003937,0.82927405834198,0.5521402359008789,0.3550093472003937,0.82927405834198,0.5521402359008789,1.1130056083202362,0.290245920419693,0.13803505897521973,0.17086718631730732,0.20000000000004547,,none,0.1812253249190281,0.0,-0.010000000000002274,-0.00035813860171851175
R01_horizontal_empty,942,189.40000000000882,75.49312648252747,49.25532657712803,14.570875375851742,0.06522432549082843,-0.10140440652568769,1.1514509526456942,0.2978531105905376,0.11012003587245484,0.15845945477485657,0.8561317324638367,0.47780823707580566,0.15845945477485657,0.8561317324638367,0.47780823707580566,0.9950756728649139,0.2996461063623428,0.11945205926895142,0.15981785347825905,0.20000000000004547,,none,0.17071542229668246,0.0,-0.010000000000002274,-0.0008975688184211351
R01_horizontal_empty,943,189.60000000000886,75.71840427838521,49.27678063547013,14.591456016917368,0.1249401373786681,-0.08014603028110824,1.122572040817645,0.29920324822271044,0.10300033912842074,0.20136061310768127,0.8627268671989441,0.35397055745124817,0.20136061310768127,0.8627268671989441,0.35397055745124817,1.0208163678646087,0.30195440351963043,0.08849263936281204,0.1489002157506107,0.20000000000004547,,none,0.1592446112722783,0.0,-0.010000000000002274,-0.0003443955216653372
R01_horizontal_empty,944,189.8000000000089,75.9406159076837,49.311449387968544,14.60737214666145,0.1843625763730505,-0.06203406052485902,1.1319479560678747,0.2953142556442544,0.07986320734373602,0.4416404366493225,0.8211134672164917,0.1308680772781372,0.4416404366493225,0.8211134672164917,0.1308680772781372,1.1649842619895934,0.2873897135257721,0.0327170193195343,0.1389966765075106,0.20000000000004547,,none,0.15118149221388677,0.0,-0.010000000000002274,-0.002184815706373904
R01_horizontal_empty,945,190.00000000000895,76.1640237635446,49.3598986360886,14.619962680560217,0.24208072745765136,-0.04910256123877435,1.156674231199933,0.2828097235613411,0.05158324992541487,0.5729966163635254,0.7352269291877747,-0.024169588461518288,0.5729966163635254,0.7352269291877747,-0.024169588461518288,1.2437979698181152,0.2573294252157211,-0.006042397115379572,0.13533196564561284,0.20000000000004547,,none,0.1463053180688485,0.0,-0.010000000000002274,-0.0009733524232333874
R01_horizontal_empty,946,190.200000000009,76.38873584475738,49.422033199356214,14.630396415749175,0.2965857228001144,-0.04119807472783172,1.1764464349771941,0.2636818968778798,0.029152243337293104,0.5768572688102722,0.6420154571533203,-0.06622033566236496,0.5768572688102722,0.6420154571533203,-0.06622033566236496,1.2461143612861634,0.2247054100036621,-0.01655508391559124,0.13149559082876444,0.20000000000004547,,none,0.1417050217986926,0.0,-0.010000000000002274,-0.000209430969925879
R01_horizontal_empty,947,190.40000000000904,76.61198418827554,49.49650746516532,14.639510085944233,0.3463121327752125,-0.03666046659684791,1.178860543498053,0.235691819017909,0.01712995923343801,0.4789445400238037,0.510448157787323,-0.02947067841887474,0.4789445400238037,0.510448157787323,-0.02947067841887474,1.1873667240142822,0.17865685522556304,-0.007367669604718685,0.12482869184076152,0.20000000000004547,,none,0.13539363972133156,0.0,-0.010000000000002274,-0.0005649478805677702
R01_horizontal_empty,948,190.6000000000091,76.8284027089188,49.58001079574104,14.647591913664597,0.3887060111426596,-0.032825238788386064,1.1440423786945222,0.19157226194140856,0.020935495074215056,0.20226596295833588,0.290487140417099,0.1147599145770073,0.20226596295833588,0.290487140417099,0.1147599145770073,1.0213595777750015,0.10167049914598464,0.028689978644251823,0.11277467542536837,0.20000000000004547,,none,0.12568940238787984,0.0,-0.010000000000002274,-0.0029147269625091955
R01_horizontal_empty,949,190.80000000000913,77.02937342577438,49.66627442538995,14.654119499731701,0.4202861429118946,-0.025725631128647574,1.0440423786945225,0.12894898130898955,0.04801927330980704,-0.5250006318092346,0.0038355921860784292,0.4128299355506897,-0.5250006318092346,0.0038355921860784292,0.4128299355506897,0.5849996209144592,0.0013424572651274502,0.10320748388767242,0.0867776525687869,0.20000000000004547,,none,0.11077628351621538,0.0,-0.010000000000002274,-0.013998630947426203
R01_horizontal_empty,950,191.00000000000918,77.20998220787935,49.749272435288276,14.657972682777839,0.43908326185733926,-0.011018677147464948,0.9440423786945226,0.06392320978343774,0.09547362525421058,-0.9295005798339844,-0.19593952596187592,0.768682599067688,-0.9295005798339844,-0.19593952596187592,0.768682599067688,0.3422996520996094,-0.06857883408665656,0.192170649766922,0.07635789253232095,0.20000000000004547,,none,0.09296112101062715,0.0,-0.010000000000002274,-0.006603228478303928
R01_horizontal_empty,951,191.20000000000923,77.371477164803,49.82602113888484,14.658035895624055,0.44642065984661594,0.012143249119927601,0.8440423786945225,0.01326861417662662,0.13329503257660325,-0.9776535630226135,-0.25699856877326965,0.8414525985717773,-0.9776535630226135,-0.25699856877326965,0.8414525985717773,0.31340786218643185,-0.08994949907064437,0.21036314964294434,0.06554304151570377,0.20000000000004547,,none,0.07576988930224271,0.0,-0.010000000000002274,-0.0002268477865366636
R01_horizontal_empty,952,191.40000000000927,77.51469664714642,49.89450192698756,14.653911995336212,0.4436600982965855,0.0412204726720917,0.7440423786945224,-0.03707948619876871,0.15578233199327116,-0.9815168976783752,-0.39906588196754456,0.8064174652099609,-0.9815168976783752,-0.39906588196754456,0.8064174652099609,0.31108986139297484,-0.13967305868864058,0.20160436630249023,0.04925953923287249,0.20000000000004547,,none,0.05968804938092642,0.0,-0.010000000000002274,-0.0004285101480516573
R01_horizontal_empty,953,191.60000000000932,77.6403318790205,49.95337663328056,14.646021102207929,0.4304832920110969,0.07349318994757806,0.6487660178423519,-0.09065089217675713,0.16616248700376085,-0.9869046807289124,-0.5708929896354675,0.749255895614624,-0.9869046807289124,-0.5708929896354675,0.749255895614624,0.30785719156265257,-0.19981254637241364,0.187313973903656,0.03473354531256602,0.20000000000004547,,none,0.045389965876054816,0.0,-0.010000000000002274,-0.0006564205634865239
R01_horizontal_empty,954,191.80000000000936,77.75114706767538,50.00288599501275,14.63512360419699,0.40781306625756025,0.1059473650614443,0.5734556496185322,-0.13286935390057986,0.15892477176099845,-0.986504316329956,-0.6254208087921143,0.5767063498497009,-0.986504316329956,-0.6254208087921143,0.5767063498497009,0.30809741020202636,-0.21889728307723996,0.14417658746242523,0.02328768738294862,0.20000000000004547,,none,0.03394262316489716,0.0,-0.010000000000002274,-0.0006549357819462643
R01_horizontal_empty,955,192.0000000000094,77.85061352015013,50.04421646841649,14.62204433393335,0.3782510912613083,0.13540064732724422,0.5144232313875607,-0.1606561047061106,0.1372422645461787,-0.9892986416816711,-0.6207907199859619,0.3722405731678009,-0.9892986416816711,-0.6207907199859619,0.3722405731678009,0.3064208149909973,-0.21727675199508667,0.09306014329195023,0.01457675624153646,0.20000000000004547,,none,0.02541346623775187,0.0,-0.010000000000002274,-0.0008367099962131342
R01_horizontal_empty,956,192.20000000000945,77.9412896903146,50.078524673436526,14.607586103594683,0.34385190116782427,0.16004818765269022,0.46804422965188175,-0.18174623045481156,0.11119623188990037,-0.9922891855239868,-0.6420607566833496,0.23249047994613647,-0.9922891855239868,-0.6420607566833496,0.23249047994613647,0.3046264886856079,-0.22472126483917235,0.05812261998653412,0.008766260982472626,0.20000000000004547,,none,0.0191660899098558,0.0,-0.010000000000002274,-0.0003998289273808986
R01_horizontal_empty,957,192.4000000000095,78.02516200341964,50.10681380989487,14.5923487151546,0.30558565230316953,0.18051863304884483,0.4318876586169073,-0.19957267642629248,0.09474793271708275,-0.992518424987793,-0.6739924550056458,0.24492591619491577,-0.992518424987793,-0.6739924550056458,0.24492591619491577,0.3044889450073242,-0.235897359251976,0.06123147904872894,0.00458947328843795,0.20000000000004547,,none,0.014612959808103732,0.0,-0.010000000000002274,-2.348651966350701e-05
R01_horizontal_empty,958,192.60000000000954,78.1037825341099,50.12986101500659,14.576629038977021,0.26349898739178534,0.1984011798780404,0.40373756077939793,-0.21977157856382068,0.08482539839630754,-0.9924168586730957,-0.7455159425735474,0.25842559337615967,-0.9924168586730957,-0.7455159425735474,0.25842559337615967,0.3045498847961426,-0.2609305799007416,0.06460639834403992,0.001074618608583399,0.20000000000004547,,none,0.01118057582605747,0.0,-0.010000000000002274,-0.0001059572174717971
R01_horizontal_empty,959,192.8000000000096,78.17833756974679,50.1481963146493,14.560537691812266,0.21772959553776172,0.21464885510221937,0.3818107397140682,-0.2366501961695551,0.07815416560847205,-0.9924150705337524,-0.7744100093841553,0.2582411766052246,-0.9924150705337524,-0.7744100093841553,0.2582411766052246,0.30455095767974855,-0.2710435032844543,0.06456029415130615,-0.0015456433297995182,0.20000000000004547,,none,0.00847105469239473,0.0,-0.010000000000002274,-1.669802219197436e-05
R01_horizontal_empty,960,193.00000000000963,78.24971118286413,50.16221054039887,14.544103550526021,0.16927112155600677,0.22959957786055207,0.36476231102380124,-0.2471436505040188,0.07182973519371627,-0.9921805262565613,-0.7672171592712402,0.23577015101909637,-0.9921805262565613,-0.7672171592712402,0.23577015101909637,0.30469168424606324,-0.26852600574493407,0.058942537754774094,-0.0037744532471695232,0.20000000000004547,,none,0.006236681534725896,0.0,-0.010000000000002274,-1.1134781893145096e-05
R01_horizontal_empty,961,193.20000000000968,78.3185523160008,50.17222872227802,14.527332412135086,0.11921890976439051,0.24335619597283709,0.351525321525413,-0.25294148388642346,0.06616351011807584,-0.9918593168258667,-0.7564446926116943,0.21847011148929596,-0.9918593168258667,-0.7564446926116943,0.21847011148929596,0.30488440990447996,-0.264755642414093,0.05461752787232399,-0.005679293779812139,0.20000000000004547,,none,0.004329015031813377,0.0,-0.010000000000002274,-8.308811623241041e-06
R01_horizontal_empty,962,193.40000000000973,78.38534766557744,50.178521013502966,14.510217306484588,0.06823548417170462,0.25599520973884377,0.3414178391239728,-0.2566158356276874,0.0606427295571928,-0.9903269410133362,-0.754580020904541,0.1975724697113037,-0.9903269410133362,-0.754580020904541,0.1975724697113037,0.3058038353919983,-0.2641030073165893,0.04939311742782593,-0.007360280165690197,0.20000000000004547,,none,0.002648570566473829,0.0,-0.010000000000002274,-8.850732161751474e-06
R01_horizontal_empty,963,193.60000000000977,78.45046831481658,50.181296149237035,14.492747570814027,0.016642863752595244,0.26751994703774756,0.33381212861339304,-0.25912151514240445,0.05502783856372102,-0.9883113503456116,-0.7549351453781128,0.17434583604335785,-0.9883113503456116,-0.7549351453781128,0.17434583604335785,0.30701318979263303,-0.2642273008823395,0.04358645901083946,-0.008880659559010736,0.20000000000004547,,none,0.0011302137456050687,0.0,-0.010000000000002274,-1.0873304613530088e-05
R01_horizontal_empty,964,193.80000000000982,78.51418665502872,50.180705115789095,14.474917732161318,-0.03544875934591333,0.2778992185186983,0.32820524029927295,-0.26160735754745335,0.04920383241650904,-0.9859179854393005,-0.7619220614433289,0.14934536814689636,-0.9859179854393005,-0.7619220614433289,0.14934536814689636,0.3084492087364197,-0.2666727215051651,0.03733634203672409,-0.01028294786556519,0.20000000000004547,,none,-0.000269356493828532,0.0,-0.010000000000002274,-1.359137173438274e-05
R01_horizontal_empty,965,194.00000000000986,78.57670451298061,50.17684602782978,14.45672721134418,-0.08807898155015878,0.28711756083336604,0.32429375872457616,-0.2644784684577949,0.043415833063681936,-0.9824807643890381,-0.7723682522773743,0.1264868527650833,-0.9824807643890381,-0.7723682522773743,0.1264868527650833,0.31051154136657716,-0.27032888829708096,0.03162171319127083,-0.011592607022986319,0.20000000000004547,,none,-0.00157973804064504,0.0,-0.010000000000002274,-1.2868982339004909e-05
R01_horizontal_empty,966,194.2000000000099,78.63818617641155,50.16977159410559,14.43817488068022,-0.14120510094625296,0.29508071634539307,0.3219656960544443,-0.26662122559341717,0.03672036075565808,-0.9770621657371521,-0.7742499709129333,0.09230838716030121,-0.9770621657371521,-0.7742499709129333,0.09230838716030121,0.3137627005577087,-0.27098748981952664,0.023077096790075302,-0.012847394126622459,0.20000000000004547,,none,-0.002823372734870766,0.0,-0.010000000000002274,-2.4021391749418088e-05
R01_horizontal_empty,967,194.40000000000995,78.69877449951258,50.159501606948204,14.41926405040909,-0.19471657425374794,0.30165818459833477,0.3211063164000919,-0.2683622836857636,0.029591616259223696,-0.9698695540428162,-0.7768857479095459,0.06026192009449005,-0.9698695540428162,-0.7768857479095459,0.06026192009449005,0.3180782675743103,-0.27191001176834106,0.015065480023622513,-0.014033861409639865,0.20000000000004547,,none,-0.0040121482689423615,0.0,-0.010000000000002274,-2.1713140695229783e-05
R01_horizontal_empty,968,194.60000000001,78.75859691421576,50.14602313122936,14.399998787016143,-0.24855492959612926,0.30680980224428506,0.321703157189895,-0.269904995341394,0.02246192597026058,-0.9603230953216553,-0.7801387310028076,0.03173545002937317,-0.9603230953216553,-0.7801387310028076,0.03173545002937317,0.3238061428070068,-0.27304855585098264,0.007933862507343292,-0.01517727373099707,0.20000000000004547,,none,-0.005158964205644878,0.0,-0.010000000000002274,-1.83095253499177e-05
R01_horizontal_empty,969,194.80000000001004,78.81777689521057,50.12928619320479,14.38037609702274,-0.30268461104413913,0.31056565408366293,0.32382208387430517,-0.2712876111860663,0.015612811178421416,-0.9478530287742615,-0.7831569910049438,0.006625888869166374,-0.9478530287742615,-0.7831569910049438,0.006625888869166374,0.3312881827354431,-0.2741049468517303,0.0016564722172915936,-0.016297203949351913,0.20000000000004547,,none,-0.006281301899053737,0.0,-0.010000000000002274,-1.5902050295901817e-05
R01_horizontal_empty,970,195.0000000000101,78.87636955464265,50.109226351160856,14.360402126238927,-0.35695547372776953,0.31314241583710695,0.326831311460615,-0.27141166564783065,0.0105373449655463,-0.9376093149185181,-0.7761841416358948,0.0007805729401297867,-0.9376093149185181,-0.7761841416358948,0.0007805729401297867,0.33743441104888916,-0.27166444957256314,0.00019514323503244668,-0.01739797320888468,0.20000000000004547,,none,-0.0073942187684785665,0.0,-0.010000000000002274,-3.7544404038409277e-06
R01_horizontal_empty,971,195.20000000001014,78.93433888990825,50.08579888155303,14.340092422396575,-0.4110080491307488,0.314775852237366,0.3304675274340384,-0.2692751201217946,0.006129257235507059,-0.9278669357299805,-0.7569186091423035,-0.011412149295210838,-0.9278669357299805,-0.7569186091423035,-0.011412149295210838,0.3432798385620117,-0.26492151319980617,-0.0028530373238027096,-0.018526309454393295,0.20000000000004547,,none,-0.008514014710990558,0.0,-0.010000000000002274,-1.2294743400460854e-05
R01_horizontal_empty,972,195.40000000001018,78.99161297038553,50.058987885622926,14.319467175103565,-0.4643454027431171,0.3155338329576103,0.3345787647017502,-0.2644612389125304,0.001778469459707431,-0.9182252883911133,-0.7275773286819458,-0.02834826335310936,-0.9182252883911133,-0.7275773286819458,-0.02834826335310936,0.34906482696533203,-0.25465206503868104,-0.00708706583827734,-0.01967197798230714,0.20000000000004547,,none,-0.009647163901068012,0.0,-0.010000000000002274,-2.4814081236851986e-05
R01_horizontal_empty,973,195.60000000001023,79.04813321553846,50.02880027416366,14.298540995528791,-0.5163369626655255,0.31563486320021245,0.3393340559476281,-0.25608563106493626,-0.0005896793234599662,-0.9065175652503967,-0.6829107999801636,-0.021660882979631424,-0.9065175652503967,-0.6829107999801636,-0.021660882979631424,0.35608946084976195,-0.23901877999305723,-0.005415220744907856,-0.020843238625965068,0.20000000000004547,,none,-0.010799700813489466,0.0,-0.010000000000002274,-4.3537812473327664e-05
R01_horizontal_empty,974,195.80000000001027,79.10387391095556,49.99527089976397,14.27730218815346,-0.5661142031905155,0.31549391135760135,0.3447466194874763,-0.24269595590408582,-0.0008037077497543957,-0.8936367630958557,-0.6154628992080688,-0.004959321115165949,-0.8936367630958557,-0.6154628992080688,-0.004959321115165949,0.36381794214248653,-0.2154120147228241,-0.0012398302787914872,-0.02209516405335684,0.20000000000004547,,none,-0.011995282522326178,0.0,-0.010000000000002274,-9.988153102838664e-05
R01_horizontal_empty,975,196.00000000001032,79.15886292576702,49.9584719026257,14.2557042902175,-0.6125281542923955,0.3155688845869423,0.3510297288475225,-0.22293308546721746,0.001388233146414451,-0.8780525922775269,-0.5218930840492249,0.02341887354850769,-0.8780525922775269,-0.5218930840492249,0.02341887354850769,0.37316844463348386,-0.1826625794172287,0.005854718387126923,-0.023459817050199325,0.20000000000004547,,none,-0.01326374707777056,0.0,-0.010000000000002274,-0.00019606997242648877
R01_horizontal_empty,976,196.20000000001036,79.21321180032025,49.918504417565785,14.233656421891846,-0.6546345332660961,0.3162913634612823,0.3584073973111736,-0.19986904432718172,0.005524783229546508,-0.8593286275863647,-0.4367765486240387,0.05581507831811905,-0.8593286275863647,-0.4367765486240387,0.05581507831811905,0.3844028234481811,-0.15287179201841353,0.013953769579529762,-0.024814688079853778,0.20000000000004547,,none,-0.014641789569051156,0.0,-0.010000000000002274,-0.0001728985108003489
R01_horizontal_empty,977,196.4000000000104,79.26695053653211,49.875591394119446,14.211090710290444,-0.6920895990100431,0.3180073426982287,0.36509479291950697,-0.1764469404119196,0.011206757901653402,-0.8522366285324097,-0.36777162551879883,0.09113933145999908,-0.8522366285324097,-0.36777162551879883,0.09113933145999908,0.3886580228805542,-0.12872006893157958,0.02278483286499977,-0.026241760912580195,0.20000000000004547,,none,-0.01612056533811046,0.0,-0.010000000000002274,-0.00012119557446745977
R01_horizontal_empty,978,196.60000000001045,79.31994186181356,49.83013779984029,14.188002382097993,-0.7249561393964962,0.32099469342225917,0.3700361665288872,-0.15391657992347538,0.018143896236784297,-0.8542546033859253,-0.3085908591747284,0.1291183978319168,-0.8542546033859253,-0.3085908591747284,0.1291183978319168,0.3874472379684448,-0.10800680071115493,0.0322795994579792,-0.02774898307485996,0.20000000000004547,,none,-0.01765000617865642,0.0,-0.010000000000002274,-9.897689620126826e-05
R01_horizontal_empty,979,196.8000000000105,79.37201258423462,49.782627608874904,14.164402678468583,-0.7534905847158916,0.32539913561447453,0.3731765268379329,-0.1330040533679745,0.025356881929009877,-0.8595972061157227,-0.25825974345207214,0.16021870076656342,-0.8595972061157227,-0.25825974345207214,0.16021870076656342,0.3842416763305664,-0.09039091020822525,0.040054675191640854,-0.029270570549829903,0.20000000000004547,,none,-0.019199990680698775,0.0,-0.010000000000002274,-7.057986912885283e-05
R01_horizontal_empty,980,197.00000000001054,79.42309831742551,49.73348008929456,14.140264447374426,-0.777825687295642,0.33123744797651394,0.3755847501064622,-0.11193495348124362,0.032488714460294436,-0.8598830103874207,-0.19715075194835663,0.18808457255363464,-0.8598830103874207,-0.19715075194835663,0.18808457255363464,0.3840701937675476,-0.06900276318192482,0.04702114313840866,-0.030870844072471624,0.20000000000004547,,none,-0.02078062612572662,0.0,-0.010000000000002274,-9.021794674272776e-05
R01_horizontal_empty,981,197.2000000000106,79.47349376293819,49.682812930559535,14.1154074412653,-0.7972891242315359,0.3384895726692194,0.3808009150349232,-0.08474846535045123,0.039503804159508715,-0.8346996307373047,-0.0838598981499672,0.21519339084625244,-0.8346996307373047,-0.0838598981499672,0.21519339084625244,0.3991802215576172,-0.029350964352488514,0.05379834771156311,-0.03279729324664661,0.20000000000004547,,none,-0.022513215082760496,0.0,-0.010000000000002274,-0.0002840781638838419
R01_horizontal_empty,982,197.40000000001064,79.52390799252257,49.63042971632991,14.089490716894549,-0.8104296989215722,0.3463193056720852,0.3905790533455414,-0.04932700225563579,0.038843307589468926,-0.7916123270988464,0.06528795510530472,0.14998969435691833,-0.7916123270988464,0.06528795510530472,0.14998969435691833,0.4250326037406921,0.02285078428685665,0.037497423589229584,-0.03511803905194866,0.20000000000004547,,none,-0.024550976653919143,0.0,-0.010000000000002274,-0.0005670623980272405
R01_horizontal_empty,983,197.60000000001068,79.57576244617975,49.575516667159334,14.061951185279984,-0.8161455742929724,0.35230395608299586,0.41231272934114327,-0.010740055144141145,0.02225356758095538,-0.6851800680160522,0.19396568834781647,-0.04620439186692238,-0.6851800680160522,0.19396568834781647,-0.04620439186692238,0.48889195919036865,0.06788799092173575,-0.011551097966730595,-0.03846746412724294,0.20000000000004547,,none,-0.02713990604173855,0.0,-0.010000000000002274,-0.0013275580855021177
R01_horizontal_empty,984,197.80000000001073,79.63177851273312,49.515969015326405,14.031793915728585,-0.8144230969382575,0.35323338657773024,0.4569745143041379,0.025252095206052733,-0.010491278902173395,-0.47609734535217285,0.28169360756874084,-0.30885985493659973,-0.47609734535217285,0.28169360756874084,-0.30885985493659973,0.6143415927886963,0.09859276264905929,-0.07721496373414993,-0.04322247586241118,0.20000000000004547,,none,-0.030814482562254497,0.0,-0.010000000000002274,-0.0024079933001544076
R01_horizontal_empty,985,198.00000000001077,79.69528735225914,49.449124065311516,13.99806957488758,-0.806810007090442,0.3465988190359899,0.5217621454366252,0.04908268810010535,-0.052675003220395616,-0.24992796778678894,0.2789769470691681,-0.5545285940170288,-0.24992796778678894,0.2789769470691681,-0.5545285940170288,0.7500432193279266,0.09764193147420883,-0.1386321485042572,-0.04797291761314917,0.20000000000004547,,none,-0.03574265567406787,0.0,-0.010000000000002274,-0.0022302619390790215
R01_horizontal_empty,986,198.20000000001082,79.76854391051569,49.373428827434616,13.96079478421117,-0.7968971286511208,0.3327090993660907,0.5923241376977275,0.04997857329843206,-0.08387095050016508,-0.09841443598270416,0.1480117291212082,-0.5897538661956787,-0.09841443598270416,0.1480117291212082,-0.5897538661956787,0.8409513384103775,0.051804105192422865,-0.14743846654891968,-0.052003160249073914,0.20000000000004547,,none,-0.04117617908043236,0.0,-0.010000000000002274,-0.0008269811686392803
R01_horizontal_empty,987,198.40000000001086,79.8490929015065,49.29158392038782,13.922184730002645,-0.7915157027123111,0.3161944795140584,0.6179881777583155,0.007069731585550453,-0.0814571746489828,-0.3193064033985138,-0.22961421310901642,-0.30615463852882385,-0.3193064033985138,-0.22961421310901642,-0.30615463852882385,0.7084161579608916,-0.08036497458815574,-0.07653865963220596,-0.06022684497079669,0.20000000000004547,,none,-0.04479038226184784,0.0,-0.010000000000002274,-0.005436462708946572
R01_horizontal_empty,988,198.6000000000109,79.92823129454638,49.21119355161382,13.886048004957813,-0.7977271514553217,0.30573842309293314,0.5688703908975636,-0.06383976052155282,-0.027193267921501202,-0.8403292298316956,-0.5952313542366028,0.3335179388523102,-0.8403292298316956,-0.5952313542366028,0.3335179388523102,0.39580246210098263,-0.20833097398281097,0.08337948471307755,-0.07050884092263338,0.20000000000004547,,none,-0.04422240720654802,0.0,-0.010000000000002274,-0.016286433716083074
R01_horizontal_empty,989,198.80000000001095,79.99981704521444,49.13670495050102,13.853571855832733,-0.8144456353692576,0.30506233437764824,0.5165509149876076,-0.10057624459416331,0.01709441203821295,-0.9463304281234741,-0.5012389421463013,0.42935502529144287,-0.9463304281234741,-0.5012389421463013,0.42935502529144287,0.3322017431259155,-0.17543362975120544,0.10733875632286072,-0.052299477864744134,0.20000000000004547,,none,-0.04171436637060211,0.0,-0.010000000000002274,-0.0005851114941397562
R01_horizontal_empty,990,199.000000000011,80.0639494609375,49.067418524523745,13.823556131936561,-0.8334219515040354,0.3118248841235515,0.476051865238303,-0.08998516772211804,0.04818758830801068,-0.9444128274917603,-0.1954396814107895,0.4461827576160431,-0.9444128274917603,-0.1954396814107895,0.4461827576160431,0.3333523035049438,-0.06840388849377632,0.11154568940401077,-0.051896697032318626,0.20000000000004547,,none,-0.04002069627964122,0.0,-0.010000000000002274,-0.0018760007526751332
R01_horizontal_empty,991,199.20000000001104,80.1222458809915,49.002285756938846,13.794836525325422,-0.8464280247060543,0.32412237285814566,0.4454826677752784,-0.043573609997393965,0.0729229884175578,-0.9370479583740234,0.1457100808620453,0.4933037757873535,-0.9370479583740234,0.1457100808620453,0.4933037757873535,0.3377712249755859,0.05099852830171585,0.12332594394683838,-0.0516440074051136,0.20000000000004547,,none,-0.039270851566122644,0.0,-0.010000000000002274,-0.002373155838988681
R01_horizontal_empty,992,199.4000000000111,80.17700041996925,48.94015498016751,13.766334486547422,-0.8478756297640028,0.3389889754374851,0.4310282034902457,0.02400420955739909,0.07554538683458542,-0.8665041923522949,0.4620186388492584,0.3235560357570648,-0.8665041923522949,0.4620186388492584,0.3235560357570648,0.380097484588623,0.16170652359724044,0.0808890089392662,-0.05222399352372809,0.20000000000004547,,none,-0.03954715708320844,0.0,-0.010000000000002274,-0.0026768364405173805
R01_horizontal_empty,993,199.60000000001114,80.23314783050564,48.87719474587698,13.736008269424698,-0.8342512084811934,0.34946956235362925,0.46388418824566674,0.1060557658183795,0.03250448147830657,-0.5339113473892212,0.780717134475708,-0.2207973152399063,-0.5339113473892212,0.780717134475708,-0.2207973152399063,0.5796531915664673,0.2732509970664978,-0.05519932880997658,-0.06266806904169811,0.20000000000004547,,none,-0.04249792299415933,0.0,-0.010000000000002274,-0.010170146047536499
R01_horizontal_empty,994,199.80000000001118,80.29892847987027,48.80654073234406,13.70074606946932,-0.8065180176769131,0.34811072615197014,0.5638841882456668,0.16670500076980121,-0.04287686818819234,0.31373435258865356,0.8293972611427307,-0.8119983673095703,0.31373435258865356,0.8293972611427307,-0.8119983673095703,1.0882406115531922,0.2902890413999557,-0.20299959182739258,-0.08159104931099811,0.20000000000004547,,none,-0.05018321588316432,0.0,-0.010000000000002274,-0.021407833427831525
R01_horizontal_empty,995,200.00000000001123,80.38036198603972,48.72437893665872,13.659626356270143,-0.7744803295897958,0.3330328154131634,0.6638841882456669,0.154585340609475,-0.10334476521071621,0.9192044138908386,0.37111225724220276,-0.9062371850013733,0.9192044138908386,0.37111225724220276,-0.9062371850013733,1.4515226483345032,0.12988929003477095,-0.22655929625034332,-0.08202840251137919,0.20000000000004547,,none,-0.06031840061751037,0.0,-0.010000000000002274,-0.011710001893866551
R01_horizontal_empty,996,200.20000000001127,80.47836873646492,48.63087226468962,13.614516747265716,-0.7535632614679009,0.3093502893795814,0.763884188245667,0.05458534060947503,-0.13136835330888127,0.8602167963981628,-0.6547038555145264,-0.7538864016532898,0.8602167963981628,-0.6547038555145264,-0.7538864016532898,1.4161300778388977,-0.22914634943008422,-0.18847160041332245,-0.10109247275025394,0.20000000000004547,,none,-0.0695126928023404,0.0,-0.010000000000002274,-0.021579779947911267
R01_horizontal_empty,997,200.40000000001132,80.57843677161736,48.537417377097455,13.572410063187805,-0.7526461933460059,0.2890207614564748,0.6727437248121378,-0.045414659390524977,-0.07609303454991789,-0.9138383865356445,-0.9762547612190247,0.14616262912750244,-0.9138383865356445,-0.9762547612190247,0.14616262912750244,0.3516969680786133,-0.3416891664266586,0.03654065728187561,-0.16032885611989223,0.20000000000004547,,none,-0.06911375542262732,0.0,-0.010000000000002274,-0.08121510069726263
R01_horizontal_empty,998,200.60000000001136,80.66642677840979,48.45385481140988,13.53701866804804,-0.7696402542704348,0.28086050824961845,0.5949547128457123,-0.11898122718743433,-0.010456530178021879,-0.9652284979820251,-0.7682477831840515,0.4931599795818329,-0.9652284979820251,-0.7682477831840515,0.4931599795818329,0.3208629012107849,-0.268886724114418,0.12328999489545822,-0.07478640502663639,0.20000000000004547,,none,-0.061460104872873345,0.0,-0.010000000000002274,-0.0033263001537607727
R01_horizontal_empty,999,200.8000000000114,80.74316813429567,48.377683779540014,13.50576285074528,-0.7944942199484759,0.2836990884726164,0.5334934496736639,-0.1288170985695418,0.03538709208510398,-0.9717784523963928,-0.425312876701355,0.515207827091217,-0.9717784523963928,-0.425312876701355,0.515207827091217,0.3169329285621643,-0.14885950684547422,0.12880195677280426,-0.06861204829037684,0.20000000000004547,,none,-0.0562493810990361,0.0,-0.010000000000002274,-0.0023626671913384635
R01_horizontal_empty,1000,201.00000000001145,80.8107055389119,48.307288582318996,13.476836265625634,-0.8168865772783209,0.29414094595936763,0.4862742752062714,-0.09746917237940488,0.06667342725579704,-0.9668397307395935,-0.0959770604968071,0.5217005014419556,-0.9668397307395935,-0.0959770604968071,0.5217005014419556,0.3198961615562439,-0.03359197117388248,0.1304251253604889,-0.06503383267478167,0.20000000000004547,,task_horizon,-0.05286326016224052,0.0,-0.010000000000002274,-0.0021705725125388763
