case_id,control_step,timestamp_s,north_m,east_m,down_m,yaw_rad,pitch_rad,surge_speed_mps,yaw_rate_rad_s,pitch_rate_rad_s,nominal_a0,nominal_a1,nominal_a2,executed_a0,executed_a1,executed_a2,surge_command_mps,yaw_rate_command_rad_s,pitch_rate_command_rad_s,reward,elapsed_s,minimum_clearance_m,failure_type,reward_progress,reward_goal,reward_time,reward_smoothness
R05_crossing,0,1.0,20.30000000000001,50.0,20.0,0.0,0.0,0.3,0.0,0.0,,,,,,,,,,,,,,,,,
R05_crossing,1,1.2000000000000002,20.36999916192525,50.00023380506113,20.000113122163285,0.00988382415175438,-0.004649382527842251,0.4000000000000001,0.0953895696759224,-0.043235183365793774,0.8167370557785034,0.8593888282775879,-0.5253394842147827,0.8167370557785034,0.8593888282775879,-0.5253394842147827,1.390042233467102,0.3007860898971557,-0.13133487105369568,-0.026302123874073977,0.20000000000000018,31.218906518650925,none,0.06999916135956852,0.0,-0.010000000000000009,-0.08630128523364249
R05_crossing,2,1.4000000000000004,20.459971319578546,50.00219649758746,20.00095079107509,0.03496780155325311,-0.013835300539273126,0.5000000000000001,0.15124069694232187,-0.04824630760284642,0.690169095993042,0.7572791576385498,-0.23382960259914398,0.690169095993042,0.7572791576385498,-0.23382960259914398,1.3141014575958252,0.2650477051734924,-0.058457400649785995,0.07774363322455101,0.20000000000000018,31.104675195168355,none,0.08997211011178763,0.0,-0.010000000000000009,-0.0022284768872366145
R05_crossing,3,1.6000000000000005,20.569798142013234,50.007904810834475,20.003017867475506,0.06936522347066672,-0.023472132791510062,0.6000000000000002,0.1898253885441249,-0.04813072629882727,0.6450689435005188,0.7669966816902161,-0.19158083200454712,0.6450689435005188,0.7669966816902161,-0.19158083200454712,1.2870413661003113,0.2684488385915756,-0.04789520800113678,0.09974799995583633,0.20000000000000018,30.97394885438505,none,0.1098262682087423,0.0,-0.010000000000000009,-7.826825290596862e-05
R05_crossing,4,1.8000000000000007,20.699218416017356,50.0195000093826,20.006724955461024,0.10896680177341425,-0.03345173153630516,0.7000000000000003,0.20504341004112314,-0.05141753398673494,0.6042938232421875,0.6744369864463806,-0.23246005177497864,0.6042938232421875,0.6744369864463806,-0.23246005177497864,1.2625762939453125,0.2360529452562332,-0.05811501294374466,0.11917926853792171,0.20000000000000018,30.82782694895426,none,0.12941728890241677,0.0,-0.010000000000000009,-0.00023802036449504626
R05_crossing,5,2.000000000000001,20.84782312558022,50.03898553254153,20.012522350106636,0.15141349821022332,-0.04361144423631667,0.8000000000000004,0.21841568412917495,-0.050266357359333075,0.6203385591506958,0.7018976211547852,-0.19168248772621155,0.6203385591506958,0.7018976211547852,-0.19168248772621155,1.2722031354904175,0.2456641674041748,-0.04792062193155289,0.1385406377985668,0.20000000000000018,30.667500078200177,none,0.14859412439334108,0.0,-0.010000000000000009,-5.34865947742702e-05
R05_crossing,6,2.2,21.0150284310729,50.06834933343399,20.020768367917725,0.19566428467649205,-0.053070721682714414,0.8983925340231512,0.2236943283673528,-0.04474273342528544,0.6031970977783203,0.6698586940765381,-0.13394930958747864,0.6031970977783203,0.6698586940765381,-0.13394930958747864,1.2619182586669921,0.23445054292678832,-0.03348732739686966,0.15708315285261396,0.1999999999999993,30.494333347038424,none,0.1671762217007,0.0,-0.009999999999999966,-9.306884808609084e-05
R05_crossing,7,2.3999999999999995,21.196332731253186,50.108580397636864,20.031526364603803,0.24070720727337083,-0.06283107985069566,0.9591578085188163,0.226521791317211,-0.052291868845418824,0.4554433226585388,0.6636664867401123,-0.27069851756095886,0.4554433226585388,0.6636664867401123,-0.27069851756095886,1.1732659935951233,0.23228327035903928,-0.06767462939023972,0.17042746190465,0.1999999999999993,30.312871135029084,none,0.18123885925215433,0.0,-0.009999999999999966,-0.0008113973475043679
R05_crossing,8,2.5999999999999988,21.383798906499567,50.159189342046865,20.044934147876166,0.28669458672757253,-0.07589266316360818,0.986142285277614,0.23287328987607753,-0.07649943647252348,0.3020381033420563,0.7023304104804993,-0.5033073425292969,0.3020381033420563,0.7023304104804993,-0.5033073425292969,1.0812228620052338,0.24581564366817474,-0.12582683563232422,0.1757587891782446,0.1999999999999993,30.130186039694436,none,0.1873414876935584,0.0,-0.009999999999999966,-0.0015826985153138296
R05_crossing,9,2.799999999999998,21.571467688025603,50.219377670459494,20.061562314171578,0.3343619273370606,-0.09308301654900845,0.9916412335114951,0.2430342808830534,-0.09407911454745659,0.18502822518348694,0.7535405158996582,-0.5196038484573364,0.18502822518348694,0.7535405158996582,-0.5196038484573364,1.0110169351100922,0.2637391805648803,-0.1299009621143341,0.17712630747988836,0.1999999999999993,29.951420649625902,none,0.18745789473167207,0.0,-0.009999999999999966,-0.00033158725178374484
R05_crossing,10,2.9999999999999973,21.755596588856665,50.28841438557413,20.081855142613865,0.38321671886945424,-0.11294474603403006,0.9857485927870222,0.24533986243198982,-0.10380512919687444,0.10830950736999512,0.7143940329551697,-0.4944947361946106,0.10830950736999512,0.7143940329551697,-0.4944947361946106,0.9649857044219969,0.2500379115343094,-0.12362368404865265,0.17364060100702888,0.1999999999999993,29.77972237981374,none,0.18380157453319867,0.0,-0.009999999999999966,-0.00016097352616982973
R05_crossing,11,3.1999999999999966,21.93375913416541,50.36529651672564,20.105910912791817,0.4313752648055139,-0.1338013245804829,0.9704642646335722,0.23688299242266336,-0.10469368564213864,0.02768249437212944,0.6275730133056641,-0.4260171353816986,0.02768249437212944,0.6275730133056641,-0.4260171353816986,0.9166094966232776,0.2196505546569824,-0.10650428384542465,0.16731396605779505,0.1999999999999993,29.61691909750014,none,0.17768852178761563,0.0,-0.009999999999999966,-0.0003745557298206073
R05_crossing,12,3.399999999999996,22.103756482005046,50.448358865007286,20.13332959635317,0.47734867668842024,-0.15374264473240962,0.9428317373034836,0.22383458660652716,-0.0954185817734125,-0.09088710695505142,0.5635601282119751,-0.3060753643512726,-0.09088710695505142,0.5635601282119751,-0.3060753643512726,0.8454677358269691,0.19724604487419128,-0.07651884108781815,0.15870254322701804,0.1999999999999993,29.464336224811795,none,0.1693533917921144,0.0,-0.009999999999999966,-0.0006508485650963917
R05_crossing,13,3.599999999999995,22.263629140864957,50.53542285957704,20.163205564200506,0.5193141059778028,-0.1710616547744545,0.9039200462051586,0.19778320278686365,-0.07900835943598104,-0.2219773530960083,0.4134248197078705,-0.18227797746658325,-0.2219773530960083,0.4134248197078705,-0.18227797746658325,0.766813588142395,0.14469868689775467,-0.04556949436664581,0.1479479659908718,0.1999999999999993,29.32283821824757,none,0.1590489871207197,0.0,-0.009999999999999966,-0.0011010211298479356
R05_crossing,14,3.7999999999999945,22.41264462237027,50.62431601888057,20.19445520461466,0.5555448869485776,-0.18460529326395694,0.8612571225771655,0.1668556230030212,-0.05801062749829881,-0.31511151790618896,0.2966713011264801,-0.06089545041322708,-0.31511151790618896,0.2966713011264801,-0.06089545041322708,0.7109330892562866,0.10383495539426803,-0.01522386260330677,0.13727559322126423,0.1999999999999993,29.19215263993226,none,0.14801637471386186,0.0,-0.009999999999999966,-0.0007407814925976742
R05_crossing,15,3.999999999999994,22.551016561434043,50.71320449992984,20.226016623044313,0.5855492831080816,-0.19382869054558852,0.8155905850896096,0.13554799868471118,-0.03589053949350163,-0.40886127948760986,0.2050083428621292,0.036732934415340424,-0.40886127948760986,0.2050083428621292,0.036732934415340424,0.6546832323074341,0.07175292000174521,0.009183233603835106,0.12667839034050776,0.1999999999999993,29.071273930944017,none,0.13721283868527934,0.0,-0.009999999999999966,-0.0005344483447716053
R05_crossing,16,4.199999999999993,22.67962386120414,50.80077613723928,20.25700781032099,0.6089733391583576,-0.1985686067393004,0.7729276396978454,0.10127567195284026,-0.013217493166411111,-0.4623274505138397,0.0898270383477211,0.13193213939666748,-0.4623274505138397,0.0898270383477211,0.13193213939666748,0.6226035296916961,0.03143946342170238,0.03298303484916687,0.11680565467158899,0.1999999999999993,28.958806836023637,none,0.12730941973124743,0.0,-0.009999999999999966,-0.0005037650596584719
R05_crossing,17,4.399999999999992,22.799778349974908,50.886187411578774,20.28675958442084,0.6259563591938918,-0.19891001053051602,0.73287985509106,0.07084787572687716,0.008189971593945165,-0.5137161016464233,0.025273170322179794,0.2072465717792511,-0.5137161016464233,0.025273170322179794,0.2072465717792511,0.591770339012146,0.008845609612762928,0.051811642944812775,0.1084911927692953,0.1999999999999993,28.853163490496037,none,0.11874079795064318,0.0,-0.009999999999999966,-0.000249605181347923
R05_crossing,18,4.599999999999992,22.912787822948395,50.96894845613656,20.31477658175654,0.6373644632773905,-0.19513147310875145,0.6972807418446549,0.04516861466272438,0.028095146744694027,-0.5469229221343994,-0.020450377836823463,0.27462249994277954,-0.5469229221343994,-0.020450377836823463,0.27462249994277954,0.5718462467193604,-0.007157632242888212,0.06865562498569489,0.10134769208809014,0.1999999999999993,28.752914067992123,none,0.11150234911767143,0.0,-0.009999999999999966,-0.00015465702958132607
R05_crossing,19,4.799999999999991,23.020070252209056,51.04900135071202,20.34075580288771,0.643926279458692,-0.1875078826846986,0.6676757638304519,0.02218204794915411,0.04673580819414237,-0.5610637068748474,-0.07044953107833862,0.33887842297554016,-0.5610637068748474,-0.07044953107833862,0.33887842297554016,0.5633617758750915,-0.024657335877418515,0.08471960574388504,0.09556203381143413,0.1999999999999993,28.65672258311338,none,0.10569860782668883,0.0,-0.009999999999999966,-0.0001365740152547252
R05_crossing,20,4.99999999999999,23.12298542039409,51.12652027174249,20.364503984227667,0.6466033131829059,-0.17633015104184438,0.6436046274523395,0.005821394098071584,0.06375850514669994,-0.5686845183372498,-0.07861847430467606,0.3937816023826599,-0.5686845183372498,-0.07861847430467606,0.3937816023826599,0.5587892889976501,-0.027516466006636618,0.09844540059566498,0.09120363587053953,0.1999999999999993,28.56341355163808,none,0.10126641922073532,0.0,-0.009999999999999966,-6.278335019581972e-05
R05_crossing,21,5.1999999999999895,23.22302006245539,51.202089990497676,20.385955741534783,0.6471089785284407,-0.16199597317469092,0.629015512840351,-0.0003031340835711019,0.07847415305161423,-0.537316083908081,-0.03652283921837807,0.4338400363922119,-0.537316083908081,-0.03652283921837807,0.4338400363922119,0.5776103496551513,-0.012782993726432323,0.10846000909805298,0.0882346621322902,0.1999999999999993,28.47188562329352,none,0.09832187611843324,0.0,-0.009999999999999966,-8.721398614306903e-05
R05_crossing,22,5.399999999999989,23.32173866493629,51.27670556605863,20.405121926273093,0.6475116357395521,-0.14477068399836365,0.6234658446083357,0.00400500141044992,0.0927060766110767,-0.49348095059394836,0.03652464225888252,0.48682501912117004,-0.49348095059394836,0.03652464225888252,0.48682501912117004,0.603911429643631,0.012783624790608883,0.12170625478029251,0.0867279384793492,0.1999999999999993,28.38115733609721,none,0.0969292357165017,0.0,-0.009999999999999966,-0.0002012972371525301
R05_crossing,23,5.599999999999988,23.420461447097715,51.35151639269405,20.42193972813692,0.6500137138608487,-0.12455476661485329,0.6264418962382233,0.019823534701090044,0.10827933827960293,-0.43845316767692566,0.1487334966659546,0.5600509643554688,-0.43845316767692566,0.1487334966659546,0.5600509643554688,0.6369280993938446,0.0520567238330841,0.1400127410888672,0.08641564334698061,0.1999999999999993,28.29054258840878,none,0.09683526180609192,0.0,-0.009999999999999966,-0.00041961845911133973
R05_crossing,24,5.799999999999987,23.52020865142476,51.427788517334875,20.436197916402666,0.6564671737047957,-0.10095880056119111,0.6368328589158203,0.0429667558708928,0.12632055331659614,-0.37759047746658325,0.2575010061264038,0.6523314714431763,-0.37759047746658325,0.2575010061264038,0.6523314714431763,0.67344571352005,0.09012535214424133,0.16308286786079407,0.08725063578912357,0.1999999999999993,28.19968254146769,none,0.0977316423923682,0.0,-0.009999999999999966,-0.00048100660324466914
R05_crossing,25,5.999999999999987,23.620945021495572,51.5062195718001,20.44743273262594,0.6674161754152846,-0.07406790384700629,0.6444689392973013,0.06487224165813646,0.1414482380757875,-0.38104185461997986,0.31288206577301025,0.6890947818756104,-0.38104185461997986,0.31288206577301025,0.6890947818756104,0.6713748872280121,0.10950872302055357,0.1722736954689026,0.08848446187120773,0.1999999999999993,28.108915952108802,none,0.09857307216652345,0.0,-0.009999999999999966,-8.861029531574971e-05
R05_crossing,26,6.199999999999986,23.721848635176265,51.586874603276655,20.455177617358956,0.68167421275961,-0.04570810750387593,0.6494406493692627,0.0768084946977573,0.14210055977627603,-0.3884023129940033,0.28894519805908203,0.5737191438674927,-0.3884023129940033,0.28894519805908203,0.5737191438674927,0.666958612203598,0.1011308193206787,0.14342978596687317,0.08830799742544347,0.1999999999999993,28.01900726415417,none,0.09858677118202763,0.0,-0.009999999999999966,-0.0002787737565842008
R05_crossing,27,6.399999999999985,23.82212889103282,51.66951193214567,20.45934075383011,0.696680296433874,-0.01892868478758615,0.6506424425154107,0.0735015843477683,0.12684358755078876,-0.4085383415222168,0.1907518357038498,0.38301873207092285,-0.4085383415222168,0.1907518357038498,0.38301873207092285,0.65487699508667,0.06676314249634742,0.09575468301773071,0.08688093271154143,0.1999999999999993,27.930560664455985,none,0.09780921357383932,0.0,-0.009999999999999966,-0.0009282808622979255
R05_crossing,28,6.5999999999999845,23.922132707338527,51.75434447426858,20.460270726280985,0.7097075349273346,0.003751502413655983,0.6603540642252066,0.05794342152882343,0.10184261157292988,-0.3423779308795929,0.07497367262840271,0.20359398424625397,-0.3423779308795929,0.07497367262840271,0.20359398424625397,0.6945732414722443,0.026240785419940946,0.05089849606156349,0.08636069145055768,0.1999999999999993,27.843373266289426,none,0.09736019191282708,0.0,-0.009999999999999966,-0.0009995004622694293
R05_crossing,29,6.799999999999984,24.02324510984039,51.842012749205246,20.458510342300126,0.7175568487416167,0.02160335636221966,0.6772481922014478,0.023170552679308093,0.07843980106545287,-0.2720414400100708,-0.13624458014965057,0.12300897389650345,-0.2720414400100708,-0.13624458014965057,0.12300897389650345,0.7367751359939575,-0.0476856030523777,0.030752243474125862,0.08713813769050327,0.1999999999999993,27.756515506802273,none,0.09825922401345366,0.0,-0.009999999999999966,-0.0011210863229504276
R05_crossing,30,6.999999999999983,24.12725347873738,51.932957747655706,20.454517110017868,0.717928724766964,0.03546194887811502,0.7037135580938876,-0.016464493373919524,0.06142828451286634,-0.17172494530677795,-0.2777949571609497,0.10705668479204178,-0.17172494530677795,-0.2777949571609497,0.10705668479204178,0.7969650328159332,-0.09722823500633239,0.026764171198010445,0.09030359075853082,0.1999999999999993,27.668617774775292,none,0.10091067843591617,0.0,-0.009999999999999966,-0.0006070876773853806
R05_crossing,31,7.199999999999982,24.23607432347194,52.02744658341839,20.448578439933826,0.7108315062354958,0.04632981543940854,0.7371306386692449,-0.0518413344062287,0.048244076714862354,-0.07520553469657898,-0.35408055782318115,0.08551525324583054,-0.07520553469657898,-0.35408055782318115,0.08551525324583054,0.8548766791820526,-0.1239281952381134,0.021378813311457634,0.0951350026969007,0.1999999999999993,27.578125423992883,none,0.10544699315222061,0.0,-0.009999999999999966,-0.00031199045531995486
R05_crossing,32,7.399999999999982,24.351112213603376,52.125283345002806,20.4409271669154,0.6979072884308244,0.05424866930326236,0.7732763059232731,-0.0756094382751879,0.032156950883087274,0.0010609995806589723,-0.35440385341644287,-0.002494181040674448,0.0010609995806589723,-0.35440385341644287,-0.002494181040674448,0.9006365997483954,-0.12404134869575499,-0.000623545260168612,0.10110009373073331,0.1999999999999993,27.483739733164793,none,0.11137134071661592,0.0,-0.009999999999999966,-0.00027124698588264744
R05_crossing,33,7.599999999999981,24.472785145081026,52.22567743965653,20.431930241482416,0.6814718259106956,0.05911861648063355,0.8052444832039956,-0.08782453346617727,0.0176368992453964,0.029808785766363144,-0.3220430016517639,-0.04780157282948494,0.029808785766363144,-0.3220430016517639,-0.04780157282948494,0.9178852714598178,-0.11271505057811736,-0.011950393207371235,0.10764224562117695,0.1999999999999993,27.384775995740032,none,0.1177207740149413,0.0,-0.009999999999999966,-7.852839376438521e-05
R05_crossing,34,7.79999999999998,24.600617861198796,52.327491427589614,20.42202597711009,0.6637037673383622,0.0615433711598633,0.8308081003866529,-0.08971366792463692,0.007383451369962445,0.03480372950434685,-0.26732322573661804,-0.05403938516974449,0.03480372950434685,-0.26732322573661804,-0.05403938516974449,0.920882237702608,-0.09356312900781631,-0.013509846292436123,0.11356085907575621,0.1999999999999993,27.281181407131097,none,0.12362202134859501,0.0,-0.009999999999999966,-6.11622728388339e-05
R05_crossing,35,7.99999999999998,24.733628010707626,52.42964130798086,20.411604968581422,0.6464049048045791,0.06232405820433482,0.8486940428252739,-0.08372623135785666,0.0009112312264654202,0.019526122137904167,-0.20435920357704163,-0.049108460545539856,0.019526122137904167,-0.20435920357704163,-0.049108460545539856,0.9117156732827425,-0.07152572125196456,-0.012277115136384964,0.11849069656819619,0.1999999999999993,27.173365532301396,none,0.12857514031601625,0.0,-0.009999999999999966,-8.444374782008803e-05
R05_crossing,36,8.199999999999982,24.870569252889972,52.53127036770797,20.40096603773738,0.630990206917377,0.06216805831978254,0.8594567008831732,-0.07135329731107172,-0.0022341613840715403,-0.004367941990494728,-0.13183186948299408,-0.03457392379641533,-0.004367941990494728,-0.13183186948299408,-0.03457392379641533,0.897379234805703,-0.046141154319047924,-0.008643480949103832,0.12219457220452667,0.20000000000000195,27.062061343649447,none,0.13231542006952424,0.0,-0.010000000000000097,-0.00012084786499746564
R05_crossing,37,8.399999999999984,25.01019308816879,52.6318892710316,20.390295772544626,0.6185582802671764,0.06164657788243324,0.864631261370585,-0.054254693397100234,-0.0029283238646423695,-0.02856004424393177,-0.05546606704592705,-0.01737123355269432,-0.02856004424393177,-0.05546606704592705,-0.01737123355269432,0.882863973453641,-0.019413123466074465,-0.00434280838817358,0.12469686501634446,0.20000000000000284,26.948159394264195,none,0.13483112353924298,0.0,-0.010000000000000142,-0.0001342585228983864
R05_crossing,38,8.599999999999987,25.15130520596131,52.73131708236336,20.379685071603408,0.6097854614979917,0.06117332510031463,0.8648465308772412,-0.0349299992388781,-0.001882990854059926,-0.057324934750795364,0.012707547284662724,0.0009882744634523988,-0.057324934750795364,0.012707547284662724,0.0009882744634523988,0.8656050391495227,0.004447641549631953,0.0002470686158630997,0.12604975383024636,0.20000000000000284,26.832634786421117,none,0.13616599647327376,0.0,-0.010000000000000142,-0.00011624264302725604
R05_crossing,39,8.79999999999999,25.292728912460873,52.82951703227351,20.369158345222235,0.6047727767345443,0.06103962030346685,0.8603232646120699,-0.0165798981236198,0.00037570468213049047,-0.09269098937511444,0.05946236848831177,0.019912859424948692,-0.09269098937511444,0.05946236848831177,0.019912859424948692,0.8443854063749312,0.020811828970909118,0.004978214856237173,0.12625658262846157,0.20000000000000284,26.716506125796244,none,0.1363324808492905,0.0,-0.010000000000000142,-7.589822082880805e-05
R05_crossing,40,8.999999999999993,25.433416233900545,52.926519777202955,20.358690672318186,0.6030656370054303,0.06142728518260984,0.8521376875661614,-0.0016190968825168977,0.0032819034921123375,-0.12784071266651154,0.08247515559196472,0.03681528568267822,-0.12784071266651154,0.08247515559196472,0.03681528568267822,0.823295572400093,0.02886630445718765,0.009203821420669556,0.12541551907461126,0.20000000000000284,26.600703502905894,none,0.13545653474323416,0.0,-0.010000000000000142,-4.101566862275648e-05
R05_crossing,41,9.199999999999996,25.57268340539598,53.02246320120759,20.348218207866328,0.6038052168767456,0.0623633081184885,0.8427131243710204,0.008269584290770895,0.005882331256624595,-0.15082432329654694,0.08119886368513107,0.044724736362695694,-0.15082432329654694,0.08119886368513107,0.044724736362695694,0.8095054060220719,0.028419602289795873,0.011181184090673923,0.12388440062010418,0.20000000000000284,26.48588288897749,none,0.133896249313878,0.0,-0.010000000000000142,-1.1848693773683084e-05
R05_crossing,42,9.399999999999999,25.71027314637303,53.11756161807423,20.337664424055607,0.6059127987107494,0.06374166630626125,0.8336045788565895,0.012488271030363476,0.0077597493524955595,-0.16414940357208252,0.06024178862571716,0.046341344714164734,-0.16414940357208252,0.06024178862571716,0.046341344714164734,0.8015103578567504,0.021084626019001004,0.011585336178541183,0.12205990304527094,0.20000000000000284,26.37236101539178,none,0.13207229044891022,0.0,-0.010000000000000142,-1.238740363914831e-05
R05_crossing,43,9.600000000000001,25.846273659727846,53.21203327975795,20.326959666221683,0.6082902500573958,0.06541275171253112,0.8261337458810434,0.011370489768600315,0.008867605439532002,-0.1669832468032837,0.025979438796639442,0.04450026899576187,-0.1669832468032837,0.025979438796639442,0.04450026899576187,0.7998100519180298,0.009092803578823805,0.011125067248940468,0.120304007560234,0.20000000000000284,26.260155247282306,none,0.13032771413709554,0.0,-0.010000000000000142,-2.370657686140039e-05
R05_crossing,44,9.800000000000004,25.981043222182347,53.30607349925856,20.316047585789526,0.6099841514823777,0.06720149529158131,0.8210854212412172,0.00597517046373112,0.009009161268062999,-0.1611708253622055,-0.014339403249323368,0.037190429866313934,-0.1611708253622055,-0.014339403249323368,0.037190429866313934,0.8032975047826767,-0.005018791137263178,0.009297607466578484,0.11889745125299837,0.20000000000000284,26.14903879226857,none,0.1289317077932992,0.0,-0.010000000000000142,-3.425654030068824e-05
R05_crossing,45,10.000000000000007,26.115115613376418,53.39983782154255,20.304892753562054,0.6102923412293159,0.0689213320059739,0.8188837552073452,-0.0022717048317130867,0.008246674604054505,-0.1481231302022934,-0.05450354143977165,0.026771867647767067,-0.1481231302022934,-0.05450354143977165,0.026771867647767067,0.8111261218786239,-0.019076239503920078,0.006692966911941767,0.11802232585657393,0.20000000000000284,26.038616529448415,none,0.12806016479225946,0.0,-0.010000000000000142,-3.783893568538305e-05
R05_crossing,46,10.20000000000001,26.24915286492956,53.49346719537051,20.29347947020382,0.6088384122257068,0.07040605508027313,0.8200464819449755,-0.011566997663108532,0.006715928676935029,-0.12642769515514374,-0.08716536313295364,0.01438700221478939,-0.12642769515514374,-0.08716536313295364,0.01438700221478939,0.8241433829069138,-0.030507877096533773,0.0035967505536973476,0.11780665655849634,0.20000000000000284,25.92837920467744,none,0.1278404739862964,0.0,-0.010000000000000142,-3.3817427799905375e-05
R05_crossing,47,10.400000000000013,26.38378141337862,53.58703567797079,20.28181722224248,0.6055702718291391,0.07154878644669041,0.823446193433752,-0.020445251081132185,0.004851878698904363,-0.10762470960617065,-0.11010381579399109,0.0042141275480389595,-0.10762470960617065,-0.11010381579399109,0.0042141275480389595,0.8354251742362975,-0.03853633552789688,0.0010535318870097399,0.11822039227715818,0.20000000000000284,25.81782082492662,none,0.12824005652225878,0.0,-0.010000000000000142,-1.9664245100459182e-05
R05_crossing,48,10.600000000000016,26.519449430123114,53.68050291967874,20.269939363431398,0.6006852578533844,0.07232881013717204,0.8280939137387111,-0.027847016560666363,0.003081771441387344,-0.09254951775074005,-0.12265566736459732,-0.0021005987655371428,-0.09254951775074005,-0.12265566736459732,-0.0021005987655371428,0.8444702893495559,-0.04292948357760906,-0.0005251496913842857,0.11907942496136831,0.20000000000000284,25.70653786163984,none,0.12908791868448333,0.0,-0.010000000000000142,-8.493723114878834e-06
R05_crossing,49,10.800000000000018,26.656476321483296,53.77379139977191,20.25788594716457,0.5945893351662471,0.07278316833670387,0.8337033379617947,-0.032743185371820256,0.0015753497693659954,-0.07755282521247864,-0.122057244181633,-0.005977052729576826,-0.07755282521247864,-0.122057244181633,-0.005977052729576826,0.8534683048725127,-0.042720035463571546,-0.0014942631823942065,0.12025347474957881,0.20000000000000284,25.594222124970937,none,0.13025828046543353,0.0,-0.010000000000000142,-4.805715854567474e-06
R05_crossing,50,11.000000000000021,26.795083665174666,53.86684564145136,20.245694681507135,0.5878184165975877,0.0729588196182878,0.8399163191756555,-0.0348102084887892,0.00027887828633680066,-0.06365343928337097,-0.111491858959198,-0.009451689198613167,-0.06365343928337097,-0.111491858959198,-0.009451689198613167,0.8618079364299773,-0.039022150635719295,-0.0023629222996532917,0.12164606519197044,0.20000000000000284,25.48066230105816,none,0.1316524030598245,0.0,-0.010000000000000142,-6.337867853933627e-06
R05_crossing,51,11.200000000000024,26.9353451675454,53.959615565271406,20.233404469697394,0.58091434145559,0.07291488552947532,0.8459408187391403,-0.03427117031493172,-0.0006483349789307879,-0.0547194741666317,-0.094779372215271,-0.010150814428925514,-0.0547194741666317,-0.094779372215271,-0.010150814428925514,0.8671683155000209,-0.03317278027534484,-0.0025377036072313786,0.1231155220049307,0.20000000000000284,25.365778408540418,none,0.13312271423937005,0.0,-0.010000000000000142,-7.192234439214185e-06
R05_crossing,52,11.400000000000027,27.077165259270775,54.05204070215689,20.221053038935562,0.5743376481451163,0.07274153333595614,0.8511079584117365,-0.03169028451891272,-0.0010545690375499176,-0.051142461597919464,-0.07551786303520203,-0.007529384456574917,-0.051142461597919464,-0.07551786303520203,-0.007529384456574917,0.8693145230412482,-0.026431252062320706,-0.0018823461141437292,0.12449375289748836,0.20000000000000284,25.24963118739514,none,0.1345015663504867,0.0,-0.010000000000000142,-7.81345299821089e-06
R05_crossing,53,11.60000000000003,27.220320391984547,54.14406188881237,20.20866920067064,0.5684177769271138,0.07254552343834132,0.8550122017089583,-0.02780152408731176,-0.000915975735465848,-0.052051808685064316,-0.0567927286028862,-0.0025342649314552546,-0.052051808685064316,-0.0567927286028862,-0.0025342649314552546,0.8687689147889615,-0.019877455011010167,-0.0006335662328638136,0.12565429370838452,0.20000000000000284,25.132391005647477,none,0.13566182188419873,0.0,-0.010000000000000142,-7.528175814068605e-06
R05_crossing,54,11.800000000000033,27.364508675250313,54.2356280477865,20.196267926558246,0.5633320740066136,0.07243430217750664,0.857429808432212,-0.023388142327899094,-0.00024668166226372965,-0.05675280839204788,-0.041128743439912796,0.004468515515327454,-0.05675280839204788,-0.041128743439912796,0.004468515515327454,0.8659483149647713,-0.014395060203969478,0.0011171288788318634,0.12651904677212458,0.20000000000000284,25.014297641657492,none,0.13652537674739307,0.0,-0.010000000000000142,-6.329975268335055e-06
R05_crossing,55,12.000000000000036,27.509412081860003,54.32670571897191,20.183847853722444,0.5591115367877766,0.07248318701249284,0.8585155518357842,-0.01913759427136013,0.0006666891260496521,-0.06276466697454453,-0.029932331293821335,0.010111404582858086,-0.06276466697454453,-0.029932331293821335,0.010111404582858086,0.8623411998152732,-0.010476315952837467,0.0025278511457145214,0.12707145900812739,0.20000000000000284,24.895611300645108,none,0.1370753258938393,0.0,-0.010000000000000142,-3.866885711790794e-06
R05_crossing,56,12.200000000000038,27.654753552304953,54.41728521976996,20.171395542104737,0.5556519065255124,0.07272072337003962,0.8585689041115089,-0.015716552737694383,0.0016356441700908794,-0.06873851269483566,-0.024987278506159782,0.014440277591347694,-0.06873851269483566,-0.024987278506159782,0.014440277591347694,0.8587568923830986,-0.008745547477155923,0.0036100693978369236,0.12734939347400265,0.20000000000000284,24.77656706039779,none,0.1373509710644285,0.0,-0.010000000000000142,-1.5775904257245982e-06
R05_crossing,57,12.400000000000041,27.800332302641383,54.50737513869684,20.158890185290765,0.5527450828449275,0.07314518007411931,0.8580167123747829,-0.01351743210283,0.0025407080755692323,-0.07321491837501526,-0.025818048045039177,0.017539773136377335,-0.07321491837501526,-0.025818048045039177,0.017539773136377335,0.8560710489749908,-0.009036316815763711,0.004384943284094334,0.1274263781067118,0.20000000000000284,24.657342523077773,none,0.13742698481188143,0.0,-0.010000000000000142,-6.067051694786523e-07
R05_crossing,58,12.600000000000044,27.946043187674977,54.596996809756085,20.146306996764082,0.5501328429608171,0.07373299413938633,0.8573028323196875,-0.012668919270959039,0.0032815920469238488,-0.07535424083471298,-0.03125690668821335,0.019165121018886566,-0.07535424083471298,-0.03125690668821335,0.019165121018886566,0.8547874554991721,-0.010939917340874671,0.0047912802547216415,0.12739682874025618,0.20000000000000284,24.53803931001563,none,0.13739756473304965,0.0,-0.010000000000000142,-7.35992793323495e-07
R05_crossing,59,12.800000000000047,28.091875434501834,54.68617700285409,20.133620798795175,0.5475536715187705,0.07444414436636182,0.8568120633493701,-0.013090984065946786,0.0037914799027019986,-0.07486195862293243,-0.03986005485057831,0.019321883097290993,-0.07486195862293243,-0.03986005485057831,0.019321883097290993,0.8550828248262405,-0.013951019197702407,0.004830470774322748,0.12735460565823864,0.20000000000000284,24.418681281121085,none,0.13735609127972737,0.0,-0.010000000000000142,-1.4856214885772962e-06
R05_crossing,60,13.00000000000005,28.23789789826631,54.774941238023295,20.12080917606434,0.5447796749629964,0.07522990623841955,0.8568323943772539,-0.014539785148381784,0.0040468886261067795,-0.07182661443948746,-0.049977101385593414,0.01826932467520237,-0.07182661443948746,-0.049977101385593414,0.01826932467520237,0.8569040313363074,-0.017491985484957694,0.004567331168800592,0.12737948265129231,0.20000000000000284,24.299224400731234,none,0.13738173616777516,0.0,-0.010000000000000142,-2.253516482710882e-06
R05_crossing,61,13.200000000000053,28.384236385095935,54.86330886181173,20.10785464432763,0.5416429937336187,0.0760410216306572,0.8575334493835731,-0.01666671978003753,0.004063047406682087,-0.06666060537099838,-0.060002122074365616,0.01638389565050602,-0.06666060537099838,-0.060002122074365616,0.01638389565050602,0.8600036367774009,-0.021000742726027963,0.004095973912626505,0.1275288790019014,0.20000000000000284,24.179574005749963,none,0.13753149387254382,0.0,-0.010000000000000142,-2.614870642263789e-06
R05_crossing,62,13.400000000000055,28.531047099525825,54.951289875440715,20.09474580036908,0.5380494610131504,0.07683442657763265,0.8589632077187377,-0.019086247292306305,0.0038844620656009877,-0.05999832972884178,-0.0686185210943222,0.014082245528697968,-0.05999832972884178,-0.0686185210943222,0.014082245528697968,0.8640010021626949,-0.02401648238301277,0.003520561382174492,0.12783376057399598,0.20000000000000284,24.059605976632156,none,0.13783623909083786,0.0,-0.010000000000000142,-2.4785168417280207e-06
R05_crossing,63,13.600000000000058,28.678490443015757,55.03888357021533,20.081477540640783,0.5339793723321206,0.07757790617870941,0.861062452663037,-0.021437430505207303,0.0035737521924481767,-0.052567996084690094,-0.07493828982114792,0.011762493290007114,-0.052567996084690094,-0.07493828982114792,0.011762493290007114,0.8684592023491859,-0.02622840143740177,0.0029406233225017786,0.12829895627749163,0.20000000000000284,23.9391882577209,none,0.13830096688919724,0.0,-0.010000000000000142,-2.0106117054577606e-06
R05_crossing,64,13.800000000000061,28.82671238768093,55.12608069408956,20.068050916544614,0.5294712003050246,0.07823908855142687,0.8637295906770331,-0.023489616235694816,0.0030756161211866347,-0.04478778690099716,-0.07906092703342438,0.008242286741733551,-0.04478778690099716,-0.07906092703342438,0.008242286741733551,0.8731273278594016,-0.02767132446169853,0.0020605716854333878,0.12891022590081164,0.20000000000000284,23.818197613164113,none,0.13891202429374516,0.0,-0.010000000000000142,-1.7983929333714905e-06
R05_crossing,65,14.000000000000064,28.975829106106985,55.212863880499064,20.05447444815371,0.5246020562749819,0.0787960319920717,0.8667769888552695,-0.02508181948000696,0.0025345951153348005,-0.037475693970918655,-0.08093208074569702,0.005728658754378557,-0.037475693970918655,-0.08093208074569702,0.005728658754378557,0.8775145836174487,-0.028326228260993954,0.0014321646885946393,0.12963925587390882,0.20000000000000284,23.69653253985653,none,0.1396405215988068,0.0,-0.010000000000000142,-1.2657248978374018e-06
R05_crossing,66,14.200000000000067,29.125901777103017,55.299202156034816,20.040760585101985,0.5195074248109312,0.07928398410683131,0.8698631988858728,-0.02580963927886086,0.002358219488326279,-0.03210408613085747,-0.07797916233539581,0.007995286025106907,-0.03210408613085747,-0.07797916233539581,0.007995286025106907,0.8807375483214854,-0.027292706817388532,0.0019988215062767267,0.1304323417311306,0.20000000000000284,23.5741309860819,none,0.14043319596107295,0.0,-0.010000000000000142,-8.542299421942417e-07
R05_crossing,67,14.40000000000007,29.276912246552396,55.38505172761235,20.026916923742995,0.5143794035489582,0.07977758418973288,0.8725932056443976,-0.02549433766806779,0.0025623927713420464,-0.029645895585417747,-0.07100529223680496,0.01191373448818922,-0.029645895585417747,-0.07100529223680496,0.01191373448818922,0.8822124626487493,-0.024851852282881736,0.002978433622047305,0.13121129422283503,0.20000000000000284,23.450990406392275,none,0.14121269485890053,0.0,-0.010000000000000142,-1.4006360653508189e-06
R05_crossing,68,14.600000000000072,29.428762915788123,55.47036788140193,20.012944558451228,0.5094675809292385,0.08033359067925766,0.8746714848284487,-0.023754983871857035,0.0029671644267336315,-0.030009398236870766,-0.057744938880205154,0.015167846344411373,-0.030009398236870766,-0.057744938880205154,0.015167846344411373,0.8819943610578775,-0.020210728608071802,0.0037919615861028433,0.1318967465816277,0.20000000000000284,23.32717348722855,none,0.1419004777486137,0.0,-0.010000000000000142,-3.731166985846135e-06
R05_crossing,69,14.800000000000075,29.58129840488733,55.55512487764778,19.99884147540346,0.5049701616715964,0.08096852049852558,0.875974751800708,-0.021396935170210643,0.0033530495494263238,-0.032388582825660706,-0.04740564152598381,0.016557447612285614,-0.032388582825660706,-0.04740564152598381,0.016557447612285614,0.8805668503046036,-0.016591974534094334,0.0041393619030714035,0.13243515601741251,0.20000000000000284,23.202800382063547,none,0.14243744586902807,0.0,-0.010000000000000142,-2.2898516154044347e-06
R05_crossing,70,15.000000000000078,29.734351774416048,55.63931801613288,19.98460546227876,0.5009435574416206,0.0816794263871877,0.8766084032847921,-0.01904627659994272,0.003727766841644959,-0.03526484593749046,-0.040732499212026596,0.01796529069542885,-0.03526484593749046,-0.040732499212026596,0.01796529069542885,0.8788410924375056,-0.014256374724209308,0.004491322673857212,0.13280898533495997,0.20000000000000284,23.07801119493945,none,0.14281008104975967,0.0,-0.010000000000000142,-1.095714799551062e-06
R05_crossing,71,15.200000000000081,29.88776625316132,55.722950639037315,19.970233862689057,0.49733933660292123,0.08246673894303608,0.8765893772320645,-0.017139635590783735,0.004116090692994251,-0.039129436016082764,-0.037870004773139954,0.01962948963046074,-0.039129436016082764,-0.037870004773139954,0.01962948963046074,0.8765223383903502,-0.013254501670598983,0.004907372407615185,0.13302722054370877,0.20000000000000284,22.952940860101474,none,0.1430277385134886,0.0,-0.010000000000000142,-5.179697796714456e-07
R05_crossing,72,15.400000000000084,30.04130230329873,55.80596436939822,19.955731478320885,0.49401299530731585,0.08335146330409711,0.8749158080574069,-0.0161949764582922,0.0046880446654551326,-0.051635101437568665,-0.040771596133708954,0.02341402694582939,-0.051635101437568665,-0.040771596133708954,0.02341402694582939,0.8690189391374588,-0.014270058646798133,0.005853506736457348,0.13301185256811568,0.20000000000000284,22.827756658159576,none,0.1430154352405708,0.0,-0.010000000000000142,-3.582672454985891e-06
R05_crossing,73,15.600000000000087,30.194704418731643,55.88825941722261,19.941100628263868,0.49077065072529263,0.08437662566856699,0.8721754546779379,-0.01622612192378141,0.005502214856292324,-0.062467098236083984,-0.04654167592525482,0.028644949197769165,-0.062467098236083984,-0.04654167592525482,0.028644949197769165,0.8625197410583496,-0.016289586573839186,0.007161237299442291,0.13275929043005802,0.20000000000000284,22.702612899998577,none,0.14276285020051915,0.0,-0.010000000000000142,-3.5597704609938163e-06
R05_crossing,74,15.80000000000009,30.34783315710696,55.969765246890766,19.926327410939226,0.48746404788969594,0.08557480320264459,0.8689498506252693,-0.016796887732123116,0.006411060648041406,-0.0706927627325058,-0.051314081996679306,0.03305200859904289,-0.0706927627325058,-0.051314081996679306,0.03305200859904289,0.8575843423604965,-0.017959928698837755,0.008263002149760723,0.1323805269506482,0.20000000000000284,22.57758200417425,none,0.14238272414242203,0.0,-0.010000000000000142,-2.1971917736923753e-06
R05_crossing,75,16.000000000000092,30.500633451472005,56.05043613434409,19.9113882709911,0.4840159721515527,0.086947284337525,0.8655385609434653,-0.017621703190994348,0.007250483296493483,-0.07746869325637817,-0.05514976382255554,0.035843849182128906,-0.07746869325637817,-0.05514976382255554,0.035843849182128906,0.8535187840461731,-0.019302417337894437,0.008960962295532227,0.1319550811003527,0.20000000000000284,22.452679565337807,none,0.14195644950162034,0.0,-0.010000000000000142,-1.3684012675013736e-06
R05_crossing,76,16.200000000000095,30.65309110912681,56.13023861991001,19.89625848631222,0.48039484656145476,0.08847494125337599,0.8620712789434444,-0.018521718433308545,0.00797172571822475,-0.08357631415128708,-0.05815904587507248,0.037765562534332275,-0.08357631415128708,-0.05815904587507248,0.037765562534332275,0.8498542115092278,-0.020355666056275368,0.009441390633583069,0.13152245380824545,0.20000000000000284,22.327893916348756,none,0.1415234548441191,0.0,-0.010000000000000142,-1.0010358735113024e-06
R05_crossing,77,16.400000000000098,30.805207763396663,56.20914526704439,19.88091602821353,0.4766008974769485,0.09013549161061467,0.8585914115164944,-0.019354970114187665,0.008587376190595077,-0.08945000171661377,-0.06015107035636902,0.03936751186847687,-0.08945000171661377,-0.06015107035636902,0.03936751186847687,0.8463299989700317,-0.021052874624729156,0.009841877967119217,0.13109811400602983,0.20000000000000284,22.203203529871608,none,0.14109893469820634,0.0,-0.010000000000000142,-8.206921763664887e-07
R05_crossing,78,16.6000000000001,30.95698641043328,56.28713233769121,19.865342483321708,0.4726576779880878,0.09190995518836607,0.8550879351136144,-0.020026603658748712,0.00911731781165208,-0.09542777389287949,-0.06112908944487572,0.0407886877655983,-0.09542777389287949,-0.06112908944487572,0.0407886877655983,0.8427433356642722,-0.0213951813057065,0.010197171941399574,0.13068318434444845,0.20000000000000284,22.07858767108358,none,0.1406839585448978,0.0,-0.010000000000000142,-7.742004491875787e-07
R05_crossing,79,16.800000000000104,31.108442325826214,56.36419106092908,19.849521517640227,0.4686393185052655,0.09377304432574149,0.85174140504618,-0.02014785261817596,0.009485800936623327,-0.10008364915847778,-0.058271199464797974,0.04094661399722099,-0.10008364915847778,-0.058271199464797974,0.04094661399722099,0.8399498105049132,-0.02039491981267929,0.010236653499305248,0.13028832898440906,0.20000000000000284,21.95402421980796,none,0.14028892637741563,0.0,-0.010000000000000142,-5.973930064334665e-07
R05_crossing,80,17.000000000000107,31.25959998616736,56.44033641752749,19.833440235086854,0.4646580775342967,0.09569327998576699,0.8485669411443101,-0.019698430128414386,0.009700382612254095,-0.10436395555734634,-0.053664710372686386,0.04055052995681763,-0.10436395555734634,-0.053664710372686386,0.04055052995681763,0.8373816266655922,-0.018782648630440234,0.010137632489204407,0.1299190870049466,0.20000000000000284,21.829497673958425,none,0.13991988095789054,0.0,-0.010000000000000142,-7.939529438200088e-07
R05_crossing,81,17.20000000000011,31.410465736079892,56.51559347194764,19.817092475546943,0.4607967246499472,0.09763325952711892,0.8454337814325907,-0.018970000555479847,0.009699480773016618,-0.10934332758188248,-0.04995911568403244,0.03879057243466377,-0.10934332758188248,-0.04995911568403244,0.03879057243466377,0.8343940034508706,-0.017485690489411353,0.009697643108665943,0.1295565359672016,0.20000000000000284,21.705013525134895,none,0.13955736842776645,0.0,-0.010000000000000142,-8.324605647019868e-07
R05_crossing,82,17.400000000000112,31.561068722373882,56.5900067536079,19.800477359814472,0.4570569546235657,0.09952856718566308,0.8427306489818335,-0.018465708288165985,0.00928484683150333,-0.11132319271564484,-0.04982319846749306,0.033759813755750656,-0.11132319271564484,-0.04982319846749306,0.033759813755750656,0.833206084370613,-0.01743811946362257,0.008439953438937664,0.12922057821476074,0.20000000000000284,21.58057086180657,none,0.13922116315220734,0.0,-0.010000000000000142,-5.849374464619861e-07
R05_crossing,83,17.600000000000115,31.711478293752158,56.663633789530735,19.783600505835032,0.4533930684920131,0.10133480727287378,0.8404921644666937,-0.018193657531537143,0.008813108988825195,-0.11232533305883408,-0.05039801076054573,0.031407423317432404,-0.11232533305883408,-0.05039801076054573,0.031407423317432404,0.8326048001646995,-0.017639303766191005,0.007851855829358101,0.12894882414805608,0.20000000000000284,21.456145061631677,none,0.1389489615167605,0.0,-0.010000000000000142,-1.373687042796612e-07
R05_crossing,84,17.800000000000118,31.861769953575266,56.73652412101381,19.766469497125925,0.4497400136905992,0.10305546708999308,0.8387016908217632,-0.018326851624864922,0.0084228993391037,-0.11267849057912827,-0.0531378835439682,0.030511099845170975,-0.11267849057912827,-0.0531378835439682,0.030511099845170975,0.832392905652523,-0.018598259240388867,0.007627774961292744,0.12874729697012058,0.20000000000000284,21.331703085326684,none,0.13874746567049812,0.0,-0.010000000000000142,-1.6870037740812637e-07
R05_crossing,85,18.00000000000012,32.012027545228946,56.80871518703986,19.749088808863714,0.44600310176355834,0.10471015919761395,0.8373972385304687,-0.018992125833894546,0.008144969359177252,-0.11199839413166046,-0.05813641473650932,0.03031454235315323,-0.11199839413166046,-0.05813641473650932,0.03031454235315323,0.8328009635210036,-0.020347745157778263,0.007578635588288307,0.1286256555568297,0.20000000000000284,21.207199261020374,none,0.138626165286432,0.0,-0.010000000000000142,-5.097296021666642e-07
R05_crossing,86,18.200000000000124,32.162350814273545,56.88023362683953,19.731458134639496,0.4421046359274247,0.10631334333627772,0.8366410826185019,-0.019922416395638045,0.007904961457134867,-0.11003875732421875,-0.062337301671504974,0.029663603752851486,-0.11003875732421875,-0.062337301671504974,0.029663603752851486,0.8339767456054688,-0.021818055585026738,0.0074159009382128716,0.1286014988807875,0.20000000000000284,21.08257002465577,none,0.13860193710775803,0.0,-0.010000000000000142,-4.3822697038120585e-07
R05_crossing,87,18.400000000000126,32.31280628937439,56.95107946885906,19.713581909979403,0.4380132669981389,0.10782744220247845,0.8359803349228428,-0.020916359280760705,0.007282911219645566,-0.110579714179039,-0.06554771959781647,0.024061474949121475,-0.110579714179039,-0.06554771959781647,0.024061474949121475,0.8336521714925766,-0.02294170185923576,0.006015368737280369,0.12864461990940246,0.20000000000000284,20.95776317357471,none,0.13864545957469687,0.0,-0.010000000000000142,-8.39665294278813e-07
R05_crossing,88,18.60000000000013,32.46341114416279,57.02122599496708,19.695478930077073,0.4337217012639836,0.10921805866919118,0.8352831356212842,-0.021923397450845317,0.006669487295772118,-0.11195577681064606,-0.06850121170282364,0.02167809009552002,-0.11195577681064606,-0.06850121170282364,0.02167809009552002,0.8328265339136123,-0.02397542409598827,0.005419522523880005,0.12871150379504875,0.20000000000000284,20.832749633601303,none,0.1387118297387957,0.0,-0.010000000000000142,-3.259437468164372e-07
R05_crossing,89,18.800000000000132,32.61423004482194,57.09067043989255,19.67716402956888,0.4292754111770651,0.11047731428237888,0.8351812758684478,-0.022496322012716632,0.005975383535152698,-0.10862938314676285,-0.06761074811220169,0.018244074657559395,-0.10862938314676285,-0.06761074811220169,0.018244074657559395,0.8348223701119422,-0.02366376183927059,0.004561018664389849,0.1288441709588161,0.20000000000000284,20.707477557198555,none,0.13884464396446106,0.0,-0.010000000000000142,-4.730056448299519e-07
R05_crossing,90,19.000000000000135,32.765497310758434,57.15949903137351,19.658640984544,0.4247451645885363,0.11143755521714432,0.8369299148024254,-0.022784429193429975,0.0037916166340796337,-0.09484784305095673,-0.06677571684122086,-0.0026328503154218197,-0.09484784305095673,-0.06677571684122086,-0.0026328503154218197,0.843091294169426,-0.0233715008944273,-0.0006582125788554549,0.12918564990197454,0.20000000000000284,20.58181759236326,none,0.13919817938439394,0.0,-0.010000000000000142,-1.2529482419266288e-05
R05_crossing,91,19.200000000000138,32.91748539875072,57.227817721575676,19.63994681495214,0.4201044507173602,0.1118913080471442,0.8397595648734895,-0.023563956439080498,0.0009593779015605535,-0.08378347009420395,-0.07186396420001984,-0.019247330725193024,-0.08378347009420395,-0.07186396420001984,-0.019247330725193024,0.8497299179434776,-0.02515238747000694,-0.004811832681298256,0.12979798041276472,0.20000000000000284,20.455625613931954,none,0.13980646744415282,0.0,-0.010000000000000142,-8.487031387942362e-06
R05_crossing,92,19.40000000000014,33.07038729375628,57.29567978424253,19.621148716147317,0.4152765421170271,0.11182140815613346,0.8434465311100736,-0.02463444657093006,-0.0014749045941331689,-0.07260389626026154,-0.07661648094654083,-0.02574082277715206,-0.07260389626026154,-0.07661648094654083,-0.02574082277715206,0.856437662243843,-0.02681576833128929,-0.006435205694288015,0.1305944517778962,0.20000000000000284,20.328790139216824,none,0.1405982464724076,0.0,-0.010000000000000142,-3.7946945112677517e-06
R05_crossing,93,19.600000000000144,33.224347381272054,57.363105969569276,19.602309468444986,0.41026803131002515,0.11136332242650152,0.8476558410411915,-0.02539345493114841,-0.0029916364097629924,-0.06252089142799377,-0.0769716426730156,-0.024329032748937607,-0.06252089142799377,-0.0769716426730156,-0.024329032748937607,0.8624874651432037,-0.026940074935555457,-0.006082258187234402,0.13152791492011748,0.20000000000000284,20.201219770752868,none,0.1415299906456653,0.0,-0.010000000000000142,-2.0757255476650665e-06
R05_crossing,94,19.800000000000146,33.37946060212375,57.430103726676286,19.58347238085616,0.40518201126598435,0.11065231495652231,0.8522375372874836,-0.025461608746513015,-0.004039463419446277,-0.05269787460565567,-0.07314424216747284,-0.024698419496417046,-0.05269787460565567,-0.07314424216747284,-0.024698419496417046,0.8683812752366065,-0.025600484758615493,-0.006174604874104261,0.13255231821571872,0.20000000000000284,20.072855268133264,none,0.1425545437577327,0.0,-0.010000000000000142,-2.2255420138195954e-06
R05_crossing,95,20.00000000000015,33.535767543796105,57.49667751339007,19.56467185280119,0.4001310496908917,0.10973332297264052,0.8568563325939603,-0.025076995369295956,-0.005072589555707118,-0.044782016426324844,-0.06940935552120209,-0.028711101040244102,-0.044782016426324844,-0.06940935552120209,-0.028711101040244102,0.8731307901442051,-0.024293274432420728,-0.007177775260061026,0.13361665914099202,0.20000000000000284,19.94367898856552,none,0.14361851337703513,0.0,-0.010000000000000142,-1.8542360429588123e-06
R05_crossing,96,20.200000000000152,33.693214068415074,57.562808748596275,19.545949664805764,0.39519707872072146,0.1086307671377288,0.8608978087998331,-0.024319785358496084,-0.005891265101235738,-0.04143655672669411,-0.06507665663957596,-0.030237872153520584,-0.04143655672669411,-0.06507665663957596,-0.030237872153520584,0.8751380659639836,-0.022776829823851583,-0.007559468038380146,0.13463149749844142,0.20000000000000284,19.813732205748025,none,0.1446321434066462,0.0,-0.010000000000000142,-6.45908204660664e-07
R05_crossing,97,20.400000000000155,33.8517270151117,57.62848548191261,19.527342545301995,0.3904422017843282,0.10739745914776493,0.864783417319697,-0.023305435684475163,-0.006403228076243051,-0.03587588295340538,-0.060681458562612534,-0.02978578954935074,-0.03587588295340538,-0.060681458562612534,-0.02978578954935074,0.8784744702279568,-0.021238510496914387,-0.007446447387337685,0.13557477313974664,0.20000000000000284,19.683074588381302,none,0.1455757820044994,0.0,-0.010000000000000142,-1.0088647525935412e-06
R05_crossing,98,20.600000000000158,34.01125860943675,57.69371662967865,19.508876474234675,0.3858979891867003,0.10604683165249774,0.8684367232022961,-0.02221860488366484,-0.007053998236961464,-0.031151248142123222,-0.05715424567461014,-0.033520251512527466,-0.031151248142123222,-0.05715424567461014,-0.033520251512527466,0.881309251114726,-0.020003985986113547,-0.008380062878131866,0.13647015253018288,0.20000000000000284,19.55175936909445,none,0.14647112672240326,0.0,-0.010000000000000142,-9.741922202336634e-07
R05_crossing,99,20.80000000000016,34.1717208573515,57.7584964566364,19.490585722946104,0.38152696538207104,0.10453535574201211,0.8715095012344457,-0.021542584885900367,-0.007990199263518674,-0.029439128935337067,-0.05761448293924332,-0.039591528475284576,-0.029439128935337067,-0.05761448293924332,-0.039591528475284576,0.8823365226387978,-0.02016506902873516,-0.009897882118821144,0.1372802696980227,0.20000000000000284,19.41986062876354,none,0.14728106976951238,0.0,-0.010000000000000142,-8.000714895301659e-07
R05_crossing,100,21.000000000000163,34.33298625870678,57.822792228422244,19.472515692711436,0.37724756552703187,0.1028587046228499,0.8738611936551893,-0.021271821164629827,-0.008721215156402657,-0.02975425124168396,-0.05920025706291199,-0.0408431813120842,-0.02975425124168396,-0.05920025706291199,-0.0408431813120842,0.8821474492549897,-0.020720089972019195,-0.01021079532802105,0.13797146639575775,0.20000000000000284,19.287463760638406,none,0.14797155000808715,0.0,-0.010000000000000142,-8.361232926246132e-08
R05_crossing,101,21.200000000000166,34.4949398302172,57.88656459612082,19.45470452340788,0.37300573977566165,0.10107798667003189,0.8757133895114754,-0.021155224273333894,-0.0090603999645966,-0.02960057556629181,-0.05976467579603195,-0.03900620713829994,-0.02960057556629181,-0.05976467579603195,-0.03900620713829994,0.8822396546602249,-0.020917636528611182,-0.009751551784574986,0.138556342940526,0.20000000000000284,19.154638799435155,none,0.14855641727370283,0.0,-0.010000000000000142,-7.433317669308659e-08
R05_crossing,102,21.40000000000017,34.657506417244754,57.94978546801061,19.43717358231707,0.36878874054246924,0.09925899000362146,0.8772722378967402,-0.02102461230146628,-0.009124718967147716,-0.028725191950798035,-0.05930990353226662,-0.03702312335371971,-0.028725191950798035,-0.05930990353226662,-0.03702312335371971,0.8827648848295211,-0.020758466236293314,-0.009255780838429928,0.13907315333751036,0.20000000000000284,19.021431903345427,none,0.14907325145222217,0.0,-0.010000000000000142,-9.811471165660501e-08
R05_crossing,103,21.600000000000172,34.82063832952206,58.01243824517294,19.419931484594397,0.36460231796206943,0.09744270186442257,0.8786452414040904,-0.020852579629461028,-0.009044228967546149,-0.02752823568880558,-0.05857723206281662,-0.03552086278796196,-0.02752823568880558,-0.05857723206281662,-0.03552086278796196,0.8834830585867166,-0.020502031221985816,-0.00888021569699049,0.13954717700398156,0.20000000000000284,18.887875501807677,none,0.14954726152995335,0.0,-0.010000000000000142,-8.452597165399534e-08
R05_crossing,104,21.800000000000175,34.98431723177404,58.07451890753665,19.40297532052484,0.36044425005636177,0.09570073244006387,0.8800482944992072,-0.020736823949648042,-0.008422337336615085,-0.02501334622502327,-0.058574143797159195,-0.02862047217786312,-0.02501334622502327,-0.058574143797159195,-0.02862047217786312,0.884991992264986,-0.020500950329005715,-0.00715511804446578,0.14000408060687658,0.20000000000000284,18.753988229095683,none,0.1500051594082592,0.0,-0.010000000000000142,-1.0788013824873655e-06
R05_crossing,105,22.000000000000178,35.14858770780082,58.13605063847683,19.38627687125985,0.3563855803274337,0.09416674460678652,0.8819579428571197,-0.019912037603702692,-0.007023008601708627,-0.018855594098567963,-0.052089665085077286,-0.016686469316482544,-0.018855594098567963,-0.052089665085077286,-0.016686469316482544,0.8886866435408591,-0.01823138277977705,-0.004171617329120636,0.14049924070831565,0.20000000000000284,18.61976088448775,none,0.15050368844431006,0.0,-0.010000000000000142,-4.447735994274963e-06
R05_crossing,106,22.20000000000018,35.31355250731116,58.19710260864029,19.3697784161967,0.3526076658920654,0.09293710681970126,0.8846352135483181,-0.018010431102160034,-0.005395997339149758,-0.009885577484965324,-0.04038730263710022,-0.008322643116116524,-0.009885577484965324,-0.04038730263710022,-0.008322643116116524,0.8940686535090208,-0.014135555922985077,-0.002080660779029131,0.14108529652606733,0.20000000000000284,18.485174339773646,none,0.1510910437275399,0.0,-0.010000000000000142,-5.747201472441205e-06
R05_crossing,107,22.400000000000183,35.4793168142816,58.257778701646146,19.353414918797316,0.3492679317625451,0.09197787872624144,0.8879789176341619,-0.015570786549567592,-0.004280368685564613,-0.00039907541940920055,-0.0302844550460577,-0.008028275333344936,-0.00039907541940920055,-0.0302844550460577,-0.008028275333344936,0.8997605547483545,-0.010599559266120195,-0.002007068833336234,0.14175854383125636,0.20000000000000284,18.350234284016913,none,0.15176238678932208,0.0,-0.010000000000000142,-3.842958065583362e-06
R05_crossing,108,22.600000000000186,35.64590565604802,58.31816697909768,19.33714434422951,0.3463263851480125,0.09117054344916649,0.8912850890211301,-0.013965658337165386,-0.003827143715562871,0.004890797659754753,-0.030556892976164818,-0.011614455841481686,0.004890797659754753,-0.030556892976164818,-0.011614455841481686,0.9029344785958529,-0.010694912541657685,-0.0029036139603704214,0.14244028551184496,0.20000000000000284,18.214997326353604,none,0.15244110386525023,0.0,-0.010000000000000142,-8.183534051272907e-07
R05_crossing,109,22.80000000000019,35.81328129063695,58.37830516021271,19.320951247597346,0.3435558045056749,0.09043695792466419,0.8944399244650766,-0.013755953564703032,-0.0035310296859410125,0.009260129183530807,-0.038081832230091095,-0.011710570193827152,0.009260129183530807,-0.038081832230091095,-0.011710570193827152,0.9055560775101184,-0.013328641280531883,-0.002927642548456788,0.14307296968530425,0.20000000000000284,18.079532950331473,none,0.15307448418543856,0.0,-0.010000000000000142,-1.5145001341734104e-06
R05_crossing,110,23.000000000000192,35.98145100138392,58.438200255175374,19.304823242994505,0.34071665028524833,0.08977956430384944,0.8978453004293833,-0.014573937103997134,-0.0030771179167379055,0.016407066956162453,-0.046402085572481155,-0.008608754724264145,0.016407066956162453,-0.046402085572481155,-0.008608754724264145,0.9098442401736975,-0.016240729950368404,-0.0021521886810660362,0.14370967231949075,0.20000000000000284,17.943857383793627,none,0.15371227085137917,0.0,-0.010000000000000142,-2.5985318882928466e-06
R05_crossing,111,23.200000000000195,36.15050514647898,58.497850469562316,19.28873756164219,0.3376494969882162,0.08921907522922148,0.9018608909342298,-0.015990806238373307,-0.002566275123446348,0.026683231815695763,-0.05393696948885918,-0.00610135355964303,0.026683231815695763,-0.05393696948885918,-0.00610135355964303,0.9160099390894174,-0.018877939321100712,-0.0015253383899107575,0.14443402357600005,0.20000000000000284,17.80792193818511,none,0.15443739679800927,0.0,-0.010000000000000142,-3.3732220090788552e-06
R05_crossing,112,23.400000000000198,36.320583709080765,58.55724665768695,19.272666429744177,0.33425994127843767,0.08873993571433525,0.9065884139869751,-0.017770607021532107,-0.0022490307768865264,0.03874329477548599,-0.06113508716225624,-0.006410346832126379,0.03874329477548599,-0.06113508716225624,-0.006410346832126379,0.9232459768652916,-0.021397280506789684,-0.0016025867080315948,0.1452957344145595,0.20000000000000284,17.67163934908026,none,0.1552996814844292,0.0,-0.010000000000000142,-3.947069869532308e-06
R05_crossing,113,23.6000000000002,36.4918309292576,58.61636413009372,19.256588637587356,0.33047929153645395,0.08829096927841856,0.9119243210594001,-0.019877122060546194,-0.002241222121728915,0.051209237426519394,-0.06905581802129745,-0.008901242166757584,0.051209237426519394,-0.06905581802129745,-0.008901242166757584,0.9307255424559115,-0.02416953630745411,-0.002225310541689396,0.14630170126852649,0.20000000000000284,17.534911008164887,none,0.15630618811378838,0.0,-0.010000000000000142,-4.486845261766179e-06
R05_crossing,114,23.800000000000203,36.66437085076204,58.675156297324264,19.24049576118842,0.3262481518244011,0.08781459344000811,0.917709749812645,-0.022255050272796832,-0.0025028196216426465,0.06349145621061325,-0.07743005454540253,-0.012143491767346859,0.06349145621061325,-0.07743005454540253,-0.012143491767346859,0.9380948737263679,-0.02710051909089088,-0.0030358729418367147,0.1474368822611496,0.20000000000000284,17.397639550134542,none,0.15744151211951163,0.0,-0.010000000000000142,-4.629858361890494e-06
R05_crossing,115,24.000000000000206,36.8383029145217,58.733555658612886,19.224391595799325,0.32152747542783505,0.08726753205699495,0.9238029635805868,-0.024762710951268137,-0.002935205242794499,0.07545429468154907,-0.08535009622573853,-0.015265083871781826,0.07545429468154907,-0.08535009622573853,-0.015265083871781826,0.9452725768089294,-0.02987253367900848,-0.0038162709679454565,0.14868169597804595,0.20000000000000284,17.25973193800485,none,0.15868600759608142,0.0,-0.010000000000000142,-4.311618035328646e-06
R05_crossing,116,24.20000000000021,37.0137027924114,58.7914794766296,19.20828881979324,0.3163111483702328,0.08662476219999195,0.9300770577076273,-0.02721567906921596,-0.003453434327497432,0.08697334676980972,-0.09204015880823135,-0.018037687987089157,0.08697334676980972,-0.09204015880823135,-0.018037687987089157,0.9521840080618857,-0.03221405558288097,-0.004509421996772289,0.15001623292565885,0.20000000000000284,17.12110218213107,none,0.160019935582298,0.0,-0.010000000000000142,-3.7026566389990366e-06
R05_crossing,117,24.40000000000021,37.19056711594604,58.848816954353474,19.19221208520752,0.3105954051502412,0.08585599032233542,0.9358538438257835,-0.0297506890670208,-0.004179556516522202,0.09368085861206055,-0.09976068884134293,-0.02263665944337845,0.09368085861206055,-0.09976068884134293,-0.02263665944337845,0.9562085151672364,-0.03491624109447002,-0.005659164860844612,0.1513698026370506,0.20000000000000284,16.981699904561463,none,0.161372317593802,0.0,-0.010000000000000142,-2.514956751237529e-06
R05_crossing,118,24.600000000000215,37.368735123777455,58.90540078603903,19.17620738909579,0.3043202646329566,0.08492523134890807,0.9401586428579755,-0.032772929420982366,-0.005061556735911552,0.09221120923757553,-0.11123229563236237,-0.0274351816624403,0.09221120923757553,-0.11123229563236237,-0.0274351816624403,0.9553267255425453,-0.038931303471326825,-0.006858795415610075,0.15259883867553994,0.20000000000000284,16.841541560265387,none,0.16260197434448287,0.0,-0.010000000000000142,-3.1356689427703562e-06
R05_crossing,119,24.800000000000217,37.54797065294831,58.961026548614775,19.16032758411651,0.29740788496948845,0.08390067420955234,0.9431014857877476,-0.036100098042044185,-0.005175431872428454,0.08911779522895813,-0.1225137710571289,-0.02162989415228367,0.08911779522895813,-0.1225137710571289,-0.02162989415228367,0.9534706771373749,-0.04287981986999512,-0.005407473538070917,0.15364122110465736,0.20000000000000284,16.700663646178416,none,0.16364463194987877,0.0,-0.010000000000000142,-3.410845221278047e-06
R05_crossing,120,25.00000000000022,37.72807444512487,59.0154943005769,19.144589799789845,0.28982677186940614,0.08305989391739592,0.944982427516436,-0.039457951096983634,-0.003368555572556807,0.08601663261651993,-0.13228628039360046,0.0012531571555882692,0.08601663261651993,-0.13228628039360046,0.0012531571555882692,0.951609979569912,-0.04630019813776016,0.0003132892888970673,0.15452431141072806,0.20000000000000284,16.559075222448808,none,0.16453688647443698,0.0,-0.010000000000000142,-1.2575063708778157e-05
R05_crossing,121,25.200000000000223,37.90898961218838,59.06865525583714,19.128936455537936,0.28169070435482935,0.0826951045996299,0.947051203187522,-0.04173137571252913,-0.0004958535636355478,0.09056765586137772,-0.13246828317642212,0.02143123373389244,0.09056765586137772,-0.13246828317642212,0.02143123373389244,0.9543405935168265,-0.046363899111747736,0.00535780843347311,0.15539903199149332,0.20000000000000284,16.41672308704124,none,0.16540758998573324,0.0,-0.010000000000000142,-8.557994239761963e-06
R05_crossing,122,25.400000000000226,38.09078951475328,59.12043537824241,19.113261545474945,0.27320971686676754,0.08286610315516513,0.9496222000371324,-0.04298408248098098,0.0020164838883109265,0.09780196845531464,-0.13010486960411072,0.028543345630168915,0.09780196845531464,-0.13010486960411072,0.028543345630168915,0.9586811810731888,-0.04553670436143875,0.007135836407542229,0.1563660970249725,0.20000000000000284,16.273520779407278,none,0.16636826708773356,0.0,-0.010000000000000142,-2.1700627609147484e-06
R05_crossing,123,25.60000000000023,38.27351183824149,59.17077878364084,19.097474425100565,0.2644244436651035,0.0833798582924712,0.9521363706449189,-0.044736564701710696,0.003043649840970306,0.10165853798389435,-0.13802163302898407,0.02054676227271557,0.10165853798389435,-0.13802163302898407,0.02054676227271557,0.9609951227903366,-0.048307571560144424,0.005136690568178892,0.15737791648889093,0.20000000000000284,16.12941981224276,none,0.167380746361232,0.0,-0.010000000000000142,-2.8298723409376365e-06
R05_crossing,124,25.80000000000023,38.45708286784089,59.21958095917427,19.081541456302187,0.25513658785319454,0.08399013128901812,0.9539292889893983,-0.047903314997677277,0.00305799865253296,0.10041114687919617,-0.15530329942703247,0.012348948046565056,0.10041114687919617,-0.15530329942703247,0.012348948046565056,0.9602466881275176,-0.05435615479946136,0.003087237011641264,0.15834088086307962,0.20000000000000284,15.984407718137751,none,0.16834822918580272,0.0,-0.010000000000000142,-7.348322722959822e-06
R05_crossing,125,26.000000000000234,38.641386988395645,59.26667778832846,19.065468135668542,0.24506123777909555,0.0845991059269311,0.9550682024802166,-0.05250347130862014,0.0030335875917183773,0.09846866130828857,-0.17679183185100555,0.011935382150113583,0.09846866130828857,-0.17679183185100555,0.011935382150113583,0.9590811967849731,-0.06187714114785194,0.0029838455375283957,0.15923526088214354,0.20000000000000284,15.838450676586929,none,0.16924457490839728,0.0,-0.010000000000000142,-9.314026253600689e-06
R05_crossing,126,26.200000000000237,38.82645027254877,59.3118933467669,19.04924568476619,0.23400905454216211,0.08534820841024873,0.9568216319140916,-0.057631835521417825,0.004357642997423765,0.10499981790781021,-0.194519504904747,0.02822260372340679,0.10499981790781021,-0.194519504904747,0.02822260372340679,0.9629998907446862,-0.06808182671666145,0.007055650930851698,0.16019922553857535,0.20000000000000284,15.691409394252572,none,0.1702116695382756,0.0,-0.010000000000000142,-1.2443999700107473e-05
R05_crossing,127,26.40000000000024,39.01239616575196,59.355054927607775,19.03281976864968,0.221978454920736,0.08638372198726539,0.9590341652189628,-0.06232075608390166,0.005882559592341434,0.11138348281383514,-0.20535799860954285,0.03595943748950958,0.11138348281383514,-0.20535799860954285,0.03595943748950958,0.9668300896883011,-0.07187529951333999,0.008989859372377396,0.1613395083024824,0.20000000000000284,15.543084567915797,none,0.17134386995688544,0.0,-0.010000000000000142,-4.361654402912432e-06
R05_crossing,128,26.600000000000243,39.19922806651956,59.39597124876519,19.01613862914551,0.20905946700346,0.08763511444525497,0.9607558326539379,-0.06655033883594709,0.006578882993856668,0.11137029528617859,-0.21476827561855316,0.031991083174943924,0.11137029528617859,-0.21476827561855316,0.031991083174943924,0.9668221771717072,-0.0751688964664936,0.007997770793735981,0.1625272458522768,0.20000000000000284,15.393340767463352,none,0.1725293318787422,0.0,-0.010000000000000142,-2.086026465262514e-06
R05_crossing,129,26.800000000000246,39.386812042214906,59.434434541373854,18.999186680732326,0.19525318270225706,0.08896356518998316,0.9615763172792123,-0.07116471777954643,0.00669674144520333,0.10744553059339523,-0.23019248247146606,0.02774759940803051,0.10744553059339523,-0.23019248247146606,0.02774759940803051,0.964467318356037,-0.08056736886501312,0.0069368998520076275,0.1636346787820774,0.20000000000000284,15.242113537284395,none,0.17364010512386585,0.0,-0.010000000000000142,-5.426341788304437e-06
R05_crossing,130,27.00000000000025,39.57503681983439,59.470231682802584,18.98196703939838,0.1804115607243957,0.09029882350605324,0.9621224029136569,-0.07682489373330098,0.006658708280522831,0.10674425214529037,-0.2524529993534088,0.026324834674596786,0.10674425214529037,-0.2524529993534088,0.026324834674596786,0.9640465512871741,-0.08835854977369308,0.006581208668649197,0.16469150936700017,0.20000000000000284,15.089313225087343,none,0.1747014703002563,0.0,-0.010000000000000142,-9.960933255994744e-06
R05_crossing,131,27.20000000000025,39.76377499899466,59.503116291203625,18.964495248827546,0.16434624891524857,0.09157058443899403,0.9616837617934554,-0.08333737752925227,0.006100940114778392,0.10023032873868942,-0.27602219581604004,0.019857537001371384,0.10023032873868942,-0.27602219581604004,0.019857537001371384,0.9601381972432137,-0.09660776853561401,0.004964384250342846,0.1656943854738521,0.20000000000000284,14.93482843821558,none,0.17570718075703695,0.0,-0.010000000000000142,-1.2795283184705574e-05
R05_crossing,132,27.400000000000254,39.95296726637044,59.532835141068176,18.94680426608862,0.14705328863862016,0.09258160108310416,0.9616174665197911,-0.08915383780008451,0.0041558295834107,0.10230645537376404,-0.28858843445777893,0.000769227568525821,0.10230645537376404,-0.28858843445777893,0.000769227568525821,0.9613838732242583,-0.10100595206022261,0.00019230689213145524,0.1667166125316545,0.20000000000000284,14.778492536160615,none,0.17672714421590285,0.0,-0.010000000000000142,-1.0531684248201176e-05
R05_crossing,133,27.600000000000257,40.142806935210665,59.55920436461154,18.92893537328187,0.12886505768902845,0.09330171842843081,0.963264380519774,-0.09247793408647846,0.003123175179021856,0.11511221528053284,-0.2835754156112671,0.0040758028626441956,0.11511221528053284,-0.2835754156112671,0.0040758028626441956,0.9690673291683196,-0.09925139546394347,0.0010189507156610489,0.16798847403341496,0.20000000000000284,14.62003169921723,none,0.17799247505911353,0.0,-0.010000000000000142,-4.001025698419283e-06
R05_crossing,134,27.80000000000026,40.33389988430115,59.58221221116954,18.91084610259835,0.11103568189998796,0.09421107759707534,0.9696702939522459,-0.08628275530855692,0.0057708601174610505,0.1537361890077591,-0.2104540914297104,0.04466403275728226,0.1537361890077591,-0.2104540914297104,0.04466403275728226,0.9922417134046555,-0.07365893200039864,0.011166008189320564,0.16969221761838227,0.20000000000000284,14.459063250399073,none,0.17986193649443294,0.0,-0.010000000000000142,-0.00016971887605051527
R05_crossing,135,28.000000000000263,40.526958945017014,59.60213570575678,18.892391758022594,0.09513343357796296,0.09539328045422762,0.9794846314177098,-0.07368892657269858,0.006031522307748041,0.19010955095291138,-0.13721905648708344,0.026250679045915604,0.19010955095291138,-0.13721905648708344,0.026250679045915604,1.0140657305717469,-0.0480266697704792,0.006562669761478901,0.17222642574760824,0.20000000000000284,14.295391427223969,none,0.1823669346155512,0.0,-0.010000000000000142,-0.00014050886794281486
R05_crossing,136,28.200000000000266,40.721918126690035,59.6193714540277,18.873576992070557,0.0816903166841891,0.09610466381597323,0.9864211202985224,-0.06164964474666821,0.001429189767139157,0.18477006256580353,-0.10604965686798096,-0.03179565817117691,0.18477006256580353,-0.10604965686798096,-0.03179565817117691,1.0108620375394821,-0.03711737990379333,-0.007948914542794228,0.17463608452974488,0.20000000000000284,14.129396626518293,none,0.18472347290720847,0.0,-0.010000000000000142,-8.73883774634357e-05
R05_crossing,137,28.40000000000027,40.91789021564347,59.6342589752412,18.854644929563005,0.0702779611118286,0.09572554368305086,0.9879804507848151,-0.053117016388507285,-0.004754337748988999,0.15579132735729218,-0.10208630561828613,-0.06941767781972885,0.15579132735729218,-0.10208630561828613,-0.06941767781972885,0.9934747964143753,-0.03573020696640014,-0.017354419454932213,0.17610698043696082,0.20000000000000284,13.96189046994936,none,0.18615239826915797,0.0,-0.010000000000000142,-4.5417832196990026e-05
R05_crossing,138,28.60000000000027,41.11397176812326,59.64706364078777,18.835900745221867,0.06040118289929609,0.09431957419050607,0.9860307155911842,-0.04617405753219264,-0.008986387021546024,0.13193461298942566,-0.09150426834821701,-0.0704398825764656,0.13193461298942566,-0.09150426834821701,-0.0704398825764656,0.9791607677936554,-0.032026493921875954,-0.0176099706441164,0.17664368366294284,0.20000000000000284,13.79361342424207,none,0.18665732700765858,0.0,-0.010000000000000142,-1.3643344715595918e-05
R05_crossing,139,28.800000000000274,41.309519339296415,59.65802698200111,18.81756774735198,0.05184174225313249,0.09224881664190406,0.9813057139792855,-0.03989370034303012,-0.011529512719334414,0.10776172578334808,-0.07741802930831909,-0.06684640794992447,0.10776172578334808,-0.07741802930831909,-0.06684640794992447,0.9646570354700088,-0.02709631025791168,-0.016711601987481117,0.17647822012749234,0.20000000000000284,13.62512267602201,none,0.18649413340081367,0.0,-0.010000000000000142,-1.5913273321169762e-05
R05_crossing,140,29.000000000000277,41.50397083393196,59.66738082716373,18.799799296398227,0.044509990310329976,0.08970276352684739,0.973902602738563,-0.03387727771333787,-0.013762702593175392,0.07969588041305542,-0.06176486611366272,-0.07325296103954315,0.07969588041305542,-0.06176486611366272,-0.07325296103954315,0.9478175282478332,-0.021617703139781952,-0.018313240259885788,0.17572042670673335,0.20000000000000284,13.456913025589097,none,0.18574190184907025,0.0,-0.010000000000000142,-2.1475142336756514e-05
R05_crossing,141,29.20000000000028,41.696697527381744,59.675342300206296,18.782729091712742,0.038222745664114266,0.08675765551379906,0.9630604238815504,-0.029337344183912657,-0.015553411548911218,0.04142949357628822,-0.05738968402147293,-0.07680924981832504,0.04142949357628822,-0.05738968402147293,-0.07680924981832504,0.9248576961457728,-0.020086389407515524,-0.01920231245458126,0.17430890385925368,0.20000000000000284,13.289495118173495,none,0.184338825974649,0.0,-0.010000000000000142,-2.992211539518036e-05
R05_crossing,142,29.400000000000283,41.88705219449712,59.68209108618891,18.766470734226456,0.03279837602018472,0.08347680570842467,0.9492608220105574,-0.025216909967645893,-0.017135820144196113,0.0010625493014231324,-0.04805932193994522,-0.08144108206033707,0.0010625493014231324,-0.04805932193994522,-0.08144108206033707,0.9006375295808537,-0.016820762678980826,-0.020360270515084267,0.17224072034691476,0.20000000000000284,13.123346966464773,none,0.18227548034124652,0.0,-0.010000000000000142,-3.475999433161232e-05
R05_crossing,143,29.600000000000286,42.074750804703726,59.68778689892864,18.75109134095364,0.027921566766600674,0.07989318399537579,0.9355255750399242,-0.02366792944987962,-0.018590739507204735,-0.02145160175859928,-0.05860455706715584,-0.08622162789106369,-0.02145160175859928,-0.05860455706715584,-0.08622162789106369,0.8871290389448403,-0.020511594973504542,-0.021555406972765923,0.16989430994516275,0.20000000000000284,12.958717694069115,none,0.17990712879716853,0.0,-0.010000000000000142,-1.2818852005626856e-05
R05_crossing,144,29.80000000000029,42.25986084173523,59.692522635015045,18.736614807754496,0.023243325540565088,0.07612090133609997,0.9224486663139971,-0.02315327257244491,-0.019094145318070514,-0.03938032686710358,-0.063155896961689,-0.0804797112941742,-0.03938032686710358,-0.063155896961689,-0.0804797112941742,0.8763718038797379,-0.022104563936591146,-0.02011992782354355,0.16758135894090387,0.20000000000000284,12.79560658031979,none,0.17758886141060515,0.0,-0.010000000000000142,-7.50246970115033e-06
R05_crossing,145,30.00000000000029,42.442599586907214,59.69635218236415,18.72302360774666,0.018677228314988976,0.07232313552429522,0.9109306846998968,-0.022552946355569453,-0.018898275533469334,-0.049422089010477066,-0.0609419159591198,-0.07399661839008331,-0.049422089010477066,-0.0609419159591198,-0.07399661839008331,0.8703467465937138,-0.021329670585691927,-0.018499154597520828,0.16547044505654704,0.20000000000000284,12.633905895136671,none,0.17547340044039572,0.0,-0.010000000000000142,-2.955383848537996e-06
R05_crossing,146,30.200000000000294,42.62323403570324,59.699324075144986,18.710275338592304,0.014244445495802874,0.06858028732158805,0.9006373601584257,-0.021829414532581155,-0.01855600357940615,-0.05938577279448509,-0.058157384395599365,-0.07143424451351166,-0.05938577279448509,-0.058157384395599365,-0.07143424451351166,0.8643685363233089,-0.020355084538459776,-0.017858561128377914,0.16360638695578378,0.20000000000000284,12.47348573108282,none,0.1736086588431931,0.0,-0.010000000000000142,-2.271887409185658e-06
R05_crossing,147,30.400000000000297,42.801965122560816,59.70148436877329,18.69832847064289,0.009944172405545171,0.06490236556052235,0.8912367252007218,-0.021219300733695694,-0.018246538461176832,-0.0698111355304718,-0.057074517011642456,-0.07046378403902054,-0.0698111355304718,-0.057074517011642456,-0.07046378403902054,0.8581133186817169,-0.019976080954074858,-0.017615946009755135,0.16192843277712152,0.20000000000000284,12.314256888018617,none,0.17193064882879128,0.0,-0.010000000000000142,-2.21605166961375e-06
R05_crossing,148,30.6000000000003,42.97892613760283,59.702873538120656,18.687153065306912,0.0057759530518978405,0.06120831021634348,0.8823723423091716,-0.020515907640166746,-0.018662652412950096,-0.08143594115972519,-0.05452175438404083,-0.07804224640130997,-0.08143594115972519,-0.05452175438404083,-0.07804224640130997,0.8511384353041649,-0.01908261403441429,-0.019510561600327492,0.1603711715676209,0.20000000000000284,12.156165814400198,none,0.1703751532835156,0.0,-0.010000000000000142,-3.981715894548765e-06
R05_crossing,149,30.800000000000303,43.154174362987625,59.70352876801584,18.67674589501065,0.0017078671291619351,0.05738395688133316,0.8736234197614295,-0.020189549264343295,-0.019516524478281005,-0.09533943235874176,-0.05578438192605972,-0.08502578735351562,-0.09533943235874176,-0.05578438192605972,-0.08502578735351562,0.8427963405847549,-0.0195245336741209,-0.021256446838378906,0.15886512489007004,0.20000000000000284,11.999196878125197,none,0.16886999831287142,0.0,-0.010000000000000142,-4.873422801242588e-06
R05_crossing,150,31.000000000000306,43.327728185170564,59.70347591216623,18.667120253158274,-0.002319303446477755,0.05338765666871719,0.8649905425565141,-0.02008968339668666,-0.020381299436426147,-0.1090460792183876,-0.0568176805973053,-0.08857375383377075,-0.1090460792183876,-0.0568176805973053,-0.08857375383377075,0.8345723524689674,-0.019886188209056854,-0.022143438458442688,0.15737673873126798,0.20000000000000284,11.843344810448434,none,0.16738076929007661,0.0,-0.010000000000000142,-4.030558808481022e-06
R05_crossing,151,31.20000000000031,43.499572376069224,59.702733416120914,18.658292017876924,-0.006323674293149152,0.04923441318099796,0.8561517429918402,-0.019963533040309428,-0.021097179461567497,-0.12498670071363449,-0.05630422383546829,-0.09022367000579834,-0.12498670071363449,-0.05630422383546829,-0.09022367000579834,0.8250079795718193,-0.019706478342413902,-0.022555917501449585,0.15587166942940994,0.20000000000000284,11.688615146269496,none,0.1658768112149076,0.0,-0.010000000000000142,-5.141785497514428e-06
R05_crossing,152,31.40000000000031,43.669678420538,59.70131874710089,18.650269926725947,-0.01031439957290398,0.044998489654051226,0.8472778261829381,-0.019945108423244574,-0.02125050001593514,-0.13998278975486755,-0.05687875673174858,-0.08625167608261108,-0.13998278975486755,-0.05687875673174858,-0.08625167608261108,0.8160103261470795,-0.019907564856112003,-0.02156291902065277,0.1543403650912203,0.20000000000000284,11.535019440984973,none,0.16434518488142658,0.0,-0.010000000000000142,-4.819790206146701e-06
R05_crossing,153,31.600000000000314,43.838059896957695,59.699247972499585,18.64304366170505,-0.014277869999062444,0.04077804126038902,0.8386235026301925,-0.01970750410924246,-0.02097476603035328,-0.1531170904636383,-0.054923832416534424,-0.08165162801742554,-0.1531170904636383,-0.054923832416534424,-0.08165162801742554,0.8081297457218171,-0.019223341345787046,-0.020412907004356384,0.15282214284873716,0.20000000000000284,11.382548922140936,none,0.16282609268926507,0.0,-0.010000000000000142,-3.949840527772974e-06
R05_crossing,154,31.800000000000317,44.004750677558256,59.696542292537785,18.636589080377966,-0.01817232320415062,0.03662490697320509,0.830153594635641,-0.019270002500077193,-0.02058588672962894,-0.16615061461925507,-0.052510034292936325,-0.07917389273643494,-0.16615061461925507,-0.052510034292936325,-0.07917389273643494,0.800309631228447,-0.018378512002527714,-0.019793473184108734,0.15133346944901604,0.20000000000000284,11.231191695296983,none,0.16133710621592456,0.0,-0.010000000000000142,-3.636766908383937e-06
R05_crossing,155,32.00000000000032,44.16979291532415,59.693237574205966,18.63087870294292,-0.02179301313649202,0.03253628713368479,0.8219738353120256,-0.017100418665200533,-0.020320326944320406,-0.17807963490486145,-0.036227114498615265,-0.07911679893732071,-0.17807963490486145,-0.036227114498615265,-0.07911679893732071,0.7931522190570831,-0.012679490074515342,-0.019779199734330177,0.14987388364695745,0.20000000000000284,11.080946569924143,none,0.15988203241219168,0.0,-0.010000000000000142,-8.14876523409197e-06
R05_crossing,156,32.20000000000031,44.33315642666329,59.689419258222735,18.625894467386704,-0.024807538954470066,0.028424896830437887,0.813278257469756,-0.013329085435862078,-0.02076040717838562,-0.1956014335155487,-0.016126560047268867,-0.08662860840559006,-0.1956014335155487,-0.016126560047268867,-0.08662860840559006,0.7826391398906707,-0.005644296016544103,-0.021657152101397514,0.148362829672567,0.19999999999998863,10.931890196521833,none,0.1583781791325123,0.0,-0.009999999999999431,-1.5349459945852087e-05
R05_crossing,157,32.4000000000003,44.494643900877406,59.68521588994838,18.621644823759098,-0.027119181646990863,0.024111411944592192,0.8031790671574348,-0.010035573920185944,-0.022261317830955328,-0.22067619860172272,-0.009498384781181812,-0.10127880424261093,-0.22067619860172272,-0.009498384781181812,-0.10127880424261093,0.7675942808389664,-0.003324434673413634,-0.025319701060652733,0.14663594165894314,0.19999999999998863,10.784210508144906,none,0.15665368775473354,0.0,-0.009999999999999431,-1.774609579095686e-05
R05_crossing,158,32.600000000000286,44.65404291487923,59.68074329481694,18.618163352130072,-0.02891353970041272,0.01947122937247191,0.7923304863953216,-0.008057122759117508,-0.024008799917149194,-0.2431579977273941,-0.01150189246982336,-0.11027847230434418,-0.2431579977273941,-0.01150189246982336,-0.11027847230434418,0.7541052013635635,-0.004025662364438176,-0.027569618076086044,0.1446861530941644,0.19999999999998863,10.638083564252367,none,0.15469796188136797,0.0,-0.009999999999999431,-1.180878720413732e-05
R05_crossing,159,32.800000000000274,44.811247981485884,59.676078636305434,18.615486649522865,-0.030358931139911848,0.014490334197774716,0.7811668342309533,-0.006513160305361445,-0.025674600224035324,-0.26361435651779175,-0.00962014589458704,-0.11627590656280518,-0.26361435651779175,-0.00962014589458704,-0.11627590656280518,0.7418313860893249,-0.003367051063105464,-0.029068976640701294,0.14261499512293854,0.19999999999998863,10.493598308922184,none,0.15262415457899436,0.0,-0.009999999999999431,-9.159456056389085e-06
R05_crossing,160,33.00000000000026,44.966201425214145,59.67127820244154,18.6136474154764,-0.03154161510320713,0.009153244709735709,0.7697587525717118,-0.005397748103695676,-0.027554598889825904,-0.2840632498264313,-0.008928255178034306,-0.1255417764186859,-0.2840632498264313,-0.008928255178034306,-0.1255417764186859,0.7295620501041412,-0.0031248893123120066,-0.03138544410467148,0.14047342604652155,0.19999999999998863,10.350802056825659,none,0.15048351589241094,0.0,-0.009999999999999431,-1.0089845889957871e-05
R05_crossing,161,33.20000000000025,45.11892630928254,59.66638654430033,18.612677793373663,-0.03242985115794905,0.0034616914858512197,0.7588207276786039,-0.00361869958344143,-0.029234331652090342,-0.29953286051750183,1.8402934074401855e-05,-0.13062839210033417,-0.29953286051750183,1.8402934074401855e-05,-0.13062839210033417,0.7202802836894988,6.441026926040649e-06,-0.03265709802508354,0.13834981446265926,0.19999999999998863,10.209695875186014,none,0.14835671896676672,0.0,-0.009999999999999431,-6.904504108020699e-06
R05_crossing,162,33.40000000000024,45.26960273933637,59.66145419090342,18.612603394292385,-0.03294372445565127,-0.0025413714146616416,0.7492054458820435,-0.001667123927989144,-0.030686822882638867,-0.30779045820236206,0.006598779000341892,-0.1345861703157425,-0.30779045820236206,0.006598779000341892,-0.1345861703157425,0.7153257250785827,0.0023095726501196623,-0.03364654257893562,0.13639031833451082,0.19999999999998863,10.070222678759885,none,0.14639286140005225,0.0,-0.009999999999999431,-2.543065542017515e-06
R05_crossing,163,33.60000000000023,45.418428919496534,59.65653483534512,18.61344506224338,-0.03306782393256708,-0.008826622192548593,0.740313675160835,0.00027941801597267563,-0.03206203496612431,-0.31836122274398804,0.012131021358072758,-0.13945713639259338,-0.31836122274398804,0.012131021358072758,-0.13945713639259338,0.7089832663536071,0.004245857475325465,-0.034864284098148346,0.13460457117143892,0.19999999999998863,9.932327428456434,none,0.14460789263301876,0.0,-0.009999999999999431,-3.3214615804200155e-06
R05_crossing,164,33.80000000000022,45.56552786474513,59.65168643224622,18.61521881467585,-0.03272877416441156,-0.01531293940514071,0.7319762255495122,0.002912615218345814,-0.032749335240475436,-0.32900169491767883,0.02365211956202984,-0.1365993469953537,-0.32900169491767883,0.02365211956202984,-0.1365993469953537,0.7025989830493926,0.008278241846710443,-0.034149836748838425,0.13292257928191645,0.19999999999998863,9.795996232320332,none,0.14292766172815874,0.0,-0.009999999999999431,-5.082446242865735e-06
R05_crossing,165,34.000000000000206,45.711164871415015,59.64696821794155,18.617931656436728,-0.031985331115791465,-0.021961611617615544,0.725707952449665,0.004409030254023024,-0.03366813668859553,-0.32729747891426086,0.021309293806552887,-0.14216145873069763,-0.32729747891426086,0.021309293806552887,-0.14216145873069763,0.7036215126514435,0.00745825283229351,-0.03554036468267441,0.1314871361565565,0.19999999999998863,9.661166606620261,none,0.14148792276198918,0.0,-0.009999999999999431,-7.866054332656553e-07
R05_crossing,166,34.200000000000195,45.855892805857835,59.642389799769774,18.62160435616651,-0.031348242152924956,-0.028794063520987966,0.7228960742448605,0.0021333757759525967,-0.03458711855155894,-0.31168609857559204,-0.0071534039452672005,-0.14583885669708252,-0.31168609857559204,-0.0071534039452672005,-0.14583885669708252,0.7129883408546447,-0.00250369138084352,-0.03645971417427063,0.1305573047010392,0.19999999999998863,9.52762885513172,none,0.14057865197334252,0.0,-0.009999999999999431,-2.1347272303864228e-05
R05_crossing,167,34.40000000000018,46.00053026658081,59.637863911801816,18.626266167598807,-0.03137153138269819,-0.03555725261214229,0.7248479122924313,-0.002050898711139999,-0.03315287174551676,-0.28045788407325745,-0.030220378190279007,-0.1209213137626648,-0.28045788407325745,-0.030220378190279007,-0.1209213137626648,0.7317252695560454,-0.010577132366597651,-0.0302303284406662,0.13043878155782865,0.19999999999998863,9.39500340860132,none,0.14048134497038234,0.0,-0.009999999999999431,-4.256341255424819e-05
R05_crossing,168,34.60000000000017,46.145629734779526,59.63326156016959,18.631898081240237,-0.032185364110073694,-0.04188189258532863,0.7278304698850672,-0.005804517761517844,-0.030307950132493322,-0.26943400502204895,-0.038437746465206146,-0.09804358333349228,-0.26943400502204895,-0.038437746465206146,-0.09804358333349228,0.7383395969867705,-0.01345321126282215,-0.02451089583337307,0.13093489187888924,0.19999999999998863,9.263003579919442,none,0.14094914071089448,0.0,-0.009999999999999431,-1.4248832005826773e-05
R05_crossing,169,34.80000000000016,46.29151725757004,59.62846476741368,18.638433880756775,-0.03365916411494418,-0.04742129835336695,0.7330518115525129,-0.008714180586683449,-0.025452094106436937,-0.24758440256118774,-0.04183759167790413,-0.06222955510020256,-0.24758440256118774,-0.04183759167790413,-0.06222955510020256,0.7514493584632873,-0.014643157087266444,-0.01555738877505064,0.1317239938039412,0.19999999999998863,9.13145956859265,none,0.14175942597780988,0.0,-0.009999999999999431,-3.5432173869257014e-05
R05_crossing,170,35.00000000000015,46.438602644084234,59.623374976090204,18.645761861571334,-0.0355822057876391,-0.05183602214631367,0.7401719345252101,-0.010389934341680219,-0.019168722438323894,-0.22456684708595276,-0.03944169357419014,-0.025460759177803993,-0.22456684708595276,-0.03944169357419014,-0.025460759177803993,0.7652598917484283,-0.013804592750966549,-0.006365189794450998,0.13294781966235963,0.19999999999998863,9.000210528906916,none,0.1429855695131863,0.0,-0.009999999999999431,-3.7749850827237874e-05
R05_crossing,171,35.20000000000014,46.58715380386154,59.61792853270954,18.653720665111674,-0.03773525838036262,-0.05484995195763447,0.7480947835384928,-0.011087979800177911,-0.011545164332393996,-0.206648051738739,-0.03574393317103386,0.01595698483288288,-0.206648051738739,-0.03574393317103386,0.01595698483288288,0.7760111689567566,-0.01251037660986185,0.00398924620822072,0.1344386201807651,0.19999999999998863,8.869200942396471,none,0.14447962390431712,0.0,-0.009999999999999431,-4.100372355258536e-05
R05_crossing,172,35.40000000000013,46.73737717770535,59.612093337938596,18.66211231634527,-0.039884720237243064,-0.0564054433449129,0.7571847351106196,-0.010454392345126455,-0.0045378888862758985,-0.18464426696300507,-0.026180973276495934,0.03896292671561241,-0.18464426696300507,-0.026180973276495934,0.03896292671561241,0.7892134398221969,-0.009163340646773576,0.009740731678903103,0.13615025385821686,0.19999999999998863,8.738444855560955,none,0.14617235166038256,0.0,-0.009999999999999431,-2.2097802166257815e-05
R05_crossing,173,35.600000000000115,46.88949127411582,59.60585860346964,18.670743246360345,-0.0420737916772231,-0.05661156606636922,0.7672066698524524,-0.01136750093084459,0.0019850284643000773,-0.16246792674064636,-0.037794653326272964,0.06110671907663345,-0.16246792674064636,-0.037794653326272964,0.06110671907663345,0.8025192439556121,-0.013228128664195538,0.015276679769158363,0.1380471439327234,0.19999999999998863,8.607986514905654,none,0.14806948423612454,0.0,-0.009999999999999431,-2.234030340168815e-05
R05_crossing,174,35.800000000000104,47.043786757754155,59.59917643283902,18.67943319492548,-0.0445537461279471,-0.05558744602542985,0.7790790622758842,-0.013287344680253554,0.007816642376075598,-0.13181370496749878,-0.049141090363264084,0.07879853993654251,-0.13181370496749878,-0.049141090363264084,0.07879853993654251,0.8209117770195007,-0.017199381627142428,0.019699634984135628,0.14022332204338075,0.19999999999998863,8.47782827953399,none,0.15025095051280601,0.0,-0.009999999999999431,-2.762846942581665e-05
R05_crossing,175,36.00000000000009,47.20063201864989,59.59196124981955,18.688020346370998,-0.04746693333728562,-0.05351283237478794,0.7927367867539117,-0.01566530054199968,0.012571146480526782,-0.09856638312339783,-0.058602359145879745,0.08903731405735016,-0.09856638312339783,-0.058602359145879745,0.08903731405735016,0.8408601701259613,-0.02051082570105791,0.02225932851433754,0.1427764572227912,0.19999999999998863,8.34793294082236,none,0.1528024518730362,0.0,-0.009999999999999431,-2.5994650245581008e-05
R05_crossing,176,36.20000000000008,47.360404757240644,59.584102710251436,18.696367018641034,-0.05093051141679169,-0.05062669188423979,0.8083640479259998,-0.018738828048263118,0.016029594691925813,-0.060954749584198,-0.07143345475196838,0.09230729192495346,-0.060954749584198,-0.07143345475196838,0.09230729192495346,0.8634271502494812,-0.02500170916318893,0.023076822981238365,0.1457089353892437,0.19999999999998863,8.218260456031233,none,0.15574073468418703,0.0,-0.009999999999999431,-3.179929494388528e-05
R05_crossing,177,36.40000000000007,47.52353913725162,59.575455341875596,18.704370436659183,-0.05512904243055025,-0.04721895377852855,0.8263832864414102,-0.02293055131146407,0.017906336098730328,-0.01687568426132202,-0.08991989493370056,0.08692217618227005,-0.01687568426132202,-0.08991989493370056,0.08692217618227005,0.8898745894432067,-0.03147196322679519,0.021730544045567513,0.1490848932970238,0.19999999999998863,8.08874723633594,none,0.1591311675358611,0.0,-0.009999999999999431,-4.627423883786452e-05
R05_crossing,178,36.60000000000006,47.690471753711314,59.565827090318216,18.711964276736545,-0.06027496438314392,-0.04352177548083063,0.8464968623191218,-0.028136309481615104,0.01898420755356644,0.028946038335561752,-0.11069715768098831,0.08472228050231934,0.028946038335561752,-0.11069715768098831,0.08472228050231934,0.917367623001337,-0.038744005188345906,0.021180570125579834,0.15294000075615888,0.19999999999998863,7.959315011912842,none,0.16299072404515869,0.0,-0.009999999999999431,-5.072328900036533e-05
R05_crossing,179,36.80000000000005,47.86162953058645,59.55498827218313,18.719103343544578,-0.06633629279173235,-0.039686292514688706,0.8689418934136979,-0.032172747683540316,0.019343539228466038,0.08004600554704666,-0.11542210727930069,0.08030297607183456,0.08004600554704666,-0.11542210727930069,0.08030297607183456,0.948027603328228,-0.04039773754775524,0.02007574401795864,0.15726881284590075,0.19999999999998863,7.829887922984215,none,0.1673218740868876,0.0,-0.009999999999999431,-5.306124098741455e-05
R05_crossing,180,37.000000000000036,48.03739639902677,59.54272139784885,18.725762153205146,-0.07310791209643115,-0.035911464157729014,0.8931260658227662,-0.035307201159647215,0.018470542247603677,0.13056614995002747,-0.11912637203931808,0.06676659733057022,0.13056614995002747,-0.11912637203931808,0.06676659733057022,0.9783396899700165,-0.04169423021376133,0.016691649332642555,0.16202610760611552,0.19999999999998863,7.700451503937314,none,0.1720810924084617,0.0,-0.009999999999999431,-5.4984802346745854e-05
R05_crossing,181,37.200000000000024,48.21802910821407,59.52882606864898,18.73194164807725,-0.0805382011751086,-0.03233917821566661,0.9184064733781457,-0.03873717222094695,0.01733769967840214,0.17913785576820374,-0.13064678013324738,0.060117293149232864,0.17913785576820374,-0.13064678013324738,0.060117293149232864,1.007482713460922,-0.04572637304663658,0.015029323287308216,0.16709239366945644,0.19999999999998863,7.571075305631904,none,0.17714311654255255,0.0,-0.009999999999999431,-5.072287309668161e-05
R05_crossing,182,37.40000000000001,48.403723973671475,59.51308455447681,18.737649431197287,-0.08871239689407914,-0.02893337351034343,0.9448381339238703,-0.04270567811567414,0.016763616133191363,0.229951411485672,-0.14512069523334503,0.062375258654356,0.229951411485672,-0.14512069523334503,0.062375258654356,1.037970846891403,-0.05079224333167076,0.015593814663589,0.1723998955533773,0.19999999999998863,7.441864506848223,none,0.18245582775480074,0.0,-0.009999999999999431,-5.5932201423988246e-05
R05_crossing,183,37.6,48.594727326480054,59.49523793765663,18.742875400779297,-0.09775225780662604,-0.025537161820650002,0.9729124664925832,-0.047343386286117166,0.017168020731700238,0.286388635635376,-0.16226735711097717,0.07196827977895737,0.286388635635376,-0.16226735711097717,0.07196827977895737,1.0718331813812256,-0.05679357498884201,0.017992069944739342,0.1780074926093451,0.19999999999998863,7.31292110822071,none,0.18807891649609587,0.0,-0.009999999999999431,-7.142388675133643e-05
R05_crossing,184,37.79999999999999,48.79119758399833,59.475001528314614,18.747576129370756,-0.10761828098555554,-0.02205088714648071,1.001411050185733,-0.05103835517321896,0.017657810486583544,0.33637771010398865,-0.16733582317829132,0.07462339103221893,0.33637771010398865,-0.16733582317829132,0.07462339103221893,1.1018266260623932,-0.05856753811240196,0.018655847758054733,0.18388461380873852,0.19999999999998863,7.18439039245062,none,0.19393524673934337,0.0,-0.009999999999999431,-5.063293060542429e-05
R05_crossing,185,37.99999999999998,48.992947342549535,59.45215068692957,18.751696853781286,-0.1179468221344087,-0.018563507505312677,1.0281551365218466,-0.05216234131976466,0.01724695236043454,0.3706478178501129,-0.15557906031608582,0.06563901156187057,0.3706478178501129,-0.15557906031608582,0.06563901156187057,1.1223886907100677,-0.054452671110630034,0.016409752890467644,0.18964938939152148,0.19999999999998863,7.056569262159835,none,0.19967725700816885,0.0,-0.009999999999999431,-2.7867616647926365e-05
R05_crossing,186,38.19999999999997,49.19954643486704,59.4265749511438,18.755208575587005,-0.12833362370201812,-0.015220855902324564,1.0527544862905949,-0.05173768106040795,0.016254374410543712,0.3990516662597656,-0.14534959197044373,0.05692725256085396,0.3990516662597656,-0.14534959197044373,0.05692725256085396,1.1394309997558594,-0.0508723571896553,0.01423181314021349,0.1950219171180435,0.19999999999998863,6.929910327702281,none,0.20504166342548302,0.0,-0.009999999999999431,-1.9746307440096368e-05
R05_crossing,187,38.399999999999956,49.410359056879166,59.39827443591579,18.758108535088894,-0.13844788210519915,-0.01209999465549247,1.0735130416316068,-0.04956840185341879,0.015045361530321944,0.4110940098762512,-0.12899455428123474,0.05032709613442421,0.4110940098762512,-0.12899455428123474,0.05032709613442421,1.1466564059257507,-0.04514809399843216,0.012581774033606052,0.1997923573534917,0.19999999999998863,6.804987845452754,none,0.20980147870074006,0.0,-0.009999999999999431,-9.121347248925992e-06
R05_crossing,188,38.599999999999945,49.62469280785587,59.367338617526684,18.76041333203007,-0.14813889034954508,-0.00924726472892874,1.091327913478403,-0.04749774620075602,0.01359151440006817,0.4234985411167145,-0.12365257740020752,0.04251612722873688,0.4234985411167145,-0.12365257740020752,0.04251612722873688,1.1540991246700287,-0.04327840209007263,0.01062903180718422,0.20387287645219315,0.19999999999998863,6.682442228411951,none,0.21387774485914335,0.0,-0.009999999999999431,-4.868406950773452e-06
R05_crossing,189,38.79999999999993,49.842008189740575,59.33385837236726,18.762155578188413,-0.1575217582259796,-0.006646569135162434,1.1068134364176156,-0.04641271176328997,0.012497869694431004,0.4356285333633423,-0.1262907236814499,0.04107746481895447,0.4356285333633423,-0.1262907236814499,0.04107746481895447,1.1613771200180054,-0.04420175328850746,0.010269366204738617,0.20741384549189468,0.19999999999998863,6.562875765996527,none,0.21741696881743877,0.0,-0.009999999999999431,-3.123325544676092e-06
R05_crossing,190,38.99999999999992,50.06190987907774,59.29788896500547,18.763363113861903,-0.1666890601784878,-0.004223213273734683,1.1208088808276755,-0.04534107702431398,0.01178910836215282,0.45020371675491333,-0.12330692261457443,0.04137950390577316,0.45020371675491333,-0.12330692261457443,0.04137950390577316,1.170122230052948,-0.04315742291510105,0.01034487597644329,0.21056281063419352,0.19999999999998863,6.446832570909816,none,0.22056723923953925,0.0,-0.009999999999999431,-4.428605346291637e-06
R05_crossing,191,39.19999999999991,50.284127410117826,59.259447270616015,18.764058113075478,-0.17595581233394145,-0.0019869244035330843,1.1337800424211522,-0.04718729483178438,0.01065895979772256,0.465807169675827,-0.14556944370269775,0.033424291759729385,0.465807169675827,-0.14556944370269775,0.033424291759729385,1.1794843018054961,-0.050949305295944214,0.008356072939932346,0.21344289405761904,0.19999999999998863,6.334809799926489,none,0.22345894151738932,0.0,-0.009999999999999431,-1.6047459770857363e-05
R05_crossing,192,39.3999999999999,50.50837453798675,59.2184703277615,18.764279788923005,-0.18556271156492818,-1.8159897404049523e-05,1.145290635539144,-0.04876294081637471,0.009142947338031972,0.4764142334461212,-0.14849603176116943,0.02421516552567482,0.4764142334461212,-0.14849603176116943,0.02421516552567482,1.1858485400676726,-0.0519736111164093,0.006053791381418705,0.21609744929528096,0.19999999999998863,6.227217744066712,none,0.2261015669497901,0.0,-0.009999999999999431,-4.117654509716573e-06
R05_crossing,193,39.59999999999989,50.734341144106644,59.17490456983616,18.76409803106668,-0.19536032291716682,0.0014798664806151716,1.1555173656899256,-0.04918161702098936,0.006069000269431109,0.4859192371368408,-0.1429564207792282,-0.0007789431256242096,0.4859192371368408,-0.1429564207792282,-0.0007789431256242096,1.1915515422821044,-0.05003474727272987,-0.0001947357814060524,0.21845619767055038,0.19999999999998863,6.124458886187558,none,0.2284711124275951,0.0,-0.009999999999999431,-1.4914757045295562e-05
R05_crossing,194,39.799999999999876,50.961847814473735,59.128699832444205,18.76361749522495,-0.2054472336064912,0.002639380100518989,1.1655371014832547,-0.051511859188998144,0.005564184003303493,0.5014032125473022,-0.16074331104755402,0.018142109736800194,0.5014032125473022,-0.16074331104755402,0.018142109736800194,1.2008419275283813,-0.0562601588666439,0.0045355274342000484,0.22067457634518342,0.19999999999998863,6.0269333866158075,none,0.23069285900920988,0.0,-0.009999999999999431,-1.828266402703792e-05
R05_crossing,195,39.999999999999865,51.191052257251485,59.07968978891855,18.762861943716636,-0.2158960608231602,0.0038345555288745773,1.177766809981965,-0.05287376587712394,0.006329861089488205,0.5347642302513123,-0.15899686515331268,0.03156027942895889,0.5347642302513123,-0.15899686515331268,0.03156027942895889,1.2208585381507873,-0.05564890280365944,0.007890069857239723,0.22309387869452413,0.19999999999998863,5.934993037545787,none,0.23311979979159148,0.0,-0.009999999999999431,-2.592109706792696e-05
R05_crossing,196,40.199999999999854,51.422301935701796,59.02765803687101,18.76178364981806,-0.22685006247192463,0.00534734382178359,1.191913802551011,-0.056400444352780826,0.008625034308047737,0.5696018934249878,-0.18167629837989807,0.05320749804377556,0.5696018934249878,-0.18167629837989807,0.05320749804377556,1.2417611360549927,-0.06358670443296432,0.01330187451094389,0.22590090487708184,0.19999999999998863,5.849032901954427,none,0.23594483730789406,0.0,-0.009999999999999431,-4.3932430812785584e-05
R05_crossing,197,40.39999999999984,51.65584628750088,58.97231876855809,18.760272210068766,-0.23862538284046636,0.007335250958249673,1.2075250355148073,-0.061005663324483414,0.011069776490966172,0.6042194366455078,-0.2011132836341858,0.06420556455850601,0.6042194366455078,-0.2011132836341858,0.06420556455850601,1.2625316619873046,-0.07038964927196502,0.016051391139626503,0.2290587449623734,0.19999999999998863,5.769440913819892,none,0.2390926875256021,0.0,-0.009999999999999431,-3.39425632292481e-05
R05_crossing,198,40.59999999999983,51.89177543292354,58.91333796840261,18.758197956821547,-0.25154509007559367,0.009808748698720251,1.2237163460441929,-0.06768777715785203,0.013483293773286812,0.6346114873886108,-0.2322966307401657,0.07360512763261795,0.6346114873886108,-0.2322966307401657,0.07360512763261795,1.2807668924331665,-0.081303820759058,0.018401281908154488,0.23238545571438085,0.19999999999998863,5.696582593253639,none,0.24242514430780204,0.0,-0.009999999999999431,-3.968859342175168e-05
R05_crossing,199,40.79999999999982,52.130038267002675,58.850307521377594,18.755434564973505,-0.26597082921714554,0.012664739712990536,1.240270003161645,-0.07594710736645516,0.014964944168623952,0.6643288135528564,-0.2650772035121918,0.07193632423877716,0.6643288135528564,-0.2650772035121918,0.07193632423877716,1.2985972881317138,-0.09277702122926712,0.01798408105969429,0.23579077000119453,0.19999999999998863,5.6307537175211895,none,0.2458299794078016,0.0,-0.009999999999999431,-3.920940660763095e-05
R05_crossing,200,40.99999999999981,52.370440447148496,58.78276434617451,18.751873069779034,-0.28213352490568194,0.015955909450729402,1.2563576298690904,-0.08499770471122994,0.01773776528713273,0.6884047389030457,-0.29554277658462524,0.09355160593986511,0.6884047389030457,-0.29554277658462524,0.09355160593986511,1.3130428433418273,-0.10343997180461884,0.023387901484966278,0.23914821122069346,0.19999999999998863,5.572173751516511,none,0.24918771165523523,0.0,-0.009999999999999431,-3.950043454234109e-05
R05_crossing,201,41.1999999999998,52.61274179469518,58.71021525107891,18.747340179961757,-0.2999662155002334,0.020074902909406087,1.2726114740397296,-0.09274526640847965,0.02305166027914978,0.7164705991744995,-0.3100924491882324,0.13551881909370422,0.7164705991744995,-0.3100924491882324,0.13551881909370422,1.3298823595046998,-0.10853235721588134,0.033879704773426056,0.24240489957086686,0.19999999999998863,5.521037649818938,none,0.2524601122201773,0.0,-0.009999999999999431,-5.521264931097392e-05
R05_crossing,202,41.399999999999785,52.85675101435542,58.63221729020726,18.741548168893786,-0.31890771980769256,0.025363548871185866,1.2890310156428604,-0.0963947170525944,0.029359385214167952,0.7448095679283142,-0.2966604232788086,0.16885016858577728,0.7448095679283142,-0.2966604232788086,0.16885016858577728,1.3468857407569885,-0.103831148147583,0.04221254214644432,0.24562975080758578,0.19999999999998863,5.477631374693264,none,0.2556716407141657,0.0,-0.009999999999999431,-4.188990658047676e-05
R05_crossing,203,41.599999999999774,53.10229531530273,58.54847184033535,18.734156965231456,-0.33856311449050464,0.03177687825856894,1.3056113511240761,-0.09989538400964021,0.0343944175566885,0.7733877301216125,-0.3057961165904999,0.17861691117286682,0.7733877301216125,-0.3057961165904999,0.17861691117286682,1.3640326380729675,-0.10702864080667496,0.044654227793216705,0.24877090755436074,0.19999999999998863,5.442395328602894,none,0.25879081878450805,0.0,-0.009999999999999431,-1.9911230147884318e-05
R05_crossing,204,41.79999999999976,53.34925658956928,58.45869911351481,18.724820310274552,-0.35880608434625955,0.039553467290993724,1.3229950197086362,-0.10234935816703444,0.04274229226483775,0.8070781230926514,-0.30671367049217224,0.2390105277299881,0.8070781230926514,-0.30671367049217224,0.2390105277299881,1.3842468738555909,-0.10734978467226028,0.059752631932497025,0.2517639188146982,0.19999999999998863,5.41581631876651,none,0.26185958428278866,0.0,-0.009999999999999431,-9.566546809108179e-05
R05_crossing,205,41.99999999999975,53.59753423390796,58.36271330439907,18.71305971180287,-0.3788028665775239,0.04907146853555079,1.3406818687531292,-0.09795004128408039,0.051758190639371066,0.8383366465568542,-0.2542446255683899,0.2805190086364746,0.8383366465568542,-0.2542446255683899,0.2805190086364746,1.4030019879341125,-0.08898561894893646,0.07012975215911865,0.2547458969318774,0.19999999999998863,5.398499624096742,none,0.26485495793090763,0.0,-0.009999999999999431,-0.00010906099903080336
R05_crossing,206,42.19999999999974,53.84691663206406,58.260720147324626,18.69835427843737,-0.39719820491702285,0.06024382030822545,1.3569424834494765,-0.08684065791381733,0.0593901083642015,0.857062041759491,-0.18343780934810638,0.2997662127017975,0.857062041759491,-0.18343780934810638,0.2997662127017975,1.4142372250556945,-0.06420323327183723,0.07494155317544937,0.25743018812392066,0.19999999999998863,5.3913053974961045,none,0.2675448821341817,0.0,-0.009999999999999431,-0.00011469401026160231
R05_crossing,207,42.39999999999973,54.0971404156842,58.15335224344266,18.680235286538103,-0.41282259103464125,0.07289801625201706,1.3713088901419639,-0.07062535309057541,0.06660784894102714,0.8698822259902954,-0.1073819100856781,0.32526132464408875,0.8698822259902954,-0.1073819100856781,0.32526132464408875,1.4219293355941773,-0.03758366852998733,0.08131533116102219,0.2596160770606242,0.19999999999998863,5.391139328518896,none,0.26974805421400916,0.0,-0.009999999999999431,-0.00013197715338556738
R05_crossing,208,42.59999999999972,54.34806112605956,58.04150152831196,18.658279469410576,-0.42519371743028656,0.08677842393585625,1.384098796465872,-0.05431520876114162,0.07180455167408731,0.8819406628608704,-0.0602293461561203,0.32957518100738525,0.8819406628608704,-0.0602293461561203,0.32957518100738525,1.4291643977165223,-0.021080271154642102,0.08239379525184631,0.26144980831731274,0.19999999999998863,5.3953128918661335,none,0.2714975559081445,0.0,-0.009999999999999431,-4.774759083231661e-05
R05_crossing,209,42.799999999999706,54.59964690420266,57.926013051332724,18.63224956811172,-0.43518562201401606,0.10047943019763605,1.3958564174776096,-0.046214396450848884,0.06566802205305453,0.8954745531082153,-0.08487854897975922,0.21265482902526855,0.8954745531082153,-0.08487854897975922,0.21265482902526855,1.437284731864929,-0.029707492142915723,0.05316370725631714,0.2626317550238241,0.19999999999998863,5.41172071856238,none,0.27292097738567733,0.0,-0.009999999999999431,-0.00028922236185380257
R05_crossing,210,42.999999999999694,54.85175133041514,57.80741226788698,18.60237327165249,-0.44415959737349997,0.11291187460883043,1.4057626161335761,-0.04371382552957815,0.05914784846828329,0.9011123180389404,-0.11033842712640762,0.18344715237617493,0.9011123180389404,-0.11033842712640762,0.18344715237617493,1.4406673908233643,-0.03861844949424267,0.04586178809404373,0.2639958942326858,0.19999999999998863,5.441557578113169,none,0.27402655579596313,0.0,-0.009999999999999431,-3.0661563277886163e-05
R05_crossing,211,43.19999999999968,55.104177361095616,57.685982053951065,18.568986711005003,-0.452412568126276,0.12411555336920783,1.4148055611240524,-0.03915916724050249,0.05332761124209941,0.9111143946647644,-0.08536630868911743,0.16587120294570923,0.9111143946647644,-0.08536630868911743,0.16587120294570923,1.4466686367988586,-0.0298782080411911,0.04146780073642731,0.26482275719225495,0.19999999999998863,5.485283406723319,none,0.27484340843694355,0.0,-0.009999999999999431,-2.065124468914381e-05
R05_crossing,212,43.39999999999967,55.35676722251164,57.561990310539294,18.53238448728648,-0.46023051200651,0.1344766301682599,1.422378655243778,-0.03903000643044151,0.050496535341272415,0.9151044487953186,-0.1107623353600502,0.1789107769727707,0.9151044487953186,-0.1107623353600502,0.1789107769727707,1.449062669277191,-0.038766817376017566,0.04472769424319267,0.2653944536769797,0.19999999999998863,5.542974932967356,none,0.275411071860848,0.0,-0.009999999999999431,-1.6618183868853942e-05
R05_crossing,213,43.59999999999966,55.60925891481698,57.435539969163806,18.492733258028714,-0.46852843381554105,0.14449221371397306,1.4288938064161565,-0.043604436235574355,0.049717979946566224,0.9197502136230469,-0.15121623873710632,0.19252611696720123,0.9197502136230469,-0.15121623873710632,0.19252611696720123,1.451850128173828,-0.05292568355798721,0.04813152924180031,0.265633936606412,0.19999999999998863,5.61459424081373,none,0.2756708061846602,0.0,-0.009999999999999431,-3.68695782487738e-05
R05_crossing,214,43.79999999999965,55.861333409881674,57.30650018731013,18.450036678291283,-0.477989756900225,0.15498574309342325,1.43469567629879,-0.0504898406986832,0.054831878581312075,0.9252312183380127,-0.18434321880340576,0.2610095739364624,0.9252312183380127,-0.18434321880340576,0.2610095739364624,1.4551387310028077,-0.06452012658119201,0.0652523934841156,0.2655076585346996,0.19999999999998863,5.699821150218648,none,0.2756240069766882,0.0,-0.009999999999999431,-0.00011634844198918248
R05_crossing,215,43.99999999999964,56.11269254100674,57.17455404266659,18.40404378244383,-0.48917103374067755,0.16639174713503255,1.4409146162972593,-0.0605636623377359,0.05892003677121055,0.9380453824996948,-0.23168839514255524,0.26900166273117065,0.9380453824996948,-0.23168839514255524,0.26900166273117065,1.4628272294998168,-0.08109093829989433,0.06725041568279266,0.26527314794642004,0.19999999999998863,5.7980906058133,none,0.27532254078660046,0.0,-0.009999999999999431,-4.9392840181003984e-05
R05_crossing,216,44.199999999999626,56.36306281672115,57.03923186913784,18.354491892683665,-0.5021495127012353,0.1784625775429007,1.447623692198699,-0.06861434608970848,0.061587239833724355,0.9521055221557617,-0.24291172623634338,0.2680886387825012,0.9521055221557617,-0.24291172623634338,0.2680886387825012,1.471263313293457,-0.08501910418272018,0.0670221596956253,0.264816130895816,0.19999999999998863,5.908754917557143,none,0.2748226205818298,0.0,-0.009999999999999431,-6.489686014394813e-06
R05_crossing,217,44.399999999999615,56.612122157040936,56.90017499646633,18.301181358245792,-0.5164930790975615,0.191187208394997,1.4540023835558682,-0.07438628594653496,0.06537368386283104,0.9607964754104614,-0.24613623321056366,0.29235705733299255,0.9607964754104614,-0.24613623321056366,0.29235705733299255,1.4764778852462768,-0.08614768162369728,0.07308926433324814,0.26402422038451934,0.19999999999998863,6.031104530583198,none,0.27403771810957167,0.0,-0.009999999999999431,-1.349772505288005e-05
R05_crossing,218,44.5999999999996,56.85949666862423,56.757186874633426,18.24387673543124,-0.5318930983526682,0.2048802327128777,1.4599309328035581,-0.07924751507452815,0.07112321624361019,0.9680339097976685,-0.25472334027290344,0.3313558101654053,0.9680339097976685,-0.25472334027290344,0.3313558101654053,1.4808203458786011,-0.0891531690955162,0.08283895254135132,0.2628242613641464,0.19999999999998863,6.164442308356502,none,0.2728572017958797,0.0,-0.009999999999999431,-3.294043173385663e-05
R05_crossing,219,44.79999999999959,57.10478853831448,56.610159690962085,18.18227418665777,-0.5482274480545417,0.21961933967935687,1.4652769460154462,-0.08375616440372935,0.07590727800645262,0.973522961139679,-0.26555249094963074,0.3426227569580078,0.973522961139679,-0.26555249094963074,0.3426227569580078,1.4841137766838073,-0.09294337183237075,0.08565568923950195,0.2612094069743858,0.19999999999998863,6.308109605427688,none,0.2712148938599661,0.0,-0.009999999999999431,-5.486885580836542e-06
R05_crossing,220,44.99999999999958,57.34760575787351,56.4590404265773,18.11612035264275,-0.5652699908198302,0.2350819130090297,1.4700890913296076,-0.08646509106206388,0.07852142654364017,0.9784080386161804,-0.26281437277793884,0.33539295196533203,0.9784080386161804,-0.26281437277793884,0.33539295196533203,1.4870448231697082,-0.09198503047227859,0.08384823799133301,0.2590887259852157,0.19999999999998863,6.461472746513145,none,0.26909039861228123,0.0,-0.009999999999999431,-1.6726270661138188e-06
R05_crossing,221,45.19999999999957,57.587616389803834,56.30385517312816,18.04528332850084,-0.5827160675173748,0.2508175489757641,1.4743507664775548,-0.08788840085228519,0.07881296019126428,0.9822781682014465,-0.25939616560935974,0.31762805581092834,0.9822781682014465,-0.25939616560935974,0.31762805581092834,1.4893669009208679,-0.0907886579632759,0.07940701395273209,0.2565082495764632,0.19999999999998863,6.62390699208302,none,0.26651509464803524,0.0,-0.009999999999999431,-6.845071572616491e-06
R05_crossing,222,45.39999999999956,57.82455469459604,56.14471129926501,17.969758036526514,-0.6001534857948231,0.2665016539523705,1.4780052009064593,-0.08658408815545898,0.0780830992942952,0.9848028421401978,-0.2397894561290741,0.30638349056243896,0.9848028421401978,-0.2397894561290741,0.30638349056243896,1.4908817052841186,-0.08392630964517593,0.07659587264060974,0.2535186566729101,0.19999999999998863,6.794837111673434,none,0.26352900141856495,0.0,-0.009999999999999431,-1.0344745655377353e-05
R05_crossing,223,45.59999999999955,58.0582424700405,55.98181497376788,17.889620860486875,-0.6173063092074362,0.28186607381098644,1.4810835336289605,-0.08505908562783276,0.07573786028888586,0.9865502119064331,-0.23414745926856995,0.2838360071182251,0.9865502119064331,-0.23414745926856995,0.2838360071182251,1.4919301271438599,-0.08195161074399948,0.07095900177955627,0.2501769112654535,0.19999999999998863,6.973738195089544,none,0.26018777675423976,0.0,-0.009999999999999431,-1.0865488786819811e-05
R05_crossing,224,45.799999999999535,58.2885524509322,55.81538318431725,17.80505336086939,-0.6341719780146231,0.2964638498065797,1.4835458551872824,-0.08370003433319159,0.07062523868376583,0.9870365262031555,-0.23123061656951904,0.24082930386066437,0.9870365262031555,-0.23123061656951904,0.24082930386066437,1.4922219157218932,-0.08093071579933166,0.06020732596516609,0.24650393509329363,0.19999999999998863,7.160163994970285,none,0.25654110151325327,0.0,-0.009999999999999431,-3.7166419960201756e-05
R05_crossing,225,45.999999999999524,58.51541688169473,55.64561100441468,17.716392238214517,-0.6506066716103388,0.3097157660334274,1.4854350784450165,-0.08086088845235663,0.06250588074598529,0.9868196845054626,-0.21450172364711761,0.18384474515914917,0.9868196845054626,-0.21450172364711761,0.18384474515914917,1.4920918107032777,-0.07507560327649115,0.04596118628978729,0.24259326096807307,0.19999999999998863,7.353681022901471,none,0.25266380382425524,0.0,-0.009999999999999431,-7.054285618274925e-05
R05_crossing,226,46.19999999999951,58.738862931224844,55.4726891562447,17.624117843367657,-0.666547017800471,0.32128028375126716,1.4868247207428293,-0.07870505864762323,0.05379577810583035,0.9862019419670105,-0.2123204469680786,0.14418932795524597,0.9862019419670105,-0.2123204469680786,0.14418932795524597,1.4917211651802063,-0.0743121564388275,0.03604733198881149,0.23863228295466923,0.19999999999998863,7.553860727406418,none,0.24866383678841686,0.0,-0.009999999999999431,-3.155383374819909e-05
R05_crossing,227,46.3999999999995,58.958940612517225,55.29676158147166,17.528736525143305,-0.6821458182098399,0.33128642461436103,1.4877653113420977,-0.07738261798656605,0.04679340070465101,0.9851325154304504,-0.21339400112628937,0.13009904325008392,0.9851325154304504,-0.21339400112628937,0.13009904325008392,1.4910795092582703,-0.07468790039420127,0.03252476081252098,0.2345781008956551,0.19999999999998863,7.760322338636527,none,0.24458211754194892,0.0,-0.009999999999999431,-4.01664629440468e-06
R05_crossing,228,46.59999999999949,59.17569857641714,55.117962682036335,17.430679455490036,-0.6971499759830705,0.3400069227496875,1.488284223765709,-0.07299002974551684,0.04085886727622397,0.983521044254303,-0.18296948075294495,0.11506462842226028,0.983521044254303,-0.18296948075294495,0.11506462842226028,1.4901126265525817,-0.06403931826353072,0.02876615710556507,0.23039335511993736,0.19999999999998863,7.972691547439485,none,0.2404164407581071,0.0,-0.009999999999999431,-2.3085638170293743e-05
R05_crossing,229,46.79999999999948,59.389271031165784,54.936513206790444,17.330323977748886,-0.7111662017190993,0.34749129727857864,1.4884497810385253,-0.06757998356406296,0.034466659612437,0.9817218780517578,-0.1615886092185974,0.08576541393995285,0.9817218780517578,-0.1615886092185974,0.08576541393995285,1.4890331268310546,-0.05655601322650909,0.021441353484988213,0.2262014872840554,0.19999999999998863,8.190613227205109,none,0.2362278637367723,0.0,-0.009999999999999431,-2.6376452717458142e-05
R05_crossing,230,46.99999999999947,59.5998488342453,54.752648535807516,17.22807436149599,-0.7242382919765142,0.35348440648737217,1.488228268447651,-0.063452042513516,0.02609537721880052,0.9790796041488647,-0.15725885331630707,0.03614936023950577,0.9790796041488647,-0.15725885331630707,0.03614936023950577,1.4874477624893188,-0.05504059866070747,0.009037340059876442,0.22202898037480578,0.19999999999998863,8.413834212499971,none,0.23207872999845236,0.0,-0.009999999999999431,-4.974962364713953e-05
R05_crossing,231,47.199999999999456,59.80762210132047,54.5665210629644,17.12442516815566,-0.7366803715731978,0.3576671557653665,1.4876578184238018,-0.06114280129223684,0.01645845198510796,0.9760797023773193,-0.16124941408634186,-0.012714266777038574,0.9760797023773193,-0.16124941408634186,-0.012714266777038574,1.4856478214263915,-0.05643729493021964,-0.0031785666942596436,0.21796053145448088,0.19999999999998863,8.64214249032299,none,0.22800878301510252,0.0,-0.009999999999999431,-4.8251560622204485e-05
R05_crossing,232,47.399999999999444,60.01274610807045,54.3781821523951,17.019911589857983,-0.7488191984743914,0.36011780146219347,1.486797322363942,-0.060308359700981376,0.0086374732607312,0.9729422330856323,-0.16745151579380035,-0.02919687330722809,0.9729422330856323,-0.16745151579380035,-0.02919687330722809,1.4837653398513795,-0.05860803052783012,-0.007299218326807022,0.21401654865357003,0.19999999999998863,8.875294662737753,none,0.22402294837551295,0.0,-0.009999999999999431,-6.399721943499692e-06
R05_crossing,233,47.59999999999943,60.21530474691385,54.18764090022157,16.914964945262504,-0.760843997040135,0.3614494765331262,1.4856409004160787,-0.05996546962983121,0.004956698002714193,0.969277024269104,-0.16933362185955048,-0.010174251161515713,0.969277024269104,-0.16933362185955048,-0.010174251161515713,1.4815662145614623,-0.05926676765084266,-0.002543562790378928,0.2100482802693187,0.19999999999998863,9.113007386250752,none,0.22005585699396235,0.0,-0.009999999999999431,-7.576724644200745e-06
R05_crossing,234,47.79999999999942,60.41530872959803,53.99493845706256,16.809809862809175,-0.7727390082708792,0.3624182080347395,1.4841799405316785,-0.059053386511795265,0.004746462493608147,0.9650536775588989,-0.1634138524532318,0.01727227494120598,0.9650536775588989,-0.1634138524532318,0.01727227494120598,1.4790322065353394,-0.05719484835863113,0.004318068735301495,0.2059889863049245,0.19999999999998863,9.354971200160234,none,0.21600511014737123,0.0,-0.009999999999999431,-1.612384244731939e-05
R05_crossing,235,47.99999999999941,60.61274418435224,53.80016298434895,16.704492099927553,-0.7844673489887652,0.36344665025609835,1.4825595603415462,-0.05828772842578487,0.0054824855571179625,0.9614168405532837,-0.16207873821258545,0.027929075062274933,0.9614168405532837,-0.16207873821258545,0.027929075062274933,1.4768501043319702,-0.0567275583744049,0.006982268765568733,0.2018089774197769,0.19999999999998863,9.600878162032215,none,0.21181154894982157,0.0,-0.009999999999999431,-2.5715300452280877e-06
R05_crossing,236,48.1999999999994,60.80759431631689,53.60339587748015,16.598990902031993,-0.7961201008545554,0.3645707589524045,1.4808822107846793,-0.058243150106382695,0.005739249101152058,0.958286702632904,-0.16614946722984314,0.025049809366464615,0.958286702632904,-0.16614946722984314,0.025049809366464615,1.4749720215797424,-0.058152313530445095,0.006262452341616154,0.19746128713310615,0.19999999999998863,9.850457808158442,none,0.20746198030848717,0.0,-0.009999999999999431,-6.931753815922481e-07
R05_crossing,237,48.39999999999939,60.9998381754698,53.40469885259836,16.493302441407646,-0.8076470302275354,0.36567054992852105,1.4790851421772346,-0.05711144072060276,0.005292343963713455,0.9545885324478149,-0.15658678114414215,0.017526768147945404,0.9545885324478149,-0.15658678114414215,0.017526768147945404,1.472753119468689,-0.05480537340044975,0.004381692036986351,0.19295365295726025,0.19999999999998863,10.1034693073412,none,0.20295688730880102,0.0,-0.009999999999999431,-3.234351541341607e-06
R05_crossing,238,48.599999999999376,61.18948336097262,53.20416593312357,16.38746187763359,-0.8188809161830599,0.36665910878597424,1.477050687016919,-0.0553594654590096,0.004642242825931694,0.9498037099838257,-0.14796997606754303,0.013270165771245956,0.9498037099838257,-0.14796997606754303,0.013270165771245956,1.4698822259902955,-0.051789491623640056,0.003317541442811489,0.18832173739168062,0.19999999999998863,10.359678485381327,none,0.1983240426420707,0.0,-0.009999999999999431,-2.3052503906664803e-06
R05_crossing,239,48.799999999999365,61.3765569499184,53.00192155684007,16.281523698731746,-0.8297397849612238,0.36751754657899705,1.4747182130715608,-0.05337852601030603,0.0039912039935823245,0.9441661238670349,-0.14097712934017181,0.010658367536962032,0.9441661238670349,-0.14097712934017181,0.010658367536962032,1.466499674320221,-0.049341995269060135,0.002664591884240508,0.18358036228375435,0.19999999999998863,10.618873110934572,none,0.19358211235920564,0.0,-0.009999999999999431,-1.7500754518669399e-06
R05_crossing,240,48.99999999999935,61.56109567833596,52.79810857316283,16.175555768693272,-0.8401459568424621,0.36817199523081157,1.4720028279145339,-0.05087210231227905,0.0026540630290265194,0.9373918175697327,-0.13075657188892365,-0.0002824366092681885,0.9373918175697327,-0.13075657188892365,-0.0002824366092681885,1.4624350905418395,-0.045764800161123276,-7.060915231704712e-05,0.17873798395118567,0.19999999999998863,10.880855778879598,none,0.18874338499550092,0.0,-0.009999999999999431,-5.401044315802035e-06
R05_crossing,241,49.19999999999934,61.743157173610435,52.59288187417309,16.069659619021994,-0.8500414950734432,0.36851610938680496,1.4688748286859232,-0.048278741937419684,0.000917931045179083,0.9297553896903992,-0.12284082919359207,-0.010479036718606949,0.9297553896903992,-0.12284082919359207,-0.010479036718606949,1.4578532338142396,-0.04299429021775722,-0.002619759179651737,0.17383356835879374,0.19999999999998863,11.14543526772135,none,0.18383806725213248,0.0,-0.009999999999999431,-4.498893339294485e-06
R05_crossing,242,49.39999999999933,61.922815813738,52.38639511911616,15.963956848356796,-0.8593763747661453,0.36851104804243984,1.465359313023886,-0.04529494424554087,-0.0008363258940932721,0.9216204881668091,-0.11204258352518082,-0.017643796280026436,0.9216204881668091,-0.11204258352518082,-0.017643796280026436,1.4529722929000854,-0.03921490423381328,-0.004410949070006609,0.16888891047566182,0.19999999999998863,11.412429793628352,none,0.178893592725899,0.0,-0.009999999999999431,-4.682250237736454e-06
R05_crossing,243,49.59999999999932,62.10016009432354,52.178801712162795,15.85855704610873,-0.8681729048405835,0.3682887810610687,1.461518949369129,-0.04285430762748148,-0.001347794461061645,0.9133121967315674,-0.10823159664869308,-0.009560025297105312,0.9133121967315674,-0.10823159664869308,-0.009560025297105312,1.4479873180389404,-0.037881058827042575,-0.002390006324276328,0.16392592253288324,0.19999999999998863,11.681668778118595,none,0.17392890050649967,0.0,-0.009999999999999431,-2.9779736169997967e-06
R05_crossing,244,49.79999999999931,62.2752355434446,51.97027012158558,15.753525722984548,-0.876547479470206,0.3680305784442082,1.457060635794864,-0.04102901149738506,-0.0012421910515229612,0.902252733707428,-0.10659895092248917,-0.00410801824182272,0.902252733707428,-0.10659895092248917,-0.00410801824182272,1.4413516402244568,-0.037309632822871204,-0.00102700456045568,0.15889569250766045,0.19999999999998863,11.952999547150272,none,0.1688987865403675,0.0,-0.009999999999999431,-3.0940327076089956e-06
R05_crossing,245,49.9999999999993,62.448044829454844,51.76098954361396,15.648907923533145,-0.8844876790680727,0.3678036368233713,1.4519043414236743,-0.038559139113728304,-0.0010422916064232104,0.8895599842071533,-0.09578947722911835,-0.0025398379657417536,0.8895599842071533,-0.09578947722911835,-0.0025398379657417536,1.433735990524292,-0.03352631703019142,-0.0006349594914354384,0.15375748546509876,0.19999999999998863,12.226240920993698,none,0.16376309366111386,0.0,-0.009999999999999431,-5.608196015653755e-06
R05_crossing,246,50.199999999999285,62.61862702611269,51.551172006823585,15.544727011553896,-0.8916936773940257,0.3677299038646259,1.446218344045861,-0.03385536803989224,0.0002105362085660254,0.8769726157188416,-0.06934446841478348,0.011053618974983692,0.8769726157188416,-0.06934446841478348,0.011053618974983692,1.426183569431305,-0.024270563945174215,0.002763404743745923,0.14853801327796734,0.19999999999998863,12.501174390043136,none,0.15855886452613177,0.0,-0.009999999999999431,-2.0851248165002996e-05
R05_crossing,247,50.399999999999274,62.7870436705664,51.341130423596724,15.440985611032268,-0.8980540571088681,0.36792254816089853,1.4393126722750824,-0.03003627471500097,0.0016103989039341184,0.8583005666732788,-0.06358332931995392,0.017851512879133224,0.8583005666732788,-0.06358332931995392,0.017851512879133224,1.4149803400039673,-0.02225416526198387,0.004462878219783306,0.1432964759067994,0.19999999999998863,12.777614392300134,none,0.15330503685681407,0.0,-0.009999999999999431,-8.560950015238951e-06
R05_crossing,248,50.59999999999926,62.95330138357519,51.13120589521427,15.33770156682029,-0.9037680705983634,0.3683364192844782,1.431219926828977,-0.027309386157903716,0.0024639779573409435,0.8378415107727051,-0.062150988727808,0.016813213005661964,0.8378415107727051,-0.062150988727808,0.016813213005661964,1.402704906463623,-0.021752846054732797,0.004203303251415491,0.13795715165141995,0.19999999999998863,13.055367125700146,none,0.14796558570411023,0.0,-0.009999999999999431,-8.434052690839203e-06
R05_crossing,249,50.79999999999925,63.11738185229484,50.92168727919129,15.234910412874873,-0.9090150395110836,0.36889154018322545,1.4220459129108467,-0.02531092711154076,0.003043548700854419,0.8162016868591309,-0.060681991279125214,0.016898125410079956,0.8162016868591309,-0.060681991279125214,0.016898125410079956,1.3897210121154786,-0.021238696947693824,0.004224531352519989,0.13253224837695146,0.19999999999998863,13.334169047613372,none,0.1425416573198035,0.0,-0.009999999999999431,-9.408942852623184e-06
R05_crossing,250,50.99999999999924,63.27924650044274,50.712827582341426,15.132660496783185,-0.9139166020377436,0.36955613126950654,1.4117698968361179,-0.023817274932028048,0.0035631962521868814,0.7926034331321716,-0.05935337767004967,0.01848829723894596,0.7926034331321716,-0.05935337767004967,0.01848829723894596,1.375562059879303,-0.020773682184517382,0.00462207430973649,0.1270244276592868,0.19999999999998863,13.613741699986731,none,0.1370356510880768,0.0,-0.009999999999999431,-1.1223428790589699e-05
R05_crossing,251,51.19999999999923,63.43882600471394,50.504882655606295,15.03101976107063,-0.9185226416285177,0.3702752566513602,1.4001411668386252,-0.0223534496920158,0.0036235115907160384,0.7652783393859863,-0.05534467101097107,0.014985661022365093,0.7652783393859863,-0.05534467101097107,0.014985661022365093,1.3591670036315917,-0.01937063485383987,0.0037464152555912733,0.12142463758119369,0.19999999999998863,13.893795838547183,none,0.13144013755994877,0.0,-0.009999999999999431,-1.5499978755641203e-05
R05_crossing,252,51.39999999999922,63.59609923934375,50.29808922310939,14.930046289512232,-0.922478945411003,0.37114784310135507,1.3878058494323242,-0.017570109186311994,0.004998704429595017,0.7405700087547302,-0.022351907566189766,0.031203657388687134,0.7405700087547302,-0.022351907566189766,0.031203657388687134,1.344342005252838,-0.007823167648166417,0.0078009143471717834,0.1157775111939773,0.19999999999998863,14.17400838311932,none,0.12581675214294563,0.0,-0.009999999999999431,-3.924094896889602e-05
R05_crossing,253,51.599999999999206,63.75111959517749,50.092789461437604,14.829763024638716,-0.9254087946660334,0.37231833272182213,1.3739352083801353,-0.012137816068070885,0.006586518037843964,0.7084360122680664,-0.0030528956558555365,0.039287928491830826,0.7084360122680664,-0.0030528956558555365,0.039287928491830826,1.3250616073608399,-0.0010685134795494376,0.009821982122957706,0.11021301820279221,0.19999999999998863,14.454109330498552,none,0.12024242622339543,0.0,-0.009999999999999431,-2.9408020603785385e-05
R05_crossing,254,51.799999999999194,63.90401388338301,49.88929558056339,14.730158319299079,-0.9272617680182315,0.37372778474305984,1.3599892254914872,-0.006794633856305974,0.007443417537505638,0.6847502589225769,0.011694539338350296,0.03675803542137146,0.6847502589225769,0.011694539338350296,0.03675803542137146,1.310850155353546,0.004093088768422603,0.009189508855342865,0.10478104896389813,0.19999999999998863,14.733861673695534,none,0.11479674700608555,0.0,-0.009999999999999431,-1.5698042187993043e-05
R05_crossing,255,51.99999999999918,64.05501109484412,49.68778137584234,14.631190496693051,-0.9279877061580015,0.3752446528268427,1.3462581179600128,-0.0009083942562959017,0.007705509399453235,0.6631269454956055,0.03167402371764183,0.03295828029513359,0.6631269454956055,0.03167402371764183,0.03295828029513359,1.2978761672973633,0.01108590830117464,0.008239570073783398,0.09956442048843035,0.19999999999998863,15.013109615067526,none,0.10958204420080264,0.0,-0.009999999999999431,-1.762371237285537e-05
R05_crossing,256,52.19999999999917,64.20437081977981,49.488403012054924,14.532837578375263,-0.927477100232067,0.3768004553570444,1.3326890317456814,0.005529247538948046,0.007842212565516081,0.6414632797241211,0.053277526050806046,0.03248308226466179,0.6414632797241211,0.053277526050806046,0.03248308226466179,1.2848779678344726,0.018647134117782113,0.008120770566165447,0.09462315524692243,0.19999999999998863,15.29184803790888,none,0.10464188027773957,0.0,-0.009999999999999431,-1.8725030817715595e-05
R05_crossing,257,52.39999999999916,64.3523982634439,49.29127662032443,14.435067194286649,-0.9256842104100967,0.37834917672683477,1.319893757294767,0.011918120423770157,0.007658823213875161,0.6246820688247681,0.07124751806259155,0.0291405338793993,0.6246820688247681,0.07124751806259155,0.0291405338793993,1.2748092412948608,0.024936631321907043,0.007285133469849825,0.0900094282572953,0.19999999999998863,15.570098148724929,none,0.10002174230293193,0.0,-0.009999999999999431,-1.2314045637200414e-05
R05_crossing,258,52.59999999999915,64.49944708266045,49.0964324051086,14.337825151333476,-0.922684002477837,0.37981278745981695,1.3082698741491052,0.017651809907837688,0.007025051574449308,0.6121879816055298,0.08381503820419312,0.022934498265385628,0.6121879816055298,0.08381503820419312,0.022934498265385628,1.2673127889633178,0.02933526337146759,0.005733624566346407,0.08575216361609392,0.19999999999998863,15.847939740522557,none,0.09575921480921323,0.0,-0.009999999999999431,-7.051193119878008e-06
R05_crossing,259,52.79999999999914,64.64591313308202,48.90376487532087,14.241021812529427,-0.9187757538293694,0.38114635070399866,1.2987843788975386,0.021165824776925624,0.006360656424229258,0.608936607837677,0.08093222975730896,0.020027313381433487,0.608936607837677,0.08093222975730896,0.020027313381433487,1.2653619647026062,0.028326280415058133,0.005006828345358372,0.08186981957609425,0.19999999999998863,16.125538785811536,none,0.09187036625089107,0.0,-0.009999999999999431,-5.466747973837533e-07
R05_crossing,260,52.999999999999126,64.79214864038825,48.713065478764946,14.144537274763938,-0.9143715607767335,0.3824506364629593,1.2911767890248955,0.022756236213510646,0.006659664857296434,0.6072853803634644,0.0742771252989769,0.029075799509882927,0.6072853803634644,0.0742771252989769,0.029075799509882927,1.2643712282180786,0.025996993854641912,0.007268949877470732,0.07828211347308194,0.19999999999998863,16.403172135976476,none,0.08828469131445615,0.0,-0.009999999999999431,-2.577841374792958e-06
R05_crossing,261,53.199999999999115,64.9383885735372,48.52412654813339,14.048236932244166,-0.9098496980996849,0.38386197963782753,1.2851112594979812,0.02248298550192845,0.007398110163729939,0.6062319874763489,0.06264624744653702,0.035611316561698914,0.6062319874763489,0.06264624744653702,0.035611316561698914,1.2637391924858092,0.021926186606287954,0.008902829140424728,0.07486768376768743,0.19999999999998863,16.681144242497655,none,0.08487126576647341,0.0,-0.009999999999999431,-3.5819987865515906e-06
R05_crossing,262,53.3999999999991,65.08478283339049,48.336716918354064,13.951972171966597,-0.9055230829659184,0.38544333381002904,1.280652088352634,0.020902302163516663,0.00834412991521605,0.6082334518432617,0.05051819235086441,0.041087280958890915,0.6082334518432617,0.05051819235086441,0.041087280958890915,1.264940071105957,0.01768136732280254,0.010271820239722729,0.07152421457971668,0.19999999999998863,16.959676586271254,none,0.08152783621503801,0.0,-0.009999999999999431,-3.6216353219001295e-06
R05_crossing,263,53.59999999999909,65.23142832440261,48.15057966771012,13.855586506382954,-0.9015989575370363,0.38722311399478176,1.2776572528366739,0.01851861124823629,0.009375906764591211,0.6118414402008057,0.03903257101774216,0.045913372188806534,0.6118414402008057,0.03903257101774216,0.045913372188806534,1.2671048641204834,0.013661399856209754,0.011478343047201633,0.06817974275743277,0.19999999999998863,17.23894701995777,none,0.07818310732211131,0.0,-0.009999999999999431,-3.3645646791102822e-06
R05_crossing,264,53.79999999999908,65.37833556114315,47.96552991357427,13.758965511339403,-0.8980509928923065,0.3891796461314655,1.2751240667977812,0.017070202009182987,0.010132397767856153,0.6103305220603943,0.040339428931474686,0.04669555276632309,0.6103305220603943,0.040339428931474686,0.04669555276632309,1.2661983132362364,0.01411880012601614,0.011673888191580772,0.06476616182964616,0.19999999999998863,17.519116462939657,none,0.07476625388079938,0.0,-0.009999999999999431,-9.205115379107288e-08
R05_crossing,265,53.99999999999907,65.525450171456,47.781512022117454,13.66206650864778,-0.8947635466181664,0.3912418349245068,1.2724472456000482,0.015892987553024637,0.010464462403772596,0.6050256490707397,0.0385548435151577,0.044564422219991684,0.6050256490707397,0.0385548435151577,0.044564422219991684,1.2630153894424438,0.013494195230305194,0.011141105554997921,0.06125297351100464,0.19999999999998863,17.800237981608458,none,0.07125369087380307,0.0,-0.009999999999999431,-7.173627990000875e-07
R05_crossing,266,54.19999999999906,65.67267229225057,47.598558125606836,13.564910635183606,-0.8916585886965585,0.39331225632871186,1.2690847837060284,0.01520820390397015,0.010255501082731948,0.5953950881958008,0.03946522995829582,0.039318814873695374,0.5953950881958008,0.03946522995829582,0.039318814873695374,1.2572370529174803,0.013812830485403537,0.009829703718423843,0.05763982206823003,0.19999999999998863,18.082233791797012,none,0.06764224392628293,0.0,-0.009999999999999431,-2.4218580534654533e-06
R05_crossing,267,54.39999999999905,65.81989968996206,47.416744562023084,13.467560530563423,-0.8885766198858115,0.39531786882422926,1.2650577971421249,0.01558321924404034,0.009832505136968938,0.5847809910774231,0.04670680686831474,0.035882290452718735,0.5847809910774231,0.04670680686831474,0.035882290452718735,1.2508685946464537,0.01634738240391016,0.008970572613179684,0.05395683024229593,0.19999999999998863,18.364930945359355,none,0.06396036842617292,0.0,-0.009999999999999431,-3.53818387756083e-06
R05_crossing,268,54.599999999999035,65.9670280146785,47.236204605780664,13.370113580799442,-0.8854455013591429,0.39720908565493435,1.2598153476477876,0.01571782106432794,0.009132428077512215,0.5689057111740112,0.045691706240177155,0.030823566019535065,0.5689057111740112,0.045691706240177155,0.030823566019535065,1.2413434267044068,0.015992097184062002,0.007705891504883766,0.05023524832038621,0.19999999999998863,18.64812302886508,none,0.0602408212330694,0.0,-0.009999999999999431,-5.572912683756148e-06
R05_crossing,269,54.799999999999024,66.11393373806601,47.057092551681635,13.272691062640279,-0.882272925172773,0.39897112237748195,1.253519402873907,0.015987606995416466,0.008533109848061805,0.5522257685661316,0.04724955931305885,0.029247552156448364,0.5522257685661316,0.04724955931305885,0.029247552156448364,1.231335461139679,0.016537345759570596,0.007311888039112091,0.04648936156666391,0.19999999999998863,18.93156439517346,none,0.056495024190889254,0.0,-0.009999999999999431,-5.66262422590974e-06
R05_crossing,270,54.99999999999901,66.2605106991578,46.87954458226867,13.17540121236836,-0.8790317458308373,0.40063148231572726,1.246289918702763,0.016393587607528428,0.008102913494663577,0.5346943736076355,0.04920242354273796,0.0289052352309227,0.5346943736076355,0.04920242354273796,0.0289052352309227,1.2208166241645813,0.017220848239958286,0.007226308807730675,0.04273934113447368,0.19999999999998863,19.214977614484948,none,0.05274556674784847,0.0,-0.009999999999999431,-6.225613375356875e-06
R05_crossing,271,55.199999999999,66.40664656543395,46.70371383940262,13.07834906435256,-0.8756708586771679,0.4022508986737738,1.2378795864035548,0.017157693183359794,0.008092067546458623,0.5137425661087036,0.05347057059407234,0.03227986767888069,0.5137425661087036,0.05347057059407234,0.03227986767888069,1.208245539665222,0.018714699707925317,0.008069966919720173,0.03899493600701057,0.19999999999998863,19.498114675130584,none,0.049004307676227654,0.0,-0.009999999999999431,-9.371669217658474e-06
R05_crossing,272,55.39999999999899,66.5521978777889,46.529820042444996,12.981648026526216,-0.872032898263998,0.40393572863191785,1.2278585864619684,0.019077234822306173,0.008709682321633114,0.48758217692375183,0.06568187475204468,0.03987274691462517,0.48758217692375183,0.06568187475204468,0.03987274691462517,1.1925493061542511,0.022988656163215635,0.009968186728656292,0.035261139602708574,0.19999999999998863,19.78071674141444,none,0.04527896227724071,0.0,-0.009999999999999431,-1.7822674532705085e-05
R05_crossing,273,55.59999999999898,66.69703182299942,46.35813609523812,12.885399864009113,-0.8678985593160836,0.4057607005028064,1.2163686846525736,0.02204265083097268,0.009481838840709918,0.4598061442375183,0.08024352788925171,0.044221002608537674,0.4598061442375183,0.08024352788925171,0.044221002608537674,1.1758836865425109,0.028085234761238097,0.011055250652134418,0.03158593286507764,0.19999999999998863,20.06246377356509,none,0.041605982006306164,0.0,-0.009999999999999431,-2.0049141229093738e-05
R05_crossing,274,55.79999999999897,66.84106354223277,46.18892253496678,12.789682258925694,-0.863235771534304,0.4077239984025152,1.2037365822481476,0.024407023856023117,0.010104230415001927,0.43204501271247864,0.08349963277578354,0.045489873737096786,0.43204501271247864,0.08349963277578354,0.045489873737096786,1.159227007627487,0.029224871471524236,0.011372468434274197,0.028018021458733854,0.19999999999998863,20.34301953727656,none,0.03803367931226376,0.0,-0.009999999999999431,-1.5657853530470778e-05
R05_crossing,275,55.999999999998956,66.98424149488723,46.022363117409085,12.694544645030325,-0.8581804133348306,0.40981163964349476,1.190487663110488,0.026024638307677588,0.010725366853202242,0.40634119510650635,0.08377379179000854,0.0479641892015934,0.40634119510650635,0.08377379179000854,0.0479641892015934,1.1438047170639039,0.02932082712650299,0.01199104730039835,0.024562411244820878,0.19999999999998863,20.62209920839368,none,0.03457574891761439,0.0,-0.009999999999999431,-1.333767279408038e-05
R05_crossing,276,56.199999999998944,67.12654413161984,45.858555010181895,12.600002467900932,-0.8528329796642999,0.41201984753759885,1.177031403583219,0.027349819316711994,0.011312462598135226,0.3826964795589447,0.08585748821496964,0.05003511533141136,0.3826964795589447,0.08585748821496964,0.05003511533141136,1.1296178877353669,0.03005012087523937,0.01250877883285284,0.02121927890391843,0.19999999999998863,20.89949509309067,none,0.031230632965900895,0.0,-0.009999999999999431,-1.1354061983033237e-05
R05_crossing,277,56.39999999999893,67.26798742369009,45.69752655774174,12.506042359113907,-0.8472241086445604,0.4143178952633392,1.1637843733188271,0.028641534150173103,0.011643094858808918,0.36184680461883545,0.08935326337814331,0.049267277121543884,0.36184680461883545,0.08935326337814331,0.049267277121543884,1.1171080827713011,0.03127364218235016,0.012316819280385971,0.017993955531729857,0.19999999999998863,21.175082707916687,none,0.028002905911021614,0.0,-0.009999999999999431,-8.950379292324285e-06
R05_crossing,278,56.59999999999892,67.40856149226805,45.53931854895704,12.412676801637836,-0.8414447290796625,0.41662902132489166,1.1500441961504708,0.029116465830580848,0.0114804261224828,0.33605048060417175,0.0859549343585968,0.044595833867788315,0.33605048060417175,0.0859549343585968,0.044595833867788315,1.101630288362503,0.030084227025508878,0.011148958466947079,0.01487528707558594,0.19999999999998863,21.448816062265248,none,0.024889263502682724,0.0,-0.009999999999999431,-1.3976427097353306e-05
R05_crossing,279,56.79999999999891,67.54811937660021,45.384128317688536,12.320020666956507,-0.8351423255287641,0.4190214814251765,1.1342432914694245,0.033571772576039806,0.012376628016305959,0.2976139187812805,0.12185795605182648,0.056811220943927765,0.2976139187812805,0.12185795605182648,0.056811220943927765,1.0785683512687683,0.042650284618139266,0.014202805235981941,0.011821765249374228,0.19999999999998863,21.72061639896681,none,0.021880077488031446,0.0,-0.009999999999999431,-5.831223865778751e-05
R05_crossing,280,56.9999999999989,67.68621475147862,45.23266655055361,12.228412198557608,-0.8275945537864682,0.4216650592250182,1.1118776904567067,0.041321822484297055,0.01394122600911365,0.22178642451763153,0.1631828099489212,0.0685175359249115,0.22178642451763153,0.1631828099489212,0.0685175359249115,1.0330718547105788,0.05711398348212242,0.017129383981227875,0.008872463470939035,0.19999999999998863,21.99018101340601,none,0.019024355275865545,0.0,-0.009999999999999431,-0.00015189180492707898
R05_crossing,281,57.19999999999889,67.8221805188607,45.08601570076741,12.138358700889345,-0.8184234038924723,0.42461976497251375,1.0827353552738552,0.04975413208322628,0.015489163218460613,0.13341917097568512,0.19124720990657806,0.07457348704338074,0.13341917097568512,0.19124720990657806,0.07457348704338074,0.9800515025854111,0.06693652346730232,0.018643371760845184,0.006231806099247628,0.19999999999998863,22.25661572778935,none,0.016404467230996644,0.0,-0.009999999999999431,-0.0001726611317495852
R05_crossing,282,57.399999999998876,67.95547249222554,44.94511743738645,12.05029605606657,-0.8074117496614963,0.4278421100218642,1.0489819736782797,0.05961890117836142,0.016647019483828653,0.05008494481444359,0.22777198255062103,0.07602546364068985,0.05008494481444359,0.22777198255062103,0.07602546364068985,0.9300509668886661,0.07972019389271735,0.019006365910172462,0.0039425307945361535,0.19999999999998863,22.518588672360043,none,0.014108146004588207,0.0,-0.009999999999999431,-0.0001656152100526223
R05_crossing,283,57.599999999998865,68.08581205955073,44.81064510239788,11.964514374950205,-0.7939939556843204,0.4312748390971789,1.0125907693730565,0.07351191980569759,0.017607853102942144,-0.026057802140712738,0.29091861844062805,0.07826291769742966,-0.026057802140712738,0.29091861844062805,0.07826291769742966,0.8843653187155722,0.10182151645421982,0.019565729424357414,0.002037235026868409,0.19999999999998863,22.774960486168855,none,0.012233039461643003,0.0,-0.009999999999999431,-0.00019580443477516224
R05_crossing,284,57.79999999999885,68.2127392884932,44.68354137953388,11.88145069250159,-0.7774139039795127,0.4351364472779763,0.9685278214799925,0.09097258446630306,0.020769904446072653,-0.14454872906208038,0.3615769147872925,0.10885267704725266,-0.14454872906208038,0.3615769147872925,0.10885267704725266,0.8132707625627518,0.12655192017555236,0.027213169261813164,0.00044349475968749196,0.19999999999998863,23.024990623296425,none,0.010842863319334484,0.0,-0.009999999999999431,-0.0003993685596475605
R05_crossing,285,57.99999999999884,68.33583218435456,44.56469914929895,11.801447960978305,-0.7574782873759485,0.43982470526864437,0.9224685449593142,0.10716328608793262,0.025738213315295713,-0.23303772509098053,0.4004423916339874,0.14344824850559235,-0.23303772509098053,0.4004423916339874,0.14344824850559235,0.7601773649454117,0.14015483707189558,0.03586206212639809,-0.00026756405713919206,0.19999999999998863,23.267596404796333,none,0.009943189568325295,0.0,-0.009999999999999431,-0.0002107536254650555
R05_crossing,286,58.19999999999883,68.45557597060316,44.45400794187881,11.724170956571257,-0.7338528624278619,0.44545898545751167,0.883898969000081,0.12755410451146182,0.030263515876441972,-0.25333672761917114,0.4831547737121582,0.1579386293888092,-0.25333672761917114,0.4831547737121582,0.1579386293888092,0.7479979634284972,0.16910417079925535,0.0394846573472023,-0.0006280715752300999,0.19999999999998863,23.501781192099614,none,0.009521195600585841,0.0,-0.009999999999999431,-0.00014926717581650983
R05_crossing,287,58.39999999999882,68.57269817682248,44.351201340444746,11.649159058514568,-0.7058833822064116,0.4518997862824354,0.8474182634542198,0.15041748171504565,0.03387248393732611,-0.3018709123134613,0.5628738403320312,0.16490569710731506,-0.3018709123134613,0.5628738403320312,0.16490569710731506,0.7188774526119233,0.19700584411621092,0.041226424276828766,-0.0005843397137381065,0.19999999999998863,23.72803164664931,none,0.009590845020246874,0.0,-0.009999999999999431,-0.00017518473398554947
R05_crossing,288,58.59999999999881,68.6876417807325,44.25630497605943,11.57615725298467,-0.6733310672636763,0.45912127494105526,0.8139337264942428,0.17337533132557753,0.038029116650737396,-0.3400833308696747,0.62901771068573,0.18599610030651093,-0.3400833308696747,0.62901771068573,0.18599610030651093,0.6959500014781952,0.22015619874000547,0.04649902507662773,-1.3675003198234314e-05,0.19999999999998863,23.94714804479967,none,0.010111925109288933,0.0,-0.009999999999999431,-0.00012560011248773594
R05_crossing,289,58.799999999998796,68.8012254099048,44.168992567917385,11.50461525305235,-0.6364063419402023,0.4674000910832673,0.788669668960379,0.19429518924567654,0.044287360075370215,-0.33391493558883667,0.6769236326217651,0.22815875709056854,-0.33391493558883667,0.6769236326217651,0.22815875709056854,0.699651038646698,0.2369232714176178,0.057039689272642136,0.0009483407098936961,0.19999999999998863,24.1594820906182,none,0.011030555031572575,0.0,-0.009999999999999431,-8.221432167944798e-05
R05_crossing,290,58.999999999998785,68.91465843679343,44.08858919955459,11.433639376908632,-0.596209947302025,0.47672885194088055,0.7732092985337666,0.2067314354898754,0.048669933331800495,-0.30210959911346436,0.6630645394325256,0.230400949716568,-0.30210959911346436,0.6630645394325256,0.230400949716568,0.7187342405319214,0.23207258880138396,0.057600237429142,0.002224633654622177,0.19999999999998863,24.36596912606424,none,0.012248807281023844,0.0,-0.009999999999999431,-2.4173626402235194e-05
R05_crossing,291,59.199999999998774,69.02875763221162,44.01460333681545,11.362540915555808,-0.5538506830988513,0.48687154259200127,0.761932398906101,0.2161512349205185,0.05247052225250915,-0.2963367998600006,0.672416627407074,0.24085970222949982,-0.2963367998600006,0.672416627407074,0.24085970222949982,0.7221979200839996,0.23534581959247589,0.060214925557374954,0.0035910785590098863,0.19999999999998863,24.56815392974006,none,0.013595682004305942,0.0,-0.009999999999999431,-4.60344529662482e-06
R05_crossing,292,59.39999999999876,69.14433334463352,43.94658853463832,11.290656641849289,-0.5095331682640287,0.497089991032648,0.7598131080222551,0.22626187318529092,0.04990716291165135,-0.24609045684337616,0.7053261995315552,0.1787353754043579,-0.24609045684337616,0.7053261995315552,0.1787353754043579,0.7523457258939743,0.24686416983604428,0.04468384385108948,0.004894939644182328,0.19999999999998863,24.76712022938075,none,0.015044282982330515,0.0,-0.009999999999999431,-0.00014934333814875522
R05_crossing,293,59.59999999999875,69.26229512237931,43.884172620160165,11.217419191877635,-0.4635369624322692,0.5064008854250682,0.7624790621190249,0.2331788514944587,0.043671745322127434,-0.21354562044143677,0.7064956426620483,0.12386371195316315,-0.21354562044143677,0.7064956426620483,0.12386371195316315,0.771872627735138,0.2472734749317169,0.030965927988290787,0.006616619113140692,0.19999999999998863,24.9639153892681,none,0.016698047781611436,0.0,-0.009999999999999431,-8.14286684713128e-05
R05_crossing,294,59.79999999999874,69.38279413478627,43.82742339012531,11.142812417625258,-0.4166327154924064,0.5144815434563125,0.7641957550071424,0.23567544899580598,0.037592991527419434,-0.21625904738903046,0.6878935098648071,0.10082562267780304,-0.21625904738903046,0.6878935098648071,0.10082562267780304,0.7702445715665818,0.24076272845268248,0.02520640566945076,0.008457626737492202,0.19999999999998863,25.159586311525167,none,0.018475309849248944,0.0,-0.009999999999999431,-1.768311175731174e-05
R05_crossing,295,59.99999999999873,69.50515543532441,43.77666470056514,11.06729085702917,-0.36988692034228743,0.5215872005643059,0.7609277117541027,0.2320553498893394,0.033753000241291665,-0.25097888708114624,0.6419392228126526,0.10371322929859161,-0.25097888708114624,0.6419392228126526,0.10371322929859161,0.7494126677513122,0.2246787279844284,0.025928307324647903,0.010108833123747298,0.19999999999998863,25.354185108062826,none,0.02017534516452102,0.0,-0.009999999999999431,-6.651204077428918e-05
R05_crossing,296,60.05989301092097,69.54200723057934,43.76270143393201,11.044584989501047,-0.3560519150162713,0.5235987755982988,0.7582265319763075,0.2302260515569933,0.03346504785392309,-0.29448744654655457,0.6163541078567505,0.12472900003194809,-0.29448744654655457,0.6163541078567505,0.12472900003194809,0.7233075320720672,0.21572393774986265,0.031182250007987022,0.0032951750687585414,0.05989301092224508,25.54685835608112,operational_boundary_failure,0.006349610724342369,0.0,-0.002994650546112254,-5.978510947157401e-05
