case_id,control_step,timestamp_s,north_m,east_m,down_m,yaw_rad,pitch_rad,surge_speed_mps,yaw_rate_rad_s,pitch_rate_rad_s,nominal_a0,nominal_a1,nominal_a2,executed_a0,executed_a1,executed_a2,surge_command_mps,yaw_rate_command_rad_s,pitch_rate_command_rad_s,reward,elapsed_s,minimum_clearance_m,failure_type,reward_progress,reward_goal,reward_time,reward_smoothness
R02_deeper_empty,0,1.0,20.289870481880357,50.0,12.07729879516809,0.0,-0.260602391747341,0.3,0.0,0.0,,,,,,,,,,,,,,,,,
R02_deeper_empty,1,1.2000000000000002,20.357551696949926,50.00022672319883,12.095163301518038,0.009983787365257742,-0.25327362475186455,0.4000000000000001,0.09813391987979413,0.06830624855795145,0.8924734592437744,0.9100427031517029,0.8296378254890442,0.8924734592437744,0.9100427031517029,0.8296378254890442,1.4354840755462646,0.318514946103096,0.20740945637226105,-0.04195967859962353,0.20000000000000018,,none,0.0699989701400554,0.0,-0.010000000000000009,-0.10195864873967893
R02_deeper_empty,2,1.4000000000000004,20.44485909954694,50.00217559063457,12.116910844053692,0.03594621707086388,-0.23334412020471554,0.5000000000000001,0.1570498733901059,0.12659552580627426,0.9693922400474548,0.7917200922966003,0.9814828634262085,0.9693922400474548,0.7917200922966003,0.9814828634262085,1.4816353440284729,0.2771020323038101,0.24537071585655212,0.07910345915166331,0.20000000000000018,,none,0.08996293224418395,0.0,-0.010000000000000009,-0.0008594730925206306
R02_deeper_empty,3,1.6000000000000005,20.552070943820496,50.00790577488907,12.140803227855503,0.07113194961526158,-0.20399088662649117,0.6000000000000002,0.1921611129407453,0.1641093850734706,0.9678648710250854,0.7534478902816772,0.9622032642364502,0.9678648710250854,0.7534478902816772,0.9622032642364502,1.4807189226150512,0.263706761598587,0.24055081605911255,0.09971046941900012,0.20000000000000018,,none,0.10974724536396252,0.0,-0.010000000000000009,-3.6775944962386124e-05
R02_deeper_empty,4,1.8000000000000007,20.679267568319,50.0196069142566,12.164892762834507,0.11224317863385017,-0.16881040458053562,0.7000000000000003,0.21707352519432435,0.18604234507480594,0.9641714096069336,0.7652490735054016,0.9229392409324646,0.9641714096069336,0.7652490735054016,0.9229392409324646,1.4785028457641602,0.26783717572689053,0.23073481023311615,0.11907058783176111,0.20000000000000018,,none,0.12910447929393598,0.0,-0.010000000000000009,-3.3891462174864275e-05
R02_deeper_empty,5,2.000000000000001,20.826218310242623,50.03960092475099,12.187243980154813,0.15805967330957413,-0.13087154027750153,0.8000000000000004,0.23940806418607707,0.19283438122589416,0.9503175616264343,0.8140537738800049,0.8266976475715637,0.9503175616264343,0.8140537738800049,0.8266976475715637,1.4701905369758606,0.2849188208580017,0.20667441189289093,0.13749528463609023,0.20000000000000018,,none,0.14773201007959358,0.0,-0.010000000000000009,-0.00023672544350333168
R02_deeper_empty,6,2.2,20.99232130901818,50.07034488827285,12.206105063877336,0.20762068323828126,-0.09215309626808067,0.9000000000000005,0.25502498552128977,0.19424382861812423,0.8940584063529968,0.8195638656616211,0.7884633541107178,0.8940584063529968,0.8195638656616211,0.7884633541107178,1.436435043811798,0.2868473529815674,0.19711583852767944,0.15521564432796192,0.1999999999999993,,none,0.16530879062516135,0.0,-0.009999999999999966,-9.314629719945345e-05
R02_deeper_empty,7,2.3999999999999995,21.1766193578755,50.11429131917689,12.219850001649366,0.2602105624305255,-0.05330939927215099,0.9990144523093482,0.26976300014514787,0.1941966938921645,0.7860429883003235,0.8565555214881897,0.7764025926589966,0.7860429883003235,0.8565555214881897,0.7764025926589966,1.371625792980194,0.29979443252086635,0.19410064816474915,0.17124497420934856,0.1999999999999993,,none,0.18150859771144212,0.0,-0.009999999999999966,-0.00026362350209360844
R02_deeper_empty,8,2.5999999999999988,21.37380965020123,50.17269793300477,12.226791786554955,0.31578626283458594,-0.014519561252914835,1.0564082604384537,0.2848564113487458,0.19373638020797074,0.5977283120155334,0.9017486572265625,0.7711936235427856,0.5977283120155334,0.9017486572265625,0.7711936235427856,1.25863698720932,0.31561203002929683,0.1927984058856964,0.18134961264138863,0.1999999999999993,,none,0.1921002520450159,0.0,-0.009999999999999966,-0.0007506394036273179
R02_deeper_empty,9,2.799999999999998,21.575357570793138,50.24509735993286,12.225723004119596,0.37421239084245417,0.024402716840689658,1.0842894795069506,0.2983852018665939,0.1953637459415381,0.47088292241096497,0.9312931895256042,0.7947192192077637,0.47088292241096497,0.9312931895256042,0.7947192192077637,1.1825297534465788,0.32595261633396144,0.19867980480194092,0.1837245581150139,0.1999999999999993,,none,0.1940748798330958,0.0,-0.009999999999999966,-0.0003503217180819185
R02_deeper_empty,10,2.9999999999999973,21.775290669969145,50.33067661623415,12.216154607474717,0.4350074376644749,0.06347455550697659,1.0926531763401017,0.30878168215710744,0.19535527888461432,0.3702048361301422,0.942761242389679,0.7813521027565002,0.3702048361301422,0.942761242389679,0.7813521027565002,1.1221229016780854,0.3299664348363876,0.19533802568912506,0.17987735774657632,0.1999999999999993,,none,0.19008628320849397,0.0,-0.009999999999999966,-0.0002089254619176728
R02_deeper_empty,11,3.1999999999999966,21.969867653614994,50.428559994547165,12.198075013047657,0.4974327257972718,0.10190419507813529,1.0933644014106243,0.31500234679346056,0.18939067022874712,0.3264507055282593,0.9362231492996216,0.708946704864502,0.3264507055282593,0.9362231492996216,0.708946704864502,1.0958704233169556,0.32767810225486754,0.1772366762161255,0.17226510800983263,0.1999999999999993,,none,0.1824091022548302,0.0,-0.009999999999999966,-0.0001439942449975895
R02_deeper_empty,12,3.399999999999996,22.15770319272678,50.538344236043365,12.171781863105734,0.5603970792985026,0.13791627803429085,1.0983328828340575,0.31466650096653603,0.17203803027163614,0.359732449054718,0.8970918655395508,0.546715259552002,0.359732449054718,0.8970918655395508,0.546715259552002,1.1158394694328309,0.31398215293884274,0.1366788148880005,0.1628129276447714,0.1999999999999993,,none,0.17339208711815246,0.0,-0.009999999999999966,-0.0005791594733810968
R02_deeper_empty,13,3.599999999999995,22.340237117237535,50.660955492729705,12.137619728848483,0.6218869937210708,0.16901184060135127,1.1260578178183183,0.3012442781032263,0.14123892810485397,0.5395790338516235,0.7825543284416199,0.3139202296733856,0.5395790338516235,0.7825543284416199,0.3139202296733856,1.2237474203109742,0.27389401495456694,0.0784800574183464,0.1537599845527318,0.1999999999999993,,none,0.16575312790080687,0.0,-0.009999999999999966,-0.001993143348075126
R02_deeper_empty,14,3.7999999999999945,22.519580059053858,50.79746171488957,12.096304875062733,0.6773947476221447,0.1913538062095292,1.163864819270844,0.257156186625694,0.08631997711525326,0.6617981195449829,0.4780529737472534,-0.10235019773244858,0.6617981195449829,0.4780529737472534,-0.10235019773244858,1.2970788717269897,0.16731854081153869,-0.025587549433112144,0.1445984820517989,0.1999999999999993,,none,0.16021727502482008,0.0,-0.009999999999999966,-0.005618792973021219
R02_deeper_empty,15,3.999999999999994,22.697172335304767,50.947100929481934,12.049821890526914,0.7194181647525111,0.2008456394259474,1.202831920845463,0.1689596699437572,0.012433435504423392,0.7335560321807861,-0.03443143889307976,-0.5671316385269165,0.7335560321807861,-0.03443143889307976,-0.5671316385269165,1.3401336193084716,-0.012051003612577915,-0.14178290963172913,0.13681043303012758,0.1999999999999993,,none,0.15648665820877028,0.0,-0.009999999999999966,-0.009676225178642727
R02_deeper_empty,16,4.199999999999993,22.87454449044274,51.106896331108054,12.001465603911877,0.7437312783444204,0.19643984372024392,1.2317172286697917,0.07987161228064533,-0.051660614878374325,0.7224923968315125,-0.29626473784446716,-0.7290564179420471,0.7224923968315125,-0.29626473784446716,-0.7290564179420471,1.3334954380989075,-0.10369265824556351,-0.18226410448551178,0.14315041963166886,0.1999999999999993,,none,0.15504839392477976,0.0,-0.009999999999999966,-0.0018979742931109404
R02_deeper_empty,17,4.399999999999992,23.054208774649002,51.27442131077171,11.954170517472194,0.755702675426705,0.18290308864896074,1.2682104569568537,0.04264791397202764,-0.0814608852247758,0.82799232006073,-0.09486360102891922,-0.568737804889679,0.82799232006073,-0.09486360102891922,-0.568737804889679,1.396795392036438,-0.03320226036012172,-0.14218445122241974,0.1452316116370607,0.1999999999999993,,none,0.15677950582512068,0.0,-0.009999999999999966,-0.001547894188060016
R02_deeper_empty,18,4.599999999999992,23.238136827361505,51.44826177178546,11.909242582431398,0.7557419124346553,0.1695748354559447,1.3006609021332003,-0.03630486195427328,-0.05389899061759903,0.8583349585533142,-0.5633878707885742,0.009053882211446762,0.8583349585533142,-0.5633878707885742,0.009053882211446762,1.4150009751319885,-0.19718575477600098,0.0022634705528616905,0.13964174466323787,0.1999999999999993,,none,0.16072732267819134,0.0,-0.009999999999999966,-0.011085578014953497
R02_deeper_empty,19,4.799999999999991,23.427968619300653,51.62508119550714,11.865819917264952,0.7418177459062684,0.1639250997764052,1.3283946169026828,-0.09826672863504839,-0.006193905240079789,0.8768585920333862,-0.6415014266967773,0.36405614018440247,0.8768585920333862,-0.6415014266967773,0.36405614018440247,1.4261151552200317,-0.22452549934387206,0.09101403504610062,0.1533999698168685,0.1999999999999993,,none,0.16604939893246495,0.0,-0.009999999999999966,-0.0026494291155965
R02_deeper_empty,20,4.99999999999999,23.62430069609311,51.80105766301543,11.822119322273135,0.7184926348117376,0.16559631652338352,1.343473952080663,-0.1324109290724821,0.020866524291628875,0.8276773691177368,-0.5771030187606812,0.30402863025665283,0.8276773691177368,-0.5771030187606812,0.30402863025665283,1.3966064214706422,-0.2019860565662384,0.07600715756416321,0.16133134784536837,0.1999999999999993,,none,0.1715347328369745,0.0,-0.009999999999999966,-0.00020338499160617475
R02_deeper_empty,21,5.1999999999999895,23.82549992277503,51.97240149460074,11.777261471707764,0.6925245957716666,0.17116477364940041,1.3374069467664003,-0.12762981460489622,0.03384021784246301,0.6933827996253967,-0.33682116866111755,0.2411060780286789,0.6933827996253967,-0.33682116866111755,0.2411060780286789,1.316029679775238,-0.11788740903139114,0.060276519507169724,0.16373120061703855,0.1999999999999993,,none,0.1753257935462642,0.0,-0.009999999999999966,-0.0015945929292256844
R02_deeper_empty,22,5.399999999999989,24.027989016574093,52.136660743363976,11.73111787390212,0.6723525914687666,0.17985058551446612,1.3117203704559257,-0.07784269100313983,0.0516737825059245,0.5353549718856812,0.06745082139968872,0.35205188393592834,0.5353549718856812,0.06745082139968872,0.35205188393592834,1.2212129831314087,0.02360778748989105,0.08801297098398209,0.16174571040212968,0.1999999999999993,,none,0.175760062564855,0.0,-0.009999999999999966,-0.004014352162725339
R02_deeper_empty,23,5.599999999999988,24.22743381847316,52.29354432262215,11.683358476853517,0.6627098066047293,0.19341683327453027,1.2722500940379782,-0.022738377569315835,0.08172381953470062,0.38862574100494385,0.2558481693267822,0.5718253254890442,0.38862574100494385,0.2558481693267822,0.5718253254890442,1.1331754446029663,0.08954685926437378,0.14295633137226105,0.15989762805915128,0.1999999999999993,,none,0.17200409592940957,0.0,-0.009999999999999966,-0.002106467870258317
R02_deeper_empty,24,5.799999999999987,24.419196353437247,52.443179170129724,11.633444520353311,0.6649184336015992,0.21247025458219812,1.213586273766659,0.04008931539357876,0.10691195982952116,0.17813770473003387,0.4803210496902466,0.6329498291015625,0.17813770473003387,0.4803210496902466,0.6329498291015625,1.0068826228380203,0.1681123673915863,0.15823745727539062,0.1517308624871746,0.1999999999999993,,none,0.16369945233468286,0.0,-0.009999999999999966,-0.001968589847508295
R02_deeper_empty,25,5.999999999999987,24.60026670329113,52.58705014185147,11.580880589970414,0.6807842022313549,0.23509449423503362,1.1606475400154643,0.11306796008559007,0.1184600551164405,0.12352732568979263,0.7479298710823059,0.5679657459259033,0.12352732568979263,0.7479298710823059,0.5679657459259033,0.9741163954138756,0.26177545487880705,0.14199143648147583,0.14078500977140998,0.1999999999999993,,none,0.15236140388844888,0.0,-0.009999999999999966,-0.0015763941170389385
R02_deeper_empty,26,6.199999999999986,24.773040711192184,52.73072796349601,11.524278517285211,0.7084457349107264,0.258217700849262,1.156923976657819,0.16000938485441057,0.11317067254193729,0.4063398241996765,0.7304606437683105,0.4095703065395355,0.4063398241996765,0.7304606437683105,0.4095703065395355,1.143803894519806,0.25566122531890867,0.10239257663488388,0.1305960671367868,0.1999999999999993,,none,0.1427036111054818,0.0,-0.009999999999999966,-0.0021075439686950325
R02_deeper_empty,27,6.399999999999985,24.94280349522204,52.88100107541033,11.462028930282111,0.7406448948460674,0.27585552444272105,1.1926075322537382,0.16184394354951678,0.06670935918132262,0.6972326040267944,0.4730919897556305,-0.11185666173696518,0.6972326040267944,0.4730919897556305,-0.11185666173696518,1.3183395624160767,0.16558219641447067,-0.027964165434241295,0.11883704195635655,0.1999999999999993,,none,0.1372919082897539,0.0,-0.009999999999999966,-0.008454866333397391
R02_deeper_empty,28,6.5999999999999845,25.113129993807288,53.04092364484677,11.394830665460471,0.7637848928823124,0.28133607557608614,1.2364673133424058,0.07578802041022384,-0.008702206044141219,0.8183475136756897,-0.2841137647628784,-0.6758466958999634,0.8183475136756897,-0.2841137647628784,-0.6758466958999634,1.3910085082054138,-0.09943981766700744,-0.16896167397499084,0.10713308552320622,0.1999999999999993,,none,0.13525536821621387,0.0,-0.009999999999999966,-0.018122282693007686
R02_deeper_empty,29,6.799999999999984,25.286076576723392,53.2087975829854,11.326036539406049,0.7762470932822131,0.27210150287174484,1.2685343407695426,0.05072312808431409,-0.07885603390157765,0.802539050579071,-0.001003510900773108,-0.8900367021560669,0.802539050579071,-0.001003510900773108,-0.8900367021560669,1.3815234303474426,-0.0003512288152705878,-0.22250917553901672,0.12361059509206238,0.1999999999999993,,none,0.136136168734609,0.0,-0.009999999999999966,-0.0025255736425466506
R02_deeper_empty,30,6.999999999999983,25.46294238201207,53.383538283791616,11.259129203569673,0.7803093831266682,0.2523456206463733,1.3045438034795966,-0.005837264793149142,-0.11591002386443935,0.8857069611549377,-0.345970094203949,-0.7656575441360474,0.8857069611549377,-0.345970094203949,-0.7656575441360474,1.4314241766929627,-0.12108953297138213,-0.19141438603401184,0.12642011719330035,0.1999999999999993,,none,0.13924789759120415,0.0,-0.009999999999999966,-0.0028277803979038264
R02_deeper_empty,31,7.199999999999982,25.645782972232823,53.56379174042955,11.196155095562231,0.7747113284790829,0.22859300380337147,1.3375913533277954,-0.04703797806973293,-0.12121621610273683,0.9233922362327576,-0.3742630183696747,-0.5281142592430115,0.9233922362327576,-0.3742630183696747,-0.5281142592430115,1.4540353417396545,-0.13099205642938613,-0.13202856481075287,0.1337644471448328,0.1999999999999993,,none,0.144937396779099,0.0,-0.009999999999999966,-0.0011729496342662493
R02_deeper_empty,32,7.399999999999982,25.835451197760253,53.74702907498243,11.137829534500616,0.7596810465672823,0.2080884118217456,1.3622740417136747,-0.09932403361373118,-0.08645003567177553,0.9154070019721985,-0.5881901383399963,-0.06243003532290459,0.9154070019721985,-0.5881901383399963,-0.06243003532290459,1.449244201183319,-0.2058665484189987,-0.015607508830726147,0.1365110147227481,0.1999999999999993,,none,0.15176482218340936,0.0,-0.009999999999999966,-0.005253807460661293
R02_deeper_empty,33,7.599999999999981,26.032548803268003,53.929921767647045,11.082974987678776,0.7346316794405862,0.196379760271939,1.381117024640013,-0.14753590226370478,-0.03454831954439901,0.9125180244445801,-0.7022185921669006,0.28484413027763367,0.9125180244445801,-0.7022185921669006,0.28484413027763367,1.4475108146667481,-0.2457765072584152,0.07121103256940842,0.14634404686440725,0.1999999999999993,,none,0.15901625047574441,0.0,-0.009999999999999966,-0.0026722036113371915
R02_deeper_empty,34,7.79999999999998,26.23692810316822,54.108800467408734,11.029577860698943,0.702333248943165,0.19314050058483895,1.38675495396546,-0.17349208177331787,-0.00041677656962062475,0.844367265701294,-0.6468074321746826,0.2765302360057831,0.844367265701294,-0.6468074321746826,0.2765302360057831,1.4066203594207765,-0.2263826012611389,0.06913255900144577,0.15563082146306978,0.1999999999999993,,none,0.1657865023312084,0.0,-0.009999999999999966,-0.0001556808681386457
R02_deeper_empty,35,7.99999999999998,26.446817893387742,54.28029824207964,10.976389757090608,0.6678382385682154,0.1951051011193045,1.3760147142815873,-0.17160058440179102,0.018627418245485288,0.7302852869033813,-0.4792751669883728,0.22973395884037018,0.7302852869033813,-0.4792751669883728,0.22973395884037018,1.3381711721420289,-0.16774630844593047,0.057433489710092545,0.15990984713761855,0.1999999999999993,,none,0.1707752801240474,0.0,-0.009999999999999966,-0.0008654329864289112
R02_deeper_empty,36,8.199999999999982,26.65844297415513,54.44195332715412,10.923065727367126,0.6383927142948246,0.20086689542955113,1.3415941006712928,-0.12627114464636063,0.037563323023658404,0.5338534712791443,-0.09686863422393799,0.3045949339866638,0.5338534712791443,-0.09686863422393799,0.3045949339866638,1.2203120827674865,-0.033904021978378295,0.07614873349666595,0.15851315783691,0.20000000000000195,,none,0.1723216454387142,0.0,-0.010000000000000097,-0.0038084876018041
R02_deeper_empty,37,8.399999999999984,26.866095954103866,54.59270513831789,10.869536304658888,0.6196522326431197,0.2116728824069154,1.2825157184225195,-0.06569900280653594,0.06818833522920827,0.29058557748794556,0.16493698954582214,0.5223698616027832,0.29058557748794556,0.16493698954582214,0.5223698616027832,1.0743513464927672,0.05772794634103775,0.1305924654006958,0.1550964908679494,0.20000000000000284,,none,0.16859943830565527,0.0,-0.010000000000000142,-0.0035029474377057035
R02_deeper_empty,38,8.599999999999987,27.06366280888278,54.73243709280411,10.815605634116702,0.6141265048040894,0.22800397271636988,1.2006054348254669,0.005105201480114096,0.09323481139817162,0.019987007603049278,0.4268053472042084,0.5770865678787231,0.019987007603049278,0.4268053472042084,0.5770865678787231,0.9119922045618296,0.14938187152147292,0.1442716419696808,0.14623494822952265,0.20000000000000284,,none,0.1591307990437656,0.0,-0.010000000000000142,-0.0028958508142427814
R02_deeper_empty,39,8.79999999999999,27.24843867683656,54.863662992989816,10.760721611983355,0.6242346803886862,0.2477486447811768,1.134391870733322,0.0897554443870768,0.10344255050334474,0.00181080203037709,0.7490471005439758,0.4969708323478699,0.00181080203037709,0.7490471005439758,0.4969708323478699,0.9010864812182262,0.26216648519039154,0.12424270808696747,0.1346068166328525,0.20000000000000284,,none,0.1468185896953358,0.0,-0.010000000000000142,-0.002211773062483144
R02_deeper_empty,40,8.999999999999993,27.42518059493359,54.99397868278874,10.702842279277036,0.6487555887743539,0.2672539169647365,1.1364942029904193,0.15084900883751257,0.09243947471742503,0.4065030515193939,0.7866812944412231,0.28007468581199646,0.4065030515193939,0.7866812944412231,0.28007468581199646,1.1439018309116362,0.27533845305442806,0.07001867145299911,0.12353206268099517,0.20000000000000284,,none,0.13777678443557306,0.0,-0.010000000000000142,-0.0042447217545777466
R02_deeper_empty,41,9.199999999999996,27.601843018136197,55.13210844846757,10.639592932010334,0.6778759781912743,0.2806565498609503,1.1910460639336828,0.14109039355214104,0.04515099377178012,0.8054351806640625,0.3463011682033539,-0.20483215153217316,0.8054351806640625,0.3463011682033539,-0.20483215153217316,1.3832611083984374,0.12120540887117386,-0.05120803788304329,0.11294519351699733,0.20000000000000284,,none,0.13470951632004358,0.0,-0.010000000000000142,-0.011764322803046104
R02_deeper_empty,42,9.399999999999999,27.782133234297003,55.28061201144969,10.571733462003552,0.6967240322336372,0.2820940865150967,1.239065463799656,0.053368470744336434,-0.026240071014933183,0.8471053242683411,-0.3608081340789795,-0.693747878074646,0.8471053242683411,-0.3608081340789795,-0.693747878074646,1.4082631945610047,-0.12628284692764283,-0.1734369695186615,0.11022371238353913,0.20000000000000284,,none,0.13503928346159455,0.0,-0.010000000000000142,-0.014815571078055272
R02_deeper_empty,43,9.600000000000001,27.966849438038164,55.43677601135799,10.502918477336054,0.7066215412841743,0.26985640059877225,1.2741206826020979,0.04615062948237539,-0.09123789306617996,0.8293979167938232,0.0898369774222374,-0.8947319388389587,0.8293979167938232,0.0898369774222374,-0.8947319388389587,1.397638750076294,0.03144294209778309,-0.22368298470973969,0.12253894402537727,0.20000000000000284,,none,0.13741472725499193,0.0,-0.010000000000000142,-0.004875783229614516
R02_deeper_empty,44,9.800000000000004,28.15638971431596,55.59938187402186,10.436615969599469,0.7091324399305104,0.24797570485602383,1.3081650549605746,-0.016332296045160274,-0.12502269875666272,0.8802022933959961,-0.41043663024902344,-0.7754619717597961,0.8802022933959961,-0.41043663024902344,-0.7754619717597961,1.4281213760375977,-0.1436528205871582,-0.19386549293994904,0.12595914705608688,0.20000000000000284,,none,0.1413007489013154,0.0,-0.010000000000000142,-0.005341601845228371
R02_deeper_empty,45,10.000000000000007,28.35245715321063,55.766793811142904,10.37487735039537,0.7035223274774949,0.2217980010700422,1.3413989596453368,-0.038126217526706155,-0.1359320962632059,0.9308326244354248,-0.23581533133983612,-0.6326480507850647,0.9308326244354248,-0.23581533133983612,-0.6326480507850647,1.4584995746612548,-0.08253536596894263,-0.15816201269626617,0.13648331778724293,0.20000000000000284,,none,0.1475523546768045,0.0,-0.010000000000000142,-0.0010690368895614145
R02_deeper_empty,46,10.20000000000001,28.555201865034963,55.93693423239547,10.3186910704991,0.6912568131939076,0.19769905387077916,1.3633794469165261,-0.0812766696056649,-0.10722131164499145,0.9013805389404297,-0.4834391474723816,-0.19487109780311584,0.9013805389404297,-0.4834391474723816,-0.19487109780311584,1.4408283233642578,-0.16920370161533355,-0.04871777445077896,0.13936498971817946,0.20000000000000284,,none,0.15444166252254377,0.0,-0.010000000000000142,-0.005076672804364173
R02_deeper_empty,47,10.400000000000013,28.764575675384993,56.106734497229645,10.26717441167649,0.6697783328422938,0.1819904664114118,1.3804063355563851,-0.12984735449035859,-0.05388456139266146,0.9006684422492981,-0.6537688970565796,0.21919575333595276,0.9006684422492981,-0.6537688970565796,0.21919575333595276,1.440401065349579,-0.22881911396980284,0.05479893833398819,0.14730880394494214,0.20000000000000284,,none,0.16131808570268902,0.0,-0.010000000000000142,-0.004009281757746734
R02_deeper_empty,48,10.600000000000016,28.980547024493855,56.27287328162866,10.218153991088302,0.6405367825826476,0.1755087363912088,1.3878867487308477,-0.16027482530781248,-0.013943130156080822,0.8570736646652222,-0.6350755095481873,0.2697797119617462,0.8570736646652222,-0.6350755095481873,0.2697797119617462,1.4142441987991332,-0.22227642834186553,0.06744492799043655,0.15774247814997552,0.20000000000000284,,none,0.16783865183476365,0.0,-0.010000000000000142,-9.617368478799904e-05
R02_deeper_empty,49,10.800000000000018,29.201321393917297,56.43190891913704,10.170118032559879,0.6076337389907204,0.17463127031110712,1.3757857270168976,-0.1681612124891926,0.0038289826853512275,0.7219123840332031,-0.5263748168945312,0.16017180681228638,0.7219123840332031,-0.5263748168945312,0.16017180681228638,1.3331474304199218,-0.18423118591308593,0.040042951703071594,0.16176936971133704,0.20000000000000284,,none,0.1726113358160717,0.0,-0.010000000000000142,-0.0008419661047344995
R02_deeper_empty,50,11.000000000000021,29.42378341747589,56.58150954532566,10.12259210548911,0.5775379873411566,0.1767499522220034,1.3482565864563532,-0.13527494654291294,0.01640963116071217,0.5854281187057495,-0.19503740966320038,0.16818012297153473,0.5854281187057495,-0.19503740966320038,0.16818012297153473,1.2512568712234498,-0.06826309338212012,0.04204503074288368,0.16207838866673865,0.20000000000000284,,none,0.17464791997154805,0.0,-0.010000000000000142,-0.0025695313048092407
R02_deeper_empty,51,11.200000000000024,29.64345800296278,56.72103716255472,10.075424615177495,0.5560079484948627,0.1828754672260232,1.2989149606915165,-0.08389774862608779,0.0428525149700783,0.37509721517562866,0.059408001601696014,0.386939138174057,0.37509721517562866,0.059408001601696014,0.386939138174057,1.125058329105377,0.020792800560593603,0.09673478454351425,0.15947277688770903,0.20000000000000284,,none,0.1726095181482279,0.0,-0.010000000000000142,-0.003136741260518733
R02_deeper_empty,52,11.400000000000027,29.85475373403224,56.85042947416169,10.028226725691594,0.5447689374970129,0.19492688049696116,1.2267276136774865,-0.032375593503652586,0.07522193030671183,0.12062238156795502,0.20745809376239777,0.5647224187850952,0.12062238156795502,0.20745809376239777,0.5647224187850952,0.972373428940773,0.07261033281683921,0.1411806046962738,0.15295673407877375,0.20000000000000284,,none,0.16532239739063925,0.0,-0.010000000000000142,-0.0023656633118653726
R02_deeper_empty,53,11.60000000000003,30.05405571198054,56.97097160428233,9.980267991782567,0.54578039613549,0.2121158305960106,1.154748104063118,0.03724301544162202,0.09516449662701502,0.0018770672613754869,0.5117251873016357,0.543204665184021,0.0018770672613754869,0.5117251873016357,0.543204665184021,0.9011262403568252,0.1791038155555725,0.13580116629600525,0.14221303018619486,0.20000000000000284,,none,0.1543558687382074,0.0,-0.010000000000000142,-0.002142838552012406
R02_deeper_empty,54,11.800000000000033,30.24237365938756,57.08694287451161,9.930438949831839,0.5609847388018482,0.2312209756877401,1.1142756345530596,0.10936459734752246,0.09583631894660775,0.11944954842329025,0.7323590517044067,0.3888211250305176,0.11944954842329025,0.7323590517044067,0.3888211250305176,0.9716697290539742,0.25632566809654234,0.0972052812576294,0.13175735644493786,0.20000000000000284,,none,0.14348409380330196,0.0,-0.010000000000000142,-0.0017267373583639508
R02_deeper_empty,55,12.000000000000036,30.42661914013944,57.20588992909239,9.87676430738723,0.5868779164213183,0.2478855718904429,1.1422689950960339,0.1467494752857673,0.07256370341903451,0.5681740045547485,0.6369373798370361,0.10056576877832413,0.5681740045547485,0.6369373798370361,0.10056576877832413,1.240904402732849,0.22292808294296262,0.025141442194581032,0.12153427083040914,0.20000000000000284,,none,0.1374052724984196,0.0,-0.010000000000000142,-0.005871001668010323
R02_deeper_empty,56,12.200000000000038,30.614116553598024,57.33411215277127,9.817953283153129,0.610595598154723,0.2567503277988842,1.2013834591459147,0.09437482674925383,0.020042394202631153,0.8494582772254944,-0.035280607640743256,-0.34791797399520874,0.8494582772254944,-0.035280607640743256,-0.34791797399520874,1.4096749663352965,-0.012348212674260138,-0.08697949349880219,0.1121443314505055,0.20000000000000284,,none,0.1367870420959605,0.0,-0.010000000000000142,-0.014642710645454856
R02_deeper_empty,57,12.400000000000041,30.806583634317064,57.47085822927894,9.756080306960005,0.6223004677427011,0.2531252826110928,1.2376476415931146,0.027699219147928486,-0.0518806558480959,0.7757092118263245,-0.30904191732406616,-0.8023650646209717,0.7757092118263245,-0.30904191732406616,-0.8023650646209717,1.3654255270957947,-0.10816467106342315,-0.20059126615524292,0.12272147556996135,0.20000000000000284,,none,0.1384596023200615,0.0,-0.010000000000000142,-0.005738126750099993
R02_deeper_empty,58,12.600000000000044,31.00478185259914,57.613882788904355,9.694701021797592,0.6278551393349471,0.23703750691305886,1.280408229032648,0.02783710434745438,-0.1049939449843309,0.8851273059844971,0.08033734560012817,-0.8528884053230286,0.8851273059844971,0.08033734560012817,-0.8528884053230286,1.4310763835906983,0.028118070960044858,-0.21322210133075714,0.1289521781851255,0.20000000000000284,,none,0.14227500093873147,0.0,-0.010000000000000142,-0.003322822753605834
R02_deeper_empty,59,12.800000000000047,31.20936067521349,57.76260292543521,9.636638701628886,0.6271208725910101,0.21346309029781604,1.3131310782045131,-0.03076306843870432,-0.12894502487411505,0.8807182908058167,-0.4290621876716614,-0.7109991312026978,0.8807182908058167,-0.4290621876716614,-0.7109991312026978,1.42843097448349,-0.15017176568508148,-0.17774978280067444,0.13208522598002362,0.20000000000000284,,none,0.1476780237804789,0.0,-0.010000000000000142,-0.005592797800455145
R02_deeper_empty,60,13.00000000000005,31.42099469761855,57.914800069602904,9.58371808312305,0.6192391518270954,0.18696803525299704,1.3453839014625641,-0.046842249071786315,-0.1355106718302229,0.9317127466201782,-0.2274473011493683,-0.5955575704574585,0.9317127466201782,-0.2274473011493683,-0.5955575704574585,1.459027647972107,-0.0796065554022789,-0.14888939261436462,0.14348045233120166,0.20000000000000284,,none,0.15461196734997174,0.0,-0.010000000000000142,-0.0011315150187699353
R02_deeper_empty,61,13.200000000000053,31.63937190830125,58.06851188812861,9.536648212437019,0.606148802874837,0.16317768838146984,1.3654200308633158,-0.08145264964272567,-0.1047139501716907,0.8933631777763367,-0.43422213196754456,-0.16783972084522247,0.8933631777763367,-0.43422213196754456,-0.16783972084522247,1.436017906665802,-0.15197774618864057,-0.04195993021130562,0.14722782264785406,0.20000000000000284,,none,0.16177120422720037,0.0,-0.010000000000000142,-0.0045433815793461865
R02_deeper_empty,62,13.400000000000055,31.8638199326676,58.2208911725818,9.494412878051357,0.5850738377567756,0.14761992239831354,1.3795337997380406,-0.12594370441865743,-0.05463794526397944,0.8821067810058594,-0.6188641786575317,0.1896047294139862,0.8821067810058594,-0.6188641786575317,0.1896047294139862,1.4292640686035156,-0.2166024625301361,0.04740118235349655,0.15514353139543013,0.20000000000000284,,none,0.16838324993333487,0.0,-0.010000000000000142,-0.0032397185379045945
R02_deeper_empty,63,13.600000000000058,32.09395114597009,58.368898988794044,9.454953460994163,0.5570297239955684,0.1399805056484484,1.3847928615729417,-0.15249617008395677,-0.024060824193772687,0.8388721942901611,-0.5902906656265259,0.15298287570476532,0.8388721942901611,-0.5902906656265259,0.15298287570476532,1.4033233165740966,-0.20660173296928405,0.03824571892619133,0.16432234783566568,0.20000000000000284,,none,0.174402884541756,0.0,-0.010000000000000142,-8.053670609019737e-05
R02_deeper_empty,64,13.800000000000061,32.32825749636242,58.50991107760493,9.416954712746634,0.5264359732812441,0.13666834878239,1.3766293926748607,-0.153375092548283,-0.010112064468947718,0.7464419603347778,-0.44333159923553467,0.07324445992708206,0.7464419603347778,-0.44333159923553467,0.07324445992708206,1.3478651762008667,-0.15516605973243713,0.018311114981770515,0.16829477251845834,0.20000000000000284,,none,0.17902474312434435,0.0,-0.010000000000000142,-0.0007299706058858668
R02_deeper_empty,65,14.000000000000064,32.56395477577571,58.64251979980679,9.379889295393495,0.49991959716307494,0.13632607763655796,1.354190666570614,-0.11470336242669854,0.005511781518871953,0.6252119541168213,-0.10257872939109802,0.14939303696155548,0.6252119541168213,-0.10257872939109802,0.14939303696155548,1.2751271724700928,-0.035902555286884304,0.03734825924038887,0.16845639725816244,0.20000000000000284,,none,0.1811885540281466,0.0,-0.010000000000000142,-0.00273215676998401
R02_deeper_empty,66,14.200000000000067,32.79557794629849,58.766135848541595,9.34342755569945,0.4823106290614574,0.1409114222083587,1.2990900122707831,-0.06512318370360792,0.03790052035187875,0.34156879782676697,0.10258744657039642,0.41559427976608276,0.34156879782676697,0.10258744657039642,0.41559427976608276,1.1049412786960602,0.035905606299638744,0.10389856994152069,0.16452744216150833,0.20000000000000284,,none,0.17839563619229892,0.0,-0.010000000000000142,-0.0038681940307904394
R02_deeper_empty,67,14.40000000000007,33.01689178223665,58.880426986033996,9.306816647741764,0.4718997846027215,0.15246707780741062,1.2221453727177685,-0.04081720588504542,0.07486966588747856,0.0850478857755661,0.024887777864933014,0.6008045673370361,0.0850478857755661,0.024887777864933014,0.6008045673370361,0.9510287314653396,0.008710722252726554,0.15020114183425903,0.15764935695462537,0.20000000000000284,,none,0.16977221830379818,0.0,-0.010000000000000142,-0.002122861349172679
R02_deeper_empty,68,14.600000000000072,33.22501353734379,58.985905223076216,9.269028143203728,0.4675548906773781,0.1695829533041746,1.1451540139514718,-0.005308062546535219,0.09478785252365028,-0.04354540631175041,0.1915668249130249,0.5414993762969971,-0.04354540631175041,0.1915668249130249,0.5414993762969971,0.8738727562129498,0.0670483887195587,0.13537484407424927,0.14720132199573469,0.20000000000000284,,none,0.15815802689931502,0.0,-0.010000000000000142,-0.0009567049035801891
R02_deeper_empty,69,14.800000000000075,33.42200544982552,59.08575732911469,9.22908220673006,0.4730650222423172,0.18832925268544454,1.1013120038922035,0.0558033986811915,0.09282321620732319,0.07805570960044861,0.5152266025543213,0.3552796244621277,0.07805570960044861,0.5152266025543213,0.3552796244621277,0.9468334257602691,0.18032931089401244,0.08881990611553192,0.134519454771012,0.20000000000000284,,none,0.14760386035155904,0.0,-0.010000000000000142,-0.0030844055805469162
R02_deeper_empty,70,15.000000000000078,33.61508700180373,59.186399932150636,9.185681390287712,0.48988128530182523,0.2041711396641014,1.1181453614642496,0.10839536773467608,0.06750396884965511,0.46243029832839966,0.6158892512321472,0.06364526599645615,0.46243029832839966,0.6158892512321472,0.06364526599645615,1.1774581789970398,0.2155612379312515,0.015911316499114037,0.12719955085249732,0.20000000000000284,,none,0.14205809869922348,0.0,-0.010000000000000142,-0.004858547846726014
R02_deeper_empty,71,15.200000000000081,33.8124230688567,59.29426601838971,9.137890278173831,0.5098314235751397,0.21284379291316888,1.1782122290004344,0.09231778471479199,0.022606492790133995,0.8164325952529907,0.17016209661960602,-0.2755216956138611,0.8164325952529907,0.17016209661960602,-0.2755216956138611,1.3898595571517944,0.0595567338168621,-0.06888042390346527,0.12362225923414012,0.20000000000000284,,none,0.14240275024283733,0.0,-0.010000000000000142,-0.008780491008697058
R02_deeper_empty,72,15.400000000000084,34.016999231880895,59.410527363086025,9.086980267913704,0.5211765780468604,0.21112779610914947,1.2269912485347954,0.026122879418773386,-0.03539488848357155,0.8314425349235535,-0.3107471168041229,-0.6143337488174438,0.8314425349235535,-0.3107471168041229,-0.6143337488174438,1.398865520954132,-0.10876149088144302,-0.15358343720436096,0.12868634868550904,0.20000000000000284,,none,0.14561220023032462,0.0,-0.010000000000000142,-0.0069258515448154204
R02_deeper_empty,73,15.600000000000087,34.22852908078868,59.53252592783363,9.036030559880043,0.5243896689388706,0.19832175717615186,1.2656871215189507,0.007417831611927266,-0.08865153949369023,0.8367218971252441,-0.08770618587732315,-0.7886872887611389,0.8367218971252441,-0.08770618587732315,-0.7886872887611389,1.4020331382751465,-0.0306971650570631,-0.19717182219028473,0.13849030986962543,0.20000000000000284,,none,0.15009379557812252,0.0,-0.010000000000000142,-0.0016034857084969555
R02_deeper_empty,74,15.80000000000009,34.44689235434796,59.6587352565436,8.98793226846604,0.5226185838262986,0.17760327316437288,1.30030912986724,-0.022847574759665628,-0.11643895887743518,0.8705012798309326,-0.2414826899766922,-0.6922438740730286,0.8705012798309326,-0.2414826899766922,-0.6922438740730286,1.4223007678985595,-0.08451894149184226,-0.17306096851825714,0.14508124228190997,0.20000000000000284,,none,0.15576303412482417,0.0,-0.010000000000000142,-0.000681791842914069
R02_deeper_empty,75,16.000000000000092,34.67236288258037,59.78764765703648,8.944520800480896,0.5151841077965513,0.15339231860419575,1.331534975574926,-0.049489202286200365,-0.12502356382949908,0.9026002287864685,-0.2965041399002075,-0.5700651407241821,0.9026002287864685,-0.2965041399002075,-0.5700651407241821,1.4415601372718811,-0.10377644896507263,-0.14251628518104553,0.15223209128566512,0.20000000000000284,,none,0.16261179819283456,0.0,-0.010000000000000142,-0.0003797069071692905
R02_deeper_empty,76,16.200000000000095,34.9045594454872,59.91738984847716,8.906717480826783,0.5032162252539697,0.12937477636705721,1.3540647759768314,-0.06873877975131494,-0.11584374294603467,0.8890819549560547,-0.30846673250198364,-0.38855263590812683,0.8890819549560547,-0.30846673250198364,-0.38855263590812683,1.4334491729736327,-0.10796335637569426,-0.09713815897703171,0.15913692300895957,0.20000000000000284,,none,0.1698023757440339,0.0,-0.010000000000000142,-0.0006654527350741724
R02_deeper_empty,77,16.400000000000098,35.142194535210265,60.045876263379874,8.874490692665377,0.48742771930523054,0.10914621505352581,1.3660607857164968,-0.0877159664765401,-0.08850257769831298,0.8472151160240173,-0.3611014187335968,-0.13115957379341125,0.8472151160240173,-0.3611014187335968,-0.13115957379341125,1.4083290696144104,-0.12638549655675888,-0.032789893448352814,0.16481193726962828,0.20000000000000284,,none,0.17622742588606144,0.0,-0.010000000000000142,-0.0014154886164330271
R02_deeper_empty,78,16.6000000000001,35.383838517722396,60.17115046392673,8.846775636841395,0.468740271139045,0.09507797601177098,1.3697610456331417,-0.0983565340924189,-0.054725589145128234,0.8046650290489197,-0.34296759963035583,0.05640510469675064,0.8046650290489197,-0.34296759963035583,0.05640510469675064,1.3827990174293519,-0.12003865987062454,0.01410127617418766,0.17062130503830905,0.20000000000000284,,none,0.1813677021165887,0.0,-0.010000000000000142,-0.0007463970782795048
R02_deeper_empty,79,16.800000000000104,35.62730987158605,60.2915861592406,8.82207584398506,0.4504589335417631,0.0874295022187283,1.358328830787201,-0.08543103833215454,-0.02406968838111395,0.6967451572418213,-0.16883699595928192,0.15358953177928925,0.6967451572418213,-0.16883699595928192,0.15358953177928925,1.3180470943450928,-0.05909294858574867,0.03839738294482231,0.173308942272474,0.20000000000000284,,none,0.18433720184713565,0.0,-0.010000000000000142,-0.0010282595746614887
R02_deeper_empty,80,17.000000000000107,35.868904921041114,60.40599841522986,8.7989534820416,0.4344063319657876,0.08648940251535268,1.3263534176814866,-0.07581940741531096,0.011953610214441935,0.5228118896484375,-0.16066837310791016,0.34143099188804626,0.5228118896484375,-0.16066837310791016,0.34143099188804626,1.2136871337890625,-0.05623393058776855,0.08535774797201157,0.17241124266291818,0.20000000000000284,,none,0.18372332110513412,0.0,-0.010000000000000142,-0.0013120784422157872
R02_deeper_empty,81,17.20000000000011,36.10467832258857,60.51331029085743,8.775865315488565,0.420040895253833,0.09265424459003171,1.2767368268783603,-0.06839457070214083,0.04704961933862819,0.33651891350746155,-0.15218597650527954,0.4742569327354431,0.33651891350746155,-0.15218597650527954,0.4742569327354431,1.1019113481044769,-0.05326509177684784,0.11856423318386078,0.16822235512595488,0.20000000000000284,,none,0.17927075021742667,0.0,-0.010000000000000142,-0.0010483950914716544
R02_deeper_empty,82,17.400000000000112,36.33001992532004,60.612197086209285,8.751644434969974,0.40716742738478845,0.10455005399157138,1.1996531902939374,-0.06090462617165136,0.07016617648083083,0.04674464836716652,-0.13040708005428314,0.4690817594528198,0.04674464836716652,-0.13040708005428314,0.4690817594528198,0.9280467890202999,-0.045642478018999094,0.11727043986320496,0.1589210504412435,0.20000000000000284,,none,0.17061045499097816,0.0,-0.010000000000000142,-0.0016894045497345281
R02_deeper_empty,83,17.600000000000115,36.544419979638754,60.703342962760864,8.72553344330504,0.39763898276379406,0.11887910402463792,1.1471306958776408,-0.03623888077319427,0.07291699431859792,0.10344363749027252,0.04006325826048851,0.31408917903900146,0.10344363749027252,0.04006325826048851,0.31408917903900146,0.9620661824941634,0.014022140391170978,0.07852229475975037,0.15002311875522176,0.20000000000000284,,none,0.16114907098714326,0.0,-0.010000000000000142,-0.001125952231921375
R02_deeper_empty,84,17.800000000000118,36.753124201634236,60.79047362615227,8.696930935913336,0.3949152560216731,0.1323642686559977,1.1331766910337215,0.005830814446506004,0.06270437831414476,0.3066822588443756,0.2615874409675598,0.1675771325826645,0.3066822588443756,0.2615874409675598,0.1675771325826645,1.0840093553066252,0.09155560433864593,0.04189428314566612,0.14314617921204004,0.20000000000000284,,none,0.1553830728218557,0.0,-0.010000000000000142,-0.0022368936098155247
R02_deeper_empty,85,18.00000000000012,36.961316629629,60.877715167917536,8.665605227428703,0.40012093684479344,0.14259472156023734,1.1452255917425864,0.04339479149769879,0.041219471227682325,0.4794670641422272,0.34268099069595337,-0.010240012779831886,0.4794670641422272,0.34268099069595337,-0.010240012779831886,1.1876802384853362,0.11993834674358367,-0.0025600031949579716,0.14188025972343352,0.20000000000000284,,none,0.15324125352211837,0.0,-0.010000000000000142,-0.0013609937986847015
R02_deeper_empty,86,18.200000000000124,37.17271868194096,60.96831390837981,8.631878281537677,0.4100364938455768,0.1473748802575188,1.177825689266239,0.05489407581728383,0.00900976581784921,0.6544884443283081,0.2237885594367981,-0.22649388015270233,0.6544884443283081,0.2237885594367981,-0.22649388015270233,1.292693066596985,0.07832599580287933,-0.05662347003817558,0.14194282240777417,0.20000000000000284,,none,0.15377349498550785,0.0,-0.010000000000000142,-0.0018306725777335337
R02_deeper_empty,87,18.400000000000126,37.38958178518986,61.06374854516201,8.59676104683779,0.41799420162404133,0.14570527164543964,1.215617949271159,0.026800424461280604,-0.023272716648811267,0.7479667663574219,-0.08698739856481552,-0.35621699690818787,0.7479667663574219,-0.08698739856481552,-0.35621699690818787,1.348780059814453,-0.03044558949768543,-0.08905424922704697,0.14386334454413613,0.20000000000000284,,none,0.15630630413977542,0.0,-0.010000000000000142,-0.002442959595639135
R02_deeper_empty,88,18.60000000000013,37.612056507549596,61.16298865715864,8.561855765865495,0.41998611746766645,0.13782910119514905,1.2439879294087144,-0.004520596244695968,-0.05323102583463304,0.7399172782897949,-0.19526563584804535,-0.45710650086402893,0.7399172782897949,-0.19526563584804535,-0.45710650086402893,1.343950366973877,-0.06834297254681587,-0.11427662521600723,0.14934104766574569,0.20000000000000284,,none,0.15978040092446122,0.0,-0.010000000000000142,-0.0004393532587153992
R02_deeper_empty,89,18.800000000000132,37.840023383044795,61.264511277649824,8.528769302515709,0.41736476243495646,0.12512386858950988,1.272056786643843,-0.020489384260960013,-0.07237817673797108,0.7849303483963013,-0.15151070058345795,-0.44557616114616394,0.7849303483963013,-0.15151070058345795,-0.44557616114616394,1.3709582090377808,-0.053028745204210276,-0.11139404028654099,0.15401464978256235,0.20000000000000284,,none,0.16409612217405112,0.0,-0.010000000000000142,-8.147239148861729e-05
R02_deeper_empty,90,19.000000000000135,38.073473812702375,61.36723030448349,8.498571823902624,0.410816607774715,0.11059888136817143,1.2951906229369095,-0.04327482075575413,-0.0728371059179214,0.7945055961608887,-0.2562981843948364,-0.2950890362262726,0.7945055961608887,-0.2562981843948364,-0.2950890362262726,1.3767033576965333,-0.08970436453819275,-0.07377225905656815,0.15838241604257375,0.20000000000000284,,none,0.16905678558057247,0.0,-0.010000000000000142,-0.0006743695379985626
R02_deeper_empty,91,19.200000000000138,38.31152185646537,61.46957497520439,8.471694479791012,0.4008125940440684,0.09619721321332751,1.309245346841833,-0.055819799705059556,-0.0712957479960662,0.76461261510849,-0.23252147436141968,-0.2726197838783264,0.76461261510849,-0.23252147436141968,-0.2726197838783264,1.358767569065094,-0.08138251602649688,-0.0681549459695816,0.16372676233848207,0.20000000000000284,,none,0.173766038129628,0.0,-0.010000000000000142,-3.927579114575863e-05
R02_deeper_empty,92,19.40000000000014,38.552873381559564,61.57028731110704,8.448280045321699,0.3899337841838074,0.08264922810321974,1.3161376006071945,-0.053168153824297536,-0.06468254142388383,0.7340377569198608,-0.1364712417125702,-0.20482763648033142,0.7340377569198608,-0.1364712417125702,-0.20482763648033142,1.3404226541519164,-0.04776493459939957,-0.051206909120082855,0.16740293845021884,0.20000000000000284,,none,0.17769806333809868,0.0,-0.010000000000000142,-0.0002951248878796875
R02_deeper_empty,93,19.600000000000144,38.795675403766865,61.668595839575026,8.4281056990162,0.3795988912777225,0.0718069267734406,1.3113594925878802,-0.050390153514561595,-0.04520825184606687,0.6575394868850708,-0.12779846787452698,-0.02210313081741333,0.6575394868850708,-0.12779846787452698,-0.02210313081741333,1.2945236921310423,-0.04472946375608444,-0.0055257827043533325,0.16933017225899424,0.20000000000000284,,none,0.18011648120487678,0.0,-0.010000000000000142,-0.0007863089458823858
R02_deeper_empty,94,19.800000000000146,39.03750048415338,61.76381851021938,8.410409860699692,0.3712245283053266,0.06488844676326061,1.2944412115054105,-0.034547536504202024,-0.025464627990658205,0.5580486059188843,-0.006472206674516201,0.059066638350486755,0.5580486059188843,-0.006472206674516201,0.059066638350486755,1.2348291635513304,-0.0022652723360806703,0.014766659587621689,0.16966849075155058,0.20000000000000284,,none,0.18029263132113016,0.0,-0.010000000000000142,-0.0006241405695794264
R02_deeper_empty,95,20.00000000000015,39.2759677723786,61.85584767910517,8.394235603787983,0.3659506147791636,0.062403657399751865,1.268009246786317,-0.01933794763155966,-0.0012112464563096411,0.4581257700920105,0.033298298716545105,0.19283802807331085,0.4581257700920105,0.033298298716545105,0.19283802807331085,1.1748754620552062,0.011654404550790786,0.04820950701832771,0.16746926555038663,0.20000000000000284,,none,0.1780584865689292,0.0,-0.010000000000000142,-0.0005892210185424099
R02_deeper_empty,96,20.200000000000152,39.509630084353155,61.94489842274721,8.378445223488706,0.36236668455500926,0.06457851899080758,1.2389048799901095,-0.016700164685382445,0.021265766692564983,0.39392468333244324,-0.03235769644379616,0.26826736330986023,0.39392468333244324,-0.03235769644379616,0.26826736330986023,1.1363548099994658,-0.011325193755328655,0.06706684082746506,0.16379495273524422,0.20000000000000284,,none,0.17407739421236101,0.0,-0.010000000000000142,-0.00028244147711663974
R02_deeper_empty,97,20.400000000000155,39.738490807559614,62.03119148565635,8.362019611679832,0.35862094813885725,0.06993645205494625,1.2136841136415137,-0.020472851532491364,0.03153925004873129,0.3746967017650604,-0.08045828342437744,0.20989349484443665,0.3746967017650604,-0.08045828342437744,0.20989349484443665,1.1248180210590362,-0.028160399198532103,0.05247337371110916,0.15953403960922993,0.20000000000000284,,none,0.16965585741448308,0.0,-0.010000000000000142,-0.00012181780525301306
R02_deeper_empty,98,20.600000000000158,39.963655387744424,62.115121303378544,8.344475319030131,0.35519745050644164,0.07561938208412068,1.196507952762091,-0.014232463708519152,0.025728041831903706,0.39331209659576416,-0.004332910291850567,0.05554651841521263,0.39331209659576416,-0.004332910291850567,0.05554651841521263,1.1359872579574584,-0.0015165186021476984,0.013886629603803158,0.15532105901278884,0.20000000000000284,,none,0.16592035090263124,0.0,-0.010000000000000142,-0.0005992918898422573
R02_deeper_empty,99,20.80000000000016,40.18707415105674,62.19784203741775,8.325966760028349,0.3548920005853679,0.07873655267647352,1.1932334408461465,0.009397007868056684,0.0068653480051387075,0.46949267387390137,0.16441836953163147,-0.12628352642059326,0.46949267387390137,0.16441836953163147,-0.12628352642059326,1.1816956043243407,0.05754642933607101,-0.031570881605148315,0.1523098204328845,0.20000000000000284,,none,0.16365667323291433,0.0,-0.010000000000000142,-0.0013468528000296909
R02_deeper_empty,100,21.000000000000163,40.4109422402436,62.281160494115355,8.307101770162992,0.358185675902098,0.07823013656501444,1.2024709707448544,0.02254851438467437,-0.010612222172436798,0.5583661198616028,0.14099183678627014,-0.18490402400493622,0.5583661198616028,0.14099183678627014,-0.18490402400493622,1.2350196719169617,0.049347142875194545,-0.046226006001234055,0.15283305978731707,0.20000000000000284,,none,0.1630707328788219,0.0,-0.010000000000000142,-0.00023767309150468652
R02_deeper_empty,101,21.200000000000166,40.63675923190925,62.36609854972402,8.28852503516753,0.36061424680839693,0.07512298431714709,1.2166343017321168,0.0031958107041240797,-0.019769141960874162,0.6108986735343933,-0.10353972762823105,-0.15371224284172058,0.6108986735343933,-0.10353972762823105,-0.15371224284172058,1.266539204120636,-0.03623890466988086,-0.038428060710430145,0.1524901198895387,0.20000000000000284,,none,0.16376068553758927,0.0,-0.010000000000000142,-0.001270565648050438
R02_deeper_empty,102,21.40000000000017,40.86509968941259,62.45217385535982,8.270792809733148,0.3598834500943044,0.06931172253686037,1.229452487365093,-0.009543606184301247,-0.0370416448456895,0.6243628859519958,-0.10143578797578812,-0.28895026445388794,0.6243628859519958,-0.10143578797578812,-0.28895026445388794,1.2746177315711975,-0.03550252579152584,-0.07223756611347198,0.15491711684846954,0.20000000000000284,,none,0.16528661752982288,0.0,-0.010000000000000142,-0.0003695006813532098
R02_deeper_empty,103,21.600000000000172,41.096505143796854,62.538886221769175,8.2546637268442,0.3567430942938928,0.060603498869083554,1.2462096583426454,-0.02099672837330359,-0.04912952647627661,0.6754233837127686,-0.126670241355896,-0.29504328966140747,0.6754233837127686,-0.126670241355896,-0.29504328966140747,1.3052540302276612,-0.04433458447456359,-0.07376082241535187,0.15765230027784796,0.20000000000000284,,none,0.1677179218183511,0.0,-0.010000000000000142,-6.562154050300362e-05
R02_deeper_empty,104,21.800000000000175,41.330998608801536,62.62567021968104,8.240760585272303,0.3519907238604533,0.05035789380188868,1.2575065503496066,-0.02613937402752562,-0.05303236658240351,0.662185788154602,-0.1046241894364357,-0.24394050240516663,0.662185788154602,-0.1046241894364357,-0.24394050240516663,1.2973114728927613,-0.03661846630275249,-0.060985125601291656,0.16051148470681792,0.20000000000000284,,none,0.17057693985095312,0.0,-0.010000000000000142,-6.545514413507481e-05
R02_deeper_empty,105,22.000000000000178,41.56750224218232,62.71183633843293,8.22936177208198,0.34679712337958557,0.04037464994815936,1.2619874944619764,-0.02582065284217249,-0.04723687869994564,0.6296270489692688,-0.07191771268844604,-0.14170999825000763,0.6296270489692688,-0.07191771268844604,-0.14170999825000763,1.2777762293815613,-0.025171199440956114,-0.03542749956250191,0.16256747894460882,0.20000000000000284,,none,0.17281909616657742,0.0,-0.010000000000000142,-0.0002516172219684665
R02_deeper_empty,106,22.20000000000018,41.80445914692559,62.796830902959314,8.220280192664148,0.342190109831889,0.032178348936562864,1.2572730903032983,-0.020639952737681797,-0.035602980012872286,0.5677695870399475,-0.028809478506445885,-0.04758703336119652,0.5677695870399475,-0.028809478506445885,-0.04758703336119652,1.2406617522239685,-0.010083317477256059,-0.01189675834029913,0.16352028360652718,0.20000000000000284,,none,0.17381115956592907,0.0,-0.010000000000000142,-0.0002908759594017594
R02_deeper_empty,107,22.400000000000183,42.0401655705953,62.88031478672786,8.213007152126886,0.33889466897143644,0.026459345592392217,1.2449117936788674,-0.01289797019125826,-0.022569396471970943,0.502260684967041,0.00822214875370264,0.015955768525600433,0.502260684967041,0.00822214875370264,0.015955768525600433,1.2013564109802246,0.002877752063795924,0.003988942131400108,0.1630474851312032,0.20000000000000284,,none,0.17324149403800249,0.0,-0.010000000000000142,-0.00019400890679913908
R02_deeper_empty,108,22.600000000000186,42.27352752069422,62.9623155165288,8.20693175010811,0.3372540482955843,0.02302753964213699,1.230033641389897,-0.004166340720929336,-0.012507062566570044,0.46268340945243835,0.03893134370446205,0.03198722004890442,0.46268340945243835,0.03893134370446205,0.03198722004890442,1.1776100456714629,0.013625970296561717,0.007996805012226105,0.16143274124731938,0.20000000000000284,,none,0.17148806970391206,0.0,-0.010000000000000142,-5.532845659253121e-05
R02_deeper_empty,109,22.80000000000019,42.50440269291863,63.04320614232149,8.201554288817649,0.33692097656324405,0.021140795133014208,1.2175045069772665,0.00048504759903591826,-0.006791188746519458,0.4555962383747101,0.028466034680604935,0.019423848018050194,0.4555962383747101,0.028466034680604935,0.019423848018050194,1.173357743024826,0.009963112138211726,0.0048559620045125484,0.15930070788793443,0.20000000000000284,,none,0.1693070596680073,0.0,-0.010000000000000142,-6.35178007270927e-06
R02_deeper_empty,110,23.000000000000192,42.73333039003596,63.12342040608403,8.196606182660538,0.33718424362752153,0.01957619017928166,1.2091356686584436,0.0020310970750848792,-0.008710222913041367,0.4660797119140625,0.014804168604314327,-0.05048244073987007,0.4660797119140625,0.014804168604314327,-0.05048244073987007,1.1796478271484374,0.0051814590115100145,-0.012620610184967518,0.15724825358068537,0.20000000000000284,,none,0.16735192236088636,0.0,-0.010000000000000142,-0.00010366878020085063
R02_deeper_empty,111,23.200000000000195,42.961318684282865,63.203366751077745,8.192148433711779,0.33720620977469773,0.017044286823451115,1.207350253874524,-0.0015421216038501097,-0.016055217369583635,0.5017654895782471,-0.02520918846130371,-0.12408801168203354,0.5017654895782471,-0.02520918846130371,-0.12408801168203354,1.2010592937469482,-0.008823215961456299,-0.031022002920508385,0.15599585669993116,0.20000000000000284,,none,0.1661617031708289,0.0,-0.010000000000000142,-0.00016584647089760236
R02_deeper_empty,112,23.400000000000198,43.18951994374329,63.283276736631905,8.188491543206068,0.33621243118938593,0.012864418095424542,1.2106523158340026,-0.007915315704474478,-0.025064443274316933,0.5371453762054443,-0.05971965193748474,-0.17368963360786438,0.5371453762054443,-0.05971965193748474,-0.17368963360786438,1.2222872257232666,-0.020901878178119657,-0.043422408401966095,0.15591337044791306,0.20000000000000284,,none,0.16601143103520855,0.0,-0.010000000000000142,-9.806058729534439e-05
R02_deeper_empty,113,23.6000000000002,43.41872284516301,63.36314098461799,8.186037075471448,0.33422079979127617,0.007100913624011088,1.216390277024456,-0.011714642477942822,-0.03204451262147568,0.5610135793685913,-0.05558992549777031,-0.18507078289985657,0.5610135793685913,-0.05558992549777031,-0.18507078289985657,1.2366081476211548,-0.019456473924219606,-0.04626769572496414,0.15668740123285416,0.20000000000000284,,none,0.1667017267592925,0.0,-0.010000000000000142,-1.4325526438214997e-05
R02_deeper_empty,114,23.800000000000203,43.649153927889614,63.44282415301906,8.18510235124987,0.33150913746740385,0.0005053743992090062,1.2215820081022801,-0.015143543968313088,-0.03378007039089618,0.5664587020874023,-0.06323018670082092,-0.14926636219024658,0.5664587020874023,-0.06323018670082092,-0.14926636219024658,1.2398752212524413,-0.02213056534528732,-0.037316590547561646,0.1577326184450466,0.20000000000000284,,none,0.16776001803494722,0.0,-0.010000000000000142,-2.7399589900490017e-05
R02_deeper_empty,115,24.000000000000206,43.88048837295539,63.52205289303873,8.185795679117382,0.3283897843862059,-0.006133345706234969,1.2235952367863436,-0.01598645641296153,-0.032689339226372065,0.5511481761932373,-0.05058299005031586,-0.1218670904636383,0.5511481761932373,-0.05058299005031586,-0.1218670904636383,1.2306889057159422,-0.01770404651761055,-0.030466772615909576,0.15865336807533062,0.20000000000000284,,none,0.1686762697528792,0.0,-0.010000000000000142,-2.290167754841921e-05
R02_deeper_empty,116,24.20000000000021,44.112142233339114,63.600575384118265,8.188067875247755,0.32525060151860186,-0.0123241536030846,1.222566035280251,-0.015446099072590732,-0.029461985826385803,0.5315660238265991,-0.040985774248838425,-0.09154262393712997,0.5315660238265991,-0.040985774248838425,-0.09154262393712997,1.2189396142959594,-0.014345020987093447,-0.022885655984282494,0.15913478701162992,0.20000000000000284,,none,0.16916268982188143,0.0,-0.010000000000000142,-2.7902810251353717e-05
R02_deeper_empty,117,24.40000000000021,44.34357046589857,63.678235047845234,8.191765884236247,0.32232386989002243,-0.01784288960172409,1.218993225596507,-0.013935101327886452,-0.025987264407033455,0.5106738805770874,-0.031017610803246498,-0.07562750577926636,0.5106738805770874,-0.031017610803246498,-0.07562750577926636,1.2064043283462524,-0.010856163781136274,-0.01890687644481659,0.15916509992827702,0.20000000000000284,,none,0.16918088266663744,0.0,-0.010000000000000142,-1.578273836029827e-05
R02_deeper_empty,118,24.600000000000215,44.57444642271875,63.75499458727839,8.196724769581417,0.3196694543074093,-0.022851141261499452,1.2147329501592836,-0.01270199397464424,-0.02422785883838492,0.4995362460613251,-0.0291123129427433,-0.08257097750902176,0.4995362460613251,-0.0291123129427433,-0.08257097750902176,1.199721747636795,-0.010189309529960154,-0.02064274437725544,0.15886946623348855,0.20000000000000284,,none,0.1688729840107328,0.0,-0.010000000000000142,-3.517777244117018e-06
R02_deeper_empty,119,24.800000000000217,44.80483130733634,63.83093479870997,8.202868271716328,0.31715378378988235,-0.027842726874240418,1.2119588858982016,-0.012472042663606601,-0.02558565964902626,0.5036406517028809,-0.034295640885829926,-0.11340972036123276,0.5036406517028809,-0.034295640885829926,-0.11340972036123276,1.2021843910217285,-0.012003474310040473,-0.02835243009030819,0.15854382992673793,0.20000000000000284,,none,0.1685637247486369,0.0,-0.010000000000000142,-1.989482189881625e-05
R02_deeper_empty,120,25.00000000000022,45.03508344727764,63.906185829591294,8.21026106493343,0.3145687595648067,-0.03329304556637367,1.2115611479879307,-0.013314689198129717,-0.028684004575054867,0.5169328451156616,-0.04294782131910324,-0.13998982310295105,0.5169328451156616,-0.04294782131910324,-0.13998982310295105,1.210159707069397,-0.015031737461686134,-0.03499745577573776,0.15852571218293637,0.20000000000000284,,none,0.16854487307281119,0.0,-0.010000000000000142,-1.9160889874659802e-05
R02_deeper_empty,121,25.200000000000223,45.26580976697551,63.98089387359333,8.219032573267727,0.3116133782862654,-0.038998107533883386,1.2150632056846151,-0.01603415691882393,-0.0283888601753767,0.5456713438034058,-0.061644501984119415,-0.11114979535341263,0.5456713438034058,-0.061644501984119415,-0.11114979535341263,1.2274028062820435,-0.021575575694441795,-0.027787448838353157,0.15900085271065667,0.20000000000000284,,none,0.169040996998163,0.0,-0.010000000000000142,-4.014428750618415e-05
R02_deeper_empty,122,25.400000000000226,45.49762699572665,64.05514103521827,8.229197725046285,0.3082558452354896,-0.044358569993260044,1.2209555588360952,-0.01743555036574574,-0.025438159172200325,0.5695290565490723,-0.05797471106052399,-0.07770223915576935,0.5695290565490723,-0.05797471106052399,-0.07770223915576935,1.2417174339294432,-0.020291148871183395,-0.019425559788942337,0.1599874555537387,0.20000000000000284,,none,0.17002148349050827,0.0,-0.010000000000000142,-3.402793676944294e-05
R02_deeper_empty,123,25.60000000000023,45.73084269708951,64.12896225564629,8.240645339757103,0.3049129621930082,-0.04901197833692914,1.227615230701639,-0.016094365363246255,-0.02140026120773009,0.5851346254348755,-0.03817557916045189,-0.05268918722867966,0.5851346254348755,-0.03817557916045189,-0.05268918722867966,1.2510807752609252,-0.01336145270615816,-0.013172296807169914,0.16115889127014238,0.20000000000000284,,none,0.17118411511356157,0.0,-0.010000000000000142,-2.522384341906575e-05
R02_deeper_empty,124,25.80000000000023,45.96555824262669,64.20245814982377,8.253205739500462,0.30216863255252413,-0.05289213763822116,1.2347876751295332,-0.011681527275213334,-0.017681607280024166,0.6000999808311462,-0.007684437092393637,-0.040416646748781204,0.6000999808311462,-0.007684437092393637,-0.040416646748781204,1.2600599884986876,-0.0026895529823377728,-0.010104161687195301,0.16228096724013522,0.20000000000000284,,none,0.172307052977267,0.0,-0.010000000000000142,-2.608573713163896e-05
R02_deeper_empty,125,26.000000000000234,46.20184704327446,64.2758567073496,8.26671568856363,0.3003907512434189,-0.056077001148153637,1.2427852865242357,-0.006488672051769737,-0.01441335635577603,0.6182751655578613,0.011693518608808517,-0.031014760956168175,0.6182751655578613,0.011693518608808517,-0.031014760956168175,1.2709650993347168,0.004092731513082981,-0.007753690239042044,0.16330751409500982,0.20000000000000284,,none,0.17332339885427928,0.0,-0.010000000000000142,-1.5884759269306186e-05
R02_deeper_empty,126,26.200000000000237,46.43972409519204,64.34939791513915,8.28103378943997,0.29938378403102406,-0.05872204858009831,1.2508069207531205,-0.0037847919031185257,-0.012203662875227046,0.6317856311798096,0.004928183741867542,-0.030804013833403587,0.6317856311798096,0.004928183741867542,-0.030804013833403587,1.2790713787078858,0.0017248643096536398,-0.007701003458350897,0.1641825362783715,0.20000000000000284,,none,0.17418710321540232,0.0,-0.010000000000000142,-4.566937030668922e-06
R02_deeper_empty,127,26.40000000000024,46.67922549213036,64.42322448076351,8.29606403603479,0.2986403466184406,-0.061028604379378,1.2595051370062758,-0.0036590587484467943,-0.010955936436517778,0.6502559185028076,-0.009722440503537655,-0.033653851598501205,0.6502559185028076,-0.009722440503537655,-0.033653851598501205,1.2901535511016846,-0.003402854176238179,-0.008413462899625301,0.16495491159849032,0.20000000000000284,,none,0.1749661898760877,0.0,-0.010000000000000142,-1.1278277597230672e-05
R02_deeper_empty,128,26.600000000000243,46.92056700645914,64.49740173457783,8.311745743131018,0.2976496883453489,-0.06292642440484,1.2697165064061005,-0.006066104595046644,-0.008227877972133516,0.6761609315872192,-0.03134544566273689,-0.010675815865397453,0.6761609315872192,-0.03134544566273689,-0.010675815865397453,1.3056965589523315,-0.010970905981957912,-0.0026689539663493633,0.16581264486709837,0.20000000000000284,,none,0.17584597715072192,0.0,-0.010000000000000142,-3.333228362340174e-05
R02_deeper_empty,129,26.800000000000246,47.16383468935566,64.5718612553644,8.327966971596226,0.29638595982860466,-0.06433950003788924,1.2790881091932793,-0.00653578099537694,-0.006065832065499939,0.6868487000465393,-0.021408095955848694,-0.006641053594648838,0.6868487000465393,-0.021408095955848694,-0.006641053594648838,1.3121092200279236,-0.007492833584547043,-0.0016602633986622095,0.16673689544571083,0.20000000000000284,,none,0.17674148061811934,0.0,-0.010000000000000142,-4.585172408369687e-06
R02_deeper_empty,130,27.00000000000025,47.40884458235605,64.64651723099745,8.344612646811594,0.2951920616826709,-0.06540149430901995,1.2872467654129518,-0.00548258034649335,-0.004660063613732072,0.6933233737945557,-0.009532826021313667,-0.007182200904935598,0.6933233737945557,-0.009532826021313667,-0.007182200904935598,1.3159940242767334,-0.0033364891074597835,-0.0017955502262338996,0.16743664108398726,0.20000000000000284,,none,0.17744030580951886,0.0,-0.010000000000000142,-3.6647255314550865e-06
R02_deeper_empty,131,27.20000000000025,47.65541433551268,64.72134901475147,8.361600420968559,0.2941369226319483,-0.06622258885428377,1.2947449225777086,-0.005097810331431492,-0.0036286217581002617,0.7019414901733398,-0.01232505775988102,-0.006107472348958254,0.7019414901733398,-0.01232505775988102,-0.006107472348958254,1.321164894104004,-0.004313770215958357,-0.0015268680872395635,0.16793587668022886,0.20000000000000284,,none,0.1779375411508184,0.0,-0.010000000000000142,-1.664470589383283e-06
R02_deeper_empty,132,27.400000000000254,47.90349385111515,64.7963492284259,8.378871104221632,0.2929949949507477,-0.06680864462892085,1.3023344276818223,-0.006235703324061333,-0.002329826380405148,0.7151271104812622,-0.024441059678792953,0.0012668382842093706,0.7151271104812622,-0.024441059678792953,0.0012668382842093706,1.3290762662887574,-0.008554370887577533,0.00031670957105234265,0.1683380843643429,0.20000000000000284,,none,0.17834558513519738,0.0,-0.010000000000000142,-7.500770854364428e-06
R02_deeper_empty,133,27.600000000000257,48.15313273694191,64.87147570916767,8.396363519309993,0.2915900641131689,-0.0671395001051644,1.3101425169065484,-0.007703013663020977,-0.0010734236354150823,0.729424238204956,-0.030551228672266006,0.005946917925029993,0.729424238204956,-0.030551228672266006,0.005946917925029993,1.3376545429229736,-0.010692930035293102,0.0014867294812574983,0.16874959172776727,0.20000000000000284,,none,0.17875486463120183,0.0,-0.010000000000000142,-5.2729034344167685e-06
R02_deeper_empty,134,27.80000000000026,48.404387154438346,64.94666067347096,8.414016141468217,0.2898615204078416,-0.06723331986033082,1.3180440544557652,-0.00945070002114901,5.0514692313925193e-05,0.7431422472000122,-0.0371769554913044,0.00936298817396164,0.7431422472000122,-0.0371769554913044,0.00936298817396164,1.3458853483200073,-0.013011934421956538,0.00234074704349041,0.1691740976548182,0.20000000000000284,,none,0.17917897272607064,0.0,-0.010000000000000142,-4.8750712522920405e-06
R02_deeper_empty,135,28.000000000000263,48.65729296911335,65.02181540549192,8.431770562917912,0.2877813490360243,-0.06711176680478309,1.3259158339839132,-0.011217825219752352,0.0010869031201216788,0.7560871243476868,-0.042339056730270386,0.012794945389032364,0.7560871243476868,-0.042339056730270386,0.012794945389032364,1.3536522746086121,-0.014818669855594635,0.003198736347258091,0.16960654328185623,0.20000000000000284,,none,0.17961066319113428,0.0,-0.010000000000000142,-4.119909277915946e-06
R02_deeper_empty,136,28.200000000000266,48.911854875154646,65.09685951602658,8.44957102433302,0.28559352376110547,-0.06679850052309526,1.3336141181794434,-0.010699494211190107,0.001978555714074853,0.7678987383842468,-0.027552282437682152,0.01518185157328844,0.7678987383842468,-0.027552282437682152,0.01518185157328844,1.360739243030548,-0.009643298853188752,0.00379546289332211,0.17001620052821204,0.20000000000000284,,none,0.1800234777330374,0.0,-0.010000000000000142,-7.277204825221016e-06
R02_deeper_empty,137,28.40000000000027,49.167948641207296,65.17177953787973,8.467369843480363,0.2837134960241882,-0.06642159026504356,1.3402794930757376,-0.008282920650564678,0.001803723960543855,0.7729418873786926,-0.00959629938006401,0.005789887625724077,0.7729418873786926,-0.00959629938006401,0.005789887625724077,1.3637651324272155,-0.0033587047830224035,0.0014474719064310193,0.17028648282662567,0.20000000000000284,,none,0.18029520401994859,0.0,-0.010000000000000142,-8.721193322759964e-06
R02_deeper_empty,138,28.60000000000027,49.42543704630402,65.24663647728316,8.485159294733453,0.282169296564964,-0.06607169315965732,1.3467976165833682,-0.0072378416913096155,0.0017028499795937683,0.782940685749054,-0.01459514256566763,0.005989202298223972,0.782940685749054,-0.01459514256566763,0.005989202298223972,1.3697644114494323,-0.00510829989798367,0.001497300574555993,0.17040486240017177,0.20000000000000284,,none,0.18040736248273959,0.0,-0.010000000000000142,-2.5000825676813965e-06
R02_deeper_empty,139,28.800000000000274,49.684268361423285,65.32145547983266,8.50293859282397,0.28056640852435577,-0.0657070905070948,1.3530498634731534,-0.008682178820175268,0.0019263326271362288,0.7917997241020203,-0.03321509435772896,0.009526879526674747,0.7917997241020203,-0.03321509435772896,0.009526879526674747,1.375079834461212,-0.011625283025205135,0.002381719881668687,0.17043491617577597,0.20000000000000284,,none,0.18044367018228513,0.0,-0.010000000000000142,-8.754006509014301e-06
R02_deeper_empty,140,29.000000000000277,49.94446123351052,65.39617847408091,8.520691045805357,0.27870557508787136,-0.0652274701905164,1.3595579508718576,-0.009838968167237306,0.002803740204862597,0.8041489720344543,-0.03484611585736275,0.018366482108831406,0.8041489720344543,-0.03484611585736275,0.018366482108831406,1.3824893832206726,-0.01219614055007696,0.004591620527207851,0.17047827006336536,0.20000000000000284,,none,0.1804829361179543,0.0,-0.010000000000000142,-4.666054588789315e-06
R02_deeper_empty,141,29.20000000000028,50.20593301086065,65.47073930782035,8.538375179469265,0.2769359939336465,-0.06467265269867578,1.3648850530330123,-0.0079957657993403,0.002748591294734905,0.8060920834541321,-0.01211399957537651,0.010544860735535622,0.8060920834541321,-0.01211399957537651,0.010544860735535622,1.3836552500724792,-0.0042398998513817785,0.0026362151838839054,0.1704264320403621,0.20000000000000284,,none,0.1804380660914333,0.0,-0.010000000000000142,-1.1634051071084464e-05
R02_deeper_empty,142,29.400000000000283,50.46836606269169,65.5451069753021,8.555971536312377,0.27534287406423236,-0.06419584982100834,1.3682915189393599,-0.007939661484947225,0.0020705421428466237,0.8004904985427856,-0.022358110174536705,0.002755566034466028,0.8004904985427856,-0.022358110174536705,0.002755566034466028,1.3802942991256715,-0.007825338561087846,0.000688891508616507,0.17012351509855206,0.20000000000000284,,none,0.18012745495190075,0.0,-0.010000000000000142,-3.939853348539223e-06
R02_deeper_empty,143,29.600000000000286,50.731785609742204,65.61928323868274,8.573495265051143,0.27355167900596866,-0.06365181001085234,1.3736990383331948,-0.009829827050482898,0.003278790135828721,0.821254312992096,-0.03908968344330788,0.022963276132941246,0.821254312992096,-0.03908968344330788,0.022963276132941246,1.3927525877952576,-0.013681389205157756,0.0057408190332353115,0.1697977846169889,0.20000000000000284,,none,0.1798201732786282,0.0,-0.010000000000000142,-2.2388661639153252e-05
R02_deeper_empty,144,29.80000000000029,50.99639347877957,65.69325225159564,8.590919618031169,0.2716344975540337,-0.06302646424448466,1.3790887677487391,-0.009376178987800002,0.0029959827599463176,0.8301327228546143,-0.024147963151335716,0.009678841568529606,0.8301327228546143,-0.024147963151335716,0.009678841568529606,1.3980796337127686,-0.0084517871029675,0.0024197103921324015,0.16962573849707993,0.20000000000000284,,none,0.1796353096444534,0.0,-0.010000000000000142,-9.571147373330594e-06
R02_deeper_empty,145,30.00000000000029,51.2620746240772,65.76696101237746,8.608240950695377,0.26954532958004995,-0.06246988223545854,1.383311114552778,-0.01136556076487112,0.002599704852497872,0.8303144574165344,-0.04405512660741806,0.007168861106038094,0.8303144574165344,-0.04405512660741806,0.007168861106038094,1.3981886744499206,-0.01541929431259632,0.0017922152765095234,0.16934963038400674,0.20000000000000284,,none,0.1793576829477317,0.0,-0.010000000000000142,-8.052563724805316e-06
R02_deeper_empty,146,30.200000000000294,51.5289622694554,65.84031282977227,8.625456642461673,0.2666907636676884,-0.06167065077454779,1.3895856055898061,-0.01677257121309717,0.005196861677719034,0.8528232574462891,-0.07940101623535156,0.04195619747042656,0.8528232574462891,-0.07940101623535156,0.04195619747042656,1.4116939544677733,-0.027790355682373046,0.01048904936760664,0.16913501383344617,0.20000000000000284,,none,0.1791943365687203,0.0,-0.010000000000000142,-5.932273527397288e-05
R02_deeper_empty,147,30.400000000000297,51.7973815512768,65.9130926709153,8.642453715529188,0.2626107187367281,-0.06029170645847494,1.3963966300177397,-0.023519370849410397,0.008354583537802794,0.8673257827758789,-0.1064777821302414,0.05915610492229462,0.8673257827758789,-0.1064777821302414,0.05915610492229462,1.4203954696655274,-0.037267223745584485,0.014789026230573654,0.16925628471391294,0.20000000000000284,,none,0.17928107094008539,0.0,-0.010000000000000142,-2.478622617229781e-05
R02_deeper_empty,148,30.6000000000003,52.06747254788076,65.98495545496897,8.65904953071411,0.25725224027335525,-0.058171983855034096,1.403092409057629,-0.029606617164728163,0.012528085091575554,0.8778086304664612,-0.12003002315759659,0.0841294676065445,0.8778086304664612,-0.12003002315759659,0.0841294676065445,1.4266851782798766,-0.0420105081051588,0.021032366901636124,0.16947851930754965,0.20000000000000284,,none,0.17949686375107632,0.0,-0.010000000000000142,-1.8344443526531195e-05
R02_deeper_empty,149,30.800000000000303,52.33910333555257,66.05550315367259,8.675017137966783,0.2507614851219103,-0.05541003732526894,1.4076627246782984,-0.0349018331673231,0.014911724932617063,0.8729439377784729,-0.13054804503917694,0.07907532900571823,0.8729439377784729,-0.13054804503917694,0.07907532900571823,1.4237663626670838,-0.045691815763711924,0.019768832251429558,0.1696381435581456,0.20000000000000284,,none,0.17964134032487067,0.0,-0.010000000000000142,-3.1967667249266363e-06
R02_deeper_empty,150,31.000000000000306,52.612078986413835,66.12436074319159,8.690190365646766,0.24323861506155456,-0.05219955668502349,1.4115127032940915,-0.039946639654582755,0.01703318660239395,0.8751303553581238,-0.14350390434265137,0.08542422950267792,0.8751303553581238,-0.14350390434265137,0.08542422950267792,1.4250782132148743,-0.05022636651992798,0.02135605737566948,0.16969097085342608,0.20000000000000284,,none,0.1796952297184191,0.0,-0.010000000000000142,-4.258864992886524e-06
R02_deeper_empty,151,31.20000000000031,52.88628178013464,66.19119743225396,8.704439199294873,0.2347700132224703,-0.04863208772089755,1.4142710031317032,-0.04440346702423527,0.0185287799553749,0.8733165860176086,-0.15281450748443604,0.08630531281232834,0.8733165860176086,-0.15281450748443604,0.08630531281232834,1.4239899516105652,-0.05348507761955261,0.021576328203082085,0.1697194303065014,0.20000000000000284,,none,0.17972124537445922,0.0,-0.010000000000000142,-1.8150679576589558e-06
R02_deeper_empty,152,31.40000000000031,53.16155442283109,66.25570557827547,8.717661312657002,0.22545944921127864,-0.044781018380855145,1.416047971878744,-0.048400886977869005,0.019880066766146266,0.8705152869224548,-0.16156105697155,0.0905342549085617,0.8705152869224548,-0.16156105697155,0.0905342549085617,1.4223091721534729,-0.056546369940042494,0.022633563727140427,0.16969785373643914,0.20000000000000284,,none,0.17969989840355538,0.0,-0.010000000000000142,-2.0446671160867512e-06
R02_deeper_empty,153,31.600000000000314,53.43771302812731,66.31759246979982,8.729766296810407,0.21528007168149918,-0.04066172021251882,1.4166072928612217,-0.0530430107887973,0.021212489989572262,0.8642967939376831,-0.1785777062177658,0.09571019560098648,0.8642967939376831,-0.1785777062177658,0.09571019560098648,1.41857807636261,-0.06250219717621804,0.02392754890024662,0.16960995186847544,0.20000000000000284,,none,0.17961705239584802,0.0,-0.010000000000000142,-7.100527372437826e-06
R02_deeper_empty,154,31.800000000000317,53.71458770109621,66.37656290703568,8.74067958000627,0.20428537974425554,-0.03639297091619555,1.4163716568475127,-0.056633307416724746,0.02145660406138687,0.8592356443405151,-0.18271200358867645,0.08781612664461136,0.8592356443405151,-0.18271200358867645,0.08781612664461136,1.4155413866043092,-0.06394920125603676,0.02195403166115284,0.16949594025222167,0.20000000000000284,,none,0.1794980407317155,0.0,-0.010000000000000142,-2.1004794936807516e-06
R02_deeper_empty,155,32.00000000000032,53.991950971303666,66.43239039959563,8.750401716488895,0.19296604723366706,-0.03241403527746081,1.4146544448830205,-0.05656515439229384,0.01855169568312546,0.8476729989051819,-0.16121794283390045,0.05052962899208069,0.8476729989051819,-0.16121794283390045,0.05052962899208069,1.408603799343109,-0.056426279991865155,0.012632407248020172,0.1692762772779386,0.20000000000000284,,none,0.17931599672442644,0.0,-0.010000000000000142,-3.97194464877082e-05
R02_deeper_empty,156,32.20000000000031,54.26946172387861,66.48502120130749,8.759099615742441,0.18200957172116963,-0.029394582349787066,1.4114252575362678,-0.0532495019298257,0.012127059347002728,0.8334118723869324,-0.13283784687519073,-0.003857304807752371,0.8334118723869324,-0.13283784687519073,-0.003857304807752371,1.4000471234321594,-0.04649324640631675,-0.0009643262019380927,0.16892660074116847,0.19999999999998863,,none,0.17900593570405476,0.0,-0.009999999999999431,-7.933496288685029e-05
R02_deeper_empty,157,32.4000000000003,54.5468743897139,66.53460160149268,8.767120901223583,0.17188475372081324,-0.027811694781777616,1.407974510891045,-0.04836669586084891,0.004292321628038,0.8263595104217529,-0.10976307094097137,-0.04668962582945824,0.8263595104217529,-0.10976307094097137,-0.04668962582945824,1.3958157062530518,-0.03841707482933998,-0.01167240645736456,0.1685990796997226,0.19999999999998863,,none,0.1786474154760782,0.0,-0.009999999999999431,-4.8335776356176094e-05
R02_deeper_empty,158,32.600000000000286,54.82409308251888,66.58138038135877,8.774877252734436,0.1625767146133167,-0.027567644282916956,1.4046395932749978,-0.04496972536313142,-0.0014211885645103938,0.8214815258979797,-0.10870791226625443,-0.0522540919482708,0.8214815258979797,-0.10870791226625443,-0.0522540919482708,1.3928889155387878,-0.038047769293189045,-0.0130635229870677,0.168336304536596,0.19999999999998863,,none,0.17833742196411606,0.0,-0.009999999999999431,-1.117427520608283e-06
R02_deeper_empty,159,32.800000000000274,55.10118020178298,66.62556079264627,8.782678776136283,0.15368783705067554,-0.02812077516051409,1.4024295266180278,-0.04399268958842552,-0.003921659371500462,0.8244038224220276,-0.12000513821840286,-0.03606732562184334,0.8244038224220276,-0.12000513821840286,-0.03606732562184334,1.3946422934532166,-0.042001798376440996,-0.009016831405460835,0.16814676258494154,0.19999999999998863,,none,0.17815472615564687,0.0,-0.009999999999999431,-7.963570705894486e-06
R02_deeper_empty,160,33.00000000000026,55.37830876656348,66.66724068413004,8.79067414181285,0.14486185274355998,-0.028933335016957194,1.40122932590794,-0.04424791695951162,-0.004184154869922254,0.8283339738845825,-0.12790854275226593,-0.018876152113080025,0.8283339738845825,-0.12790854275226593,-0.018876152113080025,1.3970003843307495,-0.04476798996329307,-0.004719038028270006,0.16812954472246322,0.19999999999998863,,none,0.1781370136492697,0.0,-0.009999999999999431,-7.46892680705831e-06
R02_deeper_empty,161,33.20000000000025,55.65558967361686,66.70643474689918,8.798892595793426,0.1359620562148621,-0.02973164397732876,1.400397036791755,-0.04471485513113499,-0.0038259338992452058,0.829107403755188,-0.1304752230644226,-0.012383969500660896,0.829107403755188,-0.1304752230644226,-0.012383969500660896,1.3974644422531128,-0.04566632807254791,-0.003095992375165224,0.16821144178517575,0.19999999999998863,,none,0.17821242847470842,0.0,-0.009999999999999431,-9.86689533251095e-07
R02_deeper_empty,162,33.40000000000024,55.93303076482122,66.7431282311092,8.807322578231595,0.12702729144969205,-0.030493935512532423,1.3994941514283088,-0.04463854409425648,-0.003799010661077042,0.8271880149841309,-0.12709441781044006,-0.01497659832239151,0.8271880149841309,-0.12709441781044006,-0.01497659832239151,1.3963128089904786,-0.04448304623365402,-0.0037441495805978775,0.16829922707324776,0.19999999999998863,,none,0.17829966378567974,0.0,-0.009999999999999431,-4.3671243254168877e-07
R02_deeper_empty,163,33.60000000000023,56.210570940734065,66.77731715095327,8.81596754159655,0.11811170807092661,-0.03134954282172701,1.3982877132353915,-0.044525788126692195,-0.004689914855189306,0.8233946561813354,-0.12656007707118988,-0.026021188125014305,0.8233946561813354,-0.12656007707118988,-0.026021188125014305,1.3940367937088012,-0.044296026974916455,-0.006505297031253576,0.1683515480501433,0.19999999999998863,,none,0.17835428121124153,0.0,-0.009999999999999431,-2.733161098811346e-06
R02_deeper_empty,164,33.80000000000022,56.48815614539743,66.80900637557032,8.82487329967551,0.10923274347498795,-0.032430950841960536,1.3970787013154933,-0.04428221590560191,-0.0060236421327554655,0.8213645219802856,-0.12510254979133606,-0.034965433180332184,0.8213645219802856,-0.12510254979133606,-0.034965433180332184,1.3928187131881713,-0.04378589242696762,-0.008741358295083046,0.16839920829046132,0.19999999999998863,,none,0.17840093319746586,0.0,-0.009999999999999431,-1.7249070051073706e-06
R02_deeper_empty,165,34.000000000000206,56.76571242410957,66.83820179599256,8.834099352784236,0.10036590151249067,-0.03367442067677984,1.395408673138432,-0.04437891546020256,-0.0063839032814767185,0.8158738017082214,-0.12735988199710846,-0.02847200818359852,0.8158738017082214,-0.12735988199710846,-0.02847200818359852,1.3895242810249329,-0.04457595869898796,-0.00711800204589963,0.16843273643535087,0.19999999999998863,,none,0.17843428459786992,0.0,-0.009999999999999431,-1.548162519629595e-06
R02_deeper_empty,166,34.200000000000195,57.043085970683265,66.86488023333416,8.843666432256333,0.09136103051778445,-0.03497280975992649,1.3928963243783954,-0.045579319838340016,-0.006584842716244277,0.8067399859428406,-0.13721533119678497,-0.027977176010608673,0.8067399859428406,-0.13721533119678497,-0.027977176010608673,1.3840439915657043,-0.04802536591887474,-0.006994294002652168,0.16839144463569677,0.19999999999998863,,none,0.17839506066226107,0.0,-0.009999999999999431,-3.6160265648550044e-06
R02_deeper_empty,167,34.40000000000018,57.32018671506837,66.8889700979798,8.853575132987858,0.08197717155393755,-0.03622144748700587,1.3904518747786634,-0.04807143846517349,-0.005949426002534457,0.8030646443367004,-0.1518559753894806,-0.018618587404489517,0.8030646443367004,-0.1518559753894806,-0.018618587404489517,1.3818387866020203,-0.0531495913863182,-0.004654646851122379,0.16833489884941125,0.19999999999998863,,none,0.17834120764499062,0.0,-0.009999999999999431,-6.3087955799503996e-06
R02_deeper_empty,168,34.60000000000017,57.59694759442462,66.91035886536052,8.863785761959738,0.0722319204682515,-0.037259580832507466,1.3874389776791072,-0.049289283256730175,-0.004538266727520307,0.7947049140930176,-0.1479167640209198,-0.006651074159890413,0.7947049140930176,-0.1479167640209198,-0.006651074159890413,1.3768229484558105,-0.051770867407321924,-0.0016627685399726033,0.16828324554813515,0.19999999999998863,,none,0.17828781802511884,0.0,-0.009999999999999431,-4.572476984259989e-06
R02_deeper_empty,169,34.80000000000016,57.87311398289152,66.92896527856766,8.874238666304425,0.06227114507079273,-0.038269423393532766,1.3826929519451738,-0.05024633741033331,-0.005488536885892874,0.7766169905662537,-0.1491328924894333,-0.029699552804231644,0.7766169905662537,-0.1491328924894333,-0.029699552804231644,1.3659701943397522,-0.05219651237130165,-0.007424888201057911,0.1680698147906046,0.19999999999998863,,none,0.17808701247687964,0.0,-0.009999999999999431,-1.7197686275612847e-05
R02_deeper_empty,170,35.00000000000015,58.148646227747165,66.94474276522271,8.88494677646805,0.05207082995994532,-0.03925044255207857,1.379386532313958,-0.051650947998555914,-0.004403438703714003,0.7795604467391968,-0.15575172007083893,-0.008769401349127293,0.7795604467391968,-0.15575172007083893,-0.008769401349127293,1.367736268043518,-0.05451310202479362,-0.002192350337281823,0.16789730386085203,0.19999999999998863,,none,0.17790711474190601,0.0,-0.009999999999999431,-9.810881054560395e-06
R02_deeper_empty,171,35.20000000000014,58.4234687575531,66.95763610987173,8.89588510570084,0.04165446883141616,-0.040273107853128015,1.374286871045213,-0.05245226770650538,-0.0057237056030122494,0.7605301141738892,-0.15452887117862701,-0.03365597501397133,0.7605301141738892,-0.15452887117862701,-0.03365597501397133,1.3563180685043335,-0.05408510491251945,-0.008413993753492832,0.16768908329362592,0.19999999999998863,,none,0.17770874310294005,0.0,-0.009999999999999431,-1.9659809314702006e-05
R02_deeper_empty,172,35.40000000000013,58.697621533728004,66.96760857857282,8.907093823139691,0.031005704892602185,-0.04138617810205083,1.3714869702171524,-0.05392441567974566,-0.005429194248821926,0.7693690657615662,-0.1626405417919159,-0.019316291436553,0.7693690657615662,-0.1626405417919159,-0.019316291436553,1.3616214394569397,-0.05692418962717056,-0.00482907285913825,0.1675883138241645,0.19999999999998863,,none,0.1775953048799721,0.0,-0.009999999999999431,-6.991055808165462e-06
R02_deeper_empty,173,35.600000000000115,58.97125236578173,66.97462473002068,8.918589770453266,0.020282610100365986,-0.042610824913631266,1.36829630917462,-0.05334983822686888,-0.006719986659601359,0.7617565393447876,-0.1490829437971115,-0.03740086033940315,0.7617565393447876,-0.1490829437971115,-0.03740086033940315,1.3570539236068726,-0.052179030328989025,-0.009350215084850788,0.16760953456538102,0.19999999999998863,,none,0.1776209107784652,0.0,-0.009999999999999431,-1.13762130847362e-05
R02_deeper_empty,174,35.800000000000104,59.24430942473955,66.97870355451137,8.930436975825064,0.009572621999897578,-0.04417809400709365,1.36530094364539,-0.05372199339027762,-0.008796218394217794,0.7579111456871033,-0.1556580811738968,-0.05210769921541214,0.7579111456871033,-0.1556580811738968,-0.05210769921541214,1.354746687412262,-0.05448032841086387,-0.013026924803853035,0.16765067164280553,0.19999999999998863,,none,0.1776561578546776,0.0,-0.009999999999999431,-5.486211872620939e-06
R02_deeper_empty,175,36.00000000000009,59.51711768700428,66.97985606593035,8.94273378369149,-0.0010970317748339852,-0.04589446591020716,1.3655754904204722,-0.053026931286542796,-0.00839754844744398,0.777571439743042,-0.14745889604091644,-0.030340738594532013,0.777571439743042,-0.14745889604091644,-0.030340738594532013,1.3665428638458252,-0.051610613614320754,-0.007585184648633003,0.16794345466245586,0.19999999999998863,,none,0.17796200574993293,0.0,-0.009999999999999431,-1.855108747763623e-05
R02_deeper_empty,176,36.20000000000008,59.78957293598893,66.97812367127078,8.95551422527724,-0.011581568857060276,-0.04800222318177334,1.3621989680721134,-0.05190313985553062,-0.01237987569761034,0.7505028247833252,-0.14175201952457428,-0.08197841793298721,0.7505028247833252,-0.14175201952457428,-0.08197841793298721,1.350301694869995,-0.049613206833600994,-0.020494604483246803,0.168143894982022,0.19999999999998863,,none,0.17821252954767886,0.0,-0.009999999999999431,-6.86345656574261e-05
R02_deeper_empty,177,36.40000000000007,60.06185597243903,66.97354442912558,8.968919723620704,-0.02209567637678749,-0.05031295181144822,1.3642306952185554,-0.05314438269275846,-0.01084322795761111,0.7856492400169373,-0.1590675562620163,-0.030848095193505287,0.7856492400169373,-0.1590675562620163,-0.030848095193505287,1.3713895440101624,-0.0556736446917057,-0.007712023798376322,0.16856663424437604,0.19999999999998863,,none,0.17864962240876991,0.0,-0.009999999999999431,-8.29881643944553e-05
R02_deeper_empty,178,36.60000000000006,60.334164784429156,66.96610408413102,8.982953066850976,-0.032437561776742826,-0.05270496759127807,1.3635308757964284,-0.05047561658730961,-0.012920374974897685,0.7684417366981506,-0.1286786049604416,-0.06861178576946259,0.7684417366981506,-0.1286786049604416,-0.06861178576946259,1.3610650420188903,-0.045037511736154556,-0.017152946442365646,0.1691735678673862,0.19999999999998863,,none,0.17922648152453746,0.0,-0.009999999999999431,-5.2913657151843555e-05
R02_deeper_empty,179,36.80000000000005,60.606204252177825,66.9558817037976,8.99768637848554,-0.04276231608682214,-0.055506634644303214,1.3628136266767037,-0.05261098359848339,-0.014943790443985477,0.767143964767456,-0.16274911165237427,-0.07626749575138092,0.767143964767456,-0.16274911165237427,-0.07626749575138092,1.3602863788604735,-0.05696218907833099,-0.01906687393784523,0.16960726599836992,0.19999999999998863,,none,0.1796316878690405,0.0,-0.009999999999999431,-2.4421870671127445e-05
R02_deeper_empty,180,37.000000000000036,60.87854818092659,66.94280493329673,9.01320288749124,-0.053138138588083667,-0.05801840779823847,1.3679454495750958,-0.051249831631276804,-0.010508248520304806,0.8100459575653076,-0.1385035216808319,-0.005880043841898441,0.8100459575653076,-0.1385035216808319,-0.005880043841898441,1.3860275745391846,-0.04847623258829117,-0.0014700109604746103,0.1703322118883985,0.19999999999998863,,none,0.18047986834850605,0.0,-0.009999999999999431,-0.00014765646010809542
R02_deeper_empty,181,37.200000000000024,61.15064285895677,66.92694928899249,9.029395801157998,-0.06322414921274301,-0.060960431130464635,1.3626825293571412,-0.04972518727690898,-0.01832298686285245,0.7402307987213135,-0.13319554924964905,-0.1369878500699997,0.7402307987213135,-0.13319554924964905,-0.1369878500699997,1.3441384792327882,-0.04661844223737716,-0.034246962517499924,0.1704540115218668,0.19999999999998863,,none,0.18089584327845998,0.0,-0.009999999999999431,-0.00044183175659375353
R02_deeper_empty,182,37.40000000000001,61.42284912668827,66.90832267962351,9.046481123311668,-0.0735402867039553,-0.06383585703411547,1.3707236130005296,-0.05317609242401245,-0.010984383734056188,0.8317610025405884,-0.1720227152109146,0.015877513214945793,0.8317610025405884,-0.1720227152109146,0.015877513214945793,1.399056601524353,-0.06020795032382011,0.003969378303736448,0.17099402461337096,0.19999999999998863,,none,0.18165908753977078,0.0,-0.009999999999999431,-0.0006650629264004004
R02_deeper_empty,183,37.6,61.69537198218629,66.88685449884171,9.064307580341763,-0.08342624993027646,-0.06659999178191174,1.368853158597659,-0.046208675074668325,-0.016259386068545566,0.7704375982284546,-0.09146077930927277,-0.1080327183008194,0.7704375982284546,-0.09146077930927277,-0.1080327183008194,1.3622625589370727,-0.03201127275824547,-0.02700817957520485,0.17198070618959077,0.19999999999998863,,none,0.182492796807729,0.0,-0.009999999999999431,-0.0005120906181388041
R02_deeper_empty,184,37.79999999999999,61.967507170544884,66.86276340581217,9.083000715325262,-0.09343378739564714,-0.07012966252772877,1.3695102336948581,-0.053329966809290266,-0.018842622493295262,0.7863757610321045,-0.1938311904668808,-0.09642577916383743,0.7863757610321045,-0.1938311904668808,-0.09642577916383743,1.3718254566192627,-0.06784091666340827,-0.024106444790959358,0.17265783728177403,0.19999999999998863,,none,0.1828752062247787,0.0,-0.009999999999999431,-0.00021736894300525945
R02_deeper_empty,185,37.99999999999998,62.24062526459432,66.8357543696314,9.10269539736283,-0.10347619777320982,-0.07273340233207241,1.3814978212223563,-0.04753119148625568,-0.008011145509238916,0.8728940486907959,-0.10204318165779114,0.05623997375369072,0.8728940486907959,-0.10204318165779114,0.05623997375369072,1.4237364292144776,-0.035715113580226894,0.01405999343842268,0.17351293708189525,0.19999999999998863,,none,0.18429728277738278,0.0,-0.009999999999999431,-0.000784345695488107
R02_deeper_empty,186,38.19999999999997,62.512703898870676,66.80624802848602,9.123041875530333,-0.11238379914225208,-0.07642383354648567,1.363644283639341,-0.04196439262519104,-0.027429595314337273,0.667894721031189,-0.08748859912157059,-0.26799312233924866,0.667894721031189,-0.08748859912157059,-0.26799312233924866,1.3007368326187134,-0.030621009692549703,-0.06699828058481216,0.1711663511822992,0.19999999999998863,,none,0.18411362439861279,0.0,-0.009999999999999431,-0.0029472732163141556
R02_deeper_empty,187,38.399999999999956,62.784576895477834,66.77428192374592,9.144565872576889,-0.12216233171167991,-0.07974164830634875,1.381436670762705,-0.054849761022388095,-0.00726812515454304,0.9068810939788818,-0.23173166811466217,0.13525840640068054,0.9068810939788818,-0.23173166811466217,0.13525840640068054,1.444128656387329,-0.08110608384013175,0.033814601600170135,0.16990898502448115,0.19999999999998863,,none,0.18471963192124718,0.0,-0.009999999999999431,-0.00481064689676659
R02_deeper_empty,188,38.599999999999945,63.05744672079157,66.73949137935395,9.166855200694071,-0.13057269356968698,-0.08237764590395744,1.3785124260351216,-0.031047813708251333,-0.01826315393994319,0.7803479433059692,0.049865882843732834,-0.16267023980617523,0.7803479433059692,0.049865882843732834,-0.16267023980617523,1.3682087659835815,0.01745305899530649,-0.04066755995154381,0.17226693515153374,0.19999999999998863,,none,0.18594832109464576,0.0,-0.009999999999999431,-0.003681385943112594
R02_deeper_empty,189,38.79999999999993,63.32870766795397,66.70289626408811,9.19007779230816,-0.13808981805344359,-0.0873760947616741,1.3689622039173373,-0.04320699212463783,-0.030778082680102976,0.7255195379257202,-0.19423876702785492,-0.2251182645559311,0.7255195379257202,-0.19423876702785492,-0.2251182645559311,1.335311722755432,-0.06798356845974922,-0.05627956613898277,0.17393216958446106,0.19999999999998863,,none,0.18526202938287284,0.0,-0.009999999999999431,-0.0013298597984123498
R02_deeper_empty,190,38.99999999999992,63.60086159363309,66.66390546894009,9.214723941132672,-0.14635792580793894,-0.09029161823305899,1.390390427670395,-0.039735715995339205,-0.0006480563953493862,0.9431556463241577,-0.09332099556922913,0.24298979341983795,0.9431556463241577,-0.09332099556922913,0.24298979341983795,1.4658933877944946,-0.032662348449230195,0.06074744835495949,0.17106795753449514,0.19999999999998863,,none,0.18660145805883133,0.0,-0.009999999999999431,-0.0055335005243367565
R02_deeper_empty,191,39.19999999999991,63.871492056091924,66.62297506799129,9.239793567320577,-0.1536422253436798,-0.09345930031147813,1.3596034745575143,-0.033571850760508344,-0.02889945264023691,0.5852079391479492,-0.06003381311893463,-0.3458676040172577,0.5852079391479492,-0.06003381311893463,-0.3458676040172577,1.2511247634887694,-0.02101183459162712,-0.08646690100431442,0.16621754174725714,0.19999999999998863,,none,0.18573729438934805,0.0,-0.009999999999999431,-0.00951975264209147
R02_deeper_empty,192,39.3999999999999,64.14131034701063,66.58009926619074,9.265932373744315,-0.16213516972286782,-0.09625728831480082,1.383779814414391,-0.05011103255018991,-0.001170372130436791,0.9482764005661011,-0.23946478962898254,0.22133104503154755,0.9482764005661011,-0.23946478962898254,0.22133104503154755,1.4689658403396606,-0.08381267637014389,0.05533276125788689,0.16596740988159644,0.19999999999998863,,none,0.18568197969140954,0.0,-0.009999999999999431,-0.009714569809813663
R02_deeper_empty,193,39.59999999999989,64.4123480212895,66.53457548553715,9.292708038403429,-0.16989215821328127,-0.09878399801664847,1.377860092207521,-0.02904648992426432,-0.02248987121333664,0.7616696357727051,0.039646897464990616,-0.26372918486595154,0.7616696357727051,0.039646897464990616,-0.26372918486595154,1.357001781463623,0.013876414112746715,-0.06593229621648788,0.1698722792772079,0.19999999999998863,,none,0.18683245618055366,0.0,-0.009999999999999431,-0.006960176903346329
R02_deeper_empty,194,39.799999999999876,64.68312230524513,66.4872477096665,9.320536976226427,-0.1764394774326296,-0.10285729436484885,1.3846700423583072,-0.03590944069464742,-0.01854073892991503,0.8477751612663269,-0.14255420863628387,-0.04197460412979126,0.8477751612663269,-0.14255420863628387,-0.04197460412979126,1.4086650967597962,-0.04989397302269935,-0.010493651032447815,0.17517489577381176,0.19999999999998863,,none,0.1869706257470618,0.0,-0.009999999999999431,-0.0017957299732506175
R02_deeper_empty,195,39.999999999999865,64.95503031689502,66.4378826011272,9.349581417136159,-0.1822710851143739,-0.10656952799562515,1.3936609907946256,-0.02335301566141982,-0.018578733706164183,0.8755680918693542,0.0063800690695643425,-0.07462462037801743,0.8755680918693542,0.0063800690695643425,-0.07462462037801743,1.4253408551216125,0.0022330241743475196,-0.018656155094504356,0.17758608032586795,0.19999999999998863,,none,0.1880664781184329,0.0,-0.009999999999999431,-0.0004803977925655369
R02_deeper_empty,196,40.199999999999854,65.22671059079896,66.38719830311658,9.379778005993328,-0.18642989660759873,-0.11153265564536889,1.3867910073722434,-0.01859380188898993,-0.03017828310514395,0.7709740400314331,-0.025417208671569824,-0.21525804698467255,0.7709740400314331,-0.025417208671569824,-0.21525804698467255,1.3625844240188598,-0.008896023035049438,-0.05381451174616814,0.177357873632008,0.19999999999998863,,none,0.18799244849662244,0.0,-0.009999999999999431,-0.0006345748646150003
R02_deeper_empty,197,40.39999999999984,65.49862070642462,66.33534342153968,9.411504181692955,-0.1906144815450539,-0.11621875394692657,1.3988714387727637,-0.02292556210283809,-0.017628573319865323,0.9023953080177307,-0.09072092920541763,0.031775131821632385,0.9023953080177307,-0.09072092920541763,0.031775131821632385,1.4414371848106384,-0.03175232522189617,0.007943782955408096,0.17665290036797898,0.19999999999998863,,none,0.18830413070849517,0.0,-0.009999999999999431,-0.0016512303405167394
R02_deeper_empty,198,40.59999999999983,65.77136321975243,66.28213613047828,9.444512092121807,-0.1944475122842459,-0.12050583732497047,1.3994784221663368,-0.015931861497303954,-0.024708635191459265,0.8360285758972168,-0.004802577663213015,-0.15654228627681732,0.8360285758972168,-0.004802577663213015,-0.15654228627681732,1.4016171455383302,-0.001680902182124555,-0.03913557156920433,0.1779023120244739,0.19999999999998863,,none,0.18884731114894038,0.0,-0.009999999999999431,-0.0009449991244670445
R02_deeper_empty,199,40.79999999999982,66.04432648791885,66.22794896752862,9.478858652322184,-0.19740421164878855,-0.1248970773951652,1.4043101037011334,-0.013796104459486161,-0.019589588766770926,0.8688911199569702,-0.02698315493762493,-0.03663433715701103,0.8688911199569702,-0.02698315493762493,-0.03663433715701103,1.4213346719741822,-0.009444104228168725,-0.009158584289252758,0.17856827647313842,0.19999999999998863,,none,0.18888727329458632,0.0,-0.009999999999999431,-0.00031899682144846897
R02_deeper_empty,200,40.99999999999981,66.31757539097225,66.1729145005342,9.51442009811768,-0.20005556484810713,-0.12893574978308692,1.4055856608389832,-0.012793029440393745,-0.020712501053839504,0.8501335382461548,-0.03071165271103382,-0.09200257062911987,0.8501335382461548,-0.03071165271103382,-0.09200257062911987,1.410080122947693,-0.010749078448861837,-0.023000642657279968,0.17871635620843618,0.19999999999998863,,none,0.18878498400533772,0.0,-0.009999999999999431,-6.862779690212374e-05
R02_deeper_empty,201,41.1999999999998,66.5911526340736,66.11708634355168,9.551178331922982,-0.20251525223765215,-0.1327318021635375,1.4104351404784756,-0.011873174083953969,-0.017490839815868423,0.8792040348052979,-0.028567995876073837,-0.04370443522930145,0.8792040348052979,-0.028567995876073837,-0.04370443522930145,1.4275224208831787,-0.009998798556625842,-0.010926108807325363,0.17857654536805428,0.19999999999998863,,none,0.18864019334641213,0.0,-0.009999999999999431,-6.364797835840825e-05
R02_deeper_empty,202,41.399999999999785,66.86514638245376,66.06047658235583,9.589024966919451,-0.2050132664543897,-0.1361529554727654,1.4127470217347704,-0.013020494389030024,-0.016774671020279058,0.8681550025939941,-0.04388106241822243,-0.0612613782286644,0.8681550025939941,-0.04388106241822243,-0.0612613782286644,1.4208930015563965,-0.015358371846377849,-0.0153153445571661,0.17842269840429215,0.19999999999998863,,none,0.18843599475163586,0.0,-0.009999999999999431,-1.3296347344271543e-05
R02_deeper_empty,203,41.599999999999774,67.13954154493125,66.00303930310443,9.627883104232096,-0.20770362302148296,-0.13920261558961095,1.4172665057625786,-0.013822615313843503,-0.01393588951363305,0.8886517286300659,-0.04416310042142868,-0.03260538727045059,0.8886517286300659,-0.04416310042142868,-0.03260538727045059,1.4331910371780396,-0.015457085147500037,-0.008151346817612648,0.1781493936075198,0.19999999999998863,,none,0.18817422083034785,0.0,-0.009999999999999431,-2.4827222828605334e-05
R02_deeper_empty,204,41.79999999999976,67.41439321501991,65.94471236507991,9.667649117367851,-0.21054188410029723,-0.1419881818191232,1.4203162981143298,-0.01450831424820066,-0.013920902365010444,0.8851038813591003,-0.04544443637132645,-0.055561453104019165,0.8851038813591003,-0.04544443637132645,-0.055561453104019165,1.4310623288154602,-0.015905552729964256,-0.013890363276004791,0.17786674907372607,0.19999999999998863,,none,0.1878775732737381,0.0,-0.009999999999999431,-1.0824200012594654e-05
R02_deeper_empty,205,41.99999999999975,67.68964835160327,65.88547474940086,9.708278845965555,-0.21339268415559687,-0.14456741481398055,1.4242373547075264,-0.01403533483068896,-0.012015070408856528,0.8967555165290833,-0.03734729066491127,-0.03252634033560753,0.8967555165290833,-0.03734729066491127,-0.03252634033560753,1.43805330991745,-0.013071551732718944,-0.008131585083901882,0.17749510285682998,0.19999999999998863,,none,0.187509741672649,0.0,-0.009999999999999431,-1.4638815819574825e-05
R02_deeper_empty,206,42.19999999999974,67.96525320511317,65.82534709472908,9.749699485660614,-0.2162118615151614,-0.14704728061780561,1.4267683739892656,-0.01414795087750823,-0.012729724080623433,0.8928108215332031,-0.0410783626139164,-0.05674385279417038,0.8928108215332031,-0.0410783626139164,-0.05674385279417038,1.4356864929199218,-0.014377426914870739,-0.014185963198542595,0.1770143770394193,0.19999999999998863,,none,0.18702669642794234,0.0,-0.009999999999999431,-1.2319388523596432e-05
R02_deeper_empty,207,42.39999999999973,68.24118908903817,65.76432968837565,9.791910645002412,-0.2190405814619242,-0.14943714212326056,1.4304288653840935,-0.014139858512797858,-0.011278286063481292,0.9055445194244385,-0.040352482348680496,-0.03328284993767738,0.9055445194244385,-0.040352482348680496,-0.03328284993767738,1.443326711654663,-0.014123368822038173,-0.008320712484419346,0.17649019763338847,0.19999999999998863,,none,0.18650445948577143,0.0,-0.009999999999999431,-1.4261852383541662e-05
R02_deeper_empty,208,42.59999999999972,68.5174509220397,65.70243273448244,9.83486187268248,-0.22173571862801345,-0.1516871371990535,1.4329589977239345,-0.012904613723363503,-0.011225633151876108,0.9031233191490173,-0.02967878244817257,-0.044473372399806976,0.9031233191490173,-0.02967878244817257,-0.044473372399806976,1.4418739914894103,-0.0103875738568604,-0.011118343099951744,0.17590352178799015,0.19999999999998863,,none,0.1859084221454559,0.0,-0.009999999999999431,-4.9003574663045865e-06
R02_deeper_empty,209,42.799999999999706,68.79392601536455,65.63973075694643,9.878517180499882,-0.22429125110606443,-0.15386750064151664,1.4353075966035433,-0.012668506492667235,-0.010623392254732314,0.9059715867042542,-0.034821126610040665,-0.03758485987782478,0.9059715867042542,-0.034821126610040665,-0.03758485987782478,1.4435829520225525,-0.012187394313514233,-0.009396214969456196,0.17516160780740483,0.19999999999998863,,none,0.18516324796613048,0.0,-0.009999999999999431,-1.6401587262163813e-06
R02_deeper_empty,210,42.999999999999694,69.07059778644539,65.57623794625457,9.922849532559482,-0.22689747566787383,-0.15597113924404607,1.4376308443895331,-0.013342909290725988,-0.010427740101171857,0.9096947908401489,-0.04204894229769707,-0.04011625051498413,0.9096947908401489,-0.04204894229769707,-0.04011625051498413,1.4458168745040894,-0.014717129804193973,-0.010029062628746033,0.17435088159791526,0.19999999999998863,,none,0.18435233182805888,0.0,-0.009999999999999431,-1.4502301442034793e-06
R02_deeper_empty,211,43.19999999999968,69.34747959984595,65.51191208896945,9.967847715455022,-0.2296920851810235,-0.1580095756114839,1.4402034006131597,-0.014514856047235934,-0.009989643012982788,0.9154464602470398,-0.04829404130578041,-0.03638775646686554,0.9154464602470398,-0.04829404130578041,-0.03638775646686554,1.4492678761482238,-0.016902914457023143,-0.009096939116716385,0.17352981845918872,0.19999999999998863,,none,0.18353153815179724,0.0,-0.009999999999999431,-1.7196926090756737e-06
R02_deeper_empty,212,43.39999999999967,69.62456950739929,65.4466862638568,10.013494653630936,-0.23272805234745564,-0.1599817990525192,1.442681078445938,-0.015751601906007693,-0.009750607535283503,0.9190187454223633,-0.052204858511686325,-0.037054114043712616,0.9190187454223633,-0.052204858511686325,-0.037054114043712616,1.451411247253418,-0.018271700479090214,-0.009263528510928154,0.172703579874747,0.19999999999998863,,none,0.18270414986964667,0.0,-0.009999999999999431,-5.69994900241344e-07
R02_deeper_empty,213,43.59999999999966,69.90183457620678,65.38049307978,10.059773928713447,-0.23602007236550676,-0.16189973201286886,1.445099177887783,-0.017069284360692962,-0.00945128225696485,0.9226990342140198,-0.05644087493419647,-0.035365406423807144,0.9226990342140198,-0.05644087493419647,-0.035365406423807144,1.4536194205284119,-0.019754306226968762,-0.008841351605951786,0.17185731732215215,0.19999999999998863,,none,0.18185800412403452,0.0,-0.009999999999999431,-6.868018829458978e-07
R02_deeper_empty,214,43.79999999999965,70.17923843381175,65.31326187945591,10.106668855761173,-0.23957720932578033,-0.16376890600335994,1.4474064994795792,-0.018401663627420732,-0.009255233844635741,0.925894021987915,-0.060333237051963806,-0.03542299568653107,0.925894021987915,-0.060333237051963806,-0.03542299568653107,1.455536413192749,-0.021116632968187332,-0.008855748921632767,0.17099328545631876,0.19999999999998863,,none,0.18099379269124327,0.0,-0.009999999999999431,-5.0723492508703e-07
R02_deeper_empty,215,43.99999999999964,70.45674275619231,65.24492065393933,10.154166141610235,-0.24340552146815927,-0.16559896705708907,1.4496466885916297,-0.019777742533704807,-0.009060085082576391,0.9292334318161011,-0.06451930850744247,-0.03464973345398903,0.9292334318161011,-0.06451930850744247,-0.03464973345398903,1.4575400590896606,-0.022581757977604866,-0.008662433363497257,0.17011376437741335,0.19999999999998863,,none,0.180114349833147,0.0,-0.009999999999999431,-5.854557342246936e-07
R02_deeper_empty,216,44.199999999999626,70.7343109900423,65.17539477047315,10.202254304964464,-0.24751104020038278,-0.16739589461131113,1.4518125837005598,-0.021172334215356883,-0.008919766305785847,0.9324069619178772,-0.06861163675785065,-0.03453536331653595,0.9324069619178772,-0.06861163675785065,-0.03453536331653595,1.4594441771507263,-0.024014072865247725,-0.008633840829133987,0.1692231332087026,0.19999999999998863,,none,0.17922366983918891,0.0,-0.009999999999999431,-5.366304868861804e-07
R02_deeper_empty,217,44.399999999999615,71.01190836098367,65.10460708356435,10.250921251184268,-0.2519041222276801,-0.1691305392994744,1.4539402233705665,-0.022647316437951436,-0.008461239784869963,0.9357283711433411,-0.07329390197992325,-0.03010762855410576,0.9357283711433411,-0.07329390197992325,-0.03010762855410576,1.4614370226860047,-0.025652865692973134,-0.00752690713852644,0.1683228744894764,0.19999999999998863,,none,0.1783239256935154,0.0,-0.009999999999999431,-1.0512040395851964e-06
R02_deeper_empty,218,44.5999999999996,71.28947321377412,65.03247948451553,10.300141515638762,-0.2566378834450136,-0.17080985679177596,1.45574191564754,-0.024547108163154627,-0.008340997794074606,0.9368170499801636,-0.08119510114192963,-0.03238392993807793,0.9368170499801636,-0.08119510114192963,-0.03238392993807793,1.4620902299880982,-0.028418285399675367,-0.008095982484519482,0.16739572447900491,0.19999999999998863,,none,0.17739710039336032,0.0,-0.009999999999999431,-1.3759143559621823e-06
R02_deeper_empty,219,44.79999999999959,71.56692929941016,64.95892139419348,10.349891673384107,-0.26173612205100844,-0.17239009957365012,1.4573906596916046,-0.026302940559624302,-0.007523076842953368,0.9386667609214783,-0.0853736400604248,-0.023425646126270294,0.9386667609214783,-0.0853736400604248,-0.023425646126270294,1.4632000565528869,-0.02988077402114868,-0.0058564115315675735,0.16644635229266036,0.19999999999998863,,none,0.17644837494199805,0.0,-0.009999999999999431,-2.022649338253857e-06
R02_deeper_empty,220,44.99999999999958,71.8441911992382,64.88385724909749,10.400123991653876,-0.2670857601910313,-0.17384482176294314,1.458582596222558,-0.027131027788518204,-0.007059113995689364,0.9379706978797913,-0.08233831077814102,-0.024454815313220024,0.9379706978797913,-0.08233831077814102,-0.024454815313220024,1.4627824187278748,-0.028818408772349355,-0.006113703828305006,0.16544959815689475,0.19999999999998863,,none,0.17544981329523068,0.0,-0.009999999999999431,-2.1513833650517456e-07
R02_deeper_empty,221,45.19999999999957,72.12116091240537,64.80725280770194,10.450794316776708,-0.2726229947195294,-0.17519647331138094,1.45939484985926,-0.028163499924864315,-0.0064995740908118296,0.9370947480201721,-0.08647815138101578,-0.02143763191998005,0.9370947480201721,-0.08647815138101578,-0.02143763191998005,1.4622568488121033,-0.03026735298335552,-0.005359407979995012,0.1643759099861531,0.19999999999998863,,none,0.17437645016543257,0.0,-0.009999999999999431,-5.401792800444061e-07
R02_deeper_empty,222,45.39999999999956,72.397772334733,64.72906354582157,10.501861156625449,-0.2783843253649804,-0.17641531777735953,1.4600844090344467,-0.029359652351327616,-0.0057456908555208845,0.9375234842300415,-0.09084866940975189,-0.016838056966662407,0.9375234842300415,-0.09084866940975189,-0.016838056966662407,1.462514090538025,-0.031797034293413164,-0.004209514241665602,0.16324784116466196,0.19999999999998863,,none,0.17324864999130796,0.0,-0.009999999999999431,-8.088266465669514e-07
R02_deeper_empty,223,45.59999999999955,72.67398959473653,64.64921988147005,10.55327100454522,-0.2844739878143287,-0.17738304043667616,1.4607440799903444,-0.03138436896345143,-0.004058685565987262,0.9384474158287048,-0.10145743936300278,-0.0024844002909958363,0.9384474158287048,-0.10145743936300278,-0.0024844002909958363,1.4630684494972228,-0.035510103777050966,-0.0006211000727489591,0.162076921934821,0.19999999999998863,,none,0.1720833104770101,0.0,-0.009999999999999431,-6.3885421896582974e-06
R02_deeper_empty,224,45.799999999999535,72.94978238082525,64.56761445388636,10.604925045581844,-0.29097554531551184,-0.17792433244919556,1.4613748014412717,-0.03347373056745419,-0.0015437831142798208,0.9393286108970642,-0.10780340433120728,0.01432318426668644,0.9393286108970642,-0.10780340433120728,0.01432318426668644,1.4635971665382386,-0.037731191515922545,0.00358079606667161,0.16086550728469565,0.19999999999998863,,none,0.17087197813819088,0.0,-0.009999999999999431,-6.470853495796386e-06
R02_deeper_empty,225,45.999999999999524,73.22507844699248,64.48414378008323,10.656672014949901,-0.29788590371019485,-0.17792317937064722,1.4615166644632611,-0.035478735846636356,0.001338105542292251,0.9366942048072815,-0.11304087191820145,0.02884194813668728,0.9366942048072815,-0.11304087191820145,0.02884194813668728,1.462016522884369,-0.0395643051713705,0.00721048703417182,0.15955599977107343,0.19999999999998863,,none,0.16956090308440253,0.0,-0.009999999999999431,-4.903313329670811e-06
R02_deeper_empty,226,46.19999999999951,73.4997075737612,64.3987368512287,10.70831926123998,-0.30521321109181254,-0.17733110382976303,1.460569793096873,-0.03763204291024036,0.0043552474521621354,0.9287224411964417,-0.12005658447742462,0.042012929916381836,0.9287224411964417,-0.12005658447742462,0.042012929916381836,1.457233464717865,-0.04201980456709861,0.010503232479095459,0.15806676911985051,0.19999999999998863,,none,0.16807249399982638,0.0,-0.009999999999999431,-5.724879976435962e-06
R02_deeper_empty,227,46.3999999999995,73.7734381213591,64.31133573548149,10.759657911216745,-0.31301268476872945,-0.17616357259271853,1.4584906510201232,-0.04017130901208357,0.007112267895763417,0.9186078906059265,-0.12955866754055023,0.05092082917690277,0.9186078906059265,-0.12955866754055023,0.05092082917690277,1.4511647343635559,-0.04534553363919258,0.012730207294225693,0.15636811811141815,0.19999999999998863,,none,0.16637355699912604,0.0,-0.009999999999999431,-5.438887708444362e-06
R02_deeper_empty,228,46.59999999999949,74.04603764273877,64.22186155239848,10.810497334097414,-0.32141050092681056,-0.17450772079046728,1.455435013762185,-0.04355204594574207,0.009282666849277714,0.907780647277832,-0.14411692321300507,0.05482102558016777,0.907780647277832,-0.14411692321300507,0.05482102558016777,1.4446683883666993,-0.05044092312455177,0.013705256395041943,0.15448911687904207,0.19999999999998863,,none,0.1644960045498074,0.0,-0.009999999999999431,-6.887670765887422e-06
R02_deeper_empty,229,46.79999999999948,74.31724423485936,64.13019523814746,10.860682154976235,-0.33066215262067766,-0.17251748787734714,1.4512186393815611,-0.04858512696171354,0.010525955443913958,0.8939368724822998,-0.16811703145503998,0.05223754420876503,0.8939368724822998,-0.16811703145503998,0.05223754420876503,1.43636212348938,-0.05884096100926399,0.013059386052191257,0.15247426821383506,0.19999999999998863,,none,0.16248975480727879,0.0,-0.009999999999999431,-1.548659344430381e-05
R02_deeper_empty,230,46.99999999999947,74.58676906142631,64.0361366574406,10.910111871567167,-0.3411399640606097,-0.170376649015775,1.4461672653302926,-0.055659770545606065,0.010857448493560642,0.8806143403053284,-0.20021618902683258,0.04613170772790909,0.8806143403053284,-0.20021618902683258,0.04613170772790909,1.428368604183197,-0.0700756661593914,0.011532926931977272,0.15042254885865336,0.19999999999998863,,none,0.16044745139904393,0.0,-0.009999999999999431,-2.490254039112322e-05
R02_deeper_empty,231,47.199999999999456,74.8543302964453,63.939371030649994,10.95874894832499,-0.35325667789206966,-0.1682492187931526,1.4406000016668432,-0.06481717304187343,0.01044773397419533,0.8683059811592102,-0.23850592970848083,0.038451459258794785,0.8683059811592102,-0.23850592970848083,0.038451459258794785,1.4209835886955262,-0.08347707539796828,0.009612864814698696,0.1484650195673736,0.19999999999998863,,none,0.15849855129063073,0.0,-0.009999999999999431,-3.353172325770065e-05
R02_deeper_empty,232,47.399999999999444,75.11965917260105,63.83946772337883,11.006610625419132,-0.36737079800555517,-0.16626091637489954,1.434941969605092,-0.07551753992111111,0.009506249989980753,0.8583428859710693,-0.27806147933006287,0.03035120852291584,0.8583428859710693,-0.27806147933006287,0.03035120852291584,1.4150057315826416,-0.097321517765522,0.00758780213072896,0.14673420618113853,0.19999999999998863,,none,0.1567687965578095,0.0,-0.009999999999999431,-3.459037667155003e-05
R02_deeper_empty,233,47.59999999999943,75.38245612874198,63.73592817514279,11.053757429359194,-0.38369842638492374,-0.16460208942680635,1.4290260695469374,-0.08690078692843389,0.007251928055426158,0.8469687104225159,-0.31456074118614197,0.010633319616317749,0.8469687104225159,-0.31456074118614197,0.010633319616317749,1.4081812262535096,-0.11009625941514968,0.0026583299040794373,0.1452991608076966,0.19999999999998863,,none,0.15533616807026362,0.0,-0.009999999999999431,-3.7007262567617733e-05
R02_deeper_empty,234,47.79999999999942,75.64240063959394,63.62821960516765,11.100313963501593,-0.4024163096304146,-0.16344515742230425,1.423295125649602,-0.09934046520731153,0.00452306666060715,0.8385033011436462,-0.35625317692756653,-0.00414997385814786,0.8385033011436462,-0.35625317692756653,-0.00414997385814786,1.4031019806861877,-0.12468861192464828,-0.001037493464536965,0.1442364580620203,0.19999999999998863,,none,0.15427702742438498,0.0,-0.009999999999999431,-4.056936236527531e-05
R02_deeper_empty,235,47.99999999999941,75.89909965796373,63.515799838441716,11.146436307352838,-0.42363816422754963,-0.162926406741249,1.4171125924106707,-0.1119292614060697,0.0009348821279396504,0.8255470991134644,-0.39308932423591614,-0.02550683170557022,0.8255470991134644,-0.39308932423591614,-0.02550683170557022,1.3953282594680787,-0.13758126348257063,-0.006376707926392555,0.14357920139064748,0.19999999999998863,,none,0.1536188189965806,0.0,-0.009999999999999431,-3.9617605933686544e-05
R02_deeper_empty,236,48.1999999999994,76.15203729054996,63.398201631189536,11.192299035907542,-0.4471875930028197,-0.16312226091217089,1.4101152179826186,-0.12274950318643167,-0.0026251069542707244,0.8090996146202087,-0.4137078523635864,-0.03951697424054146,0.8090996146202087,-0.4137078523635864,-0.03951697424054146,1.3854597687721253,-0.14479774832725523,-0.009879243560135365,0.14330348909665414,0.19999999999998863,,none,0.15332132764749673,0.0,-0.009999999999999431,-1.7838550843152502e-05
R02_deeper_empty,237,48.39999999999939,76.40077803588014,63.27504514124146,11.238074715667377,-0.4726092123823122,-0.16383803577851297,1.4033642306404615,-0.13085572362258366,-0.004398947123582288,0.7992948889732361,-0.42106756567955017,-0.03205389901995659,0.7992948889732361,-0.42106756567955017,-0.03205389901995659,1.3795769333839416,-0.14737364798784255,-0.008013474754989147,0.14335610181198327,0.19999999999998863,,none,0.15336022172231978,0.0,-0.009999999999999431,-4.119910337073707e-06
R02_deeper_empty,238,48.599999999999376,76.64493543787319,63.146099127891745,11.283853215615052,-0.49943171207515313,-0.16477316528615893,1.3959126045611292,-0.13691275406115863,-0.004913561401630552,0.7827609777450562,-0.42644307017326355,-0.02384873293340206,0.7827609777450562,-0.42644307017326355,-0.02384873293340206,1.3696565866470336,-0.14925507456064224,-0.005962183233350515,0.1435939480274125,0.19999999999998863,,none,0.15360133984780333,0.0,-0.009999999999999431,-7.391820391424234e-06
R02_deeper_empty,239,48.799999999999365,76.88417393446711,63.01124901859885,11.329652869504935,-0.5273124530926462,-0.165697164304914,1.3887006043746766,-0.14154548641788095,-0.004367579518052054,0.7721481919288635,-0.4313872456550598,-0.013020161539316177,0.7721481919288635,-0.4313872456550598,-0.013020161539316177,1.3632889151573182,-0.15098553597927092,-0.0032550403848290443,0.14392996211402226,0.19999999999998863,,none,0.15393504879506992,0.0,-0.009999999999999431,-5.0866810482397965e-06
R02_deeper_empty,240,48.99999999999935,77.118289465141,62.870408474340174,11.375458107052648,-0.556018013565782,-0.16647636632865034,1.3819780388936738,-0.14523224666953857,-0.003490543080229246,0.7638181447982788,-0.436413437128067,-0.006813676096498966,0.7638181447982788,-0.436413437128067,-0.006813676096498966,1.3582908868789674,-0.15274470299482346,-0.0017034190241247416,0.14433948514676137,0.19999999999998863,,none,0.15434214860171025,0.0,-0.009999999999999431,-2.6634549494598986e-06
R02_deeper_empty,241,49.19999999999934,77.34713405394656,62.723514600156726,11.42123891518275,-0.5854472826398007,-0.16704626643659923,1.3759936720751011,-0.1487921347967542,-0.0022983163009884706,0.7581793069839478,-0.44584590196609497,0.0005242656334303319,0.7581793069839478,-0.44584590196609497,0.0005242656334303319,1.3549075841903686,-0.15604606568813323,0.00013106640835758299,0.1448010514488762,0.19999999999998863,,none,0.1548045437143486,0.0,-0.009999999999999431,-3.4922654729760264e-06
R02_deeper_empty,242,49.39999999999933,77.57053147188454,62.57053512397362,11.46694779680342,-0.6155927906906841,-0.16738394496215916,1.370248926859828,-0.1523916497580675,-0.0011639651611741264,0.7500119209289551,-0.45636093616485596,0.004589940886944532,0.7500119209289551,-0.45636093616485596,0.004589940886944532,1.3500071525573731,-0.15972632765769956,0.001147485221736133,0.14528034884771765,0.19999999999998863,,none,0.15528422488480587,0.0,-0.009999999999999431,-3.876037088788793e-06
R02_deeper_empty,243,49.59999999999932,77.78826267309734,62.41146874918952,11.512531540603176,-0.6464486671207493,-0.16749531237315138,1.3648240224961008,-0.15590250117268636,-3.4813285996838564e-05,0.7428486943244934,-0.4658757448196411,0.00906417053192854,0.7428486943244934,-0.4658757448196411,0.00906417053192854,1.345709216594696,-0.16305651068687438,0.002266042632982135,0.14574840121952778,0.19999999999998863,,none,0.15575163846212803,0.0,-0.009999999999999431,-3.237242600801914e-06
R02_deeper_empty,244,49.79999999999931,78.00006431787574,62.246367580771235,11.557929591321514,-0.6779120823547143,-0.16738281480360223,1.3591341606903602,-0.15853336275569027,0.0010760621426140172,0.7318096160888672,-0.4682692289352417,0.013358705677092075,0.7318096160888672,-0.4682692289352417,0.013358705677092075,1.3390857696533203,-0.1638942301273346,0.003339676419273019,0.14616135232126726,0.19999999999998863,,none,0.15616427298219904,0.0,-0.009999999999999431,-2.920660932339073e-06
R02_deeper_empty,245,49.9999999999993,78.20562765386993,62.07541964727437,11.603057307551392,-0.7095104965739726,-0.16696559339065536,1.3526567404002028,-0.15752665513340464,0.0029545686820976825,0.7163889408111572,-0.44421514868736267,0.02712949365377426,0.7163889408111572,-0.44421514868736267,0.02712949365377426,1.3298333644866944,-0.1554753020405769,0.006782373413443565,0.14639951040071064,0.19999999999998863,,none,0.15641963101279188,0.0,-0.009999999999999431,-2.0120612081814277e-05
R02_deeper_empty,246,50.199999999999285,78.40477272700157,61.898970147950116,11.647794454404327,-0.7403831378047518,-0.16608478178490826,1.3458105297157161,-0.15164319444251403,0.005650364836247922,0.7028128504753113,-0.3990130126476288,0.04457419365644455,0.7028128504753113,-0.3990130126476288,0.04457419365644455,1.3216877102851867,-0.13965455442667007,0.011143548414111137,0.1463603486961994,0.19999999999998863,,none,0.15641098591398972,0.0,-0.009999999999999431,-5.063721779089647e-05
R02_deeper_empty,247,50.399999999999274,78.59754174917559,61.71750955144056,11.69199162369482,-0.7696452282641731,-0.16462704742511208,1.3386630622562952,-0.1417252286430335,0.008697328665059317,0.6891312599182129,-0.34718725085258484,0.0596243254840374,0.6891312599182129,-0.34718725085258484,0.0596243254840374,1.3134787559509278,-0.12151553779840468,0.01490608137100935,0.14598497231652502,0.19999999999998863,,none,0.15604696435600118,0.0,-0.009999999999999431,-6.199203947673288e-05
R02_deeper_empty,248,50.59999999999926,78.78418921295834,61.53163572395247,11.73548079182525,-0.7964941131437305,-0.1624568780815305,1.3315336415146024,-0.12781224379698172,0.012702494828045275,0.6773548722267151,-0.2841770350933075,0.08345504850149155,0.6773548722267151,-0.2841770350933075,0.08345504850149155,1.306412923336029,-0.09946196228265762,0.020863762125372887,0.14516601621569408,0.19999999999998863,,none,0.15525955369482602,0.0,-0.009999999999999431,-9.353747913251526e-05
R02_deeper_empty,249,50.79999999999925,78.96502188356682,61.34217678495817,11.778022529481394,-0.8202904407095627,-0.1594014705055802,1.3223495282862603,-0.11138886430675887,0.017490693702071243,0.6499817371368408,-0.22263768315315247,0.1089901402592659,0.6499817371368408,-0.22263768315315247,0.1089901402592659,1.2899890422821045,-0.07792318910360335,0.027247535064816475,0.14374950551247523,0.19999999999998863,,none,0.15385327393793347,0.0,-0.009999999999999431,-0.00010376842545881449
R02_deeper_empty,250,50.99999999999924,79.14032363820724,61.15016148615313,11.819317421920847,-0.8408814506910628,-0.1554492712066105,1.3108366420247528,-0.09570344759426241,0.021713059014187058,0.6171177625656128,-0.18211859464645386,0.1212676391005516,0.6171177625656128,-0.18211859464645386,0.1212676391005516,1.2702706575393676,-0.06374150812625885,0.0303169097751379,0.141602401475428,0.19999999999998863,,none,0.15165985296214402,0.0,-0.009999999999999431,-5.745148671659539e-05
R02_deeper_empty,251,51.19999999999923,79.31037092233596,60.956571987510785,11.859106765171054,-0.8588241990100701,-0.15088185602883905,1.2970691896567967,-0.08456364416303495,0.023803533411232355,0.5809319615364075,-0.17675495147705078,0.11225304752588272,0.5809319615364075,-0.17675495147705078,0.11225304752588272,1.2485591769218445,-0.06186423301696777,0.02806326188147068,0.13871299956791616,0.19999999999998863,,none,0.14874138844242424,0.0,-0.009999999999999431,-2.838887450864025e-05
R02_deeper_empty,252,51.39999999999922,79.4753651848417,60.76212560576566,11.897268640315607,-0.8753911763967492,-0.14623277697666265,1.2822024140506243,-0.08134845868966065,0.022765494268213723,0.5496981739997864,-0.21370549499988556,0.08260118961334229,0.5496981739997864,-0.21370549499988556,0.08260118961334229,1.2298189043998717,-0.07479692324995994,0.02065029740333557,0.13529744068268187,0.19999999999998863,,none,0.14536184317924494,0.0,-0.009999999999999431,-6.440249656362362e-05
R02_deeper_empty,253,51.599999999999206,79.63523278400005,60.56724166039989,11.933881419903118,-0.892512814833517,-0.1425427055072064,1.2657172999753465,-0.08927081644823597,0.014740095845614379,0.5127192139625549,-0.3011831045150757,-0.00645255483686924,0.5127192139625549,-0.3011831045150757,-0.00645255483686924,1.207631528377533,-0.10541408658027648,-0.00161313870921731,0.13151409694929095,0.19999999999998863,,none,0.141853103850341,0.0,-0.009999999999999431,-0.00033900690105061643
R02_deeper_empty,254,51.799999999999194,79.78976757566818,60.37165838243024,11.96947358493385,-0.9124701980754495,-0.1419270887398761,1.252873746658229,-0.10882891900295295,-0.0069492026624005665,0.5126985311508179,-0.4248062074184418,-0.2045806497335434,0.5126985311508179,-0.4248062074184418,-0.2045806497335434,1.2076191186904908,-0.1486821725964546,-0.05114516243338585,0.12788329959046768,0.19999999999998863,,none,0.1389740478701995,0.0,-0.009999999999999431,-0.0010907482797324092
R02_deeper_empty,255,51.99999999999918,79.9389457895529,60.17408424714961,12.005165787682198,-0.9364700422474809,-0.1450430130138104,1.2486531311501803,-0.1296037228034748,-0.0230002689318652,0.5563027858734131,-0.49124637246131897,-0.22282914817333221,0.5563027858734131,-0.49124637246131897,-0.22282914817333221,1.2337816715240477,-0.17193623036146163,-0.055707287043333054,0.1276518806110775,0.19999999999998863,,none,0.13778485329619983,0.0,-0.009999999999999431,-0.00013297268512289407
R02_deeper_empty,256,52.19999999999917,80.08144353109617,59.97489744732234,12.041554973097856,-0.9636748420050653,-0.15014159721212011,1.2283623022705785,-0.1415443109475696,-0.027636164912553655,0.42811164259910583,-0.47392991185188293,-0.14833064377307892,0.42811164259910583,-0.47392991185188293,-0.14833064377307892,1.1568669855594635,-0.165875469148159,-0.03708266094326973,0.12649951625018827,0.19999999999998863,,none,0.13694517337378542,0.0,-0.009999999999999431,-0.0004456571235977336
R02_deeper_empty,257,52.39999999999916,80.21561247333871,59.7756905057848,12.078581848080349,-0.9928687992046914,-0.1558540486465853,1.2030489718005026,-0.14977491895394193,-0.0293585342132133,0.3564278781414032,-0.4758465886116028,-0.13147272169589996,0.3564278781414032,-0.4758465886116028,-0.13147272169589996,1.1138567268848418,-0.16654630601406095,-0.03286818042397499,0.125211106972094,0.19999999999998863,,none,0.1353196354775612,0.0,-0.009999999999999431,-0.0001085285054677776
R02_deeper_empty,258,52.59999999999915,80.34125401246882,59.57656453007004,12.116267725662158,-1.0231798338613391,-0.16149316144462467,1.1824796892282727,-0.15308588000754383,-0.027195613415022392,0.3500053882598877,-0.456664502620697,-0.09115304797887802,0.3500053882598877,-0.456664502620697,-0.09115304797887802,1.1100032329559326,-0.15983257591724395,-0.022788261994719505,0.12376378461951651,0.19999999999998863,,none,0.1338044821572737,0.0,-0.009999999999999431,-4.069753775775564e-05
R02_deeper_empty,259,52.79999999999914,80.45862895343285,59.37738330592323,12.154548330057894,-1.0533222977466214,-0.1665582187141133,1.1619729453044179,-0.14867147330555278,-0.0237171328539351,0.3161947429180145,-0.39907515048980713,-0.06651633977890015,0.3161947429180145,-0.39907515048980713,-0.06651633977890015,1.0897168457508086,-0.1396763026714325,-0.016629084944725037,0.12233562936588031,0.19999999999998863,,none,0.13243696257804416,0.0,-0.009999999999999431,-0.00010133321216440838
R02_deeper_empty,260,52.999999999999126,80.56833344485992,59.178007081688186,12.19332167330481,-1.0818573102980487,-0.17078364601131077,1.147241233248645,-0.13751920058783781,-0.018900193519974354,0.32555603981018066,-0.32798394560813904,-0.03633915260434151,0.32555603981018066,-0.32798394560813904,-0.03633915260434151,1.0953336238861084,-0.11479438096284865,-0.009084788151085377,0.12103579167043692,0.19999999999998863,,none,0.13115683678877232,0.0,-0.009999999999999431,-0.0001210451183359787
R02_deeper_empty,261,53.199999999999115,80.67138196457573,58.97817526989189,12.232458348894669,-1.1065836696212068,-0.1735307093179625,1.1355420853215392,-0.11169106304007799,-0.009294427496413554,0.3238663375377655,-0.16874700784683228,0.041116394102573395,0.3238663375377655,-0.16874700784683228,0.041116394102573395,1.0943198025226593,-0.05906145274639129,0.010279098525643349,0.11933024806578099,0.19999999999998863,,none,0.1299574204489211,0.0,-0.009999999999999431,-0.0006271723831406953
R02_deeper_empty,262,53.3999999999991,80.76943524027791,58.77766825620251,12.271631647181733,-1.123436532263437,-0.17316423806061998,1.1308042392512845,-0.06068211503976282,0.011399440313093487,0.3568505048751831,0.12359444797039032,0.21426810324192047,0.3568505048751831,0.12359444797039032,0.21426810324192047,1.1141103029251098,0.04325805678963661,0.05356702581048012,0.1162491233229284,0.19999999999998863,,none,0.1285797832521709,0.0,-0.009999999999999431,-0.0023306599292430585
R02_deeper_empty,263,53.59999999999909,80.86364586608134,58.57953681750266,12.309615788862885,-1.1277168800223187,-0.1690432692414902,1.0973084267303754,0.01237250068502413,0.02851987805344265,0.1321416199207306,0.4606708586215973,0.25362375378608704,0.1321416199207306,0.4606708586215973,0.25362375378608704,0.9792849719524384,0.16123480051755903,0.06340593844652176,0.11132670783579589,0.19999999999998863,,none,0.1246399769722899,0.0,-0.009999999999999431,-0.003313269136494581
R02_deeper_empty,264,53.79999999999908,80.95503318782896,58.388630573728015,12.34519553250968,-1.1185334007781762,-0.16438558371220818,1.0510986525686543,0.07476012746285235,0.018790297135432923,-0.019538016989827156,0.5768184661865234,-0.004142098594456911,-0.019538016989827156,0.5768184661865234,-0.004142098594456911,0.8882771898061037,0.2018864631652832,-0.0010355246486142278,0.10529544553192596,0.19999999999998863,,none,0.11735424980492226,0.0,-0.009999999999999431,-0.002058804272996862
R02_deeper_empty,265,53.99999999999907,81.04622013235783,58.20459766747673,12.37900976162189,-1.102597586537414,-0.16267038451329316,1.0313544378283828,0.08390850075039381,-0.00020651287681514637,0.10297521948814392,0.2930000126361847,-0.1556641161441803,0.10297521948814392,0.2930000126361847,-0.1556641161441803,0.9617851316928863,0.10255000442266464,-0.038916029036045074,0.09841828755845705,0.19999999999998863,,none,0.11078871414826352,0.0,-0.009999999999999431,-0.002370426589807035
R02_deeper_empty,266,54.19999999999906,81.14010903901018,58.022418525595384,12.412787532063481,-1.0880931835639907,-0.1647045253353127,1.0451576809550576,0.06273163254876025,-0.01873816229404391,0.32298967242240906,0.055942412465810776,-0.22599931061267853,0.32298967242240906,0.055942412465810776,-0.22599931061267853,1.0937938034534453,0.01957984436303377,-0.05649982765316963,0.09577595925773148,0.19999999999998863,,none,0.10796695335531936,0.0,-0.009999999999999431,-0.002190994097588446
R02_deeper_empty,267,54.39999999999905,81.23767155656748,57.83860841039787,12.447845608769788,-1.0786951478025288,-0.16942695695919915,1.0642528805422569,0.03345528736183859,-0.02780294033598203,0.38589227199554443,-0.07485909759998322,-0.18509641289710999,0.38589227199554443,-0.07485909759998322,-0.18509641289710999,1.1315353631973266,-0.026200684159994124,-0.046274103224277496,0.0973214416112812,0.19999999999998863,,none,0.10777621799348225,0.0,-0.009999999999999431,-0.0004547763822016096
R02_deeper_empty,268,54.599999999999035,81.33725595266988,57.653839460504315,12.484318013991151,-1.075433047083997,-0.17448802926191906,1.0660830292694334,0.0015689942642751996,-0.023157881440114075,0.28755268454551697,-0.18115779757499695,-0.054770857095718384,0.28755268454551697,-0.18115779757499695,-0.054770857095718384,1.0725316107273102,-0.06340522915124892,-0.013692714273929596,0.09665202755824294,0.19999999999998863,,none,0.1074111243296656,0.0,-0.009999999999999431,-0.0007590967714232245
R02_deeper_empty,269,54.799999999999024,81.43680626703427,57.46891607700782,12.521738377326749,-1.0802873270347857,-0.17765260500228033,1.0671132171728095,-0.04648960994528459,-0.009516061844490924,0.2845718562602997,-0.4126226007938385,0.07312668114900589,0.2845718562602997,-0.4126226007938385,0.07312668114900589,1.0707431137561798,-0.14441791027784345,0.018281670287251472,0.09497002531824375,0.19999999999998863,,none,0.10636887773335246,0.0,-0.009999999999999431,-0.0013988524151092741
R02_deeper_empty,270,54.99999999999901,81.53383688113807,57.28448288738071,12.559402019538314,-1.0944091507580789,-0.18015624247699463,1.0514032664480952,-0.09134766900352,-0.015099489190365639,0.16008134186267853,-0.5221550464630127,-0.10590702295303345,0.16008134186267853,-0.5221550464630127,-0.10590702295303345,0.9960488051176071,-0.18275426626205443,-0.026476755738258362,0.0934195559102428,0.19999999999998863,,none,0.10461052215091726,0.0,-0.009999999999999431,-0.00119096624067503
R02_deeper_empty,271,55.199999999999,81.62593087146932,57.101249490232654,12.597153714741982,-1.1174619899635378,-0.18435971722950614,1.0346385400638274,-0.13582821777117565,-0.026105717354390906,0.12594591081142426,-0.6470444798469543,-0.1941317766904831,0.12594591081142426,-0.6470444798469543,-0.1941317766904831,0.9755675464868545,-0.226465567946434,-0.04853294417262077,0.09218096717592002,0.19999999999998863,,none,0.10267189128384047,0.0,-0.009999999999999431,-0.0004909241079210114
R02_deeper_empty,272,55.39999999999899,81.71117565677119,56.919569890401576,12.635154290457603,-1.1480302177478765,-0.19011556121606735,1.0091395922779873,-0.1674692695076435,-0.031077963604920354,0.03215553238987923,-0.6626964807510376,-0.16483934223651886,0.03215553238987923,-0.6626964807510376,-0.16483934223651886,0.9192933194339274,-0.23194376826286314,-0.041209835559129715,0.09081349086657092,0.19999999999998863,,none,0.10101148420523032,0.0,-0.009999999999999431,-0.00019799333865995667
R02_deeper_empty,273,55.59999999999898,81.78827489987293,56.73992348411982,12.673386487408372,-1.183658242499709,-0.19605526103780177,0.9840916784530155,-0.18731518829239985,-0.02851240140027328,-0.006942272186279297,-0.6507283449172974,-0.09313837438821793,-0.006942272186279297,-0.6507283449172974,-0.09313837438821793,0.8958346366882324,-0.22775492072105405,-0.02328459359705448,0.0892677022187165,0.19999999999998863,,none,0.0994039602864838,0.0,-0.009999999999999431,-0.0001362580677678685
R02_deeper_empty,274,55.79999999999897,81.8564986823466,56.56318439676651,12.711536567004897,-1.221495570916725,-0.20117955325505782,0.950139238376601,-0.1907957643647096,-0.023135759068670315,-0.11582192778587341,-0.5653945207595825,-0.04871942102909088,-0.11582192778587341,-0.5653945207595825,-0.04871942102909088,0.8305068433284759,-0.19788808226585386,-0.01217985525727272,0.08697378413720586,0.19999999999998863,,none,0.09739597782453302,0.0,-0.009999999999999431,-0.00042219368732772654
R02_deeper_empty,275,55.999999999998956,81.9162270061376,56.38915618290529,12.749429262188313,-1.2586489833068335,-0.20460315851548613,0.9294718564981486,-0.18144325918078305,-0.011943830762097592,-0.07225042581558228,-0.4639594256877899,0.04344717785716057,-0.07225042581558228,-0.4639594256877899,0.04344717785716057,0.8566497445106507,-0.16238579899072647,0.010861794464290142,0.08501249228285998,0.19999999999998863,,none,0.09542613700778801,0.0,-0.009999999999999431,-0.0004136447249285971
R02_deeper_empty,276,56.199999999998944,81.96846061796748,56.21738125953567,12.7868233297018,-1.2914663652917857,-0.20556433874463717,0.9056605188993123,-0.14916349135565032,0.0013314673647664287,-0.13039901852607727,-0.2382499724626541,0.11352937668561935,-0.13039901852607727,-0.2382499724626541,0.11352937668561935,0.8217605888843535,-0.08338749036192894,0.02838234417140484,0.08224789268745729,0.19999999999998863,,none,0.09343264330149736,0.0,-0.009999999999999431,-0.0011847506140406487
R02_deeper_empty,277,56.39999999999893,82.01502192309863,56.0467813270706,12.823586939092115,-1.3150948473060815,-0.20387058835318544,0.9008127654856547,-0.09146971677398472,0.014605565860312978,-0.027114054188132286,0.0745486468076706,0.16661599278450012,-0.027114054188132286,0.0745486468076706,0.16661599278450012,0.8837315674871207,0.026092026382684708,0.04165399819612503,0.0793755274857966,0.19999999999998863,,none,0.09160210646348688,0.0,-0.009999999999999431,-0.0022265789776908414
R02_deeper_empty,278,56.59999999999892,82.05819182259866,55.87716846277679,12.859433957423562,-1.3251923958829444,-0.19973672948268623,0.8864107476116536,-0.015250427644665398,0.025883038155611375,-0.10722529143095016,0.40017279982566833,0.19545190036296844,-0.10722529143095016,0.40017279982566833,0.19545190036296844,0.8356648251414298,0.1400604799389839,0.04886297509074211,0.07708085081962966,0.19999999999998863,,none,0.08934645899817184,0.0,-0.009999999999999431,-0.0022656081785427484
R02_deeper_empty,279,56.79999999999891,82.09900802100495,55.71510245334947,12.892860223133066,-1.3200190513563212,-0.1952541457124541,0.8210359415080937,0.06122026587616982,0.019429224405907206,-0.5155234336853027,0.6201241612434387,0.025113537907600403,-0.5155234336853027,0.6201241612434387,0.025113537907600403,0.5906859397888183,0.21704345643520354,0.006278384476900101,0.06840594205479128,0.19999999999998863,,none,0.08328796469642796,0.0,-0.009999999999999431,-0.00488202264163725
R02_deeper_empty,280,56.9999999999989,82.13837671715281,55.56596801453336,12.923176339552349,-1.303765153298999,-0.19367813959077176,0.7540738743960628,0.09850830954805469,-0.0020502520007608096,-0.6364481449127197,0.4985417127609253,-0.18327464163303375,-0.6364481449127197,0.4985417127609253,-0.18327464163303375,0.5181311130523681,0.17448959946632384,-0.04581866040825844,0.06333011687517517,0.19999999999998863,,none,0.07478673109390854,0.0,-0.009999999999999431,-0.0014566142187339359
R02_deeper_empty,281,57.19999999999889,82.17824985735172,55.4253360289908,12.95202799722888,-1.2858217260984992,-0.19714594964991722,0.7367160487703064,0.08215826745250585,-0.030484737387459493,-0.3740745782852173,0.139548659324646,-0.35370105504989624,-0.3740745782852173,0.139548659324646,-0.35370105504989624,0.6755552530288695,0.048842030763626094,-0.08842526376247406,0.05477823055702227,0.19999999999998863,,none,0.0693134518224312,0.0,-0.009999999999999431,-0.0045352212654095015
R02_deeper_empty,282,57.399999999998876,82.22192873920801,55.27973193038501,12.982938187223876,-1.275016357707256,-0.2043303312680977,0.8110482495544619,0.029838746208997458,-0.040596922003233296,0.28826647996902466,-0.2193484604358673,-0.24480947852134705,0.28826647996902466,-0.2193484604358673,-0.24480947852134705,1.0729598879814148,-0.07677196115255355,-0.06120236963033676,0.04967572772953392,0.19999999999998863,,none,0.07126293163874564,0.0,-0.009999999999999431,-0.011587203909212284
R02_deeper_empty,283,57.599999999998865,82.26990294900973,55.12297907264299,13.01762879334439,-1.2744920431735773,-0.21279350008111397,0.8621536735258145,-0.02078042662438123,-0.04379381578818092,0.23704183101654053,-0.3540753126144409,-0.20123231410980225,0.23704183101654053,-0.3540753126144409,-0.20123231410980225,1.0422250986099242,-0.12392635941505431,-0.05030807852745056,0.06612852312608883,0.19999999999998863,,none,0.07658200829841633,0.0,-0.009999999999999431,-0.0004534851723280653
R02_deeper_empty,284,57.79999999999885,82.31938935264544,54.95869205792922,13.05540487038188,-1.2836573639307918,-0.2200651610511557,0.8932682216893705,-0.0673619266714605,-0.029965068555769518,0.1715020388364792,-0.4636581540107727,-0.007145747076719999,0.1715020388364792,-0.4636581540107727,-0.007145747076719999,1.0029012233018875,-0.16228035390377044,-0.0017864367691799998,0.06913288111996421,0.19999999999998863,,none,0.08021235029976737,0.0,-0.009999999999999431,-0.0010794691798037272
R02_deeper_empty,285,57.99999999999884,82.36737859470409,54.791296399253525,13.094842105868155,-1.3008617452879354,-0.2249795680141334,0.8922846651196065,-0.10206621942477877,-0.01993497095512694,-0.018634874373674393,-0.4936646819114685,0.0020128367468714714,-0.018634874373674393,-0.4936646819114685,0.0020128367468714714,0.8888190753757954,-0.17278263866901397,0.0005032091867178679,0.07065522200633363,0.19999999999998863,,none,0.08139794834912095,0.0,-0.009999999999999431,-0.0007427263427878893
R02_deeper_empty,286,58.19999999999883,82.41180326057224,54.623537515142466,13.134854190682141,-1.323939731768263,-0.2278136323622329,0.8888551254031555,-0.12684599051128825,-0.009213733700869229,-0.038714926689863205,-0.506683886051178,0.05053108558058739,-0.038714926689863205,-0.506683886051178,0.05053108558058739,0.8767710439860821,-0.1773393601179123,0.012632771395146847,0.07093151318076216,0.19999999999998863,,none,0.08099004775370844,0.0,-0.009999999999999431,-5.8534572946853676e-05
R02_deeper_empty,287,58.39999999999882,82.45161513114758,54.45647120505953,13.174782963528854,-1.3501327386871376,-0.22870709310628612,0.8750860131465219,-0.13450669062178852,-0.00038620577364920994,-0.12238308042287827,-0.42890509963035583,0.07040606439113617,-0.12238308042287827,-0.42890509963035583,0.07040606439113617,0.8265701517462729,-0.15011678487062452,0.017601516097784042,0.06956245776852438,0.19999999999998863,,none,0.07983135605550196,0.0,-0.009999999999999431,-0.00026889828697814145
R02_deeper_empty,288,58.59999999999881,82.48655839660864,54.29047334739004,13.214228118014269,-1.3762840427270808,-0.22791066492626266,0.8669560634000306,-0.12753203087373458,0.007738153463933402,-0.10281674563884735,-0.32377105951309204,0.09717215597629547,-0.10281674563884735,-0.32377105951309204,0.09717215597629547,0.8383099526166915,-0.11331987082958221,0.024293038994073868,0.06802790121620768,0.19999999999998863,,none,0.0782709498463472,0.0,-0.009999999999999431,-0.00024304863014008694
R02_deeper_empty,289,58.799999999998796,82.51710280565031,54.1249628972216,13.253090025767639,-1.3995668423657448,-0.22569024550195016,0.8607094431099149,-0.10685443858159414,0.013994499118386898,-0.10216783732175827,-0.18491433560848236,0.1069718450307846,-0.10216783732175827,-0.18491433560848236,0.1069718450307846,0.838699297606945,-0.06472001746296882,0.02674296125769615,0.06635384039920175,0.19999999999998863,,none,0.07674139329442298,0.0,-0.009999999999999431,-0.0003875528952217933
R02_deeper_empty,290,58.999999999998785,82.54402383735608,53.959966129941336,13.2911926703105,-1.4172968404759956,-0.22225270962786217,0.8542712125641072,-0.07299735566998106,0.019933254765650034,-0.11402346193790436,-0.011449380777776241,0.12813827395439148,-0.11402346193790436,-0.011449380777776241,0.12813827395439148,0.8315859228372573,-0.004007283272221684,0.03203456848859787,0.06431952849410259,0.19999999999998863,,none,0.07493310177615875,0.0,-0.009999999999999431,-0.0006135732820567197
R02_deeper_empty,291,59.199999999998774,82.56818904498557,53.79729368403425,13.327984607149322,-1.4280416010799657,-0.21772163527964167,0.8320125848626755,-0.037151925531739065,0.024995915274741126,-0.24402721226215363,0.1025422066450119,0.14124809205532074,-0.24402721226215363,0.1025422066450119,0.14124809205532074,0.7535836726427079,0.03588977232575416,0.035312023013830185,0.06141976568687803,0.19999999999998863,,none,0.07202110417552099,0.0,-0.009999999999999431,-0.0006013384886435269
R02_deeper_empty,292,59.39999999999876,82.59038556447972,53.640182510160344,13.362675186939178,-1.4314734717522066,-0.21273589311414962,0.7939731697363764,3.075490251818608e-05,0.02487092678073016,-0.40009966492652893,0.2165638506412506,0.0984649583697319,-0.40009966492652893,0.2165638506412506,0.0984649583697319,0.6599402010440827,0.0757973477244377,0.024616239592432976,0.056721745950804835,0.19999999999998863,,none,0.06750554479696902,0.0,-0.009999999999999431,-0.0007837988461647527
R02_deeper_empty,293,59.59999999999875,82.61151743965961,53.49075941925201,13.394929109533939,-1.4278303797705463,-0.20867042801966246,0.7512231541085596,0.03385111924852393,0.016420624637217926,-0.49901291728019714,0.29361820220947266,-0.003193719545379281,-0.49901291728019714,0.29361820220947266,-0.003193719545379281,0.6005922496318816,0.10276637077331542,-0.0007984298863448203,0.051640671658680574,0.19999999999998863,,none,0.06216178548632456,0.0,-0.009999999999999431,-0.0005211138276445586
R02_deeper_empty,294,59.79999999999874,82.63254833815051,53.348862568294805,13.425151112813749,-1.4185206051936525,-0.20727473442018818,0.716381250394699,0.05746671566358389,-0.0011401319255153774,-0.5106419920921326,0.3016796112060547,-0.1476936936378479,-0.5106419920921326,0.3016796112060547,-0.1476936936378479,0.5936148047447205,0.10558786392211914,-0.036923423409461975,0.0468348625683857,0.19999999999998863,,none,0.05725647185255944,0.0,-0.009999999999999431,-0.00042160928417431736
R02_deeper_empty,295,59.99999999999873,82.65457169080231,53.21058524877242,13.454704832090023,-1.40726472486454,-0.20942751558155198,0.7147533314729718,0.05525851967306075,-0.019038664727986175,-0.31830447912216187,0.14502546191215515,-0.22204095125198364,-0.31830447912216187,0.14502546191215515,-0.22204095125198364,0.7090173125267029,0.0507589116692543,-0.05551023781299591,0.04312712446673329,0.19999999999998863,,none,0.054468359588756954,0.0,-0.009999999999999431,-0.0013412351220242337
R02_deeper_empty,296,60.19999999999872,82.67864321525322,53.068622286700375,13.48564398982348,-1.399678061732713,-0.2141603502449666,0.756064786364784,0.023036676539861613,-0.027641300059092985,0.002711468143388629,-0.12177512049674988,-0.18068304657936096,0.002711468143388629,-0.12177512049674988,-0.18068304657936096,0.901626880886033,-0.04262129217386246,-0.04517076164484024,0.041508655175351634,0.19999999999998863,,none,0.055027540484379855,0.0,-0.009999999999999431,-0.0035188853090287876
R02_deeper_empty,297,60.399999999998705,82.70422795727383,52.92067717050882,13.518738865629588,-1.4017718258507486,-0.21974287823225894,0.7802519743191019,-0.0392776761082375,-0.02814594467726462,-0.05753962695598602,-0.4750134348869324,-0.11669700592756271,-0.05753962695598602,-0.4750134348869324,-0.11669700592756271,0.8654762238264084,-0.16625470221042632,-0.02917425148189068,0.0441057359136798,0.19999999999998863,,none,0.05675577020592293,0.0,-0.009999999999999431,-0.0026500342922436975
R02_deeper_empty,298,60.599999999998694,82.7292158265036,52.768728272759546,13.553588264838536,-1.4160407667529615,-0.22534688502253997,0.7977770687005773,-0.09891672902289697,-0.02791177279368012,-0.06745459884405136,-0.6298352479934692,-0.10973841696977615,-0.06745459884405136,-0.6298352479934692,-0.10973841696977615,0.8595272406935692,-0.22044233679771422,-0.02743460424244404,0.047453461871941674,0.19999999999998863,,none,0.05793579232076951,0.0,-0.009999999999999431,-0.00048233044882839974
R02_deeper_empty,299,60.79999999999868,82.75139761996196,52.61529379303302,13.589579870617248,-1.439831132372564,-0.2308602712030557,0.793964437280527,-0.13617850204661575,-0.027270427311577847,-0.1991157978773117,-0.6060178875923157,-0.10385426878929138,-0.1991157978773117,-0.6060178875923157,-0.10385426878929138,0.7805305212736129,-0.21210626065731047,-0.025963567197322845,0.04801326723756842,0.19999999999998863,,none,0.058371998461311136,0.0,-0.009999999999999431,-0.0003587312237432827
R02_deeper_empty,300,60.99999999999867,82.76927719281157,52.46243225820429,13.626170034408569,-1.4699309393970987,-0.2357639898276272,0.7882917250176761,-0.16281218381969037,-0.0221524979939057,-0.21949373185634613,-0.6202378273010254,-0.04689507931470871,-0.21949373185634613,-0.6202378273010254,-0.04689507931470871,0.7683037608861922,-0.21708323955535888,-0.011723769828677177,0.04810573265738239,0.19999999999998863,,none,0.058182968980265315,0.0,-0.009999999999999431,-7.723632288349269e-05
R02_deeper_empty,301,61.19999999999866,82.78202210056921,52.311697566533056,13.662837044901131,-1.503415265498765,-0.2396467225899666,0.7692017616844559,-0.17138494683089697,-0.0170587464100261,-0.3301037847995758,-0.5395815372467041,-0.026717139407992363,-0.3301037847995758,-0.5395815372467041,-0.026717139407992363,0.7019377291202544,-0.1888535380363464,-0.006679284851998091,0.047045626600564015,0.19999999999998863,,none,0.05742857000448964,0.0,-0.009999999999999431,-0.0003829434039261987
R02_deeper_empty,302,61.39999999999865,82.78946358303091,52.16388692824996,13.699247850474736,-1.5376612662812634,-0.24266637668497373,0.7556138452574004,-0.1710967801572198,-0.013412604754614518,-0.32043927907943726,-0.4871702492237091,-0.02393166534602642,-0.32043927907943726,-0.4871702492237091,-0.02393166534602642,0.7077364325523376,-0.17050958722829818,-0.005982916336506605,0.046277956229819936,0.19999999999998863,,none,0.05633491832279525,0.0,-0.009999999999999431,-5.696209297587629e-05
R02_deeper_empty,303,61.59999999999864,82.79184046525158,52.01849829384869,13.735439823736264,-1.571025065718202,-0.24512654523761362,0.7434641805123189,-0.16314085353218247,-0.011344922292691555,-0.33224251866340637,-0.4197976589202881,-0.028526546433568,-0.33224251866340637,-0.4197976589202881,-0.028526546433568,0.7006544888019561,-0.1469291806221008,-0.007131636608392,0.04529297261851914,0.19999999999998863,,none,0.05538696252494013,0.0,-0.009999999999999431,-9.398990642155686e-05
R02_deeper_empty,304,61.799999999998626,82.7895418560961,51.874937753178266,13.771522474148275,-1.6020786726889553,-0.24721545712044726,0.7373126347730593,-0.1484987905430154,-0.009670405131946084,-0.3072708547115326,-0.3390367925167084,-0.025033066049218178,-0.3072708547115326,-0.3390367925167084,-0.025033066049218178,0.7156374871730804,-0.11866287738084792,-0.0062582665123045444,0.044469938213620386,0.19999999999998863,,none,0.05461310033257938,0.0,-0.009999999999999431,-0.00014316211895955999
R02_deeper_empty,305,61.999999999998614,82.78305789471898,51.73259138975228,13.80762649494109,-1.6299338544964515,-0.2490300913976513,0.7329037632718525,-0.13134584730098625,-0.008559655032864547,-0.3043850362300873,-0.27541014552116394,-0.02518518455326557,-0.3043850362300873,-0.27541014552116394,-0.02518518455326557,0.7173689782619477,-0.09639355093240737,-0.006296296138316393,0.043908787294968686,0.19999999999998863,,none,0.053989921320892975,0.0,-0.009999999999999431,-8.113402592485497e-05
R02_deeper_empty,306,62.1999999999986,82.7728707634029,51.59092444243236,13.843876745266947,-1.6547065581987528,-0.2507360131568076,0.7329830870366025,-0.11743002706984543,-0.008503774297650212,-0.2778956890106201,-0.25449705123901367,-0.03355962783098221,-0.2778956890106201,-0.25449705123901367,-0.03355962783098221,0.733262586593628,-0.08907396793365478,-0.008389906957745552,0.04345386587086237,0.19999999999998863,,none,0.053478049357437385,0.0,-0.009999999999999431,-2.418348657558585e-05
R02_deeper_empty,307,62.39999999999859,82.75932218484418,51.449178729042764,13.880480108087033,-1.6770597209196842,-0.25250239616698544,0.7370634056290812,-0.10689558270765655,-0.009114058590290344,-0.24759912490844727,-0.24408486485481262,-0.041430503129959106,-0.24759912490844727,-0.24408486485481262,-0.041430503129959106,0.7514405250549316,-0.08542970269918441,-0.010357625782489777,0.04316259577918447,0.19999999999998863,,none,0.05318436070117727,0.0,-0.009999999999999431,-2.1764921993369103e-05
R02_deeper_empty,308,62.59999999999858,82.74265273938363,51.30699059122096,13.917559354785471,-1.6976395279224659,-0.2543697323185532,0.7416039415529515,-0.09946270441319083,-0.009528096806230209,-0.2373289167881012,-0.2409052550792694,-0.04148710519075394,-0.2373289167881012,-0.2409052550792694,-0.04148710519075394,0.7576026499271393,-0.08431683927774429,-0.010371776297688484,0.04297781551657828,0.19999999999998863,,none,0.05298012732251678,0.0,-0.009999999999999431,-2.3118059390647706e-06
R02_deeper_empty,309,62.79999999999857,82.72307374982216,51.16455716055601,13.9550873187828,-1.7169487703102366,-0.2562727043411125,0.7441939190715531,-0.09403853954149956,-0.009503478876243048,-0.24446703493595123,-0.23710228502750397,-0.03781326115131378,-0.24446703493595123,-0.23710228502750397,-0.03781326115131378,0.7533197790384292,-0.08298579975962639,-0.009453315287828445,0.04266168163668735,0.19999999999998863,,none,0.05266325988552545,0.0,-0.009999999999999431,-1.5782488386684169e-06
R02_deeper_empty,310,62.99999999999856,82.70079770285884,51.02237065046625,13.992943892042199,-1.7352925631293636,-0.2581263963712903,0.7439985930326357,-0.08972453572993225,-0.009066385235346737,-0.26114940643310547,-0.23123987019062042,-0.03270290419459343,-0.26114940643310547,-0.23123987019062042,-0.03270290419459343,0.7433103561401366,-0.08093395456671715,-0.008175726048648357,0.04212036700176416,0.19999999999998863,,none,0.05212714270525787,0.0,-0.009999999999999431,-6.77570349427753e-06
R02_deeper_empty,311,63.199999999998546,82.6760454114486,50.88100153418186,14.030971706086719,-1.7528386794158597,-0.25987303043823706,0.7408874439841526,-0.08601613018759918,-0.00844666391786195,-0.2834579646587372,-0.22417019307613373,-0.028735468164086342,-0.2834579646587372,-0.22417019307613373,-0.028735468164086342,0.7299252212047577,-0.0784595675766468,-0.0071838670410215855,0.041335013380333276,0.19999999999998863,,none,0.05134628123339802,0.0,-0.009999999999999431,-1.1267853065313263e-05
R02_deeper_empty,312,63.399999999998535,82.64904359922166,50.74099175165355,14.06901062952006,-1.7696858961033926,-0.2615040665676877,0.7351615171890252,-0.08270555519523473,-0.007904556118499068,-0.3083565831184387,-0.21702755987644196,-0.027199644595384598,-0.3083565831184387,-0.21702755987644196,-0.027199644595384598,0.7149860501289367,-0.07595964595675468,-0.0067999111488461494,0.040325907982151014,0.19999999999998863,,none,0.05033937432543567,0.0,-0.009999999999999431,-1.3466343285226183e-05
R02_deeper_empty,313,63.59999999999852,82.62000353251413,50.60273846442096,14.106937273843904,-1.785896758610901,-0.26304826120260094,0.7279211625150418,-0.07963453324084517,-0.007563124016655693,-0.3293173909187317,-0.20964787900447845,-0.02746957167983055,-0.3293173909187317,-0.20964787900447845,-0.02746957167983055,0.702409565448761,-0.07337675765156745,-0.006867392919957638,0.039162058453044636,0.19999999999998863,,none,0.04917193621332494,0.0,-0.009999999999999431,-9.877760280875281e-06
R02_deeper_empty,314,63.79999999999851,82.58910247720718,50.466421242748986,14.144689874532755,-1.8014139070090798,-0.264541784233486,0.7202944163658827,-0.07582414057733015,-0.007385494271335224,-0.34429773688316345,-0.19445645809173584,-0.028094163164496422,-0.34429773688316345,-0.19445645809173584,-0.028094163164496422,0.6934213578701018,-0.06805976033210753,-0.0070235407911241055,0.0379239867718778,0.19999999999998863,,none,0.04793309837485893,0.0,-0.009999999999999431,-9.111602981697955e-06
R02_deeper_empty,315,63.9999999999985,82.55652329247782,50.33213811731674,14.182229034101246,-1.8160565015054655,-0.265980500750123,0.7119792777243484,-0.07096782554076207,-0.007028572164903897,-0.36219891905784607,-0.17449195683002472,-0.025205109268426895,-0.36219891905784607,-0.17449195683002472,-0.025205109268426895,0.6826806485652923,-0.06107218489050865,-0.006301277317106724,0.03663819376302619,0.19999999999998863,,none,0.046652741368351514,0.0,-0.009999999999999431,-1.4547605325888682e-05
R02_deeper_empty,316,64.1999999999985,82.52249253281614,50.20004135411274,14.219491663128267,-1.8296186593259418,-0.26731606543143593,0.7025513817254356,-0.06509629105253516,-0.006376240944949509,-0.38444679975509644,-0.151805579662323,-0.02018798142671585,-0.38444679975509644,-0.151805579662323,-0.02018798142671585,0.6693319201469421,-0.05313195288181305,-0.005046995356678963,0.035282381383978045,0.19999999999999574,,none,0.04530307761350372,0.0,-0.009999999999999787,-2.069622952588751e-05
R02_deeper_empty,317,64.39999999999849,82.48729209962698,50.07038228866083,14.256374901886767,-1.8419574221276602,-0.2685052075860443,0.6912202674792748,-0.0587682800527135,-0.00557553027786749,-0.41450873017311096,-0.13106796145439148,-0.015775736421346664,-0.41450873017311096,-0.13106796145439148,-0.015775736421346664,0.6512947618961333,-0.045873786509037014,-0.003943934105336666,0.033814175544032925,0.19999999999998863,,none,0.043841240271540016,0.0,-0.009999999999999431,-2.7064727507657703e-05
R02_deeper_empty,318,64.59999999999847,82.45122480996365,49.94342081210546,14.292765077415133,-1.8529934032976743,-0.26952067892572,0.678483806903108,-0.052094532917162484,-0.004649014727546216,-0.4439891278743744,-0.10998725146055222,-0.011044271290302277,-0.4439891278743744,-0.10998725146055222,-0.011044271290302277,0.6336065232753754,-0.03849553801119327,-0.002761067822575569,0.03223697614028017,0.19999999999998863,,none,0.04226369367917471,0.0,-0.009999999999999431,-2.671753889510603e-05
R02_deeper_empty,319,64.79999999999846,82.41457843500893,49.819318347421984,14.328570086098923,-1.8626124014920686,-0.2703299112464079,0.6647886254907007,-0.04465608583977294,-0.003527813569873579,-0.4724445641040802,-0.08428249508142471,-0.0049726348370313644,-0.4724445641040802,-0.08428249508142471,-0.0049726348370313644,0.6165332615375518,-0.029498873278498646,-0.0012431587092578411,0.030574085450760444,0.19999999999998863,,none,0.04060423167317495,0.0,-0.009999999999999431,-3.0146222415076766e-05
R02_deeper_empty,320,64.99999999999845,82.37763823466702,49.6982104110276,14.363700275555402,-1.8708904413617005,-0.27092355193122347,0.6499102518258969,-0.03858210932907792,-0.002487036773300846,-0.50419020652771,-0.07487216591835022,-0.0014650457305833697,-0.50419020652771,-0.07487216591835022,-0.0014650457305833697,0.597485876083374,-0.026205258071422575,-0.00036626143264584243,0.028850489871512574,0.19999999999998863,,none,0.03887266273729573,0.0,-0.009999999999999431,-2.217286578372089e-05
R02_deeper_empty,321,65.19999999999844,82.34058867459945,49.5800478355285,14.39812777317834,-1.8782956528424117,-0.2713955311642787,0.6360580029955395,-0.035688125453854115,-0.00225057752443233,-0.5212513208389282,-0.08511742204427719,-0.007074992172420025,-0.5212513208389282,-0.08511742204427719,-0.007074992172420025,0.5872492074966431,-0.029791097715497015,-0.0017687480431050062,0.027139285946281295,0.19999999999998863,,none,0.03714783631415486,0.0,-0.009999999999999431,-8.550367874131529e-06
R02_deeper_empty,322,65.39999999999843,82.3034717338949,49.46461764284522,14.43190233030838,-1.8856018895334625,-0.2719817097930101,0.6232192331971049,-0.03725606558612847,-0.003515845347316566,-0.5366975665092468,-0.11557438224554062,-0.02437625080347061,-0.5366975665092468,-0.11557438224554062,-0.02437625080347061,0.577981460094452,-0.040451033785939214,-0.006094062700867653,0.025493652321581774,0.19999999999998863,,none,0.03552296325118576,0.0,-0.009999999999999431,-2.931092960455366e-05
R02_deeper_empty,323,65.59999999999842,82.26620567075884,49.351674935685054,14.465129387625307,-1.8936308053956807,-0.2729925431542213,0.6121662514447841,-0.042628194887406934,-0.006376853661682312,-0.544632077217102,-0.15307115018367767,-0.04882675036787987,-0.544632077217102,-0.15307115018367767,-0.04882675036787987,0.5732207536697387,-0.05357490256428718,-0.012206687591969967,0.02402309715472602,0.19999999999998863,,none,0.034064432974624026,0.0,-0.009999999999999431,-4.133581989857499e-05
R02_deeper_empty,324,65.7999999999984,82.2285658404459,49.24081541537252,14.498002451619218,-1.902855753244041,-0.27460035060003884,0.6042381891028901,-0.04913115459887803,-0.009468223790684703,-0.5394942760467529,-0.17823468148708344,-0.06306985020637512,-0.5394942760467529,-0.17823468148708344,-0.06306985020637512,0.5763034343719482,-0.0623821385204792,-0.01576746255159378,0.022846808087364664,0.19999999999998863,,none,0.032864057411394754,0.0,-0.009999999999999431,-1.724932403065732e-05
R02_deeper_empty,325,65.9999999999984,82.19027748820812,49.13159692047486,14.530737336265787,-1.9133435362932942,-0.27678915730880027,0.5987808994113049,-0.05528300970064754,-0.012212971288107412,-0.5340800285339355,-0.19376729428768158,-0.07122360914945602,-0.5340800285339355,-0.19376729428768158,-0.07122360914945602,0.5795519828796387,-0.06781855300068855,-0.017805902287364006,0.02192694431345047,0.19999999999998863,,none,0.03193368551187881,0.0,-0.009999999999999431,-6.741198428904527e-06
R02_deeper_empty,326,66.19999999999838,82.15111030100964,49.02371159209337,14.563503360362718,-1.9249518100645797,-0.2794560606434803,0.5950076470666469,-0.060413074313514364,-0.01429884914805184,-0.5304791927337646,-0.20247580111026764,-0.07419684529304504,-0.5304791927337646,-0.20247580111026764,-0.07419684529304504,0.5817124843597412,-0.07086653038859367,-0.01854921132326126,0.02121082449207555,0.19999999999998863,,none,0.03121277737692907,0.0,-0.009999999999999431,-1.952884854087289e-06
R02_deeper_empty,327,66.39999999999837,82.11089356457308,48.91697237282286,14.596418408746974,-1.9374499857707654,-0.28246235116096446,0.5923099420275298,-0.0642774260118379,-0.015661363152689706,-0.5286591649055481,-0.20614787936210632,-0.07375095039606094,-0.5286591649055481,-0.20614787936210632,-0.07375095039606094,0.5828045010566711,-0.07215175777673721,-0.018437737599015236,0.02063813124051966,0.19999999999998863,,none,0.030638471150163937,0.0,-0.009999999999999431,-3.399096448453154e-07
R02_deeper_empty,328,66.59999999999836,82.06951092976327,48.811273229741765,14.629557914183241,-1.950589022266124,-0.28567045717687156,0.5902926332414359,-0.06691420456740889,-0.01636654718563384,-0.5280256867408752,-0.20653465390205383,-0.07121396064758301,-0.5280256867408752,-0.20653465390205383,-0.07121396064758301,0.5831845879554749,-0.07228712886571884,-0.017803490161895752,0.020159461493776253,0.19999999999998863,,none,0.03015960123789796,0.0,-0.009999999999999431,-1.3974412227502064e-07
R02_deeper_empty,329,66.79999999999835,82.02688173360727,48.706533272764595,14.662972329370008,-1.9641130612578084,-0.2889508516031069,0.5889412033448632,-0.06822722296618122,-0.016432431375937192,-0.5263676643371582,-0.20257925987243652,-0.066266730427742,-0.5263676643371582,-0.20257925987243652,-0.066266730427742,0.5841794013977051,-0.07090274095535277,-0.0165666826069355,0.01974268218330836,0.19999999999998863,,none,0.02974353956864917,0.0,-0.009999999999999431,-8.573853413773591e-07
R02_deeper_empty,330,66.99999999999834,81.9829525770364,48.60267009833846,14.696695579851854,-1.9777518469276851,-0.2921802207980541,0.5881590469909143,-0.06816530081399279,-0.015901292580039757,-0.5243281722068787,-0.19439749419689178,-0.059275995939970016,-0.5243281722068787,-0.19439749419689178,-0.059275995939970016,0.5854030966758728,-0.06803912296891212,-0.014818998984992504,0.01936348522465947,0.19999999999998863,,none,0.029365884648386853,0.0,-0.009999999999999431,-2.3994237279503782e-06
R02_deeper_empty,331,67.19999999999833,81.93770262102231,48.499606784455786,14.730743618552735,-1.9912009971756552,-0.2952593739884645,0.5878269579482536,-0.06645509976196506,-0.014961101648170655,-0.5222386121749878,-0.17991499602794647,-0.05218115448951721,-0.5222386121749878,-0.17991499602794647,-0.05218115448951721,0.5866568326950072,-0.06297024860978126,-0.013045288622379303,0.018995836914356867,0.19999999999998863,,none,0.029001125830147245,0.0,-0.009999999999999431,-5.288915790948867e-06
R02_deeper_empty,332,67.39999999999831,81.89115985521477,48.39729969866293,14.765107612212894,-2.0041811221185735,-0.2981174242899955,0.5875184830477083,-0.06356404860373689,-0.013713437956810775,-0.522614061832428,-0.16477999091148376,-0.04468436911702156,-0.522614061832428,-0.16477999091148376,-0.04468436911702156,0.5864315629005432,-0.057672996819019315,-0.01117109227925539,0.01861308227279841,0.19999999999998863,,none,0.028618790495462676,0.0,-0.009999999999999431,-5.708222664837781e-06
R02_deeper_empty,333,67.5999999999983,81.84341636504708,48.2957875377132,14.799740471106665,-2.01654426701991,-0.30072091943249335,0.5865684687136588,-0.060312472186168545,-0.012419070153399596,-0.5279648900032043,-0.1533908098936081,-0.03912622481584549,-0.5279648900032043,-0.1533908098936081,-0.03912622481584549,0.5832210659980774,-0.05368678346276283,-0.009781556203961372,0.018177657204526954,0.19999999999998863,,none,0.028181441960015263,0.0,-0.009999999999999431,-3.7847554888761904e-06
R02_deeper_empty,334,67.79999999999829,81.79459160302459,48.19514001696612,14.834579993476153,-2.028254615203949,-0.3030732251317399,0.5851514446430265,-0.05703782060883432,-0.01119615790868735,-0.5330691337585449,-0.1439003199338913,-0.03481699153780937,-0.5330691337585449,-0.1439003199338913,-0.03481699153780937,0.5801585197448731,-0.05036511197686195,-0.008704247884452343,0.01767411350154597,0.19999999999998863,,none,0.02767680734545408,0.0,-0.009999999999999431,-2.69384390867905e-06
R02_deeper_empty,335,67.99999999999828,81.74479388193431,48.09539584874141,14.869574371303841,-2.0393298918193876,-0.3051956798175627,0.5834099593557881,-0.05394783797560589,-0.01011023510549267,-0.5378770232200623,-0.1361469328403473,-0.03158986568450928,-0.5378770232200623,-0.1361469328403473,-0.03158986568450928,0.5772737860679626,-0.047651426494121546,-0.00789746642112732,0.017113782889245404,0.19999999999998863,,none,0.027115655792320226,0.0,-0.009999999999999431,-1.8729030753908417e-06
R02_deeper_empty,336,68.19999999999827,81.69411527072,47.99656758667609,14.904683547766084,-2.049829250129138,-0.30711705818443075,0.5815021760519923,-0.05124914592513977,-0.009174104834692883,-0.5420332551002502,-0.13071446120738983,-0.029066264629364014,-0.5420332551002502,-0.13071446120738983,-0.029066264629364014,0.5747800469398499,-0.04575006142258644,-0.007266566157341003,0.01650909080175047,0.19999999999998863,,none,0.026510153893225308,0.0,-0.009999999999999431,-1.0630914754061749e-06
R02_deeper_empty,337,68.39999999999826,81.64264001982168,47.898669343457975,14.939870830069184,-2.0598399785438986,-0.30886352291738506,0.5792917726863518,-0.04902571827996033,-0.008352469283102284,-0.5474944114685059,-0.12712877988815308,-0.026712939143180847,-0.5474944114685059,-0.12712877988815308,-0.026712939143180847,0.5715033531188964,-0.044495072960853574,-0.006678234785795212,0.015865384508044818,0.19999999999998863,,none,0.02586634889764916,0.0,-0.009999999999999431,-9.643896049116307e-07
R02_deeper_empty,338,68.59999999999825,81.5904611016175,47.80175088434566,14.975090239081899,-2.069446692597121,-0.3104540009399781,0.5765336480012103,-0.04718049685333642,-0.0076083921426164545,-0.5553078055381775,-0.12405861914157867,-0.024368789047002792,-0.5553078055381775,-0.12405861914157867,-0.024368789047002792,0.5668153166770935,-0.04342051669955253,-0.006092197261750698,0.015180029061361846,0.19999999999998863,,none,0.0251815484624327,0.0,-0.009999999999999431,-1.5194010714239537e-06
R02_deeper_empty,339,68.79999999999824,81.53767376017753,47.70587995383264,15.010291698825984,-2.078717239982336,-0.31190446692139645,0.5732704656452131,-0.04564100845788639,-0.00694617878631136,-0.5637124180793762,-0.12144004553556442,-0.0223871860653162,-0.5637124180793762,-0.12144004553556442,-0.0223871860653162,0.5617725491523742,-0.04250401593744754,-0.00559679651632905,0.014455819693090174,0.19999999999998863,,none,0.0244574481168911,0.0,-0.009999999999999431,-1.6284238014963732e-06
R02_deeper_empty,340,68.99999999999822,81.48435444102974,47.61110072517945,15.045436245945686,-2.0877135895331107,-0.31323580868850154,0.5697540414483325,-0.044414899087314476,-0.00640781540897352,-0.571060299873352,-0.11976135522127151,-0.021243201568722725,-0.571060299873352,-0.11976135522127151,-0.021243201568722725,0.5573638200759887,-0.041916474327445025,-0.005310800392180681,0.013705104226352644,0.19999999999998863,,none,0.023706266587723235,0.0,-0.009999999999999431,-1.1623613711597704e-06
R02_deeper_empty,341,69.19999999999821,81.43054631251654,47.517410697239356,15.080506011522084,-2.0965021284643655,-0.314476743887111,0.5663252811589419,-0.0435366816018781,-0.0060300116965967335,-0.5762600898742676,-0.11927757412195206,-0.021040666848421097,-0.5762600898742676,-0.11927757412195206,-0.021040666848421097,0.5542439460754394,-0.04174715094268322,-0.005260166712105274,0.012945400965955551,0.19999999999998863,,none,0.022945947223565355,0.0,-0.009999999999999431,-5.462576103721501e-07
R02_deeper_empty,342,69.3999999999982,81.37625753456487,47.424761851044344,15.115505250029386,-2.1051434250650938,-0.3156587939746787,0.56324836791012,-0.04292257007819191,-0.005807276744094176,-0.5793220400810242,-0.11906058341264725,-0.02141365222632885,-0.5793220400810242,-0.11906058341264725,-0.02141365222632885,0.5524067759513855,-0.041671204194426534,-0.0053534130565822124,0.012193209751264221,0.19999999999998863,,none,0.022193400986106226,0.0,-0.009999999999999431,-1.9123484257428658e-07
R02_deeper_empty,343,69.59999999999819,81.32146315957482,47.333064512904514,15.150459282306253,-2.1136815263198856,-0.316813437928682,0.5608177875800857,-0.042490972072716474,-0.005743936740972445,-0.5795773863792419,-0.11889003217220306,-0.022459479048848152,-0.5795773863792419,-0.11889003217220306,-0.022459479048848152,0.5522535681724547,-0.04161151126027107,-0.005614869762212038,0.011462635093197296,0.19999999999998863,,none,0.021462658854060734,0.0,-0.009999999999999431,-2.37608640066278e-08
R02_deeper_empty,344,69.79999999999818,81.26610523442852,47.2421893630713,15.18541424527873,-2.122175763738831,-0.3179732734617901,0.5592858760966384,-0.042454175481083885,-0.005846675179408186,-0.5768530964851379,-0.12108341604471207,-0.024224095046520233,-0.5768530964851379,-0.12108341604471207,-0.024224095046520233,0.5538881421089172,-0.04237919561564922,-0.006056023761630058,0.010765348274040973,0.19999999999998863,,none,0.020765655205197575,0.0,-0.009999999999999431,-3.0693115717080057e-07
R02_deeper_empty,345,69.99999999999817,81.21010147406729,47.15198970777852,15.220429388723243,-2.1307035851913083,-0.3191626283864187,0.5587092669172368,-0.04279811618404181,-0.006032842601803241,-0.572204053401947,-0.12428274005651474,-0.025648772716522217,-0.572204053401947,-0.12428274005651474,-0.025648772716522217,0.5566775679588318,-0.04349895901978015,-0.006412193179130554,0.010107979637388341,0.19999999999998863,,none,0.020108657217031478,0.0,-0.009999999999999431,-6.77579643705295e-07
R02_deeper_empty,346,70.19999999999816,81.15335779199629,47.06232394026587,15.255567273572963,-2.1393456894766456,-0.3203923978715151,0.5590635528869555,-0.04356511765918198,-0.006248591243393009,-0.5661468505859375,-0.12893721461296082,-0.026752876117825508,-0.5661468505859375,-0.12893721461296082,-0.026752876117825508,0.5603118896484375,-0.045128025114536285,-0.006688219029456377,0.009489933797117156,0.19999999999998863,,none,0.01949112525479002,0.0,-0.009999999999999431,-1.1914576734329412e-06
R02_deeper_empty,347,70.39999999999814,81.09576830311187,46.9730561057444,15.290892458539863,-2.148175297970706,-0.32166368916045784,0.5603931755986079,-0.04464925564723875,-0.006449201613908465,-0.5582031011581421,-0.1338811069726944,-0.027431929484009743,-0.5582031011581421,-0.1338811069726944,-0.027431929484009743,0.5650781393051147,-0.04685838744044304,-0.006857982371002436,0.008909482972246042,0.19999999999998863,,none,0.01891124309904768,0.0,-0.009999999999999431,-1.7601268022071626e-06
R02_deeper_empty,348,70.59999999999813,81.03723128733171,46.88407980621208,15.326461708419274,-2.157286258130193,-0.322987221198148,0.5623934129597691,-0.0463334109250744,-0.006762505039310152,-0.5509311556816101,-0.1421862542629242,-0.02960367500782013,-0.5509311556816101,-0.1421862542629242,-0.02960367500782013,0.569441306591034,-0.049765188992023465,-0.007400918751955032,0.008359465741664256,0.19999999999998863,,none,0.018361997204486613,0.0,-0.009999999999999431,-2.5314628229251153e-06
R02_deeper_empty,349,70.79999999999812,80.97763639184,46.79530702047798,15.362331998221569,-2.1668304640657787,-0.3243984262400981,0.5652538832702219,-0.048914138617938904,-0.007308401115383031,-0.541111946105957,-0.1547795683145523,-0.033683061599731445,-0.541111946105957,-0.1547795683145523,-0.033683061599731445,0.5753328323364257,-0.0541728489100933,-0.008420765399932861,0.00783798694954661,0.19999999999998863,,none,0.017843419946155237,0.0,-0.009999999999999431,-5.432996609195939e-06
R02_deeper_empty,350,70.99999999999811,80.91682936343062,46.70662774541178,15.398581437796455,-2.177015397403127,-0.3259523582681817,0.5692655265873843,-0.052653368470342,-0.008166262063888902,-0.5276655554771423,-0.17220783233642578,-0.03965725004673004,-0.5276655554771423,-0.17220783233642578,-0.03965725004673004,0.5834006667137146,-0.06027274131774902,-0.00991431251168251,0.007357968084330642,0.19999999999998863,,none,0.017368372899037254,0.0,-0.009999999999999431,-1.0404814707181132e-05
R02_deeper_empty,351,71.1999999999981,80.85456968746632,46.617861530146286,15.435333502508067,-2.1880535917608306,-0.32770977031853504,0.5752889123386944,-0.057372865913878926,-0.009320837895209115,-0.5058125257492065,-0.19139918684959412,-0.04669399932026863,-0.5058125257492065,-0.19139918684959412,-0.04669399932026863,0.5965124845504761,-0.06698971539735793,-0.011673499830067158,0.006943246700258401,0.19999999999998863,,none,0.016961154276991408,0.0,-0.009999999999999431,-1.790757673357596e-05
R02_deeper_empty,352,71.39999999999809,80.79049556213315,46.52871329910614,15.472777674578207,-2.2000894316109285,-0.3297209123439365,0.5842508952839388,-0.06259215409536326,-0.010687571456148178,-0.47361883521080017,-0.20922119915485382,-0.0538901761174202,-0.47361883521080017,-0.20922119915485382,-0.0538901761174202,0.6158286988735199,-0.07322741970419883,-0.01347254402935505,0.006622945164167231,0.19999999999998863,,none,0.01665106202003841,0.0,-0.009999999999999431,-2.8116855871747338e-05
R02_deeper_empty,353,71.59999999999808,80.7241706909804,46.43884286600162,15.51114147415841,-2.2132484176780163,-0.3320145949542295,0.5961885888485537,-0.0685487565986008,-0.01213979997685994,-0.43624767661094666,-0.2305326759815216,-0.06039593741297722,-0.43624767661094666,-0.2305326759815216,-0.06039593741297722,0.638251394033432,-0.08068643659353256,-0.015098984353244305,0.006410893547915153,0.19999999999998863,,none,0.01644875569730786,0.0,-0.009999999999999431,-3.7862149393275424e-05
R02_deeper_empty,354,71.79999999999806,80.65532691752149,46.348203731587816,15.550546032361497,-2.227725557506902,-0.3346026522875497,0.6077528954630996,-0.07568479728956964,-0.013628564930294865,-0.41916656494140625,-0.2577880024909973,-0.06664879620075226,-0.41916656494140625,-0.2577880024909973,-0.06664879620075226,0.6485000610351562,-0.09022580087184906,-0.016662199050188065,0.006283140795738764,0.19999999999998863,,none,0.0163046151045787,0.0,-0.009999999999999431,-2.1474308840505885e-05
R02_deeper_empty,355,71.99999999999805,80.58394292920055,46.25713025645359,15.590962330464858,-2.243701007838312,-0.3374979449954232,0.6175045897278316,-0.08348202766350796,-0.015205507744499757,-0.41355839371681213,-0.2839152216911316,-0.07367528229951859,-0.41355839371681213,-0.2839152216911316,-0.07367528229951859,0.6518649637699128,-0.09937032759189605,-0.018418820574879646,0.006148638163949868,0.19999999999998863,,none,0.016163907257439547,0.0,-0.009999999999999431,-1.5269093490247742e-05
R02_deeper_empty,356,72.19999999999804,80.51007815439841,46.16608207714758,15.632316317553196,-2.2613436147232413,-0.34076170668816697,0.6253585507788441,-0.09228087110552498,-0.017276051970468116,-0.41161298751831055,-0.3148861229419708,-0.08598067611455917,-0.41161298751831055,-0.3148861229419708,-0.08598067611455917,0.6530322074890136,-0.11021014302968977,-0.021495169028639793,0.006002764131897283,0.19999999999998863,,none,0.016025052212826907,0.0,-0.009999999999999431,-2.2288080930192856e-05
R02_deeper_empty,357,72.39999999999803,80.43374616446312,46.075478725845954,15.674569274191008,-2.280801788797242,-0.3444935599478033,0.6321488401636749,-0.10159859170885828,-0.019848588204462815,-0.4065423011779785,-0.34452906250953674,-0.10036242753267288,-0.4065423011779785,-0.34452906250953674,-0.10036242753267288,0.6560746192932129,-0.12058517187833785,-0.02509060688316822,0.005902419759365212,0.19999999999998863,,none,0.01592464476936506,0.0,-0.009999999999999431,-2.2225010000416214e-05
R02_deeper_empty,358,72.59999999999802,80.35499416992407,45.98578732664509,15.717676870950184,-2.3022619484365,-0.34876026139966204,0.6367006134237556,-0.11220369643394328,-0.022610277406610712,-0.4121018052101135,-0.3823244571685791,-0.11295092105865479,-0.4121018052101135,-0.3823244571685791,-0.11295092105865479,0.6527389168739319,-0.13381356000900269,-0.028237730264663696,0.005849992492736344,0.19999999999998863,,none,0.01588234989497117,0.0,-0.009999999999999431,-3.235740223539563e-05
R02_deeper_empty,359,72.79999999999801,80.27401924193369,45.89765879741709,15.761516579965546,-2.3260396432979986,-0.3535783569928063,0.6378495926550142,-0.12463621173642822,-0.025363191033659513,-0.4301699101924896,-0.42848503589630127,-0.12389104813337326,-0.4301699101924896,-0.42848503589630127,-0.12389104813337326,0.6418980538845063,-0.14996976256370542,-0.030972762033343315,0.005841036455579669,0.19999999999998863,,none,0.015892575292109967,0.0,-0.009999999999999431,-5.153883653086777e-05
R02_deeper_empty,360,72.999999999998,80.1911899841672,45.81192579040131,15.805881527778528,-2.352451242499864,-0.35913642897121134,0.6343188604964424,-0.13843942977747528,-0.029877299736170374,-0.4635362923145294,-0.4759029746055603,-0.1563025265932083,-0.4635362923145294,-0.4759029746055603,-0.1563025265932083,0.6218782246112824,-0.1665660411119461,-0.03907563164830208,0.005866663866214051,0.19999999999998863,,none,0.01595490947227951,0.0,-0.009999999999999431,-8.824560606602749e-05
R02_deeper_empty,361,73.19999999999798,80.10670188772048,45.72921122023904,15.850693422838537,-2.381758406675626,-0.3655486791768906,0.6303457227102269,-0.15349729829103292,-0.033939066390813705,-0.4727562367916107,-0.526229977607727,-0.16886267066001892,-0.4727562367916107,-0.526229977607727,-0.16886267066001892,0.6163462579250336,-0.18418049216270446,-0.04221566766500473,0.006099707605568337,0.19999999999998863,,none,0.01615521904209416,0.0,-0.009999999999999431,-5.551143652639201e-05
R02_deeper_empty,362,73.39999999999797,80.02049190242033,45.64986935106607,15.896018585256765,-2.4142217955406644,-0.3728589961997904,0.6261503604350152,-0.16990029422543046,-0.03879789335928496,-0.48105353116989136,-0.5809269547462463,-0.19479461014270782,-0.48105353116989136,-0.5809269547462463,-0.19479461014270782,0.6113678812980652,-0.2033244341611862,-0.048698652535676956,0.006484828338405016,0.19999999999998863,,none,0.016559489736152955,0.0,-0.009999999999999431,-7.466139774850778e-05
R02_deeper_empty,363,73.59999999999796,79.93260163632976,45.574353326410346,15.941890587360854,-2.4500497808450765,-0.38120568181712206,0.6204349239634597,-0.18708439100323324,-0.044257473484370514,-0.4995059669017792,-0.63457190990448,-0.2215295135974884,-0.4995059669017792,-0.63457190990448,-0.2215295135974884,0.6002964198589325,-0.22210016846656797,-0.0553823783993721,0.007096929298060899,0.19999999999998863,,none,0.017175589871282426,0.0,-0.009999999999999431,-7.866057322209575e-05
R02_deeper_empty,364,73.79999999999795,79.84277395607518,45.50285846232121,15.988514910364856,-2.48934794970153,-0.3904076162211311,0.6188356659904655,-0.20457874557205052,-0.047516255678759445,-0.4779989421367645,-0.686362087726593,-0.21662651002407074,-0.4779989421367645,-0.686362087726593,-0.21662651002407074,0.6132006347179413,-0.24022673070430753,-0.054156627506017685,0.008015705239560904,0.19999999999998863,,none,0.018079081521102935,0.0,-0.009999999999999431,-6.337628154259978e-05
R02_deeper_empty,365,73.99999999999794,79.75051598588412,45.43541540688522,16.036182778466646,-2.5319551338175343,-0.3998651370576701,0.6194522122578526,-0.22030760892268336,-0.04709100396845023,-0.4639589488506317,-0.7210230827331543,-0.18489789962768555,-0.4639589488506317,-0.7210230827331543,-0.18489789962768555,0.6216246306896209,-0.252358078956604,-0.04622447490692139,0.009230027964522658,0.19999999999998863,,none,0.019278132178602192,0.0,-0.009999999999999431,-4.810421408010246e-05
R02_deeper_empty,366,74.19999999999793,79.65573076499518,45.372347603542075,16.08492624967607,-2.577600128645455,-0.40904452398791497,0.6191085107858698,-0.23503252066645405,-0.04487024430530985,-0.47017088532447815,-0.7572492957115173,-0.16138014197349548,-0.47017088532447815,-0.7572492957115173,-0.16138014197349548,0.6178974688053132,-0.26503725349903107,-0.04034503549337387,0.010588686122653197,0.19999999999998863,,none,0.02062676635438443,0.0,-0.009999999999999431,-3.808023173180075e-05
R02_deeper_empty,367,74.39999999999792,79.5585861995953,45.31411282411853,16.13462080333194,-2.6260999232783853,-0.41771154984612835,0.6178946615083256,-0.2489188137782172,-0.04201519941576068,-0.47730395197868347,-0.7920420169830322,-0.14479006826877594,-0.47730395197868347,-0.7920420169830322,-0.14479006826877594,0.6136176288127899,-0.2772147059440613,-0.036197517067193985,0.012005551234204038,0.19999999999998863,,none,0.022036284126981442,0.0,-0.009999999999999431,-3.073289277797375e-05
R02_deeper_empty,368,74.5999999999979,79.45926741732461,45.26111550072155,16.18514412904153,-2.6772845039093425,-0.42582615812850305,0.6162112477636603,-0.2619451925153099,-0.039333038274270926,-0.48286718130111694,-0.8242538571357727,-0.13547055423259735,-0.48286718130111694,-0.8242538571357727,-0.13547055423259735,0.6102796912193298,-0.28848884999752045,-0.03386763855814934,0.013476050701931506,0.19999999999998863,,none,0.02349915881209874,0.0,-0.009999999999999431,-2.3108110167804343e-05
R02_deeper_empty,369,74.7999999999979,79.3580243947953,45.213734947374014,16.236377003231333,-2.7310099610312237,-0.433572142334217,0.6136555679748382,-0.2743727145985289,-0.038211345896721365,-0.492249071598053,-0.8562745451927185,-0.14370276033878326,-0.492249071598053,-0.8562745451927185,-0.14370276033878326,0.6046505570411682,-0.29969609081745147,-0.035925690084695816,0.014996288894644732,0.19999999999998863,,none,0.025019911165575337,0.0,-0.009999999999999431,-2.3622270931173972e-05
R02_deeper_empty,370,74.99999999999788,79.25504338540196,45.17227454810335,16.288289289992353,-2.7871916172352904,-0.441124761277717,0.6120639750798226,-0.28652772275085175,-0.037377677261735506,-0.4892400801181793,-0.8894165754318237,-0.1427156925201416,-0.4892400801181793,-0.8894165754318237,-0.1427156925201416,0.6064559519290924,-0.3112958014011383,-0.0356789231300354,0.016634301635175867,0.19999999999998863,,none,0.026656470085194783,0.0,-0.009999999999999431,-2.2168450019486308e-05
R02_deeper_empty,371,75.19999999999787,79.15049348369982,45.137001907310555,16.34089156902292,-2.8457014705067123,-0.44843471117445993,0.6105131109696814,-0.2977267385514525,-0.035837876693293934,-0.4915856719017029,-0.9158480167388916,-0.1308009922504425,-0.4915856719017029,-0.9158480167388916,-0.1308009922504425,0.6050485968589783,-0.32054680585861206,-0.032700248062610626,0.01841771184383223,0.19999999999998863,,none,0.028434633503289675,0.0,-0.009999999999999431,-1.6921659458013495e-05
R02_deeper_empty,372,75.39999999999786,79.04469256692606,45.108198079990686,16.394130528136035,-2.906310158074946,-0.45538611386510125,0.6086477229366536,-0.30761486745093575,-0.03382766049367286,-0.49654170870780945,-0.9364678859710693,-0.11892589181661606,-0.49654170870780945,-0.9364678859710693,-0.11892589181661606,0.6020749747753142,-0.32776376008987423,-0.029731472954154015,0.020301163371168798,0.19999999999998863,,none,0.03031297855753401,0.0,-0.009999999999999431,-1.1815186365781161e-05
R02_deeper_empty,373,75.59999999999785,78.93827092905234,45.08615116703982,16.447800301472,-2.9687535508208818,-0.4617561881978054,0.6038378158132924,-0.31617395998793363,-0.0301502497998088,-0.521850049495697,-0.9531848430633545,-0.09062737971544266,-0.521850049495697,-0.9531848430633545,-0.09062737971544266,0.5868899703025818,-0.33361469507217406,-0.022656844928860664,0.02215198488346187,0.19999999999998863,,none,0.03218640037456133,0.0,-0.009999999999999431,-3.441549110002829e-05
R02_deeper_empty,374,75.79999999999784,78.8321130230476,45.07107688552681,16.50154837959503,-3.0327409697007,-0.4672843529794756,0.5960814860156616,-0.32317273048368306,-0.025483157431721772,-0.5520802736282349,-0.9640972018241882,-0.06389237195253372,-0.5520802736282349,-0.9640972018241882,-0.06389237195253372,0.568751835823059,-0.33743402063846584,-0.01597309298813343,0.023897815152054278,0.19999999999998863,,none,0.03393276928535194,0.0,-0.009999999999999431,-3.495413329822838e-05
R02_deeper_empty,375,75.99999999999783,78.72691386504111,45.063021714539175,16.55510624727618,-3.097981519951702,-0.47186653331347955,0.58769479672336,-0.32880803809134485,-0.020699212516244007,-0.5697599053382874,-0.972260057926178,-0.04380415752530098,-0.5697599053382874,-0.972260057926178,-0.04380415752530098,0.5581440567970275,-0.34029102027416225,-0.010951039381325245,0.025552214368114713,0.19999999999998863,,none,0.03556786912723453,0.0,-0.009999999999999431,-1.5654759120387328e-05
R02_deeper_empty,376,76.19999999999781,78.6232053425906,45.061915781090974,16.608288163695985,-3.164230496362541,-0.475426709875464,0.5784462469568062,-0.33334014079258534,-0.015308827209939299,-0.5902354717254639,-0.9787861108779907,-0.017299678176641464,-0.5902354717254639,-0.9787861108779907,-0.017299678176641464,0.5458587169647217,-0.34257513880729673,-0.004324919544160366,0.027095528515270615,0.19999999999998863,,none,0.03711881502750103,0.0,-0.009999999999999431,-2.3286512230981105e-05
R02_deeper_empty,377,76.3999999999978,78.52143869769587,45.06762146951167,16.660944377984375,-3.231284272034144,-0.47793685453995577,0.5693833620404761,-0.33692725464293566,-0.010179237351371353,-0.6042499542236328,-0.9835333228111267,0.001093005295842886,-0.6042499542236328,-0.9835333228111267,0.001093005295842886,0.5374500274658203,-0.3442366629838943,0.0002732513239607215,0.02857912211114527,0.19999999999998863,,none,0.03859026676206767,0.0,-0.009999999999999431,-1.1144650922971828e-05
R02_deeper_empty,378,76.59999999999779,78.42147840653887,45.08002351701345,16.713238059431227,-3.2989513655093647,-0.4794609429205872,0.5658651455226678,-0.3395462835299731,-0.005420326259990774,-0.577552318572998,-0.9853801131248474,0.017107343301177025,-0.577552318572998,-0.9853801131248474,0.017107343301177025,0.5534686088562011,-0.3448830395936966,0.004276835825294256,0.03018649149168027,0.19999999999998863,,none,0.04020594415979062,0.0,-0.009999999999999431,-1.945266811091973e-05
R02_deeper_empty,379,76.79999999999778,78.32313062846393,45.09907652134009,16.76537312614839,-3.3670714494518275,-0.47987641526683283,0.5637056965096217,-0.34150679208624063,0.0007970018914726287,-0.5731719732284546,-0.9871476888656616,0.05386383458971977,-0.5731719732284546,-0.9871476888656616,0.05386383458971977,0.5560968160629272,-0.34550169110298157,0.013465958647429943,0.031979075905943816,0.19999999999998863,,none,0.042006542933966884,0.0,-0.009999999999999431,-2.7467028023633947e-05
R02_deeper_empty,380,76.99999999999777,78.22656290141803,45.12473180414532,16.8173468434511,-3.435526741751451,-0.47903397300861517,0.5627683377988775,-0.342938242303736,0.007148692841431718,-0.5675574541091919,-0.9881573915481567,0.08036575466394424,-0.5675574541091919,-0.9881573915481567,0.08036575466394424,0.5594655275344849,-0.34585508704185486,0.02009143866598606,0.03382298956074907,0.19999999999998863,,none,0.04383768744258987,0.0,-0.009999999999999431,-1.4697881841363725e-05
R02_deeper_empty,381,77.19999999999776,78.13204657197734,45.1569226513387,16.869096638206184,-3.5042247724044433,-0.4769116368198678,0.5620460718892705,-0.34396469996633294,0.013589243804925176,-0.5674980878829956,-0.9887322783470154,0.10685223340988159,-0.5674980878829956,-0.9887322783470154,0.10685223340988159,0.5595011472702026,-0.3460562974214554,0.026713058352470398,0.03563532021565593,0.19999999999998863,,none,0.04564935756716615,0.0,-0.009999999999999431,-1.4037351510786112e-05
R02_deeper_empty,382,77.39999999999775,78.03993452932059,45.195547999284486,16.920517668194762,-3.5730952036692676,-0.47357924834329673,0.5615593717841565,-0.34468530088806887,0.01930392465336351,-0.5669258832931519,-0.9890104532241821,0.12379457801580429,-0.5669258832931519,-0.9890104532241821,0.12379457801580429,0.5598444700241089,-0.3461536586284637,0.030948644503951073,0.03739626365735888,0.19999999999998863,,none,0.04740201261416033,0.0,-0.009999999999999431,-5.7489568020152594e-06
R02_deeper_empty,383,77.59999999999773,77.95053920032422,45.24050914734487,16.971536898170662,-3.6420840213708647,-0.46904328346104235,0.5618050560383058,-0.34516660050722875,0.025582506558967384,-0.5622154474258423,-0.9889923930168152,0.1535051167011261,-0.5622154474258423,-0.9889923930168152,0.1535051167011261,0.5626707315444945,-0.3461473375558853,0.038376279175281525,0.03910241942091886,0.19999999999998863,,none,0.04912051751374236,0.0,-0.009999999999999431,-1.8098092824062607e-05
R02_deeper_empty,384,77.79999999999772,77.86400569279574,45.29180060633114,17.022156968497846,-3.7111525671463785,-0.4628851775692829,0.5643548198001045,-0.34549416840864006,0.03526851641937323,-0.5444350242614746,-0.9890332818031311,0.22002221643924713,-0.5444350242614746,-0.9890332818031311,0.22002221643924713,0.5733389854431152,-0.3461616486310959,0.05500555410981178,0.04078556518892817,0.19999999999998863,,none,0.05088037858247496,0.0,-0.009999999999999431,-9.48133935473594e-05
R02_deeper_empty,385,77.99999999999771,77.78072046808046,45.349286379181876,17.072178497198802,-3.7802611209576056,-0.4547226638797976,0.5646606810393839,-0.3455845570954658,0.04557948156741073,-0.5571026802062988,-0.9879106879234314,0.26635992527008057,-0.5571026802062988,-0.9879106879234314,0.26635992527008057,0.5657383918762207,-0.34576874077320097,0.06658998131752014,0.042440489578709155,0.19999999999998863,,none,0.052486667838385515,0.0,-0.009999999999999431,-4.617825967692557e-05
R02_deeper_empty,386,78.1999999999977,77.70131692600172,45.412612395561126,17.121230585901078,-3.849335024426136,-0.44465867859895764,0.5634546362563017,-0.34518462084207496,0.05439587817606459,-0.5679914951324463,-0.9839133620262146,0.2894436717033386,-0.5679914951324463,-0.9839133620262146,0.2894436717033386,0.5592051029205323,-0.34436967670917507,0.07236091792583466,0.04373734245915571,0.19999999999998863,,none,0.05375069054423953,0.0,-0.009999999999999431,-1.3348085084388118e-05
R02_deeper_empty,387,78.39999999999769,77.62625291681212,45.4814623336928,17.169061456634157,-3.9182752234455838,-0.4329471582395882,0.5620746879206073,-0.3442851617146184,0.06213595474686885,-0.571312665939331,-0.9784352779388428,0.3116311728954315,-0.571312665939331,-0.9784352779388428,0.3116311728954315,0.5572124004364014,-0.34245234727859497,0.07790779322385788,0.04476119904405712,0.19999999999998863,,none,0.05477186553985547,0.0,-0.009999999999999431,-1.0666495798918874e-05
R02_deeper_empty,388,78.59999999999768,77.55573574575634,45.55570055795913,17.215590082831916,-3.986973312744267,-0.419662184045351,0.5627465480213482,-0.34280713068118607,0.07011258726907724,-0.5581435561180115,-0.9708439111709595,0.3454658091068268,-0.5581435561180115,-0.9708439111709595,0.3454658091068268,0.565113866329193,-0.3397953689098358,0.0863664522767067,0.045699185522737835,0.19999999999998863,,none,0.055726702260946226,0.0,-0.009999999999999431,-2.751673820895917e-05
R02_deeper_empty,389,78.79999999999767,77.48997919373954,45.635179930303316,17.26072178062926,-4.0552355374373,-0.4047352297301073,0.5633621369760435,-0.3400248194424758,0.07852305754388617,-0.5574480295181274,-0.9553009867668152,0.38264378905296326,-0.5574480295181274,-0.9553009867668152,0.38264378905296326,0.5655311822891236,-0.3343553453683853,0.09566094726324081,0.04656312565819618,0.19999999999998863,,none,0.056595611027178805,0.0,-0.009999999999999431,-3.248536898318832e-05
R02_deeper_empty,390,78.99999999999766,77.42953707433837,45.71925086026884,17.30409094802508,-4.122697625188021,-0.3880953217508247,0.5595862628583165,-0.33497654707060975,0.08722049514157242,-0.5895302295684814,-0.927685022354126,0.41977253556251526,-0.5895302295684814,-0.927685022354126,0.41977253556251526,0.5462818622589112,-0.32468975782394405,0.10494313389062881,0.04695709309894482,0.19999999999998863,,none,0.057020502156301944,0.0,-0.009999999999999431,-6.340905735768843e-05
R02_deeper_empty,391,79.19999999999764,77.3748825176129,45.80708755003346,17.345283295169597,-4.188456803120721,-0.3690758623321824,0.5543555209219457,-0.32348160748595556,0.10186996632084358,-0.6067919135093689,-0.8573101162910461,0.5268839001655579,-0.6067919135093689,-0.8573101162910461,0.5268839001655579,0.5359248518943787,-0.3000585407018661,0.13172097504138947,0.04655532993165968,0.19999999999998863,,none,0.05688979868291888,0.0,-0.009999999999999431,-0.0003344687512597666
R02_deeper_empty,392,79.39999999999763,77.32660653114286,45.89696996919971,17.383491259531613,-4.249509500980138,-0.3466344554716789,0.536124482638338,-0.28959910047523724,0.12109510114147785,-0.7135218381881714,-0.6301634907722473,0.6410794854164124,-0.7135218381881714,-0.6301634907722473,0.6410794854164124,0.4718868970870972,-0.22055722177028655,0.1602698713541031,0.04405425111169372,0.19999999999998863,,none,0.05557480107163926,0.0,-0.009999999999999431,-0.0015205499599461093
R02_deeper_empty,393,79.59999999999762,77.2849476747014,45.98627024840529,17.417702915639193,-4.300041372176174,-0.3208907012290499,0.5083933380144153,-0.22089764959803815,0.13527379138668855,-0.8155302405357361,-0.23115922510623932,0.6566619873046875,-0.8155302405357361,-0.23115922510623932,0.6566619873046875,0.4106818556785583,-0.08090572878718376,0.16416549682617188,0.03913486230511399,0.19999999999998863,,none,0.05253192095579884,0.0,-0.009999999999999431,-0.0033970586506854206
R02_deeper_empty,394,79.79999999999761,77.24845627732441,46.07418218295031,17.447885603590105,-4.334303392316563,-0.29264533670800597,0.4910508081056005,-0.12464619248837287,0.14634538615327075,-0.783426821231842,0.24152781069278717,0.6756232380867004,-0.783426821231842,0.24152781069278717,0.6756232380867004,0.42994390726089476,0.0845347337424755,0.1689058095216751,0.03442453095797395,0.19999999999998863,,none,0.04892099480546719,0.0,-0.009999999999999431,-0.0044964638474938035
R02_deeper_empty,395,79.9999999999976,77.21445180403565,46.16221362374685,17.474809760604472,-4.349920593696906,-0.2630744074408201,0.49038636217831116,-0.0376524123670737,0.14915234558726756,-0.686591386795044,0.39975234866142273,0.6194881796836853,-0.686591386795044,0.39975234866142273,0.6194881796836853,0.4880451679229736,0.13991332203149795,0.15487204492092133,0.03518254829685158,0.19999999999998863,,none,0.045933813308048244,0.0,-0.009999999999999431,-0.0007512650111972307
R02_deeper_empty,396,80.19999999999759,77.18067483286615,46.25185959728965,17.49917255954905,-4.352423504745372,-0.23603620440295878,0.4977696604890389,0.009099596343894017,0.12318671784330139,-0.6270251274108887,0.2981870472431183,0.2811077833175659,-0.6270251274108887,0.2981870472431183,0.2811077833175659,0.5237849235534668,0.10436546653509139,0.07027694582939148,0.030955985044309315,0.19999999999998863,,none,0.04352328389139082,0.0,-0.009999999999999431,-0.002567298847082071
R02_deeper_empty,397,80.39999999999758,77.14641743548763,46.342793192518755,17.52142784285399,-4.352417302487207,-0.21580878873137346,0.4990694260184121,-0.007766382537812654,0.08217825271525546,-0.6605846881866455,-0.12038267403841019,-0.005536337848752737,-0.6605846881866455,-0.12038267403841019,-0.005536337848752737,0.5036491870880127,-0.04213393591344356,-0.0013840844621881843,0.026030325835636435,0.19999999999998863,,none,0.041200159993483254,0.0,-0.009999999999999431,-0.005169834157847386
R02_deeper_empty,398,80.59999999999756,77.11252117324356,46.43366545487336,17.541961123773106,-4.360673036825021,-0.20252418762937463,0.4926232424961957,-0.07009336715503259,0.0528762541030218,-0.716816782951355,-0.5631318092346191,-0.027327964082360268,-0.716816782951355,-0.5631318092346191,-0.027327964082360268,0.46990993022918703,-0.1970961332321167,-0.006831991020590067,0.024980530639642215,0.19999999999998863,,none,0.03897380504309211,0.0,-0.009999999999999431,-0.003993274403450469
R02_deeper_empty,399,80.79999999999755,77.0801154362519,46.5244568903058,17.561289222966025,-4.380478083406309,-0.1938899604512297,0.49068402195934635,-0.12390156699172292,0.03482643510092296,-0.6935814619064331,-0.6672735214233398,-0.007813646458089352,-0.6935814619064331,-0.6672735214233398,-0.007813646458089352,0.4838511228561401,-0.23354573249816893,-0.001953411614522338,0.02726101579699358,0.19999999999998863,,none,0.037496339496073006,0.0,-0.009999999999999431,-0.00023532369907999716
R02_deeper_empty,400,80.99999999999754,77.05000996763634,46.61572436735125,17.57979219104344,-4.408052841374059,-0.18626653647719915,0.4881607457725516,-0.14988745278199228,0.04094653206195762,-0.7012168169021606,-0.5795385837554932,0.21366944909095764,-0.7012168169021606,-0.5795385837554932,0.21366944909095764,0.4792699098587036,-0.2028385043144226,0.05341736227273941,0.025614576320173433,0.19999999999998863,,none,0.03675078591112246,0.0,-0.009999999999999431,-0.0011362095909496
R02_deeper_empty,401,81.19999999999753,77.02279971911246,46.70703150454173,17.59728035016699,-4.437257841359659,-0.17605541995069598,0.4808872664136479,-0.1427039673886564,0.059747594459161855,-0.741235077381134,-0.36590367555618286,0.3922329545021057,-0.741235077381134,-0.36590367555618286,0.3922329545021057,0.45525895357131957,-0.128066286444664,0.09805823862552643,0.024281458437791184,0.19999999999998863,,none,0.03586398365054677,0.0,-0.009999999999999431,-0.0015825252127561562
R02_deeper_empty,402,81.39999999999752,76.99822398337872,46.79857065767537,17.61348907413055,-4.46139374896278,-0.16191866016195328,0.4807162167228088,-0.10174238865132594,0.08008701817334052,-0.699810802936554,-0.052215974777936935,0.48612943291664124,-0.699810802936554,-0.052215974777936935,0.48612943291664124,0.4801135182380676,-0.018275591172277925,0.12153235822916031,0.022556242911716987,0.19999999999998863,,none,0.03473489276754549,0.0,-0.009999999999999431,-0.0021786498558290716
R02_deeper_empty,403,81.59999999999751,76.97526034652198,46.891118480186485,17.628243064556518,-4.474340756183611,-0.1446979969462519,0.4840339982684584,-0.032915198645852774,0.09127627788924617,-0.673792839050293,0.3066655397415161,0.4563058614730835,-0.673792839050293,0.3066655397415161,0.4563058614730835,0.4957242965698242,0.10733293890953063,0.11407646536827087,0.02078327140040509,0.19999999999998863,,none,0.033390517826848765,0.0,-0.009999999999999431,-0.002607246426444243
R02_deeper_empty,404,81.7999999999975,76.95212145172357,46.98686516003413,17.641729986730287,-4.473653006606689,-0.12818872229590345,0.5090207456883504,0.03469677068136638,0.07504018522497811,-0.5048962235450745,0.4927676320075989,0.16782456636428833,-0.5048962235450745,0.4927676320075989,0.16782456636428833,0.5970622658729553,0.1724686712026596,0.04195614159107208,0.019373669080391735,0.19999999999998863,,none,0.032301299342442746,0.0,-0.009999999999999431,-0.0029276302620515793
R02_deeper_empty,405,81.99999999999748,76.92736275533356,47.08685975163181,17.65432422712284,-4.465210305913717,-0.1162669298866645,0.5279104007276451,0.048676576311890984,0.046340814515086544,-0.5092189311981201,0.2204657644033432,-0.04855785891413689,-0.5092189311981201,0.2204657644033432,-0.04855785891413689,0.594468641281128,0.07716301754117011,-0.012139464728534222,0.018927137119654894,0.19999999999998863,,none,0.03134690405708618,0.0,-0.009999999999999431,-0.002419766937431851
R02_deeper_empty,406,82.19999999999747,76.90135854200155,47.188645266459645,17.666174242174407,-4.461378104322692,-0.10912981103801826,0.5292398911840707,-0.006217208073812713,0.026523972192569002,-0.6101260185241699,-0.3373527228832245,-0.05542604625225067,-0.6101260185241699,-0.3373527228832245,-0.05542604625225067,0.5339243888854981,-0.11807345300912857,-0.013856511563062668,0.01345689695658932,0.19999999999998863,,none,0.029884714497161013,0.0,-0.009999999999999431,-0.006427817540572263
R02_deeper_empty,407,82.39999999999746,76.87585384672711,47.28946785800933,17.677324914610118,-4.470742235756836,-0.1048289686185794,0.5172733522560252,-0.08173250742705047,0.017188098154407562,-0.7081518173217773,-0.6731683015823364,-0.007341891992837191,-0.7081518173217773,-0.6731683015823364,-0.007341891992837191,0.4751089096069336,-0.23560890555381772,-0.0018354729982092977,0.015722489678879133,0.19999999999998863,,none,0.028216354599233995,0.0,-0.009999999999999431,-0.0024938649203554305
R02_deeper_empty,408,82.59999999999745,76.85216992584692,47.38981340539333,17.687966992086505,-4.492276271008362,-0.10060067847424391,0.5191615990834414,-0.1299720257396863,0.024540641083796114,-0.623641848564148,-0.6521970629692078,0.1580912321805954,-0.623641848564148,-0.6521970629692078,0.1580912321805954,0.5258148908615112,-0.2282689720392227,0.03952280804514885,0.016534707245032376,0.19999999999998863,,none,0.02723370416987514,0.0,-0.009999999999999431,-0.0006989969248433328
R02_deeper_empty,409,82.79999999999744,76.83120710427433,47.48966536285582,17.697938791507603,-4.51898278782336,-0.09342250990129876,0.5066078574326129,-0.13659404023686442,0.04565002721404411,-0.7293760180473328,-0.42882177233695984,0.35465723276138306,-0.7293760180473328,-0.42882177233695984,0.35465723276138306,0.46237438917160034,-0.15008762031793593,0.08866430819034576,0.014379210034475044,0.19999999999998863,,none,0.0263734985873878,0.0,-0.009999999999999431,-0.0019942885529133257
R02_deeper_empty,410,82.99999999999743,76.81303725279047,47.58861993827377,17.706817113244906,-4.5406360036042965,-0.08168532301374369,0.5035581738115346,-0.08390899678252939,0.06989453003919946,-0.6786457896232605,0.06699008494615555,0.47718876600265503,-0.6786457896232605,0.06699008494615555,0.47718876600265503,0.49281252622604366,0.02344652973115444,0.11929719150066376,0.00980755563670322,0.19999999999998863,,none,0.02507589424744161,0.0,-0.009999999999999431,-0.005268338610738958
R02_deeper_empty,411,83.19999999999742,76.79617580884378,47.68897292699721,17.714380451901906,-4.5475263767508824,-0.06623805665577162,0.51625930953119,0.01167508072645572,0.08354899460623717,-0.5649797916412354,0.6226447224617004,0.4454899728298187,-0.5649797916412354,0.6226447224617004,0.4454899728298187,0.5610121250152588,0.21792565286159515,0.11137249320745468,0.007199954528393223,0.19999999999998863,,none,0.023653491503960566,0.0,-0.009999999999999431,-0.006453536975567912
R02_deeper_empty,412,83.3999999999974,76.7782818176606,47.79399058396827,17.72064478602848,-4.536918819307894,-0.05235677525782869,0.5493490339862932,0.08860246576418614,0.05724626020202248,-0.3900972902774811,0.7010178565979004,0.014598283916711807,-0.3900972902774811,0.7010178565979004,0.014598283916711807,0.6659416258335114,0.24535624980926513,0.003649570979177952,0.007729545648355805,0.19999999999998863,,none,0.022177423348594516,0.0,-0.009999999999999431,-0.00444787770023928
R02_deeper_empty,413,83.5999999999974,76.757647219806,47.9046570670215,17.726008166791193,-4.519370662336233,-0.04400384978120005,0.5764089207047212,0.0869998902933278,0.02845313639610596,-0.38040798902511597,0.23924098908901215,-0.12087272852659225,-0.38040798902511597,0.23924098908901215,-0.12087272852659225,0.6717552065849304,0.08373434618115425,-0.030218182131648064,0.005978086694339578,0.19999999999998863,,none,0.020611769757088894,0.0,-0.009999999999999431,-0.004633683062749885
R02_deeper_empty,414,83.79999999999738,76.73484647252036,48.01746773777499,17.730812804470588,-4.509017641584911,-0.040045920502056145,0.5755570340493552,0.021469362415828926,0.012340563317363738,-0.5457410216331482,-0.320174902677536,-0.08196714520454407,-0.5457410216331482,-0.320174902677536,-0.08196714520454407,0.572555387020111,-0.1120612159371376,-0.020491786301136017,0.0018744223679153325,0.19999999999998863,,none,0.01871031828883396,0.0,-0.009999999999999431,-0.006835895920919197
R02_deeper_empty,415,83.99999999999737,76.71178454184881,48.129743929276245,17.73528868589196,-4.513779667440434,-0.038245919615800414,0.5717016099787112,-0.0628709087738951,0.006127709239678387,-0.5698051452636719,-0.6704594492912292,-0.02612852305173874,-0.5698051452636719,-0.6704594492912292,-0.02612852305173874,0.5581169128417969,-0.23466080725193023,-0.006532130762934685,0.004522977975406119,0.19999999999998863,,none,0.01705090392273334,0.0,-0.009999999999999431,-0.0025279259473277903
R02_deeper_empty,416,84.19999999999736,76.6902158967694,48.241706395381286,17.739547476133744,-4.532565935789356,-0.03609424868381167,0.5694272213158674,-0.12063787059594763,0.01473989817652029,-0.5643110871315002,-0.6809964179992676,0.12915530800819397,-0.5643110871315002,-0.6809964179992676,0.12915530800819397,0.5614133477210999,-0.23834874629974365,0.03228882700204849,0.005586004424500598,0.19999999999998863,,none,0.0160710900359593,0.0,-0.009999999999999431,-0.0004850856114592717
R02_deeper_empty,417,84.39999999999735,76.67152034683818,48.35228564022963,17.743348143990115,-4.5577072769883245,-0.030817789864692684,0.5534812688241948,-0.1300650160979451,0.036392714195165564,-0.6711745858192444,-0.42649877071380615,0.3220573365688324,-0.6711745858192444,-0.42649877071380615,0.3220573365688324,0.49729524850845336,-0.14927456974983214,0.0805143341422081,0.002870702641208638,0.19999999999998863,,none,0.01513870369017667,0.0,-0.009999999999999431,-0.0022680010489686
R02_deeper_empty,418,84.59999999999734,76.65579579375364,48.460929960364986,17.746241748432368,-4.57744562303568,-0.020959831229241627,0.5450797907356925,-0.07171620272876264,0.06037902082124374,-0.6408717632293701,0.13480086624622345,0.43702223896980286,-0.6408717632293701,0.13480086624622345,0.43702223896980286,0.5154769420623779,0.047180303186178205,0.10925555974245071,-0.0027944347666247578,0.19999999999998863,,none,0.013789414679223455,0.0,-0.009999999999999431,-0.006583849445848782
R02_deeper_empty,419,84.79999999999733,76.64155238728063,48.56912924969892,17.747802771130882,-4.581912218324613,-0.006985613802457421,0.5463109869922814,0.02349939520583965,0.07803260062851058,-0.5822514295578003,0.651794970035553,0.45602014660835266,-0.5822514295578003,0.651794970035553,0.45602014660835266,0.5506491422653198,0.22812823951244351,0.11400503665208817,-0.0035796025778056916,0.19999999999998863,,none,0.011842000769540562,0.0,-0.009999999999999431,-0.005421603347346822
R02_deeper_empty,420,84.99999999999731,76.62643352033818,48.679876561191286,17.747805638357423,-4.568571991457915,0.005891995673108233,0.5703199122521547,0.10384705865231583,0.0526561228616288,-0.40847325325012207,0.76448655128479,0.003787411842495203,-0.40847325325012207,0.76448655128479,0.003787411842495203,0.6549160480499268,0.2675702929496765,0.0009468529606238008,-0.0056201563040603275,0.19999999999998863,,none,0.00932809756472075,0.0,-0.009999999999999431,-0.004948253868781646
R02_deeper_empty,421,85.1999999999973,76.60822238904218,48.79657234049994,17.746592695795226,-4.5462870084816505,0.01356770102489867,0.609028639648262,0.11794054317929413,0.02610229633411146,-0.25763341784477234,0.41902464628219604,-0.11202415823936462,-0.25763341784477234,0.41902464628219604,-0.11202415823936462,0.7454199492931366,0.1466586261987686,-0.028006039559841156,-0.006375567878033719,0.19999999999998863,,none,0.006734610192324908,0.0,-0.009999999999999431,-0.0031101780703591962
R02_deeper_empty,422,85.39999999999729,76.5865213428161,48.91885092625652,17.744650585350342,-4.529779950418546,0.01709122769691888,0.6319514047091469,0.05209297780858702,0.010322310184056032,-0.3121326267719269,-0.23452463746070862,-0.08732932806015015,-0.3121326267719269,-0.23452463746070862,-0.08732932806015015,0.7127204239368439,-0.082083623111248,-0.021832332015037537,-0.01438739532984183,0.19999999999998863,,none,0.004226737964000193,0.0,-0.009999999999999431,-0.008614133293842592
R02_deeper_empty,423,85.59999999999728,76.56350995297048,49.04186759959991,17.742404748669227,-4.528279354037217,0.018607319845933026,0.6203027396399249,-0.03087888708465626,0.005222950751011301,-0.5345694422721863,-0.5712190866470337,-0.020671751350164413,-0.5345694422721863,-0.5712190866470337,-0.020671751350164413,0.5792583346366882,-0.19992668032646177,-0.005167937837541103,-0.011174251392122785,0.19999999999998863,,none,0.0021714390385891846,0.0,-0.009999999999999431,-0.003345690430712538
R02_deeper_empty,424,85.79999999999727,76.5414803897076,49.163777878391386,17.740053028092472,-4.541383811346745,0.019193817997398093,0.6188446356002022,-0.09530953864869031,0.0009630965778600258,-0.47715505957603455,-0.6474254727363586,-0.03086857870221138,-0.47715505957603455,-0.6474254727363586,-0.03086857870221138,0.6137069642543793,-0.2265989154577255,-0.007717144675552845,-0.009327575351276698,0.19999999999998863,,none,0.0008565806469071902,0.0,-0.009999999999999431,-0.00018415599818445762
R02_deeper_empty,425,85.99999999999726,76.52183267558183,49.28529115892343,17.737628635950543,-4.564102679011035,0.020630140195868597,0.612626518117738,-0.12931606153315442,0.012528443561610553,-0.5154719948768616,-0.567458987236023,0.14437991380691528,-0.5154719948768616,-0.567458987236023,0.14437991380691528,0.590716803073883,-0.19861064553260802,0.03609497845172882,-0.010660325021552668,0.19999999999998863,,none,0.00011117218766365511,0.0,-0.009999999999999431,-0.0007714972092168918
R02_deeper_empty,426,86.19999999999725,76.50557844922447,49.40408138538785,17.73490732945743,-4.588259564285636,0.02567913156018647,0.5878479058468998,-0.1134487153489971,0.03617892958965053,-0.6657670736312866,-0.231760174036026,0.3374846875667572,-0.6657670736312866,-0.231760174036026,0.3374846875667572,0.500539755821228,-0.08111606091260909,0.0843711718916893,-0.01407327179788826,0.19999999999998863,,none,-0.0006218366472783288,0.0,-0.009999999999999431,-0.0034514351506105003
R02_deeper_empty,427,86.39999999999723,76.49229366617908,49.51848502313813,17.731428293927934,-4.602399018304816,0.03578302482894824,0.5654679839453058,-0.03393851959281893,0.06284981469824516,-0.6889805197715759,0.3659377694129944,0.46878671646118164,-0.6889805197715759,0.3659377694129944,0.46878671646118164,0.48661168813705447,0.12807821929454802,0.11719667911529541,-0.019397004574563077,0.19999999999998863,,none,-0.0018965662050298704,0.0,-0.009999999999999431,-0.007500438369533775
R02_deeper_empty,428,86.59999999999722,76.47993747783298,49.63066364900518,17.72666037456324,-4.59936642707313,0.04883515649312529,0.5641783430377082,0.06020501941548809,0.0673335613233899,-0.5672762393951416,0.742806077003479,0.3058800995349884,-0.5672762393951416,0.742806077003479,0.3058800995349884,0.5596342563629151,0.25998212695121764,0.0764700248837471,-0.017778990216591753,0.19999999999998863,,none,-0.004111385837264336,0.0,-0.009999999999999431,-0.0036676043793279866
R02_deeper_empty,429,86.79999999999721,76.46602526339312,49.74463389343256,17.720378728838813,-4.580023877849224,0.059399170861329564,0.5847548492473584,0.1281029929147751,0.04034101445119529,-0.404572069644928,0.7613076567649841,-0.058645181357860565,-0.404572069644928,0.7613076567649841,-0.058645181357860565,0.6572567582130432,0.26645767986774443,-0.014661295339465141,-0.020372018892597724,0.19999999999998863,,none,-0.007178146178242528,0.0,-0.009999999999999431,-0.0031938727143557624
R02_deeper_empty,430,86.9999999999972,76.44840239856597,49.86481365315575,17.712735559378462,-4.553568469271006,0.06553224040933976,0.6301939399617599,0.13586599434659857,0.022345970079710828,-0.18283353745937347,0.43338441848754883,-0.05728905275464058,-0.18283353745937347,0.43338441848754883,-0.05728905275464058,0.7902998775243759,0.15168454647064208,-0.014322263188660145,-0.023941037415075538,0.19999999999998863,,none,-0.010806968096217062,0.0,-0.009999999999999431,-0.0031340693188590452
R02_deeper_empty,431,87.19999999999719,76.4265217062425,49.99205202684137,17.704030227337405,-4.533123101099247,0.06860398250176178,0.6623080550929129,0.07330306429704336,0.00935089174480038,-0.20756156742572784,-0.1548013836145401,-0.06851594150066376,-0.20756156742572784,-0.1548013836145401,-0.06851594150066376,0.7754630595445633,-0.054180484265089035,-0.01712898537516594,-0.03148121360049869,0.19999999999998863,,none,-0.014547212474671056,0.0,-0.009999999999999431,-0.006934001125828204
R02_deeper_empty,432,87.39999999999718,76.40261484126538,50.1205278725725,17.694916495246854,-4.526495202769312,0.07075694307503126,0.6483381443509926,-0.0013941419506884462,0.011980518635551971,-0.5014753937721252,-0.4388672113418579,0.06935548037290573,-0.5014753937721252,-0.4388672113418579,0.06935548037290573,0.5991147637367249,-0.15360352396965027,0.017338870093226433,-0.030850548715301258,0.19999999999998863,,none,-0.017128803499913303,0.0,-0.009999999999999431,-0.0037217452153885246
R02_deeper_empty,433,87.59999999999717,76.37927423487355,50.24590825299247,17.685737734044537,-4.532053637369582,0.07283359571319747,0.6311168805794084,-0.05048985331178553,0.009009903435749523,-0.5492712259292603,-0.4300898611545563,0.011826900765299797,-0.5492712259292603,-0.4300898611545563,0.011826900765299797,0.5704372644424438,-0.15053145140409468,0.0029567251913249493,-0.02858869811624716,0.19999999999998863,,none,-0.018475277697856285,0.0,-0.009999999999999431,-0.00011342041839144398
R02_deeper_empty,434,87.79999999999715,76.3578042995625,50.36752411327644,17.676573785413705,-4.543944470583317,0.0756874753526032,0.6083229381578157,-0.0671619039968574,0.018791641937737937,-0.6199869513511658,-0.28895512223243713,0.15489497780799866,-0.6199869513511658,-0.28895512223243713,0.15489497780799866,0.5280078291893004,-0.101134292781353,0.038723744451999664,-0.030081421119145215,0.19999999999998863,,none,-0.01917365705872065,0.0,-0.009999999999999431,-0.0009077640604251336
R02_deeper_empty,435,87.99999999999714,76.3385299588039,50.48480028296872,17.667260632629507,-4.55388258093846,0.08145303306259588,0.5849225369152437,-0.03466825081147989,0.03745711574924365,-0.6625490784645081,0.09012451767921448,0.3019658923149109,-0.6625490784645081,0.09012451767921448,0.3019658923149109,0.5024705529212952,0.031543581187725066,0.07549147307872772,-0.033095638380404836,0.19999999999998863,,none,-0.019752783141328223,0.0,-0.009999999999999431,-0.0033428552390771847
R02_deeper_empty,436,88.19999999999713,76.32049216994308,50.598323537888284,17.657377489242915,-4.55300779461622,0.09075950697506201,0.5695206763579128,0.03794336614784583,0.0543354973558452,-0.641247034072876,0.5311513543128967,0.35491329431533813,-0.641247034072876,0.5311513543128967,0.35491329431533813,0.5152517795562744,0.18590297400951383,0.08872832357883453,-0.0348826975175969,0.19999999999998863,,none,-0.020927460015498056,0.0,-0.009999999999999431,-0.003955237502099411
R02_deeper_empty,437,88.39999999999712,76.30167380975674,50.71070704953817,17.64643498199325,-4.5370375275160715,0.10019788740582582,0.5749625676622119,0.11588484455321552,0.04104966223253301,-0.5097712874412537,0.784871518611908,0.055909257382154465,-0.5097712874412537,0.784871518611908,0.055909257382154465,0.5941372275352478,0.27470503151416775,0.013977314345538616,-0.03670130032491681,0.19999999999998863,,none,-0.023280036168385365,0.0,-0.009999999999999431,-0.003421264156532009
R02_deeper_empty,438,88.59999999999711,76.2796453448498,50.826207346608925,17.634193433794795,-4.50952496446854,0.10657606923083077,0.605800135728837,0.15620207084843965,0.024015986571996443,-0.3092380166053772,0.6810168027877808,-0.04277312010526657,-0.3092380166053772,0.6810168027877808,-0.04277312010526657,0.7144571900367737,0.23835588097572324,-0.010693280026316643,-0.038165621666945614,0.19999999999998863,,none,-0.026950869540193878,0.0,-0.009999999999999431,-0.0012147521267523013
R02_deeper_empty,439,88.7999999999971,76.25264192864732,50.94789565352905,17.620626680958782,-4.479110396937531,0.10958385080445933,0.6461898560104534,0.1485224207784508,0.007320193462867205,-0.1858263462781906,0.3796391785144806,-0.10680229961872101,-0.1858263462781906,0.3796391785144806,-0.10680229961872101,0.7885041922330855,0.13287371248006818,-0.026700574904680252,-0.04380300236169736,0.19999999999998863,,none,-0.03159982938940331,0.0,-0.009999999999999431,-0.002203172972294617
R02_deeper_empty,440,88.99999999999709,76.22090230855635,51.07416774473246,17.606244819080036,-4.455320069510309,0.11010720541322418,0.6629681536730141,0.09352594563833,-0.0014273442175016062,-0.29652172327041626,-0.052970144897699356,-0.07700828462839127,-0.29652172327041626,-0.052970144897699356,-0.07700828462839127,0.7220869660377502,-0.018539550714194775,-0.019252071157097816,-0.04974584828935121,0.19999999999998863,,none,-0.035740008758955,0.0,-0.009999999999999431,-0.004005839530396781
R02_deeper_empty,441,89.19999999999708,76.18680102305663,51.19986867494275,17.591823618766924,-4.441183197731269,0.11077868268486117,0.6481437229428603,0.05104459740376444,0.007471416104193658,-0.506817638874054,-0.10148289054632187,0.10241714864969254,-0.506817638874054,-0.10148289054632187,0.10241714864969254,0.5959094166755676,-0.03551901169121265,0.025604287162423134,-0.04952277628449733,0.19999999999998863,,none,-0.037947349390158536,0.0,-0.009999999999999431,-0.001575426894339367
R02_deeper_empty,442,89.39999999999706,76.15222203429715,51.3218831805775,17.57757321476904,-4.431367376519589,0.11343699655595663,0.6289435559874186,0.047389127964047914,0.018295881139254955,-0.5645146369934082,0.11411552131175995,0.16141092777252197,-0.5645146369934082,0.11411552131175995,0.16141092777252197,0.5612912178039551,0.03994043245911598,0.04035273194313049,-0.04998831562587474,0.19999999999998863,,none,-0.038922477930617205,0.0,-0.009999999999999431,-0.0010658376952581007
R02_deeper_empty,443,89.59999999999705,76.11723546552899,51.44036050406347,17.56324843365876,-4.4175645763501,0.11765442317302549,0.6153361173049189,0.08760760165499126,0.023487120577465246,-0.5543501377105713,0.48445767164230347,0.13626092672348022,-0.5543501377105713,0.48445767164230347,0.13626092672348022,0.5673899173736572,0.1695601850748062,0.034065231680870056,-0.05275161574430122,0.19999999999998863,,none,-0.03999383278610402,0.0,-0.009999999999999431,-0.0027577829581977697
R02_deeper_empty,444,89.79999999999704,76.08015177380152,51.558004417986254,17.548382994033563,-4.3946728910104165,0.12211703591061343,0.6265886630870101,0.13754543048810655,0.021303580522564064,-0.38960444927215576,0.6837228536605835,0.06741685420274734,-0.38960444927215576,0.6837228536605835,0.06741685420274734,0.6662373304367065,0.2393029987812042,0.016854213550686836,-0.0537714278672032,0.19999999999998863,,none,-0.04233968264830246,0.0,-0.009999999999999431,-0.0014317452189013136
R02_deeper_empty,445,89.99999999999703,76.03848962266726,51.67864052950887,17.532507093915022,-4.364258535732562,0.12482158452463799,0.6580877811483892,0.16456188804610666,0.006832586493520067,-0.2182069569826126,0.6274654865264893,-0.09061896800994873,-0.2182069569826126,0.6274654865264893,-0.09061896800994873,0.7690758258104324,0.21961292028427123,-0.022654742002487183,-0.057676064045068844,0.19999999999998863,,none,-0.04652571778862047,0.0,-0.009999999999999431,-0.001150346256448943
R02_deeper_empty,446,90.19999999999702,75.99111533422398,51.80285893119418,17.515819907487973,-4.332330531828876,0.1242108266267148,0.6807845742403624,0.15540807516785693,-0.011554340195966042,-0.23207104206085205,0.39072996377944946,-0.1960844248533249,-0.23207104206085205,0.39072996377944946,-0.1960844248533249,0.7607573747634888,0.1367554873228073,-0.04902110621333122,-0.062466967119112135,0.19999999999998863,,none,-0.051119789455661646,0.0,-0.009999999999999431,-0.001347177663451058
R02_deeper_empty,447,90.39999999999701,75.93917649737168,51.92759616065482,17.499152773615354,-4.304475367364509,0.12089271423532834,0.6806872526469073,0.12540491213601643,-0.020920830047134763,-0.3660927712917328,0.18362261354923248,-0.1600271463394165,-0.3660927712917328,0.18362261354923248,-0.1600271463394165,0.6803443372249602,0.06426791474223137,-0.040006786584854126,-0.06539718387957161,0.19999999999998863,,none,-0.054154075764387244,0.0,-0.009999999999999431,-0.0012431081151849366
R02_deeper_empty,448,90.599999999997,75.88469716097262,52.04976168971511,17.483170529701212,-4.282294438771878,0.11704583098476799,0.6671169551181799,0.09843695272258741,-0.017784395942521323,-0.467830628156662,0.12424212694168091,-0.04557332396507263,-0.467830628156662,0.12424212694168091,-0.04557332396507263,0.6193016231060028,0.043484744429588315,-0.011393330991268158,-0.06587646863688987,0.19999999999998863,,none,-0.05533694241358411,0.0,-0.009999999999999431,-0.0005395262233063258
R02_deeper_empty,449,90.79999999999698,75.82868313077732,52.16891118241337,17.467900429350166,-4.264039289230105,0.11408700832068261,0.6587146303781383,0.0851183664357299,-0.012222994328109464,-0.4514853358268738,0.16565509140491486,-0.0035624371375888586,-0.4514853358268738,0.16565509140491486,-0.0035624371375888586,0.6291087985038757,0.05797928199172019,-0.0008906092843972147,-0.06605691868794375,0.19999999999998863,,none,-0.0559819763515641,0.0,-0.009999999999999431,-7.494233638021921e-05
R02_deeper_empty,450,90.99999999999697,75.77121082513546,52.28586367373225,17.453108646770843,-4.247304467273958,0.11213619569020578,0.6530446295179521,0.0824323021709773,-0.007631215034374059,-0.444889634847641,0.21988271176815033,0.006901540327817202,-0.444889634847641,0.21988271176815033,0.006901540327817202,0.6330662190914154,0.07695894911885261,0.0017253850819543004,-0.06695234468027994,0.19999999999998863,,none,-0.056890472022159244,0.0,-0.009999999999999431,-6.187265812126337e-05
R02_deeper_empty,451,91.19999999999696,75.71211702693488,52.40120899344112,17.438602105693857,-4.230413414559168,0.11089661080291031,0.6511692408086837,0.08619465584593439,-0.0049655457139667954,-0.42573124170303345,0.2681747078895569,0.001864995458163321,-0.42573124170303345,0.2681747078895569,0.001864995458163321,0.6445612549781798,0.09386114776134491,0.00046624886454083025,-0.0681504387911642,0.19999999999998863,,none,-0.05809594823713482,0.0,-0.009999999999999431,-5.449055402994656e-05
R02_deeper_empty,452,91.39999999999695,75.65101632455092,52.51552858138845,17.42423017713101,-4.212420165216394,0.10997157388921375,0.6529422235932949,0.0932091538692553,-0.004332533633439175,-0.40135103464126587,0.3071499764919281,-0.01217061746865511,-0.40135103464126587,0.3071499764919281,-0.01217061746865511,0.6591893792152405,0.10750249177217483,-0.0030426543671637774,-0.06970979984078289,0.19999999999998863,,none,-0.05966359055099879,0.0,-0.009999999999999431,-4.620928978466236e-05
R02_deeper_empty,453,91.59999999999694,75.58746303185345,52.629279416332736,17.40990601679336,-4.193156392464605,0.10895908550334628,0.6577090968393183,0.09899266927113501,-0.0056900351435598155,-0.3758244812488556,0.31650757789611816,-0.03382478281855583,-0.3758244812488556,0.31650757789611816,-0.03382478281855583,0.6745053112506867,0.11077765226364135,-0.008456195704638958,-0.071579722563635,0.19999999999998863,,none,-0.06155556111345284,0.0,-0.009999999999999431,-2.416145018272227e-05
R02_deeper_empty,454,91.79999999999693,75.52117196165216,52.742630159834505,17.39562859425149,-4.173213023008589,0.10755164797301897,0.6629269101054978,0.10033951345179128,-0.008195502713053119,-0.3644799590110779,0.2945255935192108,-0.05320342630147934,-0.3644799590110779,0.2945255935192108,-0.05320342630147934,0.6813120245933533,0.10308395773172378,-0.013300856575369835,-0.07360864444535782,0.19999999999998863,,none,-0.06358889569245463,0.0,-0.009999999999999431,-1.974875290376571e-05
R02_deeper_empty,455,91.99999999999692,75.4521400603825,52.85545781437431,17.38146796203245,-4.153587588231062,0.10566364560602856,0.6671573483405876,0.09622494958654933,-0.010510071573046415,-0.36322763562202454,0.2509736120700836,-0.060905735939741135,-0.36322763562202454,0.2509736120700836,-0.060905735939741135,0.6820634186267853,0.08784076422452926,-0.015226433984935284,-0.07557207782668376,0.19999999999998863,,none,-0.06553292444716874,0.0,-0.009999999999999431,-3.9153379515591e-05
R02_deeper_empty,456,92.1999999999969,75.38064814832265,52.96745845992005,17.367522362444728,-4.135295402603572,0.1034321103573579,0.6688107070867744,0.08736470461092344,-0.01171450276370861,-0.37560606002807617,0.19802947342395782,-0.0566750168800354,-0.37560606002807617,0.19802947342395782,-0.0566750168800354,0.6746363639831543,0.06931031569838524,-0.01416875422000885,-0.07726565424454075,0.19999999999998863,,none,-0.06720617012071095,0.0,-0.009999999999999431,-5.948412383037366e-05
R02_deeper_empty,457,92.3999999999969,75.30715014256131,53.078327226491325,17.353870353570258,-4.119114886355771,0.10112842434678847,0.6683920686924385,0.07534628766011535,-0.011349841884275274,-0.38847169280052185,0.14530439674854279,-0.04242711141705513,-0.38847169280052185,0.14530439674854279,-0.04242711141705513,0.6669169843196869,0.05085653886198997,-0.010606777854263783,-0.07860987656130265,0.19999999999998863,,none,-0.0685469073407603,0.0,-0.009999999999999431,-6.296922054291692e-05
R02_deeper_empty,458,92.59999999999688,75.23228369753282,53.18765984826143,17.340563552155338,-4.105208756944179,0.09913896378534179,0.6635973371235754,0.06453021536156203,-0.008741365003293075,-0.422161728143692,0.1214013323187828,-0.013704442419111729,-0.422161728143692,0.1214013323187828,-0.013704442419111729,0.6467029631137848,0.04249046631157398,-0.003426110604777932,-0.07951684629301103,0.19999999999998863,,none,-0.06946621895931315,0.0,-0.009999999999999431,-5.062733369845461e-05
R02_deeper_empty,459,92.79999999999687,75.15663117314479,53.295140641980524,17.327589623444428,-4.093244946308521,0.09777247719403993,0.6574472840640061,0.05576827935650406,-0.0051910859466098806,-0.44037100672721863,0.10832632333040237,0.008173058740794659,-0.44037100672721863,0.10832632333040237,0.008173058740794659,0.6357773959636688,0.03791421316564083,0.0020432646851986647,-0.08006582009644125,0.19999999999998863,,none,-0.07004619692157021,0.0,-0.009999999999999431,-1.9623174871608308e-05
R02_deeper_empty,460,92.99999999999686,75.08047444337485,53.40078879024882,17.314866780143323,-4.08248819706839,0.09712688373295807,0.6514014349517518,0.0520773954864394,-0.0015400293207956934,-0.44983547925949097,0.12730439007282257,0.023598697036504745,-0.44983547925949097,0.12730439007282257,0.023598697036504745,0.6300987124443054,0.0445565365254879,0.005899674259126186,-0.08055817147978069,0.19999999999998863,,none,-0.07054441760829278,0.0,-0.009999999999999431,-1.3753871488479414e-05
R02_deeper_empty,461,93.19999999999685,75.0038532514096,53.50475564559752,17.302289075400267,-4.072036017416265,0.09715253074894799,0.6464543838408068,0.05241867848660862,0.0015626500925207702,-0.45162782073020935,0.15175458788871765,0.031539734452962875,-0.45162782073020935,0.15175458788871765,0.031539734452962875,0.6290233075618743,0.053114105761051175,0.007884933613240719,-0.08112774396940144,0.19999999999998863,,none,-0.07111446227467333,0.0,-0.009999999999999431,-1.328169472867291e-05
R02_deeper_empty,462,93.39999999999684,74.9266337241862,53.607252939251275,17.289752888607463,-4.061333485753416,0.09767824667633296,0.6431155614748121,0.05445328924032732,0.0035450922353795137,-0.4477481245994568,0.1674262434244156,0.030338739976286888,-0.4477481245994568,0.1674262434244156,0.030338739976286888,0.6313511252403259,0.05859918519854545,0.007584684994071722,-0.08185184287140887,0.19999999999998863,,none,-0.07184660096706885,0.0,-0.009999999999999431,-5.241904340591089e-06
R02_deeper_empty,463,93.59999999999683,74.84860842971995,53.70849869950337,17.277176877748463,-4.050166306386782,0.09850322287596901,0.6413716871634678,0.0570246970537874,0.00462339772317285,-0.44128817319869995,0.1778983324766159,0.027282578870654106,-0.44128817319869995,0.1778983324766159,0.027282578870654106,0.63522709608078,0.06226441636681556,0.0068206447176635265,-0.08276466258518474,0.19999999999998863,,none,-0.07276144787034688,0.0,-0.009999999999999431,-3.214714838418731e-06
R02_deeper_empty,464,93.79999999999681,74.76960966771038,53.808623893167045,17.26451148084967,-4.03853395397585,0.09947903708304036,0.6403340533343413,0.05913943867881854,0.00509890527574837,-0.4388701319694519,0.18128176033496857,0.02427135966718197,-0.4388701319694519,0.18128176033496857,0.02427135966718197,0.6366779208183289,0.063448616117239,0.006067839916795492,-0.08379794991651396,0.19999999999998863,,none,-0.07379742267754352,0.0,-0.009999999999999431,-5.272389710075931e-07
R02_deeper_empty,465,93.9999999999968,74.68957723728818,53.90763432410532,17.25173855956075,-4.026619123010025,0.10051126362176196,0.6392326844701226,0.059947934532107366,0.005214637367286689,-0.4410800337791443,0.17598684132099152,0.02180185168981552,-0.4410800337791443,0.17598684132099152,0.02180185168981552,0.6353519797325133,0.061595394462347026,0.00545046292245388,-0.08485047388760092,0.19999999999998863,,none,-0.07484969352154103,0.0,-0.009999999999999431,-7.803660604666779e-07
R02_deeper_empty,466,94.19999999999679,74.60854265320484,54.005470868460826,17.23885906943441,-4.014699475174528,0.10156909663521492,0.637734634657298,0.05929756245844956,0.005353245827876229,-0.44590631127357483,0.16563516855239868,0.022542744874954224,-0.44590631127357483,0.16563516855239868,0.022542744874954224,0.6324562132358551,0.057972308993339536,0.005635686218738556,-0.08584686995103999,0.19999999999998863,,none,-0.0758442499709151,0.0,-0.009999999999999431,-2.6199801254611634e-06
R02_deeper_empty,467,94.39999999999678,74.52658352989246,54.1020753546513,17.22587581872715,-4.003002459209491,0.10270516479760938,0.6358703694962458,0.05778648715240764,0.005961585173186572,-0.45116403698921204,0.15630683302879333,0.028804756700992584,-0.45116403698921204,0.15630683302879333,0.028804756700992584,0.6293015778064728,0.054707391560077666,0.007201189175248146,-0.08676220991244342,0.19999999999998863,,none,-0.07675913242613497,0.0,-0.009999999999999431,-3.07748630902549e-06
R02_deeper_empty,468,94.59999999999677,74.44371664461332,54.197495006417675,17.212769317988407,-3.991621162549254,0.10400905741233504,0.6347632739302755,0.056149834214414454,0.006999140296985729,-0.4485626816749573,0.15089957416057587,0.036453403532505035,-0.4485626816749573,0.15089957416057587,0.036453403532505035,0.6308623909950256,0.05281485095620155,0.009113350883126259,-0.08767425847286374,0.19999999999998863,,none,-0.07767236832693847,0.0,-0.009999999999999431,-1.890145925842468e-06
R02_deeper_empty,469,94.79999999999676,74.3598904022241,54.291855604648354,17.199498518847253,-3.9804988685788607,0.1055576667519306,0.6343891715956502,0.05514857085143586,0.008382675829339636,-0.4448816478252411,0.1517380326986313,0.044807542115449905,-0.4448816478252411,0.1517380326986313,0.044807542115449905,0.6330710113048553,0.053108311444520946,0.011201885528862476,-0.08866103482722074,0.19999999999998863,,none,-0.07865935393413359,0.0,-0.009999999999999431,-1.6808930877168504e-06
R02_deeper_empty,470,94.99999999999675,74.27504582493212,54.385262703357355,17.186014648885926,-3.969488410544632,0.10740268811722428,0.6346704144015073,0.054969505659786394,0.009949449843556668,-0.44056436419487,0.15601322054862976,0.05256816744804382,-0.44056436419487,0.15601322054862976,0.05256816744804382,0.635661381483078,0.054604627192020416,0.013142041862010956,-0.08972852858406703,0.19999999999998863,,none,-0.07972658571457458,0.0,-0.009999999999999431,-1.942869493014865e-06
R02_deeper_empty,471,95.19999999999673,74.18911607959508,54.47779066094465,17.172266425594337,-3.958362108989996,0.10954600144593647,0.6355074168137083,0.05620071357136499,0.011376152650329461,-0.4359056353569031,0.16774150729179382,0.05713329464197159,-0.4359056353569031,0.16774150729179382,0.05713329464197159,0.6384566187858581,0.058709527552127834,0.014283323660492897,-0.09087555766127421,0.19999999999998863,,none,-0.08087195572426253,0.0,-0.009999999999999431,-3.601937012246426e-06
R02_deeper_empty,472,95.39999999999672,74.10198004677338,54.56952042276688,17.158200867168276,-3.9469005683013982,0.11192645100717119,0.6373943230604157,0.058259520726809275,0.012354597439269392,-0.42659518122673035,0.1784420609474182,0.05739343911409378,-0.42659518122673035,0.1784420609474182,0.05739343911409378,0.6440428912639617,0.06245472133159637,0.014348359778523445,-0.09212980658587482,0.19999999999998863,,none,-0.08212578150427952,0.0,-0.009999999999999431,-4.025081595866453e-06
R02_deeper_empty,473,95.59999999999671,74.01350494484642,54.66050769884161,17.143775564609502,-3.9349925955113934,0.11444436363267456,0.6397872478133262,0.06064073473513653,0.012791592440442747,-0.4196353554725647,0.18712256848812103,0.054728202521800995,-0.4196353554725647,0.18712256848812103,0.054728202521800995,0.6482187867164612,0.06549289897084236,0.013682050630450249,-0.09348151815491743,0.19999999999998863,,none,-0.08347890027748228,0.0,-0.009999999999999431,-2.6178774357088488e-06
R02_deeper_empty,474,95.7999999999967,73.92362312041416,54.7507257774152,17.128972623599463,-3.9226570686463385,0.11698396142158997,0.6421831687173228,0.0625691862507122,0.012617506342635296,-0.41562455892562866,0.18999646604061127,0.04905109480023384,-0.41562455892562866,0.18999646604061127,0.04905109480023384,0.6506252646446228,0.06649876311421393,0.01226277370005846,-0.09485626985011547,0.19999999999998863,,none,-0.08485513834355274,0.0,-0.009999999999999431,-1.1315065633080158e-06
R02_deeper_empty,475,95.99999999999669,73.83231911635819,54.84011070049641,17.11379548441988,-3.9100610502414894,0.1194473005444319,0.6444369105819108,0.0633333989760975,0.012058051106418553,-0.412703275680542,0.1854017823934555,0.04367223009467125,-0.412703275680542,0.1854017823934555,0.04367223009467125,0.6523780345916748,0.06489062383770942,0.010918057523667812,-0.09620167888820728,0.19999999999998863,,none,-0.08620050734422513,0.0,-0.009999999999999431,-1.1715439827242325e-06
R02_deeper_empty,476,96.19999999999668,73.73959467564734,54.92862091333046,17.098256850957046,-3.897448587611434,0.12178361378374138,0.6467164480551195,0.06282922684928327,0.011357855155009786,-0.40875256061553955,0.17657680809497833,0.039724305272102356,-0.40875256061553955,0.17657680809497833,0.039724305272102356,0.6547484636306762,0.061801882833242415,0.009931076318025589,-0.09750962549357954,0.19999999999998863,,none,-0.08750744400495414,0.0,-0.009999999999999431,-2.1814886259655108e-06
R02_deeper_empty,477,96.39999999999667,73.64541293914762,55.01629127195676,17.08236335513807,-3.8850017850553034,0.1239836382935022,0.6496449217343921,0.06172223299600688,0.01069253520197926,-0.40006086230278015,0.16990436613559723,0.03734729066491127,-0.40006086230278015,0.16990436613559723,0.03734729066491127,0.6599634826183318,0.05946652814745903,0.009336822666227818,-0.09882964403335857,0.19999999999998863,,none,-0.08882712968736506,0.0,-0.009999999999999431,-2.5143459940826784e-06
R02_deeper_empty,478,96.59999999999665,73.54968167324728,55.10322447293811,17.066110200134666,-3.8727763457153017,0.12605516560983898,0.653486346269286,0.060615569768674764,0.010069682460966376,-0.3882971405982971,0.1667443960905075,0.0352020189166069,-0.3882971405982971,0.1667443960905075,0.0352020189166069,0.6670217156410216,0.05836053863167762,0.008800504729151726,-0.10022497817025741,0.19999999999998863,,none,-0.09022191871525997,0.0,-0.009999999999999431,-3.059454998009248e-06
R02_deeper_empty,479,96.79999999999664,73.45233072311781,55.18949770281262,17.049495313537303,-3.860735118846655,0.12800284454814378,0.6576720470927147,0.05985409163305471,0.00945354526971957,-0.37929919362068176,0.16657839715480804,0.03279220685362816,-0.37929919362068176,0.16657839715480804,0.03279220685362816,0.6724204838275909,0.05830243900418281,0.00819805171340704,-0.10167473770541957,0.19999999999998863,,none,-0.09167300174942739,0.0,-0.009999999999999431,-1.7359559927501711e-06
R02_deeper_empty,480,96.99999999999663,73.35332162687615,55.27514490405586,17.03252256664187,-3.84880213966275,0.12983158896294242,0.6622096323938398,0.059502220763432014,0.00887732842380542,-0.3696700930595398,0.16795776784420013,0.030812719836831093,-0.3696700930595398,0.16795776784420013,0.030812719836831093,0.678197944164276,0.05878521874547004,0.007703179959207773,-0.10314865693938487,0.19999999999998863,,none,-0.09314668612718613,0.0,-0.009999999999999431,-1.9708121993001344e-06
R02_deeper_empty,481,97.19999999999662,73.25255989329432,55.36023175284299,17.01518683140928,-3.836911707224592,0.1315422908334334,0.6676983382979321,0.05940912059134369,0.00827508170208099,-0.35493674874305725,0.16919831931591034,0.028191570192575455,-0.35493674874305725,0.16919831931591034,0.028191570192575455,0.6870379507541656,0.059219411760568615,0.007047892548143864,-0.104695360377427,0.19999999999998863,,none,-0.09469085076086436,0.0,-0.009999999999999431,-4.509616563191446e-06
R02_deeper_empty,482,97.39999999999661,73.14989041454666,55.44485907915313,16.99747358053969,-3.825017549734819,0.13313694417507244,0.6742583885189788,0.05952381013889039,0.007713758708111085,-0.33771181106567383,0.17073574662208557,0.026279836893081665,-0.33771181106567383,0.17073574662208557,0.026279836893081665,0.6973729133605957,0.059757511317729946,0.006569959223270416,-0.10636472369328961,0.19999999999998863,,none,-0.09635866935559179,0.0,-0.009999999999999431,-6.0543376983981935e-06
R02_deeper_empty,483,97.5999999999966,73.0451983324721,55.52907628380955,16.979373598574607,-3.8130257509126064,0.134663815492078,0.6811737376297211,0.06033317605886127,0.007566084674814128,-0.32409971952438354,0.17709259688854218,0.029060686007142067,-0.32409971952438354,0.17709259688854218,0.029060686007142067,0.7055401682853699,0.06198240891098976,0.007265171501785517,-0.10811468151431045,0.19999999999998863,,none,-0.09811001288024634,0.0,-0.009999999999999431,-4.668634064675728e-06
R02_deeper_empty,484,97.79999999999659,72.93836135108609,55.61290910547887,16.960869454268458,-3.8007752266538217,0.1361833695693737,0.6890296640089286,0.06204318305848811,0.007625014545423081,-0.3054829239845276,0.18722182512283325,0.03098038025200367,-0.3054829239845276,0.18722182512283325,0.03098038025200367,0.7167102456092834,0.06552763879299163,0.0077450950630009174,-0.10995723058696497,0.19999999999998863,,none,-0.09994817315562976,0.0,-0.009999999999999431,-9.0574313357783e-06
R02_deeper_empty,485,97.99999999999658,72.82911370085345,55.69646184644956,16.94191543828617,-3.7881888527122056,0.13770970700974391,0.6988731489551191,0.06369598447974142,0.007637424516960936,-0.2774050831794739,0.19161106646060944,0.030650848522782326,-0.2774050831794739,0.19161106646060944,0.030650848522782326,0.7335569500923156,0.0670638732612133,0.0076627121306955814,-0.11201612931332888,0.19999999999998863,,none,-0.10199997452983034,0.0,-0.009999999999999431,-1.6154783499114923e-05
R02_deeper_empty,486,98.19999999999656,72.71717852853948,55.77983024012848,16.922462708931352,-3.775290447724169,0.13926139452416142,0.7098117953031724,0.06517648022590483,0.007862487591324938,-0.25274261832237244,0.19483789801597595,0.03328438103199005,-0.25274261832237244,0.19483789801597595,0.03328438103199005,0.7483544290065764,0.06819326430559158,0.008321095257997513,-0.11428750449423246,0.19999999999998863,,none,-0.1042749927920692,0.0,-0.009999999999999431,-1.2511702163830532e-05
R02_deeper_empty,487,98.39999999999655,72.6023331016112,55.86305730183226,16.90246579288263,-3.762072081146689,0.14088481877260156,0.7219697922119607,0.06687887575594197,0.008336061556073563,-0.22531859576702118,0.20099377632141113,0.03720422461628914,-0.22531859576702118,0.20099377632141113,0.03720422461628914,0.7648088425397872,0.07034782171249389,0.009301056154072285,-0.11674309153563736,0.19999999999998863,,none,-0.10672698479514686,0.0,-0.009999999999999431,-1.6106740491062254e-05
R02_deeper_empty,488,98.59999999999654,72.48428760826732,55.94620824223902,16.8818618427185,-3.7483877271118122,0.14260273285584674,0.7359225760560433,0.06974838897391651,0.008807543607202126,-0.1915239840745926,0.21598729491233826,0.03907310217618942,-0.1915239840745926,0.21598729491233826,0.03907310217618942,0.7850856095552444,0.07559555321931838,0.009768275544047356,-0.11944343906119351,0.19999999999998863,,none,-0.10941603157954383,0.0,-0.009999999999999431,-2.7407481650248145e-05
R02_deeper_empty,489,98.79999999999653,72.36259071765078,56.02940150801141,16.860561684657085,-3.733964744112241,0.1443948880619952,0.7527585202559569,0.07414971263236732,0.009092529060202508,-0.1465325802564621,0.23748064041137695,0.038692958652973175,-0.1465325802564621,0.23748064041137695,0.038692958652973175,0.8120804518461227,0.08311822414398193,0.009673239663243294,-0.12252148858719263,0.19999999999998863,,none,-0.1124717618906459,0.0,-0.009999999999999431,-4.972669654730755e-05
R02_deeper_empty,490,98.99999999999652,72.23659149501307,56.11280504020781,16.83844816173539,-3.7185071578759747,0.14623470356930182,0.7734043284796006,0.07998624914420997,0.009290690552999288,-0.0897492915391922,0.26251220703125,0.038777925074100494,-0.0897492915391922,0.26251220703125,0.038777925074100494,0.8461504250764846,0.0918792724609375,0.009694481268525124,-0.12612404775673344,0.19999999999998863,,none,-0.11604702918824827,0.0,-0.009999999999999431,-7.701856848573386e-05
R02_deeper_empty,491,99.1999999999965,72.10571653584195,56.196453175540626,16.815423773612004,-3.7019779216153097,0.1480754798537056,0.7957635573399525,0.0849332567931296,0.009129240783130469,-0.04242176562547684,0.2714677155017853,0.03520102798938751,-0.04242176562547684,0.2714677155017853,0.03520102798938751,0.8745469406247139,0.09501370042562485,0.008800256997346878,-0.13008939413465276,0.19999999999998863,,none,-0.12004273633397666,0.0,-0.009999999999999431,-4.665780067667713e-05
R02_deeper_empty,492,99.3999999999965,71.96970392992877,56.28016874544919,16.79145609295037,-3.6846309235738164,0.1497883434693354,0.8181972271175703,0.0882841651805861,0.008078583557526199,-0.004595158156007528,0.2717493176460266,0.023750700056552887,-0.004595158156007528,0.2717493176460266,0.023750700056552887,0.8972429051063955,0.09511226117610931,0.005937675014138222,-0.13419862862187437,0.19999999999998863,,none,-0.1241673877910312,0.0,-0.009999999999999431,-3.124083084372811e-05
R02_deeper_empty,493,99.59999999999648,71.82861505363255,56.36362096130844,16.76658937679811,-3.666852959566138,0.15125004222112828,0.8388238484129135,0.08941057707192158,0.006646351494470007,0.019170565530657768,0.2620167136192322,0.014911654405295849,0.019170565530657768,0.2620167136192322,0.014911654405295849,0.9115023393183945,0.09170584976673125,0.003727913601323962,-0.13814585102492596,0.19999999999998863,,none,-0.12813109778629617,0.0,-0.009999999999999431,-1.4753238630366102e-05
R02_deeper_empty,494,99.79999999999647,71.68281602097976,56.446377491059216,16.740928259812215,-3.6488781484478072,0.15247968732326647,0.856380832731802,0.09027256589158765,0.005719924463827423,0.030405616387724876,0.26294007897377014,0.015328631736338139,0.030405616387724876,0.26294007897377014,0.015328631736338139,0.9182433698326349,0.09202902764081955,0.0038321579340845346,-0.1416830989571717,0.19999999999998863,,none,-0.1316805539003436,0.0,-0.009999999999999431,-2.5450568286689706e-06
R02_deeper_empty,495,99.99999999999646,71.53273180821778,56.52801431828991,16.714576550286562,-3.6306555947127244,0.15355443294875937,0.8716298850758519,0.09183519581956939,0.005076059950912999,0.04226726293563843,0.271483838558197,0.015056267380714417,0.04226726293563843,0.271483838558197,0.015056267380714417,0.9253603577613829,0.09501934349536895,0.003764066845178604,-0.14478454742921976,0.19999999999998863,,none,-0.1347802720558402,0.0,-0.009999999999999431,-4.275373380126599e-06
R02_deeper_empty,496,100.19999999999645,71.37861602192653,56.60820403812737,16.687602051145642,-3.6120298972578913,0.15448242301815615,0.8858399566062043,0.09424049126901904,0.0042649725180963355,0.05984925106167793,0.28326207399368286,0.01044892705976963,0.05984925106167793,0.28326207399368286,0.01044892705976963,0.9359095506370068,0.099141725897789,0.0026122317649424076,-0.14759220182654184,0.19999999999998863,,none,-0.13758282021211699,0.0,-0.009999999999999431,-9.381614425418642e-06
R02_deeper_empty,497,100.39999999999644,71.22057749397015,56.686680994573486,16.660054720622142,-3.59289851071529,0.1552034459753314,0.8994254614319052,0.0968748241160531,0.0030377527796888694,0.07882396131753922,0.2921221852302551,0.00214826175943017,0.07882396131753922,0.2921221852302551,0.00214826175943017,0.9472943767905235,0.10224276483058929,0.0005370654398575425,-0.15021294877630142,0.19999999999998863,,none,-0.14020279993140505,0.0,-0.009999999999999431,-1.0148844896931621e-05
R02_deeper_empty,498,100.59999999999643,71.05872575536435,56.76317611885201,16.63199844020761,-3.573250602071433,0.1556525684941208,0.9120408203487448,0.09941296247389976,0.001564510860923168,0.09415233135223389,0.29881396889686584,-0.005749968811869621,0.09415233135223389,0.29881396889686584,-0.005749968811869621,0.9564913988113404,0.10458488911390304,-0.0014374922029674053,-0.15263399672567451,0.19999999999998863,,none,-0.1426271543068207,0.0,-0.009999999999999431,-6.842418854373163e-06
R02_deeper_empty,499,100.79999999999642,70.89320260430542,56.83742251411402,16.603508566433007,-3.5532315903283127,0.15584519479275605,0.923792425655874,0.10068154194252439,0.00044605063179644624,0.10866590589284897,0.29504716396331787,-0.007332076318562031,0.10866590589284897,0.29504716396331787,-0.007332076318562031,0.9651995435357092,0.10326650738716125,-0.0018330190796405077,-0.154834292932468,0.19999999999998863,,none,-0.14482974621787825,0.0,-0.009999999999999431,-4.546714590322482e-06
R02_deeper_empty,500,100.9999999999964,70.72413092449437,56.90921156686044,16.57464282712268,-3.5330527433980614,0.15588482337075205,0.9350642874928853,0.10107711310525368,-1.5014320852628173e-05,0.12463502585887909,0.29109475016593933,-0.003818077966570854,0.12463502585887909,0.29109475016593933,-0.003818077966570854,0.9747810155153274,0.10188316255807876,-0.0009545194916427135,-0.15686340540695756,0.19999999999998863,,none,-0.14685774575592347,0.0,-0.009999999999999431,-5.659651034659336e-06
R02_deeper_empty,501,101.1999999999964,70.55167170487285,56.978361889683974,16.5454413894235,-3.5128493561712926,0.15588140508815576,0.9453497469868568,0.10096519448476811,-1.8877348190809527e-05,0.13598476350307465,0.28782039880752563,-0.00010699592530727386,0.13598476350307465,0.28782039880752563,-0.00010699592530727386,0.9815908581018447,0.10073713958263397,-2.6748981326818466e-05,-0.15871587628375727,0.19999999999998863,,none,-0.1487128100827313,0.0,-0.009999999999999431,-3.0662010265480876e-06
R02_deeper_empty,502,101.39999999999638,70.37602157865473,57.04470259499773,16.515930560859477,-3.492593673845469,0.1559245058995016,0.9548874970613233,0.10154772348031478,0.0004170309883920679,0.14749005436897278,0.2935278117656708,0.005221099592745304,0.14749005436897278,0.2935278117656708,0.005221099592745304,0.9884940326213836,0.10273473411798477,0.001305274898186326,-0.160391070291702,0.19999999999998863,,none,-0.1503872035940539,0.0,-0.009999999999999431,-3.866697648664281e-06
R02_deeper_empty,503,101.59999999999637,70.19731519946926,57.10807283849667,16.486112455582774,-3.4721017779464383,0.1560519409637263,0.9641071348961262,0.1032434298779013,0.0008264608658256646,0.160987988114357,0.30485355854034424,0.006643000058829784,0.160987988114357,0.30485355854034424,0.006643000058829784,0.9965927928686142,0.10669874548912048,0.001660750014707446,-0.161942561823948,0.19999999999998863,,none,-0.15193631205282188,0.0,-0.009999999999999431,-6.2497711266851916e-06
R02_deeper_empty,504,101.79999999999636,70.01558693620518,57.168313334506706,16.455973623498934,-3.451202909393941,0.15622710211880608,0.9735821723666954,0.1055699086141997,0.0009182337496780533,0.1782795637845993,0.3151729702949524,0.0044209519401192665,0.1782795637845993,0.3151729702949524,0.0044209519401192665,1.0069677382707596,0.11031053960323332,0.0011052379850298166,-0.16343820856751573,0.19999999999998863,,none,-0.15343000004059704,0.0,-0.009999999999999431,-8.208526919254514e-06
R02_deeper_empty,505,101.99999999999635,69.83082158768882,57.22525664094889,16.425503012396906,-3.4298396719629602,0.1563885459946979,0.9832704293262639,0.10788776828306894,0.0007117664769201482,0.19567880034446716,0.32174524664878845,0.0011642047902569175,0.19567880034446716,0.32174524664878845,0.0011642047902569175,1.0174072802066803,0.11261083632707596,0.00029105119756422937,-0.16490120302663777,0.19999999999998863,,none,-0.15489407233361163,0.0,-0.009999999999999431,-7.130693026711429e-06
R02_deeper_empty,506,102.19999999999634,69.64303340764597,57.27872074081721,16.3947039657382,-3.40802824444219,0.15649792303880133,0.9929580277245714,0.1100625902816286,0.00040511623631382773,0.21182093024253845,0.32712626457214355,-0.0008789615239948034,0.21182093024253845,0.32712626457214355,-0.0008789615239948034,1.027092558145523,0.11449419260025023,-0.00021974038099870086,-0.166303395739289,0.19999999999998863,,none,-0.15629752177448708,0.0,-0.009999999999999431,-5.873964802507376e-06
R02_deeper_empty,507,102.39999999999633,69.45227696155884,57.32851599832098,16.363590196254904,-3.3858007475166887,0.1565370166540542,1.0025169260898132,0.11206170538410165,1.520740055934404e-05,0.22699663043022156,0.33181506395339966,-0.0031172160524874926,0.22699663043022156,0.33181506395339966,-0.0031172160524874926,1.036197978258133,0.11613527238368987,-0.0007793040131218731,-0.1676133548013168,0.19999999999998863,,none,-0.1576082088713342,0.0,-0.009999999999999431,-5.145929983168614e-06
R02_deeper_empty,508,102.59999999999631,69.25861874232505,57.37445624706191,16.332179666298398,-3.363181032786632,0.15648897524404712,1.0120344077892096,0.11399009864260848,-0.0004598187148273328,0.24261587858200073,0.33691301941871643,-0.005711089354008436,0.24261587858200073,0.33691301941871643,-0.005711089354008436,1.0455695271492005,0.11791955679655074,-0.001427772338502109,-0.1688251455015639,0.19999999999998863,,none,-0.15881961193673533,0.0,-0.009999999999999431,-5.53356482915107e-06
R02_deeper_empty,509,102.7999999999963,69.06214083504409,57.416358253127676,16.300495178022214,-3.3402137920689445,0.15633860344744183,1.0213632885121875,0.11556370555752946,-0.0010029624320918593,0.25705644488334656,0.33934348821640015,-0.00843887310475111,0.25705644488334656,0.33934348821640015,-0.00843887310475111,1.054233866930008,0.11877022087574005,-0.0021097182761877775,-0.1699267709591698,0.19999999999998863,,none,-0.15992233340041295,0.0,-0.009999999999999431,-4.437558757417891e-06
R02_deeper_empty,510,102.99999999999629,68.863054715183,57.45403338702355,16.268580488860554,-3.3170342162027384,0.15609326454452974,1.0294734837036703,0.11618521021053886,-0.0014190648952646509,0.2634166479110718,0.3355761170387268,-0.00906780268996954,0.2634166479110718,0.3355761170387268,-0.00906780268996954,1.058049988746643,0.11745164096355437,-0.002266950672492385,-0.17082272610347768,0.19999999999998863,,none,-0.1608216252870669,0.0,-0.009999999999999431,-1.1008164113482377e-06
R02_deeper_empty,511,103.19999999999628,68.6617101009432,57.487306549709345,16.23649216894109,-3.2936843005160656,0.15582841023907626,1.0360854541643318,0.11723483619650737,-0.0012427658438236568,0.26563820242881775,0.3410675525665283,-0.0035340955946594477,0.26563820242881775,0.3410675525665283,-0.0035340955946594477,1.0593829214572905,0.1193736433982849,-0.0008835238986648619,-0.17142880297261587,0.19999999999998863,,none,-0.16142748871095947,0.0,-0.009999999999999431,-1.3142616569600696e-06
R02_deeper_empty,512,103.39999999999627,68.45840052652446,57.516020839370334,16.204258196197205,-3.2700799254470985,0.15561050548092012,1.0420964610697108,0.11869859107966814,-0.0009577624816358103,0.2721273601055145,0.34766075015068054,-0.0015080615412443876,0.2721273601055145,0.34766075015068054,-0.0015080615412443876,1.0632764160633086,0.12168126255273819,-0.0003770153853110969,-0.17180082951680342,0.19999999999998863,,none,-0.16179903583208954,0.0,-0.009999999999999431,-1.7936847144460174e-06
R02_deeper_empty,513,103.59999999999626,68.25338213282518,57.54001985961523,16.171888344572707,-3.2460913998934213,0.15551704471588224,1.0471219682217396,0.12101228129673894,-4.559533609261972e-05,0.2747158110141754,0.35921958088874817,0.007252456154674292,0.2747158110141754,0.35921958088874817,0.007252456154674292,1.0648294866085053,0.12572685331106184,0.001813114038668573,-0.1719746523960033,0.19999999999998863,,none,-0.1619703113296751,0.0,-0.009999999999999431,-4.3410663287669744e-06
R02_deeper_empty,514,103.79999999999625,68.04702786909812,57.55911096085304,16.139384347969802,-3.2214642791050094,0.15569891572311276,1.0504601729875747,0.12496128929362327,0.0017304449962314292,0.2703707218170166,0.38002321124076843,0.021397823467850685,0.2703707218170166,0.38002321124076843,0.021397823467850685,1.06222243309021,0.13300812393426895,0.005349455866962671,-0.17186784683849718,0.19999999999998863,,none,-0.16185481159345017,0.0,-0.009999999999999431,-1.3035245047588882e-05
R02_deeper_empty,515,103.99999999999623,67.83967685189057,57.57306131243193,16.106719133476165,-3.195878390525201,0.15613416801487218,1.0531772747706205,0.13048153481524302,0.0025595854849343965,0.27125176787376404,0.4049430191516876,0.01699645072221756,0.27125176787376404,0.4049430191516876,0.01699645072221756,1.0627510607242583,0.14173005670309066,0.00424911268055439,-0.17148627952555132,0.19999999999998863,,none,-0.16147345662254153,0.0,-0.009999999999999431,-1.2822903010344458e-05
R02_deeper_empty,516,104.19999999999622,67.63148832871724,57.58160682444135,16.07386940228206,-3.1691417918703273,0.15656620550740752,1.0561161014832547,0.13643568647686233,0.001816775160129074,0.27745190262794495,0.424481064081192,0.001212646602652967,0.27745190262794495,0.424481064081192,0.001212646602652967,1.066471141576767,0.1485683724284172,0.00030316165066324174,-0.17094102526086186,0.19999999999998863,,none,-0.160927639154,0.0,-0.009999999999999431,-1.338610686244237e-05
R02_deeper_empty,517,104.39999999999621,67.4225278827851,57.584469210882936,16.04085217722418,-3.141234889494729,0.15675829909311145,1.0595091522359124,0.14219895863759136,0.00022419378166084746,0.28577443957328796,0.4398362636566162,-0.01208394207060337,0.28577443957328796,0.4398362636566162,-0.01208394207060337,1.0714646637439726,0.15394269227981566,-0.0030209855176508427,-0.17026089514250986,0.19999999999998863,,none,-0.16025125822159936,0.0,-0.009999999999999431,-9.636920911069511e-06
R02_deeper_empty,518,104.5999999999962,67.21288304496737,57.58137097551891,16.007720184737742,-3.112203684092909,0.15661752221574465,1.063084557057977,0.14769858756688448,-0.0015018689611818246,0.2928043305873871,0.4540145695209503,-0.020076164975762367,0.2928043305873871,0.4540145695209503,-0.020076164975762367,1.0756825983524323,0.1589050993323326,-0.005019041243940592,-0.16941998161165747,0.19999999999998863,,none,-0.15941369522462168,0.0,-0.009999999999999431,-6.286387036369412e-06
R02_deeper_empty,519,104.79999999999619,67.00273370601947,57.57204108557175,15.974544420820084,-3.0820450113399946,0.15616654684670372,1.0663973336455537,0.15345432891885175,-0.0029023316568902403,0.29678332805633545,0.47195062041282654,-0.02302413433790207,0.29678332805633545,0.47195062041282654,-0.02302413433790207,1.0780699968338012,0.1651827171444893,-0.005756033584475517,-0.16835736815567243,0.19999999999998863,,none,-0.1583504436583567,0.0,-0.009999999999999431,-6.924497316279713e-06
R02_deeper_empty,520,104.99999999999618,66.7922061958142,57.55619882788934,15.941374924472383,-3.0507206251159174,0.15544499488774416,1.0706093411983346,0.15934551387483453,-0.004214304363424184,0.30908411741256714,0.48957112431526184,-0.027550766244530678,0.30908411741256714,0.48957112431526184,-0.027550766244530678,1.0854504704475403,0.17134989351034163,-0.0068876915611326694,-0.16712217312863106,0.19999999999998863,,none,-0.15711252748917204,0.0,-0.009999999999999431,-9.645639459604575e-06
R02_deeper_empty,521,105.19999999999617,66.5812878334317,57.533533766277124,15.908226354481545,-3.018150166359316,0.1545415049563385,1.076280610895924,0.16586750992249888,-0.004778101481728196,0.3271058201789856,0.5118779540061951,-0.023707769811153412,0.3271058201789856,0.5118779540061951,-0.023707769811153412,1.0962634921073913,0.17915728390216826,-0.005926942452788353,-0.16582929292729642,0.19999999999998863,,none,-0.15581255002643601,0.0,-0.009999999999999431,-1.6742900860967705e-05
R02_deeper_empty,522,105.39999999999615,66.36986664579874,57.50367030681137,15.875070547232244,-2.9841344702345687,0.15352969080592796,1.0842290176953497,0.17369917743214366,-0.005300655083196462,0.35372576117515564,0.5418789982795715,-0.025461819022893906,0.35372576117515564,0.5418789982795715,-0.025461819022893906,1.1122354567050934,0.18965764939785001,-0.006365454755723476,-0.16456336683380435,0.19999999999998863,,none,-0.1545311316217095,0.0,-0.009999999999999431,-3.223521209539754e-05
R02_deeper_empty,523,105.59999999999614,66.15779294686271,57.46614600401577,15.841865840879976,-2.948555583920502,0.1523648062629956,1.094517798370612,0.1815016148889256,-0.006274771084702616,0.3846176862716675,0.5640015006065369,-0.033038850873708725,0.3846176862716675,0.5640015006065369,-0.033038850873708725,1.1307706117630005,0.1974005252122879,-0.008259712718427181,-0.1633141602096713,0.19999999999998863,,none,-0.153284137658531,0.0,-0.009999999999999431,-3.0022551140866938e-05
R02_deeper_empty,524,105.79999999999613,65.94500172871466,57.42046983129175,15.808588916925206,-2.911564725451413,0.15105098545980147,1.106700096058999,0.18792298985824946,-0.006822178753474175,0.4160412847995758,0.5743077993392944,-0.03175049275159836,0.4160412847995758,0.5743077993392944,-0.03175049275159836,1.1496247708797454,0.20100772976875303,-0.00793762318789959,-0.16202959813861767,0.19999999999998863,,none,-0.152007691694525,0.0,-0.009999999999999431,-2.1906444093256204e-05
R02_deeper_empty,525,105.99999999999612,65.7317429050324,57.366237009446415,15.775241728080234,-2.8734436579843314,0.14976495022613504,1.1184613250144213,0.19291168607032652,-0.006093122645615448,0.4331705868244171,0.5802202224731445,-0.01843014359474182,0.4331705868244171,0.5802202224731445,-0.01843014359474182,1.1599023520946503,0.20307707786560059,-0.004607535898685455,-0.16052298700841466,0.19999999999998863,,none,-0.15051287097967858,0.0,-0.009999999999999431,-1.011602873664974e-05
R02_deeper_empty,526,106.19999999999611,65.51867799040735,57.3032017834979,15.741832455887874,-2.8343128987915196,0.1487899896320827,1.1281304121839435,0.19801152990355886,-0.0038272615663586633,0.43699952960014343,0.5954383015632629,0.0031593989115208387,0.43699952960014343,0.5954383015632629,0.0031593989115208387,1.162199717760086,0.208403405547142,0.0007898497278802097,-0.15858460748890202,0.19999999999998863,,none,-0.14857036030731052,0.0,-0.009999999999999431,-1.424718159205216e-05
R02_deeper_empty,527,106.3999999999961,65.30657330014613,57.2311843370807,15.708318844950849,-2.794035497724096,0.14832645012439874,1.1365229828979813,0.20428932264023364,-0.0010197370333911218,0.44349074363708496,0.6202328205108643,0.018804455175995827,0.44349074363708496,0.6202328205108643,0.018804455175995827,1.1660944461822509,0.2170814871788025,0.004701113793998957,-0.15617566582509976,0.19999999999998863,,none,-0.14615763238879964,0.0,-0.009999999999999431,-1.803343630069871e-05
R02_deeper_empty,528,106.59999999999609,65.0960156624503,57.149947069032585,15.674599691318827,-2.7525249798584963,0.14835713301311904,1.1451293321647635,0.21035842677490882,0.00116211911287721,0.45909008383750916,0.6363581418991089,0.022432219237089157,0.45909008383750916,0.6363581418991089,0.022432219237089157,1.1754540503025055,0.2227253496646881,0.005608054809272289,-0.1534254676933077,0.19999999999998863,,none,-0.14341513717177534,0.0,-0.009999999999999431,-1.0330521532914209e-05
R02_deeper_empty,529,106.79999999999607,64.88767312154582,57.059319465076776,15.640597817010377,-2.7098951083944813,0.14880351197330938,1.1520114732633326,0.2155490684637304,0.0031517144089061896,0.46043482422828674,0.6460741758346558,0.028823532164096832,0.46043482422828674,0.6460741758346558,0.028823532164096832,1.176260894536972,0.2261259615421295,0.007205883041024208,-0.15029603417208034,0.19999999999998863,,none,-0.1402932930016192,0.0,-0.009999999999999431,-2.7411704617244516e-06
R02_deeper_empty,530,106.99999999999606,64.68254786373431,56.95936390407813,15.606294122370517,-2.6662737897531157,0.14970137347964776,1.155465004977293,0.22030561626629513,0.005639403197090729,0.4460560381412506,0.6571370363235474,0.042834118008613586,0.4460560381412506,0.6571370363235474,0.042834118008613586,1.1676336228847504,0.22999796271324155,0.010708529502153397,-0.14659960420794027,0.19999999999998863,,none,-0.13658909555019605,0.0,-0.009999999999999431,-1.0508657744799922e-05
R02_deeper_empty,531,107.19999999999605,64.48188844821095,56.85038147340604,15.571694036126544,-2.621591464948085,0.15115213938403688,1.1542808417997727,0.22608224635365193,0.008641953224655377,0.4168473482131958,0.679580569267273,0.059040818363428116,0.4168473482131958,0.679580569267273,0.059040818363428116,1.1501084089279174,0.2378531992435455,0.014760204590857029,-0.14220328334660043,0.19999999999998863,,none,-0.132170893009107,0.0,-0.009999999999999431,-3.2390337494001834e-05
R02_deeper_empty,532,107.39999999999604,64.28703988843735,56.73283245985165,15.536804675015897,-2.5756335947266065,0.15320866108936618,1.1483776461272635,0.23297681150609315,0.011693284552928403,0.3792959451675415,0.7057878971099854,0.07164374738931656,0.3792959451675415,0.7057878971099854,0.07164374738931656,1.1275775671005248,0.24702576398849485,0.01791093684732914,-0.13703777444828974,0.19999999999998863,,none,-0.12699265913382263,0.0,-0.009999999999999431,-4.51153144676833e-05
R02_deeper_empty,533,107.59999999999603,64.09925618733995,56.60724121212872,15.501637856385043,-2.5282379175371217,0.1556625980801606,1.1385989488240522,0.2404190386700935,0.012765288281681959,0.3402390480041504,0.7302398681640625,0.05979877710342407,0.3402390480041504,0.7302398681640625,0.05979877710342407,1.1041434288024903,0.2555839538574219,0.014949694275856018,-0.1311548845520394,0.19999999999998863,,none,-0.1211096116835293,0.0,-0.009999999999999431,-4.527286851069623e-05
R02_deeper_empty,534,107.79999999999602,63.91948660869096,56.47405867112819,15.46624608706406,-2.479343611020005,0.15802643470868827,1.1272527682175748,0.2479559671321359,0.011005698532939333,0.3121236264705658,0.7523252964019775,0.029680835083127022,0.3121236264705658,0.7523252964019775,0.029680835083127022,1.0872741758823394,0.2633138537406921,0.0074202087707817554,-0.12471926023588423,0.19999999999998863,,none,-0.11467555356588477,0.0,-0.009999999999999431,-4.370667000002444e-05
R02_deeper_empty,535,107.999999999996,63.748184014553125,56.33345999344577,15.430709394403713,-2.4289439526507928,0.15979451484611015,1.1178540774653398,0.255473982661472,0.006978624019478726,0.30789586901664734,0.7736952304840088,-0.0049091423861682415,0.30789586901664734,0.7736952304840088,-0.0049091423861682415,1.0847375214099884,0.27079333066940303,-0.0012272855965420604,-0.11798150756187972,0.19999999999998863,,none,-0.10794808727073857,0.0,-0.009999999999999431,-3.3420291141717555e-05
R02_deeper_empty,536,108.199999999996,63.58530784395151,56.185209008793755,15.39509222623906,-2.3770934285398484,0.16063850311391797,1.113618057931067,0.26250158691684705,0.0018479577074425218,0.33115386962890625,0.7909189462661743,-0.03442689776420593,0.33115386962890625,0.7909189462661743,-0.03442689776420593,1.0986923217773437,0.276821631193161,-0.008606724441051483,-0.1112253361987248,0.19999999999998863,,none,-0.10119115842151771,0.0,-0.009999999999999431,-3.4177777207646536e-05
R02_deeper_empty,537,108.39999999999598,63.43077439599756,56.028944155555514,15.359467390111496,-2.323910660848232,0.16058079384961088,1.1130453681207901,0.2688477767685993,-0.0021255653529410586,0.3517124652862549,0.8050837516784668,-0.04088941588997841,0.3517124652862549,0.8050837516784668,-0.04088941588997841,1.111027479171753,0.28177931308746335,-0.010222353972494602,-0.10443058885100412,0.19999999999998863,,none,-0.09441728761683876,0.0,-0.009999999999999431,-1.3301234165928044e-05
R02_deeper_empty,538,108.59999999999597,63.28491551384427,55.864648244534614,15.32394614990266,-2.2695044464934764,0.1598701643046921,1.1127469599357527,0.27476814758911733,-0.004780618372931446,0.3528258502483368,0.8195199966430664,-0.04076312109827995,0.3528258502483368,0.8195199966430664,-0.04076312109827995,1.111695510149002,0.2868319988250732,-0.010190780274569988,-0.09740662060847224,0.19999999999998863,,none,-0.08740242739357029,0.0,-0.009999999999999431,-4.1932149025225575e-06
R02_deeper_empty,539,108.79999999999596,63.14841290877093,55.69271694467567,15.288662316627272,-2.213922393527799,0.15876168857091533,1.1110660708397788,0.28061193498166137,-0.006197359020923179,0.3419056832790375,0.8357706665992737,-0.03633692115545273,0.3419056832790375,0.8357706665992737,-0.03633692115545273,1.1051434099674224,0.2925197333097458,-0.009084230288863182,-0.08998644186859252,0.19999999999998863,,none,-0.07997838335726115,0.0,-0.009999999999999431,-8.058511331936746e-06
R02_deeper_empty,540,108.99999999999595,63.02177263137063,55.51339053300173,15.253676808416936,-2.1572323120204313,0.15712653267866214,1.1122071514744438,0.28589099647711835,-0.00987687431142138,0.3603796362876892,0.8475658893585205,-0.06949827075004578,0.3603796362876892,0.8475658893585205,-0.06949827075004578,1.1162277817726134,0.29664806127548216,-0.017374567687511444,-0.08230416135566805,0.19999999999998863,,none,-0.07227255956913581,0.0,-0.009999999999999431,-3.160178653281887e-05
R02_deeper_empty,541,109.19999999999594,62.9052797259181,55.32661107435521,15.219052337305671,-2.099529260829172,0.15470390767199307,1.1162491388442635,0.29077165919317266,-0.014035908739554284,0.38415199518203735,0.8591911792755127,-0.090042844414711,0.38415199518203735,0.8591911792755127,-0.090042844414711,1.1304911971092224,0.3007169127464294,-0.02251071110367775,-0.07440226793687874,0.19999999999998863,,none,-0.06437982089847694,0.0,-0.009999999999999431,-2.2447038402373387e-05
R02_deeper_empty,542,109.39999999999593,62.799393359348436,55.132556952189404,15.184913689378218,-2.040958549782461,0.15158712291527562,1.1206728558029122,0.29464362096510655,-0.016914945423715015,0.3937665820121765,0.8643813133239746,-0.09112606197595596,0.3937665820121765,0.8643813133239746,-0.09112606197595596,1.1362599492073058,0.30253345966339107,-0.02278151549398899,-0.06619637454644269,0.19999999999998863,,none,-0.05619396352381045,0.0,-0.009999999999999431,-2.4110226328055705e-06
R02_deeper_empty,543,109.59999999999592,62.70474114324548,54.93180581609682,15.151405945252057,-1.981720529922901,0.14797585408670444,1.1240808236124633,0.2975197996354968,-0.019037747005216286,0.3934814929962158,0.8668015599250793,-0.09345339238643646,0.3934814929962158,0.8668015599250793,-0.09345339238643646,1.1360888957977295,0.3033805459737777,-0.023363348096609116,-0.05766112692698837,0.19999999999998863,,none,-0.047660899820265,0.0,-0.009999999999999431,-2.2710672393455588e-07
R02_deeper_empty,544,109.7999999999959,62.622012171101595,54.72532679228937,15.118680271445605,-1.9219454709366028,0.14411946231572645,1.1245099983294797,0.3000407833283976,-0.019491938246204057,0.376703679561615,0.8719364404678345,-0.08166974782943726,0.376703679561615,0.8719364404678345,-0.08166974782943726,1.126022207736969,0.30517775416374204,-0.020417436957359314,-0.04880510733644219,0.19999999999998863,,none,-0.03879617301042515,0.0,-0.009999999999999431,-8.934326017606687e-06
R02_deeper_empty,545,109.9999999999959,62.55184769217769,54.5143595188985,15.086857707765184,-1.8617008261204246,0.1401477388925306,1.1218775144756832,0.30223991589910476,-0.020173896681594486,0.3543364703655243,0.8763458728790283,-0.0862540528178215,0.3543364703655243,0.8763458728790283,-0.0862540528178215,1.1126018822193144,0.3067210555076599,-0.021563513204455376,-0.039689116334874104,0.19999999999998863,,none,-0.02967830131500193,0.0,-0.009999999999999431,-1.0815019872741916e-05
R02_deeper_empty,546,110.19999999999588,62.49473302457443,54.30020075562613,15.056053730784514,-1.8010260753675356,0.13593864486896257,1.1164389530302972,0.3043486556176157,-0.021794870525203656,0.32879337668418884,0.8818445801734924,-0.10039161890745163,0.32879337668418884,0.8818445801734924,-0.10039161890745163,1.0972760260105132,0.3086456030607223,-0.025097904726862907,-0.030420656964996625,0.19999999999998863,,none,-0.020403005841163946,0.0,-0.009999999999999431,-1.765112383324663e-05
R02_deeper_empty,547,110.39999999999587,62.45098082365588,54.08407244828017,15.026389491406574,-1.7398916899316776,0.13139683588841763,1.109209130437144,0.3068097088120617,-0.023495074653547433,0.30622440576553345,0.8909273147583008,-0.1078382208943367,0.30622440576553345,0.8909273147583008,-0.1078382208943367,1.08373464345932,0.3118245601654053,-0.026959555223584175,-0.021060450583263078,0.19999999999998863,,none,-0.01104750445532332,0.0,-0.009999999999999431,-1.2946127940325348e-05
R02_deeper_empty,548,110.59999999999586,62.42078075742046,53.86719148191672,14.997975201830961,-1.6782358191043802,0.12660779481930165,1.099658366231614,0.3095429915524559,-0.02433223885296766,0.27667662501335144,0.9003216028213501,-0.10415246337652206,0.27667662501335144,0.9003216028213501,-0.10415246337652206,1.0660059750080109,0.31511256098747253,-0.026038115844130516,-0.011696626434093872,0.19999999999998863,,none,-0.0016771282580130276,0.0,-0.009999999999999431,-1.949817608141391e-05
R02_deeper_empty,549,110.79999999999585,62.404215349082996,53.65088728147661,14.970898169530308,-1.61601400127318,0.12166504304982546,1.0874524935884877,0.3124556586282454,-0.025041799179200065,0.24074125289916992,0.909687876701355,-0.10595063865184784,0.24074125289916992,0.909687876701355,-0.10595063865184784,1.044444751739502,0.31839075684547424,-0.02648765966296196,-0.0024004247340230042,0.19999999999998863,,none,0.007627221495770442,0.0,-0.009999999999999431,-2.764622979401499e-05
R02_deeper_empty,550,110.99999999999584,62.40122420265065,53.43587943753224,14.945158058605603,-1.5532248889928668,0.11652240388133404,1.0789181273588684,0.31522661667336216,-0.026290479307078132,0.24807840585708618,0.9167798757553101,-0.11533958464860916,0.24807840585708618,0.9167798757553101,-0.11533958464860916,1.0488470435142516,0.3208729565143585,-0.02883489616215229,0.006830067055952673,0.19999999999998863,,none,0.01683391270737289,0.0,-0.009999999999999431,-3.84565142078519e-06
R02_deeper_empty,551,111.19999999999582,62.41175671472302,53.22185543743475,14.920645943729703,-1.4899390868648983,0.1112180215954918,1.0782530595700122,0.31746285872517943,-0.02672090249455465,0.2931827902793884,0.9200560450553894,-0.11039187759160995,0.2931827902793884,0.9200560450553894,-0.11039187759160995,1.075909674167633,0.32201961576938626,-0.02759796939790249,0.016009070227930695,0.19999999999998863,,none,0.026050462599620516,0.0,-0.009999999999999431,-4.1392371690389675e-05
R02_deeper_empty,552,111.39999999999581,62.43590375909684,53.008440127324825,14.89723498267625,-1.4263194644610493,0.1059083620030264,1.0823843266344275,0.31864431852067654,-0.026399888314458997,0.3282349407672882,0.9172907471656799,-0.10298305004835129,0.3282349407672882,0.9172907471656799,-0.10298305004835129,1.096940964460373,0.321051761507988,-0.025745762512087822,0.02533512838900176,0.19999999999998863,,none,0.03536095220603741,0.0,-0.009999999999999431,-2.5823817036219056e-05
R02_deeper_empty,553,111.5999999999958,62.473758018384785,52.79603113116779,14.87487015922689,-1.3625969907838404,0.10064761545794446,1.0868651939756824,0.318584896869689,-0.02622105577059787,0.33775609731674194,0.9098966121673584,-0.10342660546302795,0.33775609731674194,0.9098966121673584,-0.10342660546302795,1.102653658390045,0.3184638142585754,-0.02585665136575699,0.03468026824218783,0.19999999999998863,,none,0.04468317869010363,0.0,-0.009999999999999431,-2.9104479163699627e-06
R02_deeper_empty,554,111.79999999999579,62.52535728576896,52.58523489094999,14.853537149156667,-1.2989718341141658,0.09523983694426744,1.0938087910657952,0.3177310261820886,-0.027742088884301814,0.36379125714302063,0.9028317332267761,-0.12336590141057968,0.36379125714302063,0.9028317332267761,-0.12336590141057968,1.1182747542858122,0.31599110662937163,-0.03084147535264492,0.04395151584297624,0.19999999999998863,,none,0.05397402219466585,0.0,-0.009999999999999431,-2.2506351690180228e-05
R02_deeper_empty,555,111.99999999999578,62.590836338658924,52.376225126862565,14.833254640432832,-1.2355980736478092,0.08927462250358505,1.105616376663934,0.31612744092976464,-0.03161793262886019,0.4120345711708069,0.8938852548599243,-0.15806272625923157,0.4120345711708069,0.8938852548599243,-0.15806272625923157,1.147220742702484,0.3128598392009735,-0.03951568156480789,0.053312979743236164,0.19999999999998863,,none,0.0633852062727982,0.0,-0.009999999999999431,-7.222652956260345e-05
R02_deeper_empty,556,112.19999999999577,62.67039570885755,52.16911935374006,14.814144663403734,-1.1727233775805987,0.08234766479770175,1.1208418738201757,0.312865381616236,-0.03722875588410487,0.457482248544693,0.874909520149231,-0.1946473866701126,0.457482248544693,0.874909520149231,-0.1946473866701126,1.1744893491268158,0.3062183320522308,-0.04866184666752815,0.06295308841447018,0.19999999999998863,,none,0.07302836855974704,0.0,-0.009999999999999431,-7.528014527741878e-05
R02_deeper_empty,557,112.39999999999576,62.76412604573186,51.96435397055722,14.796440385344836,-1.1106384388805295,0.07437160967372275,1.1376418268307198,0.30832612946405247,-0.042160117899959895,0.4947282373905182,0.8545044660568237,-0.2088347226381302,0.4947282373905182,0.8545044660568237,-0.2088347226381302,1.1968369424343108,0.2990765631198883,-0.05220868065953255,0.07280510375093016,0.19999999999998863,,none,0.08284520195931933,0.0,-0.009999999999999431,-4.00982083897361e-05
R02_deeper_empty,558,112.59999999999575,62.871860068560764,51.762804495963174,14.78040440513164,-1.0494951013488307,0.06562163494032167,1.1529585903291462,0.3034730250240523,-0.04511678501364401,0.5115460753440857,0.8388112187385559,-0.20456616580486298,0.5115460753440857,0.8388112187385559,-0.20456616580486298,1.2069276452064515,0.2935839265584945,-0.051141541451215744,0.08260643889680754,0.19999999999998863,,none,0.09261738566205224,0.0,-0.009999999999999431,-1.0946765245272162e-05
R02_deeper_empty,559,112.79999999999573,62.99303873342191,51.565831687121246,14.76626503342607,-0.989325154834378,0.056450260314244535,1.163812558265719,0.2985941608094623,-0.04649321920646657,0.503428041934967,0.82472163438797,-0.19719183444976807,0.503428041934967,0.82472163438797,-0.19719183444976807,1.2020568251609802,0.2886525720357895,-0.04929795861244202,0.0919943219660865,0.19999999999998863,,none,0.10200069795841671,0.0,-0.009999999999999431,-6.375992330771574e-06
R02_deeper_empty,560,112.99999999999572,63.126843168863395,51.374879283347646,14.754184033962217,-0.9300718743884819,0.04703776982780342,1.1709671394236076,0.29426493780257307,-0.04755189324523826,0.49362751841545105,0.8155524134635925,-0.198836550116539,0.49362751841545105,0.8155524134635925,-0.198836550116539,1.1961765110492706,0.28544334471225735,-0.04970913752913475,0.10078071291937254,0.19999999999998863,,none,0.1107843695186368,0.0,-0.009999999999999431,-3.6565992648229795e-06
R02_deeper_empty,561,113.19999999999571,63.27240122319785,51.19117158783029,14.744283230783182,-0.8715856797889653,0.037315654069396235,1.1750865746562573,0.2908540846772245,-0.04952086282209758,0.4826692044734955,0.8111538290977478,-0.21413201093673706,0.4826692044734955,0.8111538290977478,-0.21413201093673706,1.1896015226840972,0.2839038401842117,-0.053533002734184265,0.10894975717809753,0.19999999999998863,,none,0.11895722484430848,0.0,-0.009999999999999431,-7.467666211522506e-06
R02_deeper_empty,562,113.3999999999957,63.42882744448855,51.01575582147549,14.736716498560599,-0.8136239349270635,0.02684722880498497,1.1766900581615336,0.28890989759815056,-0.05476791849082297,0.47056663036346436,0.814137876033783,-0.2618390619754791,0.47056663036346436,0.814137876033783,-0.2618390619754791,1.1823399782180786,0.284948256611824,-0.06545976549386978,0.11652363987527575,0.19999999999998863,,none,0.12657226666637555,0.0,-0.009999999999999431,-4.862679110036794e-05
R02_deeper_empty,563,113.59999999999569,63.59533257141069,50.84945170781816,14.731752958831237,-0.7560426648882833,0.0150190950184,1.1774331162948894,0.2870434753031828,-0.06290046796572585,0.46675217151641846,0.809257984161377,-0.31788817048072815,0.46675217151641846,0.809257984161377,-0.31788817048072815,1.180051302909851,0.2832402944564819,-0.07947204262018204,0.12375126426109652,0.19999999999998863,,none,0.13381486158120026,0.0,-0.009999999999999431,-6.359732010430719e-05
R02_deeper_empty,564,113.79999999999568,63.77130676872752,50.69276640010759,14.72978093094484,-0.6990884097523061,0.001332714590306706,1.1790958386028747,0.28281758221872866,-0.07318796611794685,0.47492414712905884,0.783447265625,-0.3766025900840759,0.47492414712905884,0.783447265625,-0.3766025900840759,1.1849544882774352,0.27420654296874997,-0.09415064752101898,0.13084812367003001,0.19999999999998863,,none,0.14093173081895216,0.0,-0.009999999999999431,-8.360714892271304e-05
R02_deeper_empty,565,113.99999999999567,63.955853022237775,50.54629233064162,14.731253069944051,-0.642750994246067,-0.014114547478386709,1.1774400578950441,0.2807150416267825,-0.08071717688389558,0.4526764452457428,0.789802074432373,-0.3842373490333557,0.4526764452457428,0.789802074432373,-0.3842373490333557,1.1716058671474456,0.27643072605133057,-0.09605933725833893,0.1377409820577607,0.19999999999998863,,none,0.14775285472532573,0.0,-0.009999999999999431,-1.1872667565615558e-05
R02_deeper_empty,566,114.19999999999565,64.14754695905755,50.41095492412342,14.736489350250306,-0.5867283718216618,-0.030658102124728734,1.1703370465588785,0.27959555823923044,-0.08443793547584744,0.40884897112846375,0.7923268675804138,-0.36807867884635925,0.40884897112846375,0.7923268675804138,-0.36807867884635925,1.1453093826770782,0.2773144036531448,-0.09201966971158981,0.1437579447856609,0.19999999999998863,,none,0.1538017112794634,0.0,-0.009999999999999431,-4.3766493803065747e-05
R02_deeper_empty,567,114.39999999999564,64.34487294074258,50.28756150097734,14.745594116810285,-0.5308801331095199,-0.04756756849639269,1.1595644185581815,0.27893650204144776,-0.08464139357495727,0.3693445920944214,0.7931244373321533,-0.34022390842437744,0.3693445920944214,0.7931244373321533,-0.34022390842437744,1.1216067552566529,0.27759355306625366,-0.08505597710609436,0.1488565619107381,0.19999999999998863,,none,0.15890330431705024,0.0,-0.009999999999999431,-4.674240631270976e-05
R02_deeper_empty,568,114.59999999999563,64.54664819093466,50.17652765048292,14.758498500448878,-0.47517788467033495,-0.06433301697008854,1.1479771221301982,0.27814559325778915,-0.08312721501516931,0.3452482521533966,0.7900970578193665,-0.3201671838760376,0.3452482521533966,0.7900970578193665,-0.3201671838760376,1.1071489512920378,0.2765339702367782,-0.0800417959690094,0.1532062856242897,0.19999999999998863,,none,0.16322612704078665,0.0,-0.009999999999999431,-1.9841416497516917e-05
R02_deeper_empty,569,114.79999999999562,64.75194184178312,50.078003848710104,14.775050370338725,-0.41966635051566725,-0.08071000408058915,1.1360039900250891,0.2770521604732036,-0.0808167929305893,0.32302719354629517,0.7852116823196411,-0.30443552136421204,0.32302719354629517,0.7852116823196411,-0.30443552136421204,1.093816316127777,0.27482408881187437,-0.07610888034105301,0.15689830900421473,0.19999999999998863,,none,0.16691361155510975,0.0,-0.009999999999999431,-1.5302550895590627e-05
R02_deeper_empty,570,114.99999999999561,64.95961213975353,49.99214031208755,14.795039461377119,-0.36435464358388564,-0.09666235896105806,1.1210707444185826,0.2761341029691221,-0.07885464336557432,0.28075504302978516,0.7836096882820129,-0.2994256019592285,0.28075504302978516,0.7836096882820129,-0.2994256019592285,1.068453025817871,0.2742633908987045,-0.07485640048980713,0.15972784563747053,0.19999999999998863,,none,0.1697641376452026,0.0,-0.009999999999999431,-3.6292007732630085e-05
R02_deeper_empty,571,115.1999999999956,65.16830527358809,49.91906382780116,14.818236857132085,-0.3091355356706345,-0.11239253386620059,1.1033572181594173,0.2760623817982289,-0.07847566903498746,0.2349051684141159,0.7883321046829224,-0.3108137547969818,0.2349051684141159,0.7883321046829224,-0.3108137547969818,1.0409431010484695,0.2759162366390228,-0.07770343869924545,0.1615586429095864,0.19999999999998863,,none,0.17160372695446569,0.0,-0.009999999999999431,-4.5084044879843966e-05
R02_deeper_empty,572,115.39999999999559,65.37681543194596,49.85874589602562,14.844467171337731,-0.25386335384365344,-0.1281742087236241,1.0842068615110336,0.27661759032596844,-0.0792804249700886,0.1945500522851944,0.7935683727264404,-0.3236810564994812,0.1945500522851944,0.7935683727264404,-0.3236810564994812,1.0167300313711165,0.27774893045425414,-0.0809202641248703,0.16253974278446118,0.19999999999998863,,none,0.17257617321153873,0.0,-0.009999999999999431,-3.6430427078109065e-05
R02_deeper_empty,573,115.59999999999557,65.58500990265111,49.810816336280254,14.873724579640792,-0.19859185602068233,-0.1440150235867573,1.0729406258287335,0.27613384765739746,-0.07913842613371473,0.22207286953926086,0.7861375212669373,-0.3153963088989258,0.22207286953926086,0.7861375212669373,-0.3153963088989258,1.0332437217235564,0.275148132443428,-0.07884907722473145,0.16356322893147138,0.19999999999998863,,none,0.17358085613278718,0.0,-0.009999999999999431,-1.7627201316376962e-05
R02_deeper_empty,574,115.79999999999556,65.79367331890208,49.77476479113735,14.906129396254507,-0.14362049776041855,-0.15956240658582668,1.069680055190881,0.2737587466459031,-0.07653186103851477,0.2636522352695465,0.7683401107788086,-0.2848820090293884,0.2636522352695465,0.7683401107788086,-0.2848820090293884,1.0581913411617279,0.268919038772583,-0.0712205022573471,0.1652942324278277,0.19999999999998863,,none,0.17535376670725,0.0,-0.009999999999999431,-5.953427942287704e-05
R02_deeper_empty,575,115.99999999999555,66.00357697182541,49.750227768643725,14.941773790625135,-0.08926474898710332,-0.17441710262464577,1.073573899309283,0.27007628848220727,-0.07233166846096052,0.312156617641449,0.7502074241638184,-0.25509199500083923,0.312156617641449,0.7502074241638184,-0.25509199500083923,1.0872939705848694,0.2625725984573364,-0.06377299875020981,0.16776185203226315,0.19999999999998863,,none,0.17783323031964215,0.0,-0.009999999999999431,-7.137828737956653e-05
R02_deeper_empty,576,116.19999999999554,66.2151198381331,49.73700643311939,14.980663754110887,-0.03580491931955354,-0.18822299274893334,1.081252346739418,0.2649112945218635,-0.06619012201041236,0.3471792936325073,0.7268190383911133,-0.21470233798027039,0.3471792936325073,0.7268190383911133,-0.21470233798027039,1.1083075761795043,0.25438666343688965,-0.053675584495067596,0.17059098455858654,0.19999999999998863,,none,0.1806590831349233,0.0,-0.009999999999999431,-6.80985763373343e-05
R02_deeper_empty,577,116.39999999999553,66.42839592900089,49.73497627113745,15.022690937827177,0.016448989965471478,-0.20048180825527348,1.0923318152333392,0.2581382812973488,-0.05708433733743469,0.385617733001709,0.6981057524681091,-0.15411846339702606,0.385617733001709,0.6981057524681091,-0.15411846339702606,1.1313706398010253,0.24433701336383817,-0.038529615849256516,0.17338669492944891,0.19999999999998863,,none,0.18350614237483143,0.0,-0.009999999999999431,-0.00011944744538308516
R02_deeper_empty,578,116.59999999999552,66.64335270157125,49.74400874865153,15.06761305148146,0.06713695876576183,-0.21073146301738652,1.1051477867437167,0.24940001135271295,-0.04623028197814275,0.41717538237571716,0.6616976261138916,-0.09645254164934158,0.41717538237571716,0.6616976261138916,-0.09645254164934158,1.1503052294254303,0.23159416913986205,-0.024113135412335396,0.17603927615893014,0.19999999999998863,,none,0.18615221206752253,0.0,-0.009999999999999431,-0.00011293590859295156
R02_deeper_empty,579,116.7999999999955,66.8596424545446,49.76391875548848,15.115050652525099,0.11603330650391955,-0.21887969457186082,1.117705707784245,0.24025288615456522,-0.03602147295316133,0.4365898370742798,0.6331826448440552,-0.06087654083967209,0.4365898370742798,0.6331826448440552,-0.06087654083967209,1.1619539022445677,0.2216139256954193,-0.015219135209918022,0.1782168298648313,0.19999999999998863,,none,0.18826594340566416,0.0,-0.009999999999999431,-4.911354083342534e-05
R02_deeper_empty,580,116.9999999999955,67.07673277833096,49.79445866866262,15.164571483213614,0.16306591641008905,-0.2250172256529545,1.129444158051776,0.23078668205496425,-0.02610150709390053,0.45134153962135315,0.6042786836624146,-0.023550963029265404,0.45134153962135315,0.6042786836624146,-0.023550963029265404,1.1708049237728118,0.2114975392818451,-0.005887740757316351,0.17960837379149414,0.19999999999998863,,none,0.18965729880067173,0.0,-0.009999999999999431,-4.8925009178156854e-05
R02_deeper_empty,581,117.19999999999548,67.29399545304211,49.835302899821166,15.215712798927989,0.20815803602786184,-0.22928313906035774,1.139332336697034,0.2208810993021152,-0.017226534895572125,0.45695602893829346,0.5734189748764038,0.003431453835219145,0.45695602893829346,0.5734189748764038,0.003431453835219145,1.174173617362976,0.20069664120674133,0.0008578634588047862,0.18018420167148,0.19999999999998863,,none,0.19021843957020934,0.0,-0.009999999999999431,-3.423789872992491e-05
R02_deeper_empty,582,117.39999999999547,67.51081291131042,49.88604794962197,15.268030187157937,0.2512189799739945,-0.23192516493946191,1.1478252891513832,0.21051001058892707,-0.009756724561566718,0.46291741728782654,0.5410771369934082,0.02185758575797081,0.46291741728782654,0.5410771369934082,0.02185758575797081,1.1777504503726959,0.18937699794769286,0.0054643964394927025,0.17992580087028112,0.19999999999998863,,none,0.18995422196960732,0.0,-0.009999999999999431,-2.8421099326771327e-05
R02_deeper_empty,583,117.59999999999546,67.72689160592934,49.946280618156536,15.321190191441426,0.29195868842401335,-0.23319115555786576,1.157173691672684,0.19784187322418295,-0.0033835301878476637,0.4835217595100403,0.4915091395378113,0.03841213136911392,0.4835217595100403,0.4915091395378113,0.03841213136911392,1.1901130557060242,0.17202819883823395,0.00960303284227848,0.1790938828859201,0.19999999999998863,,none,0.18915699445133072,0.0,-0.009999999999999431,-6.311156541119162e-05
R02_deeper_empty,584,117.79999999999545,67.94165834851758,50.01541099356676,15.374841287790566,0.33047416165328786,-0.23361185005020513,1.1618331329016043,0.18805081269188068,-0.0010028471540250816,0.46375134587287903,0.4802848994731903,0.015392940491437912,0.46375134587287903,0.4802848994731903,0.015392940491437912,1.1782508075237275,0.16809971481561659,0.003848235122859478,0.17758488192534203,0.19999999999998863,,none,0.18760581664472298,0.0,-0.009999999999999431,-2.0934719381511537e-05
R02_deeper_empty,585,117.99999999999544,68.15413485026365,50.09270905233284,15.428668038265805,0.3669487737092139,-0.23378685328528453,1.162441977591104,0.17749118826092902,-0.0007651039368249584,0.4409787654876709,0.4456399977207184,-0.0011226325295865536,0.4409787654876709,0.4456399977207184,-0.0011226325295865536,1.1645872592926025,0.1559739992022514,-0.0002806581323966384,0.17500526331067712,0.19999999999998863,,none,0.1850450957864176,0.0,-0.009999999999999431,-3.9832475741039784e-05
R02_deeper_empty,586,118.19999999999543,68.36392117870277,50.17755456844953,15.482584744762743,0.4012927862977031,-0.23401596390616036,1.1638779740431437,0.16675790658847486,-0.0014726727127675212,0.44822958111763,0.4139624536037445,-0.011657900176942348,0.44822958111763,0.4139624536037445,-0.011657900176942348,1.1689377486705779,0.14488685876131058,-0.002914475044235587,0.1720222084034233,0.19999999999998863,,none,0.1820455490632824,0.0,-0.009999999999999431,-2.3340659859678146e-05
R02_deeper_empty,587,118.39999999999542,68.57138519657754,50.269589175001954,15.536708172432192,0.43326920066543,-0.2340791399047971,1.1692189450589798,0.1539700589798065,0.0006787590116787363,0.4800633490085602,0.36546415090560913,0.020250797271728516,0.4800633490085602,0.36546415090560913,0.020250797271728516,1.1880380094051362,0.1279124528169632,0.005062699317932129,0.1691874808343,0.19999999999998863,,none,0.1792751536166115,0.0,-0.009999999999999431,-8.767278231208794e-05
R02_deeper_empty,588,118.5999999999954,68.77691590704968,50.3684206843006,15.591027575771589,0.46264967836315796,-0.2333488734248623,1.1749645791192336,0.14082543051248939,0.006207224554302044,0.4920158088207245,0.3258309066295624,0.06988998502492905,0.4920158088207245,0.3258309066295624,0.06988998502492905,1.1952094852924346,0.11404081732034682,0.01747249625623226,0.16655947360599827,0.19999999999998863,,none,0.17664302769216178,0.0,-0.009999999999999431,-8.355408616407378e-05
R02_deeper_empty,589,118.79999999999539,68.98037536069484,50.47339329068273,15.645249270879829,0.4895186944820825,-0.2315402359377745,1.1777322985482572,0.12877311538050573,0.011481618495875106,0.4791407287120819,0.2977551221847534,0.08891668915748596,0.4791407287120819,0.2977551221847534,0.08891668915748596,1.187484437227249,0.1042142927646637,0.02222917228937149,0.1635566183727281,0.19999999999998863,,none,0.17358293902933042,0.0,-0.009999999999999431,-2.632065660286398e-05
R02_deeper_empty,590,118.99999999999538,69.18123747220878,50.58363111686562,15.698954685458093,0.5138734594407038,-0.22875187947651282,1.175756092440964,0.11575566155026097,0.016057092026694173,0.4479881227016449,0.2549434006214142,0.10152186453342438,0.4479881227016449,0.2549434006214142,0.10152186453342438,1.168792873620987,0.08923019021749495,0.025380466133356094,0.15969639039342964,0.19999999999998863,,none,0.1697556347696434,0.0,-0.009999999999999431,-5.924437621433132e-05
R02_deeper_empty,591,119.19999999999537,69.37888817453148,50.698028041486964,15.75170854627794,0.5346616886263926,-0.22513646187612554,1.1684567612658145,0.09378273304939355,0.019813930525775385,0.4045622646808624,0.14002521336078644,0.10987673699855804,0.4045622646808624,0.14002521336078644,0.10987673699855804,1.1427373588085175,0.04900882467627525,0.02746918424963951,0.1548163904173798,0.19999999999998863,,none,0.1651196263934196,0.0,-0.009999999999999431,-0.0003032359760403702
R02_deeper_empty,592,119.39999999999536,69.57392363018033,50.815719493125805,15.803346593141605,0.5500380185398684,-0.22044281847683705,1.167352892204889,0.062349679776205084,0.02661026292838172,0.4391056299209595,-0.004859953187406063,0.1618361920118332,0.4391056299209595,-0.004859953187406063,0.1618361920118332,1.1634633779525756,-0.001700983615592122,0.0404590480029583,0.15018814477696404,0.19999999999998863,,none,0.16068583958762517,0.0,-0.009999999999999431,-0.0004976948106616958
R02_deeper_empty,593,119.59999999999535,69.76598229458646,50.93479063073827,15.85325833092237,0.5585460054602547,-0.21386480773781122,1.1477872637706419,0.025507025513603274,0.03828957318832516,0.2980786859989166,-0.14161914587020874,0.24835331737995148,0.2980786859989166,-0.14161914587020874,0.24835331737995148,1.07884721159935,-0.04956670105457306,0.06208832934498787,0.14464410809841255,0.19999999999998863,,none,0.1555656458719561,0.0,-0.009999999999999431,-0.0009215377735441133
R02_deeper_empty,594,119.79999999999534,69.95213865892961,51.051272615333346,15.90000815518299,0.5575434519234623,-0.20526567266600673,1.0996525220128488,-0.03125444108033798,0.047042098456779806,0.05008063465356827,-0.4197612404823303,0.259507954120636,0.05008063465356827,-0.4197612404823303,0.259507954120636,0.9300483807921409,-0.1469164341688156,0.064876988530159,0.13490647412000678,0.19999999999998863,,none,0.1476862838037487,0.0,-0.009999999999999431,-0.0027798096837425013
R02_deeper_empty,595,119.99999999999532,70.13151439691897,51.16185724770505,15.942796349302522,0.5451441374734802,-0.1950325299003395,1.052815992388593,-0.08842941733631854,0.05471130036269353,-0.020356435328722,-0.5855257511138916,0.2813548743724823,-0.020356435328722,-0.5855257511138916,0.2813548743724823,0.8877861388027668,-0.20493401288986204,0.07033871859312057,0.12829688399900505,0.19999999999998863,,none,0.1389552148337465,0.0,-0.009999999999999431,-0.0006583308347420316
R02_deeper_empty,596,120.19999999999531,70.30348052480672,51.26397450193557,15.981078198932481,0.5258226481094501,-0.18253078310514878,0.9866535549910337,-0.10363911893376646,0.06921316034229652,-0.24411948025226593,-0.384662002325058,0.39505353569984436,-0.24411948025226593,-0.384662002325058,0.39505353569984436,0.7535283118486404,-0.1346317008137703,0.09876338392496109,0.11771068143171916,0.19999999999998863,,none,0.12977755206049046,0.0,-0.009999999999999431,-0.0020668706287718754
R02_deeper_empty,597,120.3999999999953,70.46673994200194,51.35675338731749,16.014256108521405,0.5088987222096721,-0.16617315511093195,0.9232611414687839,-0.06826620184998808,0.09260041862083065,-0.33350640535354614,0.010893323458731174,0.5610251426696777,-0.33350640535354614,0.010893323458731174,0.5610251426696777,0.6998961567878723,0.003812663210555911,0.14025628566741943,0.10578525031181417,0.19999999999998863,,none,0.11962526256091621,0.0,-0.009999999999999431,-0.0038400122491026065
R02_deeper_empty,598,120.59999999999529,70.61975704968631,51.44108666210005,16.041749288949166,0.5001362481947398,-0.1446441870102114,0.8489508444364136,-0.022786360409917474,0.12058040670909298,-0.521472692489624,0.19967781007289886,0.7103792428970337,-0.521472692489624,0.19967781007289886,0.7103792428970337,0.5871163845062255,0.0698872335255146,0.17759481072425842,0.09636896346786812,0.19999999999998863,,none,0.10823451456267996,0.0,-0.009999999999999431,-0.0018655510948124086
R02_deeper_empty,599,120.79999999999528,70.76152501188581,51.518024690030565,16.063272727650222,0.49350180128594495,-0.1202507179601369,0.7815557110982899,-0.04210226612044982,0.12315986932763293,-0.5931882858276367,-0.23274856805801392,0.5136640071868896,-0.5931882858276367,-0.23274856805801392,0.5136640071868896,0.544087028503418,-0.08146199882030486,0.1284160017967224,0.08152254067581413,0.19999999999998863,,none,0.09613919233164836,0.0,-0.009999999999999431,-0.004616651655834798
R02_deeper_empty,600,120.99999999999527,70.89501579216711,51.58876464060909,16.07972912335905,0.4787613982267618,-0.09705365648831948,0.740133853871948,-0.1008722615653465,0.10981644144568178,-0.5096954107284546,-0.630362868309021,0.33050695061683655,-0.5096954107284546,-0.630362868309021,0.33050695061683655,0.5941827535629272,-0.22062700390815734,0.08262673765420914,0.07267759694232259,0.19999999999998863,,none,0.08664989092887865,0.0,-0.009999999999999431,-0.0039722939865566255
R02_deeper_empty,601,121.19999999999526,71.02611249514847,51.65476185463057,16.092722135191234,0.45148351150985927,-0.08189552469611559,0.7336842118130695,-0.16692797695066386,0.046534449220717644,-0.3150688111782074,-0.8615106344223022,-0.32965728640556335,-0.3150688111782074,-0.8615106344223022,-0.32965728640556335,0.7109587132930755,-0.3015287220478058,-0.08241432160139084,0.06141105539335312,0.19999999999998863,,none,0.08195356785085295,0.0,-0.009999999999999431,-0.010542512457500397
R02_deeper_empty,602,121.39999999999525,71.16790276845961,51.72039579650474,16.10503449487564,0.4153163962607732,-0.07702533231816731,0.8336842118130696,-0.19279367425934593,0.005277050557388545,0.7287543416023254,-0.7014280557632446,-0.31517013907432556,0.7287543416023254,-0.7014280557632446,-0.31517013907432556,1.3372526049613953,-0.2454998195171356,-0.07879253476858139,0.05447466533432367,0.19999999999998863,,none,0.08678272700849554,0.0,-0.009999999999999431,-0.02230806167417244
R02_deeper_empty,603,121.59999999999523,71.319940470082,51.78420234348107,16.11749819126774,0.3806785884724735,-0.07270822515204745,0.8205557259747798,-0.15633248838312105,0.035607975018140454,-0.20950478315353394,-0.2343887835741043,0.3896513879299164,-0.20950478315353394,-0.2343887835741043,0.3896513879299164,0.7742971301078796,-0.08203607425093651,0.0974128469824791,0.05007379373272538,0.19999999999998863,,none,0.0919783787703885,0.0,-0.009999999999999431,-0.03190458503766369
R02_deeper_empty,604,121.79999999999522,71.46350159505272,51.83938701703947,16.128009622167635,0.3545877570997187,-0.062462558961941,0.723005590351922,-0.1082033270702091,0.06465909950323825,-0.8904985785484314,-0.028946438804268837,0.4954245686531067,-0.8904985785484314,-0.028946438804268837,0.4954245686531067,0.3657008528709411,-0.010131253581494092,0.12385614216327667,0.06495134762979893,0.19999999999998863,,none,0.08529428907282188,0.0,-0.009999999999999431,-0.010342941443023522
R02_deeper_empty,605,121.99999999999521,71.59168624664956,51.885399569820194,16.135563640866813,0.3350711552267462,-0.04729964791201022,0.6447309268110085,-0.08845139740454055,0.08540629213955223,-0.885120153427124,-0.1377233862876892,0.5107301473617554,-0.885120153427124,-0.1377233862876892,0.5107301473617554,0.36892790794372554,-0.04820318520069122,0.12768253684043884,0.06390410247751242,0.19999999999998863,,none,0.07414601472751592,0.0,-0.009999999999999431,-0.00024191225000405887
R02_deeper_empty,606,122.1999999999952,71.70975112007808,51.925290344626205,16.14041748741951,0.31586402166805644,-0.030478457988173085,0.6043631560668183,-0.10255681114481954,0.08298788294350454,-0.7297897338867188,-0.37514057755470276,0.31223970651626587,-0.7297897338867188,-0.37514057755470276,0.31223970651626587,0.46212615966796877,-0.13129920214414595,0.07805992662906647,0.05371942744717172,0.19999999999998863,,none,0.06611728578818621,0.0,-0.009999999999999431,-0.0023978583410150557
R02_deeper_empty,607,122.39999999999519,71.82317130662759,51.960935013960494,16.143227618022003,0.2917524263336785,-0.018260091016276774,0.5857714892823962,-0.13603582422667404,0.04226507090427581,-0.6328946352005005,-0.5835871696472168,-0.16286078095436096,-0.6328946352005005,-0.5835871696472168,-0.16286078095436096,0.5202632188796997,-0.20425550937652587,-0.04071519523859024,0.046070586281664244,0.19999999999998863,,none,0.061641768583648116,0.0,-0.009999999999999431,-0.005571182301984444
R02_deeper_empty,608,122.59999999999518,71.94319664015137,51.99498953592637,16.145181341594924,0.26023779783738615,-0.014899407860358012,0.6586315392390755,-0.17609146165280576,-0.0050891453392786345,0.025593353435397148,-0.7363206744194031,-0.4063284993171692,0.025593353435397148,-0.7363206744194031,-0.4063284993171692,0.9153560120612383,-0.25771223604679105,-0.1015821248292923,0.04379921311813091,0.19999999999998863,,none,0.06412342280898109,0.0,-0.009999999999999431,-0.010324209690850746
R02_deeper_empty,609,122.79999999999517,72.07776870909069,52.028246069272306,16.147374048021447,0.22473927419212983,-0.01712106888920037,0.7247058844574882,-0.17869736731944635,-0.01628372768718779,0.09586788713932037,-0.5257353782653809,-0.15637904405593872,0.09586788713932037,-0.5257353782653809,-0.15637904405593872,0.9575207322835921,-0.18400738239288328,-0.03909476101398468,0.05941001870413201,0.19999999999998863,,none,0.07164520684871079,0.0,-0.009999999999999431,-0.002235188144579339
R02_deeper_empty,610,122.99999999999515,72.21465320116964,52.05710717540045,16.14995567352572,0.19131286197122577,-0.01949858299413101,0.6767882652446052,-0.15718792464014286,-0.008107645814430353,-0.6534180641174316,-0.3238812983036041,0.03421053662896156,-0.6534180641174316,-0.3238812983036041,0.03421053662896156,0.5079491615295411,-0.11335845440626144,0.00855263415724039,0.05010211987714101,0.19999999999998863,,none,0.07287209776941239,0.0,-0.009999999999999431,-0.012769977892271944
R02_deeper_empty,611,123.19999999999514,72.34243013095139,52.079835916290804,16.15259153753542,0.16063841158240294,-0.021142923436521625,0.6238451484661596,-0.15009144214214498,-0.008319770724841843,-0.7711690664291382,-0.3875172734260559,-0.035008057951927185,-0.7711690664291382,-0.3875172734260559,-0.035008057951927185,0.4372985601425171,-0.13563104569911955,-0.008752014487981796,0.05746935114396296,0.19999999999998863,,none,0.0679234721381814,0.0,-0.009999999999999431,-0.00045412099421900527
R02_deeper_empty,612,123.39999999999513,72.46384480709739,52.09765587457826,16.155319911222513,0.13070078687774975,-0.02360762845954918,0.6045629445410448,-0.1493413401947297,-0.015766052211875423,-0.6056307554244995,-0.42232248187065125,-0.12375691533088684,-0.6056307554244995,-0.42232248187065125,-0.12375691533088684,0.5366215467453003,-0.14781286865472792,-0.03093922883272171,0.05375824527385505,0.19999999999998863,,none,0.0644880591664787,0.0,-0.009999999999999431,-0.0007298138926242226
R02_deeper_empty,613,123.59999999999512,72.58406260472097,52.111667696064906,16.158384258031578,0.10166088460711903,-0.027153058000871918,0.6061086629075395,-0.14163826442658534,-0.019413346139836706,-0.48074159026145935,-0.3598337769508362,-0.10738153010606766,-0.48074159026145935,-0.3598337769508362,-0.10738153010606766,0.6115550458431244,-0.12594182193279266,-0.026845382526516914,0.05354378588570282,0.19999999999998863,,none,0.06393919178688101,0.0,-0.009999999999999431,-0.00039540590117876143
R02_deeper_empty,614,123.79999999999511,72.70400329946855,52.12227925678062,16.161884853027,0.07555596970815867,-0.030951667028306113,0.5988655439408391,-0.12096874888580952,-0.01863165993482946,-0.5444263219833374,-0.22528795897960663,-0.06815531849861145,-0.5444263219833374,-0.22528795897960663,-0.06815531849861145,0.5733442068099975,-0.07885078564286231,-0.017038829624652863,0.053450679014196596,0.19999999999998863,,none,0.06392461937149818,0.0,-0.009999999999999431,-0.000473940357302155
R02_deeper_empty,615,123.9999999999951,72.82244225140911,52.12993973282006,16.165776266866242,0.05475796749827294,-0.03456980138618539,0.5891158460934344,-0.08939127212283167,-0.017625516795328595,-0.5753958225250244,-0.07156091183423996,-0.06230125576257706,-0.5753958225250244,-0.07156091183423996,-0.06230125576257706,0.5547625064849853,-0.025046319141983985,-0.015575313940644264,0.052697507230268226,0.19999999999998863,,none,0.06319001493103471,0.0,-0.009999999999999431,-0.0004925077007670553
R02_deeper_empty,616,124.19999999999509,72.93965058930819,52.13554114924347,16.17007771033554,0.04281878758325803,-0.03905129526323404,0.5852812078384306,-0.03416308345349976,-0.026519110550344612,-0.547050416469574,0.2239273488521576,-0.17856581509113312,-0.547050416469574,0.2239273488521576,-0.17856581509113312,0.5717697501182556,0.07837457209825516,-0.04464145377278328,0.0504725494571374,0.19999999999998863,,none,0.06250523389721252,0.0,-0.009999999999999431,-0.002032684440075683
R02_deeper_empty,617,124.39999999999507,73.0621509739237,52.1406891164583,16.175283606556736,0.04395543370373308,-0.046448009095230086,0.6393663378745783,0.03994407741529135,-0.04598116961311339,-0.11677192896604538,0.5455746650695801,-0.34255486726760864,-0.11677192896604538,0.5455746650695801,-0.34255486726760864,0.8299368426203728,0.19095113277435302,-0.08563871681690216,0.0489708378682333,0.19999999999998863,,none,0.0652806175096714,0.0,-0.009999999999999431,-0.006309779641438672
R02_deeper_empty,618,124.59999999999506,73.19965321540136,52.14769801984475,16.182519545808148,0.06053480863985554,-0.059677715134792655,0.7393663378745784,0.11982875262620682,-0.08348892586513448,0.49363285303115845,0.8074530363082886,-0.6396716833114624,0.49363285303115845,0.8074530363082886,-0.6396716833114624,1.196179711818695,0.28260856270790097,-0.1599179208278656,0.05275504344587782,0.19999999999998863,,none,0.07334409707755185,0.0,-0.009999999999999431,-0.010589053631674599
R02_deeper_empty,619,124.79999999999505,73.35670300193219,52.15946218393849,16.193403502926763,0.09051998037986067,-0.07877913693987022,0.8393663378745785,0.17580409524811003,-0.10584064029369089,0.6157109141349792,0.8281834721565247,-0.6055455803871155,0.6157109141349792,0.8281834721565247,-0.6055455803871155,1.2694265484809875,0.2898642152547836,-0.15138639509677887,0.07388886793071578,0.19999999999998863,,none,0.08421881582819779,0.0,-0.009999999999999431,-0.00032994789748258313
R02_deeper_empty,620,124.99999999999504,73.53272922429889,52.17881295589296,16.209308713400333,0.128955280535267,-0.10001905189312707,0.936765503609716,0.2062539001821246,-0.10650819550756906,0.6549255847930908,0.7665743231773376,-0.43147385120391846,0.6549255847930908,0.7665743231773376,-0.43147385120391846,1.2929553508758544,0.26830101311206817,-0.10786846280097961,0.0843503706422208,0.19999999999998863,,none,0.09506305953289207,0.0,-0.009999999999999431,-0.0007126888906718421
R02_deeper_empty,621,125.19999999999503,73.72456930318035,52.20784457881606,16.230789323054644,0.17132876697103833,-0.11967766361284034,1.0119587951351598,0.21669408589517664,-0.091229480602574,0.6281741857528687,0.679908275604248,-0.24038508534431458,0.6281741857528687,0.679908275604248,-0.24038508534431458,1.2769045114517212,0.2379678964614868,-0.060096271336078644,0.09312247773192103,0.19999999999998863,,none,0.1040173088837264,0.0,-0.009999999999999431,-0.0008948311518059349
R02_deeper_empty,622,125.39999999999502,73.92709778401104,52.24741862526887,16.25739430055715,0.2140616313977334,-0.13590067952319052,1.0663165049081444,0.21105925628037284,-0.07241846724977678,0.5964124202728271,0.5702207088470459,-0.13635018467903137,0.5964124202728271,0.5702207088470459,-0.13635018467903137,1.2578474521636962,0.19957724809646604,-0.03408754616975784,0.09907432518219352,0.19999999999998863,,none,0.10955159383427215,0.0,-0.009999999999999431,-0.00047726865207920355
R02_deeper_empty,623,125.599999999995,74.13744468058184,52.297691440339364,16.288392868495848,0.2540992236443,-0.14782483271501956,1.1162906843158602,0.19084055274331732,-0.048616985713350276,0.6539602279663086,0.42754629254341125,-0.0004682484723161906,0.6539602279663086,0.42754629254341125,-0.0004682484723161906,1.292376136779785,0.14964120239019393,-0.00011706211807904765,0.10183085212281295,0.19999999999998863,,none,0.11267348491931628,0.0,-0.009999999999999431,-0.0008426327965038918
R02_deeper_empty,624,125.799999999995,74.35362115095376,52.357961404351485,16.322732552081895,0.28805164084108575,-0.15485828594342896,1.152441127344617,0.15163829868250175,-0.02360286444449116,0.6330304145812988,0.20501843094825745,0.10947214812040329,0.6330304145812988,0.20501843094825745,0.10947214812040329,1.2798182487487793,0.0717564508318901,0.027368037030100822,0.1024483997755536,0.19999999999998863,,none,0.11368927171710119,0.0,-0.009999999999999431,-0.0012408719415481543
R02_deeper_empty,625,125.99999999999498,74.57021176281795,52.425098069836224,16.358369923513834,0.31030258262375676,-0.15546735397593656,1.143430997624969,0.07653189914740652,0.014630527906191428,0.3528059124946594,-0.2186036854982376,0.3701525628566742,0.3528059124946594,-0.2186036854982376,0.3701525628566742,1.1116835474967957,-0.07651128992438316,0.09253814071416855,0.09427173802491963,0.19999999999998863,,none,0.1107904529797068,0.0,-0.009999999999999431,-0.00651871495478774
R02_deeper_empty,626,126.19999999999497,74.77572163743577,52.492016348230194,16.391701940532677,0.3156089624532381,-0.1493625842742754,1.0434309976249694,-0.022564215505264433,0.04418931883848615,-0.6053526401519775,-0.7197978496551514,0.41768330335617065,-0.6053526401519775,-0.7197978496551514,0.41768330335617065,0.5367884159088134,-0.25192924737930295,0.10442082583904266,0.06776175415540146,0.19999999999998863,,none,0.10119220562514641,0.0,-0.009999999999999431,-0.02343045146974552
R02_deeper_empty,627,126.39999999999496,74.96294276994054,52.55206181585297,16.42030276364785,0.3012830651308332,-0.13875374499524482,0.9434309976249694,-0.11656999607916037,0.06065783923023879,-0.8360719680786133,-0.9020676016807556,0.3768619894981384,-0.8360719680786133,-0.9020676016807556,0.3768619894981384,0.398356819152832,-0.31572366058826445,0.0942154973745346,0.07648007388221466,0.19999999999998863,,none,0.08824247489116388,0.0,-0.009999999999999431,-0.0017624010089497943
R02_deeper_empty,628,126.59999999999495,75.13277474916875,52.602302228926504,16.44394821473315,0.27098910600527454,-0.12638633529007412,0.8434309976249693,-0.18147750686704442,0.0628509618574798,-0.8545869588851929,-0.8963959217071533,0.269279420375824,-0.8545869588851929,-0.8963959217071533,0.269279420375824,0.38724782466888424,-0.31373857259750365,0.067319855093956,0.06645229693543506,0.19999999999998863,,none,0.07669127657577945,0.0,-0.009999999999999431,-0.0002389796403449651
R02_deeper_empty,629,126.79999999999494,75.28547732662356,52.64159736766668,16.46296361176056,0.23051917066629216,-0.11314532061403375,0.7477773151283724,-0.22029608478984866,0.06908902146413932,-0.8255829811096191,-0.8554174900054932,0.32720088958740234,-0.8255829811096191,-0.8554174900054932,0.32720088958740234,0.4046502113342285,-0.2993961215019226,0.08180022239685059,0.056280118917018174,0.19999999999998863,,none,0.06639762610076083,0.0,-0.009999999999999431,-0.00011750718374322844
R02_deeper_empty,630,126.99999999999493,75.4230585324902,52.67068634291533,16.477931478077448,0.18488326737970096,-0.0983067889860437,0.6701715768695984,-0.23495788603336246,0.0785808912421024,-0.838790774345398,-0.7566686272621155,0.39168933033943176,-0.838790774345398,-0.7566686272621155,0.39168933033943176,0.39672553539276123,-0.2648340195417404,0.09792233258485794,0.047500280586222965,0.19999999999998863,,none,0.05778197143994035,0.0,-0.009999999999999431,-0.0002816908537179508
R02_deeper_empty,631,127.19999999999492,75.54803495310108,52.6910770108322,16.489396654275716,0.13779899344710442,-0.08168179906220062,0.6045102707054032,-0.23581988435652382,0.08703204345351354,-0.8780820369720459,-0.6787896156311035,0.4170113205909729,-0.8780820369720459,-0.6787896156311035,0.4170113205909729,0.3731507778167724,-0.2375763654708862,0.10425283014774323,0.040524556355330844,0.19999999999998863,,none,0.050689559294564646,0.0,-0.009999999999999431,-0.00016500293923437325
R02_deeper_empty,632,127.3999999999949,75.66247297742898,52.70424043123146,16.49782808342177,0.0905821422841587,-0.06414311243177538,0.5530336379840861,-0.23631156893630254,0.08826211238092599,-0.8805762529373169,-0.678038477897644,0.3630744218826294,-0.8805762529373169,-0.678038477897644,0.3630744218826294,0.37165424823760984,-0.2373134672641754,0.09076860547065735,0.03470523945205272,0.19999999999998863,,none,0.04476355893932116,0.0,-0.009999999999999431,-5.831948726900293e-05
R02_deeper_empty,633,127.59999999999489,75.76874252698474,52.71137634079751,16.503777691038767,0.04282535936016959,-0.047692698088527635,0.5155837793755282,-0.2409096986163547,0.07708449003569713,-0.8606197834014893,-0.7150835394859314,0.21723206341266632,-0.8606197834014893,-0.7150835394859314,0.21723206341266632,0.38362812995910645,-0.25027923882007597,0.05430801585316658,0.029676458669516025,0.19999999999998863,,none,0.04013727048528537,0.0,-0.009999999999999431,-0.0004608118157699126
R02_deeper_empty,634,127.79999999999488,75.86945165477742,52.71325591641521,16.507891659262206,-0.006086608517771123,-0.03470267679327581,0.49365529057435764,-0.24769832074850426,0.054516663229385566,-0.806017279624939,-0.7472325563430786,0.03412215784192085,-0.806017279624939,-0.7472325563430786,0.03412215784192085,0.4163896322250366,-0.2615313947200775,0.008530539460480213,0.026225330088665122,0.19999999999998863,,none,0.036976214693098086,0.0,-0.009999999999999431,-0.000750884604433533
R02_deeper_empty,635,127.99999999999487,75.96727737227089,52.7102187110308,16.510809580818027,-0.05636888232366177,-0.02545992513299629,0.48596972462530813,-0.25460393981992,0.039074715190882854,-0.7351843118667603,-0.7676440477371216,0.030435552820563316,-0.7351843118667603,-0.7676440477371216,0.030435552820563316,0.45888941287994384,-0.26867541670799255,0.007608888205140829,0.025197917478618995,0.19999999999998863,,none,0.0353068680657973,0.0,-0.009999999999999431,-0.00010895058717887547
R02_deeper_empty,636,128.1999999999949,76.06363310259715,52.702305466019155,16.51292329428769,-0.10775025454701605,-0.01856768614040514,0.48138003344445923,-0.2588869698330503,0.0304943761105105,-0.7246531248092651,-0.7646126747131348,0.05204138904809952,-0.7246531248092651,-0.7646126747131348,0.05204138904809952,0.4652081251144409,-0.2676144361495971,0.01301034726202488,0.02447711992984989,0.20000000000003126,,none,0.034488858075498285,0.0,-0.010000000000001563,-1.1738145646832468e-05
R02_deeper_empty,637,128.39999999999495,76.15879581655868,52.68951110211443,16.51443289402175,-0.15960591651025982,-0.013080618084957873,0.47913568210379304,-0.25961479361736295,0.024805105572664566,-0.7146205902099609,-0.7459939122200012,0.052848655730485916,-0.7146205902099609,-0.7459939122200012,0.052848655730485916,0.47122764587402344,-0.2610978692770004,0.013212163932621479,0.023952509034020075,0.20000000000004547,,none,0.03396146826895752,0.0,-0.010000000000002274,-8.95923493516887e-06
R02_deeper_empty,638,128.599999999995,76.25293644981012,52.671847929006894,16.515465990705827,-0.21123253452570145,-0.008685906153038582,0.4788664314118954,-0.2568590847089772,0.01953892641760246,-0.7034704685211182,-0.7178394794464111,0.03523244708776474,-0.7034704685211182,-0.7178394794464111,0.03523244708776474,0.4779177188873291,-0.2512438178062439,0.008808111771941185,0.02358536151010603,0.20000000000004547,,none,0.033609908072216754,0.0,-0.010000000000002274,-2.4546562108449798e-05
R02_deeper_empty,639,128.79999999999504,76.34633468143673,52.649310465892945,16.516132109692187,-0.2620962651874997,-0.00539954265866884,0.48190094079726453,-0.25213432752890497,0.013760248315609146,-0.6790114641189575,-0.6928764581680298,0.007940488867461681,-0.6790114641189575,-0.6928764581680298,0.007940488867461681,0.49259312152862544,-0.2425067603588104,0.0019851222168654203,0.02340468587698764,0.20000000000004547,,none,0.033444010803213686,0.0,-0.010000000000002274,-3.932492622377203e-05
R02_deeper_empty,640,128.99999999999508,76.43934516751939,52.62184333206755,16.516542345468338,-0.3118890590595338,-0.003288129538058979,0.48774105777634874,-0.24623801695692532,0.00780288984478709,-0.6528018712997437,-0.6692091226577759,-0.01734532229602337,-0.6528018712997437,-0.6692091226577759,-0.01734532229602337,0.5083188772201538,-0.23422319293022154,-0.004336330574005842,0.023447314251082766,0.20000000000004547,,none,0.033485043406527026,0.0,-0.010000000000002274,-3.772915544198676e-05
R02_deeper_empty,641,129.19999999999513,76.53222957800615,52.58937068551194,16.516808295493497,-0.36035172635791507,-0.0023309141054218044,0.4959379104369198,-0.23893879911278731,0.002192146969224501,-0.625300407409668,-0.6401865482330322,-0.036963120102882385,-0.625300407409668,-0.6401865482330322,-0.036963120102882385,0.5248197555541992,-0.22406529188156127,-0.009240780025720596,0.023656858472749124,0.20000000000004547,,none,0.03369652843941395,0.0,-0.010000000000002274,-3.966996666255447e-05
R02_deeper_empty,642,129.39999999999517,76.62511749133184,52.551848303249045,16.517035232705613,-0.406892152886809,-0.002364593236689007,0.5055022976928041,-0.22733969249016478,-0.0021980486168653238,-0.6013288497924805,-0.5820124745368958,-0.044575538486242294,-0.6013288497924805,-0.5820124745368958,-0.044575538486242294,0.5392026901245117,-0.2037043660879135,-0.011143884621560574,0.0239361960971994,0.20000000000004547,,none,0.034016532243974495,0.0,-0.010000000000002274,-8.033614677281947e-05
R02_deeper_empty,643,129.59999999999522,76.71791123696184,52.50939018123415,16.517313239689788,-0.45060777605701713,-0.003230673647116724,0.5146083324030546,-0.21104469545356647,-0.006163852300371043,-0.588843822479248,-0.5081160664558411,-0.056979645043611526,-0.588843822479248,-0.5081160664558411,-0.056979645043611526,0.5466937065124511,-0.17784062325954436,-0.014244911260902882,0.02421220015186004,0.20000000000004547,,none,0.034327608489737926,0.0,-0.010000000000002274,-0.00011540833787560989
R02_deeper_empty,644,129.79999999999526,76.81044761431323,52.4622550430521,16.5177170830641,-0.490810340976536,-0.004585362763108972,0.5235389800743341,-0.1923871737993432,-0.0072975889659953035,-0.574989378452301,-0.4410543441772461,-0.03843114897608757,-0.574989378452301,-0.4410543441772461,-0.03843114897608757,0.5550063729286194,-0.15436902046203613,-0.009607787244021893,0.024466564218251177,0.20000000000004547,,none,0.034567229556666135,0.0,-0.010000000000002274,-0.00010066533841268321
R02_deeper_empty,645,129.9999999999953,76.90231718539314,52.410936731713484,16.518275099598785,-0.5272718605920187,-0.0060025815173559306,0.5286032391193481,-0.17364092945496676,-0.006904244969380829,-0.5892544984817505,-0.38697710633277893,-0.02441093511879444,-0.5892544984817505,-0.38697710633277893,-0.02441093511879444,0.5464473009109496,-0.1354419872164726,-0.00610273377969861,0.024517965208081978,0.20000000000004547,,none,0.03458445336206317,0.0,-0.010000000000002274,-6.648815397891812e-05
R02_deeper_empty,646,130.19999999999536,76.99284169790312,52.35618289327647,16.51897593421446,-0.5599650308741637,-0.007170734022381267,0.5293816282777586,-0.15471706752837197,-0.004926354003933864,-0.6131261587142944,-0.3318748474121094,-0.003584140446037054,-0.6131261587142944,-0.3318748474121094,-0.003584140446037054,0.5321243047714233,-0.11615619659423827,-0.0008960351115092635,0.024158081165845856,0.20000000000004547,,none,0.034238878575383325,0.0,-0.010000000000002274,-8.079740953519446e-05
R02_deeper_empty,647,130.3999999999954,77.0815241754598,52.29874783620643,16.519765229086406,-0.5887289303030069,-0.007560919727309634,0.5273460819469297,-0.13444949647010115,0.0006074159286575127,-0.6330437064170837,-0.2661444842815399,0.04753398522734642,-0.6330437064170837,-0.2661444842815399,0.04753398522734642,0.5201737761497498,-0.09315056949853896,0.011883496306836605,0.023411643426933842,0.20000000000004547,,none,0.0335582484692587,0.0,-0.010000000000002274,-0.0001466050423225848
R02_deeper_empty,648,130.59999999999545,77.16796239186857,52.23943278568171,16.520512370955686,-0.6133441533181672,-0.006285991017888969,0.5213136119375229,-0.1132970003213341,0.011333448562134758,-0.6665699481964111,-0.20055678486824036,0.13275890052318573,-0.6665699481964111,-0.20055678486824036,0.13275890052318573,0.5000580310821533,-0.07019487470388412,0.03318972513079643,0.02225212910910307,0.20000000000004547,,none,0.03250590993689251,0.0,-0.010000000000002274,-0.00025378082778716477
R02_deeper_empty,649,130.7999999999955,77.25156699878579,52.17928510982151,16.520988994100897,-0.6329542349132542,-0.0023806212409276666,0.5092089310312147,-0.08494101060308767,0.026571737226004664,-0.7224037647247314,-0.07760123908519745,0.2304902821779251,-0.7224037647247314,-0.07760123908519745,0.2304902821779251,0.46655774116516113,-0.027160433679819105,0.05762257054448128,0.020366447641979993,0.20000000000004547,,none,0.030922185727323637,0.0,-0.010000000000002274,-0.0005557380853413685
R02_deeper_empty,650,130.99999999999554,77.33235196537446,52.119154626637986,16.52087822073323,-0.6451171725211043,0.005509928168507896,0.49837887418884963,-0.04007027889868279,0.05052815802898261,-0.7329685688018799,0.14674897491931915,0.3973751962184906,-0.7329685688018799,0.14674897491931915,0.3973751962184906,0.460218858718872,0.0513621412217617,0.09934379905462265,0.017356085391696675,0.20000000000004547,,none,0.028921989554566707,0.0,-0.010000000000002274,-0.0015659041628677574
R02_deeper_empty,651,131.19999999999558,77.4117107323879,52.05926744348028,16.519809774559032,-0.6449375288039567,0.016193371769504035,0.49599296652884844,0.036123946478682806,0.05590130326145384,-0.6873564124107361,0.5468108057975769,0.267400324344635,-0.6873564124107361,0.5468108057975769,0.267400324344635,0.4875861525535583,0.1913837820291519,0.06685008108615875,0.013291434308714305,0.20000000000004547,,none,0.026871902401815362,0.0,-0.010000000000002274,-0.003580468093098781
R02_deeper_empty,652,131.39999999999563,77.4993998455087,51.99422873355668,16.517655317255972,-0.6286926956887771,0.020854803066574956,0.5959929665288485,0.12010842470709444,-0.004718097447235723,0.23118825256824493,0.8319581747055054,-0.5129653811454773,0.23118825256824493,0.8319581747055054,-0.5129653811454773,1.038712951540947,0.29118536114692684,-0.12824134528636932,-0.013009556903250334,0.20000000000004547,,none,0.02767052225398281,0.0,-0.010000000000002274,-0.03068007915723087
R02_deeper_empty,653,131.59999999999567,77.60499001183169,51.919822613252485,16.51535267366091,-0.5971419836128646,0.012246999768570318,0.6959929665288486,0.1901217795507834,-0.07707537290735139,0.9009345173835754,0.9508198499679565,-0.9080142974853516,0.9009345173835754,0.9508198499679565,-0.9080142974853516,1.4405607104301452,0.3327869474887848,-0.2270035743713379,0.009349452647722595,0.20000000000004547,,none,0.03172448871535671,0.0,-0.010000000000002274,-0.012375036067631844
R02_deeper_empty,654,131.79999999999572,77.73010807241317,51.838573051136514,16.51496819598502,-0.553782098749756,-0.008536625890989597,0.7959929665288487,0.23973752341633245,-0.12699819360017922,0.8683747053146362,0.9738250970840454,-0.9149007201194763,0.8683747053146362,0.9738250970840454,-0.9149007201194763,1.4210248231887816,0.34083878397941586,-0.22872518002986908,0.02704635908119002,0.20000000000004547,,none,0.03707909519266295,0.0,-0.010000000000002274,-3.273611147065481e-05
R02_deeper_empty,655,131.99999999999577,77.87619075973325,51.75333386002132,16.518779506053377,-0.5023348620608031,-0.03709976825108543,0.8959929665288487,0.2722819643374381,-0.15641600534986672,0.8822100162506104,0.9674208164215088,-0.8654409646987915,0.8822100162506104,0.9674208164215088,-0.8654409646987915,1.4293260097503662,0.33859728574752807,-0.21636024117469788,0.03371868493136468,0.20000000000004547,,none,0.04377225889228242,0.0,-0.010000000000002274,-5.357396091547173e-05
R02_deeper_empty,656,132.1999999999958,78.04426671860575,51.66712178927177,16.52888546514639,-0.44571014565264794,-0.06971090742412082,0.9959929665288488,0.2924454732153874,-0.1687646660678218,0.8943440318107605,0.952949583530426,-0.7757093906402588,0.8943440318107605,0.952949583530426,-0.7757093906402588,1.4366064190864563,0.3335323542356491,-0.1939273476600647,0.04129156391677249,0.20000000000004547,,none,0.05145973204273524,0.0,-0.010000000000002274,-0.00016816812596047727
R02_deeper_empty,657,132.39999999999586,78.2347917040782,51.58301549676906,16.54699635606333,-0.3862089143953634,-0.10315706179522931,1.092295420401478,0.30185745681631204,-0.1659118916559729,0.9004976749420166,0.9172460436820984,-0.6403953433036804,0.9004976749420166,0.9172460436820984,-0.6403953433036804,1.44029860496521,0.32103611528873444,-0.1600988358259201,0.04919762332768933,0.20000000000004547,,none,0.05959007335745348,0.0,-0.010000000000002274,-0.00039245002976187496
R02_deeper_empty,658,132.5999999999959,78.4455826802941,51.50467383563537,16.57393634570521,-0.3261863169263532,-0.13418594822207325,1.1693401928415637,0.2986130493271745,-0.14588630399916155,0.9013494253158569,0.8342913389205933,-0.42032185196876526,0.9013494253158569,0.8342913389205933,-0.42032185196876526,1.4408096551895142,0.2920019686222076,-0.10508046299219131,0.05568935489068272,0.20000000000004547,,none,0.06679564589286713,0.0,-0.010000000000002274,-0.001106291002182136
R02_deeper_empty,659,132.79999999999595,78.6730104991063,51.435121221075846,16.609107488930835,-0.268572519046195,-0.15700882782654382,1.2321769314388888,0.27900294576580215,-0.0867961270751478,0.9226399660110474,0.6829820871353149,0.13444417715072632,0.9226399660110474,0.6829820871353149,0.13444417715072632,1.4535839796066283,0.23904373049736022,0.03361104428768158,0.05506967733594512,0.20000000000004547,,none,0.07169193981322586,0.0,-0.010000000000002274,-0.0066222624772784575
R02_deeper_empty,660,132.999999999996,78.91272365436345,51.37603229256775,16.649769524407425,-0.21622160562192957,-0.16645907143873442,1.2685265543198891,0.24692398435573257,-0.010435282326648157,0.8276758193969727,0.5187347531318665,0.616391658782959,0.8276758193969727,0.5187347531318665,0.616391658782959,1.3966054916381836,0.18155716359615326,0.15409791469573975,0.05709007186399056,0.20000000000004547,,none,0.07245544688241345,0.0,-0.010000000000002274,-0.005365375018420622
R02_deeper_empty,661,133.19999999999604,79.1544722298987,51.32867521410836,16.690830694169776,-0.17242613166661966,-0.1612504105331666,1.2308510638284982,0.19494817902895972,0.05754300690996099,0.33016732335090637,0.25439387559890747,0.7839561104774475,0.33016732335090637,0.25439387559890747,0.7839561104774475,1.0981003940105438,0.0890378564596176,0.19598902761936188,0.04970838295264761,0.20000000000004547,,none,0.06661775592554164,0.0,-0.010000000000002274,-0.006909372972891763
R02_deeper_empty,662,133.39999999999608,79.38500390731781,51.29236364357563,16.726997624692874,-0.14326820253840894,-0.143999457382082,1.1308510638284985,0.1005875360880653,0.11094184647647466,-0.31678506731987,-0.2862060070037842,0.8790074586868286,-0.31678506731987,-0.2862060070037842,0.8790074586868286,0.709928959608078,-0.10017210245132446,0.21975186467170715,0.030410260777332707,0.20000000000004547,,none,0.05480686853055694,0.0,-0.010000000000002274,-0.014396607753221958
R02_deeper_empty,663,133.59999999999613,79.59729456926252,51.26322521014466,16.75546611568717,-0.13315069532079593,-0.11871132985046676,1.030851063828499,0.0005875360880652838,0.1397668818299617,-0.8605374693870544,-0.7786690592765808,0.7940129041671753,-0.8605374693870544,-0.7786690592765808,0.7940129041671753,0.3836775183677673,-0.27253417074680325,0.19850322604179382,0.020154897698370373,0.20000000000004547,,none,0.04106310983648598,0.0,-0.010000000000002274,-0.010908212138113332
R02_deeper_empty,664,133.79999999999617,79.79056086923397,51.236750109737216,16.776145833103566,-0.14302678040566277,-0.09283888117688806,0.9308510638284989,-0.09791897140617216,0.12041607775787444,-0.8634520173072815,-0.9195696711540222,0.3239409327507019,-0.8634520173072815,-0.9195696711540222,0.3239409327507019,0.3819287896156311,-0.32184938490390774,0.08098523318767548,0.013885633468853341,0.20000000000004547,,none,0.028702216175423345,0.0,-0.010000000000002274,-0.0048165827065677295
R02_deeper_empty,665,133.99999999999622,79.96401264508165,51.20959657476913,16.790646702391875,-0.17096970655297733,-0.07317505230595102,0.8308510638284988,-0.17565157285261662,0.0793196542312003,-0.8844601511955261,-0.9544175267219543,-0.017687657848000526,-0.8844601511955261,-0.9544175267219543,-0.017687657848000526,0.3693239092826843,-0.334046134352684,-0.004421914462000132,0.0068764582508013955,0.20000000000004547,,none,0.019243774423635784,0.0,-0.010000000000002274,-0.002367316172832114
R02_deeper_empty,666,134.19999999999627,80.11714837306825,51.18014658509332,16.800986900958815,-0.21180702655467035,-0.05988208683583919,0.7348183153494948,-0.2287217224496029,0.05541192910891449,-0.8519296646118164,-0.9624627828598022,0.02678205817937851,-0.8519296646118164,-0.9624627828598022,0.02678205817937851,0.38884220123291013,-0.33686197400093076,0.006695514544844627,0.002790967364060472,0.20000000000004547,,none,0.012852977651007791,0.0,-0.010000000000002274,-6.201028694504459e-05
R02_deeper_empty,667,134.3999999999963,80.25234152616827,51.147709277017135,16.808604630326062,-0.2612735911529155,-0.04974680713761481,0.6611722234146007,-0.263335107764221,0.046604672086351835,-0.8305364847183228,-0.9539036750793457,0.11463302373886108,-0.8305364847183228,-0.9539036750793457,0.11463302373886108,0.4016781091690063,-0.333866286277771,0.02865825593471527,-0.00145412244987795,0.20000000000004547,,none,0.00871085192255805,0.0,-0.010000000000002274,-0.00016497437243372492
R02_deeper_empty,668,134.59999999999636,80.37322124800957,51.11190234584922,16.81430793391719,-0.31630265622672904,-0.04058298816348479,0.603691219797,-0.28530004270677334,0.04514363614166617,-0.831407904624939,-0.9430218935012817,0.1686660200357437,-0.831407904624939,-0.9430218935012817,0.1686660200357437,0.4011552572250366,-0.33005766272544856,0.04216650500893593,-0.004153414451942195,0.20000000000004547,,none,0.005907360292695785,0.0,-0.010000000000002274,-6.077474463570542e-05
R02_deeper_empty,669,134.7999999999964,80.48258874921497,51.07260255862979,16.818519796524814,-0.37479932704396857,-0.03187301457524531,0.5613637096152114,-0.29865974295957776,0.042179506605014926,-0.812964141368866,-0.931093156337738,0.14455817639827728,-0.812964141368866,-0.931093156337738,0.14455817639827728,0.4122215151786804,-0.3258826047182083,0.03613954409956932,-0.0061769188963653405,0.20000000000004547,,none,0.003844354209601164,0.0,-0.010000000000002274,-2.1273105964230155e-05
R02_deeper_empty,670,134.99999999999645,80.58303642652507,51.029575809309556,16.821564743543,-0.43539645494756896,-0.02395136300821564,0.533291447500527,-0.3067051524222286,0.03739743451787064,-0.7760366201400757,-0.9231404662132263,0.11061231046915054,-0.7760366201400757,-0.9231404662132263,0.11061231046915054,0.4343780279159546,-0.32309916317462917,0.027653077617287636,-0.007761290069247926,0.20000000000004547,,none,0.002290294109114299,0.0,-0.010000000000002274,-5.1584178359950215e-05
R02_deeper_empty,671,135.1999999999965,80.67672733433149,50.9824438301373,16.82371057570928,-0.497281429194663,-0.017167625368705867,0.5166506606847184,-0.31176335276989836,0.03092757603057626,-0.7366393804550171,-0.9202010631561279,0.07097616791725159,-0.7366393804550171,-0.9202010631561279,0.07097616791725159,0.4580163717269897,-0.32207037210464473,0.017744041979312897,-0.008960731299763085,0.20000000000004547,,none,0.0011019048278697596,0.0,-0.010000000000002274,-6.263612763056981e-05
R02_deeper_empty,672,135.39999999999654,80.76526569544667,50.93074537259501,16.82518182687695,-0.5599956534600845,-0.01180051056634955,0.5092320379010398,-0.3151254854654042,0.023317169420393833,-0.6948461532592773,-0.9199327230453491,0.03123822994530201,-0.6948461532592773,-0.9199327230453491,0.03123822994530201,0.4830923080444336,-0.3219764530658722,0.007809557486325502,-0.009883178936242897,0.20000000000004547,,none,0.0001833380549616237,0.0,-0.010000000000002274,-6.65169912022457e-05
R02_deeper_empty,673,135.59999999999658,80.84975784451713,50.87397858909995,16.82617499192778,-0.6232772041028277,-0.008017952250980733,0.5089010014002318,-0.3175102787531293,0.01512579852166561,-0.653775691986084,-0.9210563898086548,-0.006262542679905891,-0.653775691986084,-0.9210563898086548,-0.006262542679905891,0.5077345848083497,-0.32236973643302913,-0.0015656356699764729,-0.010587362788270488,0.20000000000004547,,none,-0.0005254757209947059,0.0,-0.010000000000002274,-6.188706727350751e-05
R02_deeper_empty,674,135.79999999999663,80.93081088480629,50.81170298351816,16.82686922611072,-0.6869642223902436,-0.0058757657143742705,0.5132281773539635,-0.3192302682670121,0.0069149217901580086,-0.6192081570625305,-0.9221001863479614,-0.03926503658294678,-0.6192081570625305,-0.9221001863479614,-0.03926503658294678,0.5284751057624817,-0.32273506522178647,-0.009816259145736694,-0.011105679802892425,0.20000000000004547,,none,-0.0010599764311756132,0.0,-0.010000000000002274,-4.570337171453616e-05
R02_deeper_empty,675,135.99999999999667,81.00866162984187,50.74355913524592,16.82743409581614,-0.750944904229046,-0.0053398929638292306,0.5211947809713496,-0.3204821924197601,-0.0009624738557475177,-0.5845577716827393,-0.9229520559310913,-0.06805650144815445,-0.5845577716827393,-0.9229520559310913,-0.06805650144815445,0.5492653369903564,-0.32303321957588194,-0.017014125362038612,-0.011480995879910225,0.20000000000004547,,none,-0.0014403894131511663,0.0,-0.010000000000002274,-4.060646675678403e-05
R02_deeper_empty,676,136.19999999999672,81.08323548698003,50.66932551472241,16.828030930174794,-0.815126169514344,-0.006251837419991229,0.5307713648344126,-0.32127100734057323,-0.00765272548974539,-0.5591421127319336,-0.9225096106529236,-0.08514140546321869,-0.5591421127319336,-0.9225096106529236,-0.08514140546321869,0.5645147323608398,-0.32287836372852324,-0.021285351365804672,-0.011698906829320654,0.20000000000004547,,none,-0.0016801459208597436,0.0,-0.010000000000002274,-1.8760908458635985e-05
R02_deeper_empty,677,136.39999999999677,81.15415897404041,50.589024967980954,16.828799695231993,-0.8793308423603594,-0.00825760772707153,0.540347429329163,-0.32081043455579994,-0.01207190350613708,-0.5431850552558899,-0.9139198064804077,-0.08430718630552292,-0.5431850552558899,-0.9139198064804077,-0.08430718630552292,0.574088966846466,-0.3198719322681427,-0.02107679657638073,-0.01180561367467064,0.20000000000004547,,none,-0.001799031507855986,0.0,-0.010000000000002274,-6.582166812379997e-06
R02_deeper_empty,678,136.5999999999968,81.22082775192413,50.50301618172255,16.829840061605896,-0.943245940212588,-0.010951493852990844,0.5477483998712602,-0.3185136527383665,-0.014671059031827213,-0.5436234474182129,-0.8966672420501709,-0.07986927777528763,-0.5436234474182129,-0.8966672420501709,-0.07986927777528763,0.5738259315490722,-0.3138335347175598,-0.019967319443821907,-0.011836575533169698,0.20000000000004547,,none,-0.00183022476918282,0.0,-0.010000000000002274,-6.35076398460388e-06
R02_deeper_empty,679,136.79999999999686,81.28253772618241,50.41199777122097,16.83120914593557,-1.0065096121062593,-0.013969146049487905,0.5519682684422569,-0.31443079199278706,-0.015446981543225333,-0.5552715063095093,-0.8746034502983093,-0.06811226904392242,-0.5552715063095093,-0.8746034502983093,-0.06811226904392242,0.5668370962142943,-0.30611120760440824,-0.017028067260980606,-0.011820539317605318,0.20000000000004547,,none,-0.0018053250088687633,0.0,-0.010000000000002274,-1.5214308734280424e-05
R02_deeper_empty,680,136.9999999999969,81.33874334582983,50.316737326257524,16.83292548272114,-1.0687006607953082,-0.017056004014281007,0.5542806522665022,-0.3079668808024338,-0.015423377169692293,-0.5626193284988403,-0.8422727584838867,-0.061501115560531616,-0.5626193284988403,-0.8422727584838867,-0.061501115560531616,0.5624284029006958,-0.2947954654693603,-0.015375278890132904,-0.011781662504455963,0.20000000000004547,,none,-0.0017588030749635664,0.0,-0.010000000000002274,-2.2859429490122983e-05
R02_deeper_empty,681,137.19999999999695,81.38916205877939,50.21787435273059,16.834989432319063,-1.129315648677026,-0.02012272792172494,0.5557724069764906,-0.2988687271482207,-0.015256443703788189,-0.5649522542953491,-0.8009415864944458,-0.059665143489837646,-0.5649522542953491,-0.8009415864944458,-0.059665143489837646,0.5610286474227906,-0.28032955527305603,-0.014916285872459412,-0.011749177930070706,0.20000000000004547,,none,-0.001714836347783688,0.0,-0.010000000000002274,-3.43415822847426e-05
R02_deeper_empty,682,137.399999999997,81.43361828852966,50.11613767974855,16.837391188443444,-1.1879580587643062,-0.023106699775506737,0.554933262712143,-0.2883482998264434,-0.014630455643097118,-0.5800391435623169,-0.7626028060913086,-0.053419556468725204,-0.5800391435623169,-0.7626028060913086,-0.053419556468725204,0.5519765138626098,-0.26691098213195796,-0.013354889117181301,-0.011717830512334274,0.20000000000004547,,none,-0.0016831008389761593,0.0,-0.010000000000002274,-3.472967335584026e-05
R02_deeper_empty,683,137.59999999999704,81.4720576428038,50.01224656251132,16.840109532740676,-1.2445174561211403,-0.025916942168237082,0.5533561785434804,-0.27802383046448986,-0.01355316391481588,-0.5870012044906616,-0.7342451810836792,-0.04543193057179451,-0.5870012044906616,-0.7342451810836792,-0.04543193057179451,0.5477992773056031,-0.2569858133792877,-0.011357982642948627,-0.011691880195991369,0.20000000000004547,,none,-0.0016735516488708413,0.0,-0.010000000000002274,-1.8328547118252604e-05
R02_deeper_empty,684,137.79999999999708,81.5044578908872,49.907093126607144,16.843111298049696,-1.298974138744212,-0.028630139964911563,0.547763128971307,-0.2673476602332996,-0.013577016294670582,-0.6199069023132324,-0.7016942501068115,-0.05450247973203659,-0.6199069023132324,-0.7016942501068115,-0.05450247973203659,0.5280558586120605,-0.245592987537384,-0.013625619933009148,-0.01172924167580345,0.20000000000004547,,none,-0.0016847492174267842,0.0,-0.010000000000002274,-4.4492458374390257e-05
R02_deeper_empty,685,137.99999999999713,81.53085424921039,49.80177007533213,16.84637285316351,-1.3511758885658554,-0.031473750023490676,0.5390565427510883,-0.25555839646800377,-0.014769227186804967,-0.652702271938324,-0.6615302562713623,-0.06879431009292603,-0.652702271938324,-0.6615302562713623,-0.06879431009292603,0.5083786368370056,-0.23153558969497678,-0.017198577523231506,-0.011746166275783542,0.20000000000004547,,none,-0.0016883074940867715,0.0,-0.010000000000002274,-5.785878169449643e-05
R02_deeper_empty,686,138.19999999999717,81.55146387760912,49.69718568311987,16.84989302543468,-1.4009808738118552,-0.03462082447461227,0.5281010365639447,-0.24340728685017968,-0.016566087692797347,-0.6841683387756348,-0.6247061491012573,-0.0809100940823555,-0.6841683387756348,-0.6247061491012573,-0.0809100940823555,0.48949899673461916,-0.21864715218544006,-0.020227523520588875,-0.011711106093259949,0.20000000000004547,,none,-0.0016612476842023938,0.0,-0.010000000000002274,-4.9858409055280055e-05
R02_deeper_empty,687,138.39999999999722,81.56663297827464,49.59403537909989,16.85368821377447,-1.4482770541648697,-0.03827681378887197,0.5158543636398304,-0.23052542447712773,-0.019753564844068833,-0.7121618986129761,-0.5836464166641235,-0.10499455779790878,-0.7121618986129761,-0.5836464166641235,-0.10499455779790878,0.47270286083221436,-0.20427624583244322,-0.026248639449477196,-0.011649925083521856,0.20000000000004547,,none,-0.0015889330352667486,0.0,-0.010000000000002274,-6.099204825283256e-05
R02_deeper_empty,688,138.59999999999727,81.57679204849622,49.4927576853718,16.857803640941782,-1.4930810519304551,-0.042730243334904675,0.5034985869974739,-0.21842645428126872,-0.02442838849364542,-0.7333955764770508,-0.5536358952522278,-0.13581682741641998,-0.7333955764770508,-0.5536358952522278,-0.13581682741641998,0.4599626541137695,-0.19377256333827972,-0.033954206854104996,-0.011497347969874668,0.20000000000004547,,none,-0.0014513177143626876,0.0,-0.010000000000002274,-4.6030255509706964e-05
R02_deeper_empty,689,138.7999999999973,81.58238180869041,49.39364705234972,16.86231075736714,-1.5355906721548678,-0.04825322156580232,0.4908708026682503,-0.20749374761731004,-0.030354724991540214,-0.7560392618179321,-0.5291895270347595,-0.16972292959690094,-0.7560392618179321,-0.5291895270347595,-0.16972292959690094,0.4463764429092407,-0.18521633446216582,-0.042430732399225235,-0.011270654590840081,0.20000000000004547,,none,-0.0012254548874395255,0.0,-0.010000000000002274,-4.5199703398282056e-05
R02_deeper_empty,690,138.99999999999736,81.58381474629226,49.296828727050794,16.867308248941303,-1.5762698539208295,-0.05520701813046342,0.4793153452311262,-0.1998724856402572,-0.03856447093682968,-0.7690010666847229,-0.52669358253479,-0.22117339074611664,-0.7690010666847229,-0.52669358253479,-0.22117339074611664,0.4385993599891662,-0.1843427538871765,-0.05529334768652916,-0.010945222029462746,0.20000000000004547,,none,-0.0008887942679240979,0.0,-0.010000000000002274,-5.6427761536372855e-05
R02_deeper_empty,691,139.1999999999974,81.58142640114997,49.202283397376405,16.872927951284325,-1.615832204738117,-0.06383919597420824,0.46866917478076126,-0.19603988610414685,-0.04711300339478682,-0.7814048528671265,-0.5378007292747498,-0.2581288814544678,-0.7814048528671265,-0.5378007292747498,-0.2581288814544678,0.4311570882797241,-0.1882302552461624,-0.06453222036361694,-0.010443306715075101,0.20000000000004547,,none,-0.0004104480967956903,0.0,-0.010000000000002274,-3.285861827713621e-05
R02_deeper_empty,692,139.39999999999745,81.57548187937684,49.11009832188415,16.879287195563222,-1.6545111573845737,-0.07386472559228074,0.45784916438624534,-0.19112042113410985,-0.05271971419629287,-0.800459086894989,-0.5174174308776855,-0.2565777003765106,-0.800459086894989,-0.5174174308776855,-0.2565777003765106,0.41972454786300656,-0.18109610080718994,-0.06414442509412766,-0.009808280521384508,0.20000000000004547,,none,0.00020733845563114528,0.0,-0.010000000000002274,-1.5618977013378555e-05
R02_deeper_empty,693,139.5999999999975,81.56623930447306,49.020289966495646,16.88645604149638,-1.6920907665496658,-0.0847627938318558,0.4483217167243126,-0.18512736779816524,-0.056012770107584674,-0.8087475299835205,-0.4940440356731415,-0.25089192390441895,-0.8087475299835205,-0.4940440356731415,-0.25089192390441895,0.41475148200988765,-0.1729154124855995,-0.06272298097610474,-0.009102069523523078,0.20000000000004547,,none,0.0009108773154054006,0.0,-0.010000000000002274,-1.2946838926204407e-05
R02_deeper_empty,694,139.79999999999754,81.55393539391625,48.9327040959523,16.894475871179235,-1.728539664698546,-0.09619720687025614,0.44019798411287797,-0.17976572171746083,-0.058168855792067854,-0.8140437006950378,-0.4824010729789734,-0.25024911761283875,-0.8140437006950378,-0.4824010729789734,-0.25024911761283875,0.41157377958297725,-0.16884037554264067,-0.06256227940320969,-0.00834797764297033,0.20000000000004547,,none,0.0016553027811205823,0.0,-0.010000000000002274,-3.28042408863638e-06
R02_deeper_empty,695,139.99999999999758,81.53877171261357,48.847183415023004,16.90336987413958,-1.7639185186062378,-0.10795683807352945,0.433263330173825,-0.1744253239015433,-0.05933924392110472,-0.8186185359954834,-0.4672664999961853,-0.24689650535583496,-0.8186185359954834,-0.4672664999961853,-0.24689650535583496,0.4088288784027099,-0.16354327499866483,-0.06172412633895874,-0.007585956006750384,0.20000000000004547,,none,0.002419268481778758,0.0,-0.010000000000002274,-5.224488526867077e-06
R02_deeper_empty,696,140.19999999999763,81.52093260339801,48.76362288341652,16.913143644551685,-1.7982099048681488,-0.11985864013804563,0.4270785790469268,-0.1689046339067888,-0.059654979675399844,-0.8245226144790649,-0.45044344663619995,-0.24119339883327484,-0.8245226144790649,-0.45044344663619995,-0.24119339883327484,0.40528643131256104,-0.15765520632266997,-0.06029834970831871,-0.006820773715272713,0.20000000000004547,,none,0.003186234258551579,0.0,-0.010000000000002274,-7.0079738220174546e-06
R02_deeper_empty,697,140.39999999999768,81.5005939116479,48.68194964643118,16.923786872365515,-1.8313571202509404,-0.13169006819883275,0.4215981228742108,-0.16301167320632276,-0.05872908569343214,-0.8295207023620605,-0.431439071893692,-0.22736962139606476,-0.8295207023620605,-0.431439071893692,-0.22736962139606476,0.40228757858276365,-0.1510036751627922,-0.05684240534901619,-0.006071170433876567,0.20000000000004547,,none,0.0039403744454151735,0.0,-0.010000000000002274,-1.1544879289466792e-05
R02_deeper_empty,698,140.59999999999772,81.47792432608124,48.6020975653401,16.93527386437628,-1.8633068214539497,-0.14329335801030665,0.4166581384199115,-0.15694275411767983,-0.05740370644365704,-0.8345800638198853,-0.41307488083839417,-0.2188120037317276,-0.8345800638198853,-0.41307488083839417,-0.2188120037317276,0.3992519617080688,-0.14457620829343795,-0.0547030009329319,-0.005343981797284273,0.20000000000004547,,none,0.0046647396721493095,0.0,-0.010000000000002274,-8.721469431307582e-06
R02_deeper_empty,699,140.79999999999777,81.45309131808078,48.5240314385643,16.947569031435677,-1.8941009140899157,-0.1546050231361383,0.41197833856664345,-0.1514148138828266,-0.055831446286102385,-0.8408517837524414,-0.4004303216934204,-0.21051070094108582,-0.8408517837524414,-0.4004303216934204,-0.21051070094108582,0.3954889297485351,-0.14015061259269712,-0.052627675235271454,-0.0046544825454547705,0.20000000000004547,,none,0.005350880074045605,0.0,-0.010000000000002274,-5.362619498101573e-06
R02_deeper_empty,700,140.9999999999978,81.42625426570658,48.447739204887135,16.96062910347249,-1.923863926881317,-0.1655208221533332,0.407489425388313,-0.14657973464058502,-0.053502106552493864,-0.8472123146057129,-0.39064961671829224,-0.1950225830078125,-0.8472123146057129,-0.39064961671829224,-0.1950225830078125,0.39167261123657227,-0.13672736585140227,-0.048755645751953125,-0.00401368889917885,0.20000000000004547,,none,0.005993831107616643,0.0,-0.010000000000002274,-7.52000679321796e-06
R02_deeper_empty,701,141.19999999999786,81.39755708031231,48.37320785119583,16.974401390945584,-1.9526925753940285,-0.17590357481577013,0.40318203366930055,-0.14204828638530395,-0.0505480664909867,-0.8533253073692322,-0.3794703483581543,-0.178114652633667,-0.8533253073692322,-0.3794703483581543,-0.178114652633667,0.38800481557846067,-0.13281462192535398,-0.04452866315841675,-0.003423549604286365,0.20000000000004547,,none,0.006585414852338545,0.0,-0.010000000000002274,-8.964456622635452e-06
R02_deeper_empty,702,141.3999999999979,81.36711958367769,48.30038766155425,16.98883042062909,-1.9805926161475782,-0.1855979013900124,0.39935959604274884,-0.137309299281471,-0.04668626386406665,-0.8568481206893921,-0.3647221028804779,-0.15526850521564484,-0.8568481206893921,-0.3647221028804779,-0.15526850521564484,0.38589112758636473,-0.12765273600816726,-0.03881712630391121,-0.0028953462169835705,0.20000000000004547,,none,0.007119691131222794,0.0,-0.010000000000002274,-1.5037348204089973e-05
R02_deeper_empty,703,141.59999999999795,81.3350304884746,48.229167832373065,17.00386038422061,-2.007486121057564,-0.1943759180149144,0.39628831925835933,-0.1320240963167012,-0.041485857733803866,-0.8575556874275208,-0.34644147753715515,-0.12355627119541168,-0.8575556874275208,-0.34644147753715515,-0.12355627119541168,0.3854665875434875,-0.1212545171380043,-0.03088906779885292,-0.0024379538242985184,0.20000000000004547,,none,0.0075888531297074735,0.0,-0.010000000000002274,-2.6806954003717465e-05
R02_deeper_empty,704,141.799999999998,81.30138732303968,48.15945384616557,17.019412714496944,-2.0331118933424213,-0.2019044570553561,0.3934110080025947,-0.12477964207711156,-0.03433824895938942,-0.8612121343612671,-0.314336359500885,-0.07909469306468964,-0.8612121343612671,-0.314336359500885,-0.07909469306468964,0.3832727193832397,-0.11001772582530975,-0.01977367326617241,-0.0020913517044041548,0.20000000000004547,,none,0.007969067098361649,0.0,-0.010000000000002274,-6.0418802763528845e-05
R02_deeper_empty,705,141.99999999999804,81.2663359073269,48.09120310708319,17.035365849818053,-2.0570401725864156,-0.20774127435667622,0.39041040706152547,-0.11522340528731258,-0.024752410091154652,-0.8669371604919434,-0.27357372641563416,-0.020877957344055176,-0.8669371604919434,-0.27357372641563416,-0.020877957344055176,0.37983770370483394,-0.09575080424547194,-0.005219489336013794,-0.0018823771323610446,0.20000000000004547,,none,0.008219293997605348,0.0,-0.010000000000002274,-0.0001016711299641182
R02_deeper_empty,706,142.19999999999808,81.23005035196951,48.02434940008505,17.051562549236433,-2.0785945528391117,-0.21139207916898023,0.3874565926060011,-0.101364913718077,-0.012666550952205312,-0.8715854287147522,-0.20893049240112305,0.047842495143413544,-0.8715854287147522,-0.20893049240112305,0.047842495143413544,0.37704874277114864,-0.07312567234039306,0.011960623785853386,-0.0018811861231438894,0.20000000000004547,,none,0.008297270970686554,0.0,-0.010000000000002274,-0.00017845709382816933
R02_deeper_empty,707,142.39999999999813,81.19275835626196,47.95880099746592,17.067811919691728,-2.0968140088621965,-0.21258111665511129,0.3841567635278888,-0.08226891467368311,-0.00016599275626646027,-0.8791171312332153,-0.12387795001268387,0.10122483223676682,-0.8791171312332153,-0.12387795001268387,0.10122483223676682,0.3725297212600708,-0.04335728250443935,0.025306208059191704,-0.002043003434054837,0.20000000000004547,,none,0.008159803274409683,0.0,-0.010000000000002274,-0.00020280670846224537
R02_deeper_empty,708,142.59999999999818,81.15482282887065,47.894583306608496,17.08388710869868,-2.111260439946109,-0.2116261679198987,0.37907130398621386,-0.06360230145562372,0.00902291111794145,-0.8980790972709656,-0.07304463535547256,0.11098801344633102,-0.8980790972709656,-0.07304463535547256,0.11098801344633102,0.3611525416374206,-0.025565622374415398,0.027747003361582756,-0.0022803415514224853,0.20000000000004547,,none,0.007780436483427522,0.0,-0.010000000000002274,-6.07780348477327e-05
R02_deeper_empty,709,142.79999999999822,81.11660167543472,47.83173174889085,17.09960693684391,-2.1226126477252554,-0.20921917361841458,0.3734145823511496,-0.05087875206130053,0.014624815563021202,-0.9108617305755615,-0.07129190117120743,0.1041589304804802,-0.9108617305755615,-0.07129190117120743,0.1041589304804802,0.3534829616546631,-0.024952165409922598,0.02603973262012005,-0.002792542809240502,0.20000000000004547,,none,0.007211719274071271,0.0,-0.010000000000002274,-4.262083309498621e-06
R02_deeper_empty,710,142.99999999999827,81.07825863147758,47.770117129892625,17.11489796206911,-2.1320606142304555,-0.2060046240742142,0.36846558072715846,-0.044110999465339015,0.017317715619174584,-0.9149539470672607,-0.08662986010313034,0.09121999144554138,-0.9149539470672607,-0.08662986010313034,0.09121999144554138,0.3510276317596435,-0.030320451036095618,0.022804997861385345,-0.003458077702176927,0.20000000000004547,,none,0.006550310605092591,0.0,-0.010000000000002274,-8.388307267243045e-06
R02_deeper_empty,711,143.1999999999983,81.03979700199189,47.70952609994109,17.129764346499066,-2.1406621242293347,-0.20248383612546153,0.36462797461192764,-0.04205877683467743,0.017850042328633374,-0.9148232340812683,-0.10821998119354248,0.07573902606964111,-0.9148232340812683,-0.10821998119354248,0.07573902606964111,0.351106059551239,-0.03787699341773987,0.01893475651741028,-0.004145429385328809,0.20000000000004547,,none,0.005868686828744529,0.0,-0.010000000000002274,-1.4116214071063783e-05
R02_deeper_empty,712,143.39999999999836,81.00114587570928,47.64976787208385,17.144244485666025,-2.14922666010821,-0.1989796175313029,0.3617750880052057,-0.04347950171779894,0.017238254173147356,-0.9137952327728271,-0.13249854743480682,0.06396649032831192,-0.9137952327728271,-0.13249854743480682,0.06396649032831192,0.3517228603363037,-0.046374491602182384,0.01599162258207798,-0.004807904215256344,0.20000000000004547,,none,0.00520667774800998,0.0,-0.010000000000002274,-1.4581963264049813e-05
R02_deeper_empty,713,143.5999999999984,80.96220209656062,47.5907045724231,17.15838653600295,-2.1583841523734515,-0.1956511511233184,0.3597842067177112,-0.047771902107436,0.01612994344382255,-0.9120512008666992,-0.1614813208580017,0.05548622086644173,-0.9120512008666992,-0.1614813208580017,0.05548622086644173,0.35276927947998044,-0.056518462300300595,0.013871555216610432,-0.00543568970367453,0.20000000000004547,,none,0.00458260945178246,0.0,-0.010000000000002274,-1.8299155454715444e-05
R02_deeper_empty,714,143.79999999999845,80.92285328484151,47.532261710510895,17.17223887807133,-2.168583863760784,-0.19272285792006327,0.35832541220980996,-0.05377291460164937,0.0133616362920468,-0.9113578200340271,-0.18857453763484955,0.03088279254734516,-0.9113578200340271,-0.18857453763484955,0.03088279254734516,0.35318530797958375,-0.06600108817219734,0.00772069813683629,-0.006019936445772923,0.20000000000004547,,none,0.004006860591376338,0.0,-0.010000000000002274,-2.6797037146986182e-05
R02_deeper_empty,715,143.9999999999985,80.88300067334679,47.47443668952343,17.185860022888935,-2.180182403331571,-0.1906333425832581,0.35710286209224007,-0.06162097191179625,0.007941996125329781,-0.9120080471038818,-0.22175097465515137,-0.012406094931066036,-0.9120080471038818,-0.22175097465515137,-0.012406094931066036,0.3527951717376709,-0.07761284112930297,-0.003101523732766509,-0.006558417811857632,0.20000000000004547,,none,0.0035010827190991023,0.0,-0.010000000000002274,-5.950053095445942e-05
R02_deeper_empty,716,144.19999999999854,80.84254051391525,47.41727173810322,17.199338747616885,-2.193683750433699,-0.18994552265420522,0.3561463628052557,-0.07256746069475502,-0.00043260217141083065,-0.9120398163795471,-0.2710655927658081,-0.06998958438634872,-0.9120398163795471,-0.2710655927658081,-0.06998958438634872,0.35277611017227173,-0.09487295746803283,-0.01749739609658718,-0.007011326789045656,0.20000000000004547,,none,0.003103629027487287,0.0,-0.010000000000002274,-0.00011495581653066884
R02_deeper_empty,717,144.39999999999858,80.80135354625575,47.360864158079664,17.212802330659642,-2.209879618212294,-0.19138788715932778,0.35520321396684634,-0.08821207991776056,-0.013040763936369474,-0.9135333299636841,-0.343116819858551,-0.15492890775203705,-0.9135333299636841,-0.343116819858551,-0.15492890775203705,0.35188000202178954,-0.12009088695049285,-0.03873222693800926,-0.007383303315473377,0.20000000000004547,,none,0.002864862655773237,0.0,-0.010000000000002274,-0.00024816597124433957
R02_deeper_empty,718,144.59999999999863,80.75926899471673,47.3053472399808,17.226440926701706,-2.2297751205003813,-0.1959479125109073,0.3547079873671465,-0.10916380822408608,-0.031191468404986277,-0.9117282629013062,-0.4338766634464264,-0.2727075517177582,-0.9117282629013062,-0.4338766634464264,-0.2727075517177582,0.3529630422592163,-0.15185683220624924,-0.06817688792943954,-0.007584876414741424,0.20000000000004547,,none,0.0028573719142528375,0.0,-0.010000000000002274,-0.00044224832899198764
R02_deeper_empty,719,144.79999999999868,80.71602632088307,47.25086133473798,17.240536842826213,-2.254572378791976,-0.2048438975000822,0.35503725273812115,-0.13673102932133208,-0.055905668699463625,-0.9063376188278198,-0.5511552691459656,-0.4250617027282715,-0.9063376188278198,-0.5511552691459656,-0.4250617027282715,0.3561974287033081,-0.19290434420108793,-0.10626542568206787,-0.0075631312602194006,0.20000000000004547,,none,0.0031767710943526595,0.0,-0.010000000000002274,-0.0007399023545697858
R02_deeper_empty,720,144.99999999999872,80.6709936260134,47.19723147024584,17.255541037917148,-2.284995165245783,-0.2178915609715009,0.3609029520127182,-0.16534053286978792,-0.07326275960712066,-0.8640484809875488,-0.638964831829071,-0.43452417850494385,-0.8640484809875488,-0.638964831829071,-0.43452417850494385,0.3815709114074707,-0.22363769114017484,-0.10863104462623596,-0.00626580624598546,0.20000000000004547,,none,0.00392596233253073,0.0,-0.010000000000002274,-0.0001917685785139156
R02_deeper_empty,721,145.19999999999877,80.62352023660412,47.144341661599725,17.271851956045353,-2.3202367163663564,-0.2336018505536998,0.3679888725408628,-0.18555166261564057,-0.08309879298201422,-0.8450728058815002,-0.6478159427642822,-0.4125661253929138,-0.8450728058815002,-0.6478159427642822,-0.4125661253929138,0.39295631647109985,-0.22673557996749877,-0.10314153134822845,-0.00496435247433702,0.20000000000004547,,none,0.005054059015805024,0.0,-0.010000000000002274,-1.8411490139769172e-05
R02_deeper_empty,722,145.3999999999988,80.57339397520225,47.092482019614266,17.289655310754068,-2.358476660281467,-0.2503848132063956,0.37464736031633655,-0.1960560587095231,-0.08461644769371247,-0.8364854454994202,-0.6213163137435913,-0.35083580017089844,-0.8364854454994202,-0.6213163137435913,-0.35083580017089844,0.39810873270034786,-0.21746070981025695,-0.08770895004272461,-0.003668659657697618,0.20000000000004547,,none,0.006423072465276292,0.0,-0.010000000000002274,-9.173212297163503e-05
R02_deeper_empty,723,145.59999999999886,80.52058517316438,47.041942802998896,17.30900540080968,-2.397778546908045,-0.2670083176220587,0.38122914605482616,-0.19689925568074704,-0.08182870874363482,-0.8259662389755249,-0.567478358745575,-0.30459269881248474,-0.8259662389755249,-0.567478358745575,-0.30459269881248474,0.40442025661468506,-0.19861742556095122,-0.07614817470312119,-0.0022061736253004413,0.20000000000004547,,none,0.00789677844525194,0.0,-0.010000000000002274,-0.00010295207055010635
R02_deeper_empty,724,145.7999999999989,80.46506868191095,46.99283802239881,17.32991971771347,-2.4368190031481665,-0.28275186090580867,0.38858925612300477,-0.19374318055134926,-0.07604280823704028,-0.8091286420822144,-0.5351774096488953,-0.25701186060905457,-0.8091286420822144,-0.5351774096488953,-0.25701186060905457,0.4145228147506714,-0.18731209337711333,-0.06425296515226364,-0.0006777609956433401,0.20000000000004547,,none,0.009394054847275513,0.0,-0.010000000000002274,-7.181584291657828e-05
R02_deeper_empty,725,145.99999999999895,80.40669500618226,46.945114135720786,17.352435355662198,-2.47552143471506,-0.29731362588110116,0.39791393448695916,-0.1933135187858934,-0.0700281659588796,-0.7820504903793335,-0.5498228669166565,-0.23108887672424316,-0.7820504903793335,-0.5498228669166565,-0.23108887672424316,0.4307697057723999,-0.19243800342082976,-0.05777221918106079,0.0008586311926090488,0.20000000000004547,,none,0.010891025528845688,0.0,-0.010000000000002274,-3.239433623436483e-05
R02_deeper_empty,726,146.199999999999,80.34518650447588,46.89867821702787,17.37662976546207,-2.5141986823730047,-0.3107860062178034,0.4093679781948405,-0.19344876431854496,-0.06506938168346638,-0.7504556179046631,-0.5534981489181519,-0.2198597639799118,-0.7504556179046631,-0.5534981489181519,-0.2198597639799118,0.44972662925720214,-0.19372435212135314,-0.05496494099497795,0.002389496396101793,0.20000000000004547,,none,0.01241225312885419,0.0,-0.010000000000002274,-2.2756732750122132e-05
R02_deeper_empty,727,146.39999999999904,80.2802362122369,46.85348652302194,17.40260379273859,-2.553101634894323,-0.3233049772534187,0.4228427486716605,-0.19543133431252974,-0.060467196057166585,-0.7161308526992798,-0.5699176788330078,-0.2043575644493103,-0.7161308526992798,-0.5699176788330078,-0.2043575644493103,0.4703214883804321,-0.19947118759155272,-0.051089391112327576,0.003949717644633845,0.20000000000004547,,none,0.013983479817822442,0.0,-0.010000000000002274,-3.376217318632247e-05
R02_deeper_empty,728,146.59999999999908,80.21156265390414,46.80959466736673,17.430453741409018,-2.592655713262957,-0.33499178507663496,0.43779356069064124,-0.19978157138744165,-0.056685880468145315,-0.6825447082519531,-0.5961313843727112,-0.19592300057411194,-0.6825447082519531,-0.5961313843727112,-0.19592300057411194,0.49047317504882815,-0.2086459845304489,-0.048980750143527985,0.0055785782121638575,0.20000000000004547,,none,0.015616304798660607,0.0,-0.010000000000002274,-3.772658649447536e-05
R02_deeper_empty,729,146.79999999999913,80.1392383577239,46.7673556083458,17.460136557666985,-2.6335134435728986,-0.34597126967287173,0.4502700715256022,-0.20816395059986426,-0.05335966297893414,-0.6762809753417969,-0.6435559988021851,-0.1863275170326233,-0.6762809753417969,-0.6435559988021851,-0.1863275170326233,0.49423141479492183,-0.22524459958076476,-0.04658187925815582,0.007201614694947746,0.20000000000004547,,none,0.017249222729113,0.0,-0.010000000000002274,-4.7608034162980315e-05
R02_deeper_empty,730,146.99999999999918,80.0637614363525,46.72740329950532,17.491430169560964,-2.676302801261133,-0.3563356285430655,0.4589035912296463,-0.2189190155120917,-0.05049949685044687,-0.684459924697876,-0.6880984306335449,-0.1786855161190033,-0.684459924697876,-0.6880984306335449,-0.1786855161190033,0.48932404518127437,-0.2408344507217407,-0.044671379029750824,0.008753479579274791,0.20000000000004547,,none,0.018795666051756754,0.0,-0.010000000000002274,-4.218647247968832e-05
R02_deeper_empty,731,147.19999999999922,79.98555729982952,46.69030330849762,17.524140446991286,-2.7213113906823954,-0.36608738704782995,0.46614782453582415,-0.23030845502627137,-0.047262091870470535,-0.6805448532104492,-0.7243329882621765,-0.1626611202955246,-0.6805448532104492,-0.7243329882621765,-0.1626611202955246,0.49167308807373045,-0.25351654589176176,-0.04066528007388115,0.010250405863845303,0.20000000000004547,,none,0.020282106908103614,0.0,-0.010000000000002274,-3.1701044256036146e-05
R02_deeper_empty,732,147.39999999999927,79.90474380513558,46.65643958758613,17.558194326055027,-2.768594226593785,-0.37500538774364256,0.47363985048514134,-0.24166403259314084,-0.04229247575993137,-0.6666029691696167,-0.7565803527832031,-0.12866385281085968,-0.6666029691696167,-0.7565803527832031,-0.12866385281085968,0.5000382184982299,-0.26480312347412105,-0.03216596320271492,0.011735448914689623,0.20000000000004547,,none,0.021783250571603574,0.0,-0.010000000000002274,-4.7801656911676814e-05
R02_deeper_empty,733,147.5999999999993,79.82131768353683,46.62613943280791,17.593548080291562,-2.8181502935089378,-0.3827732971355887,0.48147364879746635,-0.2530392823668838,-0.0358706333354065,-0.6515395641326904,-0.7891955971717834,-0.0911397635936737,-0.6515395641326904,-0.7891955971717834,-0.0911397635936737,0.5090762615203858,-0.2762184590101242,-0.022784940898418427,0.013258358511170125,0.20000000000004547,,none,0.023312332863360652,0.0,-0.010000000000002274,-5.3974352188252976e-05
R02_deeper_empty,734,147.79999999999936,79.73533557651612,46.599760812980286,17.63011401564747,-2.8700173730770544,-0.3891863329002076,0.4891223460951696,-0.2647489537207636,-0.028793154868331124,-0.6398787498474121,-0.8245987892150879,-0.05748593062162399,-0.6398787498474121,-0.8245987892150879,-0.05748593062162399,0.5160727500915527,-0.2886095762252807,-0.014371482655405998,0.014787493625385605,0.20000000000004547,,none,0.024837932446795108,0.0,-0.010000000000002274,-5.043882140722933e-05
R02_deeper_empty,735,147.9999999999994,79.6472100154724,46.57775919985461,17.667644264445006,-2.924230002011024,-0.394068359513475,0.49355362985527373,-0.2764922422910415,-0.020641502464137852,-0.6513876914978027,-0.8583467602729797,-0.01612400822341442,-0.6513876914978027,-0.8583467602729797,-0.01612400822341442,0.5091673851013183,-0.3004213660955429,-0.004031002055853605,0.016191415079696465,0.20000000000004547,,none,0.02625105887795698,0.0,-0.010000000000002274,-5.964379825823825e-05
R02_deeper_empty,736,148.19999999999945,79.55769655482293,46.560606619473326,17.705737140051042,-2.9807206443155505,-0.39729571256701124,0.4943375619448974,-0.2875786003707392,-0.012263480757504656,-0.6715003848075867,-0.8861974477767944,0.019233155995607376,-0.6715003848075867,-0.8861974477767944,0.019233155995607376,0.49709976911544795,-0.31016910672187803,0.004808288998901844,0.017389850475198455,0.20000000000004547,,none,0.027438456680965118,0.0,-0.010000000000002274,-4.860620576438886e-05
R02_deeper_empty,737,148.3999999999995,79.46749057669241,46.54865002353236,17.744023641199572,-3.039312225161055,-0.3988222105004648,0.49305067829067845,-0.29758316279319447,-0.003650648935096806,-0.685806155204773,-0.9084837436676025,0.05559835955500603,-0.685806155204773,-0.9084837436676025,0.05559835955500603,0.4885163068771362,-0.3179693102836609,0.013899589888751507,0.018372524744014223,0.20000000000004547,,none,0.02841299998563862,0.0,-0.010000000000002274,-4.047524162212324e-05
R02_deeper_empty,738,148.59999999999954,79.37702854203104,46.54210442427767,17.782258490635545,-3.099770408146061,-0.39867368787005664,0.49142801218153187,-0.30633875670019756,0.00452004860479944,-0.690482497215271,-0.9262282848358154,0.08467742800712585,-0.690482497215271,-0.9262282848358154,0.08467742800712585,0.4857105016708374,-0.32417989969253536,0.021169357001781464,0.019231471838953716,0.20000000000004547,,none,0.029255118421714243,0.0,-0.010000000000002274,-2.364658275825243e-05
R02_deeper_empty,739,148.79999999999959,79.28671970066922,46.541114838891055,17.82023326162614,-3.1618260748012688,-0.39701334070651684,0.4885642546430472,-0.31366567869984113,0.011553324060310791,-0.7025437951087952,-0.9388446807861328,0.10353969782590866,-0.7025437951087952,-0.9388446807861328,0.10353969782590866,0.4784737229347229,-0.3285956382751465,0.025884924456477165,0.01997158995563544,0.20000000000004547,,none,0.029984798627165077,0.0,-0.010000000000002274,-1.3208671527361603e-05
R02_deeper_empty,740,148.99999999999963,79.19707078960703,46.545760651157174,17.857726876917326,-3.2252050111322137,-0.3938624990730291,0.48459822964675847,-0.31967105829625214,0.019366232272636806,-0.7156269550323486,-0.9483089447021484,0.14114591479301453,-0.7156269550323486,-0.9483089447021484,0.14114591479301453,0.4706238269805908,-0.3319081306457519,0.03528647869825363,0.020549959764389305,0.20000000000004547,,none,0.030583459142784264,0.0,-0.010000000000002274,-3.349937839268624e-05
R02_deeper_empty,741,149.19999999999968,79.10865316247062,46.55603618954061,17.894493193557842,-3.2896543284272806,-0.3891094115768149,0.4788748552531311,-0.3244610893345511,0.02754798297658141,-0.7354860305786133,-0.9549190402030945,0.17687925696372986,-0.7354860305786133,-0.9549190402030945,0.17687925696372986,0.458708381652832,-0.33422166407108306,0.044219814240932465,0.020980787917031164,0.20000000000004547,,none,0.031015086876768905,0.0,-0.010000000000002274,-3.429895973546593e-05
R02_deeper_empty,742,149.39999999999972,79.02201523515303,46.57185359640819,17.930298093437187,-3.3549467027159,-0.38274076754879804,0.4722735817270379,-0.32818219340890825,0.03553637133789839,-0.7516436576843262,-0.9593275189399719,0.2072567641735077,-0.7516436576843262,-0.9593275189399719,0.2072567641735077,0.4490138053894043,-0.3357646316289902,0.05181419104337692,0.02124957974190849,0.20000000000004547,,none,0.03127364567276558,0.0,-0.010000000000002274,-2.4065930854817453e-05
R02_deeper_empty,743,149.59999999999977,78.93764022432032,46.5930574556202,17.964944406360043,-3.4208958104756273,-0.3748105997490754,0.4646598169189898,-0.33108974184933837,0.043188560104831714,-0.7702791690826416,-0.962898313999176,0.23512524366378784,-0.7702791690826416,-0.962898313999176,0.23512524366378784,0.43783249855041506,-0.3370144098997116,0.05878131091594696,0.021352908959872376,0.20000000000004547,,none,0.031375642660105285,0.0,-0.010000000000002274,-2.2733700230634924e-05
R02_deeper_empty,744,149.7999999999998,78.85588452827186,46.61946517637318,17.998297728653387,-3.487356793394012,-0.3653820952081836,0.4574398418551538,-0.3333497501851613,0.05054223758749361,-0.7799999117851257,-0.9655855298042297,0.26210686564445496,-0.7799999117851257,-0.9655855298042297,0.26210686564445496,0.4320000529289245,-0.33795493543148036,0.06552671641111374,0.021348656893782642,0.20000000000004547,,none,0.031365251331628485,0.0,-0.010000000000002274,-1.6594437843568955e-05
R02_deeper_empty,745,149.99999999999986,78.7768914448129,46.650933901101126,18.030318109723233,-3.5541803915136656,-0.3545180330481469,0.45157653661993447,-0.33477854271538543,0.057568791635988485,-0.7818049788475037,-0.9648284912109375,0.2875467836856842,-0.7818049788475037,-0.9648284912109375,0.2875467836856842,0.4309170126914978,-0.3376899719238281,0.07188669592142105,0.02130945586416374,0.20000000000004547,,none,0.03132247628025553,0.0,-0.010000000000002274,-1.3020416089517539e-05
R02_deeper_empty,746,150.1999999999999,78.70074525449307,46.687346861391035,18.060995778978857,-3.6211994401819574,-0.3423492802894701,0.44685814639353105,-0.33536755037643723,0.06365966589272858,-0.7829453945159912,-0.9616221785545349,0.3042837977409363,-0.7829453945159912,-0.9616221785545349,0.3042837977409363,0.4302327632904053,-0.3365677624940872,0.07607094943523407,0.02126690520968401,0.20000000000004547,,none,0.03127273938225095,0.0,-0.010000000000002274,-5.834172564664897e-06
R02_deeper_empty,747,150.39999999999995,78.62761618169579,46.7285509461042,18.090293708232124,-3.6882373631405345,-0.32891633308657886,0.4425354944015605,-0.33503662137517604,0.07017848203725423,-0.7878258228302002,-0.9553208351135254,0.3338471055030823,-0.7878258228302002,-0.9553208351135254,0.3338471055030823,0.4273045063018799,-0.33436229228973385,0.08346177637577057,0.021165769853640555,0.20000000000004547,,none,0.03118452014715345,0.0,-0.010000000000002274,-1.8750293510620964e-05
R02_deeper_empty,748,150.6,78.55780784335138,46.77429517475871,18.118109690609273,-3.755136043533981,-0.3140791173926061,0.4375858778055929,-0.33402632847844954,0.07763190904965349,-0.7997570633888245,-0.9484790563583374,0.3712785840034485,-0.7997570633888245,-0.9484790563583374,0.3712785840034485,0.4201457619667053,-0.3319676697254181,0.09281964600086212,0.020950251608731135,0.20000000000004547,,none,0.03098205720914393,0.0,-0.010000000000002274,-3.1805600410521605e-05
R02_deeper_empty,749,150.80000000000004,78.49162485993968,46.8242799810817,18.144317036663416,-3.8217568991253392,-0.29756449476071223,0.4325938798775815,-0.33231147610234363,0.08682168272202302,-0.8083259463310242,-0.9394775629043579,0.42219018936157227,-0.8083259463310242,-0.9394775629043579,0.42219018936157227,0.4150044322013855,-0.32881714701652526,0.10554754734039307,0.02057528211825293,0.20000000000004547,,none,0.030630211002243612,0.0,-0.010000000000002274,-5.49288839884099e-05
R02_deeper_empty,750,151.00000000000009,78.42938474545521,46.87812959680601,18.16875236870202,-3.887907359143436,-0.27915085443723,0.4263728498292863,-0.32941168197404713,0.09657928838754319,-0.8259118795394897,-0.9242937564849854,0.4658488631248474,-0.8259118795394897,-0.9242937564849854,0.4658488631248474,0.4044528722763061,-0.32350281476974485,0.11646221578121185,0.020027946119427823,0.20000000000004547,,none,0.03007686397580933,0.0,-0.010000000000002274,-4.8917856379233626e-05
R02_deeper_empty,751,151.20000000000013,78.37135459085329,46.93542068228754,18.19125486578138,-3.953117089694266,-0.25887490765554577,0.42000984165003635,-0.3231570370135155,0.10550727575316797,-0.8373506665229797,-0.8868915438652039,0.49479880928993225,-0.8373506665229797,-0.8868915438652039,0.49479880928993225,0.39758960008621214,-0.31041204035282133,0.12369970232248306,0.01926011370972125,0.20000000000004547,,none,0.02930747112451293,0.0,-0.010000000000002274,-4.735741478940625e-05
R02_deeper_empty,752,151.40000000000018,78.31765518410968,46.9957354104974,18.211709928454596,-4.0164075959944245,-0.23681740922936484,0.4134957318452733,-0.31068783175954207,0.114397640457813,-0.8490948677062988,-0.8150843381881714,0.5300536155700684,-0.8490948677062988,-0.8150843381881714,0.5300536155700684,0.3905430793762207,-0.28527951836585996,0.1325134038925171,0.01821753213687378,0.20000000000004547,,none,0.028348274185164613,0.0,-0.010000000000002274,-0.00013074204828855684
R02_deeper_empty,753,151.60000000000022,78.26824848814952,47.05863870999935,18.230027970492582,-4.075947305945409,-0.21300443783281267,0.40748589281697156,-0.2865300436706221,0.12307784524008704,-0.8561499118804932,-0.6780116558074951,0.5630614757537842,-0.8561499118804932,-0.6780116558074951,0.5630614757537842,0.38631005287170406,-0.23730407953262328,0.14076536893844604,0.01679473508989666,0.20000000000004547,,none,0.027193299344643762,0.0,-0.010000000000002274,-0.0003985642547448265
R02_deeper_empty,754,151.80000000000027,78.2228623850339,47.12368566882848,18.246152432185287,-4.128976225453079,-0.18782754011947048,0.4022484514039498,-0.2467568617759864,0.1282977099486718,-0.8603430390357971,-0.4734618365764618,0.5557366013526917,-0.8603430390357971,-0.4734618365764618,0.5557366013526917,0.3837941765785217,-0.16571164280176162,0.1389341503381729,0.014992413308150229,0.20000000000004547,,none,0.02583065060110812,0.0,-0.010000000000002274,-0.0008382372929556148
R02_deeper_empty,755,152.0000000000003,78.18085440688043,47.19062208948569,18.260117169758182,-4.173044649965629,-0.1618122376621677,0.40042401195326244,-0.1976300761606926,0.13160597055263618,-0.8433407545089722,-0.27864331007003784,0.5533886551856995,-0.8433407545089722,-0.27864331007003784,0.5533886551856995,0.39399554729461667,-0.09752515852451324,0.13834716379642487,0.01356482985342522,0.20000000000004547,,none,0.024329806829436862,0.0,-0.010000000000002274,-0.0007649769760093684
R02_deeper_empty,756,152.20000000000036,78.14129868252702,47.25945691549249,18.27199503997171,-4.206381737149564,-0.13506917725647072,0.402288140651665,-0.14007846852260533,0.1355289574263313,-0.8185725808143616,-0.06516119092702866,0.5740910768508911,-0.8185725808143616,-0.06516119092702866,0.5740910768508911,0.40885645151138306,-0.022806416824460028,0.14352276921272278,0.011803210295740304,0.20000000000004547,,none,0.022735543653437773,0.0,-0.010000000000002274,-0.0009323333576951953
R02_deeper_empty,757,152.4000000000004,78.10343304261924,47.32984234372181,18.281760864787167,-4.229551506524709,-0.10817885447804797,0.4029104122343896,-0.09501561862745471,0.1335252872627811,-0.8248283267021179,-0.009119206108152866,0.5177697539329529,-0.8248283267021179,-0.009119206108152866,0.5177697539329529,0.4051030039787292,-0.003191722137853503,0.12944243848323822,0.010745700425464752,0.20000000000004547,,none,0.020872739022152587,0.0,-0.010000000000002274,-0.0001270385966855592
R02_deeper_empty,758,152.60000000000045,78.06701430050468,47.4009229833285,18.289407631362664,-4.248121299611803,-0.08334862761707723,0.3996003835605857,-0.0909860234076679,0.11609100563041633,-0.8534376621246338,-0.23649993538856506,0.3222617208957672,-0.8534376621246338,-0.23649993538856506,0.3222617208957672,0.3879374027252197,-0.08277497738599776,0.0805654302239418,0.006906752319423759,0.20000000000004547,,none,0.01872162994149562,0.0,-0.010000000000002274,-0.001814877622069588
R02_deeper_empty,759,152.8000000000005,78.03248560042421,47.47159784187419,18.29512446845191,-4.268646450344175,-0.062499852800045455,0.3895586615258009,-0.11263388175680455,0.09405741722806131,-0.9097060561180115,-0.447843998670578,0.19663961231708527,-0.9097060561180115,-0.447843998670578,0.19663961231708527,0.3541763663291931,-0.1567453995347023,0.049159903079271317,0.005284747176497748,0.20000000000004547,,none,0.016557014364718015,0.0,-0.010000000000002274,-0.0012722671882179925
R02_deeper_empty,760,153.00000000000054,78.00015660158145,47.54183983409687,18.299298815319712,-4.294728163741491,-0.04621945733487634,0.3850543681717395,-0.1456916811775375,0.07052051694203498,-0.8846943974494934,-0.6087230443954468,0.09023890644311905,-0.8846943974494934,-0.6087230443954468,0.09023890644311905,0.36918336153030396,-0.21305306553840636,0.022559726610779762,0.00407859379393291,0.20000000000004547,,none,0.014835169006598647,0.0,-0.010000000000002274,-0.0007565752126634629
R02_deeper_empty,761,153.20000000000059,77.96977712349596,47.613344286286065,18.30240935346584,-4.327838072374891,-0.034773751570696176,0.39217447763906,-0.1826238242836631,0.045799748527228165,-0.8045626878738403,-0.7367997169494629,-0.01829356886446476,-0.8045626878738403,-0.7367997169494629,-0.01829356886446476,0.41726238727569576,-0.257879900932312,-0.00457339221611619,0.003248305159916063,0.20000000000004547,,none,0.013940385622486673,0.0,-0.010000000000002274,-0.0006920804625683353
R02_deeper_empty,762,153.40000000000063,77.94101474770197,47.68865418010121,18.304913370651885,-4.368357056630829,-0.028328845916744474,0.41342237815734895,-0.219766564656979,0.02055221797675197,-0.6861833930015564,-0.8441479206085205,-0.12357719242572784,-0.6861833930015564,-0.8441479206085205,-0.12357719242572784,0.4882899641990661,-0.29545177221298213,-0.03089429810643196,0.0032475056255822465,0.20000000000004547,,none,0.013979944339054029,0.0,-0.010000000000002274,-0.0007324387134695082
R02_deeper_empty,763,153.60000000000068,77.9136940348244,47.770922989091495,18.30726257238022,-4.415680026421438,-0.026767357892284807,0.45202224484362014,-0.25110142069763364,-0.0031508352434930463,-0.5199500322341919,-0.8998628258705139,-0.20580077171325684,-0.5199500322341919,-0.8998628258705139,-0.20580077171325684,0.5880299806594849,-0.31495198905467986,-0.05145019292831421,0.004286256240824388,0.20000000000004547,,none,0.015036224198651027,0.0,-0.010000000000002274,-0.0007499679578243646
R02_deeper_empty,764,153.80000000000072,77.8881019008096,47.86329193736513,18.309945814926458,-4.468558673143,-0.03008571959694112,0.5044774294962507,-0.2758218632507577,-0.028148689942967965,-0.3511587083339691,-0.9319838285446167,-0.31634578108787537,-0.3511587083339691,-0.9319838285446167,-0.31634578108787537,0.6893047749996185,-0.3261943399906158,-0.07908644527196884,0.006293507130257616,0.20000000000004547,,none,0.017128356508948173,0.0,-0.010000000000002274,-0.0008348493786882827
R02_deeper_empty,765,154.00000000000077,77.8655039998964,47.96670429691219,18.31352339227388,-4.525888031428629,-0.03824611622041327,0.5525308444283352,-0.2959543325353653,-0.05168159769146891,-0.2969192862510681,-0.9627941846847534,-0.3985370099544525,-0.2969192862510681,-0.9627941846847534,-0.3985370099544525,0.7218484282493591,-0.3369779646396637,-0.09963425248861313,0.009746965072474278,0.20000000000004547,,none,0.019959896893595896,0.0,-0.010000000000002274,-0.00021293182111934428
R02_deeper_empty,766,154.2000000000008,77.84792941432426,48.078274081903004,18.318462069579784,-4.586512876166053,-0.04932252711292286,0.5770185000468209,-0.3092890735166772,-0.05856379876125471,-0.3944975733757019,-0.9613173604011536,-0.2903502285480499,-0.3944975733757019,-0.9613173604011536,-0.2903502285480499,0.6633014559745789,-0.3364610761404037,-0.07258755713701248,0.01239487498812636,0.20000000000004547,,none,0.02281943664411301,0.0,-0.010000000000002274,-0.0004245616559843768
R02_deeper_empty,767,154.40000000000086,77.8370435540552,48.19262699807726,18.324703312663452,-4.648580377401713,-0.05825405857235973,0.5737067242033966,-0.31123897452398025,-0.03270081276217504,-0.5632706880569458,-0.9006064534187317,0.07999923080205917,-0.5632706880569458,-0.9006064534187317,0.07999923080205917,0.5620375871658325,-0.31521225869655606,0.019999807700514793,0.01140408722168546,0.20000000000004547,,none,0.024790665231822828,0.0,-0.010000000000002274,-0.003386578010135094
R02_deeper_empty,768,154.6000000000009,77.83326863190636,48.30276045397053,18.331270908285283,-4.7070213090545385,-0.058627691803180934,0.5323238347214422,-0.2758384821442312,0.024642506346104327,-0.8558166027069092,-0.5820097923278809,0.5659605264663696,-0.8558166027069092,-0.5820097923278809,0.5659605264663696,0.38651003837585446,-0.2037034273147583,0.1414901316165924,0.006208004544504557,0.20000000000004547,,none,0.024672911054913982,0.0,-0.010000000000002274,-0.00846490651040715
R02_deeper_empty,769,154.80000000000095,77.83517634178611,48.40432688603731,18.336761645191,-4.752189005483385,-0.046765051051343896,0.48721225822405645,-0.17583848214423117,0.08912392731320967,-0.9528994560241699,0.28282463550567627,0.8820670247077942,-0.9528994560241699,0.28282463550567627,0.8820670247077942,0.328260326385498,0.0989886224269867,0.22051675617694855,-0.004795894724017202,0.20000000000004547,,none,0.022349845000082524,0.0,-0.010000000000002274,-0.017145739724097452
R02_deeper_empty,770,155.000000000001,77.84033527199038,48.49945645672502,18.340224070439298,-4.777356701912231,-0.02401033310856574,0.4670999574838165,-0.0758384821442312,0.1349679793960982,-0.8396105170249939,0.6464536190032959,0.9135348796844482,-0.8396105170249939,0.6464536190032959,0.9135348796844482,0.3962336897850036,0.22625876665115355,0.22838371992111206,0.006226729135550925,0.20000000000004547,,none,0.019147742080271257,0.0,-0.010000000000002274,-0.002921012944718058
R02_deeper_empty,771,155.20000000000104,77.84685452469418,48.59320050138113,18.341170100416672,-4.782524398341077,0.004281130718671225,0.4724319155578941,0.02416151785576881,0.14703701402189773,-0.6813012957572937,0.918974757194519,0.6865196228027344,-0.6813012957572937,0.918974757194519,0.6865196228027344,0.4912192225456238,0.32164116501808165,0.1716299057006836,0.0029242276143168046,0.20000000000004547,,none,0.015941537757448998,0.0,-0.010000000000002274,-0.003017310143129919
R02_deeper_empty,772,155.40000000000109,77.85341005279473,48.69479003382597,18.339314259503137,-4.767766268933632,0.030493617392489417,0.5424850548763268,0.120625751322246,0.11732709363656452,-0.1844678372144699,0.9449741244316101,0.22715052962303162,-0.1844678372144699,0.9449741244316101,0.22715052962303162,0.789319297671318,0.33074094355106354,0.056787632405757904,-0.005763396215494106,0.20000000000004547,,none,0.013407392112370076,0.0,-0.010000000000002274,-0.009170788327861907
R02_deeper_empty,773,155.60000000000113,77.85831102713807,48.8130851320747,18.33456163094595,-4.738935564873051,0.046806972898368264,0.6424850548763269,0.16438327826158566,0.050774318848790564,0.4683026969432831,0.724420964717865,-0.33926063776016235,0.4683026969432831,0.724420964717865,-0.33926063776016235,1.1809816181659698,0.25354733765125276,-0.08481515944004059,-0.014686334647765541,0.20000000000004547,,none,0.011225158893450882,0.0,-0.010000000000002274,-0.01591149354121415
R02_deeper_empty,774,155.80000000000118,77.86010579338051,48.95139851654319,18.327719598502924,-4.716058909220734,0.049110055480916404,0.742485054876327,0.06438327826158569,-0.02445575740406868,0.8367574214935303,-0.7301454544067383,-0.7355754971504211,0.8367574214935303,-0.7301454544067383,-0.7355754971504211,1.402054452896118,-0.2555509090423584,-0.18389387428760529,-0.048911554533275864,0.20000000000004547,,none,0.009260201855964212,0.0,-0.010000000000002274,-0.048171756389237805
R02_deeper_empty,775,156.00000000000122,77.86015775020483,49.1097395624346,18.320713228209513,-4.713182253568417,0.037054223757540805,0.8424850548763271,-0.03561672173841432,-0.09113373390711606,0.8732933402061462,-0.9991256594657898,-0.9078963994979858,0.8732933402061462,-0.9991256594657898,-0.9078963994979858,1.4239760041236877,-0.3496939808130264,-0.22697409987449646,-0.003448730760885042,0.20000000000004547,,none,0.008618863588230496,0.0,-0.010000000000002274,-0.002067594349113264
R02_deeper_empty,776,156.20000000000127,77.86151927696474,49.28816486391707,18.316064333212555,-4.7302789099239115,0.013634152686273424,0.9424850548763272,-0.13335257803527306,-0.1394270990163208,0.9057643413543701,-0.9998329281806946,-0.951335072517395,0.9057643413543701,-0.9998329281806946,-0.951335072517395,1.4434586048126221,-0.3499415248632431,-0.23783376812934875,7.714111563608058e-05,0.20000000000004547,,none,0.010135976804804159,0.0,-0.010000000000002274,-5.883568916580373e-05
R02_deeper_empty,777,156.4000000000013,77.86826234522965,49.48650234283926,18.316398299037225,-4.764616404712829,-0.017725669630433906,1.040733784959934,-0.20464876603540932,-0.1717359978551962,0.8386625647544861,-0.9997941255569458,-0.9502854347229004,0.8386625647544861,-0.9997941255569458,-0.9502854347229004,1.4031975388526916,-0.349927943944931,-0.2375713586807251,0.003914491875099059,0.20000000000004547,,none,0.014004566908461413,0.0,-0.010000000000002274,-9.007503336007972e-05
R02_deeper_empty,778,156.60000000000136,77.88388565948577,49.69603058075234,18.323873133194326,-4.810686383512522,-0.0539328045621228,1.0610226255045123,-0.25244835978947655,-0.18903176689219378,0.3875182271003723,-0.9995682239532471,-0.8971003890037537,0.3875182271003723,-0.9995682239532471,-0.8971003890037537,1.1325109362602233,-0.34984887838363643,-0.22427509725093842,0.0051466330478515225,0.20000000000004547,,none,0.019273831318194823,0.0,-0.010000000000002274,-0.004127198270341026
R02_deeper_empty,779,156.8000000000014,77.9097565112228,49.90275191331976,18.33900310348823,-4.864552597809373,-0.09093521242877439,1.0296281976876107,-0.2838472447581659,-0.1815557781108712,0.03168172016739845,-0.9937950968742371,-0.6652882695198059,0.03168172016739845,-0.9937950968742371,-0.6652882695198059,0.9190090321004389,-0.34782828390598297,-0.16632206737995148,0.010860245219763644,0.20000000000004547,,none,0.024468041367809334,0.0,-0.010000000000002274,-0.0036077961480434164
R02_deeper_empty,780,157.00000000000145,77.94504933550343,50.09590620071043,18.360087834904466,-4.923053944780436,-0.12127056167895349,0.9492936112753328,-0.299952378717882,-0.12598601530806855,-0.38961267471313477,-0.9507701992988586,-0.05100935697555542,-0.38961267471313477,-0.9507701992988586,-0.05100935697555542,0.6662323951721192,-0.3327695697546005,-0.012752339243888855,0.006903591956726175,0.20000000000004547,,none,0.028037165784041918,0.0,-0.010000000000002274,-0.011133573827313469
R02_deeper_empty,781,157.2000000000015,77.98724157082962,50.269130337654445,18.383620907606627,-4.979210688275061,-0.13846776474056718,0.8492936112753328,-0.26430202821087,-0.045986015308068534,-0.8502935171127319,-0.5475938320159912,0.919333279132843,-0.8502935171127319,-0.5475938320159912,0.919333279132843,0.3898238897323608,-0.19165784120559692,0.22983331978321075,-0.007800552736608568,0.20000000000004547,,none,0.028526304326177865,0.0,-0.010000000000002274,-0.02632685706278416
R02_deeper_empty,782,157.40000000000154,78.03245554068049,50.420805482862,18.406015884455226,-5.02213918972844,-0.13966496780218093,0.7492936112753327,-0.1676822727596134,0.03401398469193148,-0.9731446504592896,0.12318797409534454,0.9807769060134888,-0.9731446504592896,0.12318797409534454,0.9807769060134888,0.31611320972442625,0.04311579093337059,0.2451942265033722,0.006375356512027567,0.20000000000004547,,none,0.025751675545205188,0.0,-0.010000000000002274,-0.009376319033175347
R02_deeper_empty,783,157.6000000000016,78.07707414418655,50.55401905528228,18.424952004410414,-5.0456756442803625,-0.12540715737788594,0.6719646230289609,-0.06768227275961342,0.10367661241686657,-0.8341771364212036,0.5121610760688782,0.9836913347244263,-0.8341771364212036,0.5121610760688782,0.9836913347244263,0.3994937181472778,0.17925637662410734,0.24592283368110657,0.007354624860591267,0.20000000000004547,,none,0.020767035618824536,0.0,-0.010000000000002274,-0.0034124107582309948
R02_deeper_empty,784,157.80000000000163,78.1199508450038,50.676429651681836,18.439742792403333,-5.049212098832285,-0.09972398648799104,0.635231016717273,0.03231772724038659,0.14968726691583956,-0.6570014953613281,0.8698198795318604,0.9737699627876282,-0.6570014953613281,0.8698198795318604,0.9737699627876282,0.5057991027832032,0.3044369578361511,0.24344249069690704,0.0019260975956160555,0.20000000000004547,,none,0.015114286817631495,0.0,-0.010000000000002274,-0.003188189222013165
R02_deeper_empty,785,158.00000000000168,78.16244471554734,50.80032888977549,18.450769716240362,-5.032949777891377,-0.06790917586180174,0.6773253143262794,0.12605185547324319,0.16714504419251372,-0.12392370402812958,0.9256460666656494,0.8108739852905273,-0.12392370402812958,0.9256460666656494,0.8108739852905273,0.8256457775831223,0.32397612333297726,0.20271849632263184,-0.006763876873045162,0.20000000000004547,,none,0.009512595012303393,0.0,-0.010000000000002274,-0.00627647188534628
R02_deeper_empty,786,158.20000000000172,78.2060924696396,50.93869176655601,18.458341185956773,-5.0014383560401185,-0.038324069588693534,0.7725356948543307,0.18464610604906098,0.13140011865458281,0.3552136719226837,0.8686935305595398,0.23425287008285522,0.3552136719226837,0.8686935305595398,0.23425287008285522,1.1131282031536103,0.3040427356958389,0.058563217520713806,-0.018106219258587374,0.20000000000004547,,none,0.0031999432795206673,0.0,-0.010000000000002274,-0.011306162538105765
R02_deeper_empty,787,158.40000000000177,78.25014160593618,51.09711767436622,18.462849794765084,-4.967379194244573,-0.019484536062197563,0.8725356948543308,0.15795706846108004,0.061919858025097405,0.7157657146453857,0.29592347145080566,-0.3192160725593567,0.7157657146453857,0.29592347145080566,-0.3192160725593567,1.3294594287872314,0.10357321500778198,-0.07980401813983917,-0.02940861650144152,0.20000000000004547,,none,-0.004120792769590764,0.0,-0.010000000000002274,-0.01528782373184848
R02_deeper_empty,788,158.6000000000018,78.29345806259177,51.27244504261563,18.465640580771847,-4.945787780552356,-0.013833882923291956,0.9309562556099427,0.05795706846108006,-0.0006941034632088078,0.3946712911128998,-0.8918167948722839,-0.51312655210495,0.3946712911128998,-0.8918167948722839,-0.51312655210495,1.1368027746677398,-0.31213587820529937,-0.1282816380262375,-0.05191107316767786,0.20000000000004547,,none,-0.010882476304745481,0.0,-0.010000000000002274,-0.031028596862930104
R02_deeper_empty,789,158.80000000000186,78.33415086978408,51.44566228067182,18.468276589985788,-4.94419636686014,-0.01684013172210998,0.8522718500748232,-0.04204293153891995,-0.027358672191714117,-0.5416248440742493,-0.9891594648361206,-0.3267706632614136,-0.5416248440742493,-0.9891594648361206,-0.3267706632614136,0.5750250935554504,-0.34620581269264217,-0.0816926658153534,-0.042907806412017725,0.20000000000004547,,none,-0.01449071510264055,0.0,-0.010000000000002274,-0.0184170913093749
R02_deeper_empty,790,159.0000000000019,78.37204016671903,51.6015497188948,18.471201803278284,-4.960552879397825,-0.018211640120531006,0.7522718500748231,-0.1159516808985946,0.010769837049166326,-0.9426162242889404,-0.7615841031074524,0.3538549244403839,-0.9426162242889404,-0.7615841031074524,0.3538549244403839,0.33443026542663573,-0.2665544360876083,0.08846373111009598,-0.038554119996011826,0.20000000000004547,,none,-0.015037403537872862,0.0,-0.010000000000002274,-0.013516716458136688
R02_deeper_empty,791,159.20000000000195,78.40801727812865,51.73739958340753,18.47330349348794,-4.981765419371532,-0.009031247491330115,0.6556968774696701,-0.09755990927837865,0.07610943450026772,-0.9905908703804016,-0.1716664880514145,0.8370038270950317,-0.9905908703804016,-0.1716664880514145,0.8370038270950317,0.30564547777175904,-0.06008327081799507,0.20925095677375793,-0.03685402603209559,0.20000000000004547,,none,-0.015179281604945416,0.0,-0.010000000000002274,-0.011674744427147901
R02_deeper_empty,792,159.400000000002,78.44176073031102,51.85618851296113,18.4732909859468,-4.994363347593289,0.01146001861700871,0.5826542446942657,-0.03326526910340493,0.1251100437058618,-0.9578559398651123,0.2792770266532898,0.8998314142227173,-0.9578559398651123,0.2792770266532898,0.8998314142227173,0.3252864360809326,0.09774695932865142,0.22495785355567932,-0.030498988512907527,0.20000000000004547,,none,-0.016331609816218062,0.0,-0.010000000000002274,-0.004167378696687192
R02_deeper_empty,793,159.60000000000204,78.47306251606645,51.96415135745476,18.470513894995644,-4.99101640141397,0.03918982848635659,0.5436486044608437,0.06673473089659507,0.15029022141627796,-0.8229814767837524,0.8913368582725525,0.8063979744911194,-0.8229814767837524,0.8913368582725525,0.8063979744911194,0.4062111139297485,0.31196790039539335,0.20159949362277985,-0.03677172900202791,0.20000000000004547,,none,-0.018740965683358368,0.0,-0.010000000000002274,-0.00803076331866727
R02_deeper_empty,794,159.8000000000021,78.50196031861519,52.06901313561606,18.464694309338167,-4.968194616754898,0.06686059175946768,0.5455788436931104,0.15577278810667855,0.128090599939407,-0.5793665051460266,0.9691252708435059,0.33141905069351196,-0.5793665051460266,0.9691252708435059,0.33141905069351196,0.552380096912384,0.339193844795227,0.08285476267337799,-0.03845951394447951,0.20000000000004547,,none,-0.022639428552711394,0.0,-0.010000000000002274,-0.005820085391765844
R02_deeper_empty,795,160.00000000000213,78.52884525851586,52.17983924572061,18.455778130725378,-4.930923322038645,0.08697948838851689,0.5960127826502861,0.21265308313843395,0.07695264154067977,-0.21046964824199677,0.9387348890304565,-0.10900165140628815,-0.21046964824199677,0.9387348890304565,-0.10900165140628815,0.773718211054802,0.3285572111606598,-0.027250412851572037,-0.04500263269083303,0.20000000000004547,,none,-0.02838305546726083,0.0,-0.010000000000002274,-0.006619577223569921
R02_deeper_empty,796,160.20000000000218,78.55384328060808,52.306019621430686,18.443776455972095,-4.884901216776578,0.09692399225899671,0.6960127826502862,0.24512086792985374,0.026309386491942727,0.37999165058135986,0.889371395111084,-0.30754247307777405,0.37999165058135986,0.889371395111084,-0.30754247307777405,1.1279949903488158,0.3112799882888794,-0.07688561826944351,-0.05422506391002064,0.20000000000004547,,none,-0.036415068753816726,0.0,-0.010000000000002274,-0.007809995156201639
R02_deeper_empty,797,160.40000000000222,78.57588835117448,52.452859818014744,18.429285714045584,-4.840439706783888,0.09522442552395745,0.7960127826502863,0.20269209466574215,-0.038425942871383324,0.8523882627487183,0.3321017622947693,-0.6813446283340454,0.8523882627487183,0.3321017622947693,-0.6813446283340454,1.411432957649231,0.11623561680316924,-0.17033615708351135,-0.06928967179601488,0.20000000000004547,,none,-0.04582095071359937,0.0,-0.010000000000002274,-0.013468721082413228
R02_deeper_empty,798,160.60000000000227,78.59445561759648,52.61999155714702,18.414181821443044,-4.80990128785074,0.08232060985503169,0.8886305319456206,0.10269209466574217,-0.08695460189302888,0.5279184579849243,-0.9289568066596985,-0.7433629035949707,0.5279184579849243,-0.9289568066596985,-0.7433629035949707,1.2167510747909545,-0.32513488233089444,-0.18584072589874268,-0.09816956525115117,0.20000000000004547,,none,-0.054181652551083204,0.0,-0.010000000000002274,-0.033987912700065695
R02_deeper_empty,799,160.8000000000023,78.6106224200766,52.79843986599577,18.401148229994757,-4.799362868917592,0.061912061872637425,0.9070650269425029,0.0026920946657421688,-0.11501589433308655,0.12003249675035477,-0.9981096386909485,-0.6887838840484619,0.12003249675035477,-0.9981096386909485,-0.6887838840484619,0.9720194980502128,-0.34933837354183195,-0.17219597101211548,-0.07169029864709581,0.20000000000004547,,none,-0.05820765982859655,0.0,-0.010000000000002274,-0.0034826388184969847
R02_deeper_empty,800,161.00000000000236,78.62629251096432,52.97251091172731,18.392330731392473,-4.808824449984443,0.03850684487968236,0.8458325388047693,-0.09730790533425784,-0.11875449661159598,-0.4498698115348816,-0.9935948848724365,-0.5054903626441956,-0.4498698115348816,-0.9935948848724365,-0.5054903626441956,0.630078113079071,-0.34775820970535276,-0.1263725906610489,-0.07301479004249987,0.20000000000004547,,none,-0.05584667926290443,0.0,-0.010000000000002274,-0.007168110779593172
R02_deeper_empty,801,161.2000000000024,78.64347424219147,53.13067473434858,18.38775431120379,-4.835377036183092,0.02076753296747154,0.7458325388047692,-0.16324803938112614,-0.06285200150841153,-0.9153769016265869,-0.8503236174583435,0.20423871278762817,-0.9153769016265869,-0.8503236174583435,0.20423871278762817,0.35077385902404784,-0.2976132661104202,0.05105967819690704,-0.07427042535955672,0.20000000000004547,,none,-0.04945164800944646,0.0,-0.010000000000002274,-0.014818777350107979
R02_deeper_empty,802,161.40000000000245,78.66257060586622,53.26863257495215,18.385381841546607,-4.863532398303594,0.016197132665789236,0.6499171981501255,-0.12145549205338325,0.01714799849158849,-0.9919608235359192,-0.10370126366615295,0.8704710006713867,-0.9919608235359192,-0.10370126366615295,0.8704710006713867,0.3048235058784485,-0.03629544228315353,0.21761775016784668,-0.07304444265309011,0.20000000000004547,,none,-0.04290093269916717,0.0,-0.010000000000002274,-0.02014350995392066
R02_deeper_empty,803,161.6000000000025,78.682150383527,53.389538547406936,18.382905200118337,-4.879839009919394,0.027073985299758515,0.5785224382810693,-0.0472067614765832,0.0867131779221664,-0.9550650715827942,0.2973964810371399,0.9147211313247681,-0.9550650715827942,0.2973964810371399,0.9147211313247681,0.32696095705032346,0.10408876836299896,0.22868028283119202,-0.052293645168518116,0.20000000000004547,,none,-0.039009669740893926,0.0,-0.010000000000002274,-0.0032839754276219146
R02_deeper_empty,804,161.80000000000254,78.70089118543383,53.4993409576852,18.37877933849149,-4.87928036221471,0.04872854012371298,0.5380683545109805,0.0527932385234168,0.12681024841761382,-0.840787947177887,0.8677517771720886,0.8340618014335632,-0.840787947177887,0.8677517771720886,0.8340618014335632,0.3955272316932678,0.303713122010231,0.2085154503583908,-0.055085875917783585,0.20000000000004547,,none,-0.03818846886798255,0.0,-0.010000000000002274,-0.006897407049798758
R02_deeper_empty,805,162.0000000000026,78.71764699884525,53.604140027101145,18.372277064474552,-4.858916393992019,0.07355004257173907,0.5258413167209935,0.1466518856452584,0.12178363279615882,-0.695401668548584,0.9861133694648743,0.4461638927459717,-0.695401668548584,0.9861133694648743,0.4461638927459717,0.4827589988708496,0.34513967931270595,0.11154097318649292,-0.053671262863793034,0.20000000000004547,,none,-0.0399590343816314,0.0,-0.010000000000002274,-0.003712228482159361
R02_deeper_empty,806,162.20000000000263,78.73123543602827,53.70842696829548,18.36335482650221,-4.822569364566761,0.09449135659380942,0.5295209594871977,0.21190060347473583,0.09002328904519287,-0.5958561897277832,0.9853055477142334,0.10122284293174744,-0.5958561897277832,0.9853055477142334,0.10122284293174744,0.5424862861633301,0.34485694169998166,0.02530571073293686,-0.05591535143348809,0.20000000000004547,,none,-0.043337465777954165,0.0,-0.010000000000002274,-0.0025778856555316487
R02_deeper_empty,807,162.40000000000268,78.74065848360758,53.81612562487996,18.35226282185204,-4.775437892243842,0.10844974991586252,0.5561062493017146,0.256084010118646,0.05239657496139702,-0.4170328676700592,0.9889025092124939,-0.09709927439689636,-0.4170328676700592,0.9889025092124939,-0.09709927439689636,0.6497802793979645,0.34611587822437284,-0.02427481859922409,-0.059400156130797244,0.20000000000004547,,none,-0.047973708513485036,0.0,-0.010000000000002274,-0.0014264476173099362
R02_deeper_empty,808,162.60000000000272,78.74488767809403,53.9339056180691,18.3389597340947,-4.72100297083125,0.11474150854235628,0.6267502218220193,0.2860097004737026,0.013455970215466696,-0.04055619612336159,0.9913966655731201,-0.2635708749294281,-0.04055619612336159,0.9913966655731201,-0.2635708749294281,0.8756662823259831,0.346988832950592,-0.06589271873235703,-0.06869240649266654,0.20000000000004547,,none,-0.05530333251629038,0.0,-0.010000000000002274,-0.003389073976373882
R02_deeper_empty,809,162.80000000000277,78.74201994943219,54.06831706297959,18.323467396884077,-4.661768773723959,0.1132568516587571,0.7267502218220194,0.30490790987202027,-0.0253757842040949,0.3885807991027832,0.981190025806427,-0.4180106818675995,0.3885807991027832,0.981190025806427,-0.4180106818675995,1.13314847946167,0.3434165090322494,-0.10450267046689987,-0.07974454005572244,0.20000000000004547,,none,-0.06558225225303715,0.0,-0.010000000000002274,-0.004162287802683018
R02_deeper_empty,810,163.0000000000028,78.7294184597441,54.22220807091752,18.30657683053277,-4.600865533443301,0.1030286509346929,0.8263410171245748,0.30417940076913974,-0.07329457682868992,0.5128382444381714,0.8648426532745361,-0.6837519407272339,0.5128382444381714,0.8648426532745361,-0.6837519407272339,1.2077029466629028,0.3026949286460876,-0.17093798518180847,-0.08903135027935237,0.20000000000004547,,none,-0.077039449469817,0.0,-0.010000000000002274,-0.001991900809533096
R02_deeper_empty,811,163.20000000000286,78.70539233349785,54.392128337977354,18.29035379484936,-4.54564407363403,0.08424325913734819,0.8944367621668227,0.2519702113475498,-0.11166719170964745,0.39062345027923584,0.41595521569252014,-0.7594339847564697,0.39062345027923584,0.41595521569252014,-0.7594339847564697,1.1343740701675415,0.14558432549238204,-0.18985849618911743,-0.10049512343067656,0.20000000000004547,,none,-0.08605184024430024,0.0,-0.010000000000002274,-0.00444328318637405
R02_deeper_empty,812,163.4000000000029,78.67226513786527,54.565538798035085,18.27753550500429,-4.50525003136452,0.05993731974692693,0.8766636108631507,0.15197021134754984,-0.1300097230049463,-0.1432676613330841,-0.362560898065567,-0.6695441007614136,-0.1432676613330841,-0.362560898065567,-0.6695441007614136,0.8140394032001494,-0.12689631432294846,-0.1673860251903534,-0.11562265873403421,0.20000000000004547,,none,-0.08763851374034637,0.0,-0.010000000000002274,-0.017984144993685565
R02_deeper_empty,813,163.60000000000295,78.63635394422465,54.72672308386983,18.269612825712237,-4.483868094831033,0.03633733350871792,0.7766636108631506,0.06806450461758837,-0.10767361500997741,-0.9151671528816223,-0.2938702404499054,-0.24863864481449127,-0.9151671528816223,-0.2938702404499054,-0.24863864481449127,0.3508997082710266,-0.10285458415746689,-0.06215966120362282,-0.10603502343773047,0.20000000000004547,,none,-0.08048085075087918,0.0,-0.010000000000002274,-0.015554172686849008
R02_deeper_empty,814,163.800000000003,78.60231624335631,54.86798357376813,18.26552028220038,-4.4662188397223215,0.022401979286101187,0.6785056527520446,0.10559906157889008,-0.03619833526115718,-0.9721462726593018,0.5202361941337585,0.4449591040611267,-0.9721462726593018,0.5202361941337585,0.4449591040611267,0.3167122364044189,0.1820826679468155,0.11123977601528168,-0.10283441234857355,0.20000000000004547,,none,-0.06989253746524149,0.0,-0.010000000000002274,-0.02294187488332979
R02_deeper_empty,815,164.00000000000304,78.5690544330451,54.99340633440794,18.262792742898483,-4.436783230806192,0.022035986167402977,0.6220645596154544,0.18292868302771426,0.02772080908399682,-0.7946787476539612,0.9728631377220154,0.6318715810775757,-0.7946787476539612,0.9728631377220154,0.6318715810775757,0.42319275140762325,0.3405020982027054,0.15796789526939392,-0.07831037926313279,0.20000000000004547,,none,-0.06288433633197066,0.0,-0.010000000000002274,-0.005426042931159856
R02_deeper_empty,816,164.2000000000031,78.53307151865727,55.11150331717574,18.259636778699818,-4.394340858007238,0.029909226328359066,0.6134080529570085,0.23739026759567014,0.04937919676879088,-0.5284889936447144,0.9953309297561646,0.3740486800670624,-0.5284889936447144,0.9953309297561646,0.3740486800670624,0.5829066038131714,0.34836582541465755,0.0935121700167656,-0.07416137581168224,0.20000000000004547,,none,-0.06140468710960256,0.0,-0.010000000000002274,-0.002756688702077401
R02_deeper_empty,817,164.40000000000313,78.49121272101144,55.2286541324207,18.255342686498555,-4.342946130729822,0.03865772174129274,0.6306964357400009,0.2738119014597975,0.03889588598375984,-0.34731242060661316,0.9943649172782898,0.07013680040836334,-0.34731242060661316,0.9943649172782898,0.07013680040836334,0.6916125476360321,0.34802772104740143,0.017534200102090836,-0.07628045276926008,0.20000000000004547,,none,-0.06377668648134538,0.0,-0.010000000000002274,-0.002503766287912428
R02_deeper_empty,818,164.60000000000318,78.43903192672067,55.35269604906007,18.249769716590002,-4.2856239433732135,0.04273789822800884,0.7124872234479235,0.29761586406309276,0.004498420726620985,0.16779901087284088,0.9889166951179504,-0.26237112283706665,0.16779901087284088,0.9889166951179504,-0.26237112283706665,1.0006794065237046,0.3461208432912826,-0.06559278070926666,-0.08813660924712086,0.20000000000004547,,none,-0.0706179894673884,0.0,-0.010000000000002274,-0.007518619779730189
R02_deeper_empty,819,164.80000000000322,78.37174811725478,55.48937549464689,18.24341051916432,-4.225173392762439,0.039209535435291085,0.8124872234479236,0.30623966494687477,-0.036678535605134066,0.5636374950408936,0.9251778721809387,-0.4823368191719055,0.5636374950408936,0.9251778721809387,-0.4823368191719055,1.238182497024536,0.3238122552633285,-0.12058420479297638,-0.0949349623418825,0.20000000000004547,,none,-0.08075224932864167,0.0,-0.010000000000002274,-0.00418271301323856
R02_deeper_empty,820,165.00000000000327,78.28681851321129,55.638853697789344,18.237566521080705,-4.168914225462426,0.027356111504896426,0.9038624200222213,0.2598485155723339,-0.0786893431646481,0.543255627155304,0.4723370373249054,-0.6571765542030334,0.543255627155304,0.4723370373249054,-0.6571765542030334,1.2259533762931822,0.16531796306371688,-0.16429413855075836,-0.10546249646169124,0.20000000000004547,,none,-0.09074151295774158,0.0,-0.010000000000002274,-0.004720983503947398
R02_deeper_empty,821,165.2000000000033,78.19202246490808,55.78799516166427,18.234272065810153,-4.126944522347959,0.008813168134480066,0.8655782524727236,0.15984851557233393,-0.10477408020311225,-0.28219518065452576,-0.5161285996437073,-0.6317062377929688,-0.28219518065452576,-0.5161285996437073,-0.6317062377929688,0.7306828916072845,-0.18064500987529752,-0.1579265594482422,-0.13499287422977704,0.20000000000004547,,none,-0.09181123245778089,0.0,-0.010000000000002274,-0.03318164177199389
R02_deeper_empty,822,165.40000000000336,78.10015628508016,55.92277496626204,18.23433690267807,-4.104049735171855,-0.008757429941266048,0.7655782524727235,0.07531952819712973,-0.07330381863933709,-0.9684418439865112,-0.2767100930213928,-0.03670934587717056,-0.9684418439865112,-0.2767100930213928,-0.03670934587717056,0.31893489360809324,-0.09684853255748749,-0.00917733646929264,-0.11075971178431009,0.20000000000004547,,none,-0.08311417167156776,0.0,-0.010000000000002274,-0.01764554011274005
R02_deeper_empty,823,165.6000000000034,78.01744664742134,56.03970238653142,18.236369764994087,-4.089188390592202,-0.017877397807804885,0.6695151332600605,0.0734358878406756,-0.021779272396386974,-0.961148738861084,0.1988503485918045,0.33284610509872437,-0.961148738861084,0.1988503485918045,0.33284610509872437,0.3233107566833496,0.06959762200713157,0.08321152627468109,-0.08958588171828546,0.20000000000004547,,none,-0.07233023863116905,0.0,-0.010000000000002274,-0.007255643087114138
R02_deeper_empty,824,165.80000000000345,77.94257995242293,56.14184037706683,18.23871149182678,-4.067826650168251,-0.017396108359133945,0.6003589350776705,0.13550347363934995,0.02320192745955179,-0.9055248498916626,0.7485076189041138,0.4594377875328064,-0.9055248498916626,0.7485076189041138,0.4594377875328064,0.35668509006500243,0.2619776666164398,0.1148594468832016,-0.08066216323004081,0.20000000000004547,,none,-0.06423731151218348,0.0,-0.010000000000002274,-0.006424851717855061
R02_deeper_empty,825,166.0000000000035,77.87028215994926,56.23492510866935,18.240349313219127,-4.0335020812512,-0.009046178025331504,0.5794299862063433,0.2026791734898808,0.057697443903381856,-0.6571896076202393,0.970177412033081,0.5119537711143494,-0.6571896076202393,0.970177412033081,0.5119537711143494,0.5056862354278564,0.33956209421157835,0.12798844277858734,-0.07284259441726697,0.20000000000004547,,none,-0.06057127805183704,0.0,-0.010000000000002274,-0.0022713163654276515
R02_deeper_empty,826,166.20000000000354,77.79551351968296,56.3235494373442,18.240718019820875,-3.9879123621260275,0.0027879826184247954,0.5801523075014244,0.24967587006428893,0.06043763401609203,-0.5288376212120056,0.9869723916053772,0.2640851140022278,-0.5288376212120056,0.9869723916053772,0.2640851140022278,0.5826974272727966,0.345440337061882,0.06602127850055695,-0.0721215584086164,0.20000000000004547,,none,-0.06055765490996734,0.0,-0.010000000000002274,-0.0015639034986467948
R02_deeper_empty,827,166.4000000000036,77.71414612294441,56.41076085950311,18.239720170979503,-3.93463789163002,0.013306278468621414,0.6113092905839944,0.2807284012116321,0.04584516123268716,-0.29818031191825867,0.9828676581382751,0.06444118916988373,-0.29818031191825867,0.9828676581382751,0.06444118916988373,0.7210918128490448,0.3440036803483963,0.016110297292470932,-0.07486653219294175,0.20000000000004547,,none,-0.06300498539514088,0.0,-0.010000000000002274,-0.0018615467977985967
R02_deeper_empty,828,166.60000000000363,77.61985747903582,56.50105571207485,18.237515963300133,-3.8764742089059614,0.019192691963808777,0.6908174854948739,0.2994940559642444,0.015319683325736043,0.1182781457901001,0.9649501442909241,-0.18752650916576385,0.1182781457901001,0.9649501442909241,-0.18752650916576385,0.97096688747406,0.3377325505018234,-0.046881627291440964,-0.08382978650676347,0.20000000000004547,,none,-0.06908485840068401,0.0,-0.010000000000002274,-0.0047449281060771755
R02_deeper_empty,829,166.80000000000368,77.50697821063586,56.5969536409021,18.234671031567462,-3.816394818385572,0.017624002347997783,0.7903734537246283,0.3011732854730105,-0.027759681627135994,0.45202162861824036,0.8702715039253235,-0.4621674418449402,0.45202162861824036,0.8702715039253235,-0.4621674418449402,1.171212977170944,0.3045950263738632,-0.11554186046123505,-0.09144242986574784,0.20000000000004547,,none,-0.07752690188225309,0.0,-0.010000000000002274,-0.003915527983492475
R02_deeper_empty,830,167.00000000000372,77.37455877183864,56.696906628204296,18.232451044996576,-3.7631509986093707,0.007763399884859421,0.865509552845354,0.23616462431607008,-0.06782650112636586,0.38375625014305115,0.2962784171104431,-0.5978802442550659,0.38375625014305115,0.2962784171104431,-0.5978802442550659,1.1302537500858307,0.10369744598865509,-0.14947006106376648,-0.10184194183835828,0.20000000000004547,,none,-0.0847910180314031,0.0,-0.010000000000002274,-0.007050923806952909
R02_deeper_empty,831,167.20000000000377,77.23957208159875,56.7895309674886,18.232282760215043,-3.725918073746157,-0.006020325608005826,0.7758213225699232,0.1361646243160701,-0.06985766471411406,-0.7335937023162842,-0.632152795791626,-0.295986145734787,-0.7335937023162842,-0.632152795791626,-0.295986145734787,0.4598437786102295,-0.2212534785270691,-0.07399653643369675,-0.13535108764677406,0.20000000000004547,,none,-0.08131917804531064,0.0,-0.010000000000002274,-0.04403190960146116
R02_deeper_empty,832,167.4000000000038,77.11763847017355,56.86837525582819,18.23392813363802,-3.70843049980039,-0.015128667593191765,0.6781864405693604,0.04337946783139188,-0.02463425030646343,-0.9662402272224426,-0.4302521049976349,0.2700673043727875,-0.9662402272224426,-0.4302521049976349,0.2700673043727875,0.3202558636665344,-0.1505882367491722,0.06751682609319687,-0.08904754413125632,0.20000000000004547,,none,-0.07074144807380023,0.0,-0.010000000000002274,-0.008306096057453818
R02_deeper_empty,833,167.60000000000386,77.00951713582485,56.93661722784596,18.236013341708457,-3.7011458703823976,-0.016126455594133608,0.604036866119513,0.030441930383956282,0.011902583911324496,-0.9287188053131104,0.011655152775347233,0.34541258215904236,-0.9287188053131104,0.011655152775347233,0.34541258215904236,0.3427687168121338,0.0040793034713715315,0.08635314553976059,-0.07643077315874293,0.20000000000004547,,none,-0.0623834373095562,0.0,-0.010000000000002274,-0.004047335849184458
R02_deeper_empty,834,167.8000000000039,76.91132380117199,56.99747051246932,18.237604224963807,-3.6895515118415463,-0.010027697289397296,0.5536591868111351,0.081642649547219,0.046478971863848334,-0.8730800151824951,0.5313531160354614,0.4677390456199646,-0.8730800151824951,0.5313531160354614,0.4677390456199646,0.3761519908905029,0.18597359061241148,0.11693476140499115,-0.07289365102633673,0.20000000000004547,,none,-0.057130742793399136,0.0,-0.010000000000002274,-0.00576290823293532
R02_deeper_empty,835,168.00000000000395,76.81694322740292,57.05368560519243,18.23809163370336,-3.665125685687357,0.002216567677446556,0.5453136595390052,0.1569404091555723,0.07389716471420299,-0.6401534080505371,0.8867815136909485,0.5190672278404236,-0.6401534080505371,0.8867815136909485,0.5190672278404236,0.5159079551696777,0.31037352979183197,0.1297668069601059,-0.068867418754065,0.20000000000004547,,none,-0.05520304410486254,0.0,-0.010000000000002274,-0.003664374649200184
R02_deeper_empty,836,168.200000000004,76.71523018017041,57.109968158424614,18.236968954368606,-3.627329780425271,0.016739612047984586,0.6140470220731932,0.21652755204059596,0.07151297565898661,-0.07294834405183792,0.965563952922821,0.2666189968585968,-0.07294834405183792,0.965563952922821,0.2666189968585968,0.8562309935688972,0.33794738352298737,0.0666547492146492,-0.07697385064800427,0.20000000000004547,,none,-0.05914068331434308,0.0,-0.010000000000002274,-0.007833167333658918
R02_deeper_empty,837,168.40000000000404,76.59860800962927,57.16808330227811,18.234021049167122,-3.5797977950062165,0.026856733348370233,0.6860204283795569,0.25583006608293474,0.032591736657859006,0.06603464484214783,0.9597606062889099,-0.18686996400356293,0.06603464484214783,0.9597606062889099,-0.18686996400356293,0.9396207869052886,0.33591621220111845,-0.04671749100089073,-0.08092070014701593,0.20000000000004547,,none,-0.06642065639385564,0.0,-0.010000000000002274,-0.00450004375315801
R02_deeper_empty,838,168.6000000000041,76.4660464566768,57.22597219196657,18.229841502614402,-3.5271521179932215,0.029516968750763765,0.7578618740680749,0.26958964279539444,-0.0032853235119335578,0.18499544262886047,0.8503637909889221,-0.30556589365005493,0.18499544262886047,0.8503637909889221,-0.30556589365005493,1.0109972655773163,0.2976273268461227,-0.07639147341251373,-0.08348255941041384,0.20000000000004547,,none,-0.07267839824396205,0.0,-0.010000000000002274,-0.0008041611664495152
R02_deeper_empty,839,168.80000000000413,76.31963952761754,57.280930567966564,18.22541469384344,-3.4755270165769923,0.026164196174389164,0.8045530695054894,0.24826835951669263,-0.028353044555435275,0.11511805653572083,0.5852065682411194,-0.31773266196250916,0.11511805653572083,0.5852065682411194,-0.31773266196250916,0.9690708339214325,0.20482229888439177,-0.07943316549062729,-0.08792398678075765,0.20000000000004547,,none,-0.07641720213848124,0.0,-0.010000000000002274,-0.0015067846422741305
R02_deeper_empty,840,169.00000000000418,76.16913286980397,57.32933734912961,18.221728473573464,-3.4318980319649977,0.020388837222551488,0.7782299482816508,0.19224404699712963,-0.029327128144450966,-0.35753387212753296,0.2230975478887558,-0.1252480149269104,-0.35753387212753296,0.2230975478887558,-0.1252480149269104,0.6854796767234802,0.07808414176106453,-0.0313120037317276,-0.09261291673134239,0.20000000000004547,,none,-0.07478145417865889,0.0,-0.010000000000002274,-0.007831462552681221
R02_deeper_empty,841,169.20000000000422,76.02741632970039,57.36894328814071,18.218949464751677,-3.396959621496331,0.018878107930094905,0.6973762379169833,0.1596004130200168,0.011167731867731182,-0.8125235438346863,0.26595133543014526,0.3747340142726898,-0.8125235438346863,0.26595133543014526,0.3747340142726898,0.4124858736991882,0.09308296740055083,0.09368350356817245,-0.08702325805715459,0.20000000000004547,,none,-0.06784657649736481,0.0,-0.010000000000002274,-0.009176681559787512
R02_deeper_empty,842,169.40000000000427,75.89678923189832,57.40072025204443,18.216078167974647,-3.362048595592834,0.02540806409017799,0.6496111426868838,0.18741356481295257,0.051120578040988476,-0.6978175640106201,0.6973943114280701,0.5301275849342346,-0.6978175640106201,0.6973943114280701,0.5301275849342346,0.4813094615936279,0.2440880089998245,0.13253189623355865,-0.07570181860512017,0.20000000000004547,,none,-0.061232865302152106,0.0,-0.010000000000002274,-0.00446895330296579
R02_deeper_empty,843,169.60000000000431,75.76264307149587,57.42787634010724,18.21180622624213,-3.3194770546932126,0.03744169026348743,0.7166771682019316,0.23473520540865392,0.06794744066553049,0.08831038326025009,0.9461765885353088,0.4089411497116089,0.08831038326025009,0.9461765885353088,0.4089411497116089,0.95298622995615,0.33116180598735806,0.10223528742790222,-0.08578699745121196,0.20000000000004547,,none,-0.061895478991910835,0.0,-0.010000000000002274,-0.013891518459298853
R02_deeper_empty,844,169.80000000000436,75.61125235516329,57.45118177097051,18.205249909944882,-3.2689757043741143,0.04625135783894032,0.8156874585646925,0.26778716675966896,0.02349929792223273,0.48039036989212036,0.9575332999229431,-0.2682880759239197,0.48039036989212036,0.9575332999229431,-0.2682880759239197,1.1882342219352722,0.3351366549730301,-0.06707201898097992,-0.09058555451037584,0.20000000000004547,,none,-0.06833565221305982,0.0,-0.010000000000002274,-0.012249902297313745
R02_deeper_empty,845,170.0000000000044,75.44026170168245,57.46839501459454,18.197136129160455,-3.2158371723283548,0.046547374863346105,0.9009523877867134,0.26389175168548373,-0.01745257890383104,0.5023096799850464,0.731297492980957,-0.403598427772522,0.5023096799850464,0.731297492980957,-0.403598427772522,1.2013858079910278,0.25595412254333494,-0.1008996069431305,-0.08565438177753712,0.20000000000004547,,none,-0.07425494202123417,0.0,-0.010000000000002274,-0.00139943975630068
R02_deeper_empty,846,170.20000000000445,75.2582703600652,57.47737451077927,18.189061323678484,-3.1677779503024848,0.04148475894866477,0.922132004694718,0.22000799365078058,-0.03207173255534911,0.16126498579978943,0.37310490012168884,-0.24744385480880737,0.16126498579978943,0.37310490012168884,-0.24744385480880737,0.9967589914798736,0.1305867150425911,-0.06186096370220184,-0.09070979919840287,0.20000000000004547,,none,-0.07532984584502778,0.0,-0.010000000000002274,-0.0053799533533728195
R02_deeper_empty,847,170.4000000000045,75.07930116402851,57.47825982170084,18.1820776719151,-3.1255514320062248,0.03723296704226385,0.8714542847590196,0.20350130107624256,-0.011961869727006205,-0.34518352150917053,0.4853310286998749,0.11606279015541077,-0.34518352150917053,0.4853310286998749,0.11606279015541077,0.6928898870944977,0.16986586004495619,0.02901569753885269,-0.08894749683135467,0.20000000000004547,,none,-0.07092305932286713,0.0,-0.010000000000002274,-0.008024437508485267
R02_deeper_empty,848,170.60000000000454,74.90964871017134,57.471979811298766,18.175751791857696,-3.082465190773126,0.03856746338975587,0.8295077309310781,0.22568883376392979,0.022694758229254878,-0.36382025480270386,0.7740001082420349,0.37325620651245117,-0.36382025480270386,0.7740001082420349,0.37325620651245117,0.6817078471183777,0.2709000378847122,0.09331405162811279,-0.07789556993211973,0.20000000000004547,,none,-0.06489905755753789,0.0,-0.010000000000002274,-0.002996512374579563
R02_deeper_empty,849,170.8000000000046,74.73944076705861,57.4578048697058,18.168661448514428,-3.0337006805953552,0.04501557566610228,0.8778232995733077,0.2594143695874342,0.040448279140887014,0.2467743158340454,0.9375325441360474,0.3064974546432495,0.2467743158340454,0.9375325441360474,0.3064974546432495,1.0480645895004272,0.32813639044761655,0.07662436366081238,-0.08120375640960027,0.20000000000004547,,none,-0.06312325004496522,0.0,-0.010000000000002274,-0.008080506364632782
R02_deeper_empty,850,171.00000000000463,74.55654082289475,57.43295519435911,18.159756631823473,-2.9793542457867743,0.05033687132170131,0.9661836683943654,0.2823233271148949,0.014704955383972101,0.6292065978050232,0.94001305103302,-0.15100732445716858,0.6292065978050232,0.94001305103302,-0.15100732445716858,1.2775239586830138,0.32900456786155696,-0.037751831114292145,-0.08266046125743885,0.20000000000004547,,none,-0.06554903673528223,0.0,-0.010000000000002274,-0.007111424522154355
R02_deeper_empty,851,171.20000000000468,74.36093275440454,57.3951883674125,18.149607176624432,-2.922913314433636,0.05046890737218947,1.0260370034727964,0.28210262106297623,-0.011415864940308969,0.5615532398223877,0.8047225475311279,-0.2585674822330475,0.5615532398223877,0.8047225475311279,-0.2585674822330475,1.2369319438934325,0.28165289163589474,-0.06464187055826187,-0.07757308511853289,0.20000000000004547,,none,-0.06688409142403273,0.0,-0.010000000000002274,-0.0006889936944978815
R02_deeper_empty,852,171.40000000000472,74.16035067379414,57.344676776241684,18.13944320915527,-2.8673273212451793,0.04747646124103353,1.044293175472576,0.2743422138181427,-0.018011483651927444,0.3476988673210144,0.7386541366577148,-0.1258051097393036,0.3476988673210144,0.7386541366577148,-0.1258051097393036,1.1086193203926087,0.2585289478302002,-0.0314512774348259,-0.07609412975494728,0.20000000000004547,,none,-0.06473963825287576,0.0,-0.010000000000002274,-0.0013544915020692373
R02_deeper_empty,853,171.60000000000477,73.96144451802333,57.28275705354714,18.129833884405954,-2.8121392560785226,0.04514735111256597,1.0415125929529858,0.2773144220888036,-0.0061719639171767,0.21952521800994873,0.8096309900283813,0.07181299477815628,0.21952521800994873,0.8096309900283813,0.07181299477815628,1.031715130805969,0.28337084650993344,0.01795324869453907,-0.07155873498387369,0.20000000000004547,,none,-0.060348352717367604,0.0,-0.010000000000002274,-0.0012103822665038167
R02_deeper_empty,854,171.80000000000481,73.76602993731012,57.20973581921879,18.120430696940115,-2.755444076155829,0.04547885842995753,1.0467412998809593,0.2887736904534847,0.008389534859562104,0.2752746641635895,0.8917830586433411,0.15224513411521912,0.2752746641635895,0.8917830586433411,0.15224513411521912,1.0651647984981536,0.31212407052516933,0.03806128352880478,-0.06600907025438073,0.20000000000004547,,none,-0.05568254441112863,0.0,-0.010000000000002274,-0.0003265258432498286
R02_deeper_empty,855,172.00000000000486,73.57291042223838,57.12452369880236,18.110615549063954,-2.6963436535388654,0.04758259843027781,1.0657676568782137,0.3012873773564746,0.012349408876417667,0.3880126178264618,0.933675229549408,0.08167354017496109,0.3880126178264618,0.933675229549408,0.08167354017496109,1.1328075706958771,0.32678633034229276,0.020418385043740273,-0.06192806889490458,0.20000000000004547,,none,-0.051539165893890626,0.0,-0.010000000000002274,-0.00038890300101167454
R02_deeper_empty,856,172.2000000000049,73.38175403587985,57.02602324845369,18.100133486884875,-2.635060914090841,0.04967642298335263,1.0865444700361624,0.3108214339256656,0.008852406239861065,0.43292027711868286,0.9435681104660034,0.006906464695930481,0.43292027711868286,0.9435681104660034,0.006906464695930481,1.1597521662712096,0.3302488386631012,0.0017266161739826202,-0.05751003246851288,0.20000000000004547,,none,-0.04735593881787814,0.0,-0.010000000000002274,-0.00015409365063246417
R02_deeper_empty,857,172.40000000000495,73.19416242199033,56.91411420560261,18.089103797746724,-2.5722538601218154,0.05107832854054035,1.1002873223668863,0.3167986054942974,0.0054249752896618625,0.41451776027679443,0.9399377107620239,-0.006236198358237743,0.41451776027679443,0.9399377107620239,-0.006236198358237743,1.1487106561660767,0.32897819876670836,-0.0015590495895594358,-0.05249828578910269,0.20000000000004547,,none,-0.04248779454869478,0.0,-0.010000000000002274,-1.0491240405640802e-05
R02_deeper_empty,858,172.600000000005,73.01272496843633,56.78966962057179,18.077735557199734,-2.508411390434508,0.05214936295105411,1.1030063209478456,0.3212877443457728,0.0052951535020515535,0.3543113172054291,0.944100558757782,0.02012247033417225,0.3543113172054291,0.944100558757782,0.02012247033417225,1.1125867903232574,0.33043519556522366,0.005030617583543062,-0.046907525115868216,0.20000000000004547,,none,-0.03682078662574639,0.0,-0.010000000000002274,-8.673849011955159e-05
R02_deeper_empty,859,172.80000000000504,72.84002982510843,56.654129604048514,18.066136897824588,-2.4436684228028103,0.05350838774766537,1.0960705175670666,0.32580171347652714,0.008084835719041164,0.2860533595085144,0.957142174243927,0.05507731810212135,0.2860533595085144,0.957142174243927,0.05507731810212135,1.0716320157051087,0.33499976098537443,0.013769329525530338,-0.04069652470280467,0.20000000000004547,,none,-0.030575503224683942,0.0,-0.010000000000002274,-0.00012102147811845495
R02_deeper_empty,860,173.0000000000051,72.67803662573773,56.50898481318675,18.05427759379376,-2.378035001803438,0.0555749424176604,1.0831910266013252,0.33020092715710353,0.012265605749740489,0.22968295216560364,0.9690432548522949,0.08313879370689392,0.22968295216560364,0.9690432548522949,0.08313879370689392,1.0378097712993621,0.3391651391983032,0.02078469842672348,-0.03414124307278139,0.20000000000004547,,none,-0.024059108973643717,0.0,-0.010000000000002274,-8.21340991353961e-05
R02_deeper_empty,861,173.20000000000513,72.52837088563196,56.355922735314515,18.042071487957614,-2.3115620184408594,0.05848837305890651,1.0623787986417708,0.3342255686663526,0.01654608066057142,0.14841052889823914,0.9783614873886108,0.10107336193323135,0.14841052889823914,0.9783614873886108,0.10107336193323135,0.9890463173389434,0.34242652058601375,0.02526834048330784,-0.02760403729128335,0.20000000000004547,,none,-0.017463763591704762,0.0,-0.010000000000002274,-0.0001402736995763132
R02_deeper_empty,862,173.40000000000518,72.39292857813764,56.19751455153914,18.029515153553994,-2.2443561198985824,0.061885804944711846,1.0275788866949065,0.33758055124297776,0.01736640986853495,0.00826733373105526,0.9840484261512756,0.07615192979574203,0.00826733373105526,0.9840484261512756,0.07615192979574203,0.9049604002386331,0.34441694915294646,0.01903798244893551,-0.021274284855804116,0.20000000000004547,,none,-0.010868414171723018,0.0,-0.010000000000002274,-0.0004058706840788235
R02_deeper_empty,863,173.60000000000522,72.27322759227825,56.03672355985027,18.016765682238155,-2.176547625826042,0.06503317850471607,0.9834546873729095,0.3402994645966905,0.014335747206877613,-0.12003032118082047,0.9881135821342468,0.03264084458351135,-0.12003032118082047,0.9881135821342468,0.03264084458351135,0.8279818072915077,0.3458397537469864,0.008160211145877838,-0.014753082005780035,0.20000000000004547,,none,-0.0043856814400697886,0.0,-0.010000000000002274,-0.0003674005657079727
R02_deeper_empty,864,173.80000000000527,72.1697272448507,55.87592731664022,18.004062146898537,-2.1082636135030013,0.06748453809616244,0.9356286196262037,0.34238357866063096,0.010469265949275934,-0.22147983312606812,0.9903724193572998,0.010362379252910614,-0.22147983312606812,0.9903724193572998,0.010362379252910614,0.767112100124359,0.3466303467750549,0.0025905948132276535,-0.008374004343942832,0.20000000000004547,,none,0.001841864372799762,0.0,-0.010000000000002274,-0.0002158687167403195
R02_deeper_empty,865,174.00000000000531,72.08202297792492,55.716692680031564,17.99163635235112,-2.039613389867319,0.06867596293854149,0.8890422820207118,0.3439970501228627,0.0020774730942087548,-0.29184335470199585,0.9922422766685486,-0.06008943170309067,-0.29184335470199585,0.9922422766685486,-0.06008943170309067,0.7248939871788025,0.347284796833992,-0.015022357925772667,-0.002470442562167788,0.20000000000004547,,none,0.007727917021872699,0.0,-0.010000000000002274,-0.0001983595840382124
R02_deeper_empty,866,174.20000000000536,72.00914394377763,55.55970533078212,17.97976419684403,-1.9706834292452484,0.06781957575088911,0.8480648429946269,0.34521105628121757,-0.00974991318646182,-0.3272005617618561,0.9933851957321167,-0.13540160655975342,-0.3272005617618561,0.9933851957321167,-0.13540160655975342,0.7036796629428863,0.34768481850624083,-0.033850401639938354,0.003206656141058442,0.20000000000004547,,none,0.013345123381794721,0.0,-0.010000000000002274,-0.00013846724073400486
R02_deeper_empty,867,174.4000000000054,71.94996501760568,55.40509571856442,17.96878370478209,-1.901540430021274,0.06390224943587643,0.8130157924500642,0.3461482960630203,-0.0280444854528674,-0.35080090165138245,0.9944517016410828,-0.2612922489643097,-0.35080090165138245,0.9944517016410828,-0.2612922489643097,0.6895194590091704,0.34805809557437895,-0.06532306224107742,0.008503275783752907,0.20000000000004547,,none,0.01883140713021092,0.0,-0.010000000000002274,-0.00032813134645573786
R02_deeper_empty,868,174.60000000000545,71.9029917071319,55.251166951187095,17.959060805507942,-1.8322300953754218,0.05589817790223652,0.8001926216614388,0.3468985068982688,-0.05031750893908491,-0.2416503131389618,0.9955062866210938,-0.38281166553497314,-0.2416503131389618,0.9955062866210938,-0.38281166553497314,0.7550098121166229,0.3484272003173828,-0.09570291638374329,0.014097192186658045,0.20000000000004547,,none,0.024630830821175564,0.0,-0.010000000000002274,-0.0005336386345152455
R02_deeper_empty,869,174.8000000000055,71.86691168255051,55.09472939472647,17.951020902870486,-1.7627848584707533,0.04327923941533128,0.8072428639689588,0.34750792985368695,-0.07408083097230873,-0.11319234222173691,0.9964278340339661,-0.490011990070343,-0.11319234222173691,0.9964278340339661,-0.490011990070343,0.8320845946669577,0.3487497419118881,-0.12250299751758575,0.020759662976572047,0.20000000000004547,,none,0.03131954715902019,0.0,-0.010000000000002274,-0.0005598841824458678
R02_deeper_empty,870,175.00000000000554,71.84143995363654,54.933952136107735,17.945321952602395,-1.6932267481460386,0.025818252450048842,0.8212472422821344,0.3480335568147312,-0.09867534654751167,-0.04901321604847908,0.9974417686462402,-0.5951648950576782,-0.04901321604847908,0.9974417686462402,-0.5951648950576782,0.8705920703709125,0.34910461902618406,-0.14879122376441956,0.028714804807580492,0.20000000000004547,,none,0.0390183472421235,0.0,-0.010000000000002274,-0.0003035424345407292
R02_deeper_empty,871,175.2000000000056,71.82698448426699,54.7692439753127,17.942809335538477,-1.623578276868243,0.00381862149144586,0.8321864002564121,0.34842188742961133,-0.11973378550272698,-0.04878193885087967,0.9977519512176514,-0.6505770087242126,-0.04878193885087967,0.9977519512176514,-0.6505770087242126,0.8707308366894722,0.349213182926178,-0.16264425218105316,0.03734699887121614,0.20000000000004547,,none,0.04740841191208567,0.0,-0.010000000000002274,-6.141304086725335e-05
R02_deeper_empty,872,175.40000000000563,71.82399331299413,54.60188338926038,17.944281329602926,-1.5538670299818758,-0.022020006975706975,0.8416669035039087,0.3486717493087326,-0.13732653141037077,-0.04154711961746216,0.9976596832275391,-0.6927000284194946,-0.04154711961746216,0.9976596832275391,-0.6927000284194946,0.8750717282295226,0.3491808891296386,-0.17317500710487366,0.04616628350239026,0.20000000000004547,,none,0.05620281750061196,0.0,-0.010000000000002274,-3.653399821942682e-05
R02_deeper_empty,873,175.60000000000568,71.83285040702498,54.43151679980777,17.9504845909163,-1.4841201189203588,-0.05110263320556408,0.8647227506885652,0.34878855745951765,-0.15236618970581403,0.07660114765167236,0.9972187876701355,-0.7320491075515747,0.07660114765167236,0.9972187876701355,-0.7320491075515747,0.9459606885910035,0.3490265756845474,-0.18301227688789368,0.05559616178143798,0.20000000000004547,,none,0.06590631293096294,0.0,-0.010000000000002274,-0.00031015114952268166
R02_deeper_empty,874,175.80000000000572,71.85456662543818,54.25424581328815,17.962452635975797,-1.4143671181786217,-0.0828043717748517,0.9229150607908438,0.3487447516108858,-0.163790169041543,0.3799288868904114,0.9961585402488708,-0.748274564743042,0.3799288868904114,0.9961585402488708,-0.748274564743042,1.1279573321342469,0.34865548908710475,-0.1870686411857605,0.0663492558872585,0.20000000000004547,,none,0.07819469802680779,0.0,-0.010000000000002274,-0.0018454421395470177
R02_deeper_empty,875,176.00000000000577,71.89120929647783,54.065485649617955,17.981675447098702,-1.3446642197114846,-0.11621998538450772,1.0060435648310082,0.3483165097131564,-0.16990508497256057,0.6649153828620911,0.9926968216896057,-0.7294614315032959,0.6649153828620911,0.9926968216896057,-0.7294614315032959,1.2989492297172547,0.34744388759136197,-0.18236535787582397,0.08244035234283104,0.20000000000004547,,none,0.09407201675011123,0.0,-0.010000000000002274,-0.0016316644072779242
R02_deeper_empty,876,176.20000000000582,71.94487094887278,53.86481650063818,18.009504983821014,-1.2751723627146057,-0.14942872515861033,1.086414067114883,0.3467222219507825,-0.16272358355088123,0.782669723033905,0.9813530445098877,-0.5923597812652588,0.782669723033905,0.9813530445098877,-0.5923597812652588,1.369601833820343,0.34347356557846065,-0.1480899453163147,0.10137527800581445,0.20000000000004547,,none,0.11203111057397663,0.0,-0.010000000000002274,-0.0006558325681599086
R02_deeper_empty,877,176.40000000000586,72.01670508098987,53.655398138460214,18.0463233852693,-1.2063159875254095,-0.17865589240444113,1.155193964847891,0.34218360606526427,-0.1318732806220248,0.8292365074157715,0.9512438178062439,-0.27604031562805176,0.8292365074157715,0.9512438178062439,-0.27604031562805176,1.3975419044494628,0.33293533623218535,-0.06901007890701294,0.1176921890485984,0.20000000000004547,,none,0.12975484975422802,0.0,-0.010000000000002274,-0.0020626607056273374
R02_deeper_empty,878,176.6000000000059,72.10714170325807,53.44073834897447,18.091057964545445,-1.1385208977656622,-0.19821704400694726,1.214360795146008,0.3362169957958768,-0.06851365908004886,0.871394693851471,0.9258826375007629,0.24237318336963654,0.871394693851471,0.9258826375007629,0.24237318336963654,1.4228368163108827,0.324058923125267,0.060593295842409134,0.13031782956337162,0.20000000000004547,,none,0.14574129072523512,0.0,-0.010000000000002274,-0.005423461161861209
R02_deeper_empty,879,176.80000000000595,72.21536812062617,53.225504710745405,18.140648670914334,-1.0716026742520752,-0.20543491274011724,1.2442773732193562,0.333193147235576,-0.008210114940658902,0.7494821548461914,0.9343757033348083,0.45867806673049927,0.7494821548461914,0.9343757033348083,0.45867806673049927,1.3496892929077149,0.3270314961671829,0.11466951668262482,0.1463266322456581,0.20000000000004547,,none,0.157561084283655,0.0,-0.010000000000002274,-0.0012344520379946333
R02_deeper_empty,880,177.000000000006,72.33927507370127,53.01522006780593,18.191311701416,-1.0051766587193238,-0.202076651650152,1.248703241357621,0.33121602414050144,0.0382881453558358,0.6071631908416748,0.9348207712173462,0.5321478247642517,0.6071631908416748,0.9348207712173462,0.5321478247642517,1.2642979145050048,0.32718726992607117,0.13303695619106293,0.1533080044414203,0.20000000000004547,,none,0.1638210582603481,0.0,-0.010000000000002274,-0.0005130538189255418
R02_deeper_empty,881,177.20000000000604,72.4756494872066,52.815279152612696,18.23970050688421,-0.9390685782454269,-0.19144726925808794,1.2211240154467877,0.32995948605266245,0.06592284716354274,0.37324637174606323,0.935425877571106,0.4889346659183502,0.37324637174606323,0.935425877571106,0.4889346659183502,1.1239478230476379,0.32739905714988704,0.12223366647958755,0.1532686969702258,0.20000000000004547,,none,0.16440039340036705,0.0,-0.010000000000002274,-0.001131696430138991
R02_deeper_empty,882,177.4000000000061,72.61919877180986,52.631994923215146,18.283198999383963,-0.8731259160081631,-0.1775331999692167,1.1509518981831561,0.3295016439446969,0.07270655658251197,0.0061640553176403046,0.9387677311897278,0.3461184799671173,0.0061640553176403046,0.9387677311897278,0.3461184799671173,0.9036984331905842,0.3285687059164047,0.08652961999177933,0.1455188267207489,0.20000000000004547,,none,0.1586219678805456,0.0,-0.010000000000002274,-0.003103141159794445
R02_deeper_empty,883,177.60000000000613,72.76419273662151,52.470063010571295,18.320797128171797,-0.8070157608108232,-0.16580727213513868,1.0593143668859573,0.33145284567693956,0.04652595724943556,-0.2734159827232361,0.9583679437637329,-0.0272874366492033,-0.2734159827232361,0.9583679437637329,-0.0272874366492033,0.7359504103660583,0.3354287803173065,-0.006821859162300825,0.13371172049442576,0.20000000000004547,,none,0.1480713433857872,0.0,-0.010000000000002274,-0.004359622891359174
R02_deeper_empty,884,177.80000000000618,72.90796588568607,52.32949630078912,18.353941509161125,-0.7402979833156547,-0.16319082819783026,0.982494856687757,0.3354255090703916,-0.015673533427457944,-0.31363481283187866,0.9814872741699219,-0.5696660280227661,-0.31363481283187866,0.9814872741699219,-0.5696660280227661,0.7118191123008728,0.3435205459594726,-0.14241650700569153,0.12165552763685548,0.20000000000004547,,none,0.13758205951913993,0.0,-0.010000000000002274,-0.005926531882282172
R02_deeper_empty,885,178.00000000000622,73.05614779482747,52.20301044528381,18.38677985237735,-0.6727932941219369,-0.17306328587646225,0.9930822436585053,0.33932730402661443,-0.07832871353299303,0.2173120081424713,0.9922226667404175,-0.8240009546279907,0.2173120081424713,0.9922226667404175,-0.8240009546279907,1.0303872048854827,0.3472779333591461,-0.20600023865699768,0.11850550771487717,0.20000000000004547,,none,0.13543962831983336,0.0,-0.010000000000002274,-0.006934120604953922
R02_deeper_empty,886,178.20000000000627,73.21943722912688,52.08183873415877,18.42424300328233,-0.6047017040828174,-0.1922889990085494,1.0712280024639997,0.34143010774926336,-0.1114333189727677,0.7442947030067444,0.9877570271492004,-0.7155603170394897,0.7442947030067444,0.9877570271492004,-0.7155603170394897,1.3465768218040466,0.34571495950222014,-0.17889007925987244,0.12930541067726642,0.20000000000004547,,none,0.1450952121673481,0.0,-0.010000000000002274,-0.005789801490079416
R02_deeper_empty,887,178.40000000000632,73.40318798644334,51.96398668822758,18.469238921193305,-0.5367122412047581,-0.21360354118449362,1.154152877480829,0.33867237196888333,-0.10239343976671511,0.9105684161186218,0.9515799283981323,-0.33589205145835876,0.9105684161186218,0.9515799283981323,-0.33589205145835876,1.446341049671173,0.33305297493934627,-0.08397301286458969,0.14683209935914737,0.20000000000004547,,none,0.16029417379985844,0.0,-0.010000000000002274,-0.0034620744407087936
R02_deeper_empty,888,178.60000000000636,73.60651396669302,51.85215622679441,18.521662193681184,-0.46984801756495354,-0.2286519546986527,1.222052816034251,0.3305798025369456,-0.051896645902421254,0.9355003237724304,0.8973991274833679,0.20399966835975647,0.9355003237724304,0.8973991274833679,0.20399966835975647,1.4613001942634583,0.31408969461917874,0.05099991708993912,0.15825585938668404,0.20000000000004547,,none,0.17415666395339002,0.0,-0.010000000000002274,-0.0059008045667037125
R02_deeper_empty,889,178.8000000000064,73.82635227263629,51.74947169031643,18.578932743353036,-0.4048793277219023,-0.23256930488759558,1.26916911436923,0.3199111906845528,0.00819409624067755,0.8919745683670044,0.8519197702407837,0.5225604176521301,0.8919745683670044,0.8519197702407837,0.5225604176521301,1.4351847410202025,0.29817191958427425,0.13064010441303253,0.17130225451822687,0.20000000000004547,,none,0.18341113080439975,0.0,-0.010000000000002274,-0.0021088762861706024
R02_deeper_empty,890,179.00000000000645,74.0581559981881,51.658727593092564,18.637202817829092,-0.34188163738295696,-0.22527555411313496,1.2869895850242496,0.31075575889925544,0.06078000415373141,0.7496342062950134,0.8345710635185242,0.671734094619751,0.7496342062950134,0.8345710635185242,0.671734094619751,1.349780523777008,0.2920998722314834,0.16793352365493774,0.1754333413511489,0.20000000000004547,,none,0.18628963219514638,0.0,-0.010000000000002274,-0.0008562908439952111
R02_deeper_empty,891,179.2000000000065,74.29725168577653,51.58173592427634,18.692808557210867,-0.28199251917190543,-0.20890518496139035,1.286095887879829,0.289720828875544,0.09996993658846234,0.6382448673248291,0.7053093314170837,0.7193067073822021,0.6382448673248291,0.7053093314170837,0.7193067073822021,1.2829469203948973,0.2468582659959793,0.17982667684555054,0.1724428705959071,0.20000000000004547,,none,0.1830704572700519,0.0,-0.010000000000002274,-0.0006275866741425062
R02_deeper_empty,892,179.40000000000654,74.5382892879432,51.51920317134626,18.742725159080003,-0.22629824394687914,-0.1853909744111358,1.2554063890510627,0.26879881828526314,0.13270492796353917,0.41211843490600586,0.6461895704269409,0.7976341247558594,0.41211843490600586,0.6461895704269409,0.7976341247558594,1.1472710609436034,0.2261663496494293,0.19940853118896484,0.16295489711451872,0.20000000000004547,,none,0.17417016699232946,0.0,-0.010000000000002274,-0.001215269877808467
R02_deeper_empty,893,179.6000000000066,74.773309000472,51.4715015853819,18.784264035439275,-0.17440688104402197,-0.15650638398916125,1.1821945765356683,0.25142432850631263,0.1544983992306435,0.040384430438280106,0.6172016859054565,0.7956265211105347,0.040384430438280106,0.6172016859054565,0.7956265211105347,0.924230658262968,0.21602059006690977,0.19890663027763367,0.14600069275693456,0.20000000000004547,,none,0.1587813027169176,0.0,-0.010000000000002274,-0.0027806099599807753
R02_deeper_empty,894,179.80000000000663,74.99609260778473,51.437775888590195,18.816239855990705,-0.1263304622412002,-0.12473738688770167,1.0978595668403446,0.230887707560215,0.16258228794322113,-0.16549542546272278,0.5401158332824707,0.7162188291549683,-0.16549542546272278,0.5401158332824707,0.7162188291549683,0.8007027447223662,0.18904054164886475,0.17905470728874207,0.12844638863399085,0.20000000000004547,,none,0.13953907513963593,0.0,-0.010000000000002274,-0.0010926865056428107
R02_deeper_empty,895,180.00000000000668,75.20462240488366,51.415865539517014,18.839196681104422,-0.08384136334200494,-0.09337357399773999,1.015548213586983,0.19658842335511673,0.15186370228056156,-0.29079699516296387,0.3619922399520874,0.5200904011726379,-0.29079699516296387,0.3619922399520874,0.5200904011726379,0.7255218029022217,0.12669728398323057,0.13002260029315948,0.10865811539041471,0.20000000000004547,,none,0.12037601255307884,0.0,-0.010000000000002274,-0.0017178971626618455
R02_deeper_empty,896,180.20000000000672,75.39752543882793,51.40312369377335,18.854564119013638,-0.049258698861568063,-0.0658954730344931,0.9280481761406248,0.1525568847680452,0.1249460915005369,-0.46710118651390076,0.17952707409858704,0.28038591146469116,-0.46710118651390076,0.17952707409858704,0.28038591146469116,0.6197392880916595,0.06283447593450546,0.07009647786617279,0.09011826613701789,0.20000000000004547,,none,0.10255496507750017,0.0,-0.010000000000002274,-0.0024366989404800065
R02_deeper_empty,897,180.40000000000677,75.57411833111418,51.39675511097862,18.864256155597555,-0.02449914511856701,-0.04471618521233256,0.8456356633841653,0.09906996909503515,0.08951707660693874,-0.5745786428451538,-0.028341487050056458,0.06929560750722885,-0.5745786428451538,-0.028341487050056458,0.06929560750722885,0.5552528142929076,-0.00991952046751976,0.017323901876807213,0.07495594370230965,0.20000000000004547,,none,0.08694234087747787,0.0,-0.010000000000002274,-0.0019863971751659516
R02_deeper_empty,898,180.60000000000682,75.7348251249347,51.393990935059406,18.870188247318595,-0.012429166230958365,-0.02993040990874867,0.7665104669977519,0.02705741612881598,0.06052575635503372,-0.6871490478515625,-0.34194710850715637,0.0058023035526275635,-0.6871490478515625,-0.34194710850715637,0.0058023035526275635,0.4877105712890625,-0.11968148797750472,0.0014505758881568909,0.06178240412268747,0.20000000000004547,,none,0.07408344375348719,0.0,-0.010000000000002274,-0.0023010396307974424
R02_deeper_empty,899,180.80000000000686,75.87877944783038,51.392149742112075,18.873787030306527,-0.01682963626520641,-0.02099320244514103,0.6777611449925972,-0.06692741869173949,0.0310666549399053,-0.8915650248527527,-0.7599608302116394,-0.11584686487913132,-0.8915650248527527,-0.7599608302116394,-0.11584686487913132,0.3650609850883484,-0.26598629057407375,-0.02896171621978283,0.04838684177643629,0.20000000000004547,,none,0.06301323944377302,0.0,-0.010000000000002274,-0.004626397667334451
R02_deeper_empty,900,181.0000000000069,76.00804221993812,51.38876306602114,18.87619394242863,-0.03893101781615189,-0.01692268979372696,0.6183556051562578,-0.14797763081529716,0.011140322110488715,-0.8182691931724548,-0.8946641087532043,-0.1178530752658844,-0.8182691931724548,-0.8946641087532043,-0.1178530752658844,0.4090384840965271,-0.3131324380636215,-0.0294632688164711,0.044182035933618885,0.20000000000004547,,none,0.05465246147505454,0.0,-0.010000000000002274,-0.000470425541433378
R02_deeper_empty,901,181.20000000000695,76.12663477546712,51.38217671652142,18.878108236506606,-0.07459330463835297,-0.015612652095003092,0.5718019467216785,-0.20439318878748738,0.0026034780280577196,-0.8203853368759155,-0.9124295115470886,-0.059167686849832535,-0.8203853368759155,-0.9124295115470886,-0.059167686849832535,0.40776879787445064,-0.319350329041481,-0.014791921712458134,0.03907124889188516,0.20000000000004547,,none,0.04914653014017034,0.0,-0.010000000000002274,-7.528124828291044e-05
R02_deeper_empty,902,181.400000000007,76.23639935447275,51.371614530208866,18.879782737066392,-0.11898813254437819,-0.014552285282118688,0.5329543167248968,-0.23709067601514028,0.007621947354673862,-0.8398773670196533,-0.8677653074264526,0.07139202952384949,-0.8398773670196533,-0.8677653074264526,0.07139202952384949,0.396073579788208,-0.3037178575992584,0.017848007380962372,0.03458025128380336,0.20000000000004547,,none,0.044968664681974246,0.0,-0.010000000000002274,-0.0003884133981686103
R02_deeper_empty,903,181.60000000000704,76.33823184313813,51.3569592177788,18.88115872024016,-0.16794203102771435,-0.011694404312543278,0.4977094867253693,-0.2513719287692321,0.020022249785201538,-0.8774611353874207,-0.8013503551483154,0.18116064369678497,-0.8774611353874207,-0.8013503551483154,0.18116064369678497,0.3735233187675476,-0.2804726243019104,0.04529016092419624,0.03094979352657297,0.20000000000004547,,none,0.041307246210340764,0.0,-0.010000000000002274,-0.0003574526837655201
R02_deeper_empty,904,181.8000000000071,76.4329086357695,51.3384706149899,18.88206199824088,-0.2182556795695278,-0.006600692026228237,0.4684571437447904,-0.25173703829227945,0.03015143495282872,-0.8910238742828369,-0.7213743329048157,0.20316609740257263,-0.8910238742828369,-0.7213743329048157,0.20316609740257263,0.3653856754302978,-0.2524810165166855,0.05079152435064316,0.027770131345473098,0.20000000000004547,,none,0.037911418385736084,0.0,-0.010000000000002274,-0.00014128704026071138
R02_deeper_empty,905,182.00000000000713,76.52164022777674,51.31647519639296,18.882377647310754,-0.26781002957017114,-8.66473710662524e-05,0.4468267664785832,-0.2443622970121537,0.034649957328257625,-0.882314145565033,-0.6552425622940063,0.1752661168575287,-0.882314145565033,-0.6552425622940063,0.1752661168575287,0.3706115126609802,-0.2293348968029022,0.04381652921438217,0.024834363661002713,0.20000000000004547,,none,0.03493891724846243,0.0,-0.010000000000002274,-0.00010455358745744548
R02_deeper_empty,906,182.20000000000718,76.60567430015837,51.29124465291472,18.88207728807707,-0.3153365660745002,0.0070410085440961905,0.4313840449368668,-0.2318463934599775,0.03648806350006134,-0.87171471118927,-0.5895512104034424,0.160934180021286,-0.87171471118927,-0.5895512104034424,0.160934180021286,0.376971173286438,-0.20634292364120482,0.0402335450053215,0.022349204113078613,0.20000000000004547,,none,0.03244186623579637,0.0,-0.010000000000002274,-9.266212271548113e-05
R02_deeper_empty,907,182.40000000000722,76.6859316888052,51.263054798576675,18.881162940293674,-0.35971731596276396,0.014565516803229572,0.41991396626250727,-0.21335481808568696,0.03859799337671493,-0.867501974105835,-0.5019280314445496,0.1715894639492035,-0.867501974105835,-0.5019280314445496,0.1715894639492035,0.379498815536499,-0.17567481100559235,0.04289736598730087,0.020137966500255615,0.20000000000004547,,none,0.030294148574661506,0.0,-0.010000000000002274,-0.00015618207440361686
R02_deeper_empty,908,182.60000000000727,76.76301843970137,51.232252349983796,18.879616108578055,-0.3998068180365966,0.02296032205177851,0.41084134011252493,-0.18934948780620095,0.04487682284009678,-0.8685438632965088,-0.4012405276298523,0.23068439960479736,-0.8685438632965088,-0.4012405276298523,0.23068439960479736,0.3788736820220947,-0.1404341846704483,0.05767109990119934,0.018061203322592104,0.20000000000004547,,none,0.02833382873014756,0.0,-0.010000000000002274,-0.000272625407553182
R02_deeper_empty,909,182.80000000000732,76.83726052195262,51.19931307315483,18.87735684457765,-0.4342813210791443,0.03309552623557707,0.4021353050264248,-0.15777529408568372,0.055662314927020846,-0.8809010982513428,-0.2669629454612732,0.3105590045452118,-0.8809010982513428,-0.2669629454612732,0.3105590045452118,0.3714593410491943,-0.09343703091144562,0.07763975113630295,0.015887739659845346,0.20000000000004547,,none,0.026379002116710737,0.0,-0.010000000000002274,-0.0004912624568631152
R02_deeper_empty,910,183.00000000000736,76.9092667472639,51.16465475754003,18.87422002879334,-0.46140344873123545,0.04601592370907797,0.3978407451080721,-0.11655291872272648,0.07228853894192548,-0.862152099609375,-0.09301342815160751,0.42467018961906433,-0.862152099609375,-0.09301342815160751,0.42467018961906433,0.38270874023437496,-0.03255469985306263,0.10616754740476608,0.01356715259397494,0.20000000000004547,,none,0.024439779035603237,0.0,-0.010000000000002274,-0.0008726264416260243
R02_deeper_empty,911,183.2000000000074,76.97974069617253,51.1287241786423,18.869969961643225,-0.47992526253401485,0.061829093890521145,0.3945234442844379,-0.0720215545493128,0.084893151437964,-0.861941933631897,0.053483832627534866,0.44230952858924866,-0.861941933631897,0.053483832627534866,0.44230952858924866,0.3828348398208618,0.0187193414196372,0.11057738214731216,0.012026162209876713,0.20000000000004547,,none,0.02246161496717569,0.0,-0.010000000000002274,-0.00043545275729670404
R02_deeper_empty,912,183.40000000000745,77.0501418665515,51.09158053796486,18.864372712239987,-0.489221265518977,0.07836592457889795,0.4030407993296951,-0.02451876713626952,0.08078480230371832,-0.7782467603683472,0.20650558173656464,0.28965312242507935,-0.7782467603683472,0.20650558173656464,0.28965312242507935,0.4330519437789917,0.07227695360779762,0.07241328060626984,0.009630860067494112,0.20000000000004547,,none,0.020705350388915633,0.0,-0.010000000000002274,-0.001074490321419246
R02_deeper_empty,913,183.6000000000075,77.12442479194553,51.05197001690966,18.85717606481869,-0.4886289872109557,0.09067867432752776,0.440129443732886,0.026589511960120854,0.04503701127131959,-0.548646092414856,0.37352025508880615,-0.11122291535139084,-0.548646092414856,0.37352025508880615,-0.11122291535139084,0.5708123445510864,0.13073208928108215,-0.02780572883784771,0.005174621722727111,0.20000000000004547,,none,0.02000086103278953,0.0,-0.010000000000002274,-0.004826239310060145
R02_deeper_empty,914,183.80000000000754,77.21066842502366,51.006668936509996,18.848087570052304,-0.4767566783846638,0.09294064829085225,0.5351663362874963,0.08753974832860935,-0.017689560976313287,-0.04178813099861145,0.6049632430076599,-0.5820262432098389,-0.04178813099861145,0.6049632430076599,-0.5820262432098389,0.8749271214008332,0.21173713505268096,-0.14550656080245972,0.0009306651392087771,0.20000000000004547,,none,0.021573197603819594,0.0,-0.010000000000002274,-0.010642532464608542
R02_deeper_empty,915,184.0000000000076,77.3148459423934,50.95436794903781,18.83771242001827,-0.45188781993584726,0.08244023459470487,0.6351663362874964,0.15598974982239464,-0.0824347238603552,0.7969014644622803,0.8441979885101318,-0.8574599027633667,0.7969014644622803,0.8441979885101318,-0.8574599027633667,1.3781408786773681,0.2954692959785461,-0.21436497569084167,-0.0016008649480249403,0.20000000000004547,,none,0.025129079088078043,0.0,-0.010000000000002274,-0.01672994403610071
R02_deeper_empty,916,184.20000000000763,77.43885418673831,50.89692635565283,18.827825724913755,-0.4143131436570332,0.060613263601094675,0.7351663362874965,0.2152877167723654,-0.1320922883829157,0.9461976885795593,0.9603379964828491,-0.9331150650978088,0.9461976885795593,0.9603379964828491,-0.9331150650978088,1.4677186131477356,0.3361182987689972,-0.2332787662744522,0.019214132223081392,0.20000000000004547,,none,0.030044163574592275,0.0,-0.010000000000002274,-0.0008300313515086089
R02_deeper_empty,917,184.40000000000768,77.58387151599379,50.83716690282292,18.82060319460923,-0.36686668711777964,0.03082200302386267,0.8351663362874966,0.25610076349076394,-0.16345639985212418,0.9801498055458069,0.9693282842636108,-0.9094663262367249,0.9801498055458069,0.9693282842636108,-0.9094663262367249,1.488089883327484,0.3392648994922638,-0.2273665815591812,0.026251556129960604,0.20000000000004547,,none,0.03628741281737469,0.0,-0.010000000000002274,-3.585668741180825e-05
R02_deeper_empty,918,184.60000000000773,77.75073875049763,50.77817361405911,18.81819927224088,-0.3127028084624906,-0.003690287675322902,0.9351663362874967,0.2834748353752084,-0.18039020392128235,0.9832897186279297,0.969298779964447,-0.859583854675293,0.9832897186279297,0.969298779964447,-0.859583854675293,1.4899738311767579,0.33925457298755646,-0.21489596366882324,0.0335836319659839,0.20000000000004547,,none,0.04363359438386105,0.0,-0.010000000000002274,-4.9962417874880315e-05
R02_deeper_empty,919,184.80000000000777,77.93983878591911,50.72312967793066,18.822557630795583,-0.254047311458633,-0.04009109699473387,1.0351663362874965,0.30170604574752863,-0.18339166846384167,0.9812325835227966,0.9681586027145386,-0.7580308318138123,0.9812325835227966,0.9681586027145386,-0.7580308318138123,1.488739550113678,0.3388555109500885,-0.18950770795345306,0.04146514290582999,0.20000000000004547,,none,0.051671513871058394,0.0,-0.010000000000002274,-0.00020637096522612807
R02_deeper_empty,920,185.00000000000782,78.15102713607985,50.67522551040723,18.8351665491343,-0.19249439022962772,-0.07514678069126839,1.1322955350044497,0.31297390629244776,-0.1683024453883996,0.9774861931800842,0.9598121643066406,-0.5502214431762695,0.9774861931800842,0.9598121643066406,-0.5502214431762695,1.4864917159080506,0.3359342575073242,-0.13755536079406738,0.048889051829413076,0.20000000000004547,,none,0.05975442063902747,0.0,-0.010000000000002274,-0.0008653688096121215
R02_deeper_empty,921,185.20000000000786,78.38132420187077,50.63788342443339,18.856458042740385,-0.12944705441857027,-0.10531793505796622,1.2073597227617976,0.31718226706855673,-0.1358546901971411,0.9530842304229736,0.9307359457015991,-0.27894553542137146,0.9530842304229736,0.9307359457015991,-0.27894553542137146,1.471850538253784,0.3257575809955597,-0.06973638385534286,0.05473819537167207,0.20000000000004547,,none,0.06623882537973458,0.0,-0.010000000000002274,-0.0015006300080602308
R02_deeper_empty,922,185.4000000000079,78.62555251830487,50.61393093177376,18.88533187278775,-0.06673272709375005,-0.1267242615514201,1.2614420292036856,0.31046712722375636,-0.08224885421133768,0.9200043082237244,0.8479536771774292,0.10793182998895645,0.9200043082237244,0.8479536771774292,0.10793182998895645,1.4520025849342346,0.2967837870121002,0.026982957497239113,0.05630688557905662,0.20000000000004547,,none,0.06945931120108995,0.0,-0.010000000000002274,-0.003152425622031051
R02_deeper_empty,923,185.60000000000795,78.87920694422553,50.60476639367024,18.91916053321045,-0.006353751857903746,-0.13530565935762082,1.29785306989164,0.29452424261281207,-0.00670311857904405,0.8769140243530273,0.7486790418624878,0.6166542172431946,0.8769140243530273,0.7486790418624878,0.6166542172431946,1.4261484146118164,0.2620376646518707,0.15416355431079865,0.05301860625361969,0.20000000000004547,,none,0.06842882011511442,0.0,-0.010000000000002274,-0.005410213861492458
R02_deeper_empty,924,185.800000000008,79.13640092379826,50.610510090290084,18.95372866193279,0.05016487927762441,-0.1291317979704602,1.2981565939030126,0.2723345118988389,0.06370628707441307,0.6653767824172974,0.6489109396934509,0.832365870475769,0.6653767824172974,0.6489109396934509,0.832365870475769,1.2992260694503783,0.22711882889270782,0.20809146761894226,0.04980042559695704,0.20000000000004547,,none,0.06182508952248966,0.0,-0.010000000000002274,-0.002024663925530348
R02_deeper_empty,925,186.00000000000804,79.38946742812766,50.629660182042805,18.984595327253462,0.09919377658321182,-0.1108912245946633,1.2604873652635422,0.2217658299032494,0.11484510659135871,0.379597932100296,0.3392079472541809,0.8761996626853943,0.379597932100296,0.3392079472541809,0.8761996626853943,1.1277587592601777,0.1187227815389633,0.21904991567134857,0.0363281257292496,0.20000000000004547,,none,0.04991826365232832,0.0,-0.010000000000002274,-0.003590137923076444
R02_deeper_empty,926,186.2000000000081,79.62869609662643,50.65806908896782,19.008362146195307,0.1344301798460194,-0.0840774712867069,1.1604873652635426,0.13682158693668955,0.1505977450483829,-0.371774286031723,-0.1033674031496048,0.8938014507293701,-0.371774286031723,-0.1033674031496048,0.8938014507293701,0.6769354283809661,-0.03617859110236168,0.22345036268234253,0.00942151846928588,0.20000000000004547,,none,0.03463637794744834,0.0,-0.010000000000002274,-0.015214859478160184
R02_deeper_empty,927,186.40000000000813,79.84794074643412,50.69005474496746,19.02355116677957,0.15179449723335736,-0.05148828110503441,1.060487365263543,0.03682158693668956,0.17356324386022412,-0.9291500449180603,-0.7503814697265625,0.8814387917518616,-0.9291500449180603,-0.7503814697265625,0.8814387917518616,0.3425099730491638,-0.26263351440429683,0.2203596979379654,-0.0054770047759629265,0.20000000000004547,,none,0.019111950709630676,0.0,-0.010000000000002274,-0.014588955485591328
R02_deeper_empty,928,186.60000000000818,80.04756618017245,50.720709644664346,19.03061154888704,0.1491588146206953,-0.018491674009252928,0.9604873652635431,-0.06317841306331044,0.15760555999741177,-0.9859961867332458,-0.9452689290046692,0.5003553032875061,-0.9859961867332458,-0.9452689290046692,0.5003553032875061,0.3084022879600525,-0.3308441251516342,0.12508882582187653,-0.007934199978579741,0.20000000000004547,,none,0.005794544637488741,0.0,-0.010000000000002274,-0.0037287446160662084
R02_deeper_empty,929,186.80000000000823,80.22787228346006,50.74611382223953,19.031418213680872,0.12698476902398304,0.008509399677293302,0.860487365263543,-0.15303206059996113,0.115573164488991,-0.9894552826881409,-0.9679418802261353,0.11969751864671707,-0.9894552826881409,-0.9679418802261353,0.11969751864671707,0.30632683038711545,-0.33877965807914734,0.029924379661679268,-0.016933707832244346,0.20000000000004547,,none,-0.0040251802908510825,0.0,-0.010000000000002274,-0.0029085275413909895
R02_deeper_empty,930,187.00000000000827,80.3889519827977,50.763887883017894,19.028363085619343,0.08977691791407809,0.028464570150422187,0.7604873652635429,-0.2144196585224395,0.08619293250121597,-0.9901801347732544,-0.9700235724449158,0.10530108958482742,-0.9901801347732544,-0.9700235724449158,0.10530108958482742,0.30589191913604735,-0.3395082503557205,0.026325272396206856,-0.020051811625535623,0.20000000000004547,,none,-0.010047569305077886,0.0,-0.010000000000002274,-4.242320455460913e-06
R02_deeper_empty,931,187.20000000000832,80.53068283088116,50.77346028401187,19.02315647131629,0.04254486506909157,0.044860010845620746,0.6632207954042345,-0.2548533749741138,0.07835241534288215,-0.986649751663208,-0.9635558724403381,0.24950364232063293,-0.986649751663208,-0.9635558724403381,0.24950364232063293,0.3080101490020752,-0.33724455535411835,0.062375910580158234,-0.023639322132589194,0.20000000000004547,,none,-0.013222348713311405,0.0,-0.010000000000002274,-0.0004169734192755137
R02_deeper_empty,932,187.40000000000836,80.65495238077682,50.77553087101515,19.0166296625424,-0.011287078766598561,0.06026987951511172,0.5851841802303924,-0.2814606679324638,0.07592892980157627,-0.9829667806625366,-0.9590798616409302,0.28396251797676086,-0.9829667806625366,-0.9590798616409302,0.28396251797676086,0.310219931602478,-0.33567795157432556,0.07099062949419022,-0.024845893821237367,0.20000000000004547,,none,-0.01482147356004404,0.0,-0.010000000000002274,-2.4420261191053784e-05
R02_deeper_empty,933,187.6000000000084,80.76538779916535,50.77115963891709,19.009153127748288,-0.06949326704047114,0.07482481243728734,0.5255234328602465,-0.2992596992845752,0.07006254934836503,-0.9744881987571716,-0.958652913570404,0.23243485391139984,-0.9744881987571716,-0.958652913570404,0.23243485391139984,0.315307080745697,-0.3355285197496414,0.05810871347784996,-0.025774438519418196,0.20000000000004547,,none,-0.01571989514341965,0.0,-0.010000000000002274,-5.4543375996272125e-05
R02_deeper_empty,934,187.80000000000845,80.86496616319033,50.7612278274024,19.00097601689761,-0.13064096526482477,0.08816129144630713,0.48079376918635264,-0.31130911665956784,0.06377605473402721,-0.96135413646698,-0.9596058130264282,0.20386463403701782,-0.96135413646698,-0.9596058130264282,0.20386463403701782,0.323187518119812,-0.33586203455924984,0.050966158509254456,-0.0262500234237805,0.20000000000004547,,none,-0.0162302300423125,0.0,-0.010000000000002274,-1.9793381465729178e-05
R02_deeper_empty,935,188.0000000000085,80.95605439649597,50.74636828977317,18.992254377225738,-0.19380153852932,0.10009362384517212,0.44793586869902974,-0.31966670347942383,0.05612400530704767,-0.9463998079299927,-0.9619909524917603,0.16212615370750427,-0.9463998079299927,-0.9619909524917603,0.16212615370750427,0.3321601152420044,-0.3366968333721161,0.04053153842687607,-0.026586491563972477,0.20000000000004547,,none,-0.016547063132520634,0.0,-0.010000000000002274,-3.942843144956854e-05
R02_deeper_empty,936,188.20000000000854,81.04052607469733,50.726972238016636,18.983085072179954,-0.2583753879081081,0.11046677214468292,0.42483134375018533,-0.3256228729679261,0.04820438090441432,-0.9276301860809326,-0.9650276303291321,0.12826672196388245,-0.9276301860809326,-0.9650276303291321,0.12826672196388245,0.34342188835144044,-0.3377596706151962,0.03206668049097061,-0.026812437685332,0.20000000000004547,,none,-0.016782278060636813,0.0,-0.010000000000002274,-3.0159624692913667e-05
R02_deeper_empty,937,188.4000000000086,81.11988623767145,50.70321251341799,18.973515094623863,-0.3239569533635343,0.11927991232989109,0.4099260417184853,-0.3298724875328427,0.0405071614699721,-0.9043220281600952,-0.9672338962554932,0.09929060935974121,-0.9043220281600952,-0.9672338962554932,0.09929060935974121,0.35740678310394286,-0.33853186368942256,0.024822652339935303,-0.027041893550035088,0.20000000000004547,,none,-0.017014138491299846,0.0,-0.010000000000002274,-2.7755058732967797e-05
R02_deeper_empty,938,188.60000000000863,81.19527245646398,50.67510091147947,18.963560202600647,-0.39023767332792203,0.12665528464450668,0.4013236741646083,-0.332720088055117,0.033755439890810736,-0.8816450238227844,-0.9672074317932129,0.07999023050069809,-0.8816450238227844,-0.9672074317932129,0.07999023050069809,0.37101298570632935,-0.3385226011276245,0.019997557625174522,-0.027298567526911833,0.20000000000004547,,none,-0.017280832489905862,0.0,-0.010000000000002274,-1.7735037003695496e-05
R02_deeper_empty,939,188.80000000000868,81.26746579223466,50.64255620371926,18.95321827295948,-0.45697055823938804,0.13283049357125487,0.3976120739748554,-0.3344763884493176,0.02840026934175384,-0.8591097593307495,-0.9658719301223755,0.06995247304439545,-0.8591097593307495,-0.9658719301223755,0.06995247304439545,0.38453414440155026,-0.3380551755428314,0.01748811826109886,-0.027605882827623322,0.20000000000004547,,none,-0.01759367526191724,0.0,-0.010000000000002274,-1.2207565703806766e-05
R02_deeper_empty,940,189.00000000000873,81.33701036740902,50.605421165851155,18.942466776779696,-0.5239721607874452,0.13802879701265064,0.39817831057144437,-0.3354651164605792,0.023920412517494043,-0.8330442309379578,-0.964228093624115,0.05916750058531761,-0.8330442309379578,-0.964228093624115,0.05916750058531761,0.4001734614372253,-0.33747983276844024,0.014791875146329403,-0.027984935636472186,0.20000000000004547,,none,-0.017968967044474482,0.0,-0.010000000000002274,-1.596859199543027e-05
R02_deeper_empty,941,189.20000000000877,81.4043512300476,50.56342667770144,18.931258478071772,-0.5911217343483642,0.1423591902057573,0.4032192580054251,-0.33599098440679537,0.019701499487980684,-0.7983646988868713,-0.9630358219146729,0.044418733566999435,-0.7983646988868713,-0.9630358219146729,0.044418733566999435,0.42098118066787715,-0.3370625376701355,0.011104683391749859,-0.028465506893867284,0.20000000000004547,,none,-0.018437074542191567,0.0,-0.010000000000002274,-2.8432351673441935e-05
R02_deeper_empty,942,189.40000000000882,81.46972344064677,50.51627919278379,18.919551449601375,-0.6583352561510399,0.14592837718027601,0.41101592590797076,-0.3361334927461766,0.016250474500773413,-0.7691871523857117,-0.961211085319519,0.03687348961830139,-0.7691871523857117,-0.961211085319519,0.03687348961830139,0.438487708568573,-0.33642387986183164,0.009218372404575348,-0.029002762888001465,0.20000000000004547,,none,-0.018984531096204904,0.0,-0.010000000000002274,-1.8231791794287856e-05
R02_deeper_empty,943,189.60000000000886,81.53305537267879,50.46379006726051,18.90732589980753,-0.7255322363415343,0.1490660618562248,0.420286842722992,-0.3358571380513756,0.015205157918059948,-0.7450780272483826,-0.9579828977584839,0.052300527691841125,-0.7450780272483826,-0.9579828977584839,0.052300527691841125,0.4529531836509705,-0.33529401421546934,0.013075131922960281,-0.02958234617861305,0.20000000000004547,,none,-0.019565752886339993,0.0,-0.010000000000002274,-1.6593292270781214e-05
R02_deeper_empty,944,189.8000000000089,81.59410942861312,50.40585201577879,18.894549704556287,-0.7926237143140129,0.15217997730857222,0.43070084415717685,-0.3351136764778323,0.01588291403090135,-0.7210085391998291,-0.9531392455101013,0.06905587017536163,-0.7210085391998291,-0.9531392455101013,0.06905587017536163,0.46739487648010253,-0.33359873592853545,0.01726396754384041,-0.030197993504599126,0.20000000000004547,,none,-0.020180322650121596,0.0,-0.010000000000002274,-1.7670854475255738e-05
R02_deeper_empty,945,190.00000000000895,81.6525741177742,50.34240708840834,18.881170503435555,-0.8595238302137377,0.15550822385866592,0.44198030520010567,-0.33397342354495985,0.017293253949970586,-0.6971269845962524,-0.9475712776184082,0.08066833019256592,-0.6971269845962524,-0.9475712776184082,0.08066833019256592,0.48172380924224856,-0.33164994716644286,0.02016708254814148,-0.03085885100883726,0.20000000000004547,,none,-0.020844127405947432,0.0,-0.010000000000002274,-1.4723602887554144e-05
R02_deeper_empty,946,190.200000000009,81.70808507133668,50.27345049898141,18.867127598361133,-0.9261630866278556,0.15912472183340348,0.453918034608764,-0.33252807660074213,0.018761094450357042,-0.67336505651474,-0.9416654706001282,0.08700836449861526,-0.67336505651474,-0.9416654706001282,0.08700836449861526,0.495980966091156,-0.32958291471004486,0.021752091124653816,-0.03157530074708575,0.20000000000004547,,none,-0.021562506670729675,0.0,-0.010000000000002274,-1.2794076353800366e-05
R02_deeper_empty,947,190.40000000000904,81.76024375308346,50.19902965452025,18.852361218521075,-0.9924846474849566,0.16300043886792442,0.4663593563042728,-0.3308165313769423,0.01990951897525592,-0.6496721506118774,-0.9352255463600159,0.08899858593940735,-0.6496721506118774,-0.9352255463600159,0.08899858593940735,0.5101967096328736,-0.32732894122600553,0.022249646484851837,-0.032345008163001385,0.20000000000004547,,none,-0.022332872415084637,0.0,-0.010000000000002274,-1.2135747914473472e-05
R02_deeper_empty,948,190.6000000000091,81.80866014778601,50.11919696872738,18.836810262054534,-1.0584103806494578,0.1670268441058809,0.47970215724504695,-0.32860730962534773,0.020323343398720817,-0.6221401691436768,-0.9260160326957703,0.08466634899377823,-0.6221401691436768,-0.9260160326957703,0.08466634899377823,0.5267158985137939,-0.32410561144351957,0.021166587248444557,-0.03317790676791811,0.20000000000004547,,none,-0.023160674899466827,0.0,-0.010000000000002274,-1.7231868449006927e-05
R02_deeper_empty,949,190.80000000000913,81.8530252461776,50.0338718392923,18.820392603157018,-1.1237708231877532,0.17105554750089497,0.49533262552794977,-0.32525014568103544,0.01998889776625304,-0.5826549530029297,-0.9097408652305603,0.07722961157560349,-0.5826549530029297,-0.9097408652305603,0.07722961157560349,0.5504070281982422,-0.3184093028306961,0.01930740289390087,-0.03412325059035894,0.20000000000004547,,none,-0.024085665221694086,0.0,-0.010000000000002274,-3.7585368662580444e-05
R02_deeper_empty,950,191.00000000000918,81.89289202708814,49.94326938532984,18.803087310948566,-1.188340235466306,0.17501198883349364,0.5090512015494841,-0.3207808300579511,0.019604488537888085,-0.5710183382034302,-0.8904964923858643,0.07528473436832428,-0.5710183382034302,-0.8904964923858643,0.07528473436832428,0.5573889970779419,-0.31167377233505245,0.01882118359208107,-0.03503965196695636,0.20000000000004547,,none,-0.025029461182203505,0.0,-0.010000000000002274,-1.0190784750579996e-05
R02_deeper_empty,951,191.20000000000923,81.92760796797805,49.84830800986856,18.78500356948581,-1.251913184144143,0.17886865197443166,0.5178199641711558,-0.3153574199135038,0.019007163355360127,-0.5854717493057251,-0.869446337223053,0.07116001099348068,-0.5854717493057251,-0.869446337223053,0.07116001099348068,0.548716950416565,-0.3043062180280685,0.01779000274837017,-0.03582390351376751,0.20000000000004547,,none,-0.02581052304440945,0.0,-0.010000000000002274,-1.3380469355787072e-05
R02_deeper_empty,952,191.40000000000927,81.95667319537195,49.75002112640087,18.766269062754564,-1.3142745584325217,0.18263989478532258,0.5239694987327776,-0.30875402200851476,0.018726424110331125,-0.5906040668487549,-0.8437096476554871,0.07261746376752853,-0.5906040668487549,-0.8437096476554871,0.07261746376752853,0.545637559890747,-0.29529837667942044,0.018154365941882133,-0.03642228754377008,0.20000000000004547,,none,-0.026408470702930842,0.0,-0.010000000000002274,-1.381684083696655e-05
R02_deeper_empty,953,191.60000000000932,81.97977136330242,49.64952199806477,18.74701963549256,-1.375187869365885,0.1864098089571454,0.5251295694978393,-0.30096606662852843,0.018955455480955112,-0.6179714798927307,-0.8145619034767151,0.07768859714269638,-0.6179714798927307,-0.8145619034767151,0.07768859714269638,0.5292171120643616,-0.28509666621685026,0.019422149285674095,-0.03684911943724638,0.20000000000004547,,none,-0.026816633783621313,0.0,-0.010000000000002274,-3.2485653622789104e-05
R02_deeper_empty,954,191.80000000000936,81.99678761189534,49.54786785878926,18.72737518975966,-1.4343550334203055,0.19022281558036802,0.5242878229011931,-0.29142470750810623,0.019159250678294618,-0.6311301589012146,-0.7770926356315613,0.07829808443784714,-0.6311301589012146,-0.7770926356315613,0.07829808443784714,0.5213219046592712,-0.2719824224710464,0.019574521109461784,-0.037091083719954995,0.20000000000004547,,none,-0.02705953435313546,0.0,-0.010000000000002274,-3.1549366817262836e-05
R02_deeper_empty,955,192.0000000000094,82.00782839349797,49.44579412312722,18.70740269753992,-1.4913361543629131,0.19396794897720848,0.5218905013055731,-0.27930031881617373,0.01835286099509499,-0.6442608833312988,-0.7274132370948792,0.06683877110481262,-0.6442608833312988,-0.7274132370948792,0.06683877110481262,0.5134434700012207,-0.25459463298320767,0.016709692776203156,-0.03727689640262244,0.20000000000004547,,none,-0.027221460914118367,0.0,-0.010000000000002274,-5.5435488501799355e-05
R02_deeper_empty,956,192.20000000000945,82.01314654970226,49.34376111400989,18.687143015029527,-1.5455772151763258,0.197415444655687,0.5199255083924819,-0.26424501007654033,0.016278444830708658,-0.6449970006942749,-0.6673343777656555,0.04820575192570686,-0.6449970006942749,-0.6673343777656555,0.04820575192570686,0.5130017995834351,-0.23356703221797942,0.012051437981426716,-0.03743774742346416,0.20000000000004547,,none,-0.027358603411245852,0.0,-0.010000000000002274,-7.914401221603279e-05
R02_deeper_empty,957,192.4000000000095,82.01307438668981,49.241745631513155,18.666580539483064,-1.596878719232937,0.20015920356638428,0.520807828666576,-0.24985463509625241,0.011517943907186206,-0.6268054842948914,-0.6300902366638184,0.007270168978720903,-0.6268054842948914,-0.6300902366638184,0.007270168978720903,0.5239167094230652,-0.2205315828323364,0.0018175422446802258,-0.037640312437442223,0.20000000000004547,,none,-0.027572436852109306,0.0,-0.010000000000002274,-6.787558533064329e-05
R02_deeper_empty,958,192.60000000000954,82.00787879503525,49.13944009765895,18.645699097355347,-1.6457643664210904,0.2017259793031099,0.5245499405041003,-0.2397624836719106,0.0046662282430849624,-0.60377436876297,-0.6262795925140381,-0.03718164190649986,-0.60377436876297,-0.6262795925140381,-0.03718164190649986,0.537735378742218,-0.21919785737991332,-0.009295410476624966,-0.03793543751350131,0.20000000000004547,,none,-0.027885019177849912,0.0,-0.010000000000002274,-5.041833564912793e-05
R02_deeper_empty,959,192.8000000000096,81.99770396742326,49.0367549216452,18.62457310025387,-1.6930776625857171,0.20183563145236819,0.5286307745767818,-0.23381847848941614,-0.0029924696055891927,-0.5949838161468506,-0.6334470510482788,-0.07439393550157547,-0.5949838161468506,-0.6334470510482788,-0.07439393550157547,0.5430097103118896,-0.22170646786689757,-0.018598483875393867,-0.03821120034488123,0.20000000000004547,,none,-0.028180932323444097,0.0,-0.010000000000002274,-3.0268021434858573e-05
R02_deeper_empty,960,193.00000000000963,81.98264144180065,48.93399147604506,18.603381035275515,-1.7393969290615172,0.20039502850321275,0.5313415836498456,-0.229685676166783,-0.010823345646260368,-0.5985113382339478,-0.6321837902069092,-0.1071208193898201,-0.5985113382339478,-0.6321837902069092,-0.1071208193898201,0.5408931970596313,-0.2212643265724182,-0.026780204847455025,-0.03833734807620466,0.20000000000004547,,none,-0.02831564631282113,0.0,-0.010000000000002274,-2.1701763381258842e-05
R02_deeper_empty,961,193.20000000000968,81.96281387307972,48.831709482766314,18.582365734459934,-1.7850389217186773,0.19733813059453287,0.5315752713981178,-0.22694110883456406,-0.01912029145611689,-0.6126688718795776,-0.6324244141578674,-0.1441074162721634,-0.6126688718795776,-0.6324244141578674,-0.1441074162721634,0.5323986768722534,-0.22134854495525358,-0.03602685406804085,-0.038227621996017334,0.20000000000004547,,none,-0.028196251955860063,0.0,-0.010000000000002274,-3.137004015499767e-05
R02_deeper_empty,962,193.40000000000973,81.93837926799077,48.730525602256506,18.56179337137491,-1.8304990814217386,0.19252337935786318,0.5296568461092479,-0.227610068603246,-0.028332867728142613,-0.6285046339035034,-0.6542091369628906,-0.18842078745365143,-0.6285046339035034,-0.6542091369628906,-0.18842078745365143,0.5228972196578979,-0.2289731979370117,-0.04710519686341286,-0.03783694021791668,0.20000000000004547,,none,-0.027783159810473634,0.0,-0.010000000000002274,-5.3780407440768844e-05
R02_deeper_empty,963,193.60000000000977,81.90950294422538,48.63108374881826,18.541947919051495,-1.8765598095491713,0.1857650965379888,0.5249907561384284,-0.23261964052373424,-0.038484807339801516,-0.6524172425270081,-0.6937930583953857,-0.23668505251407623,-0.6524172425270081,-0.6937930583953857,-0.23668505251407623,0.5085496544837952,-0.242827570438385,-0.05917126312851906,-0.03712693315208021,0.20000000000004547,,none,-0.027037570372698383,0.0,-0.010000000000002274,-8.936277937955594e-05
R02_deeper_empty,964,193.80000000000982,81.87634823341584,48.534052923263275,18.52313091958012,-1.9239249540680734,0.17668197441771583,0.5179438713035422,-0.24044221603747454,-0.05137488674675463,-0.6781433820724487,-0.7325204610824585,-0.31056323647499084,-0.6781433820724487,-0.7325204610824585,-0.31056323647499084,0.49311397075653074,-0.25638216137886044,-0.07764080911874771,-0.036070850643602846,0.20000000000004547,,none,-0.02591845800279735,0.0,-0.010000000000002274,-0.00015239264080321835
R02_deeper_empty,965,194.00000000000986,81.83907662793182,48.44004275397857,18.505662983954206,-1.973063836649235,0.16475856992828772,0.5088496317207772,-0.2502103817375781,-0.06670381467204271,-0.7053236365318298,-0.771756649017334,-0.39175736904144287,-0.7053236365318298,-0.771756649017334,-0.39175736904144287,0.47680581808090206,-0.2701148271560669,-0.09793934226036072,-0.03457398834838615,0.20000000000004547,,none,-0.02439657371159676,0.0,-0.010000000000002274,-0.00017741463678712323
R02_deeper_empty,966,194.2000000000099,81.79791275564861,48.34971249479123,18.489885830600993,-2.024287878634255,0.14983469469826327,0.4969533211707616,-0.2612016264380399,-0.08142537177768294,-0.7416061162948608,-0.8102809190750122,-0.44569307565689087,-0.7416061162948608,-0.8102809190750122,-0.44569307565689087,0.4550363302230835,-0.28359832167625426,-0.11142326891422272,-0.03255245154932155,0.20000000000004547,,none,-0.022438259585932485,0.0,-0.010000000000002274,-0.00011419196338678717
R02_deeper_empty,967,194.40000000000995,81.75326781087418,48.263929275460924,18.476131605711988,-2.0777018381114534,0.13209260036030135,0.4807157350472079,-0.27211539597355616,-0.09497438086234106,-0.7941631078720093,-0.8410120606422424,-0.4903319776058197,-0.7941631078720093,-0.8410120606422424,-0.4903319776058197,0.4235021352767944,-0.29435422122478483,-0.12258299440145493,-0.03014538146582497,0.20000000000004547,,none,-0.020031396025965265,0.0,-0.010000000000002274,-0.0001139854398574336
R02_deeper_empty,968,194.60000000001,81.70565819851095,48.18346653042098,18.46464053918783,-2.1331541376139174,0.11193890252322844,0.46224462199858446,-0.28168624295442213,-0.10575040689534858,-0.8380647897720337,-0.860538899898529,-0.5108342170715332,-0.8380647897720337,-0.860538899898529,-0.5108342170715332,0.3971611261367798,-0.3011886149644851,-0.1277085542678833,-0.027328243327424336,0.20000000000004547,,none,-0.017273663388460037,0.0,-0.010000000000002274,-5.4579938962024954e-05
R02_deeper_empty,969,194.80000000001004,81.65565682151072,48.10887240899222,18.455513078162046,-2.190077002538697,0.09028900043137984,0.44150868979984936,-0.28713196169800315,-0.11039830154320962,-0.8859249353408813,-0.8520817756652832,-0.4794769883155823,-0.8859249353408813,-0.8520817756652832,-0.4794769883155823,0.3684450387954712,-0.2982286214828491,-0.11986924707889557,-0.02439610125071553,0.20000000000004547,,none,-0.01432919340512484,0.0,-0.010000000000002274,-6.690784558841757e-05
R02_deeper_empty,970,195.0000000000101,81.60383053216916,48.04038647179939,18.44868437723589,-2.247543880138154,0.0682150840316905,0.4211403027134721,-0.2875084391384013,-0.11034488822320107,-0.9177138209342957,-0.8236445188522339,-0.44094419479370117,-0.9177138209342957,-0.8236445188522339,-0.44094419479370117,0.3493717074394226,-0.2882755815982818,-0.11023604869842529,-0.021467621901806597,0.20000000000004547,,none,-0.011401542161825873,0.0,-0.010000000000002274,-6.607973997844851e-05
R02_deeper_empty,971,195.20000000001014,81.55047122782776,47.97771298244083,18.443965235827626,-2.304976028669791,0.046181957983559424,0.404242986045126,-0.28686178462082734,-0.11001149979156598,-0.925491988658905,-0.8158403038978577,-0.43732863664627075,-0.925491988658905,-0.8158403038978577,-0.43732863664627075,0.344704806804657,-0.28554410636425015,-0.10933215916156769,-0.01867277656094373,0.20000000000004547,,none,-0.008670087002442983,0.0,-0.010000000000002274,-2.6895584984742983e-06
R02_deeper_empty,972,195.40000000001018,81.49562562750046,47.920324072959104,18.441163882329732,-2.362420453677641,0.024277431085596483,0.3908214741649379,-0.2875319546475471,-0.10910229600651197,-0.9274493455886841,-0.8254215717315674,-0.42899850010871887,-0.9274493455886841,-0.8254215717315674,-0.42899850010871887,0.34353039264678953,-0.28889755010604856,-0.10724962502717972,-0.016163672646663036,0.20000000000004547,,none,-0.006160372184377039,0.0,-0.010000000000002274,-3.300462283721828e-06
R02_deeper_empty,973,195.60000000001023,81.43932889725946,47.867827796900905,18.44012908986771,-2.4201391900985247,0.0025314244630073677,0.37964060052629706,-0.2895065816440359,-0.10840995226549938,-0.9329258799552917,-0.8386578559875488,-0.4279966950416565,-0.9329258799552917,-0.8386578559875488,-0.4279966950416565,0.34024447202682495,-0.29353024959564206,-0.10699917376041412,-0.013826189737075813,0.20000000000004547,,none,-0.0038220658318142142,0.0,-0.010000000000002274,-4.1239052593233795e-06
R02_deeper_empty,974,195.80000000001027,81.38169408504913,47.8200159996569,18.440746696000165,-2.478388269100416,-0.019091540290780792,0.36980890781848913,-0.2927404697675728,-0.10786106498471444,-0.9413889050483704,-0.8552289009094238,-0.4269704222679138,-0.9413889050483704,-0.8552289009094238,-0.4269704222679138,0.33516665697097775,-0.29933011531829834,-0.10674260556697845,-0.011611607828476594,0.20000000000004547,,none,-0.0016046623172876195,0.0,-0.010000000000002274,-6.9455111867000596e-06
R02_deeper_empty,975,196.00000000001032,81.32288281365228,47.77678426874738,18.442922495451043,-2.5374072911555796,-0.040537448877752826,0.36095848611651554,-0.29711968844983294,-0.10668654464953076,-0.9503770470619202,-0.874409019947052,-0.41717296838760376,-0.9503770470619202,-0.874409019947052,-0.41717296838760376,0.3297737717628479,-0.30604315698146817,-0.10429324209690094,-0.009491013343824264,0.20000000000004547,,none,0.0005198797314918124,0.0,-0.010000000000002274,-1.089307531380257e-05
R02_deeper_empty,976,196.20000000001036,81.2630491438377,47.738061942543546,18.44657169770712,-2.5974481565059873,-0.06181445284457972,0.3531601859579723,-0.3028565750929209,-0.10612576133669607,-0.9571955800056458,-0.8987044095993042,-0.4199322462081909,-0.9571955800056458,-0.8987044095993042,-0.4199322462081909,0.32568265199661256,-0.31454654335975646,-0.10498306155204773,-0.007447756305424918,0.20000000000004547,,none,0.0025651311338563687,0.0,-0.010000000000002274,-1.288743927901237e-05
R02_deeper_empty,977,196.4000000000104,81.20229786441077,47.70377927723727,18.451631514079494,-2.6586048302513117,-0.08304397384639872,0.3466609065681643,-0.3082998983156971,-0.10616638673914021,-0.9603991508483887,-0.9125476479530334,-0.42499667406082153,-0.9603991508483887,-0.9125476479530334,-0.42499667406082153,0.3237605094909668,-0.3193916767835617,-0.10624916851520538,-0.005449326006776474,0.20000000000004547,,none,0.004555224924100543,0.0,-0.010000000000002274,-4.550930874742676e-06
R02_deeper_empty,978,196.60000000001045,81.1407056679235,47.67387015444807,18.458062727477085,-2.7208214739859904,-0.1042868935950774,0.3414158508367203,-0.31347638638955194,-0.10625605261764497,-0.9617754220962524,-0.9257841110229492,-0.4257550537586212,-0.9617754220962524,-0.9257841110229492,-0.4257550537586212,0.32293474674224854,-0.3240244388580322,-0.1064387634396553,-0.003490632475834819,0.20000000000004547,,none,0.006512920988505755,0.0,-0.010000000000002274,-3.5534643382995057e-06
R02_deeper_empty,979,196.8000000000105,81.07831874112954,47.64827334739239,18.46583965589881,-2.7839573799177617,-0.12525254566828015,0.33768397310077003,-0.3175738467580653,-0.10360060925767749,-0.9591090083122253,-0.9312090873718262,-0.3927586078643799,-0.9591090083122253,-0.9312090873718262,-0.3927586078643799,0.3245345950126648,-0.32592318058013914,-0.09818965196609497,-0.0015711025971202205,0.20000000000004547,,none,0.008451403514332156,0.0,-0.010000000000002274,-2.2506111450102396e-05
R02_deeper_empty,980,197.00000000001054,81.01515816757819,47.62693395011369,18.47492729068778,-2.8478020776528927,-0.1455219213911307,0.33538585396386533,-0.3206418916164011,-0.09940906523900121,-0.9545193910598755,-0.933981716632843,-0.3634720742702484,-0.9545193910598755,-0.933981716632843,-0.3634720742702484,0.3272883653640747,-0.32689360082149505,-0.0908680185675621,0.0003432772215736961,0.20000000000004547,,none,0.010361006283766017,0.0,-0.010000000000002274,-1.7729062190046108e-05
R02_deeper_empty,981,197.2000000000106,80.95126011496794,47.60981928952735,18.485283966362132,-2.9121050728858715,-0.1648466499971555,0.33434072551286514,-0.32226567586395977,-0.0942286680903137,-0.9489030241966248,-0.930212676525116,-0.3346906006336212,-0.9489030241966248,-0.930212676525116,-0.3346906006336212,0.33065818548202514,-0.32557443678379056,-0.0836726501584053,0.0022166677824416317,0.20000000000004547,,none,0.012234150231739349,0.0,-0.010000000000002274,-1.7482449295442847e-05
R02_deeper_empty,982,197.40000000001064,80.88660432604871,47.596898086108,18.496877662445826,-2.976609715628157,-0.18294424623241035,0.3351915140778179,-0.3227446511253914,-0.08727164600516472,-0.9363511800765991,-0.92491614818573,-0.2923817038536072,-0.9363511800765991,-0.92491614818573,-0.2923817038536072,0.3381892919540405,-0.3237206518650055,-0.0730954259634018,0.004041706292654989,0.20000000000004547,,none,0.014081219187657368,0.0,-0.010000000000002274,-3.951289500010447e-05
R02_deeper_empty,983,197.60000000001068,80.8210889018672,47.58815314247982,18.509687151042044,-3.041118994982408,-0.19951830268846943,0.33804948259224193,-0.32237593277180926,-0.07908588083894195,-0.9198006391525269,-0.9189274311065674,-0.24962347745895386,-0.9198006391525269,-0.9189274311065674,-0.24962347745895386,0.3481196165084839,-0.32162460088729855,-0.062405869364738464,0.005874466686121876,0.20000000000004547,,none,0.015917227707355153,0.0,-0.010000000000002274,-4.276102123100145e-05
R02_deeper_empty,984,197.80000000001073,80.75459606370364,47.58361042222387,18.523693086601888,-3.105494474418765,-0.2142842152934967,0.3428709758344302,-0.32144874394533063,-0.06931005090247752,-0.9002339243888855,-0.9130269289016724,-0.19755995273590088,-0.9002339243888855,-0.9130269289016724,-0.19755995273590088,0.3598596453666687,-0.3195594251155853,-0.04938998818397522,0.007685558058537935,0.20000000000004547,,none,0.017748123715730202,0.0,-0.010000000000002274,-6.25656571899924e-05
R02_deeper_empty,985,198.00000000001077,80.6872694069972,47.58334408941203,18.538804615121446,-3.1696322189219646,-0.22669532771642098,0.34706372695532095,-0.3200352372845114,-0.055817973144202955,-0.8969383239746094,-0.9061570167541504,-0.11330147087574005,-0.8969383239746094,-0.9061570167541504,-0.11330147087574005,0.36183700561523435,-0.3171549558639526,-0.028325367718935013,0.009347042994667548,0.20000000000004547,,none,0.01949019396347751,0.0,-0.010000000000002274,-0.00014315096880768597
R02_deeper_empty,986,198.20000000001082,80.61966633041528,47.587405237290625,18.554787682609113,-3.2334675592922153,-0.23614306616479536,0.34881514616788534,-0.3184385118414802,-0.03986201422975832,-0.9083561301231384,-0.9005282521247864,-0.029395179823040962,-0.9083561301231384,-0.9005282521247864,-0.029395179823040962,0.35498632192611695,-0.3151848882436752,-0.0073487949557602406,0.010827581599330935,0.20000000000004547,,none,0.020971627898667577,0.0,-0.010000000000002274,-0.00014404629933436838
R02_deeper_empty,987,198.40000000001086,80.55241879128361,47.59576126054295,18.57133946097704,-3.2968844529698815,-0.24226061146780878,0.34885571618662564,-0.315920228321826,-0.02261346444790633,-0.9183355569839478,-0.8879678845405579,0.05013459175825119,-0.9183355569839478,-0.8879678845405579,0.05013459175825119,0.34899866580963135,-0.3107887595891952,0.012533647939562798,0.011978717596150046,0.20000000000004547,,none,0.022110364323394194,0.0,-0.010000000000002274,-0.00013164672724187373
R02_deeper_empty,988,198.6000000000109,80.4859921607963,47.60831429075919,18.58816535485459,-3.3597777473975072,-0.24487711437650306,0.3479372043027286,-0.3132164965985321,-0.004887567974523338,-0.9254986643791199,-0.8791632652282715,0.12492890655994415,-0.9254986643791199,-0.8791632652282715,0.12492890655994415,0.34470080137252807,-0.307707142829895,0.031232226639986038,0.01280332043967589,0.20000000000004547,,none,0.02291778085878704,0.0,-0.010000000000002274,-0.00011446041910887606
R02_deeper_empty,989,198.80000000001095,80.42070556715159,47.62494095902563,18.604991780913174,-3.4220556561133786,-0.2438549030191244,0.3466236910751828,-0.3098186841659496,0.013708121770378879,-0.9300075173377991,-0.8654143214225769,0.20640112459659576,-0.9300075173377991,-0.8654143214225769,0.20640112459659576,0.34199548959732057,-0.3028950124979019,0.05160028114914894,0.01328408895719832,0.20000000000004547,,none,0.02342103066765233,0.0,-0.010000000000002274,-0.00013694171045173676
R02_deeper_empty,990,199.000000000011,80.35676989897067,47.64551274926667,18.621561500537496,-3.4836013167880955,-0.23913174765547185,0.34531002361755847,-0.3059309422423276,0.03213462379102899,-0.9321978688240051,-0.8514541387557983,0.2787281274795532,-0.9321978688240051,-0.8514541387557983,0.2787281274795532,0.3406812787055969,-0.2980089485645294,0.0696820318698883,0.013533019356977073,0.20000000000004547,,none,0.023641636950694433,0.0,-0.010000000000002274,-0.00010861759371508573
R02_deeper_empty,991,199.20000000001104,80.29435447404842,47.66989780645321,18.637633076220297,-3.5443628891206647,-0.23097855914178766,0.343951401387998,-0.30198238444547576,0.048187364033176625,-0.9347262382507324,-0.8398184776306152,0.3235911726951599,-0.9347262382507324,-0.8398184776306152,0.3235911726951599,0.33916425704956055,-0.2939364671707153,0.08089779317378998,0.013552544382593295,0.20000000000004547,,none,0.023595633864351484,0.0,-0.010000000000002274,-4.3089481755913537e-05
R02_deeper_empty,992,199.4000000000111,80.23363296839325,47.69795223362772,18.65299688956618,-3.604273666551759,-0.2200502528006837,0.3425194738630441,-0.2974658050929308,0.06019098477706269,-0.9375432729721069,-0.8236069679260254,0.33860233426094055,-0.9375432729721069,-0.8236069679260254,0.33860233426094055,0.33747403621673583,-0.28826243877410884,0.08465058356523514,0.013300367244125493,0.20000000000004547,,none,0.023310288918189315,0.0,-0.010000000000002274,-9.921674061548203e-06
R02_deeper_empty,993,199.60000000001114,80.17475272213909,47.72952994715793,18.66749982933782,-3.663282725381969,-0.20704940764763133,0.3413238045219812,-0.29296407894824333,0.06914276946943211,-0.9381486177444458,-0.8108313679695129,0.3495347499847412,-0.9381486177444458,-0.8108313679695129,0.3495347499847412,0.33711082935333253,-0.2837909787893295,0.0873836874961853,0.012834621210907766,0.20000000000004547,,none,0.022840283213112045,0.0,-0.010000000000002274,-5.662002202004856e-06
R02_deeper_empty,994,199.80000000001118,80.11787854963494,47.76446495362644,18.68102200390086,-3.7214186511558296,-0.19235352610315604,0.33986383407116005,-0.2887154021632483,0.07720815660135244,-0.9421340227127075,-0.8001655340194702,0.3745715022087097,-0.9421340227127075,-0.8001655340194702,0.3745715022087097,0.3347195863723755,-0.2800579369068146,0.09364287555217743,0.012197486876831646,0.20000000000004547,,none,0.022212616525404627,0.0,-0.010000000000002274,-1.5129648570706422e-05
R02_deeper_empty,995,200.00000000001123,80.06312499987624,47.802609004031275,18.693469662545517,-3.7784637214918364,-0.1761700153459756,0.3390760411051883,-0.2822245199140865,0.08410698527333951,-0.9394996166229248,-0.7685661315917969,0.3926585018634796,-0.9394996166229248,-0.7685661315917969,0.3926585018634796,0.3363002300262451,-0.2689981460571289,0.0981646254658699,0.011431022041338376,0.20000000000004547,,none,0.021457674079055522,0.0,-0.010000000000002274,-2.6652037714871568e-05
R02_deeper_empty,996,200.20000000001127,80.01053596960031,47.84382703670901,18.704771891802874,-3.833887585760708,-0.1586863230579444,0.3386922206930124,-0.27272974528717014,0.09026575059008413,-0.937766969203949,-0.723949670791626,0.41126149892807007,-0.937766969203949,-0.723949670791626,0.41126149892807007,0.3373398184776306,-0.2533823847770691,0.10281537473201752,0.010553424507341926,0.20000000000004547,,none,0.020600218550168137,0.0,-0.010000000000002274,-4.679404282393662e-05
R02_deeper_empty,997,200.40000000001132,79.96016524642957,47.887898869884275,18.714848558412605,-3.8860542522345125,-0.13988540289368076,0.3382448474921015,-0.25060450216805336,0.0972193567671034,-0.9388858079910278,-0.5872006416320801,0.4455544650554657,-0.9388858079910278,-0.5872006416320801,0.4455544650554657,0.33666851520538327,-0.205520224571228,0.11138861626386642,0.009212923438224134,0.20000000000004547,,none,0.019610474564268898,0.0,-0.010000000000002274,-0.0003975511260424902
R02_deeper_empty,998,200.60000000001136,79.91192089472729,47.93448446594974,18.723614419033105,-3.9311793149841106,-0.11981301806836034,0.3381777303692004,-0.20414758944027317,0.10306398130438978,-0.9367645978927612,-0.31280866265296936,0.45989394187927246,-0.9367645978927612,-0.31280866265296936,0.45989394187927246,0.3379412412643433,-0.10948303192853927,0.11497348546981812,0.006946100819827911,0.20000000000004547,,none,0.01845612238494887,0.0,-0.010000000000002274,-0.0015100215651186843
R02_deeper_empty,999,200.8000000000114,79.8656380529182,47.982938854581434,18.73097055056343,-3.9668529669824344,-0.09865040080458724,0.33606168164985306,-0.15620255462821564,0.10817683483626896,-0.9523237943649292,-0.1671590656042099,0.47438088059425354,-0.9523237943649292,-0.1671590656042099,0.47438088059425354,0.3286057233810425,-0.05850567296147346,0.11859522014856339,0.006624663996379154,0.20000000000004547,,none,0.01705797929855457,0.0,-0.010000000000002274,-0.0004333153021731429
R02_deeper_empty,1000,201.00000000001145,79.82112312902419,48.0325953544263,18.736836261819263,-3.995241685001518,-0.07665431864141413,0.3335490152703441,-0.12968337955539525,0.11153117007218624,-0.9588407278060913,-0.21613043546676636,0.4734649956226349,-0.9588407278060913,-0.21613043546676636,0.4734649956226349,0.3246955633163452,-0.07564565241336822,0.11836624890565872,0.005385778662074076,0.20000000000004547,,task_horizon,0.015434608748735812,0.0,-0.010000000000002274,-4.883008665946154e-05
