case_id,control_step,timestamp_s,north_m,east_m,down_m,yaw_rad,pitch_rad,surge_speed_mps,yaw_rate_rad_s,pitch_rate_rad_s,nominal_a0,nominal_a1,nominal_a2,executed_a0,executed_a1,executed_a2,surge_command_mps,yaw_rate_command_rad_s,pitch_rate_command_rad_s,reward,elapsed_s,minimum_clearance_m,failure_type,reward_progress,reward_goal,reward_time,reward_smoothness
R06_head_on_vertical_offset,0,1.0,20.30000000000001,50.0,20.0,0.0,0.0,0.3,0.0,0.0,,,,,,,,,,,,,,,,,
R06_head_on_vertical_offset,1,1.2000000000000002,20.36999959435119,50.00015445549467,20.000096191491178,0.006348233035112694,-0.003953521085999182,0.4000000000000001,0.05903300442118391,-0.03676428172345605,0.9271142482757568,0.5123533606529236,-0.44671323895454407,0.9271142482757568,0.5123533606529236,-0.44671323895454407,1.456268548965454,0.17932367622852324,-0.11167830973863602,-0.023516966125190303,0.20000000000000018,38.00380238634478,none,0.0699995940735505,0.0,-0.010000000000000009,-0.08351656019874079
R06_head_on_vertical_offset,2,1.4000000000000004,20.459988286388604,50.00126813019815,20.000894971841575,0.01791736195848587,-0.01457016196280441,0.5000000000000001,0.056824723276174,-0.0671146178954895,0.837819516658783,0.1494998335838318,-0.5158361792564392,0.837819516658783,0.1494998335838318,-0.5158361792564392,1.4026917099952698,0.052324941754341124,-0.1289590448141098,0.07710038784233636,0.20000000000000018,37.83461631594305,none,0.08998867208387651,0.0,-0.010000000000000009,-0.002888284241540138
R06_head_on_vertical_offset,3,1.6000000000000005,20.569931167357993,50.00383112022574,20.003284534295624,0.027946463850153327,-0.028738418579546333,0.6000000000000002,0.04440255614218543,-0.07404556202799534,0.8636188507080078,0.05454311892390251,-0.35267457365989685,0.8636188507080078,0.05454311892390251,-0.35267457365989685,1.4181713104248046,0.019090091623365876,-0.08816864341497421,0.09921660509495996,0.20000000000000018,37.6454252346654,none,0.10994268695170462,0.0,-0.010000000000000009,-0.0007260818567446473
R06_head_on_vertical_offset,4,1.8000000000000007,20.6997774746387,50.00802298831913,20.007976323549634,0.036171200617678374,-0.042888407551346076,0.7000000000000003,0.038304428295239966,-0.06791629166782329,0.8720146417617798,0.07393818348646164,-0.2217070758342743,0.8720146417617798,0.07393818348646164,-0.2217070758342743,1.4232087850570678,0.025878364220261574,-0.05542676895856857,0.11949345949279147,0.20000000000000018,37.43620743908933,none,0.12984544235926165,0.0,-0.010000000000000009,-0.0003519828664701777
R06_head_on_vertical_offset,5,2.000000000000001,20.849474676441393,50.01398112347628,20.015385857344633,0.04293507694612743,-0.055266513318393606,0.8000000000000004,0.029963027548575348,-0.056709428845695686,0.8686921000480652,0.037045370787382126,-0.13549348711967468,0.8686921000480652,0.037045370787382126,-0.13549348711967468,1.421215260028839,0.012965879775583743,-0.03387337177991867,0.13951852957647867,0.20000000000000018,37.20697262403473,none,0.14969462761230545,0.0,-0.010000000000000009,-0.00017609803582677746
R06_head_on_vertical_offset,6,2.2,21.018986703805478,50.0217305983917,20.02565035881637,0.0480249327446435,-0.06473711739627992,0.9000000000000005,0.021568246292488914,-0.03930814887660789,0.8704186677932739,0.012749502435326576,-0.015399281866848469,0.8704186677932739,0.012749502435326576,-0.015399281866848469,1.4222512006759644,0.004462325852364301,-0.003849820466712117,0.1592057822490443,0.1999999999999993,36.957742578832075,none,0.16950610001685362,0.0,-0.009999999999999966,-0.0003003177678093432
R06_head_on_vertical_offset,7,2.3999999999999995,21.208307258596225,50.03125225229811,20.038569988239328,0.05244177646826526,-0.07055200325614581,1.0000000000000004,0.022527864391290696,-0.020275223975800068,0.8739044666290283,0.06995218247175217,0.0740315318107605,0.8739044666290283,0.06995218247175217,0.0740315318107605,1.424342679977417,0.024483263865113257,0.018507882952690125,0.1790835338508671,0.1999999999999993,36.688544663555724,none,0.18930917720750529,0.0,-0.009999999999999966,-0.0002256433566382448
R06_head_on_vertical_offset,8,2.5999999999999988,21.417298369341776,50.0427613076665,20.053658371680303,0.057811756182717944,-0.072661216410512,1.0955770125817257,0.030566090508783512,-0.002180694802325433,0.8968797922134399,0.13412989675998688,0.1387610286474228,0.8968797922134399,0.13412989675998688,0.1387610286474228,1.438127875328064,0.04694546386599541,0.0346902571618557,0.19879515762454408,0.1999999999999993,36.399568030713375,none,0.20897188867169803,0.0,-0.009999999999999966,-0.00017673104715398957
R06_head_on_vertical_offset,9,2.799999999999998,21.64344752486839,50.05663259790604,20.070092387202482,0.06501378758022157,-0.07165579217616486,1.1725017018145911,0.0406911000580794,0.011224579701945509,0.9059134125709534,0.17520765960216522,0.1541612297296524,0.9059134125709534,0.17520765960216522,0.1541612297296524,1.443548047542572,0.061322680860757824,0.0385403074324131,0.21607963886277765,0.1999999999999993,36.09340023728463,none,0.22611976196458272,0.0,-0.009999999999999966,-4.01231018051007e-05
R06_head_on_vertical_offset,10,2.9999999999999973,21.883196681991553,50.07320376003643,20.087057437624757,0.07282869983721552,-0.06926409658115963,1.2338117447458736,0.0376846212469781,0.012589501870361142,0.9163990616798401,0.09016675502061844,0.06148313358426094,0.9163990616798401,0.09016675502061844,0.06148313358426094,1.449839437007904,0.031558364257216455,0.015370783396065235,0.22938879998498968,0.1999999999999993,35.77366961262635,none,0.23970742266087797,0.0,-0.009999999999999966,-0.00031862267588833734
R06_head_on_vertical_offset,11,3.1999999999999966,22.133671698683774,50.092396838661735,20.104254301510593,0.07993122723686823,-0.0678197138333306,1.2819025661071495,0.03364511119597899,0.002606728644219073,0.9189199209213257,0.07261103391647339,-0.07094007730484009,0.9189199209213257,0.07261103391647339,-0.07094007730484009,1.4513519525527954,0.025413861870765685,-0.017735019326210022,0.2400616353074184,0.1999999999999993,35.443270992054664,none,0.250418644604558,0.0,-0.009999999999999966,-0.00035700929713962463
R06_head_on_vertical_offset,12,3.399999999999996,22.39245565155609,50.11395823746001,20.12193968512252,0.08609584001698925,-0.06864796324529501,1.319169243319897,0.028396597805145737,-0.009943323547229158,0.9174657464027405,0.05057651549577713,-0.14206551015377045,0.9174657464027405,0.05057651549577713,-0.14206551015377045,1.4504794478416443,0.017701780423521996,-0.03551637753844261,0.24859893275671918,0.1999999999999993,35.104585576825656,none,0.25870986199318935,0.0,-0.009999999999999966,-0.00011092923647020414
R06_head_on_vertical_offset,13,3.599999999999995,22.65753644361494,50.13755118916308,20.140607657166505,0.09123666880669283,-0.07181923617580813,1.347334988716021,0.023389105498451326,-0.02094054371174612,0.9109629988670349,0.037672609090805054,-0.17339766025543213,0.9109629988670349,0.037672609090805054,-0.17339766025543213,1.446577799320221,0.013185413181781768,-0.04334941506385803,0.2549613879877046,0.1999999999999993,34.75956547790492,none,0.2649851979908249,0.0,-0.009999999999999966,-2.381000312028925e-05
R06_head_on_vertical_offset,14,3.7999999999999945,22.92729979028259,50.162800867954566,20.160741516505293,0.0951362871488096,-0.07679164483171536,1.368565166613203,0.016152501773553835,-0.028233845644507136,0.9056171774864197,0.004018806852400303,-0.172381192445755,0.9056171774864197,0.004018806852400303,-0.172381192445755,1.4433703064918517,0.0014065823983401059,-0.04309529811143875,0.25961891502600787,0.1999999999999993,34.40976652647101,none,0.2696421588143707,0.0,-0.009999999999999966,-2.3243788362864188e-05
R06_head_on_vertical_offset,15,3.999999999999994,23.20052592416747,50.18923127692834,20.182673802034277,0.0973847167965867,-0.08277337739360502,1.3844546087167762,0.007020104764233568,-0.031348712050821924,0.9007358551025391,-0.03311098366975784,-0.15078331530094147,0.9007358551025391,-0.03311098366975784,-0.15078331530094147,1.4404415130615233,-0.011588844284415244,-0.03769582882523537,0.2630383434727939,0.1999999999999993,34.056366136516075,none,0.27307572181178585,0.0,-0.009999999999999966,-3.737833899194356e-05
R06_head_on_vertical_offset,16,4.199999999999993,23.47628938493422,50.216270460055455,20.206531335046478,0.09771950885855063,-0.08897366237150538,1.3961120437110295,-0.002922786981173314,-0.030702818794659574,0.8953122496604919,-0.0662379115819931,-0.11754676699638367,0.8953122496604919,-0.0662379115819931,-0.11754676699638367,1.4371873497962953,-0.023183269053697584,-0.029386691749095917,0.26553673493712127,0.1999999999999993,33.7002688556066,none,0.27558136447696313,0.0,-0.009999999999999966,-4.4629539841892775e-05
R06_head_on_vertical_offset,17,4.399999999999992,23.753893246214947,50.24330965643481,20.232237593144497,0.09611662661467842,-0.09467732209447048,1.404494206030207,-0.01239231573039979,-0.026639994108765837,0.8900483250617981,-0.09053780883550644,-0.07344494760036469,0.8900483250617981,-0.09053780883550644,-0.07344494760036469,1.4340289950370788,-0.03168823309242725,-0.01836123690009117,0.2673379644511536,0.1999999999999993,33.34217191495609,none,0.2773892277388086,0.0,-0.009999999999999966,-5.1263287655022307e-05
R06_head_on_vertical_offset,18,4.599999999999992,24.032835677195084,50.26979511461611,20.25952064110408,0.09298935874603537,-0.09914975931166659,1.4104503310714953,-0.018425631118115616,-0.01868402089463569,0.8857281804084778,-0.08777036517858505,-0.009889012202620506,0.8857281804084778,-0.08777036517858505,-0.009889012202620506,1.4314369082450866,-0.030719627812504768,-0.0024722530506551266,0.268614839197588,0.1999999999999993,32.982598502791866,none,0.278696152783958,0.0,-0.009999999999999966,-8.131358637004156e-05
R06_head_on_vertical_offset,19,4.799999999999991,24.312782557748328,50.29534661170372,20.287916145717585,0.08891799117483658,-0.10181371462317537,1.4147598736156208,-0.0220173371964784,-0.008707466539547208,0.8832411170005798,-0.08381743729114532,0.04648643732070923,0.8832411170005798,-0.08381743729114532,0.04648643732070923,1.429944670200348,-0.02933610305190086,0.011621609330177307,0.2696073669424795,0.1999999999999993,32.62192620318362,none,0.27967136699112416,0.0,-0.009999999999999966,-6.400004864471405e-05
R06_head_on_vertical_offset,20,4.99999999999999,24.593508308926083,50.31974177069037,20.31685327756831,0.08441299907127066,-0.10247548229298521,1.4177578307306575,-0.02296142761054712,0.0013330357569263716,0.880535364151001,-0.07110053300857544,0.08716966956853867,0.880535364151001,-0.07110053300857544,0.08716966956853867,1.4283212184906007,-0.0248851865530014,0.021792417392134666,0.2703882014108771,0.1999999999999993,32.26043724328282,none,0.28042468473366,0.0,-0.009999999999999966,-3.648332278291755e-05
R06_head_on_vertical_offset,21,5.1999999999999895,24.87482284796554,50.34291012675768,20.345757577898333,0.07999208967045811,-0.10129365964890034,1.419588522248934,-0.021367779855298256,0.009843737857500999,0.8767316937446594,-0.051772650331258774,0.10874347388744354,0.8767316937446594,-0.051772650331258774,0.10874347388744354,1.4260390162467957,-0.01812042761594057,0.027185868471860886,0.2709751816972261,0.1999999999999993,31.898380532649092,none,0.28099225097702885,0.0,-0.009999999999999966,-1.7069279802771896e-05
R06_head_on_vertical_offset,22,5.399999999999989,25.15654216759067,50.364921404101246,20.374137432081046,0.07608330218267713,-0.09866936539327267,1.4203715739686362,-0.017975752598738057,0.01593974757994544,0.8718844652175903,-0.03161105513572693,0.11344598233699799,0.8718844652175903,-0.03161105513572693,0.11344598233699799,1.4231306791305542,-0.011063869297504424,0.028361495584249496,0.271370938318222,0.1999999999999993,31.535991894353188,none,0.28137998030084077,0.0,-0.009999999999999966,-9.041982618805122e-06
R06_head_on_vertical_offset,23,5.599999999999988,25.43851061567241,50.38593886050297,20.401632726527666,0.07284260862875123,-0.09505651322748296,1.4204701150780463,-0.014679613418790401,0.01989096989102235,0.8680288791656494,-0.02275177091360092,0.11176926642656326,0.8680288791656494,-0.02275177091360092,0.11176926642656326,1.4208173274993896,-0.007963119819760322,0.027942316606640816,0.27161358700275423,0.1999999999999993,31.173466479759213,none,0.2816155102794937,0.0,-0.009999999999999966,-1.923276739532742e-06
R06_head_on_vertical_offset,24,5.799999999999987,25.720627111508524,50.40611851717626,20.42802289119619,0.07000919363758794,-0.09098053948747133,1.4202031372114796,-0.013726381702707739,0.020800235993753226,0.865437388420105,-0.03366855904459953,0.09061213582754135,0.865437388420105,-0.03366855904459953,0.09061213582754135,1.419262433052063,-0.011783995665609837,0.022653033956885338,0.27174134983344256,0.1999999999999993,30.810930772311806,none,0.28175282015869385,0.0,-0.009999999999999966,-1.1470325251308478e-05
R06_head_on_vertical_offset,25,5.999999999999987,26.002806373933126,50.42552263565442,20.45323422674553,0.06732720467127934,-0.08681731991963701,1.4195027176044521,-0.013137864579559726,0.02082973624635977,0.8617246150970459,-0.03411043435335159,0.08355939388275146,0.8617246150970459,-0.03411043435335159,0.08355939388275146,1.4170347690582275,-0.011938652023673058,0.020889848470687866,0.271806096540306,0.1999999999999993,30.448478925994575,none,0.28180737096247555,0.0,-0.009999999999999966,-1.2744221695340508e-06
R06_head_on_vertical_offset,26,6.199999999999986,26.284964076658486,50.44417778575134,20.47725342487744,0.06471952062072255,-0.0826618248979071,1.4184687155836926,-0.012952915559895653,0.020732539689256695,0.858042299747467,-0.03593156486749649,0.08213793486356735,0.858042299747467,-0.03593156486749649,0.08213793486356735,1.4148253798484802,-0.01257604770362377,0.020534483715891838,0.2717794918579346,0.1999999999999993,30.086197392024108,none,0.2817798697881031,0.0,-0.009999999999999966,-3.779301685302716e-07
R06_head_on_vertical_offset,27,6.399999999999985,26.567033700132267,50.46208471101326,20.50007785176764,0.062050830970833595,-0.07848879475892818,1.4171705978799245,-0.013679237919558733,0.020979172918970213,0.8543277382850647,-0.043312154710292816,0.08592693507671356,0.8543277382850647,-0.043312154710292816,0.08592693507671356,1.4125966429710388,-0.015159254148602485,0.02148173376917839,0.27168651853965575,0.1999999999999993,29.72415365664178,none,0.28168817109157374,0.0,-0.009999999999999966,-1.6525519180154991e-06
R06_head_on_vertical_offset,28,6.5999999999999845,26.848997944473023,50.479199886349726,20.521683366999696,0.05913763146423854,-0.07412187667863884,1.4159713519893238,-0.015328455391249059,0.02257009951998442,0.8529096245765686,-0.05339726060628891,0.10324762761592865,0.8529096245765686,-0.05339726060628891,0.10324762761592865,1.4117457747459412,-0.018689041212201118,0.025811906903982162,0.27157396843189896,0.1999999999999993,29.362368283198716,none,0.28158204296784817,0.0,-0.009999999999999966,-8.07453594923402e-06
R06_head_on_vertical_offset,29,6.799999999999984,27.130867646539617,50.49543890372969,20.541979357461315,0.055897229891583494,-0.06929072992813337,1.4147465251797489,-0.016953109894573885,0.025519101301814194,0.8507180213928223,-0.05789612606167793,0.1261129528284073,0.8507180213928223,-0.05789612606167793,0.1261129528284073,1.4104308128356933,-0.020263644121587276,0.03152823820710182,0.2714797666087429,0.1999999999999993,29.00084097908983,none,0.28149072392898233,0.0,-0.009999999999999966,-1.095732023946222e-05
R06_head_on_vertical_offset,30,6.999999999999983,27.412645676819697,50.51072605411334,20.560794266397124,0.05249820500199321,-0.06368279786550733,1.413506065462103,-0.017031249600585625,0.030206899321699905,0.848558783531189,-0.04911563917994499,0.15903662145137787,0.848558783531189,-0.04911563917994499,0.15903662145137787,1.4091352701187134,-0.017190473712980745,0.03975915536284447,0.2713839068321752,0.1999999999999993,28.639589106139137,none,0.2814072213764476,0.0,-0.009999999999999966,-2.3314544272371453e-05
R06_head_on_vertical_offset,31,7.199999999999982,27.694336466961833,50.52506755063021,20.57786991310934,0.04931696558917724,-0.057036743676852686,1.4122781190252462,-0.01493884905403168,0.035829840676122035,0.8465856909751892,-0.030500559136271477,0.18915049731731415,0.8465856909751892,-0.030500559136271477,0.18915049731731415,1.4079514145851135,-0.010675195697695017,0.04728762432932854,0.271308361496922,0.1999999999999993,28.27864061383635,none,0.2813335066933007,0.0,-0.009999999999999966,-2.5145196378718663e-05
R06_head_on_vertical_offset,32,7.399999999999982,27.975934850467215,50.5385865292688,20.592899638855314,0.04678490601401561,-0.04927584744151475,1.4110190063175525,-0.010701143190558274,0.0413621506858577,0.8443041443824768,-0.0059029520489275455,0.2105410248041153,0.8443041443824768,-0.0059029520489275455,0.2105410248041153,1.406582486629486,-0.002066033217124641,0.052635256201028824,0.27123820654125436,0.1999999999999993,27.918042150726126,none,0.2812595625891632,0.0,-0.009999999999999966,-2.1356047908833307e-05
R06_head_on_vertical_offset,33,7.599999999999981,28.257448843065355,50.551516932095986,20.605594284409122,0.04521293823635823,-0.04062205775651686,1.4100030833145694,-0.005416815141786912,0.04490846030435679,0.8440390825271606,0.0152885178104043,0.20853888988494873,0.8440390825271606,0.0152885178104043,0.20853888988494873,1.4064234495162964,0.005350981233641505,0.05213472247123718,0.27118819214789275,0.1999999999999993,27.55782945855409,none,0.28119725529182915,0.0,-0.009999999999999966,-9.063143936413198e-06
R06_head_on_vertical_offset,34,7.79999999999998,28.538909243294693,50.56415325031786,20.615758590548964,0.04472737937784133,-0.031422361419996034,1.4093108556864284,0.00014223979617795663,0.0469357090359439,0.8447862863540649,0.03277098014950752,0.20426641404628754,0.8447862863540649,0.03277098014950752,0.20426641404628754,1.406871771812439,0.011469843052327632,0.051066603511571884,0.27116089777181357,0.1999999999999993,27.19800840841733,none,0.2811673867488693,0.0,-0.009999999999999966,-6.488977055780932e-06
R06_head_on_vertical_offset,35,7.99999999999998,28.82036195991073,50.57679782290776,20.623268372142697,0.04523092571851559,-0.021789213282185457,1.4090771896047845,0.004560238426164997,0.049223352341240104,0.8470897674560547,0.038750652223825455,0.21553939580917358,0.8470897674560547,0.038750652223825455,0.21553939580917358,1.4082538604736328,0.013562728278338909,0.053884848952293396,0.2711802810847179,0.1999999999999993,26.83856429599538,none,0.28118364393714046,0.0,-0.009999999999999966,-3.3628524225992606e-06
R06_head_on_vertical_offset,36,8.199999999999982,29.101932741804585,50.58971794364359,20.62800488442819,0.04665614783413359,-0.011747780671458452,1.4099610118449883,0.009332310946218364,0.05105306784831698,0.8551253080368042,0.05444654822349548,0.21912580728530884,0.8551253080368042,0.05444654822349548,0.21912580728530884,1.4130751848220826,0.019056291878223417,0.05478145182132721,0.2713190909249241,0.20000000000000195,26.479404546103257,none,0.2813255667931429,0.0,-0.010000000000000097,-6.4758682186696895e-06
R06_head_on_vertical_offset,37,8.399999999999984,29.38377660178972,50.60318179654437,20.629876301977777,0.048968168189736365,-0.0015086822526894778,1.4116847347470758,0.013475611461352146,0.05131795198440422,0.8629305362701416,0.06262386590242386,0.20743080973625183,0.8629305362701416,0.06262386590242386,0.20743080973625183,1.417758321762085,0.02191835306584835,0.05185770243406296,0.27161609958130306,0.20000000000000284,26.12040727679097,none,0.2816213908429006,0.0,-0.010000000000000142,-5.291261597381025e-06
R06_head_on_vertical_offset,38,8.599999999999987,29.66599227260301,50.61742093231084,20.628855431118065,0.051958727441470225,0.008718942940007704,1.4139846053784142,0.016222916299993152,0.05098350710094772,0.8701471090316772,0.06234588101506233,0.20120805501937866,0.8701471090316772,0.06234588101506233,0.20120805501937866,1.4220882654190063,0.021821058355271816,0.050302013754844666,0.2720118766632458,0.20000000000000284,25.761500805990394,none,0.28201369424073164,0.0,-0.010000000000000142,-1.8175774857301375e-06
R06_head_on_vertical_offset,39,8.79999999999999,29.948595494599132,50.63258723302434,20.624956157749136,0.05530667585667543,0.01878762264768301,1.4162869976602366,0.017184121666991417,0.049793017356941874,0.8739992380142212,0.05469358712434769,0.18946869671344757,0.8739992380142212,0.05469358712434769,0.18946869671344757,1.4243995428085328,0.01914275549352169,0.04736717417836189,0.27241492222293906,0.20000000000000284,25.402691688383,none,0.28241914640359767,0.0,-0.010000000000000142,-4.224180658461141e-06
R06_head_on_vertical_offset,40,8.999999999999993,30.231552213692304,50.64873097300379,20.618231440785664,0.05864038336677432,0.028606664297351925,1.4185832821664976,0.016225225569122585,0.04849521470965025,0.8777905106544495,0.04077513515949249,0.18340280652046204,0.8777905106544495,0.04077513515949249,0.18340280652046204,1.4266743063926697,0.014271297305822371,0.04585070163011551,0.2727831156991594,0.20000000000000284,25.044030954140133,none,0.2827880135407028,0.0,-0.010000000000000142,-4.8978415432776595e-06
R06_head_on_vertical_offset,41,9.199999999999996,30.514885249381752,50.665791746716124,20.608742157969612,0.06151186071398403,0.038185545233209946,1.421345790222354,0.012751372688138704,0.04737781334828348,0.8851326107978821,0.016207870095968246,0.18040360510349274,0.8851326107978821,0.016207870095968246,0.18040360510349274,1.4310795664787292,0.005672754533588886,0.045100901275873184,0.2731645829279458,0.20000000000000284,24.685511435223884,none,0.2831779119710731,0.0,-0.010000000000000142,-1.3329043127144058e-05
R06_head_on_vertical_offset,42,9.399999999999999,30.79870068620146,50.68357245831243,20.596532440330158,0.06338409915442034,0.047612624345247136,1.424838686818253,0.006446231131136286,0.046926958747408556,0.8952433466911316,-0.018290461972355843,0.18403303623199463,0.8952433466911316,-0.018290461972355843,0.18403303623199463,1.437146008014679,-0.006401661690324544,0.04600825905799866,0.2736476473330661,0.20000000000000284,24.32704370658243,none,0.2836737580263886,0.0,-0.010000000000000142,-2.6110693322318816e-05
R06_head_on_vertical_offset,43,9.600000000000001,31.083096092923576,50.70172552967746,20.58162058597645,0.06379622653933482,0.05691213489088495,1.4286329861168308,-0.0017102054947288783,0.046128338807313186,0.9033371806144714,-0.052372727543115616,0.17800401151180267,0.9033371806144714,-0.052372727543115616,0.17800401151180267,1.4420023083686828,-0.018330454640090463,0.04450100287795067,0.2742440636851642,0.20000000000000284,23.968547472197844,none,0.2842693328874262,0.0,-0.010000000000000142,-2.526920226182179e-05
R06_head_on_vertical_offset,44,9.800000000000004,31.368138603568774,50.71978854863108,20.56403115304742,0.062407286090739186,0.06607582936827998,1.4327371567302687,-0.01144545207351454,0.04555204157119682,0.9119971990585327,-0.08937948197126389,0.17751091718673706,0.9119971990585327,-0.08937948197126389,0.17751091718673706,1.4471983194351197,-0.03128281868994236,0.044377729296684265,0.27490706237077606,0.20000000000000284,23.609969373946885,none,0.2849359571494716,0.0,-0.010000000000000142,-2.8894778695403302e-05
R06_head_on_vertical_offset,45,10.000000000000007,31.65390286941838,50.737210990135246,20.543774683872424,0.05898026619070941,0.07519512868815416,1.4371708162435495,-0.02202719914655718,0.04563472013262415,0.9213215708732605,-0.12454133480787277,0.1832127720117569,0.9213215708732605,-0.12454133480787277,0.1832127720117569,1.4527929425239563,-0.04358946718275547,0.045803193002939224,0.27565590063164264,0.20000000000000284,23.251248321406404,none,0.2856830168507045,0.0,-0.010000000000000142,-2.7116219061764648e-05
R06_head_on_vertical_offset,46,10.20000000000001,31.940455919676708,50.75339151863037,20.52082782868611,0.05343478665536752,0.08438612736834483,1.4418745105174353,-0.03262856942300704,0.04623037228214957,0.930746853351593,-0.15494520962238312,0.1897764950990677,0.930746853351593,-0.15494520962238312,0.1897764950990677,1.4584481120109558,-0.05423082336783409,0.04744412377476692,0.2764834213135356,0.20000000000000284,22.892334295156612,none,0.2865045475938217,0.0,-0.010000000000000142,-2.1126280285993505e-05
R06_head_on_vertical_offset,47,10.400000000000013,32.22783952767117,50.76771802893216,20.495140106360576,0.04580025529963931,0.09371243351617828,1.4467602880891595,-0.04293960027415361,0.046976456707082795,0.9399591088294983,-0.18271495401859283,0.19398696720600128,0.9399591088294983,-0.18271495401859283,0.19398696720600128,1.463975465297699,-0.06395023390650749,0.04849674180150032,0.2773587031797812,0.20000000000000284,22.53320656898832,none,0.287376178228385,0.0,-0.010000000000000142,-1.747504860368565e-05
R06_head_on_vertical_offset,48,10.600000000000016,32.516063050847684,50.77958588513603,20.466652313883138,0.03612920394347867,0.10317977827452918,1.4517363022439391,-0.05301177225436773,0.047646490345879505,0.9487823843955994,-0.21010196208953857,0.19604723155498505,0.9487823843955994,-0.21010196208953857,0.19604723155498505,1.4692694306373597,-0.07353568673133849,0.04901180788874626,0.27824900797362306,0.20000000000000284,22.17387946150524,none,0.28826565083546285,0.0,-0.010000000000000142,-1.6642861839621937e-05
R06_head_on_vertical_offset,49,10.800000000000018,32.80510874674625,50.78841927302653,20.435316120012043,0.02468064494066649,0.11268836998821849,1.4567862256336952,-0.06088073307850869,0.04745393938434026,0.9576329588890076,-0.21975770592689514,0.18824632465839386,0.9576329588890076,-0.21975770592689514,0.18824632465839386,1.4745797753334045,-0.0769151970744133,0.047061581164598465,0.2791404976529398,0.20000000000000284,21.814395652865187,none,0.2891451460570664,0.0,-0.010000000000000142,-4.648404126506023e-06
R06_head_on_vertical_offset,50,11.000000000000021,33.09492541263657,50.79377289567681,20.401153786623812,0.012135134372668813,0.1218020140062166,1.4617310307939586,-0.0643154941700295,0.043946831979027955,0.9652569890022278,-0.20375558733940125,0.147201806306839,0.9652569890022278,-0.20375558733940125,0.147201806306839,1.4791541934013366,-0.07131445556879043,0.03680045157670975,0.279937888370353,0.20000000000000284,21.454827376242154,none,0.28997786529277647,0.0,-0.010000000000000142,-3.997692242333262e-05
R06_head_on_vertical_offset,51,11.200000000000024,33.38543853797518,50.79541987507068,20.36438269395744,-0.0008271055125404847,0.12967360712534015,1.4664300496935818,-0.06523741907127992,0.03541234472874167,0.9716452956199646,-0.19176003336906433,0.07208698987960815,0.9716452956199646,-0.19176003336906433,0.07208698987960815,1.4829871773719787,-0.06711601167917251,0.01802174746990204,0.2806178675718965,0.20000000000000284,21.095249321176556,none,0.2907344063603645,0.0,-0.010000000000000142,-0.00011653878846788147
R06_head_on_vertical_offset,52,11.400000000000027,33.676583820240175,50.79330219065704,20.32548275182769,-0.013629734721807833,0.1355334731355071,1.4707885507370133,-0.06296048580514237,0.024043208765658915,0.9769097566604614,-0.16663089394569397,0.0035059605725109577,0.9769097566604614,-0.16663089394569397,0.0035059605725109577,1.4861458539962769,-0.05832081288099288,0.0008764901431277394,0.28131235450951014,0.20000000000000284,20.735689692337385,none,0.2914196054250908,0.0,-0.010000000000000142,-0.0001072509155805404
R06_head_on_vertical_offset,53,11.60000000000003,33.968306710716305,50.787510078122445,20.285094007773797,-0.02598902724105641,0.13913616412699367,1.4746720345148878,-0.06079560663775041,0.012828923428279432,0.980592668056488,-0.16109789907932281,-0.04008903354406357,0.980592668056488,-0.16109789907932281,-0.04008903354406357,1.4883556008338927,-0.05638426467776298,-0.010022258386015892,0.2820009712346707,0.20000000000000284,20.37614186727539,none,0.2920398652622822,0.0,-0.010000000000000142,-3.8894027611328795e-05
R06_head_on_vertical_offset,54,11.800000000000033,34.2605478046459,50.778151547199215,20.243858818513587,-0.03796919308287767,0.14072757475258293,1.4780288707957798,-0.059131477434900895,0.003768098490434437,0.9830946326255798,-0.15925858914852142,-0.058780036866664886,0.9830946326255798,-0.15925858914852142,-0.058780036866664886,1.489856779575348,-0.055740506201982495,-0.014695009216666222,0.2825837829385366,0.20000000000000284,20.016597459549143,none,0.29259096286839537,0.0,-0.010000000000000142,-7.179929858640577e-06
R06_head_on_vertical_offset,55,12.000000000000036,34.55323274607098,50.765319684089754,20.20232728886441,-0.04957928711461287,0.14061534495321562,1.4808081225885834,-0.05712099335330687,-0.004283543112603619,0.9843348264694214,-0.15149788558483124,-0.0827610120177269,0.9843348264694214,-0.15149788558483124,-0.0827610120177269,1.4906008958816528,-0.05302425995469093,-0.020690253004431725,0.2830471067742306,0.20000000000000284,19.657070959028147,none,0.29305984384962613,0.0,-0.010000000000000142,-1.2737075395392595e-05
R06_head_on_vertical_offset,56,12.200000000000038,34.84628487867787,50.74911885675609,20.160982056951102,-0.060800121582852557,0.13902412280890045,1.483074305859523,-0.05522988447399073,-0.011113875228592472,0.9850987792015076,-0.14678971469402313,-0.10012776404619217,0.9850987792015076,-0.14678971469402313,-0.10012776404619217,1.4910592675209045,-0.05137640014290809,-0.025031941011548042,0.28343886350724345,0.20000000000000284,19.29758491080963,none,0.29344535059870225,0.0,-0.010000000000000142,-6.487091458642347e-06
R06_head_on_vertical_offset,57,12.400000000000041,35.13962503956871,50.729679050504735,20.120220344376285,-0.07138234216010783,0.13637497199361678,1.4848173360621835,-0.05091735709945418,-0.015078796262619818,0.9849315881729126,-0.12037081271409988,-0.0926322266459465,0.9849315881729126,-0.12037081271409988,-0.0926322266459465,1.4909589529037475,-0.042129784449934954,-0.023158056661486626,0.2837306799561917,0.20000000000000284,18.938175010549045,none,0.29374576334450353,0.0,-0.010000000000000142,-1.5083388311666334e-05
R06_head_on_vertical_offset,58,12.600000000000044,35.43316342729979,50.707196527459445,20.080282609867375,-0.08146451509840488,0.13326191083957586,1.4860829919623004,-0.049975369986077996,-0.015983618683389315,0.9842376112937927,-0.13730256259441376,-0.07130944728851318,0.9842376112937927,-0.13730256259441376,-0.07130944728851318,1.4905425667762757,-0.048055896908044814,-0.017827361822128296,0.2839356192622598,0.20000000000000284,18.57891512059476,none,0.2939504557958088,0.0,-0.010000000000000142,-1.4836533548880926e-05
R06_head_on_vertical_offset,59,12.800000000000047,35.726796274416884,50.681753527189336,20.041240221178633,-0.09136819312974251,0.1301768451474296,1.4869653650498826,-0.04912546759152027,-0.014945296712529825,0.9834573864936829,-0.1354103833436966,-0.05131809413433075,0.9834573864936829,-0.1354103833436966,-0.05131809413433075,1.4900744318962098,-0.047393634170293804,-0.012829523533582687,0.28403971275096745,0.20000000000000284,18.219920281184315,none,0.2940477896168474,0.0,-0.010000000000000142,-8.07686587981582e-06
R06_head_on_vertical_offset,60,13.00000000000005,36.020426179805156,50.653396282125286,20.003053500056886,-0.10117749371415953,0.12734078390737238,1.4875907241164046,-0.048978607145342495,-0.013522548428348694,0.9829903244972229,-0.1390838623046875,-0.04249374195933342,0.9829903244972229,-0.1390838623046875,-0.04249374195933342,1.4897941946983337,-0.048679351806640625,-0.010623435489833355,0.28404252448732725,0.20000000000000284,17.861322205746784,none,0.29404435612304525,0.0,-0.010000000000000142,-1.831635717875202e-06
R06_head_on_vertical_offset,61,13.200000000000053,36.31397181885741,50.622139482413644,19.965647450370962,-0.11098754798801358,0.12479468488723548,1.4880544752525493,-0.049111890042317516,-0.012049468050385481,0.9828141927719116,-0.14109565317630768,-0.036191176623106,0.9828141927719116,-0.14109565317630768,-0.036191176623106,1.489688515663147,-0.049383478611707686,-0.0090477941557765,0.2839550213490941,0.20000000000000284,17.503247238480192,none,0.2939558973621885,0.0,-0.010000000000000142,-8.760130942642164e-07
R06_head_on_vertical_offset,62,13.400000000000055,36.60736382076807,50.58798019487316,19.928940479444876,-0.1208340847622942,0.12253525378173236,1.4884006615932144,-0.04933654539466572,-0.010650298604555537,0.982700765132904,-0.14226949214935303,-0.031196927651762962,0.982700765132904,-0.14226949214935303,-0.031196927651762962,1.4896204590797424,-0.04979432225227356,-0.007799231912940741,0.2837931196471964,0.20000000000000284,17.14581611884103,none,0.2937936463129276,0.0,-0.010000000000000142,-5.266657310338402e-07
R06_head_on_vertical_offset,63,13.600000000000058,36.90054340377006,50.55092059471617,19.89285503402879,-0.1306116757932052,0.12052575860261057,1.4886743181907223,-0.04850224616584772,-0.00952915401375038,0.9827309250831604,-0.13372059166431427,-0.028978457674384117,0.9827309250831604,-0.13372059166431427,-0.028978457674384117,1.4896385550498963,-0.04680220708250999,-0.007244614418596029,0.2835655427453807,0.20000000000000284,16.789144427102514,none,0.2935671028697442,0.0,-0.010000000000000142,-1.5601243633245331e-06
R06_head_on_vertical_offset,64,13.800000000000061,37.193463207296354,50.51101200871902,19.857337002334503,-0.14015253915320394,0.11861619869988164,1.4888480831769908,-0.04701823738665763,-0.009563831375832143,0.9824339151382446,-0.12569798529148102,-0.038537971675395966,0.9824339151382446,-0.12569798529148102,-0.038537971675395966,1.4894603490829468,-0.043994294852018355,-0.009634492918848991,0.2832830359816558,0.20000000000000284,16.433338951691525,none,0.29328615267637304,0.0,-0.010000000000000142,-3.116694717126903e-06
R06_head_on_vertical_offset,65,14.000000000000064,37.486087913645605,50.4683368388062,19.8223837075054,-0.1494341875092056,0.11667620977394069,1.4889441657218512,-0.04588375246321327,-0.009816978173474924,0.9821378588676453,-0.12449151277542114,-0.04133124649524689,0.9821378588676453,-0.12449151277542114,-0.04133124649524689,1.4892827153205872,-0.0435720294713974,-0.010332811623811722,0.2829617360991153,0.20000000000000284,16.078489301910103,none,0.29296192301130475,0.0,-0.010000000000000142,-1.86912189331645e-07
R06_head_on_vertical_offset,66,14.200000000000067,37.77838717451313,50.422964802140406,19.78800546584517,-0.1585274654811788,0.11473554027295489,1.4889721490886045,-0.04510753116596865,-0.009605645044348984,0.9817845821380615,-0.12435953319072723,-0.0367000587284565,0.9817845821380615,-0.12435953319072723,-0.0367000587284565,1.489070749282837,-0.04352583661675453,-0.009175014682114124,0.2825986692587,0.20000000000000284,15.724681608975386,none,0.29259910106116394,0.0,-0.010000000000000142,-4.318024637942064e-07
R06_head_on_vertical_offset,67,14.40000000000007,38.070329357329236,50.37495034388921,19.754192368597966,-0.16745052139175612,0.11286622911977365,1.4889400435139228,-0.04419202943530817,-0.009123784393197927,0.9813781976699829,-0.1209329292178154,-0.03256761655211449,0.9813781976699829,-0.1209329292178154,-0.03256761655211449,1.4888269186019898,-0.04232652522623539,-0.008141904138028622,0.2821953944180371,0.20000000000000284,15.372013003692887,none,0.29219597409486653,0.0,-0.010000000000000142,-5.7967682927762e-07
R06_head_on_vertical_offset,68,14.600000000000072,38.36188383466191,50.32435046089812,19.720920500248777,-0.17619839870136028,0.11108348246227277,1.4888474474434505,-0.04335019299298927,-0.008733126149163847,0.9808686375617981,-0.118956558406353,-0.03174835070967674,0.9808686375617981,-0.118956558406353,-0.03174835070967674,1.4885211825370788,-0.041634795442223545,-0.007937087677419186,0.28175278043486995,0.20000000000000284,15.020589450602072,none,0.2917528771726623,0.0,-0.010000000000000142,-9.673779217678203e-08
R06_head_on_vertical_offset,69,14.800000000000075,38.65302436297801,50.271244224602064,19.68815720386843,-0.1845312961170366,0.10948510062701539,1.4886924669031854,-0.04021507542060504,-0.007354592481767591,0.980243980884552,-0.09664769470691681,-0.01818230003118515,0.980243980884552,-0.09664769470691681,-0.01818230003118515,1.4881463885307311,-0.03382669314742088,-0.0045455750077962875,0.2812597677342246,0.20000000000000284,14.670522433215877,none,0.29127341000075546,0.0,-0.010000000000000142,-1.364226653071704e-05
R06_head_on_vertical_offset,70,15.000000000000078,38.943744690243776,50.21581732448199,19.65583180590453,-0.19208155961920384,0.10814412940343561,1.4884931384952604,-0.03563291749490671,-0.006146196714671035,0.9796513319015503,-0.07513120770454407,-0.014735466800630093,0.9796513319015503,-0.07513120770454407,-0.014735466800630093,1.4877907991409303,-0.026295922696590424,-0.003683866700157523,0.280766712936557,0.20000000000000284,14.321923888555341,none,0.2907762167586583,0.0,-0.010000000000000142,-9.503822101191734e-06
R06_head_on_vertical_offset,71,15.200000000000081,39.234057212117875,50.158312267831946,19.6238774618538,-0.19891174570916864,0.10699071660824477,1.4882545540956236,-0.03287668131704085,-0.005441076265654898,0.9790231585502625,-0.0778866857290268,-0.01601705141365528,0.9790231585502625,-0.0778866857290268,-0.01601705141365528,1.4874138951301574,-0.027260340005159377,-0.00400426285341382,0.28027959549242715,0.20000000000000284,13.974895654194071,none,0.29027978808682775,0.0,-0.010000000000000142,-1.9259440046036704e-07
R06_head_on_vertical_offset,72,15.400000000000084,39.52396582391229,50.098892442902184,19.59224901835838,-0.2053680895521961,0.10598021188978293,1.487970647288437,-0.03177015607772323,-0.004718436389121942,0.9782838225364685,-0.08432973176240921,-0.012983695603907108,0.9782838225364685,-0.08432973176240921,-0.012983695603907108,1.4869702935218811,-0.02951540611684322,-0.003245923900976777,0.27977549180756606,0.20000000000000284,13.62954882372328,none,0.28977651702171414,0.0,-0.010000000000000142,-1.025214147962212e-06
R06_head_on_vertical_offset,73,15.600000000000087,39.81367873685879,50.038154155741694,19.56071553295412,-0.2059081851747079,0.10694334602681191,1.4888502559141528,0.022294350324237037,0.013013331866837945,0.9865826368331909,0.3784593939781189,0.19658036530017853,0.9865826368331909,0.3784593939781189,0.19658036530017853,1.4919495820999145,0.1324607878923416,0.04914509132504463,0.2743052956210965,0.20000000000000284,13.285866188704809,none,0.28946849043799716,0.0,-0.010000000000000142,-0.005163194816900502
R06_head_on_vertical_offset,74,15.80000000000009,40.103743192225615,49.97849731801606,19.52852997948018,-0.19886478352815368,0.10959278603508353,1.489902541219934,0.04632822927066104,0.013448285684823612,0.9893504977226257,0.27229058742523193,0.05733833834528923,0.9893504977226257,0.27229058742523193,0.05733833834528923,1.4936102986335755,0.09530170559883117,0.014334584586322308,0.27907861857389504,0.20000000000000284,12.943678862362676,none,0.2896919749460807,0.0,-0.010000000000000142,-0.0006133563721854743
R06_head_on_vertical_offset,75,16.000000000000092,40.39442215576772,49.92131300394219,19.49553902960454,-0.18964375209162868,0.11217971900309164,1.4908791979818623,0.04591335428146501,0.012493040928268896,0.9905341267585754,0.12876562774181366,0.04218621179461479,0.9905341267585754,0.12876562774181366,0.04218621179461479,1.4943204760551452,0.04506796970963478,0.010546552948653698,0.27976310794311277,0.20000000000000284,12.602908172750821,none,0.2901797159824895,0.0,-0.010000000000000142,-0.00041660803937658474
R06_head_on_vertical_offset,76,16.200000000000095,40.68569702037509,49.86673835264923,19.461770125861907,-0.18096935272098844,0.11478004177998864,1.491703994883929,0.041186874851088025,0.013438897496757874,0.9910169839859009,0.09015942364931107,0.06146502122282982,0.9910169839859009,0.09015942364931107,0.06146502122282982,1.4946101903915405,0.03155579827725887,0.015366255305707455,0.28061837617777885,0.20000000000000284,12.263692446575874,none,0.29065562307054904,0.0,-0.010000000000000142,-3.7246892770067545e-05
R06_head_on_vertical_offset,77,16.400000000000098,40.97714011966152,49.81395106865329,19.42766241166442,-0.17990760887648205,0.11293436181965248,1.489810386609851,-0.025540206783427964,-0.028718302915821746,0.9718970060348511,-0.46145424246788025,-0.45848560333251953,0.9718970060348511,-0.46145424246788025,-0.45848560333251953,1.4831382036209106,-0.1615089848637581,-0.11462140083312988,0.2692128277183877,0.20000000000000284,11.92643632996018,none,0.2907126649619798,0.0,-0.010000000000000142,-0.011499837243591896
R06_head_on_vertical_offset,78,16.6000000000001,41.26819422437433,49.759933997730826,19.39492441897075,-0.18822345935209897,0.10744161500507965,1.4885505122926153,-0.055370020662783404,-0.026385024737678186,0.9735188484191895,-0.3318679630756378,-0.08652215451002121,0.9735188484191895,-0.3318679630756378,-0.08652215451002121,1.4841113090515137,-0.11615378707647322,-0.021630538627505302,0.27712155892466317,0.20000000000000284,11.591256496486988,none,0.2902245997534507,0.0,-0.010000000000000142,-0.0031030408287874255
R06_head_on_vertical_offset,79,16.800000000000104,41.558628167068406,49.70291636546105,19.36357019618194,-0.19958411849723484,0.104433781111066,1.4878384699553133,-0.058035661090811576,-0.0052837223604556395,0.9755492806434631,-0.1813354194164276,0.15085634589195251,0.9755492806434631,-0.1813354194164276,0.15085634589195251,1.4853295683860779,-0.06346739679574966,0.03771408647298813,0.27790783902362953,0.20000000000000284,11.258540663275063,none,0.2894880934598021,0.0,-0.010000000000000142,-0.0015802544361723848
R06_head_on_vertical_offset,80,17.000000000000107,41.84833717565654,49.64262384367325,19.332522118306407,-0.21056861544060898,0.1053273474714767,1.4875942000649447,-0.052245698635738344,0.012852459370894295,0.9778891801834106,-0.1155645102262497,0.19923314452171326,0.9778891801834106,-0.1155645102262497,0.19923314452171326,1.4867335081100463,-0.04044757857918739,0.049808286130428314,0.27847935968884163,0.20000000000000284,10.928978637116648,none,0.28861279173426624,0.0,-0.010000000000000142,-0.00013343204542448194
R06_head_on_vertical_offset,81,17.20000000000011,42.137323470282766,49.57937192854098,19.300765777260526,-0.22004532964141663,0.10889857082983809,1.4876839113083866,-0.04320299335409718,0.022158385256634296,0.9800000190734863,-0.07079087942838669,0.16448372602462769,0.9800000190734863,-0.07079087942838669,0.16448372602462769,1.4880000114440919,-0.024776807799935338,0.04112093150615692,0.2776419031198811,0.20000000000000284,10.603196811357344,none,0.2877062362347118,0.0,-0.010000000000000142,-6.433311483057591e-05
R06_head_on_vertical_offset,82,17.400000000000112,42.42564895081666,49.51361426953383,19.26778246698612,-0.22827560561026228,0.1132021764801767,1.487940758202578,-0.03938735178174896,0.020967433453361148,0.9814096093177795,-0.09032078832387924,0.07416259497404099,0.9814096093177795,-0.09032078832387924,0.07416259497404099,1.4888457655906677,-0.03161227591335773,0.018540648743510246,0.2766656245944048,0.20000000000000284,10.281633679489804,none,0.28683645081441256,0.0,-0.010000000000000142,-0.00017082622000760605
R06_head_on_vertical_offset,83,17.600000000000115,42.71336450545001,49.4455784503323,19.233572206118303,-0.23612059364563362,0.11708873415555741,1.4882820725747608,-0.039085294660133454,0.018113262565733555,0.9824745059013367,-0.10991370677947998,0.04918944463133812,0.9824745059013367,-0.10991370677947998,0.04918944463133812,1.489484703540802,-0.03846979737281799,0.01229736115783453,0.2759794977683326,0.20000000000000284,9.96458157101592,none,0.28599967126226034,0.0,-0.010000000000000142,-2.0173493927614637e-05
R06_head_on_vertical_offset,84,17.800000000000118,43.000489704512134,49.3753215731492,19.19826674120857,-0.2437728501777075,0.12063366002232545,1.4886755753689653,-0.037552776752989084,0.01739047286442024,0.9834368228912354,-0.09837139397859573,0.06367062032222748,0.9834368228912354,-0.09837139397859573,0.06367062032222748,1.4900620937347413,-0.03442998789250851,0.01591765508055687,0.2751582566573166,0.20000000000000284,9.652344709387418,none,0.2851651337670802,0.0,-0.010000000000000142,-6.8771097634581785e-06
R06_head_on_vertical_offset,85,18.00000000000012,43.28704517940708,49.302950112321604,19.161911233783798,-0.2508379389391707,0.12417483115506875,1.4891185208961486,-0.03341032782579628,0.017977029598624652,0.9844654202461243,-0.07134091854095459,0.0766889899969101,0.9844654202461243,-0.07134091854095459,0.0766889899969101,1.4906792521476746,-0.024969321489334104,0.019172247499227524,0.27431474950372964,0.20000000000000284,9.34529293073923,none,0.2843327731550076,0.0,-0.010000000000000142,-1.8023651277802034e-05
R06_head_on_vertical_offset,86,18.200000000000124,43.573075481003706,49.22869241111183,19.12448577831186,-0.25699138797458354,0.1277780446837186,1.4895929743605847,-0.02849465731322575,0.01804963352000463,0.9854412078857422,-0.05279448255896568,0.07279030978679657,0.9854412078857422,-0.05279448255896568,0.07279030978679657,1.4912647247314452,-0.018478068895637988,0.018197577446699142,0.2735203111129001,0.20000000000000284,9.043833868152529,none,0.2835275135560309,0.0,-0.010000000000000142,-7.202443130647496e-06
R06_head_on_vertical_offset,87,18.400000000000126,43.858638985674766,49.15281731099457,19.08599034072975,-0.2622646627843219,0.13130082727391215,1.4900774946246802,-0.024536423433976676,0.017239269623906872,0.9863078594207764,-0.047059398144483566,0.0623520128428936,0.9863078594207764,-0.047059398144483566,0.0623520128428936,1.4917847156524657,-0.016470789350569247,0.0155880032107234,0.2727626214069742,0.20000000000000284,8.748391490917882,none,0.28276547341339864,0.0,-0.010000000000000142,-2.852006424270137e-06
R06_head_on_vertical_offset,88,18.60000000000013,44.143789808958914,49.07555164745203,19.046466417956875,-0.26683953132631133,0.13465066457899083,1.490559728736997,-0.021445244575629567,0.016327800950300578,0.9870981574058533,-0.043275415897369385,0.05788205936551094,0.9870981574058533,-0.043275415897369385,0.05788205936551094,1.492258894443512,-0.015146395564079283,0.014470514841377735,0.2720431856036817,0.20000000000000284,8.459418621137642,none,0.28204388407521463,0.0,-0.010000000000000142,-6.984715328331448e-07
R06_head_on_vertical_offset,89,18.800000000000132,44.42857229936963,48.99707380443556,19.005966273659862,-0.27086108703637807,0.13782584637918133,1.4910330034870638,-0.01895779216650235,0.015487361120943262,0.9878343343734741,-0.039683278650045395,0.0550992377102375,0.9878343343734741,-0.039683278650045395,0.0550992377102375,1.4927006006240844,-0.013889147527515888,0.013774809427559376,0.2713529559128415,0.20000000000000284,8.177419473920066,none,0.28135337970289953,0.0,-0.010000000000000142,-4.237900579265319e-07
R06_head_on_vertical_offset,90,19.000000000000135,44.713021073998696,48.91751859991417,18.964547748549876,-0.27452015123456147,0.14075512151502473,1.4914910140538775,-0.017725711881455112,0.013923275586433418,0.9885080456733704,-0.043471772223711014,0.04294464737176895,0.9885080456733704,-0.043471772223711014,0.04294464737176895,1.4931048274040222,-0.015215120278298853,0.010736161842942238,0.2706810077988792,0.20000000000000284,7.902955763805197,none,0.2806842586116147,0.0,-0.010000000000000142,-3.2508127353861327e-06
R06_head_on_vertical_offset,91,19.200000000000138,44.99715286726527,48.83695373058739,18.922290221664444,-0.278073298568127,0.1434539603444097,1.491900664691964,-0.01780015096955491,0.01312525930771604,0.9889068007469177,-0.051290955394506454,0.045996613800525665,0.9889068007469177,-0.051290955394506454,0.045996613800525665,1.4933440804481506,-0.017951834388077258,0.011499153450131416,0.2700165831409866,0.20000000000000284,7.636651397889137,none,0.28001799540358974,0.0,-0.010000000000000142,-1.4122626029877684e-06
R06_head_on_vertical_offset,92,19.40000000000014,45.28096124002221,48.75539825175471,18.879241798833267,-0.28153549809953987,0.14606441911651077,1.4922380180978745,-0.01689041153500123,0.012989556363480878,0.9890444874763489,-0.04296185448765755,0.05085214599967003,0.9890444874763489,-0.04296185448765755,0.05085214599967003,1.4934266924858093,-0.01503664907068014,0.012713036499917507,0.26932726526290596,0.20000000000000284,7.3792278312235595,none,0.2793291246443559,0.0,-0.010000000000000142,-1.8593814497772087e-06
R06_head_on_vertical_offset,93,19.600000000000144,45.56443761810251,48.67292020258712,18.83540922480722,-0.28463945705974464,0.14874999297304722,1.4924287945373318,-0.01434130461756139,0.01380474157656205,0.9885016679763794,-0.026134364306926727,0.06186332926154137,0.9885016679763794,-0.026134364306926727,0.06186332926154137,1.4931010007858276,-0.009147027507424355,0.015465832315385342,0.268607696543043,0.20000000000000284,7.131484645826633,none,0.27861579064775555,0.0,-0.010000000000000142,-8.094104712373096e-06
R06_head_on_vertical_offset,94,19.800000000000146,45.84758824793419,48.58966483098607,18.7907649969693,-0.2871972918578356,0.15150340320855268,1.4925118564067672,-0.01145461367016121,0.013734644039797187,0.9880075454711914,-0.015921276062726974,0.05436722934246063,0.9880075454711914,-0.015921276062726974,0.05436722934246063,1.4928045272827148,-0.005572446621954441,0.013591807335615158,0.2678916296535627,0.20000000000000284,6.894278673906554,none,0.27789484451041346,0.0,-0.010000000000000142,-3.2148568506157327e-06
R06_head_on_vertical_offset,95,20.00000000000015,46.13043916354139,48.50579307673129,18.745315247861768,-0.2892449631257412,0.15417616912872717,1.4925311126962604,-0.009192588190648186,0.013044994170569006,0.9876649379730225,-0.013095121830701828,0.046558819711208344,0.9876649379730225,-0.013095121830701828,0.046558819711208344,1.4925989627838134,-0.00458329264074564,0.011639704927802086,0.2671873361755871,0.20000000000000284,6.6684855544405774,none,0.27718871769135944,0.0,-0.010000000000000142,-1.3815157722085747e-06
R06_head_on_vertical_offset,96,20.200000000000152,46.41302587632594,48.42143828457506,18.699102728744066,-0.2908511503077863,0.15665129663183003,1.4925418823852452,-0.0070321185347051104,0.011800108100425151,0.9876330494880676,-0.007513605058193207,0.03705368936061859,0.9876330494880676,-0.007513605058193207,0.03705368936061859,1.4925798296928405,-0.002629761770367622,0.009263422340154648,0.26650574976719504,0.20000000000000284,6.455006916628307,none,0.27650817980418196,0.0,-0.010000000000000142,-2.4300369867794047e-06
R06_head_on_vertical_offset,97,20.400000000000155,46.69539785697371,48.33672889843733,18.652213538966116,-0.2919351560302922,0.15870144186318405,1.4925578451574835,-0.004033913806656919,0.008918529222523544,0.9876901507377625,0.005929952021688223,0.012187115848064423,0.9876901507377625,0.005929952021688223,0.012187115848064423,1.4926140904426575,0.002075483207590878,0.0030467789620161057,0.26585387259675675,0.20000000000000284,6.254749963024974,none,0.27586985417607224,0.0,-0.010000000000000142,-1.5981579315360147e-05
R06_head_on_vertical_offset,98,20.600000000000158,46.97762546446402,48.251826519215754,18.604815746377195,-0.29236954989153324,0.16006512118248378,1.4925297611090367,-0.000571023351337673,0.005012650597354218,0.9873846769332886,0.01852930523455143,-0.011785199865698814,0.9873846769332886,0.01852930523455143,-0.011785199865698814,1.4924308061599731,0.006485256832093,-0.0029462999664247036,0.2652866135844438,0.20000000000000284,6.068573302703657,none,0.2753012837631701,0.0,-0.010000000000000142,-1.467017872616092e-05
R06_head_on_vertical_offset,99,20.80000000000016,47.25978956298836,48.166918594733076,18.557125760931395,-0.292086716112476,0.1607242112525853,1.4924412778783223,0.0031210863120487518,0.001818959086552,0.9868825078010559,0.030412694439291954,-0.0187551137059927,0.9868825078010559,0.030412694439291954,-0.0187551137059927,1.4921295046806335,0.010644443053752183,-0.004688778426498175,0.26481527164900265,0.20000000000000284,5.89729796048894,none,0.2748190725852382,0.0,-0.010000000000000142,-3.8009362353966238e-06
R06_head_on_vertical_offset,100,21.000000000000163,47.541972366967606,48.082210335814295,18.509330165200765,-0.29101863216695845,0.16083918810495246,1.4923102857073054,0.007248657515151807,-0.0004948020567943011,0.9864145517349243,0.04474099352955818,-0.020838074386119843,0.9864145517349243,0.04474099352955818,-0.020838074386119843,1.4918487310409545,0.01565934773534536,-0.005209518596529961,0.2644233963767206,0.20000000000000284,5.7417530062231865,none,0.2744275935339786,0.0,-0.010000000000000142,-4.197157257898182e-06
R06_head_on_vertical_offset,101,21.200000000000166,47.8242572927704,47.9979324401426,18.46157217113968,-0.2890696196640488,0.16050910207907848,1.4921310261882954,0.01189153330598432,-0.0026440677419152362,0.9858323335647583,0.06100643426179886,-0.028094377368688583,0.9858323335647583,0.06100643426179886,-0.028094377368688583,1.491499400138855,0.0213522519916296,-0.007023594342172146,0.26412468849128606,0.20000000000000284,5.60276718204765,none,0.2741310396407499,0.0,-0.010000000000000142,-6.351149463730832e-06
R06_head_on_vertical_offset,102,21.40000000000017,48.106727906945146,47.91433946277666,18.41398239305491,-0.2862076581477455,0.15974213378535057,1.4918762843003583,0.01638909964324706,-0.004858698184293186,0.9849644899368286,0.0730106383562088,-0.037485670298337936,0.9849644899368286,0.0730106383562088,-0.037485670298337936,1.4909786939620973,0.02555372342467308,-0.009371417574584484,0.2639294210396906,0.20000000000000284,5.481125487645553,none,0.2739340820487186,0.0,-0.010000000000000142,-4.66100902786537e-06
R06_head_on_vertical_offset,103,21.600000000000172,48.38945590100079,47.831654194453066,18.36669215319199,-0.2827817491803868,0.15853901202249723,1.4915663438626603,0.017766197936347157,-0.007010349201399755,0.9841237664222717,0.05877797305583954,-0.04557894542813301,0.9841237664222717,0.05877797305583954,-0.04557894542813301,1.4904742598533631,0.020572290569543836,-0.011394736357033253,0.2638212748914379,0.20000000000000284,5.377556248254837,none,0.2738266504250362,0.0,-0.010000000000000142,-5.375533598136473e-06
R06_head_on_vertical_offset,104,21.800000000000175,48.67246481228285,47.74994605147762,18.31981298197032,-0.27942568831812564,0.15708750520140646,1.4912014378107106,0.015932608576789308,-0.007470069802491943,0.9831928014755249,0.03484665974974632,-0.03362734243273735,0.9831928014755249,0.03484665974974632,-0.03362734243273735,1.489915680885315,0.012196330912411213,-0.008406835608184338,0.2637380209701968,0.20000000000000284,5.292778566701594,none,0.27375234927552583,0.0,-0.010000000000000142,-1.4328305328920322e-05
R06_head_on_vertical_offset,105,22.000000000000178,48.95572658911592,47.669142567141606,18.273370774534648,-0.27638671943300547,0.15570967113288225,1.4908190952890228,0.014560496552608406,-0.006389698612803545,0.9824531674385071,0.033613041043281555,-0.016752969473600388,0.9824531674385071,0.033613041043281555,-0.016752969473600388,1.4894719004631043,0.011764564365148543,-0.004188242368400097,0.2636403281203379,0.20000000000000284,5.2275331090812625,none,0.27364606438706573,0.0,-0.010000000000000142,-5.736266727714157e-06
R06_head_on_vertical_offset,106,22.20000000000018,49.23920748306583,47.5891711867299,18.22731880405849,-0.2735636786996255,0.15450269418712292,1.4904350772736872,0.013732329825099645,-0.005729806971541414,0.981803297996521,0.03441367670893669,-0.017540622502565384,0.981803297996521,0.03441367670893669,-0.017540622502565384,1.4890819787979126,0.01204478684812784,-0.004385155625641346,0.2634971059054841,0.20000000000000284,5.182482242503255,none,0.27349713958038535,0.0,-0.010000000000000142,-3.367490109568161e-08
R06_head_on_vertical_offset,107,22.400000000000183,49.52287794210878,47.50997022159655,18.181621894926607,-0.2710537095244784,0.15335777075859325,1.4900203361236475,0.011533116915784519,-0.005720154799345135,0.9809316396713257,0.020148038864135742,-0.022801946848630905,0.9809316396713257,0.020148038864135742,-0.022801946848630905,1.4885589838027955,0.007051813602447509,-0.005700486712157726,0.26330527621819283,0.20000000000000284,5.158105055196115,none,0.27330991521309755,0.0,-0.010000000000000142,-4.638994904588023e-06
R06_head_on_vertical_offset,108,22.600000000000186,49.806697350428415,47.431427858689894,18.136266852490802,-0.2689834892351651,0.15229819102034653,1.4895884786184477,0.009334775297438262,-0.00493483244085143,0.9801113605499268,0.013872135430574417,-0.013338371179997921,0.9801113605499268,0.013872135430574417,-0.013338371179997921,1.488066816329956,0.004855247400701045,-0.0033345927949994802,0.2630666980791223,0.20000000000000284,5.153485698445053,none,0.27306929046084605,0.0,-0.010000000000000142,-2.592381723606641e-06
R06_head_on_vertical_offset,109,22.80000000000019,50.09062430123993,47.35343074900384,18.091211974731525,-0.2672551861573858,0.1514147322822694,1.4891568947466554,0.008045433364978488,-0.0039723010663603115,0.9793936610221863,0.015480458736419678,-0.008043861016631126,0.9793936610221863,0.015480458736419678,-0.008043861016631126,1.4876361966133118,0.005418160557746887,-0.0020109652541577816,0.26277020128707346,0.20000000000000284,5.154693403367917,none,0.2727708239597604,0.0,-0.010000000000000142,-6.226726867647643e-07
R06_head_on_vertical_offset,110,23.000000000000192,50.37462147434167,47.275903292792336,18.046407088827944,-0.26577802963899944,0.1506805353499083,1.488657675162569,0.006818598534363361,-0.0034119053611658514,0.9781644344329834,0.01233913004398346,-0.009079981595277786,0.9781644344329834,0.01233913004398346,-0.009079981595277786,1.48689866065979,0.004318695515394211,-0.0022699953988194466,0.2624192056616145,0.20000000000000284,5.172362970708177,none,0.27241945471141094,0.0,-0.010000000000000142,-2.490497963004296e-07
R06_head_on_vertical_offset,111,23.200000000000195,50.65863273435971,47.19877184594902,18.001827917528313,-0.26468096438569183,0.1499789836829867,1.4879342760004255,0.00433894577915233,-0.0035901750930327435,0.9756422638893127,-0.0020394446328282356,-0.015813730657100677,0.9756422638893127,-0.0020394446328282356,-0.015813730657100677,1.4853853583335876,-0.0007138056214898824,-0.003953432664275169,0.2619916277494369,0.20000000000000284,5.211015036735384,none,0.27199679671204535,0.0,-0.010000000000000142,-5.168962608312223e-06
R06_head_on_vertical_offset,112,23.400000000000198,50.942578602117656,47.1219185308192,17.957478689687235,-0.26406417406365085,0.14931430808799837,1.4869811197344607,0.0020048765692081924,-0.003093979210974886,0.9727044105529785,-0.007860632613301277,-0.00833155307918787,0.9727044105529785,-0.007860632613301277,-0.00833155307918787,1.4836226463317872,-0.002751221414655447,-0.0020828882697969675,0.26147394352766745,0.20000000000000284,5.270325780751472,none,0.27147591353152833,0.0,-0.010000000000000142,-1.9700038607447027e-06
R06_head_on_vertical_offset,113,23.6000000000002,51.226398122667,47.045234458485574,17.91332389724267,-0.2637294698747798,0.1489079819002799,1.4860030927832477,0.0013886131787894545,-0.0011181976064394195,0.9709283113479614,0.0003796070523094386,0.011631292290985584,0.9709283113479614,0.0003796070523094386,0.011631292290985584,1.482556986808777,0.0001328624683083035,0.002907823072746396,0.26086206944435547,0.20000000000000284,5.349773917027809,none,0.2708714608698237,0.0,-0.010000000000000142,-9.391425468124445e-06
R06_head_on_vertical_offset,114,23.800000000000203,51.510062050566454,46.968692729438175,17.869268767739793,-0.2633440490574566,0.14880649887191022,1.4849827501545048,0.0023901118939961114,1.7750734875610964e-05,0.9689792394638062,0.012659573927521706,0.009329822845757008,0.9689792394638062,0.012659573927521706,0.009329822845757008,1.4813875436782837,0.0044308508746325964,0.002332455711439252,0.26021384182025176,0.20000000000000284,5.448702217562868,none,0.27021703968483735,0.0,-0.010000000000000142,-3.197864585464717e-06
R06_head_on_vertical_offset,115,24.000000000000206,51.79354558154791,46.89233513463321,17.825229098081646,-0.26288181257855375,0.14907800554313289,1.483791693165062,0.0022433168577685463,0.002509511606459583,0.9659916162490845,0.005554842296987772,0.03034774214029312,0.9659916162490845,0.005554842296987772,0.03034774214029312,1.4795949697494506,0.0019441948039457201,0.00758693553507328,0.2595137649215469,0.20000000000000284,5.5663369668338145,none,0.26952378804225674,0.0,-0.010000000000000142,-1.0023120709733735e-05
R06_head_on_vertical_offset,116,24.20000000000021,52.07679726680255,46.816182965997164,17.781077372609808,-0.26237768668856476,0.14982207537344402,1.482416161664852,0.0027590696787327764,0.0047614572347195955,0.9626157283782959,0.010885747149586678,0.037400852888822556,0.9626157283782959,0.010885747149586678,0.037400852888822556,1.4775694370269776,0.003810011502355337,0.009350213222205639,0.258757281711625,0.20000000000000284,5.701761900012556,none,0.268759072942359,0.0,-0.010000000000000142,-1.7912307338924283e-06
R06_head_on_vertical_offset,117,24.40000000000021,52.359764842361436,46.740273494704724,17.736689756774897,-0.2617934172792224,0.1509778765588364,1.480818944574867,0.003060877143215627,0.006653919471555067,0.9586518406867981,0.010502473451197147,0.04204064607620239,0.9586518406867981,0.010502473451197147,0.04204064607620239,1.475191104412079,0.003675865707919001,0.010510161519050598,0.25792231447642683,0.20000000000000284,5.854028469413663,none,0.2679230622161306,0.0,-0.010000000000000142,-7.477397036068263e-07
R06_head_on_vertical_offset,118,24.600000000000215,52.642398306379334,46.66463755241951,17.69196264004836,-0.26117143571421597,0.15247604068322534,1.4790449933691094,0.0031520656185107998,0.00821040893997178,0.9546573758125305,0.009536797180771828,0.04552817717194557,0.9546573758125305,0.009536797180771828,0.04552817717194557,1.4727944254875183,0.0033378790132701395,0.011382044292986393,0.25701736776369327,0.20000000000000284,6.022128259812842,none,0.2670179487867621,0.0,-0.010000000000000142,-5.810230686959135e-07
R06_head_on_vertical_offset,119,24.800000000000217,52.924652326283436,46.58929378435107,17.646812025813595,-0.2605334750281798,0.15424974182788434,1.4771015565699699,0.0032222513344678785,0.00943435362204643,0.950423002243042,0.009615050628781319,0.047713469713926315,0.950423002243042,0.009615050628781319,0.047713469713926315,1.4702538013458253,0.0033652677200734613,0.011928367428481579,0.25604715074474266,0.20000000000000284,6.205016832727669,none,0.26604760497567526,0.0,-0.010000000000000142,-4.542309324429006e-07
R06_head_on_vertical_offset,120,25.00000000000022,53.20648266974231,46.51425761902769,17.60117355120694,-0.25988333784844553,0.15623753034722712,1.4749752743939322,0.003275134640579894,0.010372800683068487,0.9458054304122925,0.00966541189700365,0.049140240997076035,0.9458054304122925,0.00966541189700365,0.049140240997076035,1.4674832582473756,0.0033828941639512775,0.012285060249269009,0.25501300727557846,0.20000000000000284,6.40164248287107,none,0.26501347447922186,0.0,-0.010000000000000142,-4.672036432777811e-07
R06_head_on_vertical_offset,121,25.200000000000223,53.487853165858056,46.439547046254084,17.55499791195956,-0.2591642638285967,0.15840022638165738,1.47272701258665,0.0038707164707546117,0.011192387301375124,0.9413419961929321,0.014526641927659512,0.05144978687167168,0.9413419961929321,0.014526641927659512,0.05144978687167168,1.4648051977157592,0.005084324674680829,0.01286244671791792,0.25392338163739664,0.20000000000000284,6.6109616868596905,none,0.2639243593934886,0.0,-0.010000000000000142,-9.777560917673816e-07
R06_head_on_vertical_offset,122,25.400000000000226,53.76877177209393,46.36519098339489,17.508241255531537,-0.25832176600290035,0.16068321662192558,1.4706724461875123,0.004506353716679374,0.011606317149822996,0.9390552043914795,0.016575949266552925,0.049799103289842606,0.9390552043914795,0.016575949266552925,0.049799103289842606,1.4634331226348878,0.005801582243293524,0.012449775822460651,0.25282481164272075,0.20000000000000284,6.831959017485865,none,0.2628250547193929,0.0,-0.010000000000000142,-2.43076671995069e-07
R06_head_on_vertical_offset,123,25.60000000000023,54.04926055103899,46.291207001391044,17.46087578688259,-0.2574914198925677,0.16303859385704922,1.4686588471547743,0.0038468167793160347,0.011923545644687433,0.9359397888183594,0.007151109166443348,0.050279829651117325,0.9359397888183594,0.007151109166443348,0.050279829651117325,1.4615638732910157,0.0025028882082551718,0.012569957412779331,0.25172676567633273,0.20000000000000284,7.063680278022877,none,0.26172874096679166,0.0,-0.010000000000000142,-1.9752904588059458e-06
R06_head_on_vertical_offset,124,25.80000000000023,54.32931383617402,46.21756369543245,17.412883127610883,-0.25682504721692523,0.16545920732750113,1.466677427784235,0.0028890937015419223,0.012257424558652502,0.9328263998031616,0.0026787305250763893,0.05175105854868889,0.9328263998031616,0.0026787305250763893,0.05175105854868889,1.4596958398818969,0.0009375556837767362,0.012937764637172222,0.2506005416487027,0.20000000000000284,7.305232351348071,none,0.2606011788462297,0.0,-0.010000000000000142,-6.371975268151808e-07
R06_head_on_vertical_offset,125,26.000000000000234,54.60892103566548,46.14421040004872,17.36424461401595,-0.25632807425080567,0.16795087807063333,1.4647384356992506,0.0021372988448113196,0.0126311175768017,0.9298439025878906,0.0017296505393460393,0.05357034504413605,0.9298439025878906,0.0017296505393460393,0.05357034504413605,1.4579063415527345,0.0006053776887711138,0.013392586261034012,0.24943290968650983,0.20000000000000284,7.555787569658182,none,0.2594331718034262,0.0,-0.010000000000000142,-2.6211691621859147e-07
R06_head_on_vertical_offset,126,26.200000000000237,54.88807148832645,46.071108610044476,17.314945874423827,-0.25592114388002873,0.17046053933485375,1.46279647215057,0.0019463934311108818,0.012477103154306462,0.926589846611023,0.0044496809132397175,0.04865308105945587,0.926589846611023,0.0044496809132397175,0.04865308105945587,1.4559539079666137,0.001557388319633901,0.012163270264863968,0.24822430053022534,0.20000000000000284,7.814586893213313,none,0.2582251438688381,0.0,-0.010000000000000142,-8.433386126105038e-07
R06_head_on_vertical_offset,127,26.40000000000024,55.16675353346645,45.998248974833736,17.2649999431361,-0.2555109447612349,0.17289090055525005,1.460770193525528,0.0021409351219505712,0.011872107646993212,0.9227175712585449,0.007249570917338133,0.04255726933479309,0.9227175712585449,0.007249570917338133,0.04255726933479309,1.453630542755127,0.0025373498210683465,0.010639317333698273,0.2469808531336156,0.20000000000000284,8.080924011980514,none,0.2569820529900362,0.0,-0.010000000000000142,-1.1998564204599057e-06
R06_head_on_vertical_offset,128,26.600000000000243,55.44495066402415,45.925643429885405,17.21444216315006,-0.2550656632639329,0.17522300796097617,1.4586012192955096,0.002299898740552158,0.011478623375697314,0.918264627456665,0.007496618665754795,0.042707305401563644,0.918264627456665,0.007496618665754795,0.042707305401563644,1.450958776473999,0.002623816533014178,0.010676826350390911,0.24570386625901905,0.20000000000000284,8.354119901694606,none,0.2557042645040575,0.0,-0.010000000000000142,-3.982450382806037e-07
R06_head_on_vertical_offset,129,26.800000000000246,55.72263000605262,45.85330852266031,17.163307056647962,-0.25460168257984034,0.17746526470590782,1.4561822266634643,0.002337103939260598,0.01098141847743821,0.9127647280693054,0.0068940469063818455,0.03987308591604233,0.9127647280693054,0.0068940469063818455,0.03987308591604233,1.4476588368415833,0.002412916417233646,0.009968271479010582,0.24437550482660028,0.20000000000000284,8.633526491240445,none,0.2543762777223222,0.0,-0.010000000000000142,-7.728957217676249e-07
R06_head_on_vertical_offset,130,27.00000000000025,55.99974648243859,45.781255661990315,17.111633632696105,-0.2541611097333214,0.1796088368525984,1.453502772038527,0.002087441611073067,0.010491247263500007,0.9067693948745728,0.004510595463216305,0.03796973079442978,0.9067693948745728,0.004510595463216305,0.03796973079442978,1.4440616369247437,0.0015787084121257067,0.009492432698607445,0.24298491424171184,0.20000000000000284,8.918539428995357,none,0.2529858191941443,0.0,-0.010000000000000142,-9.049524323352003e-07
R06_head_on_vertical_offset,131,27.20000000000025,56.27625194999543,45.709479687312495,17.059462599328953,-0.25381907513031066,0.1816421679237129,1.4505788416069092,0.0013857881407732366,0.009887563201186039,0.9004604816436768,-0.0001256018877029419,0.03462978079915047,0.9004604816436768,-0.0001256018877029419,0.03462978079915047,1.440276288986206,-4.396066069602966e-05,0.008657445199787617,0.2415257928449534,0.20000000000000284,9.208595892690996,none,0.2515272418845136,0.0,-0.010000000000000142,-1.4490395600522295e-06
R06_head_on_vertical_offset,132,27.400000000000254,56.55209826892899,45.6379526965159,17.006837296899644,-0.25364006449077314,0.18356537203275292,1.447442929127653,0.0004731071505012809,0.009382541450324362,0.893989086151123,-0.0039618550799787045,0.03341386467218399,0.893989086151123,-0.0039618550799787045,0.03341386467218399,1.4363934516906738,-0.0013866492779925465,0.008353466168045998,0.23999541513740372,0.20000000000000284,9.503182295324049,none,0.24999657662240793,0.0,-0.010000000000000142,-1.1614850040821525e-06
R06_head_on_vertical_offset,133,27.600000000000257,56.82724958843255,45.566631551310834,16.953793115406963,-0.25364509619459463,0.18540857396880286,1.4442247510457125,-0.0004535796713038345,0.009072821543549868,0.8881423473358154,-0.006691073067486286,0.033766839653253555,0.8881423473358154,-0.006691073067486286,0.033766839653253555,1.4328854084014893,-0.0023418755736202,0.008441709913313389,0.23840054993498858,0.20000000000000284,9.801834004859398,none,0.24840138508652743,0.0,-0.010000000000000142,-8.351515387004143e-07
R06_head_on_vertical_offset,134,27.80000000000026,57.10167788994021,45.49547103656291,16.900353927522275,-0.25381630016219264,0.18720336016815856,1.4409009714739287,-0.0012020478515939008,0.008888902457640848,0.8819825649261475,-0.007791972253471613,0.03405653312802315,0.8819825649261475,-0.007791972253471613,0.03405653312802315,1.4291895389556886,-0.0027271902887150644,0.008514133282005787,0.23674556195233182,0.20000000000000284,10.104143501329036,none,0.24674634672874518,0.0,-0.010000000000000142,-7.847764132296433e-07
R06_head_on_vertical_offset,135,28.000000000000263,57.37535033940524,45.424435893834406,16.84653793577732,-0.2541241613719409,0.18896524538243595,1.4374348659482967,-0.0018292889920230268,0.008741090307861295,0.8753699064254761,-0.008878311142325401,0.03375958278775215,0.8753699064254761,-0.008878311142325401,0.03375958278775215,1.4252219438552856,-0.0031074088998138904,0.008439895696938038,0.23502577832012175,0.20000000000000284,10.409750969423305,none,0.24502667823140456,0.0,-0.010000000000000142,-8.999112826504939e-07
R06_head_on_vertical_offset,136,28.200000000000266,57.64823285023727,45.35348869527804,16.792355663090426,-0.2546542776265403,0.19075441315604497,1.4338671320974843,-0.0033567486988629173,0.009121886746546057,0.8688268661499023,-0.018483515828847885,0.03959131985902786,0.8688268661499023,-0.018483515828847885,0.03959131985902786,1.4212961196899414,-0.006469230540096759,0.009897829964756966,0.23323510620839913,0.20000000000000284,10.718323820542416,none,0.243238487818207,0.0,-0.010000000000000142,-3.381609807725297e-06
R06_head_on_vertical_offset,137,28.40000000000027,57.92027582821496,45.28256115475039,16.73779573819943,-0.255492809532715,0.19263952178805083,1.43013312877877,-0.004911396348653538,0.009686634458248975,0.8616271018981934,-0.023083653301000595,0.043349649757146835,0.8616271018981934,-0.023083653301000595,0.043349649757146835,1.416976261138916,-0.008079278655350209,0.010837412439286709,0.23135416517830087,0.20000000000000284,11.029561624725694,none,0.24135590763657433,0.0,-0.010000000000000142,-1.7424582733197026e-06
R06_head_on_vertical_offset,138,28.60000000000027,58.191416139418735,45.2115785307116,16.68283502112671,-0.25666935122148193,0.19466616886245222,1.426208357284724,-0.006717866618160971,0.010517233888690788,0.8539655208587646,-0.029711097478866577,0.048838935792446136,0.8539655208587646,-0.029711097478866577,0.048838935792446136,1.4123793125152588,-0.010398884117603301,0.012209733948111534,0.22935783493500908,0.20000000000000284,11.343201308045508,none,0.23936049003703985,0.0,-0.010000000000000142,-2.655102030635903e-06
R06_head_on_vertical_offset,139,28.800000000000274,58.46162675028404,45.14045366424384,16.62742891162709,-0.2581395002955714,0.19688271005117838,1.4225159461008796,-0.00789491018209921,0.011568912808941265,0.8491760492324829,-0.029409583657979965,0.05484761297702789,0.8491760492324829,-0.029409583657979965,0.05484761297702789,1.4095056295394897,-0.010293354280292988,0.013711903244256973,0.22727736230316756,0.20000000000000284,11.658999206175777,none,0.23727854498617873,0.0,-0.010000000000000142,-1.1826830110331366e-06
R06_head_on_vertical_offset,140,29.000000000000277,58.7308946993726,45.06912888134557,16.571525948974244,-0.2597455150470233,0.1992565804509577,1.4187465333451816,-0.008146290743773422,0.012127677048716996,0.8424414992332458,-0.024738643318414688,0.05306505039334297,0.8424414992332458,-0.024738643318414688,0.05306505039334297,1.4054648995399475,-0.00865852516144514,0.013266262598335743,0.22512418927629327,0.20000000000000284,11.976772588458735,none,0.23512559626382767,0.0,-0.010000000000000142,-1.4069875342551108e-06
R06_head_on_vertical_offset,141,29.20000000000028,58.99917520194497,44.99760233418177,16.51510279046442,-0.26134627213630474,0.20173365862008977,1.4147117923545858,-0.007881255865471185,0.012606979545339436,0.8341587781906128,-0.02097485214471817,0.05433458834886551,0.8341587781906128,-0.02097485214471817,0.05433458834886551,1.4004952669143678,-0.007341198250651359,0.013583647087216377,0.22288341738419698,0.20000000000000284,12.296358562089218,none,0.23288510501056692,0.0,-0.010000000000000142,-1.6876263697956917e-06
R06_head_on_vertical_offset,142,29.400000000000283,59.26642288945202,44.92589694703957,16.45813828325328,-0.2629305012037658,0.20437957172051305,1.4105166438892502,-0.007955443292244114,0.013764880313496522,0.8262248635292053,-0.02316175401210785,0.06449726969003677,0.8262248635292053,-0.02316175401210785,0.06449726969003677,1.3957349181175231,-0.008106613904237748,0.016124317422509193,0.22055794861669498,0.20000000000000284,12.617549951160818,none,0.23056136880936862,0.0,-0.010000000000000142,-3.4201926734855895e-06
R06_head_on_vertical_offset,143,29.600000000000286,59.532638595283615,44.85400449609134,16.4005797983797,-0.26463239180588216,0.20720187310734592,1.4066219440447032,-0.008985804275249074,0.014409545079808806,0.8214980959892273,-0.03167244419455528,0.06289267539978027,0.8214980959892273,-0.03167244419455528,0.06289267539978027,1.3928988575935364,-0.011085355468094348,0.01572316884994507,0.21818314165931063,0.20000000000000284,12.94014351515282,none,0.22818508863734266,0.0,-0.010000000000000142,-1.9469780318984163e-06
R06_head_on_vertical_offset,144,29.80000000000029,59.797873074765114,44.781839787927154,16.34238469928983,-0.26679291095019303,0.21005472477436138,1.4032319022799016,-0.012364717963165014,0.014139337196870641,0.8188116550445557,-0.05499965697526932,0.0543549545109272,0.8188116550445557,-0.05499965697526932,0.0543549545109272,1.3912869930267333,-0.01924987994134426,0.0135887386277318,0.2157717496812517,0.20000000000000284,13.264012650398913,none,0.22578423505123268,0.0,-0.010000000000000142,-1.2485369980837491e-05
R06_head_on_vertical_offset,145,30.00000000000029,60.06217745138742,44.70920386257701,16.28353986721956,-0.26978736801648806,0.21289165893125797,1.4003923631164983,-0.017214336278389877,0.014223649724881007,0.8173119425773621,-0.07741808891296387,0.05758180841803551,0.8173119425773621,-0.07741808891296387,0.05758180841803551,1.3903871655464173,-0.027096331119537354,0.014395452104508877,0.21332070788042948,0.20000000000000284,13.589103637396708,none,0.22333101283671297,0.0,-0.010000000000000142,-1.0304956283342382e-05
R06_head_on_vertical_offset,146,30.200000000000294,60.325574130227636,44.63583866483756,16.224023157526542,-0.2736662770347272,0.21578376572842015,1.3979819689053874,-0.021269142577200622,0.014664212935003813,0.8158147931098938,-0.08437588810920715,0.06224776804447174,0.8158147931098938,-0.08437588810920715,0.06224776804447174,1.3894888758659363,-0.0295315608382225,0.015561942011117935,0.21077264658542358,0.20000000000000284,13.915398966858492,none,0.2207740950575321,0.0,-0.010000000000000142,-1.4484721083743435e-06
R06_head_on_vertical_offset,147,30.400000000000297,60.58806700266869,44.561520428732436,16.163802359825954,-0.27826350380575054,0.218741063223565,1.395902379423479,-0.024462445442414778,0.014891622151490681,0.8142914772033691,-0.08848397433757782,0.06142004206776619,0.8142914772033691,-0.08848397433757782,0.06142004206776619,1.3885748863220215,-0.030969391018152236,0.015355010516941547,0.20809389758185354,0.20000000000000284,14.242893002421175,none,0.21809429522173573,0.0,-0.010000000000000142,-3.9763988206625857e-07
R06_head_on_vertical_offset,148,30.6000000000003,60.8495771368839,44.48606605950249,16.102848771655573,-0.2837571852060484,0.22197295349129997,1.3934168237008977,-0.03005300713179398,0.017249562245951196,0.8077648282051086,-0.11841374635696411,0.08821720629930496,0.8077648282051086,-0.11841374635696411,0.08821720629930496,1.384658896923065,-0.041444811224937435,0.02205430157482624,0.2051836740000379,0.20000000000000284,14.571566060144416,none,0.21521680352826067,0.0,-0.010000000000000142,-3.312952822261989e-05
R06_head_on_vertical_offset,149,30.800000000000303,61.109934326376866,44.409213387328755,16.041050563582257,-0.2905974794416934,0.2258425776125801,1.3907966310530395,-0.037768423218113634,0.021152513013047942,0.8026071786880493,-0.15282860398292542,0.11642199009656906,0.8026071786880493,-0.15282860398292542,0.11642199009656906,1.3815643072128296,-0.053490011394023894,0.029105497524142265,0.20197063863521292,0.20000000000000284,14.901322858339752,none,0.21201076850727318,0.0,-0.010000000000000142,-4.0129872060128416e-05
R06_head_on_vertical_offset,150,31.000000000000306,61.36894334168868,44.33063203289211,15.978218031760779,-0.2987478375647348,0.23050958866192522,1.3879887661703945,-0.04331696372595242,0.025211659065736306,0.7968252897262573,-0.15606611967086792,0.13393168151378632,0.7968252897262573,-0.15606611967086792,0.13393168151378632,1.3780951738357543,-0.05462314188480377,0.03348292037844658,0.19840090674809663,0.20000000000000284,15.2320658269929,none,0.20840791676892323,0.0,-0.010000000000000142,-7.01002082644675e-06
R06_head_on_vertical_offset,151,31.20000000000031,61.626425405606746,44.25011459342974,15.91419015721875,-0.3074104557309761,0.23553226402934335,1.3848854922824128,-0.04330976082046991,0.0250288713449305,0.7899183630943298,-0.12370023876428604,0.09862563014030457,0.7899183630943298,-0.12370023876428604,0.09862563014030457,1.373951017856598,-0.043295083567500114,0.02465640753507614,0.19440546677442708,0.20000000000000284,15.563737607020022,none,0.20445230223734612,0.0,-0.010000000000000142,-4.683546291889607e-05
R06_head_on_vertical_offset,152,31.40000000000031,61.88235995439611,44.16767306655143,15.849005369896416,-0.31571850290192294,0.23993104527421963,1.3819934402685474,-0.04001875450271558,0.01938436811423495,0.7863386869430542,-0.09517920017242432,0.03153059259057045,0.7863386869430542,-0.09517920017242432,0.03153059259057045,1.3718032121658326,-0.03331272006034851,0.007882648147642612,0.19028299241665658,0.20000000000000284,15.89623845150908,none,0.20038955257240687,0.0,-0.010000000000000142,-0.00010656015575013417
R06_head_on_vertical_offset,153,31.600000000000314,62.13686404256398,44.08343364528203,15.78292921175621,-0.3234923801039933,0.24316124463635497,1.3792075622686752,-0.03788113053976378,0.013370864154864479,0.7823190689086914,-0.09578664600849152,0.004468947649002075,0.7823190689086914,-0.09578664600849152,0.004468947649002075,1.3693914413452148,-0.03352532610297203,0.0011172369122505188,0.1864155955804766,0.20000000000000284,16.22943434729935,none,0.19643057275940734,0.0,-0.010000000000000142,-1.4977178930588864e-05
R06_head_on_vertical_offset,154,31.800000000000317,62.39001876761935,43.99750865348654,15.716280951902199,-0.33087406888226406,0.24529070900290362,1.3761624070490892,-0.03607210384214893,0.008305552750768651,0.7757211923599243,-0.09253107756376266,-0.008063826709985733,0.7757211923599243,-0.09253107756376266,-0.008063826709985733,1.3654327154159547,-0.03238587714731693,-0.0020159566774964333,0.18255108029235603,0.20000000000000284,16.56317170970202,none,0.19255530431503587,0.0,-0.010000000000000142,-4.2240226796877445e-06
R06_head_on_vertical_offset,155,32.00000000000032,62.64186491179729,43.9100085726571,15.649338184730649,-0.33780460244817473,0.24657785707739732,1.372888775527307,-0.03343220162231302,0.004828029421538632,0.7689234018325806,-0.08015117794275284,-0.009032271802425385,0.7689234018325806,-0.08015117794275284,-0.009032271802425385,1.3613540410995484,-0.028052912279963493,-0.002258067950606346,0.17871971371488762,0.20000000000000284,16.897262008056344,none,0.1887237219100193,0.0,-0.010000000000000142,-4.008195131539882e-06
R06_head_on_vertical_offset,156,32.20000000000031,62.89243473395657,43.82108282810654,15.58230624705533,-0.3441267197949897,0.24724951777534263,1.36929645023454,-0.030044317177735196,0.0020945967655318963,0.7610646486282349,-0.06611678749322891,-0.013901112601161003,0.7610646486282349,-0.06611678749322891,-0.013901112601161003,1.356638789176941,-0.02314087562263012,-0.0034752781502902508,0.17492543999835672,0.19999999999998863,17.231516092406608,none,0.18493108859291496,0.0,-0.009999999999999431,-5.648594558798695e-06
R06_head_on_vertical_offset,157,32.4000000000003,63.141733133907344,43.730927123899825,15.515346849023778,-0.3497502408390987,0.24750901345692933,1.365153046264387,-0.02646097060371915,0.0006120963195642555,0.7509227395057678,-0.05474068224430084,-0.009635090827941895,0.7509227395057678,-0.05474068224430084,-0.009635090827941895,1.3505536437034606,-0.019159238785505295,-0.0024087727069854736,0.17115997463887814,0.19999999999998863,17.56576810421577,none,0.18116498409953863,0.0,-0.009999999999999431,-5.00946066105297e-06
R06_head_on_vertical_offset,158,32.600000000000286,63.38970516155619,43.63979012742736,15.44857549465473,-0.354457614246583,0.24758769033129863,1.3600567301329478,-0.021022650434863854,0.00020533042722275044,0.736832857131958,-0.02840304747223854,-0.0024941214360296726,0.736832857131958,-0.02840304747223854,-0.0024941214360296726,1.3420997142791748,-0.00994106661528349,-0.0006235303590074182,0.16736806155486414,0.19999999999998863,17.899842174258477,none,0.17738692533955458,0.0,-0.009999999999999431,-1.886378469101138e-05
R06_head_on_vertical_offset,159,32.800000000000274,63.636270051538055,43.548007108703864,15.382072563472232,-0.35803463917033224,0.24756155500863833,1.353920934507069,-0.015187402284709045,-0.0004195837811594422,0.7205021381378174,-0.00942001212388277,-0.006771848537027836,0.7205021381378174,-0.00942001212388277,-0.006771848537027836,1.3323012828826903,-0.0032970042433589693,-0.001692962134256959,0.1635936684818613,0.19999999999998863,18.233522216126577,none,0.1736065754211218,0.0,-0.009999999999999431,-1.2906939261062485e-05
R06_head_on_vertical_offset,160,33.00000000000026,63.88132074907326,43.45593664884522,15.315923548773917,-0.3606087757120093,0.24745263812503793,1.3464764456415728,-0.010878709889980555,-0.0006520630586705925,0.7004092931747437,-0.005997004918754101,-0.004503130447119474,0.7004092931747437,-0.005997004918754101,-0.004503130447119474,1.3202455759048461,-0.0020989517215639353,-0.0011257826117798686,0.15981610247943243,0.19999999999998863,18.56656274588398,none,0.16982451420900802,0.0,-0.009999999999999431,-8.411729576159153e-06
R06_head_on_vertical_offset,161,33.20000000000025,64.12468627832054,43.36388203207853,15.250202965969933,-0.36255994512820255,0.24738655823401096,1.3375965447343305,-0.008790381852799815,-5.382512932452355e-05,0.6771799325942993,-0.01295721996575594,0.0046607814729213715,0.6771799325942993,-0.01295721996575594,0.0046607814729213715,1.3063079595565796,-0.004535026988014578,0.0011651953682303429,0.1559634367557388,0.19999999999998863,18.898690512906203,none,0.1659768772571013,0.0,-0.009999999999999431,-1.3440501363101575e-05
R06_head_on_vertical_offset,162,33.40000000000024,64.366080703416,43.272065541096666,15.184953587256848,-0.3643878490623163,0.2476351905108656,1.3267285982778285,-0.00943971700561948,0.0023583424822908915,0.6473917961120605,-0.030751021578907967,0.02909432165324688,0.6473917961120605,-0.030751021578907967,0.02909432165324688,1.2884350776672362,-0.010762857552617787,0.00727358041331172,0.15190295385402358,0.19999999999998863,19.229604327287806,none,0.16193897286075654,0.0,-0.009999999999999431,-3.601900673352554e-05
R06_head_on_vertical_offset,163,33.60000000000023,64.6051540196628,43.18060237557237,15.120147563520854,-0.36647218668257375,0.24840088267561805,1.3143357350478866,-0.011266011147986633,0.0050925049514920565,0.6177818775177002,-0.042821209877729416,0.04265546798706055,0.6177818775177002,-0.042821209877729416,0.04265546798706055,1.27066912651062,-0.014987423457205294,0.010663866996765137,0.14758516658233806,0.19999999999998863,19.55894742559285,none,0.1576092934106299,0.0,-0.009999999999999431,-2.4126828292415222e-05
R06_head_on_vertical_offset,164,33.80000000000022,64.8417179206283,43.08948996278852,15.055690826231245,-0.3688542960904229,0.24966076461661968,1.3019434771931588,-0.012464734947439689,0.007337136276655511,0.5971316695213318,-0.04259244725108147,0.04764395207166672,0.5971316695213318,-0.04259244725108147,0.04764395207166672,1.258279001712799,-0.014907356537878513,0.01191098801791668,0.14306707047437336,0.19999999999998863,19.886373203706942,none,0.1530760978422947,0.0,-0.009999999999999431,-9.027367921899954e-06
R06_head_on_vertical_offset,165,34.000000000000206,65.07578957911167,42.99867764846004,14.991463832736546,-0.37132319658813995,0.25127713920682854,1.2901656589811372,-0.012241123645337476,0.008722215972017867,0.5811102986335754,-0.03367278352379799,0.046178288757801056,0.5811102986335754,-0.03367278352379799,0.046178288757801056,1.2486661791801452,-0.011785474233329296,0.011544572189450264,0.1384876968221795,0.19999999999998863,20.211736956172256,none,0.14849446468008054,0.0,-0.009999999999999431,-6.7678579016094975e-06
R06_head_on_vertical_offset,166,34.200000000000195,65.30747771573941,42.90815055849161,14.927376844462946,-0.3735937292951213,0.25304720254715346,1.2790483959890084,-0.010588743547222113,0.008960460878763557,0.5664606690406799,-0.02063346654176712,0.03778371587395668,0.5664606690406799,-0.02063346654176712,0.03778371587395668,1.239876401424408,-0.007221713289618492,0.00944592896848917,0.13395475486903638,0.19999999999998863,20.535094355528884,none,0.14396385695480518,0.0,-0.009999999999999431,-9.102085769381874e-06
R06_head_on_vertical_offset,167,34.40000000000018,65.53692971100494,42.81795265989665,14.863394420666046,-0.3753844764143777,0.2547585750180053,1.2685547400590909,-0.007547915302176285,0.008209838355940233,0.5526334047317505,-0.0038618999533355236,0.026721224188804626,0.5526334047317505,-0.0038618999533355236,0.026721224188804626,1.2315800428390502,-0.0013516649836674331,0.006680306047201157,0.1295434887853746,0.19999999999998863,20.85655600108202,none,0.1395553859335017,0.0,-0.009999999999999431,-1.189714812766495e-05
R06_head_on_vertical_offset,168,34.60000000000017,65.76426409386598,42.7281975311592,14.799540407109372,-0.3765568892760944,0.2562955786390417,1.2580862874008538,-0.004412527908305508,0.007233764667026611,0.5353339910507202,0.005646869074553251,0.02097933553159237,0.5353339910507202,0.005646869074553251,0.02097933553159237,1.2212003946304322,0.0019764041760936377,0.005244833882898092,0.12528361313139333,0.19999999999998863,21.176226088258776,none,0.13529206624514245,0.0,-0.009999999999999431,-8.45311374969954e-06
R06_head_on_vertical_offset,169,34.80000000000016,65.98950163188927,42.63903846233788,14.735878565357995,-0.37719721138778184,0.257659869563831,1.2471085030871951,-0.002160433857155266,0.006466940246391945,0.5140466094017029,0.006938927341252565,0.01961757428944111,0.5140466094017029,0.006938927341252565,0.01961757428944111,1.2084279656410217,0.002428624569438398,0.004904393572360277,0.12111630013838147,0.19999999999998863,21.494140135456615,none,0.13112543366689522,0.0,-0.009999999999999431,-9.133528514321827e-06
R06_head_on_vertical_offset,170,35.00000000000015,66.21260034693726,42.55061210496889,14.672477000992103,-0.3774673225083424,0.25890381823031383,1.235609543574261,-0.000654202239463556,0.00600719730894689,0.4918210506439209,0.00690006697550416,0.02028154395520687,0.4918210506439209,0.00690006697550416,0.02028154395520687,1.1950926303863525,0.002415023441426456,0.005070385988801718,0.11699579477094169,0.19999999999998863,21.81022357286351,none,0.12700568312749994,0.0,-0.009999999999999431,-9.888356558814052e-06
R06_head_on_vertical_offset,171,35.20000000000014,66.43350383731303,42.463018265332444,14.609388479625386,-0.37752034276666385,0.26008610984713837,1.223636469931404,6.945733157128305e-05,0.005829139129573879,0.46908167004585266,0.00441156467422843,0.021865250542759895,0.46908167004585266,0.00441156467422843,0.021865250542759895,1.1814490020275115,0.0015440476359799503,0.005466312635689974,0.11289837634326799,0.19999999999998863,22.12435362459964,none,0.12290889194727228,0.0,-0.009999999999999431,-1.0515604004854313e-05
R06_head_on_vertical_offset,172,35.40000000000013,66.65215686003717,42.37631730872551,14.546647759357034,-0.3774817010233419,0.26125322604819373,1.2113336542113284,0.0002996132196648126,0.005841119889408568,0.4466405510902405,0.002195995533838868,0.02346213161945343,0.4466405510902405,0.002195995533838868,0.02346213161945343,1.1679843306541442,0.0007685984368436038,0.0058655329048633575,0.10881013223819297,0.19999999999998863,22.436414569641453,none,0.11882035349010778,0.0,-0.009999999999999431,-1.0221251915377697e-05
R06_head_on_vertical_offset,173,35.600000000000115,66.86852008238174,42.2905377910968,14.484273451039908,-0.3774210381474555,0.2624301597469821,1.1988537939434678,0.0003064967281843271,0.005922112661719403,0.4248010814189911,0.0009157804306596518,0.024348601698875427,0.4248010814189911,0.0009157804306596518,0.024348601698875427,1.1548806488513945,0.0003205231507308781,0.006087150424718857,0.10472981105356144,0.19999999999998863,22.74631257121703,none,0.11473939879786954,0.0,-0.009999999999999431,-9.58774430867081e-06
R06_head_on_vertical_offset,174,35.800000000000104,67.08254821209584,42.20572352497453,14.42228746549225,-0.37705623622469403,0.2635764837793562,1.185946709516437,0.0031288047433657828,0.005567829996808623,0.4007803797721863,0.025370799005031586,0.01938365399837494,0.4007803797721863,0.025370799005031586,0.01938365399837494,1.1404682278633118,0.008879779651761054,0.004845913499593735,0.10065097969843817,0.19999999999998863,23.053984907664105,none,0.11067497355337252,0.0,-0.009999999999999431,-2.3993854934927854e-05
R06_head_on_vertical_offset,175,36.00000000000009,67.2940951765174,42.122064623000085,14.360770377413136,-0.3759508175931929,0.2645968571287755,1.171333645720347,0.0075892008810660265,0.004701220014842558,0.3664068281650543,0.04765166714787483,0.011741367168724537,0.3664068281650543,0.04765166714787483,0.011741367168724537,1.1198440968990326,0.01667808350175619,0.0029353417921811342,0.09661110432320326,0.19999999999998863,23.359358412026506,none,0.10664583197686817,0.0,-0.009999999999999431,-3.4727653665471585e-05
R06_head_on_vertical_offset,176,36.20000000000008,67.50279202720138,42.03991135204876,14.299895492009037,-0.3738937244092743,0.2654359377289853,1.1534959973537133,0.012603781318162498,0.003760489016266313,0.31774088740348816,0.06520547717809677,0.007374302018433809,0.31774088740348816,0.06520547717809677,0.007374302018433809,1.0906445324420928,0.022821917012333867,0.0018435755046084523,0.09255190753743221,0.19999999999998863,23.662204601934555,none,0.1026058191633279,0.0,-0.009999999999999431,-5.3911625896245415e-05
R06_head_on_vertical_offset,177,36.40000000000007,67.70808272733505,41.95968854536275,14.239898198384472,-0.3710415938572238,0.26606110121216847,1.1318115695465383,0.015685271825055837,0.002580111069134664,0.25900977849960327,0.06275536864995956,0.0006994901923462749,0.25900977849960327,0.06275536864995956,0.0006994901923462749,1.055405867099762,0.021964379027485846,0.0001748725480865687,0.08843029382064983,0.19999999999998863,23.962016594109542,none,0.09850029180660513,0.0,-0.009999999999999431,-6.999798595586631e-05
R06_head_on_vertical_offset,178,36.60000000000006,67.90928653089634,41.88176030928987,14.181037443184648,-0.3680292732878039,0.2665720023069527,1.1059304805660457,0.014525356827311054,0.0025324891495525138,0.19122953712940216,0.03474804386496544,0.00974180269986391,0.19122953712940216,0.03474804386496544,0.00974180269986391,1.0147377222776413,0.012161815352737903,0.0024354506749659777,0.08414141593569245,0.19999999999998863,24.258078877905085,none,0.09425062263123785,0.0,-0.009999999999999431,-0.00010920669554596956
R06_head_on_vertical_offset,179,36.80000000000005,68.10571694315344,41.806308428105396,14.123516254227216,-0.36560492718789506,0.2671289463744326,1.076872267974117,0.010055033105761764,0.0030015949541116684,0.12414137274026871,0.002702631987631321,0.015829939395189285,0.12414137274026871,0.002702631987631321,0.015829939395189285,0.9744848236441612,0.0009459211956709622,0.003957484848797321,0.0796664738564479,0.19999999999998863,24.549578460286366,none,0.08977776976908558,0.0,-0.009999999999999431,-0.00011129591263824695
R06_head_on_vertical_offset,180,37.000000000000036,68.29707791712718,41.733215100534046,14.067385187537058,-0.3643994499643688,0.2678033958179422,1.0484330448652526,0.0025643155740591277,0.0036909432053541615,0.08037771284580231,-0.03628402203321457,0.02038247138261795,0.08037771284580231,-0.03628402203321457,0.02038247138261795,0.9482266277074813,-0.012699407711625098,0.005095617845654488,0.07512369041364846,0.19999999999998863,24.835776038241022,none,0.08519280926697981,0.0,-0.009999999999999431,-6.911885333192454e-05
R06_head_on_vertical_offset,181,37.200000000000024,68.48345371759223,41.66214052605178,14.012558220552997,-0.3644531590837688,0.26875989485827334,1.021494411913426,-0.002704309730360433,0.005721038618272809,0.044292278587818146,-0.0384003110229969,0.03943093493580818,0.044292278587818146,-0.0384003110229969,0.03943093493580818,0.9265753671526908,-0.013440108858048916,0.009857733733952045,0.07058171718602843,0.19999999999998863,25.116423594750152,none,0.08061510681019612,0.0,-0.009999999999999431,-3.338962416825575e-05
R06_head_on_vertical_offset,182,37.40000000000001,68.66522255795732,41.592719105059096,13.958843887714616,-0.3653109707551897,0.269971935061654,0.9981312277910263,-0.0056516644406115375,0.006351821239739746,0.026350632309913635,-0.03330698609352112,0.03054863028228283,0.026350632309913635,-0.03330698609352112,0.03054863028228283,0.9158103793859482,-0.01165744513273239,0.007637157570570707,0.06618403368900522,0.19999999999998863,25.391725141047544,none,0.07619256848832379,0.0,-0.009999999999999431,-8.534799319134048e-06
R06_head_on_vertical_offset,183,37.6,68.84315270093401,41.524538147948704,13.905972357009624,-0.3666162993939689,0.2714257829603667,0.9801667556795364,-0.007278971577113306,0.008058058409500298,0.028114039450883865,-0.030271174386143684,0.04613932967185974,0.028114039450883865,-0.030271174386143684,0.04613932967185974,0.9168684236705302,-0.01059491103515029,0.011534832417964935,0.06212191974714853,0.19999999999998863,25.662188527234335,none,0.07212702766044643,0.0,-0.009999999999999431,-5.107913298472572e-06
R06_head_on_vertical_offset,184,37.79999999999999,69.01810912935774,41.457213256417106,13.853638805895848,-0.36807308299514185,0.2730574437203319,0.9667730283323341,-0.007288171067703761,0.008244497266976918,0.03263307735323906,-0.02087690494954586,0.03449760377407074,0.03263307735323906,-0.02087690494954586,0.03449760377407074,0.9195798464119433,-0.007306916732341051,0.008624400943517685,0.058444423808140536,0.19999999999998863,25.92870654190324,none,0.06844930788381376,0.0,-0.009999999999999431,-4.8840756737913995e-06
R06_head_on_vertical_offset,185,37.99999999999998,69.1906917352675,41.39052398541688,13.801659007617236,-0.36935753358862095,0.27471204296262636,0.9555790708612516,-0.005677715157810603,0.008297500309149063,0.026894735172390938,-0.006846037693321705,0.03362201526761055,0.026894735172390938,-0.006846037693321705,0.03362201526761055,0.9161368411034345,-0.0023961131926625964,0.008405503816902637,0.055064607814005684,0.19999999999998863,26.192261402587402,none,0.06506921902324869,0.0,-0.009999999999999431,-4.6112092435785825e-06
R06_head_on_vertical_offset,186,38.19999999999997,69.36118069206353,41.324429401562554,13.749963218925622,-0.3702261795109968,0.27633344259360587,0.9451094422573549,-0.0031958059179559967,0.00794319968874067,0.013699010014533997,0.005318695679306984,0.02888498641550541,0.013699010014533997,0.005318695679306984,0.02888498641550541,0.9082194060087203,0.0018615434877574443,0.007221246603876352,0.0518772381459883,0.19999999999998863,26.453508403932755,none,0.06188412909284402,0.0,-0.009999999999999431,-6.890946856290426e-06
R06_head_on_vertical_offset,187,38.399999999999956,69.52964693025734,41.258999622181236,13.698558874395175,-0.3705826484946606,0.2778840388214382,0.9343422306671929,-0.000567016175071477,0.00758942652332054,-0.005993912927806377,0.013684655539691448,0.027474192902445793,-0.005993912927806377,0.013684655539691448,0.027474192902445793,0.8964036522433161,0.004789629438892006,0.006868548225611448,0.04882587823367809,0.19999999999998863,26.712725546904593,none,0.05883507405041222,0.0,-0.009999999999999431,-9.19581673470022e-06
R06_head_on_vertical_offset,188,38.599999999999945,69.69601121258142,41.194363512658,13.647501982914088,-0.37048890049939437,0.2793503843091485,0.9225970900791792,0.0013593087448498175,0.0071101513887640655,-0.03131208196282387,0.015098720788955688,0.024534158408641815,-0.03131208196282387,0.015098720788955688,0.024534158408641815,0.8812127508223055,0.005284552276134491,0.006133539602160454,0.045862079859499916,0.19999999999998863,26.969945289183002,none,0.05587511292083214,0.0,-0.009999999999999431,-1.3033061332793049e-05
R06_head_on_vertical_offset,189,38.79999999999993,69.86007610602974,41.13066692678587,13.596885824034755,-0.3701379339310935,0.2807139252873911,0.9093259950674273,0.002094914246958993,0.006566252156099018,-0.06239181384444237,0.010268133133649826,0.021831827238202095,-0.06239181384444237,0.010268133133649826,0.021831827238202095,0.8625649116933345,0.003593846596777439,0.005457956809550524,0.04293873136690742,0.19999999999998863,27.225032962712692,none,0.052958663105000525,0.0,-0.009999999999999431,-1.993173809367234e-05
R06_head_on_vertical_offset,190,38.99999999999992,70.0216333489565,41.06801656979567,13.546804084686421,-0.36974315327734664,0.2819864387992008,0.8950634082688904,0.0018698550352688218,0.006187434502377378,-0.09198537468910217,0.004032157827168703,0.021662093698978424,-0.09198537468910217,0.004032157827168703,0.021662093698978424,0.8448087751865387,0.001411255239509046,0.005415523424744606,0.04005045284025871,0.19999999999998863,27.477731732999107,none,0.05006874674107742,0.0,-0.009999999999999431,-1.8293900819279233e-05
R06_head_on_vertical_offset,191,39.19999999999991,70.18057701183659,41.00644348863608,13.497310422840831,-0.3694663204122923,0.2831942149899223,0.8805547810820664,0.0009665554345137739,0.0059111509364519295,-0.11761130392551422,-0.0024973847903311253,0.021392688155174255,-0.11761130392551422,-0.0024973847903311253,0.021392688155174255,0.8294332176446915,-0.0008740846766158938,0.005348172038793564,0.03720845132093946,0.19999999999998863,27.727787541521412,none,0.0472224392360463,0.0,-0.009999999999999431,-1.3987915107407535e-05
R06_head_on_vertical_offset,192,39.3999999999999,70.33690615168972,40.945915293523605,13.448418969892932,-0.36939634906416613,0.2843584006973845,0.8663343069234934,-0.00018039605643374,0.005743353085997383,-0.13961990177631378,-0.007192919962108135,0.021605735644698143,-0.13961990177631378,-0.007192919962108135,0.021605735644698143,0.8162280589342117,-0.0025175219867378472,0.005401433911174536,0.03442824139471112,0.19999999999998863,27.97507443234411,none,0.044438370831093366,0.0,-0.009999999999999431,-1.0129436382808128e-05
R06_head_on_vertical_offset,193,39.59999999999989,70.49068749960064,40.88636636886231,13.400117893113695,-0.36954418815787105,0.28549396522417825,0.8526733014193577,-0.0012196650304003838,0.005621477929778811,-0.15910273790359497,-0.00953533686697483,0.02149253897368908,-0.15910273790359497,-0.00953533686697483,0.02149253897368908,0.8045383572578431,-0.0033373679034411907,0.00537313474342227,0.03172069333742241,0.19999999999998863,28.21959287506668,none,0.041728394950101944,0.0,-0.009999999999999431,-7.701612680100518e-06
R06_head_on_vertical_offset,194,39.799999999999876,70.64211825955736,40.82768191060215,13.352346761136577,-0.3699343948232048,0.28669827078976523,0.8407330822503393,-0.0025798818853369583,0.00636550062950988,-0.16889770328998566,-0.015290215611457825,0.031526338309049606,-0.16889770328998566,-0.015290215611457825,0.031526338309049606,0.7986613780260086,-0.005351575464010238,0.007881584577262402,0.029115050083701046,0.19999999999998863,28.461422690711156,none,0.03911964482580821,0.0,-0.009999999999999431,-4.594742107731503e-06
R06_head_on_vertical_offset,195,39.999999999999865,70.7912902592542,40.769794665379145,13.30504584009424,-0.3703785129023973,0.2882589556193292,0.8283977018241893,-0.00191166268281551,0.009039786369942751,-0.1917772740125656,-0.001571549684740603,0.05795655399560928,-0.1917772740125656,-0.001571549684740603,0.05795655399560928,0.7849336355924605,-0.000550042389659211,0.01448913849890232,0.02653828076923879,0.19999999999998863,28.700791421575182,none,0.03656648542628815,0.0,-0.009999999999999431,-2.8204657049929506e-05
R06_head_on_vertical_offset,196,40.199999999999854,70.93816390395705,40.71274218838304,13.258155981066238,-0.370567030552663,0.2903244584019061,0.8161239264219878,-0.00010935407561642099,0.011434733918821601,-0.21187178790569305,0.010180523619055748,0.06525953114032745,-0.21187178790569305,0.010180523619055748,0.06525953114032745,0.7728769272565841,0.0035631832666695117,0.016314882785081863,0.024037470457227605,0.19999999999998863,28.93781881809074,none,0.03404937514104134,0.0,-0.009999999999999431,-1.1904683814303413e-05
R06_head_on_vertical_offset,197,40.39999999999984,71.0827637131525,40.6565743483037,13.211603247311505,-0.3703425860588709,0.29286068777666663,0.8040462631064771,0.0021811624570597333,0.013752843574690433,-0.23084954917430878,0.019567182287573814,0.07390568405389786,-0.23084954917430878,0.019567182287573814,0.07390568405389786,0.7614902704954147,0.006848513800650834,0.018476421013474464,0.021599863586007285,0.19999999999998863,29.172476166388705,none,0.03161032400088537,0.0,-0.009999999999999431,-1.0460414878653569e-05
R06_head_on_vertical_offset,198,40.59999999999983,71.22529905885553,40.601283648587355,13.165266682273076,-0.36964268098613595,0.29576718400387936,0.7939423096383236,0.004633086413362217,0.015202832803280749,-0.2360987663269043,0.027512386441230774,0.07262981683015823,-0.2360987663269043,0.027512386441230774,0.07262981683015823,0.7583407402038573,0.009629335254430771,0.01815745420753956,0.01929930602602734,0.19999999999998863,29.40479283189845,none,0.02930115219376539,0.0,-0.009999999999999431,-1.8461677386200775e-06
R06_head_on_vertical_offset,199,40.79999999999982,71.36613290945654,40.54680893100065,13.118999096626432,-0.3683964378317218,0.2989189016235652,0.7857584741396498,0.007605326940023272,0.016236440253232405,-0.23846250772476196,0.039033763110637665,0.07337042689323425,-0.23846250772476196,0.039033763110637665,0.07337042689323425,0.7569224953651428,0.013661817088723181,0.018342606723308563,0.01715420707099474,0.19999999999998863,29.634995844974434,none,0.027156984628934566,0.0,-0.009999999999999431,-2.77755794039658e-06
R06_head_on_vertical_offset,200,40.99999999999981,71.50558843156776,40.493120002460756,13.072682688198398,-0.36645179938324224,0.302217824191728,0.7790257014783,0.011544185235458422,0.01671659602003643,-0.24116235971450806,0.05591525137424469,0.07078000903129578,-0.24116235971450806,0.05591525137424469,0.07078000903129578,0.7553025841712951,0.01957033798098564,0.017695002257823944,0.015167366414672392,0.19999999999998863,29.863473974014155,none,0.025173346096901028,0.0,-0.009999999999999431,-5.979682229205751e-06
R06_head_on_vertical_offset,201,41.1999999999998,71.64392514857843,40.44023357826381,13.026236646350172,-0.36370563461168354,0.3055855461933369,0.773377033806459,0.015610949853136174,0.016943520654141883,-0.244210347533226,0.06827924400568008,0.0696236863732338,-0.244210347533226,0.06827924400568008,0.0696236863732338,0.7534737914800644,0.02389773540198803,0.01740592159330845,0.0133460035318873,0.19999999999998863,30.090561328204718,none,0.023349273444399188,0.0,-0.009999999999999431,-3.269912512455786e-06
R06_head_on_vertical_offset,202,41.399999999999785,71.78131490773819,40.38820279299853,12.979614688560781,-0.36018944061745545,0.30902177767746564,0.7681910574221633,0.01927484201628554,0.01738548339274782,-0.25013646483421326,0.07640200108289719,0.07314425706863403,-0.25013646483421326,0.07640200108289719,0.07314425706863403,0.7499181210994721,0.026740700379014014,0.01828606426715851,0.011664241102051739,0.19999999999998863,30.316508837303964,none,0.021666510951387608,0.0,-0.009999999999999431,-2.2698493364370352e-06
R06_head_on_vertical_offset,203,41.599999999999774,71.91783520795924,40.33710420063978,12.932796319175832,-0.3559839937649676,0.31254279106663346,0.7630901404315348,0.022533984478216234,0.017793870318330598,-0.2581384778022766,0.08335740119218826,0.07450413703918457,-0.2581384778022766,0.08335740119218826,0.07450413703918457,0.7451169133186339,0.02917509041726589,0.018626034259796143,0.010093003834364659,0.19999999999998863,30.54146701957808,none,0.020095289015879203,0.0,-0.009999999999999431,-2.285181515113699e-06
R06_head_on_vertical_offset,204,41.79999999999976,72.05351720632783,40.287016657114144,12.885774824111463,-0.3511753729273996,0.31613952328397665,0.7579869107683178,0.02534068265698689,0.018146847885702137,-0.26665744185447693,0.08874242752790451,0.07546442002058029,-0.26665744185447693,0.08874242752790451,0.07546442002058029,0.7400055348873138,0.031059849634766577,0.018866105005145073,0.008615075949424766,0.19999999999998863,30.765486985366522,none,0.018617125817435465,0.0,-0.009999999999999431,-2.0498680112679413e-06
R06_head_on_vertical_offset,205,41.99999999999975,72.18838136726342,40.23800678179092,12.838547090996737,-0.34585845535245413,0.31979641758703864,0.7529087954900845,0.02765412836108271,0.018402803717511122,-0.27497348189353943,0.09248057752847672,0.07569744437932968,-0.27497348189353943,0.09248057752847672,0.07569744437932968,0.7350159108638763,0.03236820213496685,0.01892436109483242,0.007218490495291738,0.19999999999998863,30.98857354773903,none,0.017220154187045367,0.0,-0.009999999999999431,-1.6636917541967833e-06
R06_head_on_vertical_offset,206,42.19999999999974,72.32244144271213,40.19013056985663,12.791112254264126,-0.340055042416693,0.3235209675949644,0.7478102859848353,0.030188951050322814,0.018811865329905857,-0.28359076380729675,0.10101177543401718,0.07858161628246307,-0.28359076380729675,0.10101177543401718,0.07858161628246307,0.729845541715622,0.03535412140190601,0.01964540407061577,0.005892098433293484,0.19999999999998863,31.210724760458177,none,0.015895205579949945,0.0,-0.009999999999999431,-3.1071466570298245e-06
R06_head_on_vertical_offset,207,42.39999999999973,72.45566652013332,40.143462038634354,12.743482181366954,-0.3337098384508272,0.32733640073608644,0.742268759974877,0.033047629599924015,0.019305277533436676,-0.2954282760620117,0.11106490343809128,0.08124278485774994,-0.2954282760620117,0.11106490343809128,0.08124278485774994,0.722743034362793,0.03887271620333194,0.020310696214437485,0.004633174513963461,0.19999999999998863,31.431935405771185,none,0.01463813999190755,0.0,-0.009999999999999431,-4.965477944658403e-06
R06_head_on_vertical_offset,208,42.59999999999972,72.5879148589201,40.09811699579599,12.69570693218132,-0.3268086043504757,0.3312557071601865,0.7354928053931041,0.03576026006040539,0.019846960021483197,-0.31397077441215515,0.11796499043703079,0.0838029533624649,-0.31397077441215515,0.11796499043703079,0.0838029533624649,0.7116175353527069,0.041287746652960776,0.020950738340616226,0.003434481020267444,0.19999999999998863,31.6521510027588,none,0.013442440818435486,0.0,-0.009999999999999431,-7.95979816861081e-06
R06_head_on_vertical_offset,209,42.799999999999706,72.71925292281492,40.05413219656764,12.647763323988704,-0.3194113779076179,0.3352153336283241,0.730453953226699,0.038040167426116475,0.01975614909251116,-0.3121676445007324,0.12195971608161926,0.07828442007303238,-0.3121676445007324,0.12195971608161926,0.07828442007303238,0.7126994132995605,0.04268590062856674,0.019571105018258095,0.0023277954176390363,0.19999999999998863,31.871193050215005,none,0.012328788684040859,0.0,-0.009999999999999431,-9.932664023915018e-07
R06_head_on_vertical_offset,210,42.999999999999694,72.85008916355467,40.0114174952028,12.599511176548562,-0.3116643220921294,0.3391886374191499,0.7281159552325908,0.03933295327562725,0.01996141769222374,-0.300203412771225,0.11990641057491302,0.0815187618136406,-0.300203412771225,0.11990641057491302,0.0815187618136406,0.7198779523372649,0.041967243701219556,0.02037969045341015,0.001313466493085658,0.19999999999998863,32.08911749588207,none,0.011316622890502614,0.0,-0.009999999999999431,-3.1563974175252695e-06
R06_head_on_vertical_offset,211,43.19999999999968,72.98084195917917,39.969863132756835,12.550794306583096,-0.30374123999136177,0.34322306038911937,0.727801035535972,0.03985827421799185,0.02035327747962362,-0.2888476550579071,0.11693917959928513,0.08460705727338791,-0.2888476550579071,0.11693917959928513,0.08460705727338791,0.7266914069652557,0.04092871285974979,0.021151764318346977,0.00036802156319442426,0.19999999999998863,32.306363211234356,none,0.010370967468428915,0.0,-0.009999999999999431,-2.945905235059998e-06
R06_head_on_vertical_offset,212,43.39999999999967,73.11182103180998,39.92938644495964,12.501485276518748,-0.2956672378314039,0.34733667348531816,0.7290343362006668,0.04081001457561984,0.020752745519451336,-0.27770015597343445,0.122141033411026,0.08626694232225418,-0.27770015597343445,0.122141033411026,0.08626694232225418,0.7333799064159393,0.042749361693859095,0.021566735580563545,-0.0005480615306953104,0.19999999999998863,32.5233894475351,none,0.00945502009404997,0.0,-0.009999999999999431,-3.0816247458498313e-06
R06_head_on_vertical_offset,213,43.59999999999966,73.24328975930337,39.889936908977376,12.451470077664377,-0.28730261355741776,0.3515374206205028,0.731727196917689,0.04269421566076898,0.02121954322314981,-0.2646407186985016,0.1329532116651535,0.08868291974067688,-0.2646407186985016,0.1329532116651535,0.08868291974067688,0.741215568780899,0.046533624082803725,0.02217072993516922,-0.0014432754577287418,0.19999999999998863,32.74054084663222,none,0.008562590323219155,0.0,-0.009999999999999431,-5.865780948465238e-06
R06_head_on_vertical_offset,214,43.79999999999965,73.37546289769402,39.85150711683166,12.400651677682324,-0.2785217502127281,0.3558103026974887,0.7353853040973386,0.044944791560806184,0.021488970755331443,-0.252875417470932,0.14151644706726074,0.08815191686153412,-0.252875417470932,0.14151644706726074,0.08815191686153412,0.7482747495174408,0.04953075647354126,0.02203797921538353,-0.0023054406215685303,0.19999999999998863,32.95810676101316,none,0.007698800043982601,0.0,-0.009999999999999431,-4.2406655517002176e-06
R06_head_on_vertical_offset,215,43.99999999999964,73.50847329405217,39.81413080317746,12.348968579924174,-0.2692684206087796,0.3601021726285188,0.739547833827295,0.04740321291216295,0.0214338807002476,-0.2429756224155426,0.14975057542324066,0.08528649806976318,-0.2429756224155426,0.14975057542324066,0.08528649806976318,0.7542146265506744,0.052412701398134226,0.021321624517440796,-0.003138302144684823,0.19999999999998863,33.176314847737935,none,0.006865178204050082,0.0,-0.009999999999999431,-3.4803487354739817e-06
R06_head_on_vertical_offset,216,44.199999999999626,73.64238786483638,39.777868997007175,12.296391769507345,-0.2595314227905411,0.3643737364651482,0.7439088363412935,0.04978709196717231,0.02129241960861951,-0.23454174399375916,0.1561276763677597,0.08401666581630707,-0.23454174399375916,0.1561276763677597,0.08401666581630707,0.7592749536037444,0.05464468672871589,0.021004166454076767,-0.003938626846643491,0.19999999999998863,33.39529572666349,none,0.006063641357268779,0.0,-0.009999999999999431,-2.268203912838551e-06
R06_head_on_vertical_offset,217,44.399999999999615,73.77722705703523,39.742794908678654,12.242912270395403,-0.24935577813167473,0.368617336220947,0.7482681729248615,0.05181640500921139,0.02115400990815621,-0.2272859662771225,0.15986144542694092,0.08348789811134338,-0.2272859662771225,0.15986144542694092,0.08348789811134338,0.7636284202337265,0.055951505899429314,0.020871974527835846,-0.00471046489124054,0.19999999999998863,33.61510245102429,none,0.005290872447497819,0.0,-0.009999999999999431,-1.337338738927052e-06
R06_head_on_vertical_offset,218,44.5999999999996,73.91296608669472,39.70898703864449,12.188539064695975,-0.23876984613862523,0.3728127982423722,0.7523624101049708,0.0538868641236793,0.020825379245804784,-0.2220190465450287,0.1660165935754776,0.08062293380498886,-0.2220190465450287,0.1660165935754776,0.08062293380498886,0.7667885720729828,0.05810580775141715,0.020155733451247215,-0.00546089649454264,0.19999999999998863,33.83573657910571,none,0.0045405801917102195,0.0,-0.009999999999999431,-1.4766862534287829e-06
R06_head_on_vertical_offset,219,44.79999999999959,74.0495496763584,39.67652908702713,12.133300103087775,-0.22779422955298825,0.37688748769257174,0.7561081872909207,0.055730357383775124,0.019984864938911568,-0.21782243251800537,0.1699623316526413,0.0730886459350586,-0.21782243251800537,0.1699623316526413,0.0730886459350586,0.7693065404891968,0.05948681607842445,0.01827216148376465,-0.006186225672951738,0.19999999999998863,34.05715199645352,none,0.0038155732452871405,0.0,-0.009999999999999431,-1.7989182394473336e-06
R06_head_on_vertical_offset,220,44.99999999999958,74.18689620454974,39.64550268959533,12.077245159725267,-0.2164966019490529,0.38080931445104066,0.7592973538710258,0.05713969656152841,0.01928607085514778,-0.21577587723731995,0.17146138846874237,0.07144859433174133,-0.21577587723731995,0.17146138846874237,0.07144859433174133,0.7705344736576081,0.06001148596405983,0.017862148582935333,-0.006881679582059554,0.19999999999998863,34.27926780953686,none,0.003118502924522204,0.0,-0.009999999999999431,-1.825065823268801e-07
R06_head_on_vertical_offset,221,45.19999999999957,74.32491029785628,39.61597724659463,12.020427381797175,-0.20498563195231714,0.38460743602676967,0.762025356079951,0.0579118091689175,0.018736561500286256,-0.2139374166727066,0.16995751857757568,0.07046733796596527,-0.2139374166727066,0.16995751857757568,0.07046733796596527,0.771637549996376,0.059485131502151484,0.017616834491491318,-0.0075591763054586765,0.19999999999998863,34.501973234608876,none,0.002440955783059806,0.0,-0.009999999999999431,-1.3208851905144316e-07
R06_head_on_vertical_offset,222,45.39999999999956,74.46351013596491,39.587999687892165,11.962888398281628,-0.1933693283514501,0.38831826449718765,0.7644148336905606,0.05822743786043287,0.018397293854551508,-0.21194295585155487,0.16820168495178223,0.07082389295101166,-0.21194295585155487,0.16820168495178223,0.07082389295101166,0.7728342264890671,0.05887058973312378,0.017705973237752914,-0.008230303968990799,0.19999999999998863,34.72514795631932,none,0.0017698397901515506,0.0,-0.009999999999999431,-1.4375914291875347e-07
R06_head_on_vertical_offset,223,45.59999999999955,74.6026360617459,39.56159727584657,11.904653962229158,-0.18171770815075036,0.39197459665737683,0.7666431751205662,0.058284465932658645,0.01818223664014345,-0.20917533338069916,0.16685906052589417,0.07097607105970383,-0.20917533338069916,0.16685906052589417,0.07097607105970383,0.7744947999715805,0.058400671184062954,0.017744017764925957,-0.008906415072879278,0.19999999999998863,34.94869446416974,none,0.0010937746377734925,0.0,-0.009999999999999431,-1.897106533388371e-07
R06_head_on_vertical_offset,224,45.799999999999535,74.74220013668473,39.53678847796692,11.845757878529731,-0.1701622180546751,0.39558113002631784,0.7682903744100369,0.057341506048525843,0.01790406303351756,-0.20984278619289398,0.15834300220012665,0.06934893131256104,-0.20984278619289398,0.15834300220012665,0.06934893131256104,0.7740943282842636,0.055420050770044325,0.01733723282814026,-0.009598660290227438,0.19999999999998863,35.17254633359388,none,0.0004028520363004162,0.0,-0.009999999999999431,-1.5123265284222586e-06
R06_head_on_vertical_offset,225,45.999999999999524,74.88202423295145,39.51357821073042,11.786271560874665,-0.15890172122907206,0.39914409007623525,0.7688352054794704,0.05540910737040706,0.017738049899176916,-0.21540844440460205,0.14706139266490936,0.06959906965494156,-0.21540844440460205,0.14706139266490936,0.06959906965494156,0.7707549333572388,0.051471487432718274,0.01739976741373539,-0.010323199004650367,0.19999999999998863,35.39661174558156,none,-0.000320032727966435,0.0,-0.009999999999999431,-3.166276684499758e-06
R06_head_on_vertical_offset,226,46.19999999999951,75.02191633967395,39.49194381174574,11.726269618447578,-0.14804403278957828,0.4026902133833739,0.7686484431041456,0.053324866551180516,0.017724225145832963,-0.22001603245735168,0.14022240042686462,0.07078421860933304,-0.22001603245735168,0.14022240042686462,0.07078421860933304,0.767990380525589,0.04907784014940261,0.01769605465233326,-0.01109189029718316,0.19999999999998863,35.62070923542211,none,-0.001090502171972929,0.0,-0.009999999999999431,-1.3881252107994514e-06
R06_head_on_vertical_offset,227,46.3999999999995,75.1615630127974,39.47186694780521,11.665871046068206,-0.13761028758151464,0.40634927227969936,0.7661500405633053,0.051174647820653535,0.018786314027519485,-0.23775525391101837,0.13369479775428772,0.08380206674337387,-0.23775525391101837,0.13369479775428772,0.08380206674337387,0.7573468476533889,0.046793179214000696,0.020950516685843468,-0.01192296011710412,0.19999999999998863,35.844651507511905,none,-0.0019124250382152042,0.0,-0.009999999999999431,-1.053507888948424e-05
R06_head_on_vertical_offset,228,46.59999999999949,75.3005131592533,39.453332609809564,11.60523285478917,-0.12770399076862557,0.41022535392476356,0.7614178251572598,0.04811865120715679,0.01989122511731204,-0.2587604522705078,0.11968997865915298,0.0885707437992096,-0.2587604522705078,0.11968997865915298,0.0885707437992096,0.7447437286376952,0.04189149253070354,0.0221426859498024,-0.012805729026521202,0.19999999999998863,36.06812575000512,none,-0.0027925271545843344,0.0,-0.009999999999999431,-1.3201871937436049e-05
R06_head_on_vertical_offset,229,46.79999999999948,75.43842818591932,39.43628387301374,11.544461147863347,-0.11837179370428343,0.4143385169964135,0.7555827087795812,0.04540764812380447,0.021145844739984394,-0.27496248483657837,0.11395279318094254,0.09480945765972137,-0.27496248483657837,0.11395279318094254,0.09480945765972137,0.7350225090980529,0.03988347761332989,0.023702364414930344,-0.013742956251142436,0.19999999999998863,36.29068117259501,none,-0.003736269397000669,0.0,-0.009999999999999431,-6.686854142334831e-06
R06_head_on_vertical_offset,230,46.99999999999947,75.57519032310132,39.420642932606675,11.483565843052462,-0.10939372514559696,0.4187153774026111,0.7499057641922764,0.04444555086977955,0.022519245882745426,-0.2834951877593994,0.12138599902391434,0.10127121955156326,-0.2834951877593994,0.12138599902391434,0.10127121955156326,0.7299028873443603,0.04248509965837002,0.025317804887890816,-0.014737263163853589,0.19999999999998863,36.511996284420114,none,-0.004733866885153759,0.0,-0.009999999999999431,-3.39627870039938e-06
R06_head_on_vertical_offset,231,47.199999999999456,75.71087360575544,39.40634881961706,11.422472126933428,-0.1005261140185628,0.4233658600306262,0.7452024836826469,0.0442456285725098,0.023882808489979316,-0.28561609983444214,0.1252521425485611,0.10664527863264084,-0.28561609983444214,0.1252521425485611,0.10664527863264084,0.7286303400993347,0.04383824989199638,0.02666131965816021,-0.015763179256060897,0.19999999999998863,36.7319856325041,none,-0.005762212739165662,0.0,-0.009999999999999431,-9.665168958028491e-07
R06_head_on_vertical_offset,232,47.399999999999444,75.84561778601157,39.39335847088555,11.361075772407185,-0.0916888154792541,0.4282887753264134,0.7413954907716896,0.04413564620708437,0.02524376870326788,-0.2866975963115692,0.12546153366565704,0.11206790804862976,-0.2866975963115692,0.12546153366565704,0.11206790804862976,0.7279814422130584,0.04391153678297996,0.02801697701215744,-0.016812032777109964,0.19999999999998863,36.95075964702199,none,-0.006811420409329472,0.0,-0.009999999999999431,-6.123677810621064e-07
R06_head_on_vertical_offset,233,47.59999999999943,75.9795753756297,39.38163901939394,11.299267613459282,-0.08281446766877235,0.433439388965841,0.7386778841712328,0.044574737522880784,0.026190976504464048,-0.2848294675350189,0.12991276383399963,0.11248435080051422,-0.2848294675350189,0.12991276383399963,0.11248435080051422,0.7291023194789886,0.04546946734189987,0.028121087700128555,-0.017881337266772955,0.19999999999998863,37.16849269667882,none,-0.007880867731179464,0.0,-0.009999999999999431,-4.6953559405871205e-07
R06_head_on_vertical_offset,234,47.79999999999942,76.11296768433367,39.37117047489198,11.236918234550236,-0.07377339721391506,0.4386921424823219,0.7375430192211797,0.04574757044195878,0.02632635515241611,-0.27742618322372437,0.13753552734851837,0.10640885680913925,-0.27742618322372437,0.13753552734851837,0.10640885680913925,0.7335442900657654,0.04813743457198143,0.026602214202284813,-0.018965647113470492,0.19999999999998863,37.38536952913447,none,-0.008962650578082432,0.0,-0.009999999999999431,-2.9965353886274304e-06
R06_head_on_vertical_offset,235,47.99999999999941,76.24610984396615,39.36194871375457,11.173872829484042,-0.0644777311896959,0.4439211533207895,0.7384484356112089,0.04710665537569436,0.02598916714061339,-0.26393550634384155,0.14250297844409943,0.10120833665132523,-0.26393550634384155,0.14250297844409943,0.10120833665132523,0.741638696193695,0.049876042455434796,0.025302084162831306,-0.02005146925208948,0.19999999999998863,37.60164033864139,none,-0.010046794865230524,0.0,-0.009999999999999431,-4.674386859524482e-06
R06_head_on_vertical_offset,236,48.1999999999994,76.37930044772047,39.35398481279758,11.10999141772828,-0.05491963191494026,0.4491073200900573,0.7407720861466285,0.048378479785415415,0.025880677436478015,-0.2517341077327728,0.14562873542308807,0.10263843834400177,-0.2517341077327728,0.14562873542308807,0.10263843834400177,0.7489595353603362,0.050970057398080824,0.025659609586000443,-0.021134843023657608,0.19999999999998863,37.81764450964294,none,-0.01113162923014599,0.0,-0.009999999999999431,-3.213793512185648e-06
R06_head_on_vertical_offset,237,48.39999999999939,76.5127244388251,39.347302249951696,11.045180326110348,-0.0451296480172841,0.4542662473644891,0.7439126170609749,0.049441257484945614,0.025720656135991324,-0.24170272052288055,0.14744818210601807,0.10157833248376846,-0.24170272052288055,0.14744818210601807,0.10157833248376846,0.7549783676862716,0.05160686373710632,0.025394583120942116,-0.022222541061039946,0.19999999999998863,38.033698011210106,none,-0.01222043980224008,0.0,-0.009999999999999431,-2.1012588004343248e-06
R06_head_on_vertical_offset,238,48.599999999999376,76.64641503788047,39.3419350402017,10.979418731196569,-0.03505826423019274,0.45935337728808784,0.7468149033147143,0.05114422730843364,0.02519059396139948,-0.23826467990875244,0.1560409814119339,0.09644197672605515,-0.23826467990875244,0.1560409814119339,0.09644197672605515,0.7570411920547485,0.05461434349417686,0.024110494181513786,-0.023306092156568793,0.19999999999998863,38.24999596970913,none,-0.013303851387096444,0.0,-0.009999999999999431,-2.2407694729187356e-06
R06_head_on_vertical_offset,239,48.799999999999365,76.7802520647562,39.33794077463148,10.91277348530947,-0.02449588054418298,0.464268560330789,0.7487571440438789,0.05424584052303827,0.024047399215985837,-0.2406655251979828,0.1730455756187439,0.08687171339988708,-0.2406655251979828,0.1730455756187439,0.08687171339988708,0.7556006848812102,0.06056595146656036,0.02171792834997177,-0.02435293419796991,0.19999999999998863,38.46656986169427,none,-0.014345203993523015,0.0,-0.009999999999999431,-7.730204447465861e-06
R06_head_on_vertical_offset,240,48.99999999999935,76.91404728800251,39.33540477991614,10.845362487480184,-0.013276144932832705,0.4689694137480733,0.7496038515890239,0.057691793616267126,0.023037268641745472,-0.24568791687488556,0.18489588797092438,0.08391576260328293,-0.24568791687488556,0.18489588797092438,0.08391576260328293,0.7525872498750686,0.06471356078982353,0.020978940650820732,-0.025304271425543236,0.19999999999998863,38.683277466841794,none,-0.015300783586221556,0.0,-0.009999999999999431,-3.4878393222481654e-06
R06_head_on_vertical_offset,241,49.19999999999934,77.04762963368488,39.33441556197405,10.777294911047303,-0.001418056095839006,0.4735030001586808,0.7496806627256869,0.06066500350217047,0.0223503673149191,-0.2500811517238617,0.1906384825706482,0.0838027149438858,-0.2500811517238617,0.1906384825706482,0.0838027149438858,0.749951308965683,0.06672346889972686,0.02095067873597145,-0.026162818180491456,0.19999999999998863,38.89989103891756,none,-0.01616177236679306,0.0,-0.009999999999999431,-1.0458136989666134e-06
R06_head_on_vertical_offset,242,49.39999999999933,77.18088836744276,39.33504511393783,10.708640298772492,0.01095625696646057,0.47793287092390835,0.749398628409243,0.06290899701124593,0.02197651745445252,-0.25265854597091675,0.19280442595481873,0.08485891669988632,-0.25265854597091675,0.19280442595481873,0.08485891669988632,0.7484048724174499,0.06748154908418655,0.02121472917497158,-0.026946786783080476,0.19999999999998863,39.1162007085349,none,-0.016946537786401095,0.0,-0.009999999999999431,-2.489966799512633e-07
R06_head_on_vertical_offset,243,49.59999999999932,77.31374438735928,39.33734362960333,10.639439211559877,0.02370745840248236,0.48236487882320644,0.7487970455240307,0.06448428748236489,0.022317836289445014,-0.255537748336792,0.19341209530830383,0.09205334633588791,-0.255537748336792,0.19341209530830383,0.09205334633588791,0.7466773509979248,0.06769423335790634,0.023013336583971977,-0.027680734187519908,0.19999999999998863,39.33206900841269,none,-0.01767952580979859,0.0,-0.009999999999999431,-1.2083777218840908e-06
R06_head_on_vertical_offset,244,49.79999999999931,77.44609229639597,39.341341136695426,10.569729307118143,0.03673806143412175,0.48684472626068037,0.7476425164264293,0.06572800376138653,0.02246922769365104,-0.26070916652679443,0.1950351595878601,0.09111086279153824,-0.26070916652679443,0.1950351595878601,0.09111086279153824,0.7435745000839233,0.06826230585575103,0.02277771569788456,-0.02837989138597367,0.19999999999998863,39.54740269816931,none,-0.018379286062394584,0.0,-0.009999999999999431,-6.053235796565915e-07
R06_head_on_vertical_offset,245,49.9999999999993,77.57781733836292,39.347054244035796,10.499555618795807,0.050001068169068755,0.4913471112381568,0.7460440048331163,0.06681977652014928,0.02254863699108426,-0.26598066091537476,0.19726990163326263,0.09084179252386093,-0.26598066091537476,0.19726990163326263,0.09084179252386093,0.7404116034507751,0.06904446557164191,0.022710448130965233,-0.029049287617171987,0.19999999999998863,39.76209108220351,none,-0.01904863051469441,0.0,-0.009999999999999431,-6.571024781454327e-07
R06_head_on_vertical_offset,246,50.199999999999285,77.70877575726462,39.35448557116091,10.428981154007188,0.06338927413458345,0.4958945234762885,0.7435806901251742,0.06704528642168138,0.022899072979965792,-0.27516478300094604,0.1928708702325821,0.09445260465145111,-0.27516478300094604,0.1928708702325821,0.09445260465145111,0.7349011301994324,0.06750480458140373,0.023613151162862778,-0.029688655052633708,0.19999999999998863,39.97601611194947,none,-0.019686320301834925,0.0,-0.009999999999999431,-2.334750799352081e-06
R06_head_on_vertical_offset,247,50.399999999999274,77.83887461858049,39.363619523866134,10.358035905274932,0.07681362322252391,0.5005437836470849,0.7412076397841629,0.06718748679535717,0.023544855972132468,-0.27858978509902954,0.1927921324968338,0.09944303333759308,-0.27858978509902954,0.1927921324968338,0.09944303333759308,0.7328461289405823,0.06747724637389182,0.02486075833439827,-0.030315225622230473,0.19999999999998863,40.18903108169449,none,-0.020314492797881556,0.0,-0.009999999999999431,-7.328243494875153e-07
R06_head_on_vertical_offset,248,50.59999999999926,77.96815812651967,39.37444564880126,10.286663693715155,0.090304146710134,0.5053937228261746,0.7396009826304354,0.06768058332523344,0.024855734702614186,-0.2767668664455414,0.19624388217926025,0.11010757088661194,-0.2767668664455414,0.19624388217926025,0.11010757088661194,0.7339398801326751,0.06868535876274108,0.027526892721652985,-0.030967168251449406,0.19999999999998863,40.40105084035238,none,-0.02096458885206154,0.0,-0.009999999999999431,-2.579399388435988e-06
R06_head_on_vertical_offset,249,50.79999999999925,78.09688047329311,39.38698754447787,10.214674669597084,0.10401450769286759,0.51045840732605,0.7405390203281238,0.06930090279357744,0.02572555203985768,-0.26025962829589844,0.20743601024150848,0.10999186336994171,-0.26025962829589844,0.20743601024150848,0.10999186336994171,0.7438442230224609,0.07260260358452797,0.027497965842485428,-0.03168532591008666,0.19999999999998863,40.61214181069552,none,-0.021677370589484823,0.0,-0.009999999999999431,-7.955320602404114e-06
R06_head_on_vertical_offset,250,50.99999999999924,78.22541205596647,39.4013197769902,10.141815629403114,0.1181907137395987,0.5156362724602732,0.7437147642811919,0.07223966290651698,0.026030142291812212,-0.24182568490505219,0.22350837290287018,0.10660320520401001,-0.24182568490505219,0.22350837290287018,0.10660320520401001,0.7549045890569687,0.07822793051600456,0.026650801301002502,-0.03246976088293681,0.19999999999998863,40.82259694571405,none,-0.02245756860064496,0.0,-0.009999999999999431,-1.2192282292415868e-05
R06_head_on_vertical_offset,251,51.19999999999923,78.35400151449134,39.41754944566762,10.067908523251244,0.13304248082116607,0.5208289769792734,0.7480992884129044,0.07599496988842079,0.0259062413311947,-0.22741952538490295,0.23899172246456146,0.10261508077383041,-0.22741952538490295,0.23899172246456146,0.10261508077383041,0.7635482847690582,0.08364710286259651,0.025653770193457603,-0.033272138740792656,0.19999999999998863,41.032823797058654,none,-0.023262875207148426,0.0,-0.009999999999999431,-9.263533644802146e-06
R06_head_on_vertical_offset,252,51.30742307412008,78.42313213165679,39.427099580949424,10.027741663393957,0.1413434741087875,0.5235987755982988,0.7508760968764339,0.07836500337408021,0.025679736253496517,-0.21625040471553802,0.2523004114627838,0.09891901165246964,-0.21625040471553802,0.2523004114627838,0.09891901165246964,0.7702497571706772,0.08830514401197433,0.02472975291311741,-0.018197126783212395,0.10742307412085239,41.24308754104531,operational_boundary_failure,-0.012819662449443214,0.0,-0.0053711537060426185,-6.310627726562323e-06
