case_id,control_step,timestamp_s,north_m,east_m,down_m,yaw_rad,pitch_rad,surge_speed_mps,yaw_rate_rad_s,pitch_rate_rad_s,nominal_a0,nominal_a1,nominal_a2,executed_a0,executed_a1,executed_a2,surge_command_mps,yaw_rate_command_rad_s,pitch_rate_command_rad_s,reward,elapsed_s,minimum_clearance_m,failure_type,reward_progress,reward_goal,reward_time,reward_smoothness
R04_head_on_lateral_offset,0,1.0,20.30000000000001,50.0,20.0,0.0,0.0,0.3,0.0,0.0,,,,,,,,,,,,,,,,,
R04_head_on_lateral_offset,1,1.2000000000000002,20.369999512180023,50.00016130917746,20.000117454138216,0.006629936303926944,-0.004827429606503501,0.4000000000000001,0.061652597971293445,-0.04489086517893026,0.9293831586837769,0.5350890755653381,-0.5454572439193726,0.9293831586837769,0.5350890755653381,-0.5454572439193726,1.4576298952102662,0.18728117644786835,-0.13636431097984314,-0.02612775408877277,0.20000000000000018,37.914762451606016,none,0.06999951184614872,0.0,-0.010000000000000009,-0.08612726593492148
R04_head_on_lateral_offset,2,1.4000000000000004,20.45998615293581,50.00131741179093,20.00106010493257,0.01848640807673002,-0.0167303355788452,0.5000000000000001,0.05724436862856815,-0.07208831861510624,0.8445613980293274,0.13789081573486328,-0.5100326538085938,0.8445613980293274,0.13789081573486328,-0.5100326538085938,1.4067368388175965,0.04826178550720214,-0.12750816345214844,0.0766622952717104,0.20000000000000018,37.74518612189945,none,0.0899866170772583,0.0,-0.010000000000000009,-0.0033243218055478965
R04_head_on_lateral_offset,3,1.6000000000000005,20.5699205135865,50.00396736206508,20.003725504075124,0.029130645119613333,-0.031411822180182784,0.6000000000000002,0.049761952562201166,-0.07454164020174535,0.8521443605422974,0.09861470013856888,-0.3181629478931427,0.8521443605422974,0.09861470013856888,-0.3181629478931427,1.4112866163253783,0.034515145048499105,-0.07954073697328568,0.09916585349570331,0.20000000000000018,37.55561003260611,none,0.10993413546820108,0.0,-0.010000000000000009,-0.0007682819724977653
R04_head_on_lateral_offset,4,1.8000000000000007,20.69974563057228,50.008407391627856,20.008759507630234,0.038966465037770445,-0.04539422151296056,0.7000000000000003,0.04867794818340266,-0.06593131459059882,0.8539152145385742,0.13276882469654083,-0.19354473054409027,0.8539152145385742,0.13276882469654083,-0.19354473054409027,1.4123491287231444,0.04646908864378929,-0.04838618263602257,0.11949013643672135,0.20000000000000018,37.34606866689662,none,0.12982412324159043,0.0,-0.010000000000000009,-0.0003339868048690653
R04_head_on_lateral_offset,5,2.000000000000001,20.849400785655764,50.01495007805781,20.016514221714036,0.0479726886283116,-0.05737819841446846,0.8000000000000004,0.041895483080395764,-0.05475110817070072,0.8417715430259705,0.08021415770053864,-0.12787747383117676,0.8417715430259705,0.08021415770053864,-0.12787747383117676,1.4050629258155822,0.02807495519518852,-0.03196936845779419,0.13950777043067025,0.20000000000000018,37.11659922394046,none,0.1496522034383716,0.0,-0.010000000000000009,-0.00014443300770132785
R04_head_on_lateral_offset,6,2.2,21.018839067874893,50.02375712436156,20.02713368644731,0.05543088510913067,-0.06699498346407341,0.9000000000000005,0.03333191878532542,-0.042351316393233814,0.8630099296569824,0.045377347618341446,-0.06833778321743011,0.8630099296569824,0.045377347618341446,-0.06833778321743011,1.4178059577941895,0.015882071666419504,-0.01708444580435753,0.159327257985406,0.1999999999999993,36.86723724011738,none,0.16943145092864142,0.0,-0.009999999999999966,-0.00010419294323544187
R04_head_on_lateral_offset,7,2.3999999999999995,21.20803624851194,50.03488521561369,20.040563022539466,0.061890420024631174,-0.07378463830281125,1.0000000000000004,0.031408405815486595,-0.02672313057921677,0.8804853558540344,0.07853969186544418,0.020488761365413666,0.8804853558540344,0.07853969186544418,0.020488761365413666,1.4282912135124206,0.027488892152905463,0.0051221903413534164,0.17899795785650222,0.1999999999999993,36.59800432614709,none,0.1891838635888874,0.0,-0.009999999999999966,-0.00018590573238519786
R04_head_on_lateral_offset,8,2.5999999999999988,21.416812105364336,50.0485019733629,20.05648061413463,0.06833323982905017,-0.07744039853713737,1.0951727133581703,0.03290685397782589,-0.011018157794041908,0.8926410675048828,0.1027434840798378,0.08393452316522598,0.8926410675048828,0.1027434840798378,0.08393452316522598,1.4355846405029298,0.035960219427943224,0.020983630791306496,0.19865771626556217,0.1999999999999993,36.30906913285193,none,0.20875289525703522,0.0,-0.009999999999999966,-9.517899147309273e-05
R04_head_on_lateral_offset,9,2.799999999999998,21.642551453524923,50.06473878759671,20.074216623508242,0.07535466473121019,-0.07859083507086317,1.1714084783956622,0.036998971560228425,-0.0012243669504824915,0.90004563331604,0.1295354813337326,0.07492917776107788,0.90004563331604,0.1295354813337326,0.07492917776107788,1.440027379989624,0.04533741846680641,0.01873229444026947,0.21568647624060436,0.1999999999999993,36.00302987367437,none,0.22570355093975536,0.0,-0.009999999999999966,-1.7074699151049534e-05
R04_head_on_lateral_offset,10,2.9999999999999973,21.88170670848696,50.083678530498254,20.093145407442233,0.0825892490310039,-0.07890857998235043,1.2322306747995773,0.035462663215882456,-0.0019020082438385819,0.9108990430831909,0.09237757325172424,-0.013131311163306236,0.9108990430831909,0.09237757325172424,-0.013131311163306236,1.4465394258499145,0.032332150638103484,-0.003282827790826559,0.2289184122457914,0.1999999999999993,35.68341715989178,none,0.23910347537271548,0.0,-0.009999999999999966,-0.00018506312692412492
R04_head_on_lateral_offset,11,3.1999999999999966,22.1314518235873,50.105159450128596,20.113099166206077,0.08859475085507293,-0.08031115489074575,1.280120897883685,0.025354229137391708,-0.01140732385230085,0.9147724509239197,0.013589782640337944,-0.12310465425252914,0.9147724509239197,0.013589782640337944,-0.12310465425252914,1.4488634705543517,0.00475642392411828,-0.030776163563132286,0.2393075937915565,0.1999999999999993,35.35306187347637,none,0.24967392690011536,0.0,-0.009999999999999966,-0.00036633310855888404
R04_head_on_lateral_offset,12,3.399999999999996,22.38941163407834,50.12861905939437,20.134330268650398,0.0922958947796615,-0.08358899737575615,1.3170728238836107,0.012617201677661755,-0.02067276349556511,0.9121233224868774,-0.03810528293251991,-0.15821124613285065,0.9121233224868774,-0.03810528293251991,-0.15821124613285065,1.4472739934921264,-0.013336849026381969,-0.03955281153321266,0.24778746000134486,0.1999999999999993,35.01437858677951,none,0.257865697410935,0.0,-0.009999999999999966,-7.82374095901895e-05
R04_head_on_lateral_offset,13,3.599999999999995,22.653653881706774,50.15332378067233,20.157162023932933,0.09377777422017397,-0.08819846585134057,1.3453478938195451,0.0029315980489742805,-0.02508906405936895,0.9082931876182556,-0.04801317676901817,-0.13635237514972687,0.9082931876182556,-0.04801317676901817,-0.13635237514972687,1.4449759125709534,-0.01680461186915636,-0.03408809378743172,0.25411029491381915,0.1999999999999993,34.669355310251,none,0.26412210784449996,0.0,-0.009999999999999966,-1.1812930680880074e-05
R04_head_on_lateral_offset,14,3.7999999999999945,22.922677604495554,50.178638518463316,20.181732827462792,0.09359915427327394,-0.09311982403066792,1.3669097199575333,-0.004181669529979161,-0.02419212049758353,0.9048057198524475,-0.05336076766252518,-0.08945772796869278,0.9048057198524475,-0.05336076766252518,-0.08945772796869278,1.4428834319114685,-0.01867626868188381,-0.022364431992173195,0.2588303860347913,0.1999999999999993,34.31954279729278,none,0.2688751833766716,0.0,-0.009999999999999966,-4.479734188031076e-05
R04_head_on_lateral_offset,15,3.999999999999994,23.195326550180607,50.204091775564805,20.207933946057018,0.0924723012593536,-0.09749287846226856,1.383177964884621,-0.00688324265870418,-0.019864590378316872,0.9008326530456543,-0.03539485111832619,-0.044185787439346313,0.9008326530456543,-0.03539485111832619,-0.044185787439346313,1.4404995918273926,-0.012388197891414165,-0.011046446859836578,0.26242284078353384,0.1999999999999993,33.96613472669097,none,0.27247060294386216,0.0,-0.009999999999999966,-4.7762160328340964e-05
R04_head_on_lateral_offset,16,4.199999999999993,23.470711986383385,50.229432463754726,20.23547672385581,0.09102653691397881,-0.10080578835985461,1.3954180805676115,-0.0075259591609591935,-0.01372709267163968,0.8975774645805359,-0.025244608521461487,-0.004883220884948969,0.8975774645805359,-0.025244608521461487,-0.004883220884948969,1.4385464787483215,-0.00883561298251152,-0.0012208052212372422,0.2651434423311729,0.1999999999999993,33.61003959975386,none,0.27517660863946247,0.0,-0.009999999999999966,-3.316630828962959e-05
R04_head_on_lateral_offset,17,4.399999999999992,23.74815889995696,50.254552006638455,20.263979465338046,0.08957919243748437,-0.10287203321100473,1.404515000890034,-0.00698802944323315,-0.007411372561803421,0.8942804336547852,-0.016833994537591934,0.021832304075360298,0.8942804336547852,-0.016833994537591934,0.021832304075360298,1.436568260192871,-0.0058918980881571765,0.0054580760188400745,0.26719169643722934,0.1999999999999993,33.251940296939594,none,0.27720760299951763,0.0,-0.009999999999999966,-1.5906562288318527e-05
R04_head_on_lateral_offset,18,4.599999999999992,24.02714672213809,50.27942368537657,20.29304909090853,0.08828846353124414,-0.1037428365292384,1.4111599359588254,-0.00599416716060699,-0.0017252262740614184,0.890955924987793,-0.01133996807038784,0.03944539651274681,0.890955924987793,-0.01133996807038784,0.03944539651274681,1.4345735549926757,-0.003968988824635744,0.009861349128186703,0.2687115576956786,0.1999999999999993,32.89235806923059,none,0.2787185868498767,0.0,-0.009999999999999966,-7.029154198143345e-06
R04_head_on_lateral_offset,19,4.799999999999991,24.30727222778728,50.304056511605985,20.322326849780694,0.08715307669419262,-0.10355131309892177,1.415882762061277,-0.005404169423196883,0.0032643923152822474,0.8875396251678467,-0.012005542404949665,0.05372665449976921,0.8875396251678467,-0.012005542404949665,0.05372665449976921,1.432523775100708,-0.004201939841732383,0.013431663624942303,0.2698230379594579,0.1999999999999993,32.53169339136802,none,0.2798273593279248,0.0,-0.009999999999999966,-4.321368466929671e-06
R04_head_on_lateral_offset,20,4.99999999999999,24.588214801820033,50.328443713254075,20.351495862099696,0.08599661227688696,-0.10242221911941275,1.419006627449507,-0.006107467103759465,0.007692779321979641,0.8833560943603516,-0.021544475108385086,0.06686574965715408,0.8833560943603516,-0.021544475108385086,0.06686574965715408,1.430013656616211,-0.00754056628793478,0.01671643741428852,0.2706114895617821,0.1999999999999993,32.17026480300569,none,0.28061711214155594,0.0,-0.009999999999999966,-5.622579773854903e-06
R04_head_on_lateral_offset,21,5.1999999999999895,24.86972719413461,50.35252477112837,20.380279894827,0.08461593136060663,-0.10049192786290485,1.4209323414613106,-0.007587771319964022,0.011335575200229731,0.8795294165611267,-0.030297614634037018,0.07503378391265869,0.8795294165611267,-0.030297614634037018,0.07503378391265869,1.427717649936676,-0.010604165121912956,0.018758445978164673,0.27115882624854276,0.1999999999999993,31.80832128482988,none,0.2811619858025054,0.0,-0.009999999999999966,-3.1595539626741445e-06
R04_head_on_lateral_offset,22,5.399999999999989,25.151646241478065,50.37618721475858,20.408455844636883,0.08272952867331906,-0.09794049314213446,1.4221126836537763,-0.011017738443519684,0.013979499088404675,0.8771194219589233,-0.05144837498664856,0.07746793329715729,0.8771194219589233,-0.05144837498664856,0.07746793329715729,1.426271653175354,-0.018006931245326995,0.019366983324289322,0.2715375708942341,0.1999999999999993,31.44603178970388,none,0.2815467526506481,0.0,-0.009999999999999966,-9.181756414046171e-06
R04_head_on_lateral_offset,23,5.599999999999988,25.433874766092657,50.399227564278526,20.435854709358413,0.07999940202071548,-0.09488531901999483,1.4227577001241631,-0.01591446137918586,0.01639052292397466,0.8750507235527039,-0.07397840172052383,0.08521372079849243,0.8750507235527039,-0.07397840172052383,0.08521372079849243,1.4250304341316222,-0.02589244060218334,0.021303430199623108,0.27182688838095803,0.1999999999999993,31.0835067365266,none,0.2818383259577928,0.0,-0.009999999999999966,-1.1437576834817387e-05
R04_head_on_lateral_offset,24,5.799999999999987,25.71635422946075,50.421367519997936,20.462325433988134,0.0762300222084756,-0.0913157874304019,1.4230281408905436,-0.021368281542675702,0.01910053869805493,0.8733017444610596,-0.09280414134263992,0.09849078953266144,0.8733017444610596,-0.09280414134263992,0.09849078953266144,1.4239810466766358,-0.03248144946992397,0.02462269738316536,0.2720658202833698,0.1999999999999993,30.720823831300656,none,0.2820764952424568,0.0,-0.009999999999999966,-1.0674959087091373e-05
R04_head_on_lateral_offset,25,5.999999999999987,25.99905447898651,50.44229798078787,20.48770689215435,0.0713706246138707,-0.08716692018263619,1.4230554652497505,-0.026815162231990663,0.022157714039769454,0.871919572353363,-0.108326256275177,0.11354909837245941,0.871919572353363,-0.108326256275177,0.11354909837245941,1.4231517434120178,-0.037914189696311947,0.028387274593114853,0.2722813764037113,0.1999999999999993,30.358034556777177,none,0.28229076838604783,0.0,-0.009999999999999966,-9.391982336578454e-06
R04_head_on_lateral_offset,26,6.199999999999986,26.281959818071005,50.46170958601384,20.511824318256743,0.0654498222665239,-0.08240791387445805,1.422900802216771,-0.03200193355033763,0.02520283764339149,0.8705930709838867,-0.12163125723600388,0.12563136219978333,0.8705930709838867,-0.12163125723600388,0.12563136219978333,1.422355842590332,-0.042570940032601354,0.03140784054994583,0.27249002574397824,0.1999999999999993,29.99517565377931,none,0.28249652101909106,0.0,-0.009999999999999966,-6.49527511287773e-06
R04_head_on_lateral_offset,27,6.399999999999985,26.565057576932475,50.479307263064264,20.534505117539982,0.05853138576640313,-0.07707335584182137,1.4226164080299888,-0.03681934264314418,0.02793669171333007,0.8693572282791138,-0.13324487209320068,0.13402970135211945,0.8693572282791138,-0.13324487209320068,0.13402970135211945,1.4216143369674683,-0.046635705232620235,0.03350742533802986,0.27269321255893564,0.1999999999999993,29.632279729265033,none,0.2826973512680908,0.0,-0.009999999999999966,-4.138709155198095e-06
R04_head_on_lateral_offset,28,6.5999999999999845,26.848358535124984,50.494836354246004,20.55557773745185,0.05089280176185535,-0.07103938142511795,1.4224778014235961,-0.03937395584256379,0.03209001582532727,0.8699823617935181,-0.12736986577510834,0.16221272945404053,0.8699823617935181,-0.12736986577510834,0.16221272945404053,1.421989417076111,-0.044579453021287914,0.04055318236351013,0.27290031100032885,0.1999999999999993,29.26935297153444,none,0.28291689479161164,0.0,-0.009999999999999966,-1.6583791282842598e-05
R04_head_on_lateral_offset,29,6.799999999999984,27.131913993575793,50.508173238672775,20.57479781226357,0.04315604162683006,-0.06392534234651559,1.4227120450784994,-0.038090388184436434,0.03856253990153241,0.8725623488426208,-0.10135680437088013,0.20700602233409882,0.8725623488426208,-0.10135680437088013,0.20700602233409882,1.4235374093055726,-0.035474881529808044,0.051751505583524704,0.27314178709844134,0.1999999999999993,28.906349465594406,none,0.2831955825941179,0.0,-0.009999999999999966,-5.379549567664732e-05
R04_head_on_lateral_offset,30,6.999999999999983,27.415802098981263,50.519406886653634,20.591813133319388,0.0361648954539539,-0.05544167481221711,1.423459670014067,-0.03226047493423846,0.045733648004913446,0.8768232464790344,-0.058231279253959656,0.24138443171977997,0.8768232464790344,-0.058231279253959656,0.24138443171977997,1.4260939478874206,-0.02038094773888588,0.06034610792994499,0.2734983820563998,0.1999999999999993,28.543176973780714,none,0.2835595788803431,0.0,-0.009999999999999966,-6.119682394335246e-05
R04_head_on_lateral_offset,31,7.199999999999982,27.700062150311233,50.52887155464112,20.606247883992413,0.03077545737049058,-0.04580402711081903,1.4243484152829027,-0.02237869691369081,0.05029875615894104,0.8791332244873047,-0.0064078439027071,0.2384040355682373,0.8791332244873047,-0.0064078439027071,0.2384040355682373,1.4274799346923828,-0.002242745365947485,0.059601008892059326,0.27391386065764123,0.1999999999999993,28.179760503089597,none,0.28396785840186567,0.0,-0.009999999999999966,-5.399774422448552e-05
R04_head_on_lateral_offset,32,7.399999999999982,27.984629364811177,50.53709948773271,20.617863282688266,0.027434045274137626,-0.0357572599571989,1.4248695250759025,-0.011830447134284463,0.050178015609616274,0.8778427839279175,0.027610182762145996,0.19972793757915497,0.8778427839279175,0.027610182762145996,0.19972793757915497,1.4267056703567504,0.009663563966751098,0.04993198439478874,0.27425931505232015,0.1999999999999993,27.81611384325287,none,0.2843124096909335,0.0,-0.009999999999999966,-5.309463861338133e-05
R04_head_on_lateral_offset,33,7.599999999999981,28.269378709098373,50.544641644892195,20.626671153684043,0.02577569773539256,-0.02625100328397019,1.4249887415954667,-0.005249067752199333,0.04525555749043851,0.8756813406944275,0.023319173604249954,0.14090055227279663,0.8756813406944275,0.023319173604249954,0.14090055227279663,1.4254088044166564,0.008161710761487483,0.03522513806819916,0.2744594292871771,0.1999999999999993,27.45231330023281,none,0.28452910420434563,0.0,-0.009999999999999966,-6.967491716854985e-05
R04_head_on_lateral_offset,34,7.79999999999998,28.55420336691306,50.551851676102,20.632927638515742,0.024903665831798982,-0.017908146510232564,1.4248704828904404,-0.003595854222350361,0.038669409180723806,0.8740896582603455,-0.0006489305524155498,0.10099565237760544,0.8740896582603455,-0.0006489305524155498,0.10099565237760544,1.4244537949562073,-0.0002271256933454424,0.02524891309440136,0.2745909810158705,0.1999999999999993,27.08843846821364,none,0.28463436910598006,0.0,-0.009999999999999966,-4.3388090109619235e-05
R04_head_on_lateral_offset,35,7.99999999999998,28.839098571438555,50.55883863657706,20.63697705925738,0.024109658314197344,-0.01068975592257563,1.4252155029402531,-0.004291769704880188,0.03387579228248666,0.8773853182792664,-0.016313789412379265,0.09643164277076721,0.8773853182792664,-0.016313789412379265,0.09643164277076721,1.4264311909675598,-0.0057098262943327425,0.024107910692691803,0.2747254253813108,0.1999999999999993,26.724490507825614,none,0.28473096696854583,0.0,-0.009999999999999966,-5.541587235084181e-06
R04_head_on_lateral_offset,36,8.199999999999982,29.12417948468027,50.565580357496216,20.639089712566705,0.02313931002132519,-0.004243293417034565,1.42641711311996,-0.005333219039531731,0.030819207967024115,0.8844183683395386,-0.021301042288541794,0.09836340695619583,0.8844183683395386,-0.021301042288541794,0.09836340695619583,1.430651021003723,-0.007455364800989627,0.024590851739048958,0.2749390569659953,0.20000000000000195,26.360361682414574,none,0.2849406183299408,0.0,-0.010000000000000097,-1.561363945383823e-06
R04_head_on_lateral_offset,37,8.399999999999984,29.409603471527536,50.572022840613165,20.639445078398726,0.021955471899454765,0.0016618703131884242,1.4284598731423013,-0.006423023464812482,0.028413730512681652,0.8927626609802246,-0.024696290493011475,0.09404850006103516,0.8927626609802246,-0.024696290493011475,0.09404850006103516,1.4356575965881349,-0.008643701672554016,0.02351212501525879,0.2753047026536254,0.20000000000000284,25.995903864977823,none,0.2853066981206567,0.0,-0.010000000000000142,-1.995467031145337e-06
R04_head_on_lateral_offset,38,8.599999999999987,29.69550682052885,50.578099282178776,20.638174692251745,0.02047789162417143,0.007154755531099422,1.4311256558628644,-0.008217527280491079,0.02664819065623588,0.9008643627166748,-0.03392617404460907,0.09220230579376221,0.9008643627166748,-0.03392617404460907,0.09220230579376221,1.4405186176300049,-0.011874160915613174,0.023050576448440552,0.27580560230824885,0.20000000000000284,25.63099078637841,none,0.2858086870433425,0.0,-0.010000000000000142,-3.084735093499269e-06
R04_head_on_lateral_offset,39,8.79999999999999,29.982001137951283,50.58369815381353,20.635361776670386,0.018478499803477672,0.012471151475441505,1.4343542971889967,-0.011526958616487181,0.026525049921831422,0.9095508456230164,-0.0522015355527401,0.10509651154279709,0.9095508456230164,-0.0522015355527401,0.10509651154279709,1.4457305073738098,-0.018270537443459033,0.026274127885699272,0.2764113906893696,0.20000000000000284,25.265524471485506,none,0.2864229047766784,0.0,-0.010000000000000142,-1.1514087308669707e-05
R04_head_on_lateral_offset,40,8.999999999999993,30.26918599978497,50.58864316303505,20.631007296183103,0.015840325233618436,0.017882311470758364,1.4380788917040768,-0.014621547479831912,0.02751215200694615,0.9186710119247437,-0.0597924143075943,0.11809422075748444,0.9186710119247437,-0.0597924143075943,0.11809422075748444,1.4512026071548463,-0.020927345007658003,0.02952355518937111,0.27713286185450536,0.20000000000000284,24.899423847330787,none,0.2871390566408749,0.0,-0.010000000000000142,-6.194786369432548e-06
R04_head_on_lateral_offset,41,9.199999999999996,30.557134728326123,50.592756825764496,20.62505201132731,0.012631602708719896,0.023513830808588213,1.4421319292962202,-0.017266339424539763,0.02871256599828437,0.9273548722267151,-0.06473026424646378,0.1246345266699791,0.9273548722267151,-0.06473026424646378,0.1246345266699791,1.456412923336029,-0.02265559248626232,0.031158631667494774,0.2779287780243032,0.20000000000000284,24.53263388303358,none,0.2879316293721672,0.0,-0.010000000000000142,-2.8513478638392265e-06
R04_head_on_lateral_offset,42,9.399999999999999,30.84588708267002,50.59588223497813,20.617421445751816,0.008929713313191737,0.02935441091347107,1.4463745029621662,-0.019578301612201247,0.029624502283193344,0.9355388879776001,-0.06939814984798431,0.12593096494674683,0.9355388879776001,-0.06939814984798431,0.12593096494674683,1.46132333278656,-0.024289352446794508,0.03148274123668671,0.27876511421340544,0.20000000000000284,24.16513202646311,none,0.28876692317384567,0.0,-0.010000000000000142,-1.8089604401017035e-06
R04_head_on_lateral_offset,43,9.600000000000001,31.135453290223086,50.5978788620098,20.608055607962882,0.004780483614568467,0.03532263157700863,1.4506742844074692,-0.021750292139423703,0.030027342246887804,0.9430411458015442,-0.07478892803192139,0.12339281290769577,0.9430411458015442,-0.07478892803192139,0.12339281290769577,1.4658246874809264,-0.026176124811172485,0.030848203226923943,0.279613039859936,0.20000000000000284,23.796925370981853,none,0.28961487559148935,0.0,-0.010000000000000142,-1.835731553173625e-06
R04_head_on_lateral_offset,44,9.800000000000004,31.42580455254326,50.59860589988695,20.596925044544516,0.0001209312583131724,0.04129490744880985,1.4547928013886797,-0.02462831447111401,0.02971868036129279,0.948840856552124,-0.08712233603000641,0.11635889858007431,0.948840856552124,-0.08712233603000641,0.11635889858007431,1.4693045139312744,-0.03049281761050224,0.029089724645018578,0.2804311743542848,0.20000000000000284,23.428062198126565,none,0.290435878865253,0.0,-0.010000000000000142,-4.704510968118747e-06
R04_head_on_lateral_offset,45,10.000000000000007,31.7168868355516,50.59787758108954,20.58403398404564,-0.005294825576377218,0.047206404928360396,1.4587149971980544,-0.029185758659818865,0.029418889699019013,0.9542249441146851,-0.10992112755775452,0.11523204296827316,0.9542249441146851,-0.10992112755775452,0.11523204296827316,1.472534966468811,-0.03847239464521408,0.02880801074206829,0.2811935943023151,0.20000000000000284,23.058622918291178,none,0.2912045951642668,0.0,-0.010000000000000142,-1.1000861951537822e-05
R04_head_on_lateral_offset,46,10.20000000000001,32.008646316096815,50.59543200694906,20.56939257808427,-0.011647482849702517,0.05305866927226361,1.462484746198904,-0.0339795084692569,0.0291258408717568,0.9596126079559326,-0.12499331682920456,0.11411479860544205,0.9596126079559326,-0.12499331682920456,0.11411479860544205,1.4757675647735595,-0.04374766089022159,0.028528699651360512,0.2819166834967212,0.20000000000000284,22.688697762937625,none,0.2919218324176427,0.0,-0.010000000000000142,-5.148920921339562e-06
R04_head_on_lateral_offset,47,10.400000000000013,32.30102781349619,50.5909827297186,20.5530144270348,-0.018965393467046208,0.0588190300566138,1.4660920135418847,-0.03883373403375242,0.028523188933917712,0.9646705389022827,-0.1392146199941635,0.10918069630861282,0.9646705389022827,-0.1392146199941635,0.10918069630861282,1.4788023233413696,-0.04872511699795723,0.027295174077153206,0.2825811114518358,0.20000000000000284,22.31838399134998,none,0.2925861549217288,0.0,-0.010000000000000142,-5.04346989286586e-06
R04_head_on_lateral_offset,48,10.600000000000016,32.593969573827124,50.58423928354331,20.534928296413142,-0.027242117692728825,0.06443925331001335,1.4695278126647906,-0.0435760771487591,0.027738207743891068,0.9693899154663086,-0.15211279690265656,0.10455465316772461,0.9693899154663086,-0.15211279690265656,0.10455465316772461,1.4816339492797852,-0.05323947891592979,0.026138663291931152,0.28318621436998503,0.20000000000000284,21.947789891485748,none,0.2931904150851423,0.0,-0.010000000000000142,-4.200715157144374e-06
R04_head_on_lateral_offset,49,10.800000000000018,32.88739955553774,50.57492761660725,20.515170232574146,-0.036333588777189216,0.06994195416031036,1.4727515354426703,-0.04707492503368277,0.02732029862847924,0.9735173583030701,-0.1548699289560318,0.1058749258518219,0.9735173583030701,-0.1548699289560318,0.1058749258518219,1.484110414981842,-0.05420447513461113,0.026468731462955475,0.2837229447357758,0.20000000000000284,21.57703669151544,none,0.29372347234940577,0.0,-0.010000000000000142,-5.276136298171252e-07
R04_head_on_lateral_offset,50,11.000000000000021,33.18123579564997,50.56283873224565,20.49377511615671,-0.045982775170450234,0.07524739786961433,1.47574214481254,-0.04925279270326502,0.025845308667470944,0.9771327376365662,-0.153401717543602,0.0913589745759964,0.9771327376365662,-0.153401717543602,0.0913589745759964,1.4862796425819398,-0.053690601140260696,0.0228397436439991,0.28416940744758107,0.20000000000000284,21.20625317646069,none,0.2941739262366596,0.0,-0.010000000000000142,-4.518789078375996e-06
R04_head_on_lateral_offset,51,11.200000000000024,33.47538577924463,50.54788287171099,20.47084596909537,-0.05549924785329234,0.07998665770089607,1.4783588462843955,-0.046146086977101444,0.0218485276020621,0.9792981147766113,-0.11375885456800461,0.05481738597154617,0.9792981147766113,-0.11375885456800461,0.05481738597154617,1.4875788688659668,-0.03981559909880161,0.013704346492886543,0.2844700845380552,0.20000000000000284,20.83557167348546,none,0.2945283152008713,0.0,-0.010000000000000142,-5.823066281595013e-05
R04_head_on_lateral_offset,52,11.400000000000027,33.7697494062604,50.53020107590999,20.44661324854888,-0.06436258750935192,0.0837956512408481,1.4804358933968427,-0.04274374461099288,0.016634397522330178,0.9795907139778137,-0.10231669247150421,0.024038570001721382,0.9795907139778137,-0.10231669247150421,0.024038570001721382,1.4877544283866881,-0.03581084236502647,0.0060096425004303455,0.284752925784433,0.20000000000000284,20.465112443319104,none,0.2947744926684379,0.0,-0.010000000000000142,-2.1566884004789525e-05
R04_head_on_lateral_offset,53,11.60000000000003,34.06423502667016,50.50998232801344,20.421383784633033,-0.07264269937224642,0.08652212087970612,1.4820482885410489,-0.0402456553597198,0.011051111897036274,0.9795493483543396,-0.10044381767511368,-0.001303463475778699,0.9795493483543396,-0.10044381767511368,-0.001303463475778699,1.4877296090126038,-0.035155336186289785,-0.00032586586894467473,0.28490662584752835,0.20000000000000284,20.09498445091598,none,0.29491954040816637,0.0,-0.010000000000000142,-1.2914560637849901e-05
R04_head_on_lateral_offset,54,11.800000000000033,34.35877204879191,50.48737054447128,20.395483352240618,-0.08054596335612817,0.08819935039020538,1.4832714830169647,-0.03888921926059529,0.006094745265144516,0.9793024063110352,-0.10321494191884995,-0.016019076108932495,0.9793024063110352,-0.10321494191884995,-0.016019076108932495,1.487581443786621,-0.03612522967159748,-0.004004769027233124,0.28498058583458513,0.20000000000000284,19.725281560374693,none,0.2949850716218876,0.0,-0.010000000000000142,-4.485787302320197e-06
R04_head_on_lateral_offset,55,12.000000000000036,34.65330162458037,50.462448908710115,20.369203971096645,-0.08825843596602254,0.08900265220242727,1.4841728342411327,-0.0382813239911678,0.0022295901474136686,0.9789146184921265,-0.10583607107400894,-0.022585514932870865,0.9789146184921265,-0.10583607107400894,-0.022585514932870865,1.487348771095276,-0.037042624875903124,-0.005646378733217716,0.2849830805634943,0.20000000000000284,19.356093094633298,none,0.29498408333981985,0.0,-0.010000000000000142,-1.002776325380872e-06
R04_head_on_lateral_offset,56,12.200000000000038,34.94777099840084,50.43525915113947,20.342777255123224,-0.09587426637900592,0.08914318032754177,1.4848082561651421,-0.03790531964002973,-0.0006102683573133687,0.9784119725227356,-0.10611183196306229,-0.02558802254498005,0.9784119725227356,-0.10611183196306229,-0.02558802254498005,1.4870471835136414,-0.037139141187071796,-0.006397005636245012,0.28492362250854614,0.20000000000000284,18.987507584789512,none,0.29492380938352625,0.0,-0.010000000000000142,-1.8687497998499946e-07
R04_head_on_lateral_offset,57,12.400000000000041,35.242139499981555,50.40582966013555,20.316375568735744,-0.10339033913232858,0.08879390602541277,1.4852926137072033,-0.03730095866569302,-0.0027232211144850504,0.9783321022987366,-0.10305560380220413,-0.028115013614296913,0.9783321022987366,-0.10305560380220413,-0.028115013614296913,1.486999261379242,-0.03606946133077144,-0.007028753403574228,0.28481668034789664,0.20000000000000284,18.619604243221374,none,0.29481699499977054,0.0,-0.010000000000000142,-3.1465187376622515e-07
R04_head_on_lateral_offset,58,12.600000000000044,35.53638089768677,50.374193365382546,20.290128851339716,-0.11080766902642591,0.08805508294633628,1.485684174235633,-0.0369023811214177,-0.004528914322648853,0.9784397482872009,-0.10311487317085266,-0.032833393663167953,0.9784397482872009,-0.10311487317085266,-0.032833393663167953,1.4870638489723205,-0.03609020560979843,-0.008208348415791988,0.28467785647391985,0.20000000000000284,18.252449190458258,none,0.29467830203813605,0.0,-0.010000000000000142,-4.455642160495349e-07
R04_head_on_lateral_offset,59,12.800000000000047,35.83047349477591,50.3403735651994,20.264145396640235,-0.1181761277977309,0.08698329139553689,1.4859968268629404,-0.03679062933932486,-0.0060726496354997425,0.9784974455833435,-0.10446546971797943,-0.03687318414449692,0.9784974455833435,-0.10446546971797943,-0.03687318414449692,1.487098467350006,-0.0365629144012928,-0.00921829603612423,0.2845120223439008,0.20000000000000284,17.886107860907337,none,0.2945123852908438,0.0,-0.010000000000000142,-3.6294694288258046e-07
R04_head_on_lateral_offset,60,13.00000000000005,36.12439484573134,50.30437916390716,20.23851733690778,-0.12553610089833603,0.08563241937717744,1.4862390501252105,-0.036807806985122336,-0.007340511610886794,0.9784875512123108,-0.10526517033576965,-0.03969606012105942,0.9784875512123108,-0.10526517033576965,-0.03969606012105942,1.4870925307273866,-0.03684280961751937,-0.009924015030264854,0.2843183589813331,0.20000000000000284,17.520651554466774,none,0.29431853114628836,0.0,-0.010000000000000142,-1.721649551145177e-07
R04_head_on_lateral_offset,61,13.200000000000053,36.418116401089556,50.26622311968378,20.21332182267322,-0.1327901045926254,0.08404942650031016,1.486354184835315,-0.03580761459993861,-0.008408893093647247,0.9779331088066101,-0.09648439288139343,-0.04234367236495018,0.9779331088066101,-0.09648439288139343,-0.04234367236495018,1.486759865283966,-0.0337695375084877,-0.010585918091237545,0.2840887597018625,0.20000000000000284,17.15616074444986,none,0.2940904480880562,0.0,-0.010000000000000142,-1.6883861935704238e-06
R04_head_on_lateral_offset,62,13.400000000000055,36.71160859762655,50.22596475248253,20.188627760109977,-0.13979297655714407,0.08223587111877277,1.4863318635545457,-0.0343322997361288,-0.009634301514923425,0.9770886898040771,-0.08950306475162506,-0.048525191843509674,0.9770886898040771,-0.08950306475162506,-0.048525191843509674,1.4862532138824462,-0.03132607266306877,-0.012131297960877419,0.2838248971219333,0.20000000000000284,16.79271397181308,none,0.29382665038531286,0.0,-0.010000000000000142,-1.753263379422887e-06
R04_head_on_lateral_offset,63,13.600000000000058,37.00484629512876,50.18368103010423,20.16450256679385,-0.14660619843447448,0.08024042024796667,1.4861926618953845,-0.033837232337354424,-0.010272133691382041,0.9761703014373779,-0.093795545399189,-0.04628733918070793,0.9761703014373779,-0.093795545399189,-0.04628733918070793,1.4857021808624267,-0.03282844088971615,-0.011571834795176983,0.28353088790378833,0.20000000000000284,16.430386251043625,none,0.29353137344002533,0.0,-0.010000000000000142,-4.85536236844164e-07
R04_head_on_lateral_offset,64,13.800000000000061,37.29780303027913,50.139408556467416,20.14097914225907,-0.15336759414032636,0.07823376672940256,1.4859781510159185,-0.0337809655564357,-0.00982788461059178,0.9753705263137817,-0.0961894616484642,-0.03569057956337929,0.9753705263137817,-0.0961894616484642,-0.03569057956337929,1.4852223157882691,-0.03366631157696247,-0.008922644890844822,0.28320113368912514,0.20000000000000284,16.069263797061556,none,0.29320350692491814,0.0,-0.010000000000000142,-2.373235792886286e-06
R04_head_on_lateral_offset,65,14.000000000000064,37.590450977684725,50.09315856244225,20.11803221210136,-0.16011652089600986,0.07640576444358227,1.4857136204534582,-0.03371339481665608,-0.008548561046396027,0.974635899066925,-0.09593059122562408,-0.023766810074448586,0.974635899066925,-0.09593059122562408,-0.023766810074448586,1.4847815394401551,-0.03357570692896843,-0.005941702518612146,0.2828388005316028,0.20000000000000284,15.709443047174412,none,0.2928416561910012,0.0,-0.010000000000000142,-2.855659398256008e-06
R04_head_on_lateral_offset,66,14.200000000000067,37.88276325147444,50.04494768340184,20.095588188314963,-0.16676697191163037,0.07488705730705007,1.4854084043802414,-0.0328557557200998,-0.006772381243043423,0.9738882780075073,-0.08888044953346252,-0.012612344697117805,0.9738882780075073,-0.08888044953346252,-0.012612344697117805,1.4843329668045044,-0.03110815733671188,-0.0031530861742794514,0.2824428917881251,0.20000000000000284,15.351024615951788,none,0.2924463854987849,0.0,-0.010000000000000142,-3.493710659642213e-06
R04_head_on_lateral_offset,67,14.40000000000007,38.17471700616658,49.99482753582504,20.07354627674977,-0.17322055787791205,0.07372537610164798,1.4850489571332561,-0.0317625025866983,-0.004979556282925311,0.972970724105835,-0.08438513427972794,-0.0053053745068609715,0.972970724105835,-0.08438513427972794,-0.0053053745068609715,1.4837824344635009,-0.029534796997904775,-0.0013263436267152429,0.2820197397768713,0.20000000000000284,14.994105612305114,none,0.2920212286084265,0.0,-0.010000000000000142,-1.4888315550847008e-06
R04_head_on_lateral_offset,68,14.600000000000072,38.46629769617408,49.94287119514772,20.051804050615402,-0.17939160782978947,0.07288784055547597,1.4846780768839167,-0.030075171328706875,-0.0035068009569456417,0.9722854495048523,-0.07610549032688141,-0.00202315766364336,0.9722854495048523,-0.07610549032688141,-0.00202315766364336,1.4833712697029113,-0.02663692161440849,-0.00050578941591084,0.2815724796581718,0.20000000000000284,14.638777695314923,none,0.2915740755592253,0.0,-0.010000000000000142,-1.595901053411228e-06
R04_head_on_lateral_offset,69,14.800000000000075,38.75750049373325,49.88917368637252,20.030277429840844,-0.1852575666202389,0.07228672629111016,1.4842818783342266,-0.028688900039779204,-0.0025746016787463917,0.9714764356613159,-0.07389747351408005,-0.002700292505323887,0.9714764356613159,-0.07389747351408005,-0.002700292505323887,1.4828858613967895,-0.025864115729928014,-0.0006750731263309717,0.281114255503296,0.20000000000000284,14.285125461467569,none,0.2911143752703609,0.0,-0.010000000000000142,-1.197670647692939e-07
R04_head_on_lateral_offset,70,15.000000000000078,39.04832132223433,49.83381969206293,20.008909214900672,-0.1908750760211706,0.0718499178925008,1.4838624640791536,-0.027570488784722156,-0.001848229110974752,0.9706410765647888,-0.07226148247718811,-0.0014724422944709659,0.9706410765647888,-0.07226148247718811,-0.0014724422944709659,1.4823846459388732,-0.025291518867015837,-0.00036811057361774147,0.2806426055726968,0.20000000000000284,13.933241554055316,none,0.2906427032108496,0.0,-0.010000000000000142,-9.763815266465782e-08
R04_head_on_lateral_offset,71,15.200000000000081,39.33875618657231,49.77691230983341,19.987654480269374,-0.19594356267246874,0.0715682628460054,1.483361797797389,-0.023426695980606725,-0.0010299920011892804,0.9693294763565063,-0.04280843213200569,0.0025492701679468155,0.9693294763565063,-0.04280843213200569,0.0025492701679468155,1.4815976858139037,-0.01498295124620199,0.0006373175419867039,0.2801414468941701,0.20000000000000284,13.583221950301159,none,0.2901591544269877,0.0,-0.010000000000000142,-1.7707532817451667e-05
R04_head_on_lateral_offset,72,15.400000000000084,39.628817452847805,49.718673418670704,19.966475408651444,-0.2001998169391913,0.07136203813710931,1.4827419386129381,-0.01943658213409892,-0.001032096473401875,0.9675964117050171,-0.032302819192409515,-0.004145538900047541,0.9675964117050171,-0.032302819192409515,-0.004145538900047541,1.4805578470230103,-0.01130598671734333,-0.0010363847250118852,0.27967783721518813,0.20000000000000284,13.235127267871853,none,0.28968100105288386,0.0,-0.010000000000000142,-3.163837695595033e-06
R04_head_on_lateral_offset,73,15.600000000000087,39.91852240356515,49.65932988206767,19.945373009991535,-0.20378829002761661,0.07109292859203913,1.4820182942331892,-0.016657600956327987,-0.0016150608680542235,0.9657808542251587,-0.03141403570771217,-0.011211834847927094,0.9657808542251587,-0.03141403570771217,-0.011211834847927094,1.4794685125350953,-0.01099491249769926,-0.0028029587119817734,0.2792130391421878,0.20000000000000284,12.889015520655363,none,0.2892141195166573,0.0,-0.010000000000000142,-1.0803744693671904e-06
R04_head_on_lateral_offset,74,15.80000000000009,40.20788418546182,49.59904175676179,19.92437591330749,-0.2069846673246253,0.07073113559193595,1.481224220208105,-0.015400890462237502,-0.001975688571718635,0.9640437960624695,-0.03668602928519249,-0.010842137038707733,0.9640437960624695,-0.03668602928519249,-0.010842137038707733,1.4784262776374817,-0.01284011024981737,-0.0027105342596769333,0.2787542150282417,0.20000000000000284,12.54496817178942,none,0.2887548339875181,0.0,-0.010000000000000142,-6.189592762340101e-07
R04_head_on_lateral_offset,75,16.000000000000092,40.496912747545274,49.53788711513403,19.903500985500028,-0.21002447979451705,0.07036438285786226,1.4804539108259294,-0.01502552554390218,-0.00171173312828929,0.9628995060920715,-0.04074471443891525,-0.004695500247180462,0.9628995060920715,-0.04074471443891525,-0.004695500247180462,1.4777397036552429,-0.014260650053620337,-0.0011738750617951155,0.27829865309939456,0.20000000000000284,12.203096813377,none,0.2882997643687659,0.0,-0.010000000000000142,-1.1112693712071915e-06
R04_head_on_lateral_offset,76,16.200000000000095,40.78562577035437,49.47586727790666,19.882726202908213,-0.21325195930564655,0.07015335998797523,1.4798665009217606,-0.017093412624357714,-0.0004905372754988922,0.9629945755004883,-0.060877472162246704,0.00799150113016367,0.9629945755004883,-0.060877472162246704,0.00799150113016367,1.477796745300293,-0.021307115256786344,0.0019978752825409174,0.2778444723220181,0.20000000000000284,11.86353668050497,none,0.28785579826153196,0.0,-0.010000000000000142,-1.1325939513750217e-05
R04_head_on_lateral_offset,77,16.400000000000098,41.07403403250723,49.41288237303845,19.86197223382006,-0.2168276144203599,0.07031261387567743,1.4794961027675846,-0.0185531201585457,0.0019026976929464438,0.9636516571044922,-0.061507269740104675,0.027117427438497543,0.9636516571044922,-0.061507269740104675,0.027117427438497543,1.4781909942626954,-0.021527544409036634,0.006779356859624386,0.2774066870337544,0.20000000000000284,11.526473851294032,none,0.287414019622922,0.0,-0.010000000000000142,-7.332589167504279e-06
R04_head_on_lateral_offset,78,16.6000000000001,41.362147645352564,49.348838935776044,19.841101473747266,-0.22068057515246334,0.07097940730032788,1.4793405257171068,-0.019876726745953522,0.00456460799585482,0.9646539092063904,-0.06449662894010544,0.03995497152209282,0.9646539092063904,-0.06449662894010544,0.03995497152209282,1.4787923455238343,-0.0225738201290369,0.009988742880523205,0.2769689965364268,0.20000000000000284,11.192116527223163,none,0.28697249140274295,0.0,-0.010000000000000142,-3.4948663160128126e-06
R04_head_on_lateral_offset,79,16.800000000000104,41.649975813459726,49.28366440544984,19.819957631318083,-0.22469340203638774,0.07216334126220832,1.4793731201330456,-0.020225272174801,0.007084785487376206,0.9658132791519165,-0.05981570854783058,0.048880454152822495,0.9658132791519165,-0.05981570854783058,0.048880454152822495,1.4794879674911499,-0.0209354979917407,0.012220113538205624,0.2765272561534699,0.20000000000000284,10.860693186110625,none,0.28652931454136166,0.0,-0.010000000000000142,-2.0583878916172192e-06
R04_head_on_lateral_offset,80,17.000000000000107,41.93752968367684,49.21733668972641,19.798389417635835,-0.22867994193632107,0.07384241311687387,1.479536388771229,-0.019681138273944045,0.009522223044329104,0.9668527841567993,-0.05306389927864075,0.05795581266283989,0.9668527841567993,-0.05306389927864075,0.05795581266283989,1.4801116704940795,-0.01857236474752426,0.014488953165709972,0.2760836502352609,0.20000000000000284,10.53244192798128,none,0.286086230827884,0.0,-0.010000000000000142,-2.580592622960787e-06
R04_head_on_lateral_offset,81,17.20000000000011,42.224822896985586,49.149882504742976,19.776255230926395,-0.23251424525100084,0.07596037814944712,1.4798009300706325,-0.01873333122480091,0.011507775881947891,0.9678884148597717,-0.048005711287260056,0.06221482902765274,0.9678884148597717,-0.048005711287260056,0.06221482902765274,1.480733048915863,-0.01680199895054102,0.015553707256913185,0.27564504994605865,0.20000000000000284,10.207610071074303,none,0.2856459458864009,0.0,-0.010000000000000142,-8.959403420966128e-07
R04_head_on_lateral_offset,82,17.400000000000112,42.51187875113177,49.08134379902445,19.753421788194213,-0.23622611305511426,0.07858123062096337,1.4802477184305158,-0.018409736217970638,0.014476960934013482,0.9697033166885376,-0.05071529000997543,0.08210889995098114,0.9697033166885376,-0.05071529000997543,0.08210889995098114,1.4818219900131226,-0.0177503515034914,0.020527224987745285,0.2752098231175289,0.20000000000000284,9.886458706675754,none,0.28521795131239713,0.0,-0.010000000000000142,-8.128194868101403e-06
R04_head_on_lateral_offset,83,17.600000000000115,42.798727470524284,49.01174971110457,19.729700874397455,-0.23975377062717515,0.08197557346095294,1.4809418435516415,-0.016974977473075,0.019116764790081328,0.9723126888275146,-0.040146831423044205,0.11428489536046982,0.9723126888275146,-0.040146831423044205,0.11428489536046982,1.4833876132965087,-0.014051390998065471,0.028571223840117455,0.2747848740101147,0.20000000000000284,9.569279344463693,none,0.2848079499265239,0.0,-0.010000000000000142,-2.3075916409095732e-05
R04_head_on_lateral_offset,84,17.800000000000118,43.085406757246716,48.94116911171831,19.704821501908555,-0.242989259824087,0.08635987949801839,1.4818811705343542,-0.01549170867600438,0.024333136875420047,0.975318193435669,-0.035626497119665146,0.13984984159469604,0.975318193435669,-0.035626497119665146,0.13984984159469604,1.4851909160614014,-0.012469273991882801,0.03496246039867401,0.2744094473553355,0.20000000000000284,9.256379934566343,none,0.28442310801445814,0.0,-0.010000000000000142,-1.3660659122456398e-05
R04_head_on_lateral_offset,85,18.00000000000012,43.37193714294899,48.86968374302962,19.678489815583493,-0.24595371761089826,0.09164718217307533,1.4829211522167018,-0.014246705275295372,0.02824504853742545,0.9776425957679749,-0.03345651552081108,0.14486517012119293,0.9776425957679749,-0.03345651552081108,0.14486517012119293,1.486585557460785,-0.011709780432283878,0.03621629253029823,0.2740449827659718,0.20000000000000284,8.948118780523027,none,0.2840456880697033,0.0,-0.010000000000000142,-7.053037314097566e-07
R04_head_on_lateral_offset,86,18.200000000000124,43.658321647648606,48.79736990462297,19.650493369863845,-0.2486723151145195,0.09738520566297681,1.4840036995639203,-0.01303090481438284,0.029072798713241137,0.9796968102455139,-0.03015281818807125,0.12303797155618668,0.9796968102455139,-0.03015281818807125,0.12303797155618668,1.4878180861473083,-0.010553486365824937,0.03075949288904667,0.2736481217843274,0.20000000000000284,8.64491216392276,none,0.2836579530005352,0.0,-0.010000000000000142,-9.83121620764589e-06
R04_head_on_lateral_offset,87,18.400000000000126,43.94456208210456,48.72428346326749,19.620777682398078,-0.2513264378953954,0.10306618704083095,1.4850947757082973,-0.013476721711503813,0.02783063697219466,0.9815653562545776,-0.04110044613480568,0.10119801014661789,0.9815653562545776,-0.04110044613480568,0.10119801014661789,1.4889392137527466,-0.014385156147181987,0.025299502536654472,0.2732468957280115,0.20000000000000284,8.347226513421711,none,0.283258902246736,0.0,-0.010000000000000142,-1.2006518724391249e-05
R04_head_on_lateral_offset,88,18.60000000000013,44.23064683254686,48.65041858392166,19.58939148748194,-0.254021597028536,0.1085689429625412,1.486149202242831,-0.013474999428608657,0.027241337806729767,0.9831075072288513,-0.038489971309900284,0.10416212677955627,0.9831075072288513,-0.038489971309900284,0.10416212677955627,1.4898645043373109,-0.013471489958465099,0.02604053169488907,0.27283319558832103,0.20000000000000284,8.055614388958789,none,0.28283355516423825,0.0,-0.010000000000000142,-3.595759170516022e-07
R04_head_on_lateral_offset,89,18.800000000000132,44.516562180352516,48.575783126607696,19.55636986858198,-0.25663415180932286,0.11400054077433346,1.4871633803587143,-0.01270833219739539,0.027086323743184773,0.9845614433288574,-0.03184601664543152,0.1070818156003952,0.9845614433288574,-0.03184601664543152,0.1070818156003952,1.4907368659973144,-0.011146105825901031,0.0267704539000988,0.2723784735120241,0.20000000000000284,7.770682241131105,none,0.28237956912495576,0.0,-0.010000000000000142,-1.0956129315389808e-06
R04_head_on_lateral_offset,90,19.000000000000135,44.80230038907615,48.50042078821335,19.52172792901534,-0.25907962128496,0.119374064827483,1.4881251303671457,-0.011813784728772444,0.026679573604081196,0.9858564734458923,-0.028545653447508812,0.10340297967195511,0.9858564734458923,-0.028545653447508812,0.10340297967195511,1.4915138840675355,-0.009990978706628083,0.025850744917988777,0.2719031102463157,0.20000000000000284,7.493076197502818,none,0.2819036323129964,0.0,-0.010000000000000142,-5.220666806122349e-07
R04_head_on_lateral_offset,91,19.200000000000138,45.087855109383355,48.42439473210276,19.485490698293056,-0.26126660888997383,0.1246418641564512,1.4889940528380634,-0.010179283882369855,0.026046160147789658,0.9867595434188843,-0.01956767402589321,0.09902185201644897,0.9867595434188843,-0.01956767402589321,0.09902185201644897,1.4920557260513305,-0.006848685909062623,0.024755463004112244,0.27140586549782836,0.20000000000000284,7.223494218112414,none,0.2814078777764166,0.0,-0.010000000000000142,-2.0122785880982707e-06
R04_head_on_lateral_offset,92,19.40000000000014,45.37323138526645,48.34781444450549,19.44770108847176,-0.26295565763669093,0.12972218272159977,1.4897681368623357,-0.006954273105244846,0.024847377892580236,0.9874927401542664,-0.0010934765450656414,0.08961854875087738,0.9874927401542664,-0.0010934765450656414,0.08961854875087738,1.4924956440925599,-0.00038271679077297446,0.022404637187719345,0.27089755081184846,0.20000000000000284,6.962663576658214,none,0.28090615592509494,0.0,-0.010000000000000142,-8.605113246354002e-06
R04_head_on_lateral_offset,93,19.600000000000144,45.658457661789825,48.270877339948505,19.408432178753547,-0.2637891058416255,0.13451811696793595,1.4903962299628826,-0.0017708818773438184,0.023233595573442276,0.9876822233200073,0.025117820128798485,0.07978086173534393,0.9876822233200073,0.025117820128798485,0.07978086173534393,1.4926093339920044,0.008791237045079468,0.019945215433835983,0.2704116734242624,0.20000000000000284,6.711303021005371,none,0.2804273503855228,0.0,-0.010000000000000142,-1.5676961260220304e-05
R04_head_on_lateral_offset,94,19.800000000000146,45.94328000088462,48.19387788788336,19.36812441780282,-0.26434187941798193,0.13587939287256567,1.487610172528215,-0.0036176618196031617,-0.007318147324493608,0.9629890322685242,-0.021088050678372383,-0.2782919108867645,0.9629890322685242,-0.021088050678372383,-0.2782919108867645,1.4777934193611144,-0.007380817737430333,-0.06957297772169113,0.2670839752018437,0.20000000000000284,6.470320252744193,none,0.27970319213533656,0.0,-0.010000000000000142,-0.002619216933492764
R04_head_on_lateral_offset,95,20.00000000000015,46.227480075721296,48.116871497928955,19.32821786498077,-0.26476150039641905,0.13306439721307095,1.4839627683687875,-0.0007915522449131572,-0.019884668764235995,0.9518517255783081,0.014191911555826664,-0.18196512758731842,0.9518517255783081,0.014191911555826664,-0.18196512758731842,1.471111035346985,0.004967169044539332,-0.045491281896829605,0.26856794932894684,0.20000000000000284,6.240666734935067,none,0.2787809006192745,0.0,-0.010000000000000142,-0.00021295129032753782
R04_head_on_lateral_offset,96,20.200000000000152,46.511119907343286,48.03988671465423,19.289495977470686,-0.26551064637796534,0.1288411018042182,1.480612571067786,-0.006285804962654405,-0.022175616284238003,0.948013424873352,-0.04994674772024155,-0.1073753833770752,0.948013424873352,-0.04994674772024155,-0.1073753833770752,1.4688080549240112,-0.01748136170208454,-0.0268438458442688,0.2677391410443532,0.20000000000000284,6.023162389790311,none,0.277932983646501,0.0,-0.010000000000000142,-0.00019384260214765499
R04_head_on_lateral_offset,97,20.400000000000155,46.794716043198555,47.96273461271399,19.251634996749008,-0.2651717126868528,0.128999916236553,1.4826136521890403,0.00855647697548452,0.02054397866701036,0.9827741980552673,0.11085820943117142,0.4303722381591797,0.9827741980552673,0.11085820943117142,0.4303722381591797,1.4896645188331603,0.03880037330090999,0.10759305953979492,0.26125425353447046,0.20000000000000284,5.818610950859709,none,0.27757903453576205,0.0,-0.010000000000000142,-0.006324781001291431
R04_head_on_lateral_offset,98,20.600000000000158,47.07866219178371,47.88595751959289,19.212810318787604,-0.2627284213581252,0.13366029428652207,1.484255081540333,0.01536339772765333,0.025673210872640875,0.9833978414535522,0.08352502435445786,0.14449988305568695,0.9833978414535522,0.08352502435445786,0.14449988305568695,1.4900387048721313,0.02923375852406025,0.03612497076392174,0.26595371983320093,0.20000000000000284,5.627680256377403,none,0.27760312974019996,0.0,-0.010000000000000142,-0.001649409906998871
R04_head_on_lateral_offset,99,20.80000000000016,47.36293066890405,47.80994399523685,19.172559206924795,-0.2599493167120414,0.1379258159232145,1.4856450250936644,0.012633408415487244,0.017591151460389434,0.984237551689148,0.02020157128572464,0.004489838611334562,0.984237551689148,0.02020157128572464,0.004489838611334562,1.4905425310134888,0.007070549950003623,0.0011224596528336406,0.2671323656045882,0.20000000000000284,5.451354806808785,none,0.27760463315193107,0.0,-0.010000000000000142,-0.0004722675473427471
R04_head_on_lateral_offset,100,21.000000000000163,47.647497736758524,47.73468412900906,19.1312295444566,-0.2570097191880638,0.1408664216366491,1.486690714858902,0.016473163907359298,0.012219749037663168,0.9839587211608887,0.06942107528448105,0.005098090041428804,0.9839587211608887,0.06942107528448105,0.005098090041428804,1.4903752326965332,0.024297376349568366,0.001274522510357201,0.2675342543546794,0.20000000000000284,5.290827317936582,none,0.27758271450048255,0.0,-0.010000000000000142,-4.8460145802985984e-05
R04_head_on_lateral_offset,101,21.200000000000166,47.932376304726716,47.66033704275204,19.089160002831182,-0.2534740584398664,0.14281821292379235,1.487385612881861,0.018714512790841655,0.007643106064827821,0.9830568432807922,0.06651907414197922,-0.006730603985488415,0.9830568432807922,0.06651907414197922,-0.006730603985488415,1.4898341059684754,0.023281675949692725,-0.0016826509963721037,0.26758448966789605,0.20000000000000284,5.147128117585902,none,0.2775874727278307,0.0,-0.010000000000000142,-2.9830599344823256e-06
R04_head_on_lateral_offset,102,21.40000000000017,48.2175718796501,47.58704472919069,19.04662514837674,-0.24955779292759006,0.14395929621798081,1.4877863798979343,0.02032663635021991,0.004039343010446045,0.9819974899291992,0.06746181845664978,-0.013215964660048485,0.9819974899291992,0.06746181845664978,-0.013215964660048485,1.4891984939575196,0.02361163645982742,-0.003303991165012121,0.26761102477586185,0.20000000000000284,5.0212676417101765,none,0.2776119061938509,0.0,-0.010000000000000142,-8.814179889101055e-07
R04_head_on_lateral_offset,103,21.600000000000172,48.50308021645601,47.514907147715626,19.00383817979996,-0.24536603871379414,0.14453116211098466,1.4879365025723046,0.021502296142194375,0.0018447246195034276,0.980775773525238,0.06827977299690247,-0.010508866049349308,0.980775773525238,0.06827977299690247,-0.010508866049349308,1.488465464115143,0.02389792054891586,-0.002627216512337327,0.26764401990279146,0.20000000000000284,4.914229611037793,none,0.2776442097032614,0.0,-0.010000000000000142,-1.8980046979354472e-07
R04_head_on_lateral_offset,104,21.800000000000175,48.7888767459132,47.44398725422,18.960940208268056,-0.24112464155669222,0.14473981510308184,1.487799206570964,0.02095307063344669,0.00035415011373191545,0.9788590669631958,0.056668348610401154,-0.010732685215771198,0.9788590669631958,0.056668348610401154,-0.010732685215771198,1.4873154401779174,0.0198339220136404,-0.0026831713039427996,0.26765833581765874,0.20000000000000284,4.826942443402649,none,0.27766110679836586,0.0,-0.010000000000000142,-2.770980706953419e-06
R04_head_on_lateral_offset,105,22.000000000000178,49.07491333005952,47.374276272131084,18.918022827806244,-0.2370075012418151,0.14474857756432924,1.4874253493514036,0.020269828566943933,-0.0002230238198831095,0.9768467545509338,0.05393598973751068,-0.005596490111202002,0.9768467545509338,0.05393598973751068,-0.005596490111202002,1.4861080527305603,0.018877596408128736,-0.0013991225278005004,0.26763213801379643,0.20000000000000284,4.760272941383928,none,0.2776328959275247,0.0,-0.010000000000000142,-7.579137281401487e-07
R04_head_on_lateral_offset,106,22.20000000000018,49.361142504591726,47.30573672972772,18.875126705329446,-0.23310978175387073,0.14470613634094315,1.4869055704932606,0.018816875585155754,-0.00020290478825012254,0.9751235246658325,0.04530347138643265,-0.000647634151391685,0.9751235246658325,0.04530347138643265,-0.000647634151391685,1.4850741147994995,0.015856214985251426,-0.00016190853784792125,0.2675542782043345,0.20000000000000284,4.7149446666382655,none,0.2775563178257272,0.0,-0.010000000000000142,-2.039621392591108e-06
R04_head_on_lateral_offset,107,22.400000000000183,49.647517284775766,47.23828645182126,18.83225522929865,-0.22961541442126338,0.14470401916702635,1.4863045190348334,0.016315338915126903,0.0001547746955717361,0.973644495010376,0.032051414251327515,0.0035344513598829508,0.973644495010376,0.032051414251327515,0.0035344513598829508,1.4841866970062256,0.011217994987964629,0.0008836128399707377,0.2674222400907202,0.20000000000000284,4.691521246586918,none,0.2774261459784455,0.0,-0.010000000000000142,-3.905887725148479e-06
R04_head_on_lateral_offset,108,22.600000000000186,49.93398160385129,47.17178673457639,18.789392454642204,-0.22670817461004472,0.14477377817920556,1.4856176533769525,0.013006450580898558,0.0005156185719899915,0.9719957709312439,0.01789708063006401,0.005003619007766247,0.9719957709312439,0.01789708063006401,0.005003619007766247,1.4831974625587463,0.006263978220522403,0.0012509047519415617,0.26722215022059426,0.20000000000000284,4.688120205088699,none,0.277226254658693,0.0,-0.010000000000000142,-4.104438098574546e-06
R04_head_on_lateral_offset,109,22.80000000000019,50.22046907152346,47.106053828160505,18.746518039427773,-0.22451604526381902,0.1449333648276025,1.4848419181781243,0.009201613958160668,0.00104067438105614,0.9701809883117676,0.004138729069381952,0.008442291058599949,0.9701809883117676,0.004138729069381952,0.008442291058599949,1.4821085929870605,0.0014485551742836832,0.0021105727646499872,0.2669358946230622,0.20000000000000284,4.690393550537051,none,0.2769399828258443,0.0,-0.010000000000000142,-4.088202781929213e-06
R04_head_on_lateral_offset,110,23.000000000000192,50.506904543229155,47.0408901203048,18.703602100873454,-0.2229698770835035,0.14523681355036938,1.4839278061679138,0.006466233833594038,0.00192700963277083,0.9678448438644409,0.0025496874004602432,0.014932326972484589,0.9678448438644409,0.0025496874004602432,0.014932326972484589,1.4807069063186646,0.0008923905901610851,0.003733081743121147,0.26655335631386023,0.20000000000000284,4.711748885234085,none,0.27655435837766973,0.0,-0.010000000000000142,-1.0020638093571421e-06
R04_head_on_lateral_offset,111,23.200000000000195,50.79321266552673,46.97615876624246,18.660603738376633,-0.22176340293075564,0.14568663159567938,1.4827962918207058,0.005659324560438394,0.0025260230908900052,0.9646822810173035,0.011471707373857498,0.014986495487391949,0.9646822810173035,0.011471707373857498,0.014986495487391949,1.478809368610382,0.0040150975808501245,0.003746623871847987,0.26607036466937245,0.20000000000000284,4.755533802864374,none,0.2760721568129405,0.0,-0.010000000000000142,-1.7921435679160193e-06
R04_head_on_lateral_offset,112,23.400000000000198,51.07932595374035,46.91180795917227,18.617499154563667,-0.2207386139493312,0.14619077928216762,1.4813863491945727,0.004663612233357124,0.0025161945523394227,0.9606972932815552,0.007527611684054136,0.009984668344259262,0.9606972932815552,0.007527611684054136,0.009984668344259262,1.476418375968933,0.0026346640894189476,0.0024961670860648155,0.26550773362726754,0.20000000000000284,4.82138603958316,none,0.27550886271312436,0.0,-0.010000000000000142,-1.129085856683373e-06
R04_head_on_lateral_offset,113,23.6000000000002,51.365175322053425,46.84779110315768,18.574285874215807,-0.2199458296565609,0.14676202089878984,1.479696598060711,0.003362310026547039,0.0031485601304234094,0.9562378525733948,0.0020304741337895393,0.01774848811328411,0.9562378525733948,0.0020304741337895393,0.01774848811328411,1.473742711544037,0.0007106659468263388,0.004437122028321028,0.2648612863577017,0.20000000000000284,4.908625904083214,none,0.27486349399830345,0.0,-0.010000000000000142,-2.207640601640565e-06
R04_head_on_lateral_offset,114,23.800000000000203,51.65069508846294,46.784049871621626,18.530936588837186,-0.21938101257799245,0.1474871619482286,1.477817205870207,0.002361306534541013,0.004035966425436745,0.951991856098175,0.000918790465220809,0.023376883938908577,0.951991856098175,0.000918790465220809,0.023376883938908577,1.471195113658905,0.00032157666282728314,0.005844220984727144,0.26413500573881843,0.20000000000000284,5.0163680680661695,none,0.2741360246021429,0.0,-0.010000000000000142,-1.0188633243289538e-06
R04_head_on_lateral_offset,115,24.000000000000206,51.93584359577613,46.7205309727446,18.487409178014126,-0.21901288450077372,0.1483483284261903,1.475897403326856,0.0013929587478974886,0.0045378698237451805,0.9485548734664917,-0.0016577973728999496,0.022242363542318344,0.9485548734664917,-0.0016577973728999496,0.022242363542318344,1.469132924079895,-0.0005802290805149823,0.005560590885579586,0.2633484872623253,0.20000000000000284,5.143589938905842,none,0.273348882038146,0.0,-0.010000000000000142,-3.9477582056648136e-07
R04_head_on_lateral_offset,116,24.20000000000021,52.220602176890445,46.657187925599374,18.443670989231958,-0.2187569547733419,0.14932417473033469,1.4739862069617422,0.0011822218001142659,0.005172742754697288,0.9454200863838196,0.002150875050574541,0.02586565539240837,0.9454200863838196,0.002150875050574541,0.02586565539240837,1.4672520518302918,0.0007528062677010893,0.006466413848102093,0.26252410813358845,0.20000000000000284,5.289162432845499,none,0.27252485735597887,0.0,-0.010000000000000142,-7.492223902790368e-07
R04_head_on_lateral_offset,117,24.40000000000021,52.50496309663747,46.59400621302095,18.39967220912779,-0.21851436536564983,0.15057625367774627,1.472099281257131,0.0012393653586791164,0.007195584825184219,0.9424177408218384,0.003873731242492795,0.04526999965310097,0.9424177408218384,0.003873731242492795,0.04526999965310097,1.465450644493103,0.0013558059348724781,0.011317499913275242,0.26166867887044787,0.20000000000000284,5.4518904457310295,none,0.2716764490882184,0.0,-0.010000000000000142,-7.77021777038106e-06
R04_head_on_lateral_offset,118,24.600000000000215,52.788914948772955,46.530992764744454,18.355310029476794,-0.21822528049792786,0.15219644686873363,1.4702223824057512,0.0016225989484352677,0.008879435053741305,0.9393484592437744,0.006867166608572006,0.04924236610531807,0.9393484592437744,0.006867166608572006,0.04924236610531807,1.4636090755462647,0.002403508313000202,0.012310591526329517,0.2607978285232233,0.20000000000000284,5.630534597449444,none,0.270798511740022,0.0,-0.010000000000000142,-6.832167985407298e-07
R04_head_on_lateral_offset,119,24.800000000000217,53.07243767724983,46.46816840609684,18.310488139690797,-0.2178960851823185,0.154135112519403,1.4682552126040367,0.0016660772424602665,0.010393133765963776,0.935539722442627,0.005013349466025829,0.05391030013561249,0.935539722442627,0.005013349466025829,0.05391030013561249,1.4613238334655763,0.00175467231310904,0.013477575033903122,0.25988264201810435,0.20000000000000284,5.82385903937471,none,0.2698834366725471,0.0,-0.010000000000000142,-7.946544425918752e-07
R04_head_on_lateral_offset,120,25.00000000000022,53.355515022227756,46.405533404078554,18.265127531049888,-0.21764512812200013,0.15628914636700317,1.4663455669179573,0.0009011463135110782,0.011094353666512357,0.9326947927474976,-0.0018786914879456162,0.050092875957489014,0.9326947927474976,-0.0018786914879456162,0.050092875957489014,1.4596168756484986,-0.0006575420207809656,0.012523218989372253,0.2589309022947975,0.20000000000000284,6.030647502046866,none,0.26893230562641435,0.0,-0.010000000000000142,-1.4033316167434068e-06
R04_head_on_lateral_offset,121,25.200000000000223,53.638151537590765,46.34303823696861,18.219191001981088,-0.21764516762402547,0.1584608033446958,1.4645941000098637,-0.0007751952332316246,0.010655307111630213,0.9307045936584473,-0.01197443250566721,0.039042674005031586,0.9307045936584473,-0.01197443250566721,0.039042674005031586,1.4584227561950684,-0.004191051376983523,0.009760668501257896,0.25795583923218984,0.20000000000000284,6.249753498150547,none,0.267960399069036,0.0,-0.010000000000000142,-4.559836846021136e-06
R04_head_on_lateral_offset,122,25.400000000000226,53.920341074227835,46.28058746614519,18.17269927462067,-0.21803061363807938,0.16049602500381138,1.4628183267705457,-0.002917778129986155,0.009764081295873878,0.927602231502533,-0.020810535177588463,0.03179217502474785,0.927602231502533,-0.020810535177588463,0.03179217502474785,1.4565613389015197,-0.007283687312155961,0.007948043756186962,0.25695016082513816,0.20000000000000284,6.480138661504494,none,0.2669529662470751,0.0,-0.010000000000000142,-2.8054219367655736e-06
R04_head_on_lateral_offset,123,25.60000000000023,54.20205252445681,46.21807384487582,18.125701192263566,-0.2187552660148464,0.1623837992288476,1.4609348050807294,-0.004229854272424316,0.009159247373170027,0.9238302707672119,-0.019724149256944656,0.031707145273685455,0.9238302707672119,-0.019724149256944656,0.031707145273685455,1.454298162460327,-0.006903452239930629,0.007926786318421364,0.25588347938566325,0.20000000000000284,6.720855965951854,none,0.2658837876887077,0.0,-0.010000000000000142,-3.0830304431885005e-07
R04_head_on_lateral_offset,124,25.80000000000023,54.48324399618321,46.155435592901526,18.078238655199915,-0.219611572877518,0.16417333083902003,1.458837056551964,-0.004325970091363106,0.008765728315813823,0.9190759658813477,-0.01291949674487114,0.03185544162988663,0.9190759658813477,-0.01291949674487114,0.03185544162988663,1.4514455795288086,-0.004521823860704898,0.007963860407471657,0.25474529522457134,0.20000000000000284,6.9710185088297365,none,0.2647466737986228,0.0,-0.010000000000000142,-1.3785740513416745e-06
R04_head_on_lateral_offset,125,26.000000000000234,54.7638700985474,46.092668080957395,18.03034798325622,-0.22048813880375634,0.1658561910070898,1.456480683086804,-0.0044317188705121115,0.008112134800953805,0.9136298894882202,-0.013277718797326088,0.027121268212795258,0.9136298894882202,-0.013277718797326088,0.027121268212795258,1.4481779336929321,-0.00464720157906413,0.006780317053198814,0.2535442471683571,0.20000000000000284,7.2297658170938846,none,0.2635452911777385,0.0,-0.010000000000000142,-1.0440093812347924e-06
R04_head_on_lateral_offset,126,26.200000000000237,55.043890524854454,46.029771289302346,17.98207312918496,-0.22142624891392704,0.1674154085073936,1.4539301946786092,-0.004913100434340337,0.007524342212949057,0.9082391262054443,-0.0168400127440691,0.025306424126029015,0.9082391262054443,-0.0168400127440691,0.025306424126029015,1.4449434757232666,-0.0058940044604241845,0.006326606031507254,0.252284743554128,0.20000000000000284,7.496260096875762,none,0.262285644432648,0.0,-0.010000000000000142,-9.008785198639374e-07
R04_head_on_lateral_offset,127,26.40000000000024,55.32328255846555,45.96673240496836,17.93344846916152,-0.22239483283261585,0.1689161567253788,1.4513288380099,-0.004782576369833018,0.007486027734581099,0.9036048054695129,-0.012904598377645016,0.02963181957602501,0.9036048054695129,-0.012904598377645016,0.02963181957602501,1.4421628832817077,-0.004516609432175755,0.007407954894006252,0.2509808975354496,0.20000000000000284,7.769730460160881,none,0.2609820110046641,0.0,-0.010000000000000142,-1.1134692143557368e-06
R04_head_on_lateral_offset,128,26.600000000000243,55.60201360436277,45.90355797500119,17.88448792288428,-0.2233870472008055,0.170409308707794,1.4484474305258455,-0.005114546663841205,0.007448333136763665,0.8971578478813171,-0.01654570735991001,0.029486093670129776,0.8971578478813171,-0.01654570735991001,0.029486093670129776,1.4382947087287903,-0.005790997575968504,0.007371523417532444,0.24962448698191203,0.20000000000000284,8.049494771300072,none,0.25962558382536827,0.0,-0.010000000000000142,-1.0968434560875048e-06
R04_head_on_lateral_offset,129,26.800000000000246,55.88001150397546,45.840243316843846,17.835209796007856,-0.2245155154639423,0.17186889636673905,1.445147569009595,-0.006096152217493122,0.007168625088055741,0.8892006874084473,-0.02313244342803955,0.026394672691822052,0.8892006874084473,-0.02313244342803955,0.026394672691822052,1.4335204124450684,-0.008096355199813842,0.006598668172955513,0.2481732634460409,0.20000000000000284,8.33491686075117,none,0.2581755886136108,0.0,-0.010000000000000142,-2.3251675697464476e-06
R04_head_on_lateral_offset,130,27.00000000000025,56.15719987605766,45.776744051930834,17.785637639521212,-0.22595913311833432,0.1733141307344996,1.4415917035009025,-0.00818275665363461,0.0072756519590762,0.8817708492279053,-0.03552742674946785,0.029974956065416336,0.8817708492279053,-0.03552742674946785,0.029974956065416336,1.429062509536743,-0.012434599362313746,0.007493739016354084,0.2466166312566658,0.20000000000000284,8.625398951517182,none,0.2566210643873852,0.0,-0.010000000000000142,-4.433130719255219e-06
R04_head_on_lateral_offset,131,27.20000000000025,56.43352618225689,45.71295113510063,17.735765756515786,-0.22793072947771514,0.1748772513650049,1.438037460341787,-0.011298381828139636,0.00827986654962046,0.8758566379547119,-0.0504201278090477,0.041304558515548706,0.8758566379547119,-0.0504201278090477,0.041304558515548706,1.4255139827728271,-0.017647044733166695,0.010326139628887177,0.24496236992457035,0.20000000000000284,8.920416606460616,none,0.25497007253120074,0.0,-0.010000000000000142,-7.702606630240471e-06
R04_head_on_lateral_offset,132,27.400000000000254,56.70896125928219,45.64869793423398,17.685533382550815,-0.230560876334527,0.1767433340219052,1.434685552886972,-0.014743432761685046,0.010233699362684283,0.8714583516120911,-0.062181033194065094,0.05685998126864433,0.8714583516120911,-0.062181033194065094,0.05685998126864433,1.4228750109672545,-0.02176336161792278,0.014214995317161083,0.24321892080999688,0.20000000000000284,9.219555482014352,none,0.2532269135099021,0.0,-0.010000000000000142,-7.992699905090828e-06
R04_head_on_lateral_offset,133,27.600000000000257,56.98346924317437,45.58379554649014,17.634833763911576,-0.23392146598376162,0.17901218748594117,1.4314317671588164,-0.018573770621962513,0.012299161130777458,0.8666115999221802,-0.07536797970533371,0.06603168696165085,0.8666115999221802,-0.07536797970533371,0.06603168696165085,1.419966959953308,-0.026378792896866798,0.016507921740412712,0.24136591932396964,0.20000000000000284,9.522504981917452,none,0.25137154945888085,0.0,-0.010000000000000142,-5.630134911076834e-06
R04_head_on_lateral_offset,134,27.80000000000026,57.25701166416512,45.5180356074719,17.58355249719313,-0.2380867936898352,0.18164621883761067,1.4284255281053782,-0.022763710104701424,0.013919060351514493,0.8630549311637878,-0.08943282067775726,0.0688796192407608,0.8630549311637878,-0.08943282067775726,0.0688796192407608,1.4178329586982727,-0.03130148723721504,0.0172199048101902,0.23938659422091568,0.20000000000000284,9.829005256139071,none,0.2493909658281659,0.0,-0.010000000000000142,-4.371607250057696e-06
R04_head_on_lateral_offset,135,28.000000000000263,57.52959331953087,45.45118149745066,17.53159132240011,-0.24310996438560875,0.18451697685161847,1.4259910989635205,-0.02713828455521064,0.01472758143931117,0.8623555302619934,-0.10300654172897339,0.06550037115812302,0.8623555302619934,-0.10300654172897339,0.06550037115812302,1.417413318157196,-0.03605228960514068,0.016375092789530754,0.23731282102822618,0.20000000000000284,10.138835194503727,none,0.24731674411587434,0.0,-0.010000000000000142,-3.923087648033397e-06
R04_head_on_lateral_offset,136,28.200000000000266,57.80124337563009,45.3829892942474,17.478882367618635,-0.24892108187212514,0.18754934185850722,1.4240549151621824,-0.03070413188975496,0.015535198422794666,0.8620545268058777,-0.10848630219697952,0.06872346997261047,0.8620545268058777,-0.10848630219697952,0.06872346997261047,1.4172327160835265,-0.03797020576894283,0.01718086749315262,0.23516594314852968,0.20000000000000284,10.45184314878444,none,0.24516675328340654,0.0,-0.010000000000000142,-8.101348767053373e-07
R04_head_on_lateral_offset,137,28.40000000000027,58.07196443486064,45.313259153939846,17.425376737237364,-0.25537530143474646,0.1906699872168574,1.4223451547611397,-0.0336184138882077,0.015661719266725167,0.8605346083641052,-0.1130194365978241,0.06367811560630798,0.8605346083641052,-0.1130194365978241,0.06367811560630798,1.416320765018463,-0.03955680280923843,0.015919528901576996,0.23291745941917782,0.20000000000000284,10.767915144747931,none,0.2429184257203829,0.0,-0.010000000000000142,-9.663012049465624e-07
R04_head_on_lateral_offset,138,28.60000000000027,58.34169258739782,45.241845266510005,17.37107665622922,-0.26236906118657444,0.1937101961772805,1.4203206851401338,-0.03612989308612406,0.01480494549816266,0.8553123474121094,-0.11784999072551727,0.052236441522836685,0.8553123474121094,-0.11784999072551727,0.052236441522836685,1.4131874084472655,-0.041247496753931044,0.013059110380709171,0.23051395170966624,0.20000000000000284,11.086905679475002,none,0.24051758207303564,0.0,-0.010000000000000142,-3.6303633692738593e-06
R04_head_on_lateral_offset,139,28.800000000000274,58.61034049182207,45.16863085342114,17.31605220125896,-0.26986262398123884,0.1963890464159031,1.4180955488833946,-0.038618191458673005,0.012181301322332411,0.8504253625869751,-0.12482445687055588,0.027340563014149666,0.8504253625869751,-0.12482445687055588,0.027340563014149666,1.410255217552185,-0.04368855990469456,0.0068351407535374165,0.22793707014953993,0.20000000000000284,11.408593679970558,none,0.23795091676084823,0.0,-0.010000000000000142,-1.3846611308173731e-05
R04_head_on_lateral_offset,140,29.000000000000277,58.87784850292199,45.09349992562628,17.260444730580012,-0.2778268032809296,0.19855486157118965,1.4157035759090606,-0.04085501205231126,0.00966639879156497,0.845458984375,-0.1297512799501419,0.018167277798056602,0.845458984375,-0.1297512799501419,0.018167277798056602,1.407275390625,-0.04541294798254966,0.004541819449514151,0.22524807044812867,0.20000000000000284,11.732725900080629,none,0.23525073220132597,0.0,-0.010000000000000142,-2.661753197154282e-06
R04_head_on_lateral_offset,141,29.20000000000028,59.14416269417168,45.01635390561129,17.204399418654315,-0.28615716281311576,0.2002678352888081,1.4131321411497815,-0.04233689364349463,0.007617745662040125,0.8401193618774414,-0.1295900046825409,0.013772943057119846,0.8401193618774414,-0.1295900046825409,0.013772943057119846,1.4040716171264649,-0.04535650163888931,0.0034432357642799616,0.22242333572529419,0.20000000000000284,12.059072143534058,none,0.2324242926804132,0.0,-0.010000000000000142,-9.569551188755472e-07
R04_head_on_lateral_offset,142,29.400000000000283,59.40925769882359,44.93712833950557,17.148032518865598,-0.29468177005836177,0.2016231656555065,1.4106308205153752,-0.042869068699396946,0.0060534585470374234,0.8363622426986694,-0.12558135390281677,0.011463736183941364,0.8363622426986694,-0.12558135390281677,0.011463736183941364,1.4018173456192016,-0.043953473865985866,0.002865934045985341,0.21950020049724667,0.20000000000000284,12.387411896016147,none,0.2295009108504864,0.0,-0.010000000000000142,-7.103532396082746e-07
R04_head_on_lateral_offset,143,29.600000000000286,59.67314800361156,44.85580369015802,17.091430956447798,-0.30317328641240304,0.20267007786173968,1.408273546227051,-0.04210377512634127,0.004530452683593122,0.8332793712615967,-0.11584099382162094,0.005708185490220785,0.8332793712615967,-0.11584099382162094,0.005708185490220785,1.399967622756958,-0.04054434783756733,0.0014270463725551963,0.21652068906804092,0.20000000000000284,12.717549021411775,none,0.226523439169533,0.0,-0.010000000000000142,-2.7501014919371947e-06
R04_head_on_lateral_offset,144,29.80000000000029,59.93587369697876,44.7724159970618,17.03466720802601,-0.31145590442837046,0.2034850485275369,1.406093279547946,-0.040819221986013704,0.003683117730196299,0.8306850790977478,-0.10914773494005203,0.0078260637819767,0.8306850790977478,-0.10914773494005203,0.0078260637819767,1.3984110474586486,-0.03820170722901821,0.001956515945494175,0.2135250818346336,0.20000000000000284,13.049315413152854,none,0.22352620214412866,0.0,-0.010000000000000142,-1.1203094949159944e-06
R04_head_on_lateral_offset,145,30.00000000000029,60.19747454396544,44.687016321420685,16.977770893990815,-0.3196390946351184,0.204308641481855,1.4040848381957582,-0.040999121062511905,0.004491857017969277,0.8283467292785645,-0.11818771064281464,0.024559251964092255,0.8283467292785645,-0.11818771064281464,0.024559251964092255,1.3970080375671388,-0.04136569872498512,0.006139812991023064,0.21049810214750025,0.20000000000000284,13.382551653101979,none,0.22050544592004684,0.0,-0.010000000000000142,-7.3437725464300946e-06
R04_head_on_lateral_offset,146,30.200000000000294,60.45797828782771,44.59959388907093,16.920702385962322,-0.3279682075293765,0.20526070536429228,1.4024508865538017,-0.04220139251024771,0.0049911500217729434,0.8278226852416992,-0.12757498025894165,0.024034207686781883,0.8278226852416992,-0.12757498025894165,0.024034207686781883,1.3966936111450194,-0.044651243090629573,0.006008551921695471,0.20741993062989073,0.20000000000000284,13.717114908311606,none,0.2174217040523807,0.0,-0.010000000000000142,-1.773422489831436e-06
R04_head_on_lateral_offset,147,30.400000000000297,60.71740108261567,44.510088543343336,16.863412614123245,-0.3365361294599107,0.20639354300061302,1.4010751321339125,-0.043388364544259844,0.0062428830455973205,0.8270460367202759,-0.13087725639343262,0.03517408296465874,0.8270460367202759,-0.13087725639343262,0.03517408296465874,1.3962276220321654,-0.045807039737701415,0.008793520741164684,0.20424227710280377,0.20000000000000284,14.052915184160398,none,0.21424498920343993,0.0,-0.010000000000000142,-2.7121006360181918e-06
R04_head_on_lateral_offset,148,30.6000000000003,60.97573039516528,44.418448433758336,16.805836126440987,-0.3452703936107152,0.2077235733448569,1.3998306945927077,-0.04391461350486162,0.0070003314062867614,0.8257431387901306,-0.12853412330150604,0.0341750904917717,0.8257431387901306,-0.12853412330150604,0.0341750904917717,1.3954458832740784,-0.044986943155527113,0.008543772622942924,0.20094188943518088,0.20000000000000284,14.389893125866882,none,0.21094205315121428,0.0,-0.010000000000000142,-1.6371603327486327e-07
R04_head_on_lateral_offset,149,30.800000000000303,61.23292908345675,44.3246672100179,16.747931840023433,-0.35400237428446707,0.20917403535095902,1.398438676667093,-0.04344089729099625,0.00746896748677012,0.8225564360618591,-0.12135889381170273,0.03369560092687607,0.8225564360618591,-0.12135889381170273,0.03369560092687607,1.3935338616371156,-0.042475612834095955,0.008423900231719017,0.19749971834472707,0.20000000000000284,14.727973753335968,none,0.20750095572278227,0.0,-0.010000000000000142,-1.2373780550511971e-06
R04_head_on_lateral_offset,150,31.000000000000306,61.48894206869865,44.228803975983965,16.68968680534546,-0.3625061553924064,0.21067073487352783,1.3967324497817373,-0.04172615421745936,0.007495990974786984,0.8178675174713135,-0.10923442244529724,0.030204225331544876,0.8178675174713135,-0.10923442244529724,0.030204225331544876,1.390720510482788,-0.03823204785585403,0.007551056332886219,0.19392149518286939,0.20000000000000284,15.067040935422318,none,0.20392511875220976,0.0,-0.010000000000000142,-3.6235693402245083e-06
R04_head_on_lateral_offset,151,31.20000000000031,61.7437205990966,44.13098943823627,16.63111703655357,-0.3705132155652275,0.21212295542623896,1.3946140269664626,-0.03858146331112336,0.007059140067285497,0.811916172504425,-0.09192449599504471,0.024675901979207993,0.811916172504425,-0.09192449599504471,0.024675901979207993,1.387149703502655,-0.03217357359826565,0.006168975494801998,0.19023903228636707,0.20000000000000284,15.406931847033919,none,0.20024634457476154,0.0,-0.010000000000000142,-7.312288394321076e-06
R04_head_on_lateral_offset,152,31.40000000000031,61.997236410538314,44.03142253436369,16.572263397232163,-0.3778161788873827,0.21347647918243084,1.392044272457905,-0.03473786263913142,0.00651696156535025,0.8049827814102173,-0.07687375694513321,0.021648690104484558,0.8049827814102173,-0.07687375694513321,0.021648690104484558,1.3829896688461303,-0.02690581493079662,0.0054121725261211395,0.18650599131013915,0.20000000000000284,15.74745444349236,none,0.19651166652353425,0.0,-0.010000000000000142,-5.67521339496474e-06
R04_head_on_lateral_offset,153,31.600000000000314,62.2494813225269,43.93033419203296,16.513176312882468,-0.3843576368800431,0.21469802400864102,1.3890649545615266,-0.030961353330579953,0.005755851658556316,0.7976120710372925,-0.06647433340549469,0.016819797456264496,0.7976120710372925,-0.06647433340549469,0.016819797456264496,1.3785672426223754,-0.02326601669192314,0.004204949364066124,0.18275322001072067,0.20000000000000284,16.088402790606523,none,0.19275693588243215,0.0,-0.010000000000000142,-3.7158717113272565e-06
R04_head_on_lateral_offset,154,31.800000000000317,62.50045746997882,43.82794754690537,16.453914364359964,-0.390216104307345,0.21576278084427022,1.3856968202456386,-0.027857275713434375,0.004952281867081052,0.7897151708602905,-0.06152040883898735,0.013259438797831535,0.7897151708602905,-0.06152040883898735,0.013259438797831535,1.3738291025161744,-0.02153214309364557,0.003314859699457884,0.17899545115765242,0.20000000000000284,16.429579054274214,none,0.1889974427287484,0.0,-0.010000000000000142,-1.9915710958571393e-06
R04_head_on_lateral_offset,155,32.00000000000032,62.75018368258627,43.72445052638959,16.3945428372911,-0.39545904257608333,0.21657030718713086,1.3821401991044509,-0.024802356657222774,0.003251192880141795,0.7826805710792542,-0.053078267723321915,-0.0008603630121797323,0.7826805710792542,-0.053078267723321915,-0.0008603630121797323,1.3696083426475525,-0.018577393703162668,-0.00021509075304493308,0.17523867670908438,0.20000000000000284,16.77080558731058,none,0.18524507919196154,0.0,-0.010000000000000142,-6.402482877003268e-06
R04_head_on_lateral_offset,156,32.20000000000031,62.99871018138764,43.62001147122757,16.335164074523288,-0.4000740924506924,0.21693478540541122,1.3784482782016134,-0.02159023979324609,0.0005938719580788179,0.7757328152656555,-0.042985592037439346,-0.01928364485502243,0.7757328152656555,-0.042985592037439346,-0.01928364485502243,1.3654396891593934,-0.01504495721310377,-0.004820911213755608,0.17152555592655652,0.19999999999998863,17.11194334168962,none,0.18153534694110007,0.0,-0.009999999999999431,-9.791014544132324e-06
R04_head_on_lateral_offset,157,32.4000000000003,63.24609966085539,43.51479371099738,16.275919923914138,-0.4040928361903182,0.2167833213764218,1.3745915782735116,-0.018806972829484167,-0.0019191085500596511,0.7683373093605042,-0.03753014653921127,-0.028159085661172867,0.7683373093605042,-0.03753014653921127,-0.028159085661172867,1.3610023856163025,-0.013135551288723945,-0.007039771415293217,0.16788860401438213,0.19999999999998863,17.4528892509937,none,0.17789186859123518,0.0,-0.009999999999999431,-3.26457685361492e-06
R04_head_on_lateral_offset,158,32.600000000000286,63.492362278021794,43.408942422966284,16.216950910731075,-0.40780101145370856,0.21625504663377135,1.3701953221982044,-0.018312079950980747,-0.003262395172847189,0.7578416466712952,-0.04943898320198059,-0.023998361080884933,0.7578416466712952,-0.04943898320198059,-0.023998361080884933,1.354704988002777,-0.017303644120693205,-0.005999590270221233,0.16426136816399498,0.19999999999998863,17.793551838038766,none,0.174266753983094,0.0,-0.009999999999999431,-5.385819099583689e-06
R04_head_on_lateral_offset,159,32.800000000000274,63.73741884948484,43.302527615985184,16.158346845879233,-0.41160098626872466,0.21562302943280295,1.3652058924885508,-0.019591256482285435,-0.003072118050574695,0.7460424900054932,-0.06342232972383499,-0.01073757279664278,0.7460424900054932,-0.06342232972383499,-0.01073757279664278,1.347625494003296,-0.022197815403342244,-0.002684393199160695,0.16053760528621694,0.19999999999998863,18.133809903343327,none,0.17054781733789426,0.0,-0.009999999999999431,-1.0212051677877826e-05
R04_head_on_lateral_offset,160,33.00000000000026,63.98110094846486,43.19555863329269,16.100123202245193,-0.4157790398000407,0.21523018732100171,1.359286648593138,-0.022007189607965726,-0.001011604282845216,0.7307167053222656,-0.07694314420223236,0.012748295441269875,0.7307167053222656,-0.07694314420223236,0.012748295441269875,1.3384300231933595,-0.026930100470781326,0.0031870738603174686,0.1566017126365387,0.19999999999998863,18.473517343355894,none,0.1666210981986822,0.0,-0.009999999999999431,-1.9385562144089726e-05
R04_head_on_lateral_offset,161,33.20000000000025,64.22322100225576,43.08798998972152,16.042212275564186,-0.4205111635504157,0.21523595997103337,1.3529646128466002,-0.025082278043523643,0.0009234829811592946,0.717814564704895,-0.0895666852593422,0.019466325640678406,0.717814564704895,-0.0895666852593422,0.019466325640678406,1.330688738822937,-0.03134833984076977,0.0048665814101696014,0.1524260545746835,0.19999999999998863,18.81249834103598,none,0.16243347359370475,0.0,-0.009999999999999431,-7.41901902182214e-06
R04_head_on_lateral_offset,162,33.40000000000024,64.46366560244282,42.97972551043618,15.984505802892771,-0.42570993976803645,0.21577065210636742,1.3466825727596379,-0.02677769994323725,0.004178134802057282,0.7075793743133545,-0.08637838810682297,0.04324036091566086,0.7075793743133545,-0.08637838810682297,0.04324036091566086,1.3245476245880128,-0.030232435837388036,0.010810090228915215,0.14800860945304428,0.19999999999998863,19.15060417571724,none,0.1580222120353305,0.0,-0.009999999999999431,-1.3602582286799115e-05
R04_head_on_lateral_offset,163,33.60000000000023,64.7024060359418,42.87069869783219,15.926845270734988,-0.43108178063682606,0.2168246735390525,1.3407643057249874,-0.02692928384448633,0.006209012020329123,0.6998518705368042,-0.07782332599163055,0.04138920083642006,0.6998518705368042,-0.07782332599163055,0.04138920083642006,1.3199111223220825,-0.027238164097070694,0.010347300209105015,0.1434566128940007,0.19999999999998863,19.48778179175948,none,0.15345933949792112,0.0,-0.009999999999999431,-2.7266039210074865e-06
R04_head_on_lateral_offset,164,33.80000000000022,64.93958242517579,42.76086013841163,15.86908163420006,-0.43624792747965185,0.21824274523169734,1.336272427963554,-0.02488617405859505,0.007848161943535922,0.7007419466972351,-0.0592084564268589,0.04475293308496475,0.7007419466972351,-0.0592084564268589,0.04475293308496475,1.320445168018341,-0.020722959749400614,0.011188233271241188,0.13889019141743375,0.19999999999998863,19.82404616722289,none,0.14889736382341567,0.0,-0.009999999999999431,-7.172405982494578e-06
R04_head_on_lateral_offset,165,34.000000000000206,65.1754803614803,42.65021076923894,15.811069311033648,-0.44076910741758246,0.21995021331205522,1.3332637141912185,-0.020645263362383235,0.00912991309375431,0.7044373750686646,-0.03429606556892395,0.04696687310934067,0.7044373750686646,-0.03429606556892395,0.04696687310934067,1.3226624250411987,-0.012003622949123383,0.011741718277335167,0.1344644192805056,0.19999999999998863,20.159547995297526,none,0.14447720297929578,0.0,-0.009999999999999431,-1.2783698790768405e-05
R04_head_on_lateral_offset,166,34.200000000000195,65.41038594742187,42.538859435409506,15.752695491189936,-0.44434451031059724,0.2218421040137932,1.3311793855999374,-0.015496805563498901,0.00974280051185161,0.7063919901847839,-0.01430248562246561,0.043966688215732574,0.7063919901847839,-0.01430248562246561,0.043966688215732574,1.3238351941108704,-0.005005869967862963,0.010991672053933144,0.13023685653688336,0.19999999999998863,20.494540284532285,none,0.14024510783425725,0.0,-0.009999999999999431,-8.251297374468353e-06
R04_head_on_lateral_offset,167,34.40000000000018,65.64449543133821,42.427003077872875,15.693904260942498,-0.4469283818665613,0.22382890371193515,1.3292777559931044,-0.01070320439707434,0.010098395244081041,0.7042955160140991,-0.0026724424678832293,0.04329194128513336,0.7042955160140991,-0.0026724424678832293,0.04329194128513336,1.3225773096084594,-0.0009353548637591302,0.01082298532128334,0.1261703379177167,0.19999999999998863,20.8292221036781,none,0.13617314008553905,0.0,-0.009999999999999431,-2.802167822923003e-06
R04_head_on_lateral_offset,168,34.60000000000017,65.87787413186116,42.31488134381297,15.634687000287736,-0.44866761336426286,0.22587161128030514,1.3268418377479119,-0.006970448892618318,0.010312540296588188,0.6970980167388916,0.001816375064663589,0.042995601892471313,0.6970980167388916,0.001816375064663589,0.042995601892471313,1.318258810043335,0.0006357312726322561,0.010748900473117828,0.12218251184705073,0.19999999999998863,21.163666235736635,none,0.132183952672964,0.0,-0.009999999999999431,-1.4408259138551157e-06
R04_head_on_lateral_offset,169,34.80000000000016,66.11048658411498,42.20272174134081,15.575061967984832,-0.44981760796377285,0.22796586256592946,1.323657148737854,-0.004700577622580282,0.010607724485407474,0.6873930096626282,-0.0002151280641555786,0.0448368676006794,0.6873930096626282,-0.0002151280641555786,0.0448368676006794,1.312435805797577,-7.529482245445251e-05,0.01120921690016985,0.11820041063492591,0.19999999999998863,21.49780686547962,none,0.12820244472345976,0.0,-0.009999999999999431,-2.034088534418966e-06
R04_head_on_lateral_offset,170,35.00000000000015,66.34222555331765,42.090703680565085,15.515056867461182,-0.4506846852441633,0.2301176470518375,1.3194851992753716,-0.004021385953884813,0.010888926163262976,0.674642026424408,-0.007535449229180813,0.045847706496715546,0.674642026424408,-0.007535449229180813,0.045847706496715546,1.3047852158546447,-0.0026374072302132842,0.011461926624178886,0.11415542606701672,0.19999999999998863,21.831494498383535,none,0.12415976999643163,0.0,-0.009999999999999431,-4.343929415484577e-06
R04_head_on_lateral_offset,171,35.20000000000014,66.57292071583518,41.97895012440005,15.454708213282151,-0.45155148881789686,0.23232607565348676,1.3142222696584627,-0.004602826525002094,0.011173882642878157,0.65946364402771,-0.016536055132746696,0.0470181368291378,0.65946364402771,-0.016536055132746696,0.0470181368291378,1.295678186416626,-0.005787619296461343,0.01175453420728445,0.10998472638664472,0.19999999999998863,22.164540215566237,none,0.11999098166876365,0.0,-0.009999999999999431,-6.2552821194950155e-06
R04_head_on_lateral_offset,172,35.40000000000013,66.80240044927352,41.86753581387321,15.394047059248567,-0.45239734243569285,0.23461749245514313,1.3081595914593276,-0.0039080733020723105,0.011700587550007191,0.644662618637085,-0.007121100090444088,0.0510953851044178,0.644662618637085,-0.007121100090444088,0.0510953851044178,1.286797571182251,-0.0024923850316554306,0.01277384627610445,0.10567559251997038,0.19999999999998863,22.496726229852417,none,0.11568207923366103,0.0,-0.009999999999999431,-6.48671369121558e-06
R04_head_on_lateral_offset,173,35.600000000000115,67.03057888941943,41.756548399527794,15.33308536964728,-0.4529500509906663,0.23695084826249543,1.3017395151059075,-0.0017794471064374279,0.011637709640489383,0.6318636536598206,0.007308636326342821,0.04603833705186844,0.6318636536598206,0.007308636326342821,0.04603833705186844,1.2791181921958923,0.002558022714219987,0.01150958426296711,0.10130686157104234,0.19999999999998863,22.827857513510327,none,0.11131481366169282,0.0,-0.009999999999999431,-7.952090651059609e-06
R04_head_on_lateral_offset,174,35.800000000000104,67.25743477580795,41.64611395100039,15.271848995101166,-0.4530213300446144,0.23923897179620687,1.2949115419553343,0.0008671799125344244,0.011271153114095465,0.6180883049964905,0.0178862065076828,0.042096905410289764,0.6180883049964905,0.0178862065076828,0.042096905410289764,1.2708529829978943,0.00626017227768898,0.010524226352572441,0.09696778329251839,0.19999999999998863,23.15781145574348,none,0.10697412689462027,0.0,-0.009999999999999431,-6.3436021024544e-06
R04_head_on_lateral_offset,175,36.00000000000009,67.48292600297202,41.53639390346378,15.21038936071072,-0.452605119457473,0.24143968765522528,1.2873448920108033,0.003124770998033058,0.01077351270446166,0.6011393070220947,0.022071516141295433,0.03903791308403015,0.6011393070220947,0.022071516141295433,0.03903791308403015,1.2606835842132569,0.007725030649453401,0.009759478271007538,0.09267292181721794,0.19999999999998863,23.48650200497519,none,0.10267920467287972,0.0,-0.009999999999999431,-6.282855662347944e-06
R04_head_on_lateral_offset,176,36.20000000000008,67.70696696520818,41.42754991949451,15.148774326355138,-0.4518193622009519,0.243549230829059,1.2789385264548037,0.004620098519449996,0.010353570162894095,0.5821974277496338,0.021906014531850815,0.03799143806099892,0.5821974277496338,0.021906014531850815,0.03799143806099892,1.2493184566497801,0.007667105086147785,0.00949785951524973,0.08840608651201383,0.19999999999998863,23.813805063308347,none,0.09841328485783585,0.0,-0.009999999999999431,-7.198345822580846e-06
R04_head_on_lateral_offset,177,36.40000000000007,67.92944126415048,41.319715612634205,15.087073151144237,-0.45082944253033436,0.2455882064443038,1.2696379112393636,0.005232910463445905,0.01005843069330686,0.561444878578186,0.01851893775165081,0.03782811760902405,0.561444878578186,0.01851893775165081,0.03782811760902405,1.2368669271469115,0.006481628213077783,0.009457029402256012,0.08414284641704135,0.19999999999998863,24.139556577503697,none,0.09415168976223676,0.0,-0.009999999999999431,-8.843345195967203e-06
R04_head_on_lateral_offset,178,36.60000000000006,68.15019233578246,41.213024596132236,15.025362873796354,-0.44947163507342514,0.24753160526407644,1.2591399878798877,0.008127033631320994,0.00942341846619233,0.5369170904159546,0.04006955772638321,0.03251785412430763,0.5369170904159546,0.04006955772638321,0.03251785412430763,1.2221502542495728,0.014024345204234121,0.008129463531076908,0.07985887512746234,0.19999999999998863,24.4635790227881,none,0.08988075993769584,0.0,-0.009999999999999431,-2.188481023407497e-05
R04_head_on_lateral_offset,179,36.80000000000005,68.36908938904662,41.10768631579287,14.963740911486905,-0.44739337664859885,0.24927726070932688,1.2475836730895047,0.012338157604794214,0.008130577587044972,0.5114411115646362,0.05976886302232742,0.021984700113534927,0.5114411115646362,0.05976886302232742,0.021984700113534927,1.2068646669387817,0.020919102057814595,0.005496175028383732,0.07566345339771521,0.19999999999998863,24.785658981759944,none,0.08568641410693445,0.0,-0.009999999999999431,-2.2960709219805863e-05
R04_head_on_lateral_offset,180,37.000000000000036,68.58598266920244,41.003976850642026,14.902343522338361,-0.44449635281236843,0.250747896779534,1.2343306901093476,0.016331129870563933,0.006684754971003429,0.4793890416622162,0.0699072852730751,0.01495449524372816,0.4793890416622162,0.0699072852730751,0.01495449524372816,1.1876334249973297,0.024467549845576284,0.00373862381093204,0.07160172031207432,0.19999999999998863,25.105568018579802,none,0.08162531124349925,0.0,-0.009999999999999431,-2.3590931425510626e-05
R04_head_on_lateral_offset,181,37.200000000000024,68.80059150580459,40.90221689221565,14.841350844117796,-0.44092151672346397,0.2519347642745452,1.2185967275359855,0.019200933510435385,0.005289109943135693,0.43859609961509705,0.07156768441200256,0.009780899621546268,0.43859609961509705,0.07156768441200256,0.009780899621546268,1.1631576597690583,0.025048689544200895,0.002445224905386567,0.06763221267089066,0.19999999999998863,25.423024826651975,none,0.07766608441364653,0.0,-0.009999999999999431,-3.387174275644063e-05
R04_head_on_lateral_offset,182,37.40000000000001,69.01252445459026,40.80271993401498,14.780970412285368,-0.436845552111492,0.2527894633980164,1.20014442678164,0.021393461465799454,0.0034002452889128755,0.3918786942958832,0.07388897985219955,-0.001794664072804153,0.3918786942958832,0.07388897985219955,-0.001794664072804153,1.13512721657753,0.02586114294826984,-0.00044866601820103824,0.06371832727343771,0.19999999999998863,25.73760659972326,none,0.07376476523437958,0.0,-0.009999999999999431,-4.6437960942447105e-05
R04_head_on_lateral_offset,183,37.6,69.22139389061704,40.705734771061046,14.721410530636007,-0.432560111433929,0.2533385851372317,1.179483332148787,0.021456215527300298,0.0021827359547267177,0.3444722890853882,0.06166882440447807,-0.0011926585575565696,0.3444722890853882,0.06166882440447807,-0.0011926585575565696,1.106683373451233,0.021584088541567324,-0.0002981646393891424,0.05987205124909349,0.19999999999998863,26.048792666312078,none,0.0699199924863887,0.0,-0.009999999999999431,-4.7941237295770247e-05
R04_head_on_lateral_offset,184,37.79999999999999,69.42690577051333,40.611350047250205,14.662809333111156,-0.4286166104888071,0.25375270934830346,1.1577289718857637,0.01822251815432564,0.001974221890625633,0.30179476737976074,0.03323788940906525,0.006197343580424786,0.30179476737976074,0.03323788940906525,0.006197343580424786,1.0810768604278564,0.011633261293172836,0.0015493358951061964,0.05605138625142167,0.19999999999998863,26.356094957993655,none,0.06610507227252604,0.0,-0.009999999999999431,-5.36860211049412e-05
R04_head_on_lateral_offset,185,37.99999999999998,69.62886757568114,40.51946652958628,14.605218041818153,-0.42548852357604944,0.2541652314558791,1.1356441666853656,0.013420295199592518,0.002138609283942578,0.2630462050437927,0.01038536336272955,0.009894316084682941,0.2630462050437927,0.01038536336272955,0.009894316084682941,1.0578277230262756,0.003634877176955342,0.0024735790211707354,0.05221999240257178,0.19999999999998863,26.65919196929946,none,0.06226073953528122,0.0,-0.009999999999999431,-4.074713271000183e-05
R04_head_on_lateral_offset,186,38.19999999999997,69.82730436142096,40.429822757766345,14.548596943208866,-0.4232923673948003,0.2546567800432963,1.1151880238418608,0.008883226151617643,0.002732141948945767,0.23851703107357025,-0.0010339763248339295,0.01576629839837551,0.23851703107357025,-0.0010339763248339295,0.01576629839837551,1.043110218644142,-0.00036189171369187533,0.003941574599593878,0.04838993895413311,0.19999999999998863,26.957950352741356,none,0.05840527019154962,0.0,-0.009999999999999431,-1.533123741707441e-05
R04_head_on_lateral_offset,187,38.399999999999956,70.02258818174899,40.34201831419411,14.492790540672866,-0.4219349968798735,0.25531242004276894,1.098292150909453,0.004984338698871385,0.0037477142194710686,0.2312650978565216,-0.008458188734948635,0.023268522694706917,0.2312650978565216,-0.008458188734948635,0.023268522694706917,1.0387590587139128,-0.002960366057232022,0.005817130673676729,0.04462543161386852,0.19999999999998863,27.252515334947525,none,0.0546287114705617,0.0,-0.009999999999999431,-3.279856693749999e-06
R04_head_on_lateral_offset,188,38.599999999999945,70.21518349650063,40.25566248993437,14.437605522497893,-0.421148325711784,0.2561961724759796,1.0840226350308146,0.0030296947724508874,0.004995745795448707,0.2229059785604477,-0.002723582787439227,0.03015536442399025,0.2229059785604477,-0.002723582787439227,0.03015536442399025,1.0337435871362686,-0.0009532539756037295,0.007538841105997562,0.04095067900870667,0.19999999999998863,27.543418613786162,none,0.05095368279210177,0.0,-0.009999999999999431,-3.003783395668075e-06
R04_head_on_lateral_offset,189,38.79999999999993,70.40532612175731,40.17055468406045,14.38292046299369,-0.42057383128839576,0.25724899413574076,1.0704058982118374,0.002737288187296352,0.005494853019759188,0.2040448933839798,0.006118444725871086,0.02604750543832779,0.2040448933839798,0.006118444725871086,0.02604750543832779,1.022426936030388,0.00214145565405488,0.006511876359581947,0.03734231666388323,0.19999999999998863,27.831275008694423,none,0.04735133259368318,0.0,-0.009999999999999431,-9.015929800524027e-06
R04_head_on_lateral_offset,190,38.99999999999992,70.59294796874991,40.08671207310132,14.328730043232982,-0.4198639078482423,0.2584403514713346,1.055572102269968,0.004248077787440071,0.006353968667737738,0.17217466235160828,0.0209331177175045,0.032418303191661835,0.17217466235160828,0.0209331177175045,0.032418303191661835,1.003304797410965,0.007326591201126575,0.008104575797915459,0.033776698003780664,0.19999999999998863,28.116400936648777,none,0.04380221346829849,0.0,-0.009999999999999431,-2.551546451839311e-05
R04_head_on_lateral_offset,191,39.19999999999991,70.77771642208086,40.004354490068124,14.275096214676516,-0.41858274852077054,0.26000016123485137,1.0380668367210424,0.008261056696764663,0.00904156448859026,0.1273108869791031,0.04696641117334366,0.058072153478860855,0.1273108869791031,0.04696641117334366,0.058072153478860855,0.9763865321874619,0.01643824391067028,0.014518038369715214,0.0302427618428795,0.19999999999998863,28.398728229947633,none,0.04030973405774674,0.0,-0.009999999999999431,-6.697221486780925e-05
R04_head_on_lateral_offset,192,39.3999999999999,70.95930423445283,39.92378052375539,14.222048034160757,-0.41649532716104876,0.2619267446573514,1.0190487377994468,0.012308128522022704,0.010141376731419747,0.08672986924648285,0.05872796103358269,0.0495297908782959,0.08672986924648285,0.05872796103358269,0.0495297908782959,0.9520379215478896,0.020554786361753938,0.012382447719573975,0.026904683292734603,0.19999999999998863,28.67785513223348,none,0.036941845793016626,0.0,-0.009999999999999431,-3.716250028259316e-05
R04_head_on_lateral_offset,193,39.59999999999989,71.13741266222394,39.84527445551068,14.169646318234548,-0.41368955759804305,0.2641005121354442,0.9976893244021009,0.015508364841949394,0.011494326065953193,0.0373813658952713,0.06294125318527222,0.05700484290719032,0.0373813658952713,0.06294125318527222,0.05700484290719032,0.9224288195371628,0.022029438614845274,0.01425121072679758,0.023692493026712547,0.19999999999998863,28.953357297234326,none,0.033742671087043874,0.0,-0.009999999999999431,-5.0178060331894096e-05
R04_head_on_lateral_offset,194,39.799999999999876,71.31173230748551,39.769077653588674,14.117961394573442,-0.4103967211631871,0.26648165565640236,0.974800228848375,0.017286017568093098,0.012259442229670084,-0.009750258177518845,0.05973803997039795,0.055274032056331635,-0.009750258177518845,0.05973803997039795,0.055274032056331635,0.8941498450934886,0.02090831398963928,0.013818508014082909,0.02065704479752751,0.19999999999998863,29.22483642071319,none,0.030701737722903744,0.0,-0.009999999999999431,-4.469292537680414e-05
R04_head_on_lateral_offset,195,39.999999999999865,71.4820643930076,39.69530989273418,14.067037212795453,-0.4070053828248129,0.269106320249313,0.951101331878873,0.016673529154403444,0.013866108996931767,-0.054004017263650894,0.044072773307561874,0.06855995953083038,-0.054004017263650894,0.044072773307561874,0.06855995953083038,0.8675975896418093,0.015425470657646654,0.017139989882707596,0.01775965227024907,0.19999999999998863,29.491902158576092,none,0.027807258503083077,0.0,-0.009999999999999431,-4.760623283457638e-05
R04_head_on_lateral_offset,196,40.199999999999854,71.64849540394671,39.623882600314445,14.01681741714191,-0.40383669514687576,0.2718910412907087,0.9293684695256861,0.015129705809780602,0.013973041871106002,-0.07867982238531113,0.03423965722322464,0.056763749569654465,-0.07867982238531113,0.03423965722322464,0.056763749569654465,0.8527921065688133,0.011983880028128623,0.014190937392413616,0.015027101783247917,0.19999999999998863,29.75431946830351,none,0.025043996505242916,0.0,-0.009999999999999431,-1.689472199556702e-05
R04_head_on_lateral_offset,197,40.39999999999984,71.81135731005239,39.55456889140571,13.96720449450895,-0.4009597878258148,0.27470016714374035,0.9097566260616251,0.013743821684259364,0.014108041702723161,-0.09891044348478317,0.03119950369000435,0.05753251537680626,-0.09891044348478317,0.03119950369000435,0.05753251537680626,0.84065373390913,0.010919826291501521,0.014383128844201565,0.01241694659839357,0.19999999999998863,30.012213695414108,none,0.022425328829681845,0.0,-0.009999999999999431,-8.382231288844023e-06
R04_head_on_lateral_offset,198,40.59999999999983,71.97088334887039,39.48718838738832,13.918138253823589,-0.39839302413790056,0.2775044746055858,0.8910200799797839,0.012051375131971636,0.013947158691168382,-0.12499779462814331,0.02457914873957634,0.05447731912136078,-0.12499779462814331,0.02457914873957634,0.05447731912136078,0.8250013232231139,0.008602702058851719,0.013619329780340195,0.009909288542805763,0.19999999999998863,30.26599388084756,none,0.019923962807075313,0.0,-0.009999999999999431,-1.4674264270118366e-05
R04_head_on_lateral_offset,199,40.79999999999982,72.12712331077473,39.42163779355381,13.86961855799685,-0.39614996899812976,0.2803106156122907,0.8723021468830823,0.010496376717175631,0.014102540246016872,-0.1560850441455841,0.02093651331961155,0.057676635682582855,-0.1560850441455841,0.02093651331961155,0.057676635682582855,0.8063489735126494,0.007327779661864041,0.014419158920645714,0.007486465875594879,0.19999999999998863,30.515954548722572,none,0.017506264305630737,0.0,-0.009999999999999431,-1.9798430036426298e-05
R04_head_on_lateral_offset,200,40.99999999999981,72.28006699140454,39.357846337566976,13.82165774297594,-0.3942016627516281,0.283148099632835,0.8537210882517005,0.009092496406317398,0.01426040190384847,-0.18624967336654663,0.017805229872465134,0.0583282969892025,-0.18624967336654663,0.017805229872465134,0.0583282969892025,0.7882501959800721,0.006231830455362797,0.014582074247300625,0.005145676058303113,0.19999999999998863,30.762183380961048,none,0.015164078747393006,0.0,-0.009999999999999431,-1.840268909046129e-05
R04_head_on_lateral_offset,201,41.1999999999998,72.42977632070226,39.295724455986324,13.774244465902727,-0.39248208388147937,0.2860295334910971,0.8359054385962362,0.00817262326454936,0.014533363522775301,-0.21144752204418182,0.017994889989495277,0.06035829335451126,-0.21144752204418182,0.017994889989495277,0.06035829335451126,0.7731314867734909,0.006298211496323347,0.015089573338627815,0.0028960941349237836,0.19999999999998863,31.004698456730566,none,0.012908875903606898,0.0,-0.009999999999999431,-1.2781768683683207e-05
R04_head_on_lateral_offset,202,41.399999999999785,72.57658973101415,39.23508720342521,13.727274811869728,-0.390893596834286,0.28902055105839713,0.8212049456919822,0.007744513873042993,0.01531769683690957,-0.21765443682670593,0.019634747877717018,0.06766368448734283,-0.21765443682670593,0.019634747877717018,0.06766368448734283,0.7694073379039764,0.0068721617572009555,0.01691592112183571,0.0007637566786130182,0.19999999999998863,31.24359395755215,none,0.010765648351904744,0.0,-0.009999999999999431,-1.891673292294671e-06
R04_head_on_lateral_offset,203,41.599999999999774,72.72101622801048,39.17570092045879,13.680573676327787,-0.389319567782632,0.29222633634530754,0.8092873296470872,0.007978166232007181,0.016640459241814197,-0.22117455303668976,0.02415507473051548,0.07734332978725433,-0.22117455303668976,0.02415507473051548,0.07734332978725433,0.7672952681779861,0.008454276155680417,0.019335832446813583,-0.0012691491748504232,0.19999999999998863,31.4792669235349,none,0.008733381227271408,0.0,-0.009999999999999431,-2.5304021224004105e-06
R04_head_on_lateral_offset,204,41.79999999999976,72.86342194262087,39.11741849470099,13.633997761517248,-0.38756594273053574,0.29567893886208524,0.7988592690917581,0.009447351580514232,0.017798299352339945,-0.22980716824531555,0.035545967519283295,0.08063045144081116,-0.22980716824531555,0.035545967519283295,0.08063045144081116,0.7621156990528106,0.012441088631749152,0.02015761286020279,-0.003210607193372905,0.19999999999998863,31.712299799659625,none,0.00679369439967914,0.0,-0.009999999999999431,-4.301593052613642e-06
R04_head_on_lateral_offset,205,41.99999999999975,73.0040126334202,39.06019583083037,13.58746108211543,-0.38541959664011577,0.2993394400593378,0.7892296299914433,0.01183607118754194,0.01873603532658442,-0.2411677986383438,0.047724369913339615,0.08258738368749619,-0.2411677986383438,0.047724369913339615,0.08258738368749619,0.7552993208169937,0.016703529469668865,0.020646845921874046,-0.005052185763118627,0.19999999999998863,31.943106006903804,none,0.004953438376713137,0.0,-0.009999999999999431,-5.624139832333397e-06
R04_head_on_lateral_offset,206,42.19999999999974,73.14290509989351,39.00405480336459,13.540915897238355,-0.38270552445944517,0.30318051666180945,0.7799464451942737,0.015061546115598892,0.0196089397664851,-0.2546052038669586,0.06181156635284424,0.08555057644844055,-0.2546052038669586,0.06181156635284424,0.08555057644844055,0.7472368776798248,0.021634048223495482,0.021387644112110138,-0.006780019702068258,0.19999999999998863,32.17190276075347,none,0.003227736167414008,0.0,-0.009999999999999431,-7.755869482834187e-06
R04_head_on_lateral_offset,207,42.39999999999973,73.28018268887391,38.94905378726826,13.494332572419351,-0.3792883502403271,0.307158665086591,0.7709695855698252,0.018826435804832772,0.020133042763952676,-0.2677677273750305,0.07570884376764297,0.0848039984703064,-0.2677677273750305,0.07570884376764297,0.0848039984703064,0.7393393635749816,0.02649809531867504,0.0212009996175766,-0.008375155184747466,0.19999999999998863,32.39879375668322,none,0.0016321836897184028,0.0,-0.009999999999999431,-7.338874466437107e-06
R04_head_on_lateral_offset,208,42.59999999999972,73.41601877299145,38.895233339615096,13.447664389495271,-0.37500162840009915,0.3111665900225411,0.7632160584091514,0.023675321401177077,0.0199593014993447,-0.27350619435310364,0.09587378054857254,0.07842108607292175,-0.27350619435310364,0.09587378054857254,0.07842108607292175,0.7358962833881377,0.033555823192000386,0.019605271518230438,-0.009826141668581822,0.19999999999998863,32.62383474393189,none,0.00018346425640380915,0.0,-0.009999999999999431,-9.605924986200165e-06
R04_head_on_lateral_offset,209,42.799999999999706,73.55094526227926,38.84251715116685,13.40076398904712,-0.36974182675962775,0.3150158731712348,0.7595802011742665,0.028554919036524573,0.018633458930375657,-0.25538474321365356,0.10999429225921631,0.0637272372841835,-0.25538474321365356,0.10999429225921631,0.0637272372841835,0.7467691540718078,0.038498002290725704,0.015931809321045876,-0.01111630470008777,0.19999999999998863,32.847172748599604,none,-0.0011014309993964133,0.0,-0.009999999999999431,-1.4873700691924175e-05
R04_head_on_lateral_offset,210,42.999999999999694,73.68560687876648,38.79079227441003,13.3534663778449,-0.36355660722486693,0.3185973461271076,0.758570199656885,0.032964895740394726,0.017283051061294675,-0.2416476160287857,0.11986011266708374,0.05812538042664528,-0.2416476160287857,0.11986011266708374,0.05812538042664528,0.7550114303827286,0.041951039433479304,0.01453134510666132,-0.012239164568589924,0.19999999999998863,33.06934223405724,none,-0.0022328160910731754,0.0,-0.009999999999999431,-6.348477517317542e-06
R04_head_on_lateral_offset,211,43.19999999999968,73.82035685561296,38.74005276623984,13.305706399580583,-0.35654550269866236,0.32190591666571927,0.7584448911447527,0.036853095363656156,0.015906411820013698,-0.23666106164455414,0.12793149054050446,0.052405018359422684,-0.23666106164455414,0.12793149054050446,0.052405018359422684,0.7580033630132674,0.044776021689176555,0.013101254589855671,-0.013236038876345608,0.19999999999998863,33.29099746902905,none,-0.0032335841681945254,0.0,-0.009999999999999431,-2.4547081516512747e-06
R04_head_on_lateral_offset,212,43.39999999999967,73.9552874158729,38.690378893061734,13.257505625136316,-0.348821670608552,0.32496555297895835,0.7580554735738478,0.04013766691312985,0.014775210143447638,-0.238861083984375,0.1338016837835312,0.04988070949912071,-0.238861083984375,0.1338016837835312,0.04988070949912071,0.756683349609375,0.046830589324235915,0.012470177374780178,-0.014120108401840425,0.19999999999998863,33.512470630534494,none,-0.004119194973796425,0.0,-0.009999999999999431,-9.134280445677323e-07
R04_head_on_lateral_offset,213,43.59999999999966,74.0904085994734,38.641862791573836,13.2089048683243,-0.34052001149779676,0.32782784100664547,0.7576705833802474,0.042686795974887365,0.01391267921224655,-0.23947598040103912,0.13680319488048553,0.048620451241731644,-0.23947598040103912,0.13680319488048553,0.048620451241731644,0.7563144117593765,0.04788111820816993,0.012155112810432911,-0.014907329609308647,0.19999999999998863,33.733809835280134,none,-0.004907110100962342,0.0,-0.009999999999999431,-2.1950834687367583e-07
R04_head_on_lateral_offset,214,43.79999999999965,74.22578067334155,38.59455669389341,13.159915374264523,-0.33178242418623766,0.3305426481417427,0.7577015683201209,0.044548742003968016,0.013282861582925009,-0.2369820922613144,0.1381222903728485,0.04799796640872955,-0.2369820922613144,0.1381222903728485,0.04799796640872955,0.7578107446432114,0.04834280163049698,0.011999491602182388,-0.015621726044058341,0.19999999999998863,33.9549818528969,none,-0.005621559104492135,0.0,-0.009999999999999431,-1.669395667749929e-07
R04_head_on_lateral_offset,215,43.99999999999964,74.36143504485827,38.54850345710335,13.110545591577116,-0.3227265231297665,0.33320598413118824,0.7575774768703541,0.0459078336316796,0.01334575781368216,-0.238099604845047,0.1390778124332428,0.05389568209648132,-0.238099604845047,0.1390778124332428,0.05389568209648132,0.7571402370929718,0.04867723435163498,0.01347392052412033,-0.01628498381166673,0.19999999999998863,34.17602067629801,none,-0.006284244913524972,0.0,-0.009999999999999431,-7.38898142325084e-07
R04_head_on_lateral_offset,216,44.199999999999626,74.4973444931919,38.50374786317151,13.06080209381116,-0.31349436473312503,0.33596656462750407,0.7573272625939023,0.04637829183324665,0.014195966778974379,-0.23925729095935822,0.13524839282035828,0.06371369957923889,-0.23925729095935822,0.13524839282035828,0.06371369957923889,0.756445625424385,0.04733693748712539,0.015928424894809723,-0.01691989009460802,0.19999999999998863,34.396939232638665,none,-0.006917642131428536,0.0,-0.009999999999999431,-2.247963180050938e-06
R04_head_on_lateral_offset,217,44.399999999999615,74.63350494333237,38.46030434419608,13.01065977085928,-0.30419973109042764,0.3389002412019286,0.7573156004332685,0.04655474527291136,0.015074577918836839,-0.2378758192062378,0.13404086232185364,0.06745964288711548,-0.2378758192062378,0.13404086232185364,0.06745964288711548,0.7572745084762573,0.04691430181264877,0.01686491072177887,-0.01755160948792819,0.19999999999998863,34.617697900053116,none,-0.0075512615142212525,0.0,-0.009999999999999431,-3.479737075062772e-07
R04_head_on_lateral_offset,218,44.5999999999996,74.76995858102646,38.41816449383662,12.96007131151063,-0.2948447884284791,0.34200626846961985,0.7577454013089,0.046963847270867866,0.015921836740330767,-0.23456697165966034,0.1365641951560974,0.07059313356876373,-0.23456697165966034,0.1365641951560974,0.07059313356876373,0.7592598170042038,0.04779746830463409,0.017648283392190933,-0.018198292798824223,0.19999999999998863,34.83829630026767,none,-0.008197750109934177,0.0,-0.009999999999999431,-5.426888906168159e-07
R04_head_on_lateral_offset,219,44.79999999999959,74.90677484523103,38.37731835804785,12.908980760386772,-0.28537578206561004,0.34526211675772583,0.7587023403997991,0.0476727837171496,0.01658654684565643,-0.22987642884254456,0.140335351228714,0.07176406681537628,-0.22987642884254456,0.140335351228714,0.07176406681537628,0.7620741426944733,0.04911737293004989,0.01794101670384407,-0.018856397740294163,0.19999999999998863,35.05878906698581,none,-0.008855645862400507,0.0,-0.009999999999999431,-7.518778942250393e-07
R04_head_on_lateral_offset,220,44.99999999999958,75.04405002148799,38.3377568603383,12.857325640991485,-0.27578071527393955,0.3486567520377431,0.7603641248387485,0.0482354741422734,0.01730561005804275,-0.22296755015850067,0.14109160006046295,0.07508333772420883,-0.22296755015850067,0.14109160006046295,0.07508333772420883,0.7662194699048996,0.04938206002116203,0.018770834431052208,-0.01952330060851886,0.19999999999998863,35.27925769106065,none,-0.009522114166992779,0.0,-0.009999999999999431,-1.1864415266515937e-06
R04_head_on_lateral_offset,221,45.19999999999957,75.18187280421473,38.29947144251209,12.805045600381451,-0.26613257674217644,0.3521687939039648,0.7625016844612951,0.04824517966846897,0.01777912008608974,-0.21661093831062317,0.13789987564086914,0.07497593760490417,-0.21661093831062317,0.13789987564086914,0.07497593760490417,0.7700334370136261,0.0482649564743042,0.018743984401226044,-0.02020415880831483,0.19999999999998863,35.499808855788935,none,-0.010203146705240584,0.0,-0.009999999999999431,-1.012103074816695e-06
R04_head_on_lateral_offset,222,45.39999999999956,75.32019061024234,38.262469400197936,12.752138567333597,-0.2567490284448971,0.3557263511783189,0.7638766876358287,0.045776377290304794,0.017795237858643922,-0.21879741549491882,0.11641638725996017,0.0713123232126236,-0.21879741549491882,0.11641638725996017,0.0713123232126236,0.7687215507030487,0.04074573554098606,0.0178280808031559,-0.020916597807253284,0.19999999999998863,35.72054209377111,none,-0.010907002946735744,0.0,-0.009999999999999431,-9.594860518108428e-06
R04_head_on_lateral_offset,223,45.59999999999955,75.45879604286195,38.22673806392042,12.698667128578858,-0.2479829824208023,0.35930990570379145,0.7641027063874951,0.042156884626899774,0.018023131053601732,-0.22516818344593048,0.09937570989131927,0.07395002245903015,-0.22516818344593048,0.09937570989131927,0.07395002245903015,0.7648990899324417,0.03478149846196174,0.018487505614757538,-0.021670669984984656,0.19999999999998863,35.941412775940584,none,-0.011663911408449579,0.0,-0.009999999999999431,-6.7585765356448225e-06
R04_head_on_lateral_offset,224,45.799999999999535,75.59751863288105,38.1922205382566,12.644674806467552,-0.23986992637423699,0.3629685462977712,0.7639964266982693,0.03919677939092589,0.018525417486396568,-0.22729675471782684,0.09475719183683395,0.07819567620754242,-0.22729675471782684,0.09475719183683395,0.07819567620754242,0.7636219471693039,0.033165017142891884,0.019548919051885605,-0.02250048437232208,0.19999999999998863,36.16223246715547,none,-0.01249960663031402,0.0,-0.009999999999999431,-8.777420086281129e-07
R04_head_on_lateral_offset,225,45.999999999999524,75.73629500238445,38.158845112904245,12.590158955954944,-0.2322292757662729,0.36673850889205345,0.7639112582291906,0.03734899449856411,0.019128736236516595,-0.22731472551822662,0.09595368802547455,0.08143243938684464,-0.22731472551822662,0.09595368802547455,0.08143243938684464,0.763611164689064,0.03358379080891609,0.02035810984671116,-0.023411888805748033,0.19999999999998863,36.382866462836745,none,-0.013411650634509442,0.0,-0.009999999999999431,-2.381712391597013e-07
R04_head_on_lateral_offset,226,46.19999999999951,75.87499862431187,38.126587329131574,12.535137235566292,-0.22478481586525936,0.37072879854935725,0.7627965571784069,0.03711336401462173,0.02065883646492734,-0.23521853983402252,0.10466635227203369,0.09510679543018341,-0.23521853983402252,0.10466635227203369,0.09510679543018341,0.7588688760995865,0.03663322329521179,0.023776698857545853,-0.02437380722356577,0.19999999999998863,36.60329049200866,none,-0.014367299847322101,0.0,-0.009999999999999431,-6.507376244236918e-06
R04_head_on_lateral_offset,227,46.3999999999995,76.01347673266932,38.09546822291448,12.479622465733959,-0.21728335182206354,0.3750089356577491,0.7613012621642246,0.03784605350625973,0.022038545735272756,-0.23994575440883636,0.11239726841449738,0.09939983487129211,-0.23994575440883636,0.11239726841449738,0.09939983487129211,0.7560325473546982,0.03933904394507408,0.02484995871782303,-0.0253363056224624,0.19999999999998863,36.82340056959096,none,-0.01533429474626935,0.0,-0.009999999999999431,-2.0108761936210586e-06
R04_head_on_lateral_offset,228,46.59999999999949,76.15166210399612,38.06551623218769,12.42359684088659,-0.20955792926369196,0.3795566072227107,0.75967374196349,0.039298686892743774,0.023340073576075655,-0.24343478679656982,0.12073913216590881,0.10396870970726013,-0.24343478679656982,0.12073913216590881,0.10396870970726013,0.7539391279220581,0.04225869625806808,0.025992177426815033,-0.026295960172120915,0.19999999999998863,37.0430519643421,none,-0.016293907479019154,0.0,-0.009999999999999431,-2.0526931023301387e-06
R04_head_on_lateral_offset,229,46.79999999999948,76.28952904177461,38.03676928626967,12.367031361005846,-0.20150196217800503,0.3843444376474056,0.7580795968313596,0.041123451217711604,0.024454254682586017,-0.24589569866657257,0.12811927497386932,0.10689841955900192,-0.24589569866657257,0.12811927497386932,0.10689841955900192,0.7524625808000565,0.04484174624085426,0.02672460488975048,-0.027232790929723815,0.19999999999998863,37.2621799721191,none,-0.01723140881382612,0.0,-0.009999999999999431,-1.3821158982640913e-06
R04_head_on_lateral_offset,230,46.99999999999947,76.42707129268194,38.00927112426751,12.309895217729482,-0.1930658775299866,0.3893391756008271,0.7565457446698683,0.04308923393945892,0.025420312906077918,-0.24809804558753967,0.13455680012702942,0.10955534130334854,-0.24809804558753967,0.13455680012702942,0.10955534130334854,0.7511411726474762,0.047094880044460295,0.027388835325837135,-0.028138812784026804,0.19999999999998863,37.4807559463276,none,-0.018137745758123103,0.0,-0.009999999999999431,-1.0670259042688811e-06
R04_head_on_lateral_offset,231,47.199999999999456,76.56428652596557,37.983067940199014,12.25216075622509,-0.1842402898820976,0.39451280970638614,0.755080730516085,0.04502104189906718,0.026253249593078894,-0.25013548135757446,0.13987845182418823,0.11180204898118973,-0.25013548135757446,0.13987845182418823,0.11180204898118973,0.7499187111854553,0.04895745813846588,0.027950512245297432,-0.02900938069180013,0.19999999999998863,37.69876714632516,none,-0.019008630315466846,0.0,-0.009999999999999431,-7.503763338512215e-07
R04_head_on_lateral_offset,232,47.399999999999444,76.70113149886345,37.958212138020315,12.193821609150628,-0.17503407546928823,0.3998382769009728,0.7532492105180485,0.04689952099285533,0.026948984699011375,-0.2553403377532959,0.14493505656719208,0.11346669495105743,-0.2553403377532959,0.14493505656719208,0.11346669495105743,0.7467957973480224,0.05072726979851722,0.02836667373776436,-0.029838441478174223,0.19999999999998863,37.916203136679904,none,-0.01983733286161815,0.0,-0.009999999999999431,-1.1086165566409623e-06
R04_head_on_lateral_offset,233,47.59999999999943,76.83753467673088,37.93475707805592,12.134887661323878,-0.1654713857965257,0.4052936155493994,0.751155359359499,0.04859926573227975,0.027558465156579483,-0.2603706419467926,0.1487508863210678,0.11520157754421234,-0.2603706419467926,0.1487508863210678,0.11520157754421234,0.7437776148319244,0.05206281021237373,0.028800394386053085,-0.030620011607599446,0.19999999999998863,38.13301030739684,none,-0.02061915412090798,0.0,-0.009999999999999431,-8.574866920341152e-07
R04_head_on_lateral_offset,234,47.79999999999942,76.9735932546847,37.91272649197649,12.07529738662713,-0.15548244081081683,0.4108800384691091,0.7504912700040864,0.05110158403856431,0.02825338763462109,-0.2530811131000519,0.16057291626930237,0.11867768317461014,-0.2530811131000519,0.16057291626930237,0.11867768317461014,0.7481513321399689,0.05620052069425582,0.029669420793652534,-0.031383676952412995,0.19999999999998863,38.349106172273224,none,-0.0213795773337484,0.0,-0.009999999999999431,-4.099618665162064e-06
R04_head_on_lateral_offset,235,47.99999999999941,77.10956655821704,37.89214940166873,12.014915095698806,-0.14470437581104018,0.41660568203573434,0.751411078512765,0.05628815348330499,0.028950506112885726,-0.2422465831041336,0.19101928174495697,0.12148405611515045,-0.2422465831041336,0.19101928174495697,0.12148405611515045,0.7546520501375198,0.06685674861073493,0.030371014028787613,-0.03214862058819519,0.19999999999998863,38.564586399600124,none,-0.02212757570939594,0.0,-0.009999999999999431,-2.1044878799819645e-05
R04_head_on_lateral_offset,236,48.1999999999994,77.2457597305888,37.87311493807624,11.953586776057868,-0.13279026020243057,0.42237291126028953,0.7541912362031414,0.062392887902339156,0.02873781657346818,-0.22668799757957458,0.2138068974018097,0.11321768909692764,-0.22668799757957458,0.2138068974018097,0.11321768909692764,0.7639872014522553,0.07483241409063339,0.02830442227423191,-0.03284404237604274,0.19999999999998863,38.7797066308266,none,-0.022827448819352725,0.0,-0.009999999999999431,-1.6593556690588374e-05
R04_head_on_lateral_offset,237,48.39999999999939,77.38239484337387,37.855759271146404,11.891212340012963,-0.11968496243280882,0.42806692120092604,0.7576403866553243,0.06822083648150007,0.028239817122283115,-0.2170107215642929,0.2288467437028885,0.10890020430088043,-0.2170107215642929,0.2288467437028885,0.10890020430088043,0.7697935670614242,0.08009636029601097,0.027225051075220108,-0.03344676289866456,0.19999999999998863,38.99474614301106,none,-0.023439993152209126,0.0,-0.009999999999999431,-6.769746456002368e-06
R04_head_on_lateral_offset,238,48.599999999999376,77.51951324524447,37.84024197849004,11.827778094637775,-0.10550749733863614,0.4336741285446471,0.7609689952060731,0.07318003868556118,0.02786082128502456,-0.21217092871665955,0.23795808851718903,0.10835418850183487,-0.21217092871665955,0.23795808851718903,0.10835418850183487,0.7726974427700042,0.08328533098101615,0.027088547125458717,-0.03394129698286843,0.19999999999998863,39.20988219157984,none,-0.023939162216221277,0.0,-0.009999999999999431,-2.134766647717834e-06
R04_head_on_lateral_offset,239,48.799999999999365,77.65706919766096,37.82671074547975,11.763304146575905,-0.09045805603118558,0.4392201374861082,0.7640740144971491,0.07702460860771984,0.02761759976974751,-0.20830893516540527,0.24245323240756989,0.10848796367645264,-0.20830893516540527,0.24245323240756989,0.10848796367645264,0.7750146389007568,0.08485863134264945,0.02712199091911316,-0.0343330641072308,0.19999999999998863,39.42510384372851,none,-0.024332361323059715,0.0,-0.009999999999999431,-7.027841716500394e-07
R04_head_on_lateral_offset,240,48.99999999999935,77.79500199430295,37.81528327725965,11.697805525938254,-0.07476115737501958,0.44481170906922896,0.7670139169974646,0.0797397382472731,0.028250420289018592,-0.20437875390052795,0.24363519251346588,0.11815963685512543,-0.20437875390052795,0.24363519251346588,0.11815963685512543,0.7773727476596832,0.08527231737971305,0.029539909213781357,-0.03465044212223065,0.19999999999998863,39.64032007085394,none,-0.024648234429900384,0.0,-0.009999999999999431,-2.20769233083562e-06
R04_head_on_lateral_offset,241,49.19999999999934,77.93330626367226,37.80604331786364,11.631244764306407,-0.05858172620909407,0.4505660937893101,0.7704907450521075,0.08189233210696185,0.029220325052013642,-0.1954309195280075,0.24651040136814117,0.12478674203157425,-0.1954309195280075,0.24651040136814117,0.12478674203157425,0.7827414482831955,0.08627864047884941,0.031196685507893562,-0.034937642345136286,0.19999999999998863,39.855439315570486,none,-0.024934997363358136,0.0,-0.009999999999999431,-2.644981778715527e-06
R04_head_on_lateral_offset,242,49.39999999999933,78.07208794285287,37.79905955877889,11.563516241515229,-0.041867918031286956,0.45649019791952794,0.7751480288657303,0.08501071658962732,0.0299646187299209,-0.1807364970445633,0.26104286313056946,0.12592501938343048,-0.1807364970445633,0.26104286313056946,0.12592501938343048,0.791558101773262,0.09136500209569931,0.03148125484585762,-0.035239209331830675,0.19999999999998863,40.07044413014693,none,-0.025230641048384683,0.0,-0.009999999999999431,-8.568283446562798e-06
R04_head_on_lateral_offset,243,49.59999999999932,78.21147268397613,37.79442585543728,11.494504109614212,-0.024466723595547184,0.462549271455101,0.7806392512030587,0.08872154230631306,0.030579753807612832,-0.16668711602687836,0.2750943899154663,0.12733282148838043,-0.16668711602687836,0.2750943899154663,0.12733282148838043,0.7999877303838729,0.0962830364704132,0.03183320537209511,-0.03553298131150779,0.19999999999998863,40.285438350289,none,-0.02552504506313369,0.0,-0.009999999999999431,-7.936248374669219e-06
R04_head_on_lateral_offset,244,49.79999999999931,78.35140818257072,37.792259606801345,11.424176944138429,-0.006379886841613027,0.4687786103637568,0.7854401046822563,0.09190675527877616,0.031634164216619666,-0.16273991763591766,0.2811349034309387,0.1351308822631836,-0.16273991763591766,0.2811349034309387,0.1351308822631836,0.8023560494184494,0.09839721620082854,0.0337827205657959,-0.035780749807071154,0.19999999999998863,40.50053785588401,none,-0.025778492248461404,0.0,-0.009999999999999431,-2.257558610314625e-06
R04_head_on_lateral_offset,245,49.9999999999993,78.49161858544706,37.792667141210785,11.35260032126931,0.012292944119848711,0.4752793690306838,0.7886682546567677,0.09461726298494968,0.0332515219690731,-0.1665954440832138,0.28611549735069275,0.14618875086307526,-0.1665954440832138,0.28611549735069275,0.14618875086307526,0.8000427335500717,0.10014042407274246,0.036547187715768814,-0.035970267643516275,0.19999999999998863,40.71567238532569,none,-0.025967028686357807,0.0,-0.009999999999999431,-3.238957159035216e-06
R04_head_on_lateral_offset,246,50.199999999999285,78.63180574357195,37.795733020984144,11.279844244475496,0.031563114793401625,0.4819793789202828,0.7909685437504466,0.09784143727619529,0.03371373952412643,-0.16821053624153137,0.29831796884536743,0.13862237334251404,-0.16821053624153137,0.29831796884536743,0.13862237334251404,0.7990736782550811,0.1044112890958786,0.03465559333562851,-0.036102496293966294,0.19999999999998863,40.9305533928956,none,-0.026098321115926026,0.0,-0.009999999999999431,-4.1751780408372245e-06
R04_head_on_lateral_offset,247,50.399999999999274,78.77210663468482,37.80156164529822,11.205788492144881,0.05164705648395099,0.48856954542644604,0.7963329534076293,0.10263656980905991,0.03229486622001377,-0.14127565920352936,0.32116439938545227,0.11761459708213806,-0.14127565920352936,0.32116439938545227,0.11761459708213806,0.8152346044778824,0.11240753978490829,0.029403649270534515,-0.036255260951796535,0.19999999999998863,41.14487915853029,none,-0.02622148547873948,0.0,-0.009999999999999431,-3.377547305762452e-05
R04_head_on_lateral_offset,248,50.59999999999926,78.9128370248303,37.81030583898013,11.130257800089359,0.0725928715997988,0.4949236946344919,0.8029539236070964,0.10652826381900249,0.03132009454041994,-0.12286149710416794,0.3270237445831299,0.11733526736497879,-0.12286149710416794,0.3270237445831299,0.11733526736497879,0.8262831017374992,0.11445831060409545,0.029333816841244698,-0.03633382779189919,0.19999999999998863,41.35877674999925,none,-0.0263263579655586,0.0,-0.009999999999999431,-7.469826341159891e-06
R04_head_on_lateral_offset,249,50.79999999999925,79.05402998334576,37.822102295757574,11.053215138975279,0.0942098667481066,0.5011044939466034,0.8095289849861421,0.10942347517300641,0.030546225221225715,-0.11217266321182251,0.32949429750442505,0.11587729305028915,-0.11217266321182251,0.32949429750442505,0.11587729305028915,0.8326964020729064,0.11532300412654876,0.02896932326257229,-0.03638210386687357,0.19999999999998863,41.572532340151675,none,-0.026379654257057794,0.0,-0.009999999999999431,-2.4496098163473422e-06
R04_head_on_lateral_offset,250,50.99999999999924,79.19555290015059,37.83705172817258,10.974703364554628,0.11635043181210401,0.5071286482261604,0.8155248631280706,0.1118028422335797,0.029754955672636356,-0.10558081418275833,0.3332892656326294,0.1125703901052475,-0.10558081418275833,0.3332892656326294,0.1125703901052475,0.836651511490345,0.11665124297142028,0.028142597526311874,-0.036377895569446546,0.19999999999998863,41.78615392219813,none,-0.026376519772171036,0.0,-0.009999999999999431,-1.3757972760797266e-06
R04_head_on_lateral_offset,251,51.19999999999923,79.3373063818182,37.85523346945882,10.894746523090891,0.138797741219902,0.5129886870139316,0.8218174997277838,0.11260945716260502,0.028909178547180354,-0.0933503583073616,0.326437383890152,0.10874300450086594,-0.0933503583073616,0.326437383890152,0.10874300450086594,0.8439897850155831,0.11425308436155318,0.027185751125216484,-0.03634543711856715,0.19999999999998863,41.99949583467808,none,-0.026341213494269766,0.0,-0.009999999999999431,-4.223624297950978e-06
R04_head_on_lateral_offset,252,51.39999999999922,79.47920143068797,37.876687499005136,10.813364699314866,0.16130226971472417,0.5187031678086687,0.8277044267617313,0.11244799705673449,0.02828283686198606,-0.08592136204242706,0.32033997774124146,0.10802619904279709,-0.08592136204242706,0.32033997774124146,0.10802619904279709,0.8484471827745437,0.1121189922094345,0.027006549760699272,-0.036307825788226944,0.19999999999998863,42.21245495432048,none,-0.026305968145081238,0.0,-0.009999999999999431,-1.8576431462780096e-06
R04_head_on_lateral_offset,253,51.57566905722518,79.60383690911624,37.89825433763947,10.740737100680555,0.18093061462033333,0.5235987755982988,0.8325849083527151,0.11113778418053197,0.027521407114693815,-0.07912643998861313,0.30858737230300903,0.1028045117855072,-0.07912643998861313,0.30858737230300903,0.1028045117855072,0.8525241360068321,0.10800558030605316,0.0257011279463768,-0.03186315589952783,0.17566905722596005,42.424952888130036,operational_boundary_failure,-0.02307547182386749,0.0,-0.008783452861298002,-4.231214362342417e-06
