case_id,control_step,timestamp_s,north_m,east_m,down_m,yaw_rad,pitch_rad,surge_speed_mps,yaw_rate_rad_s,pitch_rate_rad_s,nominal_a0,nominal_a1,nominal_a2,executed_a0,executed_a1,executed_a2,surge_command_mps,yaw_rate_command_rad_s,pitch_rate_command_rad_s,reward,elapsed_s,minimum_clearance_m,failure_type,reward_progress,reward_goal,reward_time,reward_smoothness
R04_head_on_lateral_offset,0,1.0,20.30000000000001,50.0,20.0,0.0,0.0,0.3,0.0,0.0,,,,,,,,,,,,,,,,,
R04_head_on_lateral_offset,1,1.2000000000000002,20.369971921430068,49.99978314832913,20.00013454179725,-0.008927222811523361,-0.005534490996647697,0.3982605765293556,-0.08306339318882767,-0.0514659165262206,-0.2319803088903427,-0.7208417057991028,-0.6253489851951599,-0.2319803088903427,-0.7208417057991028,-0.6253489851951599,0.7608118146657943,-0.252294597029686,-0.15633724629878998,0.029961353603242303,0.20000000000000018,37.91481885515276,none,0.06997192088396531,0.0,-0.010000000000000009,-0.030010567280723
R04_head_on_lateral_offset,2,1.4000000000000004,20.45960201739375,49.99817952014838,20.001174503127626,-0.026610652084173205,-0.017987206911313443,0.4982605765293557,-0.09302043581998064,-0.07154767744686623,0.4473688304424286,-0.323742151260376,-0.4498719274997711,0.4473688304424286,-0.323742151260376,-0.4498719274997711,1.1684212982654572,-0.11330975294113159,-0.11246798187494278,0.06663014695239242,0.20000000000000018,37.74580993476258,none,0.08963005709448169,0.0,-0.010000000000000009,-0.012999910142089264
R04_head_on_lateral_offset,3,1.6000000000000005,20.569145812625507,49.994181750673725,20.00387060109706,-0.04610227525075507,-0.03007026839390424,0.5982605765293557,-0.10127374291737416,-0.05084342018991657,0.7677231431007385,-0.33740395307540894,-0.03461865708231926,0.7677231431007385,-0.33740395307540894,-0.03461865708231926,1.3606338858604432,-0.11809138357639312,-0.008654664270579815,0.09403844762219452,0.20000000000000018,37.5571372233383,none,0.10954342380339455,0.0,-0.010000000000000009,-0.005504976181200017
R04_head_on_lateral_offset,4,1.8000000000000007,20.69851294168603,49.98687538611634,20.00832417663221,-0.0661922592088986,-0.03750932569813571,0.6982605765293558,-0.09974157628110877,-0.025460283472898783,0.8718381524085999,-0.2760557234287262,0.1050502210855484,0.8718381524085999,-0.2760557234287262,0.1050502210855484,1.42310289144516,-0.09661950320005416,0.0262625552713871,0.11868328457979498,0.20000000000000018,37.348968111069155,none,0.12936550329924756,0.0,-0.010000000000000009,-0.0006822187194525767
R04_head_on_lateral_offset,5,2.000000000000001,20.847612605958034,49.97550078122706,20.01424015818383,-0.08544484232907426,-0.040912169068144794,0.7982605765293559,-0.09327187706937531,-0.0097520797717829,0.8838601112365723,-0.22882476449012756,0.08902516961097717,0.8838601112365723,-0.22882476449012756,0.08902516961097717,1.4303160667419434,-0.08008866757154465,0.022256292402744293,0.13904227151088994,0.20000000000000018,37.121462373155545,none,0.14909491337591163,0.0,-0.010000000000000009,-5.264186502167423e-05
R04_head_on_lateral_offset,6,2.2,21.01635747559427,49.95947922809566,20.021283453129072,-0.10325497616749578,-0.041733581744446,0.898260576529356,-0.0854211702064361,0.0007466613954576493,0.8904640674591064,-0.19835400581359863,0.08855915814638138,0.8904640674591064,-0.19835400581359863,0.08855915814638138,1.4342784404754638,-0.06942390203475951,0.022139789536595345,0.1587144527405015,0.1999999999999993,36.874766751118955,none,0.16873389867127742,0.0,-0.009999999999999966,-1.9445930775950916e-05
R04_head_on_lateral_offset,7,2.3999999999999995,21.204660080747228,49.938324039694834,20.029138981712116,-0.12015837444817896,-0.04090866109471302,0.9982605765293561,-0.08373955609488735,0.0070290412404295025,0.9021222591400146,-0.22946558892726898,0.0793222114443779,0.9021222591400146,-0.22946558892726898,0.0793222114443779,1.4412733554840087,-0.08031295612454414,0.019830552861094475,0.1782570108284354,0.1999999999999993,36.60902600925841,none,0.18828079413286503,0.0,-0.009999999999999966,-2.3783304429665364e-05
R04_head_on_lateral_offset,8,2.5999999999999988,21.412313014851033,49.91146526080117,20.037527566984565,-0.13683391570087922,-0.039039394339913935,1.0948014765624714,-0.08306657882458661,0.011338799235214421,0.9076613187789917,-0.23341503739356995,0.08048291504383087,0.9076613187789917,-0.23341503739356995,0.08048291504383087,1.444596791267395,-0.08169526308774948,0.020120728760957718,0.197612637616526,0.1999999999999993,36.32451729071302,none,0.20761359014768033,0.0,-0.009999999999999966,-9.525311543578941e-07
R04_head_on_lateral_offset,9,2.799999999999998,21.636841076186016,49.878590326125135,20.046101442351475,-0.15391849603361302,-0.036382566947539725,1.1724124224011376,-0.08744892634736671,0.014956786476175158,0.9097946882247925,-0.2753679156303406,0.08931642025709152,0.9097946882247925,-0.2753679156303406,0.08931642025709152,1.4458768129348756,-0.0963787704706192,0.02232910506427288,0.21442563358059627,0.1999999999999993,36.02376366275677,none,0.22446248610203412,0.0,-0.009999999999999966,-3.6852521437885646e-05
R04_head_on_lateral_offset,10,2.9999999999999973,21.874279416560988,49.83958804607563,20.05447023747147,-0.17164334411563645,-0.033057773517914536,1.2324510814713525,-0.08963480452414016,0.01805745034386303,0.906665027141571,-0.2688255310058594,0.09750250726938248,0.906665027141571,-0.2688255310058594,0.09750250726938248,1.4439990162849425,-0.09408893585205078,0.02437562681734562,0.22733356730975804,0.1999999999999993,35.710761073289845,none,0.23733595950167086,0.0,-0.009999999999999966,-2.392191912865549e-06
R04_head_on_lateral_offset,11,3.1999999999999966,22.121330529681487,49.79448517409126,20.062312238343562,-0.1893218382667401,-0.02936681736131655,1.2780059582298064,-0.08732428144000003,0.018796415326399557,0.897533118724823,-0.2360461801290512,0.08120877295732498,0.897533118724823,-0.2360461801290512,0.08120877295732498,1.4385198712348939,-0.08261616304516792,0.020302193239331245,0.23687110437712897,0.1999999999999993,35.388832522438406,none,0.2468995716445903,0.0,-0.009999999999999966,-2.8467267461373958e-05
R04_head_on_lateral_offset,12,3.399999999999996,22.375336751896253,49.74357649366356,20.06945197939322,-0.20590593707340943,-0.02583294447444435,1.3119841010245945,-0.07913400865042226,0.0167002981887769,0.8861784338951111,-0.1784137487411499,0.0497162863612175,0.8861784338951111,-0.1784137487411499,0.0497162863612175,1.4317070603370667,-0.062444812059402464,0.012429071590304375,0.24370341062080814,0.1999999999999993,35.06064292385419,none,0.2537922546753535,0.0,-0.009999999999999966,-8.884405454538502e-05
R04_head_on_lateral_offset,13,3.599999999999995,22.63424431643637,49.68746747475917,20.075900752182868,-0.22042017148819845,-0.02304311739370382,1.3368302660294487,-0.06692828278964187,0.011583617564219374,0.8739607334136963,-0.12016244977712631,0.004629735369235277,0.8739607334136963,-0.12016244977712631,0.004629735369235277,1.4243764400482177,-0.042056857421994207,0.0011574338423088193,0.2485068831128194,0.1999999999999993,34.72822825597245,none,0.2586183887751474,0.0,-0.009999999999999966,-0.00011150566232804465
R04_head_on_lateral_offset,14,3.7999999999999945,22.89650784010354,49.62699757998462,20.08186173679419,-0.23221670387653934,-0.02152980823303361,1.3544599904292367,-0.05215082052412764,0.004112568101860075,0.8609647154808044,-0.06296858936548233,-0.044444311410188675,0.8609647154808044,-0.06296858936548233,-0.044444311410188675,1.4165788292884827,-0.022039006277918813,-0.011111077852547169,0.25177121539406183,0.1999999999999993,34.39309389186639,none,0.26188818131842595,0.0,-0.009999999999999966,-0.00011696592436415507
R04_head_on_lateral_offset,15,3.999999999999994,23.1609724853416,49.563148161881365,20.087689811923475,-0.24097795314417425,-0.02163041943154781,1.366247955143489,-0.03663137496856551,-0.0044716838014960516,0.8463053107261658,-0.014307521283626556,-0.08785474300384521,0.8463053107261658,-0.014307521283626556,-0.08785474300384521,1.4077831864356996,-0.005007632449269294,-0.021963685750961304,0.2539058087333983,0.1999999999999993,34.05633700680047,none,0.26399515399871376,0.0,-0.009999999999999966,-8.93452653154972e-05
R04_head_on_lateral_offset,16,4.199999999999993,23.42673014569119,49.49696817952542,20.09380575990954,-0.24650771757311069,-0.02329234354215553,1.3728661535071742,-0.01992540095554894,-0.011609573540857624,0.82697594165802,0.040331751108169556,-0.10461737960577011,0.82697594165802,0.040331751108169556,-0.10461737960577011,1.396185564994812,0.014116112887859343,-0.026154344901442528,0.2551171225706916,0.1999999999999993,33.71879399952965,none,0.2651899237823301,0.0,-0.009999999999999966,-7.28012116385135e-05
R04_head_on_lateral_offset,17,4.399999999999992,23.69306983258909,49.429532683914154,20.100574090612316,-0.2488964523827246,-0.026157216294693524,1.3752965292502934,-0.005080787747062884,-0.016658607572267305,0.806433379650116,0.07190816849470139,-0.10778779536485672,0.806433379650116,0.07190816849470139,-0.10778779536485672,1.3838600277900697,0.025167858973145482,-0.02694694884121418,0.25564567367365915,0.1999999999999993,33.38109177660395,none,0.2656742560441572,0.0,-0.009999999999999966,-2.858237049805035e-05
R04_head_on_lateral_offset,18,4.599999999999992,23.959489779950797,49.36180793198326,20.108249617350182,-0.24845303065762633,-0.02977110626499216,1.3747340033824744,0.008492020511343524,-0.019282526954132122,0.7879198789596558,0.10328322649002075,-0.09851699322462082,0.7879198789596558,0.10328322649002075,-0.09851699322462082,1.3727519273757935,0.03614912927150726,-0.024629248306155205,0.25563293513937724,0.1999999999999993,33.043648524329406,none,0.26566119697426416,0.0,-0.009999999999999966,-2.8261834886974536e-05
R04_head_on_lateral_offset,19,4.799999999999991,24.225706564510993,49.29462690760711,20.116963692537517,-0.2454899304661098,-0.033715432866236614,1.3723883252074915,0.020252585918296144,-0.020099187255385426,0.7735387682914734,0.1263340413570404,-0.08705313503742218,0.7735387682914734,0.1263340413570404,-0.08705313503742218,1.3641232609748841,0.04421691447496414,-0.021763283759355545,0.2553548464168898,0.1999999999999993,32.70666827913992,none,0.2653722379459822,0.0,-0.009999999999999966,-1.7391529092406487e-05
R04_head_on_lateral_offset,20,4.99999999999999,24.49160236774615,49.2286734548115,20.1267432348402,-0.24042256297027675,-0.03760606591222901,1.3690515407838013,0.029708402779810017,-0.018897699506839737,0.762157142162323,0.1399325132369995,-0.06579778343439102,0.762157142162323,0.1399325132369995,-0.06579778343439102,1.3572942852973937,0.048976379632949825,-0.016449445858597755,0.25495985520590425,0.1999999999999993,32.37019690985264,none,0.2649751802023559,0.0,-0.009999999999999966,-1.5324996451645535e-05
R04_head_on_lateral_offset,21,5.1999999999999895,24.75717413402986,49.16447133233736,20.137512305403817,-0.23369994454876686,-0.04107616769993535,1.3654651122239485,0.036970440612159476,-0.01602019620303351,0.7547137141227722,0.14790910482406616,-0.04062700271606445,0.7547137141227722,0.14790910482406616,-0.04062700271606445,1.3528282284736632,0.05176818668842315,-0.010156750679016113,0.2545708793820902,0.1999999999999993,32.03417603013793,none,0.26458593135881614,0.0,-0.009999999999999966,-1.5051976725938276e-05
R04_head_on_lateral_offset,22,5.399999999999989,25.022456026119574,49.1024180390359,20.149109577991986,-0.2256232751490763,-0.04386257794566069,1.3616191456753988,0.04331784836095414,-0.012136612508975197,0.7467796206474304,0.1607196182012558,-0.016892367973923683,0.7467796206474304,0.1607196182012558,-0.016892367973923683,1.3480677723884582,0.056251866370439524,-0.004223091993480921,0.25422659005585774,0.1999999999999993,31.698518443135015,none,0.2642423978954298,0.0,-0.009999999999999966,-1.5807839572109032e-05
R04_head_on_lateral_offset,23,5.599999999999988,25.287451146051584,49.0428611964713,20.161318762655437,-0.21628152015803198,-0.04581505504946963,1.3573853687608786,0.049624377548653925,-0.007720966403413701,0.7374458909034729,0.17850027978420258,0.005106918979436159,0.7374458909034729,0.17850027978420258,0.005106918979436159,1.3424675345420838,0.062475097924470896,0.0012767297448590398,0.25389696353422947,0.1999999999999993,31.363168607238606,none,0.2639147083155038,0.0,-0.009999999999999966,-1.7744781274335707e-05
R04_head_on_lateral_offset,24,5.799999999999987,25.552160721768665,48.986131999191116,20.173901215733324,-0.20571671318612905,-0.04691964630243969,1.3529581489510114,0.05557517939016072,-0.0036330527584693397,0.728931188583374,0.1934315413236618,0.018787311390042305,0.728931188583374,0.1934315413236618,0.018787311390042305,1.3373587131500244,0.06770103946328163,0.004696827847510576,0.2535927254346574,0.1999999999999993,31.028070273699015,none,0.2636023773519227,0.0,-0.009999999999999966,-9.651917265356037e-06
R04_head_on_lateral_offset,25,5.999999999999987,25.81661065982676,48.93253445932393,20.18663585536364,-0.1940002949224626,-0.04726910096905964,1.3485352381868165,0.06116750859950306,-0.00012583351999842984,0.7215849757194519,0.2073226124048233,0.02808309905230999,0.7215849757194519,0.2073226124048233,0.02808309905230999,1.3329509854316712,0.07256291434168816,0.0070207747630774975,0.2533242781268397,0.1999999999999993,30.69314196229996,none,0.2633309449341894,0.0,-0.009999999999999966,-6.666807349718085e-06
R04_head_on_lateral_offset,26,6.199999999999986,26.08086084644905,48.8823423632251,20.19933479783003,-0.1812094115876543,-0.04697192367908072,1.3444190825831708,0.06635066919791474,0.002871683161640412,0.7165261507034302,0.21974948048591614,0.0359187126159668,0.7165261507034302,0.21974948048591614,0.0359187126159668,1.3299156904220581,0.07691231817007065,0.0089796781539917,0.25312999894341237,0.1999999999999993,30.358268787362586,none,0.2631348272554277,0.0,-0.009999999999999966,-4.828312015331474e-06
R04_head_on_lateral_offset,27,6.399999999999985,26.345011735565496,48.83579815880878,20.211841931452817,-0.16743321476402173,-0.04612378266906829,1.340883350550448,0.07105661149864002,0.0054178239458519675,0.7140418291091919,0.2304166853427887,0.04242422804236412,0.7140418291091919,0.2304166853427887,0.04242422804236412,1.3284250974655152,0.08064583986997603,0.01060605701059103,0.25305141561301375,0.1999999999999993,30.023296752866067,none,0.26305466126989785,0.0,-0.009999999999999966,-3.245656884103554e-06
R04_head_on_lateral_offset,28,6.5999999999999845,26.609181616018233,48.79311811727642,20.224027114135122,-0.1527563221830804,-0.04479944276806124,1.3380020748234158,0.0753860071457784,0.007656821500438651,0.713083028793335,0.24059414863586426,0.048876773566007614,0.713083028793335,0.24059414863586426,0.048876773566007614,1.327849817276001,0.08420795202255249,0.012219193391501904,0.2531052254731149,0.1999999999999993,29.68805526458868,none,0.26310814818113215,0.0,-0.009999999999999966,-2.92270801724559e-06
R04_head_on_lateral_offset,29,6.799999999999984,26.87340163263627,48.754512284631645,20.23577235327897,-0.13726482893536204,-0.0430298842039244,1.3350015244840656,0.07923855802436126,0.009871819432136763,0.7073816657066345,0.24882526695728302,0.057541150599718094,0.7073816657066345,0.24882526695728302,0.057541150599718094,1.3244289994239806,0.08708884343504905,0.014385287649929523,0.25320475443770746,0.1999999999999993,29.35245883993748,none,0.2632082610032924,0.0,-0.009999999999999966,-3.506565584997512e-06
R04_head_on_lateral_offset,30,6.999999999999983,27.13751060369749,48.720192081017295,20.24695611644303,-0.12104219013370547,-0.04082112749333576,1.330863628022267,0.08272505241468524,0.012051467303989266,0.6938060522079468,0.2566555142402649,0.06597161293029785,0.6938060522079468,0.2566555142402649,0.06597161293029785,1.316283631324768,0.08982942998409271,0.016492903232574463,0.25315655269625637,0.1999999999999993,29.016610147489466,none,0.2631628863512461,0.0,-0.009999999999999966,-6.333654989714444e-06
R04_head_on_lateral_offset,31,7.199999999999982,27.401247845740382,48.690352986163354,20.257458396929724,-0.10414531299950312,-0.0381974700615523,1.325685972540446,0.08599710393908909,0.014035565268390946,0.6790705919265747,0.2647557556629181,0.07231412827968597,0.6790705919265747,0.2647557556629181,0.07231412827968597,1.3074423551559449,0.09266451448202133,0.018078532069921494,0.25286564176522414,0.1999999999999993,28.680710478047377,none,0.2628721012692594,0.0,-0.009999999999999966,-6.45950403532769e-06
R04_head_on_lateral_offset,32,7.399999999999982,27.664379576923054,48.66516264539608,20.267173290484575,-0.08660834215591892,-0.035206547000606776,1.3197578190788906,0.08913602367064472,0.015744837267647045,0.6647830009460449,0.2729490101337433,0.07691118121147156,0.6647830009460449,0.2729490101337433,0.07691118121147156,1.298869800567627,0.09553215354681015,0.01922779530286789,0.25235589068463493,0.1999999999999993,28.344936802402625,none,0.26236173863604506,0.0,-0.009999999999999966,-5.847951410165031e-06
R04_head_on_lateral_offset,33,7.599999999999981,27.926807995862728,48.644746608232126,20.276013110454784,-0.0685955875884228,-0.031863650102920735,1.3142342461168999,0.0908614745280612,0.01754821116255207,0.6579529643058777,0.2696497142314911,0.084891676902771,0.6579529643058777,0.2696497142314911,0.084891676902771,1.2947717785835267,0.09437739998102188,0.02122291922569275,0.25176356504401926,0.1999999999999993,28.00933673114434,none,0.2617659895053279,0.0,-0.009999999999999966,-2.4244613087098798e-06
R04_head_on_lateral_offset,34,7.79999999999998,28.188581691373773,48.62915514747595,20.28389298037708,-0.0503500992215406,-0.02813631668127312,1.3095799662023353,0.09154210958018548,0.01957254846392542,0.6553007960319519,0.26551151275634766,0.09479004144668579,0.6553007960319519,0.26551151275634766,0.09479004144668579,1.293180477619171,0.09292902946472167,0.023697510361671448,0.2512259096117554,0.1999999999999993,27.673824084873576,none,0.2612283523383283,0.0,-0.009999999999999966,-2.442726572926546e-06
R04_head_on_lateral_offset,35,7.99999999999998,28.44978233349979,48.61838779734354,20.29071979288924,-0.032039477714093344,-0.023999554886812727,1.3057521354528019,0.09156256385285047,0.021639298255284177,0.6537744402885437,0.26172640919685364,0.10340273380279541,0.6537744402885437,0.26172640919685364,0.10340273380279541,1.2922646641731261,0.09160424321889876,0.025850683450698853,0.25077766647693434,0.1999999999999993,27.33828829383792,none,0.26077948318174293,0.0,-0.009999999999999966,-1.8167048086503711e-06
R04_head_on_lateral_offset,36,8.199999999999982,28.710469621908825,48.612418193063725,20.296396669386947,-0.013754559890682238,-0.019458214587998873,1.3026062315895404,0.09130595502506665,0.02362448121141891,0.6525359153747559,0.25938019156455994,0.11067863553762436,0.6525359153747559,0.25938019156455994,0.11067863553762436,1.2915215492248535,0.09078306704759598,0.02766965888440609,0.25039430305046634,0.20000000000000195,27.00264568077141,none,0.26039550259901034,0.0,-0.010000000000000097,-1.199548543900919e-06
R04_head_on_lateral_offset,37,8.399999999999984,28.97067511746408,48.61121198186786,20.30082925677354,0.004479235582287184,-0.014537388274119503,1.3000125017203041,0.09105120058311034,0.025446459188404123,0.6514557003974915,0.2586631178855896,0.11663630604743958,0.6514557003974915,0.2586631178855896,0.11663630604743958,1.2908734202384948,0.09053209125995636,0.029159076511859894,0.2500460040108275,0.20000000000000284,26.666843112048213,none,0.2600467475087669,0.0,-0.010000000000000142,-7.434979392340058e-07
R04_head_on_lateral_offset,38,8.599999999999987,29.23040759030543,48.614739388480714,20.303930098976366,0.02268325663927834,-0.009273700343082109,1.2978738931742235,0.09099336877815664,0.02706819003747855,0.6505640745162964,0.25964435935020447,0.12149106711149216,0.6505640745162964,0.25964435935020447,0.12149106711149216,1.2903384447097779,0.09087552577257156,0.03037276677787304,0.24970867711117925,0.20000000000000284,26.33085087955231,none,0.25970918364190965,0.0,-0.010000000000000142,-5.065307302587474e-07
R04_head_on_lateral_offset,39,8.79999999999999,29.48945647514405,48.62298465248022,20.305619642016413,0.04100404551242576,-0.0037076738729247914,1.2941922633940255,0.09212893236448814,0.02848526920585227,0.6353665590286255,0.2698367238044739,0.12549132108688354,0.6353665590286255,0.2698367238044739,0.12549132108688354,1.2812199354171752,0.09444285333156585,0.031372830271720886,0.24915551440562486,0.20000000000000284,25.99485521053501,none,0.2591625314216657,0.0,-0.010000000000000142,-7.017016040685719e-06
R04_head_on_lateral_offset,40,8.999999999999993,29.74735168360299,48.63595782350932,20.305830487668377,0.059587793751703214,0.002126987008442705,1.2883355238560328,0.09359783837368804,0.02976489409791388,0.6128318905830383,0.275974303483963,0.129489466547966,0.6128318905830383,0.275974303483963,0.129489466547966,1.267699134349823,0.09659100621938704,0.0323723666369915,0.24813536010672632,0.20000000000000284,25.659295782802026,none,0.2581465894333945,0.0,-0.010000000000000142,-1.1229326668051876e-05
R04_head_on_lateral_offset,41,9.199999999999996,30.00357189319803,48.653650749569834,20.304499884061034,0.07832469727518139,0.008327074341619275,1.280414409053871,0.09375904657598402,0.03206278673903297,0.587506890296936,0.2688215374946594,0.1469806730747223,0.587506890296936,0.2688215374946594,0.1469806730747223,1.2525041341781615,0.0940875381231308,0.03674516826868057,0.24658817193335236,0.20000000000000284,25.324667013602145,none,0.2566081411334835,0.0,-0.010000000000000142,-1.9969200131009226e-05
R04_head_on_lateral_offset,42,9.399999999999999,30.257646392161956,48.67598138696631,20.301535253125817,0.09700062583658087,0.015027384510374091,1.2707893600282534,0.09305342205816557,0.03473863582291006,0.5614587068557739,0.26175880432128906,0.1607646942138672,0.5614587068557739,0.26175880432128906,0.1607646942138672,1.2368752241134644,0.09161558151245117,0.0401911735534668,0.24457608191594876,0.20000000000000284,24.99142667885404,none,0.25459444970193346,0.0,-0.010000000000000142,-1.836778598454103e-05
R04_head_on_lateral_offset,43,9.600000000000001,30.50914514259393,48.70279929859593,20.296840945783018,0.11542056832335852,0.022164383159133886,1.2594631395462295,0.09127968929961422,0.036498694771671156,0.5325914621353149,0.2504725158214569,0.1603405624628067,0.5325914621353149,0.2504725158214569,0.1603405624628067,1.2195548772811888,0.08766538053750991,0.040085140615701675,0.24212369035596537,0.20000000000000284,24.660005831043613,none,0.2521429079162374,0.0,-0.010000000000000142,-1.9217560271891367e-05
R04_head_on_lateral_offset,44,9.800000000000004,30.757503288091783,48.73389280449228,20.290371391968872,0.13372692245914866,0.029568227618438143,1.2450585249751942,0.0917485164865987,0.0374667847427187,0.49050575494766235,0.2648681104183197,0.15775778889656067,0.49050575494766235,0.2648681104183197,0.15775778889656067,1.1943034529685974,0.09270383864641189,0.03943944722414017,0.23907581504559708,0.20000000000000284,24.33098179340907,none,0.24911551725784875,0.0,-0.010000000000000142,-3.9702212251531143e-05
R04_head_on_lateral_offset,45,10.000000000000007,31.00204550861787,48.76908279157587,20.282139894740425,0.15219695997861862,0.03705585898512422,1.2277758936811856,0.09286751930658367,0.03741354184863336,0.44480007886886597,0.2718505561351776,0.14922019839286804,0.44480007886886597,0.2718505561351776,0.14922019839286804,1.1668800473213194,0.09514769464731215,0.03730504959821701,0.23535698378156333,0.20000000000000284,24.005038791094844,none,0.24540119685807582,0.0,-0.010000000000000142,-4.4213076512349406e-05
R04_head_on_lateral_offset,46,10.20000000000001,31.24193620220492,48.80815706646901,20.272224620261103,0.17079684235277542,0.044492174838065744,1.2058375825921543,0.09311281636113411,0.03698213209518866,0.3808955252170563,0.2674647271633148,0.14441221952438354,0.3808955252170563,0.2674647271633148,0.14441221952438354,1.1285373151302338,0.09361265450716018,0.036103054881095886,0.23075496605010282,0.20000000000000284,23.68302790777182,none,0.24083748893278312,0.0,-0.010000000000000142,-8.252288268014497e-05
R04_head_on_lateral_offset,47,10.400000000000013,31.47581760215635,48.8507022634434,20.26078105043494,0.1890196911309546,0.05165769183714916,1.1755709324405428,0.08939582182677895,0.03483487683003689,0.2815425395965576,0.23377645015716553,0.1218377873301506,0.2815425395965576,0.23377645015716553,0.1218377873301506,1.0689255237579345,0.08182175755500792,0.03045944683253765,0.2246661049753021,0.20000000000000284,23.366352125227184,none,0.23489641539026707,0.0,-0.010000000000000142,-0.00023031041496484163
R04_head_on_lateral_offset,48,10.600000000000016,31.702254855574875,48.8960618045153,20.248080555333758,0.2062377009441447,0.0580531324214659,1.1390262798659814,0.08324766384562042,0.029520104182626482,0.1837669163942337,0.2020561546087265,0.07476108521223068,0.1837669163942337,0.2020561546087265,0.07476108521223068,1.0102601498365402,0.07071965411305427,0.01869027130305767,0.21723920119101572,0.20000000000000284,23.056535069697453,none,0.22749485050150753,0.0,-0.010000000000000142,-0.0002556493104916502
R04_head_on_lateral_offset,49,10.800000000000018,31.92067869176542,48.94360615006568,20.234502581519354,0.22228967963692073,0.06295135368617641,1.1022339550553077,0.07769093455798402,0.020167049522950946,0.12099190801382065,0.18962305784225464,0.004433878697454929,0.12099190801382065,0.18962305784225464,0.004433878697454929,0.9725951448082923,0.06636807024478912,0.0011084696743637323,0.20931881539404237,0.20000000000000284,22.754245923787405,none,0.21949963938501327,0.0,-0.010000000000000142,-0.000180823990970746
R04_head_on_lateral_offset,50,11.000000000000021,32.131379597972696,48.99291423143406,20.220503929869725,0.23740045353681244,0.06587400867384034,1.0678619206580655,0.07371636808096593,0.009838002123607085,0.07791845500469208,0.1874784380197525,-0.04483737424015999,0.07791845500469208,0.1874784380197525,-0.04483737424015999,0.9467510730028152,0.06561745330691338,-0.011209343560039997,0.2016905956037069,0.20000000000000284,22.459273443642743,none,0.21177634716599414,0.0,-0.010000000000000142,-8.575156228710206e-05
R04_head_on_lateral_offset,51,11.200000000000024,32.33471386118129,49.04366373371394,20.20654239795893,0.2516920468346738,0.06681015676809066,1.0341065312012776,0.06951613691718145,0.00024639928732891935,0.025280749425292015,0.17416396737098694,-0.07719306647777557,0.025280749425292015,0.17416396737098694,-0.07719306647777557,0.9151684496551751,0.06095738857984542,-0.019298266619443893,0.19431455324282348,0.20000000000000284,22.171325425089275,none,0.20439445112277355,0.0,-0.010000000000000142,-7.989787994991484e-05
R04_head_on_lateral_offset,52,11.400000000000027,32.53075053622366,49.0954828682352,20.193031046187684,0.2650245956251427,0.06592945809779702,0.9997204832527373,0.06420932607463938,-0.008401586102806235,-0.035732902586460114,0.15255919098854065,-0.10409382730722427,-0.035732902586460114,0.15255919098854065,-0.10409382730722427,0.8785602584481238,0.053395716845989226,-0.02602345682680607,0.18696929609391424,0.20000000000000284,21.89040072826932,none,0.19706755775446538,0.0,-0.010000000000000142,-9.82616605509979e-05
R04_head_on_lateral_offset,53,11.60000000000003,32.71997124504996,49.14807493744999,20.180283493466668,0.27688178050731055,0.0633919210520661,0.9697678842031089,0.055052661831887194,-0.016372979315574174,-0.0596182607114315,0.10398361086845398,-0.13046467304229736,-0.0596182607114315,0.10398361086845398,-0.13046467304229736,0.864229043573141,0.03639426380395889,-0.03261616826057434,0.1801391813847823,0.20000000000000284,21.616077829060167,none,0.19021169176121333,0.0,-0.010000000000000142,-7.251037643088238e-05
R04_head_on_lateral_offset,54,11.800000000000033,32.90368484103466,49.20131176538067,20.168481582452596,0.28692808401122927,0.05969454997787715,0.9476362007457654,0.046086178341801336,-0.02030441831071852,-0.05057569965720177,0.07947231084108353,-0.11326181143522263,-0.05057569965720177,0.07947231084108353,-0.11326181143522263,0.869654580205679,0.027815308794379233,-0.028315452858805656,0.17463920686266438,0.20000000000000284,21.347090087514964,none,0.184658777066403,0.0,-0.010000000000000142,-1.9570203738468185e-05
R04_head_on_lateral_offset,55,12.000000000000036,33.08320945767131,49.25512046364296,20.157666247568994,0.295168847981538,0.05555290997355445,0.9304490206336617,0.037005847208806814,-0.021055381528124466,-0.05018416792154312,0.05286569148302078,-0.0903424322605133,-0.05018416792154312,0.05286569148302078,-0.0903424322605133,0.869889499247074,0.018502992019057272,-0.022585608065128326,0.17039550608036264,0.20000000000000284,21.08215115143117,none,0.18042017334901317,0.0,-0.010000000000000142,-2.4667268650379326e-05
R04_head_on_lateral_offset,56,12.200000000000038,33.25930364602295,49.30933310805139,20.147811395644265,0.3019315629803685,0.051287668552197685,0.9154003533939249,0.03106878035196725,-0.02155906964083047,-0.06270676106214523,0.054202593863010406,-0.0903417095541954,-0.06270676106214523,0.054202593863010406,-0.0903417095541954,0.8623759433627127,0.01897090785205364,-0.02258542738854885,0.16693235849441873,0.20000000000000284,20.820541612616502,none,0.1769355305473681,0.0,-0.010000000000000142,-3.172052949219628e-06
R04_head_on_lateral_offset,57,12.400000000000041,33.43248947502634,49.36382829704836,20.13888222726026,0.30759666400384694,0.04699120476074074,0.9029563108226685,0.025966769189004344,-0.021416326820394457,-0.06815104931592941,0.04448707774281502,-0.08450184762477875,-0.06815104931592941,0.04448707774281502,-0.08450184762477875,0.8591093704104422,0.015570477209985256,-0.021125461906194687,0.1639665838323728,0.20000000000000284,20.56176724988674,none,0.1739697465426815,0.0,-0.010000000000000142,-3.1627103085343778e-06
R04_head_on_lateral_offset,58,12.600000000000044,33.60331768332133,49.41855842951102,20.130826121737286,0.3123567085854746,0.042791525958355725,0.8931303679424589,0.021937372805170906,-0.020639045041554054,-0.06915270537137985,0.03921923413872719,-0.07622075825929642,-0.06915270537137985,0.03921923413872719,-0.07622075825929642,0.858508376777172,0.013726731948554515,-0.019055189564824104,0.16155100668793518,0.20000000000000284,20.305293089045392,none,0.1715529532865787,0.0,-0.010000000000000142,-1.9465986433930826e-06
R04_head_on_lateral_offset,59,12.800000000000047,33.77233502245403,49.473524600689615,20.123576412968465,0.31635639783797975,0.03877978047514842,0.8859910792266382,0.018331309242878114,-0.01955975596179334,-0.06527401506900787,0.03138082101941109,-0.069442018866539,-0.06527401506900787,0.03138082101941109,-0.069442018866539,0.8608355909585952,0.01098328735679388,-0.01736050471663475,0.1596794685723796,0.20000000000000284,20.050579914480597,none,0.16968191729770865,0.0,-0.010000000000000142,-2.4487253289140476e-06
R04_head_on_lateral_offset,60,13.00000000000005,33.94003580179844,49.5287459515299,20.117061724422904,0.31975959426657324,0.03504016439056745,0.8810318167731022,0.015885031355004294,-0.01795719047260979,-0.06073714420199394,0.031143678352236748,-0.05876666679978371,-0.06073714420199394,0.031143678352236748,-0.05876666679978371,0.8635577134788035,0.010900287423282862,-0.014691666699945927,0.15830164091949125,0.20000000000000284,19.79713726409705,none,0.16830433297100456,0.0,-0.010000000000000142,-2.6920515131546168e-06
R04_head_on_lateral_offset,61,13.200000000000053,34.10685207168046,49.58426402790425,20.111201463420308,0.3227267687214262,0.03167925565682936,0.878201042075826,0.013933779335449925,-0.01581346942470643,-0.05295545607805252,0.02845069207251072,-0.0457809641957283,-0.05295545607805252,0.02845069207251072,-0.0457809641957283,0.8682267263531684,0.00995774222537875,-0.011445241048932076,0.15735329157823547,0.20000000000000284,19.54453243102812,none,0.16735802028458124,0.0,-0.010000000000000142,-4.728706345641099e-06
R04_head_on_lateral_offset,62,13.400000000000055,34.27314333365891,49.64012495029901,20.10590196367334,0.32538680605952747,0.02883185897426058,0.8768918350433592,0.01275540805628295,-0.01288148173006868,-0.04620198905467987,0.02958359569311142,-0.027628056704998016,-0.04620198905467987,0.02958359569311142,-0.027628056704998016,0.872278806567192,0.010354258492588995,-0.006907014176249504,0.1567627095009607,0.20000000000000284,19.29240359170321,none,0.16677023791771717,0.0,-0.010000000000000142,-7.528416756327275e-06
R04_head_on_lateral_offset,63,13.600000000000058,34.43901786351104,49.696320438306195,20.1010560004636,0.3278926846870825,0.026621211773235565,0.8752091120969769,0.012335059918156269,-0.009481265091307863,-0.0512000173330307,0.032795779407024384,-0.010210777632892132,-0.0512000173330307,0.032795779407024384,-0.010210777632892132,0.8692799896001815,0.011478522792458534,-0.002552694408223033,0.15628236698946563,0.20000000000000284,19.040645725392235,none,0.16628914018988894,0.0,-0.010000000000000142,-6.773200423174797e-06
R04_head_on_lateral_offset,64,13.800000000000061,34.60428076412451,49.75276429072656,20.09655221166064,0.33033690646741065,0.025064605794452702,0.871888444267477,0.012123130997950295,-0.006322845248764568,-0.06635337322950363,0.0334036760032177,0.00045207884977571666,-0.06635337322950363,0.0334036760032177,0.00045207884977571666,0.8601879760622977,0.011691286601126193,0.00011301971244392917,0.1556042265185361,0.20000000000000284,18.789465663827176,none,0.16561110032336757,0.0,-0.010000000000000142,-6.8738048313361226e-06
R04_head_on_lateral_offset,65,14.000000000000064,34.76859601569121,49.80933201604695,20.092290851332418,0.3327832683953558,0.024058377377058147,0.866677375892961,0.01232525422515173,-0.003920503745573086,-0.08613995462656021,0.036391764879226685,0.003898846684023738,-0.08613995462656021,0.036391764879226685,0.003898846684023738,0.8483160272240637,0.01273711770772934,0.0009747116710059345,0.15458690583229068,0.20000000000000284,18.539215725617822,none,0.16459515218603116,0.0,-0.010000000000000142,-8.24635374032962e-06
R04_head_on_lateral_offset,66,14.200000000000067,34.931602024984954,49.86590476541991,20.0881972777716,0.33536683950402285,0.02343940407274098,0.8595825800327972,0.01342738882049016,-0.0023849632062025675,-0.10902689397335052,0.04478054866194725,0.002975939307361841,-0.10902689397335052,0.04478054866194725,0.002975939307361841,0.8345838636159897,0.01567319203168154,0.0007439848268404603,0.15320434143785747,0.20000000000000284,18.29027259833114,none,0.16321624214673847,0.0,-0.010000000000000142,-1.1900708880855821e-05
R04_head_on_lateral_offset,67,14.40000000000007,35.092988350552574,49.92240371683687,20.084223599060145,0.33818542585772593,0.023066561077691887,0.8511779729537471,0.014665182063930785,-0.0014164627604759858,-0.13072650134563446,0.0491068996489048,0.002228144556283951,-0.13072650134563446,0.0491068996489048,0.002228144556283951,0.8215640991926192,0.01718741487711668,0.0005570361390709877,0.15151629126777005,0.20000000000000284,18.04295613362798,none,0.16152609425716946,0.0,-0.010000000000000142,-9.802989399267351e-06
R04_head_on_lateral_offset,68,14.600000000000072,35.25260329117069,49.97880466914007,20.080338056161462,0.34115592345938733,0.022855061953325234,0.8425421393759702,0.01501353829412348,-0.0007488467934707724,-0.14647744596004486,0.04492393881082535,0.0024461771827191114,-0.14647744596004486,0.04492393881082535,0.0024461771827191114,0.812113532423973,0.01572337858378887,0.0006115442956797779,0.14967851146937575,0.20000000000000284,17.79742086380023,none,0.1596838242084928,0.0,-0.010000000000000142,-5.312739116906412e-06
R04_head_on_lateral_offset,69,14.800000000000075,35.41041935857976,50.035103087126394,20.076514856829114,0.34417954241208015,0.022807189852194563,0.8338746753515226,0.015207995003028921,0.00019870841173050553,-0.16110897064208984,0.044583532959222794,0.008518110029399395,-0.16110897064208984,0.044583532959222794,0.008518110029399395,0.803334617614746,0.015604236535727976,0.0021295275073498487,0.14780871761767556,0.20000000000000284,17.55369565862035,none,0.15781373893285888,0.0,-0.010000000000000142,-5.021315183193834e-06
R04_head_on_lateral_offset,70,15.000000000000078,35.56643571131356,50.091293607923326,20.072720719603012,0.34721336758305144,0.022998538638094923,0.8252330429101464,0.015135705199449801,0.0016085216250922387,-0.17535999417304993,0.04282400384545326,0.01792510785162449,-0.17535999417304993,0.04282400384545326,0.01792510785162449,0.79478400349617,0.01498840134590864,0.004481276962906122,0.1459366314597265,0.20000000000000284,17.311783236429168,none,0.15594252504417483,0.0,-0.010000000000000142,-5.893584448190565e-06
R04_head_on_lateral_offset,71,15.200000000000081,35.72060136774801,50.14734502786044,20.068913915588332,0.35022875140354526,0.023454271698907837,0.8160326955232713,0.0150263733616371,0.0028548714217927883,-0.19397498667240143,0.042295970022678375,0.02157815918326378,-0.19397498667240143,0.042295970022678375,0.02157815918326378,0.7836150079965591,0.01480358950793743,0.005394539795815945,0.14401296767689414,0.20000000000000284,17.07173987693386,none,0.1540201705078843,0.0,-0.010000000000000142,-7.20283099000997e-06
R04_head_on_lateral_offset,72,15.400000000000084,35.872799413710986,50.20319830818252,20.065059030803177,0.35320428413940286,0.024129764409346777,0.8061215033794521,0.014749799414618224,0.003826801197333673,-0.21466811001300812,0.040532082319259644,0.023229151964187622,-0.21466811001300812,0.040532082319259644,0.023229151964187622,0.7711991339921951,0.014186228811740875,0.0058072879910469055,0.1419723411998554,0.20000000000000284,16.833691299864057,none,0.1519810220484672,0.0,-0.010000000000000142,-8.680848611649916e-06
R04_head_on_lateral_offset,73,15.600000000000087,36.02291362402169,50.2587886276492,20.061130676967903,0.35610871852166665,0.024968788795585502,0.7956223815335745,0.01432645215139333,0.004511813212176366,-0.23561929166316986,0.03846801072359085,0.02363060787320137,-0.23561929166316986,0.03846801072359085,0.02363060787320137,0.758628425002098,0.013463803753256797,0.0059076519683003426,0.13981722959238968,0.20000000000000284,16.597763366404532,none,0.14982609706380856,0.0,-0.010000000000000142,-8.867471418740058e-06
R04_head_on_lateral_offset,74,15.80000000000009,36.17086649296215,50.31405967443353,20.057112734132655,0.35891169037541315,0.025918208271246357,0.784795364207321,0.013746943997927924,0.0049494005263924015,-0.25558990240097046,0.03590311110019684,0.023364262655377388,-0.25558990240097046,0.03590311110019684,0.023364262655377388,0.7466460585594177,0.012566088885068893,0.005841065663844347,0.1375862763240083,0.20000000000000284,16.364042267764443,none,0.14759438582287032,0.0,-0.010000000000000142,-8.10949886187802e-06
R04_head_on_lateral_offset,75,16.000000000000092,36.316655674162845,50.368980925090746,20.05299470068586,0.36163515563472554,0.026953844774868306,0.7741595984859585,0.013505877789567768,0.005374894935744917,-0.272193044424057,0.03718474507331848,0.024967674165964127,-0.272193044424057,0.03718474507331848,0.024967674165964127,0.7366841733455658,0.013014660775661468,0.006241918541491032,0.13535552838804057,0.20000000000000284,16.132535882881804,none,0.14536112594482375,0.0,-0.010000000000000142,-5.597556783042482e-06
R04_head_on_lateral_offset,76,16.200000000000095,36.47032664532788,50.42732262167207,20.048490969756376,0.3638405439603476,0.027704557228097337,0.8662814193877465,0.008895490975797154,0.002359500317327493,0.48665904998779297,-0.0014257868751883507,-0.01513969711959362,0.48665904998779297,-0.0014257868751883507,-0.01513969711959362,1.1919954299926758,-0.0004990254063159227,-0.003784924279898405,0.13155787921429077,0.20000000000000284,15.892748672067635,none,0.15313699672633163,0.0,-0.010000000000000142,-0.011579117512040712
R04_head_on_lateral_offset,77,16.400000000000098,36.64133623223873,50.49261277021627,20.04334030555456,0.3655219095866455,0.028735489940702127,0.9621378803508603,0.007986663726106303,0.007558014087331231,0.6779817342758179,0.017527885735034943,0.07260379195213318,0.6779817342758179,0.017527885735034943,0.07260379195213318,1.3067890405654907,0.006134760007262229,0.018150947988033295,0.15942082496537993,0.20000000000000284,15.634815968518145,none,0.1703140755874415,0.0,-0.010000000000000142,-0.0008932506220614203
R04_head_on_lateral_offset,78,16.6000000000001,36.82876076467804,50.56466281938496,20.0373914921839,0.3691560301825552,0.03059937034537932,1.0429069762364103,0.026927005948841412,0.010833886955936282,0.712498664855957,0.18720416724681854,0.07003633677959442,0.712498664855957,0.18720416724681854,0.07003633677959442,1.3274991989135743,0.06552145853638648,0.017509084194898605,0.17593589551513023,0.20000000000000284,15.359701851391238,none,0.18653565653173843,0.0,-0.010000000000000142,-0.0005997610166080636
R04_head_on_lateral_offset,79,16.800000000000104,37.02900683173054,50.64295002665118,20.0305806218636,0.37700579960929786,0.03268850150483172,1.1052964829997027,0.049843471085529494,0.010111845040345114,0.7085461616516113,0.27582859992980957,0.03456220403313637,0.7085461616516113,0.27582859992980957,0.03456220403313637,1.3251276969909669,0.09654000997543334,0.008640551008284092,0.18895166263490754,0.20000000000000284,15.071065699472848,none,0.1991342291637892,0.0,-0.010000000000000142,-0.000182566528881514
R04_head_on_lateral_offset,80,17.000000000000107,37.23793535030931,50.72705371646799,20.02296504571726,0.3890570211114556,0.03500165154324862,1.1462864669495716,0.06920914996746734,0.01281585381809124,0.6511930823326111,0.3104865849018097,0.07330308854579926,0.6511930823326111,0.3104865849018097,0.07330308854579926,1.2907158493995665,0.10867030471563338,0.018325772136449814,0.19744283145351121,0.20000000000000284,14.773098960250108,none,0.20756265960876163,0.0,-0.010000000000000142,-0.00011982815525028807
R04_head_on_lateral_offset,81,17.20000000000011,37.45158293191573,50.81650132770693,20.014536755646596,0.4044178079478004,0.03782594550732089,1.1703026943818424,0.08333411758029245,0.015244070766274221,0.5915409326553345,0.32033243775367737,0.08076804876327515,0.5915409326553345,0.32033243775367737,0.08076804876327515,1.2549245595932006,0.11211635321378707,0.020192012190818787,0.20192380964909967,0.20000000000000284,14.46983473960999,none,0.2119980305573108,0.0,-0.010000000000000142,-7.422090821098682e-05
R04_head_on_lateral_offset,82,17.400000000000112,37.65948865406858,50.9076992413138,20.00544943629571,0.42326893675081106,0.04296291619716331,1.1049095410527403,0.10364624269426477,0.0346620967547153,-0.04250851273536682,0.4143884479999542,0.29691967368125916,-0.04250851273536682,0.4143884479999542,0.29691967368125916,0.8744948923587799,0.14503595679998396,0.07422991842031479,0.18686115498365435,0.20000000000000284,14.172173862685806,none,0.20601289012802226,0.0,-0.010000000000000142,-0.00915173514436777
R04_head_on_lateral_offset,83,17.600000000000115,37.85470758729791,50.99787358900092,19.995363368173297,0.44139844424307084,0.051350204460865266,1.0504426996045728,0.0794709290520895,0.04819110277640654,-0.06912129372358322,0.08631215244531631,0.30303582549095154,-0.06912129372358322,0.08631215244531631,0.30303582549095154,0.8585272237658501,0.030209253355860707,0.07575895637273788,0.18096831590718088,0.20000000000000284,13.887401042736155,none,0.1931359099697758,0.0,-0.010000000000000142,-0.0021675940625948023
R04_head_on_lateral_offset,84,17.800000000000118,38.03939680265783,51.08680703920358,19.983865143073444,0.45565253483439694,0.06066988764483878,1.0048101970316023,0.06421948069090178,0.0452289843499535,-0.0932953879237175,0.0946909487247467,0.15677247941493988,-0.0932953879237175,0.0946909487247467,0.15677247941493988,0.8440227672457694,0.03314183205366134,0.03919311985373497,0.1719849369572792,0.20000000000000284,13.613424437600457,none,0.18242588810653615,0.0,-0.010000000000000142,-0.0004409511492568063
R04_head_on_lateral_offset,85,18.00000000000012,38.21594041628633,51.17469264933332,19.971077124123955,0.4680444209961562,0.06842408036888721,0.9729412224231634,0.0600161839957592,0.03321819759463142,-0.06558337062597275,0.1470033973455429,0.034975986927747726,-0.06558337062597275,0.1470033973455429,0.034975986927747726,0.8606499776244163,0.05145118907094001,0.008743996731936932,0.16373302618207222,0.20000000000000284,13.347869825196591,none,0.1740998048573843,0.0,-0.010000000000000142,-0.00036677867531193203
R04_head_on_lateral_offset,86,18.200000000000124,38.38643406016985,51.2621827822309,19.957394463286548,0.48034375452375483,0.07366251126213957,0.9493740259128608,0.06276962410780584,0.020150988726703907,-0.05610944330692291,0.19537219405174255,-0.025903470814228058,-0.05610944330692291,0.19537219405174255,-0.025903470814228058,0.8663343340158463,0.06838026791810989,-0.0064758677035570145,0.15773092910718167,0.20000000000000284,13.088591914226257,none,0.16785364119055401,0.0,-0.010000000000000142,-0.0001227120833721865
R04_head_on_lateral_offset,87,18.400000000000126,38.552248527775184,51.349928221209176,19.943245997766752,0.49324945295564543,0.07646590744651792,0.9327472398164935,0.06604081043303534,0.008742809226733058,-0.04306286200881004,0.20773273706436157,-0.05801387131214142,-0.04306286200881004,0.20773273706436157,-0.05801387131214142,0.874162282794714,0.07270645797252655,-0.014503467828035355,0.15293026289072967,0.20000000000000284,12.834170734839294,none,0.16295734437327525,0.0,-0.010000000000000142,-2.708148254542936e-05
R04_head_on_lateral_offset,88,18.60000000000013,38.71448580246811,51.43855380376155,19.92897867385494,0.5068732216857653,0.07724103472778329,0.9219321658574621,0.0699055880315039,-0.0003092792217057965,-0.02695842832326889,0.22223082184791565,-0.07501833885908127,-0.02695842832326889,0.22223082184791565,-0.07501833885908127,0.8838249430060385,0.07778078764677047,-0.018754584714770317,0.14912232766840502,0.20000000000000284,12.583464093560504,none,0.15913750165167073,0.0,-0.010000000000000142,-1.5173983265560908e-05
R04_head_on_lateral_offset,89,18.800000000000132,38.87401046512192,51.5286214855962,19.91485009258582,0.5212460968563221,0.07643954505221708,0.9157604005073645,0.07354859009126528,-0.00718722572859413,-0.009976652450859547,0.23134823143482208,-0.08480925858020782,-0.009976652450859547,0.23134823143482208,-0.08480925858020782,0.8940140085294843,0.08097188100218772,-0.021202314645051956,0.14614414285947683,0.20000000000000284,12.33558206517215,none,0.1561534902590438,0.0,-0.010000000000000142,-9.347399566834049e-06
R04_head_on_lateral_offset,90,19.000000000000135,39.03153310572917,51.62064129165625,19.901042051508856,0.5362601207748937,0.07445808927699868,0.9138717525053859,0.07637836830821812,-0.012246047879386423,0.012028411962091923,0.23469875752925873,-0.09021733701229095,0.012028411962091923,0.23469875752925873,-0.09021733701229095,0.9072170471772552,0.08214456513524054,-0.02255433425307274,0.14383750842991586,0.20000000000000284,12.089803950394396,none,0.1538480023538611,0.0,-0.010000000000000142,-1.0493923945104135e-05
R04_head_on_lateral_offset,91,19.200000000000138,39.187774518189066,51.71513922095796,19.887667907003802,0.5517018817959661,0.07164099153991915,0.9168550771871912,0.07792283521251088,-0.015667085406936367,0.045611511915922165,0.23162849247455597,-0.09055233001708984,0.045611511915922165,0.23162849247455597,-0.09055233001708984,0.9273669071495532,0.08106997236609459,-0.02263808250427246,0.14220239679240795,0.20000000000000284,11.845409498220597,none,0.15222514405941467,0.0,-0.010000000000000142,-2.274726700656692e-05
R04_head_on_lateral_offset,92,19.40000000000014,39.343340529790346,51.81257429260653,19.874800479132073,0.5674397748194278,0.06823515835515304,0.9229824219549332,0.07934863247952958,-0.018200316456618394,0.07428716123104095,0.23501130938529968,-0.09344897419214249,0.07428716123104095,0.23501130938529968,-0.09344897419214249,0.9445722967386245,0.08225395828485488,-0.02336224354803562,0.1411501610864205,0.20000000000000284,11.601813781132028,none,0.1511670036236481,0.0,-0.010000000000000142,-1.6842537227443056e-05
R04_head_on_lateral_offset,93,19.600000000000144,39.49857537477703,51.913269258521545,19.862507683239308,0.5834581744580716,0.06436397836190612,0.9310688531615071,0.08073116242825899,-0.020349499262444823,0.09926937520503998,0.23870949447155,-0.09891542792320251,0.09926937520503998,0.23870949447155,-0.09891542792320251,0.9595616251230239,0.08354832306504249,-0.02472885698080063,0.14039960833991802,0.20000000000000284,11.358719895481764,none,0.15041296173400553,0.0,-0.010000000000000142,-1.3353394087373128e-05
R04_head_on_lateral_offset,94,19.800000000000146,39.653711874852206,52.01750529492216,19.850844625422695,0.5998224073975509,0.060278131265076494,0.9411369677703261,0.0827583756202501,-0.020497794660622536,0.12768709659576416,0.24825485050678253,-0.0831998959183693,0.12768709659576416,0.24825485050678253,-0.0831998959183693,0.9766122579574585,0.08688919767737388,-0.020799973979592323,0.1398262408655705,0.20000000000000284,11.115960843048947,none,0.14984915403871213,0.0,-0.010000000000000142,-2.291317314150221e-05
R04_head_on_lateral_offset,95,20.00000000000015,39.80881078176959,52.12548240595762,19.83982325146434,0.6165169771321023,0.05626388880316932,0.9514448252301431,0.0840871702827697,-0.01970442624839152,0.14627476036548615,0.24798524379730225,-0.07235116511583328,0.14627476036548615,0.24798524379730225,-0.07235116511583328,0.9877648562192916,0.08679483532905578,-0.01808779127895832,0.1392941078475631,0.20000000000000284,10.873564626070749,none,0.14930337322540765,0.0,-0.010000000000000142,-9.265377844398515e-06
R04_head_on_lateral_offset,96,20.200000000000152,39.96377753482544,52.237277314142204,19.82942850134861,0.6333725133137876,0.052491200615522274,0.9617498951695969,0.08444148665850791,-0.018140340958579068,0.1634335070848465,0.24332420527935028,-0.05981291085481644,0.1634335070848465,0.24332420527935028,-0.05981291085481644,0.9980601042509079,0.08516347184777259,-0.01495322771370411,0.1386140154659859,0.20000000000000284,10.631740114373578,none,0.1486234825797652,0.0,-0.010000000000000142,-9.467113779177971e-06
R04_head_on_lateral_offset,97,20.400000000000155,40.118462058346026,52.35288389356989,19.819622255668026,0.6502170183575046,0.04905252078502884,0.971423758957715,0.08403425675438932,-0.016379195155719787,0.1758498251438141,0.23772700130939484,-0.05116213858127594,0.1758498251438141,0.23772700130939484,-0.05116213858127594,1.0055098950862884,0.08320445045828818,-0.012790534645318985,0.13775114955868525,0.20000000000000284,10.390772849495699,none,0.14775635614883242,0.0,-0.010000000000000142,-5.206590147027735e-06
R04_head_on_lateral_offset,98,20.600000000000158,40.27269246450121,52.472242185217546,19.810357789250336,0.666984008037679,0.045949982275905854,0.9805825534301149,0.08366357814668013,-0.014767652160043455,0.18808971345424652,0.23688071966171265,-0.045935340225696564,0.18808971345424652,0.23688071966171265,-0.045935340225696564,1.0128538280725479,0.08290825188159942,-0.011483835056424141,0.13667847753733658,0.20000000000000284,10.150988083389167,none,0.1466820345469273,0.0,-0.010000000000000142,-3.55700959057903e-06
R04_head_on_lateral_offset,99,20.80000000000016,40.4263245247277,52.595299389979765,19.8015885266263,0.6836552670201419,0.043147553251143826,0.9893754787234916,0.08309208518375678,-0.013362541479212746,0.20059600472450256,0.23407875001430511,-0.04199747368693352,0.20059600472450256,0.23407875001430511,-0.04199747368693352,1.0203576028347014,0.08192756250500678,-0.01049936842173338,0.1354233060379279,0.20000000000000284,9.912697785132703,none,0.14542690134089042,0.0,-0.010000000000000142,-3.595302962371705e-06
R04_head_on_lateral_offset,100,21.000000000000163,40.57912835678914,52.721919548818036,19.793279297445935,0.7002465099358733,0.04058673724819041,0.9965301726978119,0.08283938967030618,-0.012323901028639048,0.20289990305900574,0.2352127879858017,-0.040829915553331375,0.20289990305900574,0.2352127879858017,-0.040829915553331375,1.0217399418354034,0.08232447579503059,-0.010207478888332844,0.1339103510660813,0.20000000000000284,9.676317334554374,none,0.14391051020971446,0.0,-0.010000000000000142,-1.59143633037262e-07
R04_head_on_lateral_offset,101,21.200000000000166,40.73073135786133,52.851837739294886,19.785411333909632,0.7167709135994461,0.0382250924813515,1.0013658581761873,0.08243511705023018,-0.011364831822100144,0.19734089076519012,0.23317524790763855,-0.03764220327138901,0.19734089076519012,0.23317524790763855,-0.03764220327138901,1.018404534459114,0.08161133676767349,-0.009410550817847252,0.13199961558772724,0.20000000000000284,9.442419477731576,none,0.1420005199016643,0.0,-0.010000000000000142,-9.043139369072084e-07
R04_head_on_lateral_offset,102,21.40000000000017,40.88225931703958,52.98606231610072,19.777419479705365,0.7328783361439081,0.04324387826152636,1.0234703712152098,0.07890516163549297,0.056574109526485665,0.3355937600135803,0.20489206910133362,0.7797651290893555,0.3355937600135803,0.20489206910133362,0.7797651290893555,1.1013562560081482,0.07171222418546676,0.19494128227233887,0.11733241188876936,0.20000000000000284,9.210095864889501,none,0.1410937827098877,0.0,-0.010000000000000142,-0.013761370821118208
R04_head_on_lateral_offset,103,21.600000000000172,41.03335632485433,53.12421351739367,19.767569435520656,0.7483508094015063,0.0520056453860871,1.0261386028240824,0.07603583267210023,0.03283293724671594,0.2259003221988678,0.20054012537002563,-0.062176380306482315,0.2259003221988678,0.20054012537002563,-0.062176380306482315,1.0355401933193207,0.07018904387950897,-0.015544095076620579,0.11538063790831415,0.20000000000000284,8.980005932167012,none,0.13979897980746614,0.0,-0.010000000000000142,-0.014418341899151846
R04_head_on_lateral_offset,104,21.800000000000175,41.18190023593243,53.26442027670095,19.756476744513726,0.7653655176889348,0.055384781503012744,1.0198191170603061,0.09284438706930445,0.0031924329428954642,0.16258704662322998,0.3631283640861511,-0.22882232069969177,0.16258704662322998,0.3631283640861511,-0.22882232069969177,0.9975522279739379,0.12709492743015288,-0.05720558017492294,0.12533383465365394,0.20000000000000284,8.754496053922097,none,0.1364981221673034,0.0,-0.010000000000000142,-0.0011642875136493116
R04_head_on_lateral_offset,105,22.000000000000178,41.32731413482211,53.40682401301285,19.74528036134906,0.7848323423290029,0.053716716614423836,1.0186336923712822,0.10119450942327017,-0.018256474618660378,0.19076135754585266,0.3377412259578705,-0.24785037338733673,0.19076135754585266,0.3377412259578705,-0.24785037338733673,1.0144568145275115,0.11820942908525466,-0.06196259334683418,0.12255281294200504,0.20000000000000284,8.534346921488263,none,0.13258882024935303,0.0,-0.010000000000000142,-3.600730734785618e-05
R04_head_on_lateral_offset,106,22.20000000000018,41.469655801423656,53.551889074710544,19.734815220117277,0.8048391526458051,0.048693262659415995,1.0165542165326529,0.09903626121855975,-0.031016351219257172,0.18204520642757416,0.27039551734924316,-0.22806784510612488,0.18204520642757416,0.27039551734924316,-0.22806784510612488,1.0092271238565445,0.0946384310722351,-0.05701696127653122,0.11857086319142433,0.20000000000000284,8.319749100635219,none,0.1286709184750947,0.0,-0.010000000000000142,-0.00010005528367023509
R04_head_on_lateral_offset,107,22.400000000000183,41.60851114316091,53.69903527535682,19.725632350059875,0.8235576961757763,0.041753498340820906,1.009096891682527,0.0889122241902792,-0.037865100742162205,0.1380346566438675,0.19509321451187134,-0.20728278160095215,0.1380346566438675,0.19509321451187134,-0.20728278160095215,0.9828207939863205,0.06828262507915496,-0.05182069540023804,0.11420499633192169,0.20000000000000284,8.111337642224822,none,0.12436578401531762,0.0,-0.010000000000000142,-0.00016078768339578887
R04_head_on_lateral_offset,108,22.600000000000186,41.743619618773465,53.84737312917091,19.71803097645311,0.8401113972725873,0.03385151226326918,0.9992807739013487,0.07748598411556881,-0.04092419561796542,0.10782233625650406,0.15486544370651245,-0.18863067030906677,0.10782233625650406,0.15486544370651245,-0.18863067030906677,0.9646934017539024,0.054202905297279357,-0.04715766757726669,0.10980807431381534,0.20000000000000284,7.909547239563725,none,0.11986565349587153,0.0,-0.010000000000000142,-5.757918205604118e-05
R04_head_on_lateral_offset,109,22.80000000000019,41.87327446575664,53.99443687321932,19.711987792814636,0.8568842930954307,0.028870791148117098,0.9639029602580392,0.08934886694841311,-0.011128705831737803,-0.1012529656291008,0.32434767484664917,0.19834047555923462,-0.1012529656291008,0.32434767484664917,0.19834047555923462,0.8392482206225396,0.1135216861963272,0.049585118889808655,0.09946577555589652,0.20000000000000284,7.71603334294948,none,0.1139094430812051,0.0,-0.010000000000000142,-0.004443667525308435
R04_head_on_lateral_offset,110,23.000000000000192,41.99533624249153,54.13803058969639,19.70661278766269,0.8763538952589172,0.028968518098425728,0.9234243468395672,0.10422587265294961,0.01047751165341001,-0.19867201149463654,0.38440150022506714,0.21801671385765076,-0.19867201149463654,0.38440150022506714,0.21801671385765076,0.780796793103218,0.13454052507877348,0.05450417846441269,0.09580537220492875,0.20000000000000284,7.532752589271277,none,0.10607505394079908,0.0,-0.010000000000000142,-0.0002696817358701786
R04_head_on_lateral_offset,111,23.200000000000195,42.11307919714746,54.28234474294016,19.701124998285938,0.8961059749794787,0.029335362147054282,0.9391947369957022,0.09406104877262514,-0.00559749558761922,0.1579369306564331,0.20956668257713318,-0.15341319143772125,0.1579369306564331,0.20956668257713318,-0.15341319143772125,0.9947621583938597,0.0733483389019966,-0.03835329785943031,0.08515069016289446,0.20000000000000284,7.3570557602984685,none,0.101064636675531,0.0,-0.010000000000000142,-0.005913946512636405
R04_head_on_lateral_offset,112,23.400000000000198,42.22827440615545,54.42907357491923,19.69587016270571,0.9140528793184769,0.026315470962663387,0.9275729225015017,0.08601446665474474,-0.023269476541190794,-0.0222947895526886,0.1989087611436844,-0.23711763322353363,-0.0222947895526886,0.1989087611436844,-0.23711763322353363,0.8866231262683868,0.06961806640028953,-0.05927940830588341,0.08681854284151501,0.20000000000000284,7.187673787782005,none,0.09761061279818506,0.0,-0.010000000000000142,-0.000792069956669903
R04_head_on_lateral_offset,113,23.6000000000002,42.34025532141918,54.57694629863267,19.691487804138905,0.9312495562496358,0.020531433737383413,0.9278431178420222,0.08595665958398042,-0.033778806053243,0.047991931438446045,0.24525390565395355,-0.22077403962612152,0.047991931438446045,0.24525390565395355,-0.22077403962612152,0.9287951588630676,0.08583886697888374,-0.05519350990653038,0.08347499483331144,0.20000000000000284,7.025329365750327,none,0.0936220990056924,0.0,-0.010000000000000142,-0.0001471041723808142
R04_head_on_lateral_offset,114,23.800000000000203,42.449499439084015,54.72643245109977,19.688344016118197,0.9480046891619708,0.01322776777549268,0.9241194832690248,0.08190039107328688,-0.03887384012391497,0.018331917002797127,0.21038569509983063,-0.1970236599445343,0.018331917002797127,0.21038569509983063,-0.1970236599445343,0.9109991502016783,0.07363499328494072,-0.049255914986133575,0.07998434766686449,0.20000000000000284,6.869892804614166,none,0.09003753944883641,0.0,-0.010000000000000142,-5.319178197178205e-05
R04_head_on_lateral_offset,115,24.000000000000206,42.55587340889804,54.877104771626016,19.68662864428375,0.9639781043272272,0.005321732890860428,0.9205369897289443,0.07811878106299894,-0.04009450689449117,0.0131899518892169,0.20118014514446259,-0.17032736539840698,0.0131899518892169,0.20118014514446259,-0.17032736539840698,0.90791397113353,0.0704130508005619,-0.042581841349601746,0.07634029504762242,0.20000000000000284,6.721681727338732,none,0.08635677252957663,0.0,-0.010000000000000142,-1.64774819540728e-05
R04_head_on_lateral_offset,116,24.20000000000021,42.65934497457169,55.028655956283934,19.686362892566315,0.9794761704412056,-0.0022901336301865962,0.9148070557440959,0.07694997328505829,-0.03630943939142338,-0.00897088460624218,0.21305231750011444,-0.1143866553902626,-0.00897088460624218,0.21305231750011444,-0.1143866553902626,0.8946174692362547,0.07456831112504005,-0.02859666384756565,0.07259496734220727,0.20000000000000284,6.580917263641231,none,0.08267019562594413,0.0,-0.010000000000000142,-7.52282837367216e-05
R04_head_on_lateral_offset,117,24.40000000000021,42.759722335047584,55.18069420616167,19.687404696022057,0.9952202839510769,-0.008940495848759661,0.9074367752305192,0.08024296831073759,-0.03062278662147161,-0.030887698754668236,0.24843730032444,-0.07614071667194366,-0.030887698754668236,0.24843730032444,-0.07614071667194366,0.8814673807471991,0.086953055113554,-0.019035179167985916,0.0687716030467348,0.20000000000000284,6.447929019272955,none,0.07883550695834174,0.0,-0.010000000000000142,-6.390391160679743e-05
R04_head_on_lateral_offset,118,24.600000000000215,42.85683743966973,55.33313032005104,19.68955160371957,1.0122479561105495,-0.014690039576226875,0.9004734742872972,0.08934754039270146,-0.027135488786459824,-0.04010319337248802,0.308285117149353,-0.08011789619922638,-0.04010319337248802,0.308285117149353,-0.08011789619922638,0.8759380839765072,0.10789979100227355,-0.020029474049806595,0.06476646505004449,0.20000000000000284,6.3230736135972165,none,0.07484011513957967,0.0,-0.010000000000000142,-7.36500895350329e-05
R04_head_on_lateral_offset,119,24.800000000000217,42.95060541974247,55.48637228634874,19.692688766479,1.0316584933918536,-0.02029739268414797,0.8965529411875309,0.10367776161122885,-0.02881170559384151,-0.028768615797162056,0.37965211272239685,-0.12890923023223877,-0.028768615797162056,0.37965211272239685,-0.12890923023223877,0.8827388305217028,0.1328782394528389,-0.03222730755805969,0.06054440205502801,0.20000000000000284,6.206768781797848,none,0.07069644835468125,0.0,-0.010000000000000142,-0.00015204629965309864
R04_head_on_lateral_offset,120,25.00000000000022,43.040902248860434,55.641105951170566,19.696871187710215,1.054015226135391,-0.02656077483976895,0.8955562720443289,0.11875331892746084,-0.03347094818624793,-0.013259200379252434,0.427064448595047,-0.17186006903648376,-0.013259200379252434,0.427064448595047,-0.17186006903648376,0.8920444797724485,0.14947255700826645,-0.04296501725912094,0.05623200620135496,0.20000000000000284,6.0995885277002255,none,0.066318671123625,0.0,-0.010000000000000142,-8.666492226989036e-05
R04_head_on_lateral_offset,121,25.200000000000223,43.12741911405639,55.797830627191196,19.7022549093839,1.0793214730730905,-0.03373474690923646,0.8954942133010517,0.13321887912253447,-0.03793250438395994,-0.007874087430536747,0.4648432433605194,-0.18809500336647034,-0.007874087430536747,0.4648432433605194,-0.18809500336647034,0.8952755475416778,0.16269513517618178,-0.047023750841617584,0.05150808855921692,0.20000000000000284,6.0022556708468855,none,0.061542484756579086,0.0,-0.010000000000000142,-3.439619736202175e-05
R04_head_on_lateral_offset,122,25.400000000000226,43.209676298035376,55.95672126784899,19.70898006225459,1.107350902797585,-0.041447109178428435,0.8950523699924089,0.14610424617691797,-0.039102905043940255,-0.010840795934200287,0.4924587607383728,-0.16595125198364258,-0.010840795934200287,0.4924587607383728,-0.16595125198364258,0.8934955224394798,0.17236056625843046,-0.041487812995910645,0.04621768585962447,0.20000000000000284,5.915540974540622,none,0.05624292113731855,0.0,-0.010000000000000142,-2.5235277693934374e-05
R04_head_on_lateral_offset,123,25.60000000000023,43.28688119027703,56.11719330438486,19.717026258534755,1.1379021247493883,-0.04864632455062387,0.8879499757904488,0.15847554666570624,-0.033324749111532485,-0.0617925226688385,0.5248124599456787,-0.08620274811983109,-0.0617925226688385,0.5248124599456787,-0.08620274811983109,0.8629244863986969,0.18368436098098753,-0.02155068702995777,0.040033171975485934,0.20000000000000284,5.8401484936007595,none,0.05023322525904916,0.0,-0.010000000000000142,-0.0002000532835630886
R04_head_on_lateral_offset,124,25.80000000000023,43.35827699867501,56.278557030010454,19.726151067630106,1.1711756703310698,-0.05435579232101359,0.8794165946241786,0.17315362063105122,-0.02443960329486459,-0.08441836386919022,0.580179750919342,-0.02533789724111557,-0.08441836386919022,0.580179750919342,-0.02533789724111557,0.8493489816784858,0.2030629128217697,-0.0063344743102788925,0.033432472215708456,0.20000000000000284,5.776577800196399,none,0.04357811212915408,0.0,-0.010000000000000142,-0.0001456399134454822
R04_head_on_lateral_offset,125,26.000000000000234,43.42338964703958,56.440719691804695,19.736036506652198,1.2073773885840067,-0.058351190028473165,0.8713154060501407,0.1877624893848824,-0.01613992194238882,-0.09538227319717407,0.6215164661407471,0.003088859375566244,-0.09538227319717407,0.6215164661407471,0.003088859375566244,0.8427706360816956,0.21753076314926145,0.000772214843891561,0.02641486161331137,0.20000000000000284,5.72522043300919,none,0.03646760184980735,0.0,-0.010000000000000142,-5.2740236495837053e-05
R04_head_on_lateral_offset,126,26.200000000000237,43.48186948547673,56.603837316045414,19.746393583523894,1.246242496365925,-0.060751231953351484,0.8650134723376537,0.1999686112920541,-0.008440782537169352,-0.09531928598880768,0.6424024105072021,0.028990555554628372,-0.09531928598880768,0.6424024105072021,0.028990555554628372,0.8428084284067154,0.22484084367752075,0.007247638888657093,0.0189621791544406,0.20000000000000284,5.686403891576758,none,0.028984321644529132,0.0,-0.010000000000000142,-2.214249008839032e-05
R04_head_on_lateral_offset,127,26.40000000000024,43.533312385265766,56.76767596132644,19.75692206902447,1.2873242179747917,-0.06131434882593444,0.8559983480666644,0.21008605186338336,0.002021100221515844,-0.1262778341770172,0.659149169921875,0.09335649013519287,-0.1262778341770172,0.659149169921875,0.09335649013519287,0.8242332994937895,0.23070220947265624,0.023339122533798218,0.011037625537621986,0.20000000000000284,5.660237343208841,none,0.02114526272144701,0.0,-0.010000000000000142,-0.00010763718382488268
R04_head_on_lateral_offset,128,26.600000000000243,43.57726806076885,56.93145047383148,19.767234077211654,1.3302661246057799,-0.05973778052466247,0.8435484478355793,0.21868491677637958,0.012922911710478872,-0.1671985536813736,0.6748762726783752,0.14054948091506958,-0.1671985536813736,0.6748762726783752,0.14054948091506958,0.7996808677911758,0.2362066954374313,0.035137370228767395,0.0029314180371147764,0.20000000000000284,5.646461354426686,none,0.013014398545607264,0.0,-0.010000000000000142,-8.298050849234518e-05
R04_head_on_lateral_offset,129,26.800000000000246,43.61334420825632,57.09393968846351,19.776901201373526,1.3748079422972135,-0.05579087634320374,0.8247308111864752,0.22616917084549282,0.025591311046383427,-0.2359561175107956,0.6897706389427185,0.20562207698822021,-0.2359561175107956,0.6897706389427185,0.20562207698822021,0.7584263294935226,0.24141972362995145,0.051405519247055054,-0.005434970143337754,0.20000000000000284,5.643842636651867,none,0.0047487076064598455,0.0,-0.010000000000000142,-0.00018367774979745734
R04_head_on_lateral_offset,130,27.00000000000025,43.641465908455714,57.254715339106944,19.78551671087739,1.4208785622198354,-0.04910726280747447,0.8105140633772785,0.23395054509784352,0.040147706702319,-0.23263175785541534,0.7137329578399658,0.27923622727394104,-0.23263175785541534,0.7137329578399658,0.27923622727394104,0.7604209452867507,0.24980653524398802,0.06980905681848526,-0.0135918587581126,0.20000000000000284,5.644362237460141,none,-0.0034717730137856506,0.0,-0.010000000000000142,-0.00012008574432680775
R04_head_on_lateral_offset,131,27.20000000000025,43.66177807761127,57.41474348756002,19.79271269458726,1.4685757322115727,-0.0394692049476188,0.8046369500264363,0.24238541730309004,0.05510550082795983,-0.19345204532146454,0.7416372299194336,0.34233909845352173,-0.19345204532146454,0.7416372299194336,0.34233909845352173,0.7839287728071213,0.25957303047180175,0.08558477461338043,-0.02182793972714297,0.20000000000000284,5.653278299838302,none,-0.011702026314630132,0.0,-0.010000000000000142,-0.00012591341251269483
R04_head_on_lateral_offset,132,27.400000000000254,43.674302257471496,57.57548122009118,19.798125912812488,1.5176759424635429,-0.02723412304995934,0.8085002366590494,0.24817995043150431,0.06639446715291833,-0.12981227040290833,0.7428210973739624,0.35759130120277405,-0.12981227040290833,0.7428210973739624,0.35759130120277405,0.822112637758255,0.25998738408088684,0.08939782530069351,-0.030265173605758186,0.20000000000000284,5.673184081452318,none,-0.02017949256210727,0.0,-0.010000000000000142,-8.568104365077379e-05
R04_head_on_lateral_offset,133,27.600000000000257,43.678870527067986,57.738151494816556,19.801430572725298,1.567853237479318,-0.013098227324437741,0.8188644610633504,0.2532136119429996,0.07436383752514784,-0.07436149567365646,0.7527732253074646,0.36241161823272705,-0.07436149567365646,0.7527732253074646,0.36241161823272705,0.8553831025958061,0.2634706288576126,0.09060290455818176,-0.039128416761085624,0.20000000000000284,5.704537107893184,none,-0.029064475386590516,0.0,-0.010000000000000142,-6.394137449496574e-05
R04_head_on_lateral_offset,134,27.80000000000026,43.67514695449793,57.90292322344795,19.80233894545882,1.6190096085736445,0.002194128673997454,0.8290049779894259,0.2579900948081337,0.07826564283841995,-0.05877436697483063,0.7649230360984802,0.34486517310142517,-0.05877436697483063,0.7649230360984802,0.34486517310142517,0.8647353798151016,0.26772306263446805,0.08621629327535629,-0.04833014699757567,0.20000000000000284,5.74787559169175,none,-0.03831617791317399,0.0,-0.010000000000000142,-1.3969084401540544e-05
R04_head_on_lateral_offset,135,28.000000000000263,43.662812132735745,58.0688471512677,19.800681187111902,1.6711116346588288,0.017641249259258918,0.8348140762219902,0.26267691940778454,0.07634994912177735,-0.0745289996266365,0.7777919769287109,0.2897854745388031,-0.0745289996266365,0.7777919769287109,0.2897854745388031,0.8552826002240181,0.2722271919250488,0.07244636863470078,-0.05774541385745325,0.20000000000000284,5.803196575850659,none,-0.04767646203181641,0.0,-0.010000000000000142,-6.895182563669277e-05
R04_head_on_lateral_offset,136,28.200000000000266,43.64159962936545,58.23514840793544,19.796443031346996,1.7244235657357132,0.032865915545441424,0.8420683011208201,0.2698981278545251,0.07592847993270549,-0.05395204946398735,0.813179075717926,0.3002786338329315,-0.05395204946398735,0.813179075717926,0.3002786338329315,0.8676287703216075,0.2846126765012741,0.07506965845823288,-0.06714957019997868,0.20000000000000284,5.869670256710817,none,-0.057113854919364826,0.0,-0.010000000000000142,-3.5715280613715376e-05
R04_head_on_lateral_offset,137,28.40000000000027,43.61112583251696,58.401700183936875,19.789586336037633,1.7793313135293631,0.0480406711036881,0.8522232902268951,0.27852885123466264,0.07582674353640409,-0.019992191344499588,0.8460444211959839,0.30247774720191956,-0.019992191344499588,0.8460444211959839,0.30247774720191956,0.8880046851933001,0.29611554741859436,0.07561943680047989,-0.07691922049576348,0.20000000000000284,5.946462472804159,none,-0.06687445571583339,0.0,-0.010000000000000142,-4.476477992994998e-05
R04_head_on_lateral_offset,138,28.60000000000027,43.57090420383793,58.5684131693066,19.78002271661193,1.835925900470316,0.06339036536330327,0.8650322198422545,0.28679406764015664,0.07754099563549803,0.016941417008638382,0.8675313591957092,0.3241364061832428,0.016941417008638382,0.8675313591957092,0.3241364061832428,0.9101648502051829,0.3036359757184982,0.0810341015458107,-0.08710971340081775,0.20000000000000284,6.033238732391503,none,-0.07706381585202848,0.0,-0.010000000000000142,-4.589754878912556e-05
R04_head_on_lateral_offset,139,28.800000000000274,43.520440957134575,58.735006614332605,19.767603796819255,1.894045044613424,0.07905241224776019,0.8796380164662864,0.2938644761007667,0.07897164496579681,0.05183659866452217,0.8807764053344727,0.32754743099212646,0.05183659866452217,0.8807764053344727,0.32754743099212646,0.9311019591987133,0.3082717418670654,0.08188685774803162,-0.09766979048798755,0.20000000000000284,6.1297521411192655,none,-0.08764169568718216,0.0,-0.010000000000000142,-2.8094800805238408e-05
R04_head_on_lateral_offset,140,29.000000000000277,43.45920859109734,58.901282417605245,19.752170922997134,1.9531891821505374,0.09451063550477067,0.898367678746948,0.2973167043376972,0.07584615614106113,0.10727030038833618,0.869575023651123,0.2779095768928528,0.10727030038833618,0.869575023651123,0.2779095768928528,0.9643621802330016,0.30435125827789306,0.0694773942232132,-0.1087679994630212,0.20000000000000284,6.235613670715237,none,-0.09865475380706101,0.0,-0.010000000000000142,-0.00011324565596003284
R04_head_on_lateral_offset,141,29.20000000000028,43.38620077082971,59.06816372139492,19.733548823549995,2.0129937198824686,0.1088485323499979,0.9313660269581371,0.3004895361938573,0.06811547485781418,0.24606108665466309,0.877013623714447,0.2094511240720749,0.24606108665466309,0.877013623714447,0.2094511240720749,1.0476366519927978,0.3069547683000564,0.05236278101801872,-0.12131339281603425,0.20000000000000284,6.350517720907687,none,-0.11083329731831526,0.0,-0.010000000000000142,-0.0004800954977188399
R04_head_on_lateral_offset,142,29.400000000000283,43.30019197889022,59.23639675071638,19.711628415054914,2.073639080310471,0.12180121012787874,0.9692472933208708,0.3055803711335214,0.061881182427186,0.3378717005252838,0.9027253985404968,0.19671063125133514,0.3378717005252838,0.9027253985404968,0.19671063125133514,1.1027230203151703,0.31595388948917386,0.049177657812833786,-0.13454213256844244,0.20000000000000284,6.475342293652613,none,-0.12435708048161587,0.0,-0.010000000000000142,-0.0001850520868264205
R04_head_on_lateral_offset,143,29.600000000000286,43.20016705932891,59.40564334794714,19.68634560609454,2.1353072037857483,0.1337289329789932,1.011214160602178,0.31071394539764335,0.057710398649796185,0.43180936574935913,0.9176415801048279,0.1968466192483902,0.43180936574935913,0.9176415801048279,0.1968466192483902,1.1590856194496155,0.32117455303668974,0.04921165481209755,-0.14894125345378714,0.20000000000000284,6.610999050920176,none,-0.1387603175355281,0.0,-0.010000000000000142,-0.00018093591825891765
R04_head_on_lateral_offset,144,29.80000000000029,43.08517653854254,59.575198395930315,19.657599779898096,2.197920432206982,0.14479140443383007,1.0557784668610493,0.31508861904071106,0.05325046196046317,0.5213367938995361,0.9257223606109619,0.1766500622034073,0.5213367938995361,0.9257223606109619,0.1766500622034073,1.2128020763397216,0.32400282621383664,0.04416251555085182,-0.16404945223243061,0.20000000000000284,6.7574403222757855,none,-0.15387968502600557,0.0,-0.010000000000000142,-0.0001697672064248934
R04_head_on_lateral_offset,145,30.00000000000029,42.95445867837097,59.74399848294624,19.625351174401086,2.2612354536574113,0.15465493499932353,1.1015851430441757,0.31785322659914167,0.04593612621848,0.6049771308898926,0.9242475032806396,0.12412725389003754,0.6049771308898926,0.9242475032806396,0.12412725389003754,1.2629862785339354,0.3234866261482239,0.031031813472509384,-0.1796251651497977,0.20000000000000284,6.914304766142019,none,-0.169430034618415,0.0,-0.010000000000000142,-0.00019513053138256353
R04_head_on_lateral_offset,146,30.200000000000294,42.808252104667694,59.909879770833896,19.58989586375946,2.3250096662308253,0.162915831637739,1.1365431613270078,0.31974622367635763,0.03732208190905823,0.5995312333106995,0.9245815873146057,0.07907748967409134,0.5995312333106995,0.9245815873146057,0.07907748967409134,1.2597187399864196,0.323603555560112,0.019769372418522835,-0.19418445676804813,0.20000000000000284,7.080857875017875,none,-0.18414327175467804,0.0,-0.010000000000000142,-4.118501336994318e-05
R04_head_on_lateral_offset,147,30.400000000000297,42.647388915233094,60.070417018883845,19.5517140697707,2.389260744000026,0.169651374507066,1.1668904140128662,0.32255300640280293,0.03054419693744454,0.6230330467224121,0.9379209876060486,0.06693200767040253,0.6230330467224121,0.9379209876060486,0.06693200767040253,1.2738198280334472,0.328272345662117,0.01673300191760063,-0.20737059575292516,0.20000000000000284,7.254916640813905,none,-0.1973530400015875,0.0,-0.010000000000000142,-1.7555751337524626e-05
R04_head_on_lateral_offset,148,30.6000000000003,42.47254269353443,60.223730667479686,19.511181699552704,2.4540630909493095,0.17521776050455798,1.1927612654771247,0.3252659854721468,0.025499855749455014,0.6398632526397705,0.9451262354850769,0.06088430806994438,0.6398632526397705,0.9451262354850769,0.06088430806994438,1.2839179515838623,0.33079418241977687,0.015221077017486095,-0.2193442668885124,0.20000000000000284,7.433790011936093,none,-0.20933683196653874,0.0,-0.010000000000000142,-7.434921973526188e-06
R04_head_on_lateral_offset,149,30.800000000000303,42.284278839566454,60.368287284384664,19.468583669014162,2.519359254054621,0.179614265510083,1.2179676817061311,0.3275253564680215,0.01895823703747389,0.6779720187187195,0.9489406943321228,0.022513912990689278,0.6779720187187195,0.9489406943321228,0.022513912990689278,1.3067832112312316,0.33212924301624297,0.005628478247672319,-0.230341440532298,0.20000000000000284,7.615401990698164,none,-0.22028265822495996,0.0,-0.010000000000000142,-5.878230733787966e-05
R04_head_on_lateral_offset,150,31.000000000000306,42.08321437354874,60.50271637374823,19.42425346769866,2.58504797791159,0.18257346382882733,1.2403107333112549,0.32923316437694733,0.011217189967398528,0.6983951926231384,0.9506089687347412,-0.0182265043258667,0.6983951926231384,0.9506089687347412,-0.0182265043258667,1.3190371155738831,0.3327131390571594,-0.004556626081466675,-0.24022376567368808,0.20000000000000284,7.798107326829564,none,-0.23018217225818915,0.0,-0.010000000000000142,-4.1593415498794096e-05
R04_head_on_lateral_offset,151,31.20000000000031,41.87041459688068,60.625547843436884,19.37867463824999,2.651050292862899,0.183861427514307,1.2582319401512554,0.3306808712625065,0.0023321161623704972,0.7022963762283325,0.9532309770584106,-0.0630914643406868,0.7022963762283325,0.9532309770584106,-0.0630914643406868,1.3213778257369995,0.3336308419704437,-0.0157728660851717,-0.2486191283155598,0.20000000000000284,7.980442685240856,none,-0.2385784291395936,0.0,-0.010000000000000142,-4.0699175966044664e-05
R04_head_on_lateral_offset,152,31.40000000000031,41.646877424733134,60.735567916417615,19.33231132995747,2.71728836065585,0.18389553636039077,1.2755934748699131,0.33162839190180854,-0.0016880288042625887,0.7279455661773682,0.9530261158943176,-0.03951927274465561,0.7279455661773682,0.9530261158943176,-0.03951927274465561,1.3367673397064208,0.33355914056301117,-0.009879818186163902,-0.2556374027067975,0.20000000000000284,8.160669815781407,none,-0.2456131312842018,0.0,-0.010000000000000142,-2.427142259556536e-05
R04_head_on_lateral_offset,153,31.600000000000314,41.41364667577739,60.831732117019605,19.285431212415883,2.783633271807684,0.18347884857469152,1.2901168869679769,0.3318072398232835,-0.0024234223376428683,0.73548424243927,0.949061930179596,-0.015687691047787666,0.73548424243927,0.949061930179596,-0.015687691047787666,1.341290545463562,0.33217167556285854,-0.003921922761946917,-0.2613163639160946,0.20000000000000284,8.337367460856257,none,-0.2513035541022077,0.0,-0.010000000000000142,-1.2809813886741143e-05
R04_head_on_lateral_offset,154,31.800000000000317,41.17205248330822,60.913067103438394,19.238169091386936,2.8499589230191793,0.18315653585817668,1.302358879067362,0.3314743613867272,-0.0009135073357121226,0.7424898147583008,0.9451315999031067,0.00865289568901062,0.7424898147583008,0.9451315999031067,0.00865289568901062,1.3454938888549806,0.3307960599660873,0.002163223922252655,-0.2654254585684712,0.20000000000000284,8.509297863510138,none,-0.2554123187744253,0.0,-0.010000000000000142,-1.3139794045821177e-05
R04_head_on_lateral_offset,155,32.00000000000032,40.92332264359548,60.97882730940785,19.190531139288904,2.916161335816893,0.18295387437074317,1.3140177527994727,0.33061456924619415,-0.0010991180339289012,0.758496880531311,0.9396073818206787,-0.005909336730837822,0.758496880531311,0.9396073818206787,-0.005909336730837822,1.3550981283187866,0.3288625836372375,-0.0014773341827094555,-0.2681314855920772,0.20000000000000284,8.675170331893323,none,-0.2581215095570144,0.0,-0.010000000000000142,-9.976035062667712e-06
R04_head_on_lateral_offset,156,32.20000000000031,40.66841840535755,61.02847990120024,19.142469437959363,2.982098974270679,0.18311801093502297,1.3268619991629589,0.32889167042089756,0.0024713751018309,0.7868651151657104,0.9296598434448242,0.0389876626431942,0.7868651151657104,0.9296598434448242,0.0389876626431942,1.3721190690994263,0.32538094520568844,0.00974691566079855,-0.2698260051099507,0.19999999999998863,8.83398761321858,none,-0.2597676160937752,0.0,-0.009999999999999431,-5.838901617606536e-05
R04_head_on_lateral_offset,157,32.4000000000003,40.4083828681176,61.06160251094165,19.093793390569594,3.047457254624309,0.18423609295430146,1.3391651611153041,0.32498553880986014,0.008272233564504173,0.804192841053009,0.905788779258728,0.0803702250123024,0.804192841053009,0.905788779258728,0.0803702250123024,1.3825157046318055,0.3170260727405548,0.0200925562530756,-0.27037833204987677,0.19999999999998863,8.985122314763053,none,-0.2603266801647166,0.0,-0.009999999999999431,-5.165188516070424e-05
R04_head_on_lateral_offset,158,32.600000000000286,40.14448717259059,61.0779439611708,19.044265215132057,3.111686833394477,0.18614399071641685,1.3507109146302994,0.31784819175345586,0.010629106229083697,0.8189878463745117,0.8665843605995178,0.061726681888103485,0.8189878463745117,0.8665843605995178,0.061726681888103485,1.391392707824707,0.3033045262098312,0.015431670472025871,-0.2696903328169169,0.19999999999998863,9.128024205318736,none,-0.2596482636104156,0.0,-0.009999999999999431,-4.206920650187573e-05
R04_head_on_lateral_offset,159,32.800000000000274,39.87821086393236,61.0775329714642,18.99378161415845,3.1741336288195936,0.1886730037079174,1.3594754764937502,0.30740673646611893,0.014378436156622239,0.8172627687454224,0.8175152540206909,0.08807355910539627,0.8172627687454224,0.8175152540206909,0.08807355910539627,1.3903576612472535,0.2861303389072418,0.022018389776349068,-0.26768568486818906,0.19999999999998863,9.262154480565052,none,-0.25762358664714213,0.0,-0.009999999999999431,-6.20982210474752e-05
R04_head_on_lateral_offset,160,33.00000000000026,39.61132874684423,61.06076783730146,18.942277860016237,3.233897493188617,0.19196736360875014,1.3639120221244667,0.29143565026042123,0.018271725110163815,0.7992405295372009,0.7396903038024902,0.10482008755207062,0.7992405295372009,0.7396903038024902,0.10482008755207062,1.3795443177223206,0.25889160633087155,0.026205021888017654,-0.26421441333957496,0.19999999999998863,9.387041745798653,none,-0.25408117393562435,0.0,-0.009999999999999431,-0.00013323940395118083
R04_head_on_lateral_offset,161,33.20000000000025,39.345716670602656,61.028592492230025,18.889690416708387,3.2894350371101484,0.19641624624322662,1.363168978867372,0.26586690864309714,0.025660228671510223,0.7675847411155701,0.6107596158981323,0.16286268830299377,0.7675847411155701,0.6107596158981323,0.16286268830299377,1.360550844669342,0.2137658655643463,0.040715672075748444,-0.25949640424747045,0.19999999999998863,9.502269285186578,none,-0.24907652115295065,0.0,-0.009999999999999431,-0.00041988309452034133
R04_head_on_lateral_offset,162,33.40000000000024,39.08314519731317,60.982610633397634,18.835848573372886,3.3393971362520722,0.2024776424992969,1.3568892413502005,0.23600479455724815,0.034302374156233995,0.7246040105819702,0.5004434585571289,0.2076493799686432,0.7246040105819702,0.5004434585571289,0.2076493799686432,1.334762406349182,0.1751552104949951,0.0519123449921608,-0.2532066467537923,0.19999999999998863,9.607697723483637,none,-0.24288618984343202,0.0,-0.009999999999999431,-0.0003204569103608179
R04_head_on_lateral_offset,163,33.60000000000023,38.82535815921909,60.92495642300835,18.78071776351906,3.38248765148857,0.20883110748354197,1.3424542817175589,0.19778127026406148,0.029587626859767603,0.6526538133621216,0.34255361557006836,0.07992182672023773,0.6526538133621216,0.34255361557006836,0.07992182672023773,1.291592288017273,0.11989376544952392,0.019980456680059433,-0.246586541986745,0.19999999999998863,9.703658922610664,none,-0.23565813476160002,0.0,-0.009999999999999431,-0.00092840722514556
R04_head_on_lateral_offset,164,33.80000000000022,38.57526250406255,60.858682990539336,18.725095630260203,3.4172523812246918,0.21466642941973893,1.3057841940458526,0.15322429281744138,0.02882320694014391,0.46096014976501465,0.17837487161159515,0.10906223952770233,0.46096014976501465,0.17837487161159515,0.10906223952770233,1.1765760898590087,0.0624312050640583,0.027265559881925583,-0.23774530841326083,0.19999999999998863,9.79074808457248,none,-0.22645430272746836,0.0,-0.009999999999999431,-0.001291005685793043
R04_head_on_lateral_offset,165,34.000000000000206,38.337760341334636,60.78825931232166,18.67040757229672,3.4398223059372373,0.21965098805554403,1.2344995705373631,0.078134483875825,0.0215691209123944,0.13887692987918854,-0.21392828226089478,0.027150312438607216,0.13887692987918854,-0.21392828226089478,0.027150312438607216,0.983326157927513,-0.07487489879131316,0.006787578109651804,-0.22892236294479504,0.19999999999998863,9.869142319153456,none,-0.21363538436740015,0.0,-0.009999999999999431,-0.005286978577395463
R04_head_on_lateral_offset,166,34.200000000000195,38.1171495702882,60.71931920408759,18.61845046128518,3.445492269661383,0.2218864929587975,1.1344995705373635,-0.01912566522267053,0.002242572797267043,-0.34098783135414124,-0.6649588346481323,-0.14855538308620453,-0.34098783135414124,-0.6649588346481323,-0.14855538308620453,0.6954073011875153,-0.2327355921268463,-0.03713884577155113,-0.21728378373053306,0.19999999999998863,9.938246429516553,none,-0.19799235893653133,0.0,-0.009999999999999431,-0.009291424794002303
R04_head_on_lateral_offset,167,34.40000000000018,37.91493587156435,60.656918453246384,18.570903134872434,3.4331711341351085,0.21887136751674535,1.0344995705373639,-0.09813104345829847,-0.029966244111521163,-0.6375497579574585,-0.7403403520584106,-0.38239067792892456,-0.6375497579574585,-0.7403403520584106,-0.38239067792892456,0.5174701452255249,-0.2591191232204437,-0.09559766948223114,-0.19498121033407997,0.19999999999998863,9.998274021837268,none,-0.18201500444224195,0.0,-0.009999999999999431,-0.0029662058918385847
R04_head_on_lateral_offset,168,34.60000000000017,37.7300906428507,60.6037538442254,18.528792731121612,3.407670853032216,0.2116467144606655,0.9344995705373639,-0.15275476957305528,-0.04141722443544235,-0.860944390296936,-0.7544592022895813,-0.2590028643608093,-0.860944390296936,-0.7544592022895813,-0.2590028643608093,0.38343336582183835,-0.26406072080135345,-0.06475071609020233,-0.17886405311628983,0.19999999999998863,10.050763605658727,none,-0.1675574719917492,0.0,-0.009999999999999431,-0.0013065811245412107
R04_head_on_lateral_offset,169,34.80000000000016,37.56238960493902,60.56089898729846,18.49231474025805,3.3743351435587727,0.20374127086559252,0.8344995705373638,-0.17865055605524563,-0.037902143653224835,-0.9052063226699829,-0.6611943244934082,-0.12295806407928467,-0.9052063226699829,-0.6611943244934082,-0.12295806407928467,0.3568762063980102,-0.23141801357269284,-0.030739516019821167,-0.16404974319196114,0.19999999999998863,10.097484226732531,none,-0.15346643031653429,0.0,-0.009999999999999431,-0.0005833128754274241
R04_head_on_lateral_offset,170,35.00000000000015,37.41216601946661,60.52807824968517,18.461158302852855,3.338193723692764,0.19577289318280214,0.7351261049590588,-0.18247536612639068,-0.04150972895775292,-0.9049597978591919,-0.543626070022583,-0.19544340670108795,-0.9049597978591919,-0.543626070022583,-0.19544340670108795,0.35702412128448485,-0.19026912450790404,-0.04886085167527199,-0.14928544738171431,0.19999999999998863,10.1386898809476,none,-0.1389039177791389,0.0,-0.009999999999999431,-0.0003815296025759851
R04_head_on_lateral_offset,171,35.20000000000014,37.27856553914168,60.50391088044704,18.434815391819384,3.3025424899786704,0.18727234342655097,0.651869300876406,-0.17462839810883293,-0.04335657179754555,-0.9024807214736938,-0.4532535672187805,-0.18847942352294922,-0.9024807214736938,-0.4532535672187805,-0.18847942352294922,0.3585115671157837,-0.15863874852657317,-0.047119855880737305,-0.13494871233140765,0.19999999999998863,10.173492889720029,none,-0.12478427568851913,0.0,-0.009999999999999431,-0.00016443664288907646
R04_head_on_lateral_offset,172,35.40000000000013,37.157770967458625,60.4863415901354,18.41220420366553,3.2697946850607127,0.17908320706122108,0.5924039322618586,-0.15437607178312573,-0.0388727389727676,-0.8618733286857605,-0.3231663107872009,-0.11894439905881882,-0.8618733286857605,-0.3231663107872009,-0.11894439905881882,0.38287600278854367,-0.11310820877552032,-0.029736099764704704,-0.12433456769470524,0.19999999999998863,10.201314682781723,none,-0.11386643220946269,0.0,-0.009999999999999431,-0.0004681354852431252
R04_head_on_lateral_offset,173,35.600000000000115,37.0456742840951,60.473561049219605,18.392224712832395,3.240813867253064,0.17139985437847882,0.5551702759141671,-0.13675984389220855,-0.0380247043450265,-0.793372631072998,-0.28818148374557495,-0.14518670737743378,-0.793372631072998,-0.28818148374557495,-0.14518670737743378,0.42397642135620117,-0.10086351931095122,-0.036296676844358444,-0.11664651555457693,0.19999999999998863,10.223569322750627,none,-0.10651441670572837,0.0,-0.009999999999999431,-0.00013209884884913704
R04_head_on_lateral_offset,174,35.800000000000104,36.93876107667236,60.46435362147865,18.374068532246,3.2143440823252036,0.16374302507321792,0.5341892781685984,-0.12855630711849553,-0.03850722133360294,-0.7328964471817017,-0.31954309344291687,-0.15796175599098206,-0.7328964471817017,-0.31954309344291687,-0.15796175599098206,0.46026213169097896,-0.1118400827050209,-0.039490438997745514,-0.11239325165198005,0.19999999999998863,10.242175327059282,none,-0.10229716922702181,0.0,-0.009999999999999431,-9.608242495881658e-05
R04_head_on_lateral_offset,175,36.00000000000009,36.83419890468115,60.45806015052704,18.3571722366848,3.1892399402498355,0.15609569211032384,0.5272198137760702,-0.12291062918323654,-0.03800403362446286,-0.6622288227081299,-0.3183043301105499,-0.14791478216648102,-0.6622288227081299,-0.3183043301105499,-0.14791478216648102,0.5026627063751221,-0.11140651553869246,-0.036978695541620255,-0.1107857287445686,0.19999999999998863,10.259026059018613,none,-0.10068380095724194,0.0,-0.009999999999999431,-0.00010192778732723173
R04_head_on_lateral_offset,176,36.20000000000008,36.72969066271219,60.454344430251204,18.34111869199835,3.165265511268368,0.14858512789416287,0.5306380181022383,-0.1172595809403408,-0.0371648573706192,-0.5955297350883484,-0.3021272122859955,-0.1418195217847824,-0.5955297350883484,-0.3021272122859955,-0.1418195217847824,0.542682158946991,-0.10574452430009841,-0.0354548804461956,-0.11132503289993964,0.19999999999998863,10.27586827344316,none,-0.10123008050734938,0.0,-0.009999999999999431,-9.495239259083021e-05
R04_head_on_lateral_offset,177,36.40000000000007,36.623685060046995,60.45306907806238,18.32564466260493,3.142176491905242,0.14139257581843823,0.5402978196015431,-0.11388495846622422,-0.034929167639297744,-0.5427759885787964,-0.3057386875152588,-0.12149414420127869,-0.5427759885787964,-0.3057386875152588,-0.12149414420127869,0.5743344068527221,-0.10700854063034057,-0.03037353605031967,-0.11331965695896726,0.19999999999998863,10.294255078107142,none,-0.10325547452900707,0.0,-0.009999999999999431,-6.418242996075296e-05
R04_head_on_lateral_offset,178,36.60000000000006,36.51530382217815,60.45422576124038,18.310590562498902,3.11994069749156,0.13477231294233333,0.5533873986681672,-0.10885229800456839,-0.03152968091883196,-0.5008184909820557,-0.28170663118362427,-0.09841039031744003,-0.5008184909820557,-0.28170663118362427,-0.09841039031744003,0.5995089054107665,-0.09859732091426848,-0.024602597579360008,-0.11619150816531361,0.19999999999998863,10.315295264099891,none,-0.10613409154472464,0.0,-0.009999999999999431,-5.7416620589539895e-05
R04_head_on_lateral_offset,179,36.80000000000005,36.4037690408076,60.45782029197537,18.295805941689736,3.0993196494261848,0.12881628622691665,0.5714601831163545,-0.0981637779260065,-0.028275829480510335,-0.4414330720901489,-0.21823982894420624,-0.08658201992511749,-0.4414330720901489,-0.21823982894420624,-0.08658201992511749,0.6351401567459106,-0.07638394013047217,-0.021645504981279373,-0.11992612480819097,0.19999999999998863,10.33966365747935,none,-0.10977223334199948,0.0,-0.009999999999999431,-0.00015389146619205208
R04_head_on_lateral_offset,180,37.000000000000036,36.28806289247084,60.46380245506735,18.28112550327702,3.081203680381778,0.12335548744836264,0.5953042812558901,-0.08405899222052145,-0.026468385606587874,-0.36780059337615967,-0.15805108845233917,-0.09114153683185577,-0.36780059337615967,-0.15805108845233917,-0.09114153683185577,0.6793196439743041,-0.05531788095831871,-0.022785384207963943,-0.12457258925132494,0.19999999999998863,10.367970683384746,none,-0.11439128493936579,0.0,-0.009999999999999431,-0.00018130431195972462
R04_head_on_lateral_offset,181,37.200000000000024,36.16698274612229,60.472084180284035,18.26640516167934,3.066121824059489,0.11810158977499384,0.6257978809451207,-0.06797204639470528,-0.026098471598446648,-0.2779284119606018,-0.10054833441972733,-0.10137881338596344,-0.2779284119606018,-0.10054833441972733,-0.10137881338596344,0.7332429528236388,-0.03519191704690456,-0.02534470334649086,-0.1303918457252162,0.19999999999998863,10.400978666999105,none,-0.12016207817431734,0.0,-0.009999999999999431,-0.00022976755089942568
R04_head_on_lateral_offset,182,37.40000000000001,36.039119493693796,60.482580658067974,18.25150427795556,3.053812716826494,0.1133690811229235,0.6639724710402712,-0.056019863646969106,-0.02156807179878348,-0.16919711232185364,-0.09047165513038635,-0.04934617504477501,-0.16919711232185364,-0.09047165513038635,-0.04934617504477501,0.7984817326068878,-0.03166507929563522,-0.012336543761193752,-0.13757939911780334,0.19999999999998863,10.439567888981061,none,-0.12728677050901638,0.0,-0.009999999999999431,-0.0002926286087875277
R04_head_on_lateral_offset,183,37.6,35.90325252712397,60.495255638431104,18.23623474704037,3.0438723899807103,0.10979805448338113,0.7070902110474744,-0.044269064232177815,-0.014662656712717492,-0.06830532848834991,-0.058070387691259384,-0.0023663819301873446,-0.06830532848834991,-0.058070387691259384,-0.0023663819301873446,0.85901680290699,-0.020324635691940783,-0.0005915954825468361,-0.14586475004552074,0.19999999999998863,10.484783499636213,none,-0.13559602814276417,0.0,-0.009999999999999431,-0.0002687219027571546
R04_head_on_lateral_offset,184,37.79999999999999,35.75854466069162,60.510045127355724,18.220378984909622,3.0360577562642765,0.10764456934032401,0.7539415313651582,-0.03460560893107311,-0.007418209717118209,0.0317058339715004,-0.042612943798303604,0.02937476709485054,0.0317058339715004,-0.042612943798303604,0.02937476709485054,0.9190235003829001,-0.01491453032940626,0.007343691773712635,-0.1549374847832762,0.19999999999998863,10.537573332702719,none,-0.1447125114686827,0.0,-0.009999999999999431,-0.00022497331459408223
R04_head_on_lateral_offset,185,37.99999999999998,35.604405816029114,60.52691260756653,18.203706633693667,3.029236442113717,0.10681434740418536,0.8032677280447768,-0.033677485378536376,-0.0013419762257527218,0.12844999134540558,-0.090817891061306,0.04415789619088173,0.12844999134540558,-0.090817891061306,0.04415789619088173,0.9770699948072432,-0.0317862618714571,0.011039474047720432,-0.164641427469621,0.19999999999998863,10.598588882341923,none,-0.15440339367297184,0.0,-0.009999999999999431,-0.00023803379664971399
R04_head_on_lateral_offset,186,38.19999999999997,35.440710359211145,60.545898411185746,18.18602337165576,3.023375686828089,0.10720752943632442,0.8518372568030983,-0.025543153246183524,0.004810112728634453,0.20495563745498657,-0.02562270313501358,0.06938453018665314,0.20495563745498657,-0.02562270313501358,0.06938453018665314,1.0229733824729919,-0.008967946097254752,0.017346132546663284,-0.17444860341406038,0.19999999999998863,10.668320833461536,none,-0.16423380522449804,0.0,-0.009999999999999431,-0.0002147981895629128
R04_head_on_lateral_offset,187,38.399999999999956,35.266892672809234,60.56685404924873,18.16704016316855,3.0207361367275296,0.10911885174485603,0.9066109319551081,-0.0025828677399458468,0.013637768673952973,0.33267924189567566,0.12629418075084686,0.12650300562381744,0.33267924189567566,0.12629418075084686,0.12650300562381744,1.0996075451374054,0.0442029632627964,0.03162575140595436,-0.1854452655763427,0.19999999999998863,10.7469545869083,none,-0.17459217399679972,0.0,-0.009999999999999431,-0.0008530915795435512
R04_head_on_lateral_offset,188,38.599999999999945,35.0813689846182,60.58920597055472,18.146227833840182,3.023900778012566,0.11312396452943879,0.9705879384576821,0.03164920444633679,0.02551794834246217,0.49335458874702454,0.2897239625453949,0.19890405237674713,0.49335458874702454,0.2897239625453949,0.19890405237674713,1.1960127532482148,0.10140338689088821,0.04972601309418678,-0.19753700087775525,0.19999999999998863,10.834915384731293,none,-0.18638164543307312,0.0,-0.009999999999999431,-0.0011553554446826952
R04_head_on_lateral_offset,189,38.79999999999993,34.88368520220423,60.611726938603844,18.123034057515255,3.033457736890241,0.11929032649216471,1.0297370407146211,0.061658573891915425,0.035400799396792415,0.5635843276977539,0.35088062286376953,0.22215574979782104,0.5635843276977539,0.35088062286376953,0.22215574979782104,1.2381505966186523,0.12280821800231932,0.05553893744945526,-0.20854143962559804,0.19999999999998863,10.93319846103792,none,-0.1983571797302517,0.0,-0.009999999999999431,-0.00018425989534691657
R04_head_on_lateral_offset,190,38.99999999999992,34.67509127405561,60.63295434984135,18.097140091186,3.047337316201288,0.12642493591220305,1.0805337230656926,0.0760523576888742,0.03590713241227985,0.5991954803466797,0.3010924458503723,0.14775551855564117,0.5991954803466797,0.3010924458503723,0.14775551855564117,1.2595172882080077,0.1053823560476303,0.036938879638910294,-0.21898732879843633,0.19999999999998863,11.041555424379245,none,-0.20880168057499304,0.0,-0.009999999999999431,-0.00018564822344384614
R04_head_on_lateral_offset,191,39.19999999999991,34.457025617998205,60.65182169761735,18.06850202063673,3.0634539848435356,0.13379068473834235,1.124865748951813,0.08447919668153936,0.037621168691256576,0.6351181864738464,0.29042983055114746,0.1644553393125534,0.6351181864738464,0.29042983055114746,0.1644553393125534,1.2810709118843078,0.1016504406929016,0.04111383482813835,-0.22764834960032818,0.19999999999998863,11.158265973636613,none,-0.2176146892764521,0.0,-0.009999999999999431,-3.366032387662088e-05
R04_head_on_lateral_offset,192,39.3999999999999,34.23065713768703,60.66757492834153,18.037085089163657,3.080862586514704,0.14132314513931923,1.1641236237754695,0.08924743707432513,0.03769766944577563,0.6707497835159302,0.2827531695365906,0.15141421556472778,0.6707497835159302,0.2827531695365906,0.15141421556472778,1.3024498701095581,0.0989636093378067,0.037853553891181946,-0.23516229207363246,0.19999999999998863,11.281679357725457,none,-0.22513231981881887,0.0,-0.009999999999999431,-2.9972254814158994e-05
R04_head_on_lateral_offset,193,39.59999999999989,33.99736441577177,60.67966829800544,18.002953864830587,3.098646826276059,0.148768556511391,1.1953045380216756,0.0886406910716461,0.0368224125142198,0.6752856373786926,0.24972666800022125,0.14015565812587738,0.6752856373786926,0.24972666800022125,0.14015565812587738,1.3051713824272155,0.08740433380007744,0.035038914531469345,-0.24122130574494605,0.19999999999998863,11.410551898887505,none,-0.23119654416715463,0.0,-0.009999999999999431,-2.4761577792000723e-05
R04_head_on_lateral_offset,194,39.799999999999876,33.7590090408846,60.68786223973262,17.966320398700482,3.1154407585415864,0.1559739422630972,1.2166541788917857,0.07995339437020106,0.03534295214133111,0.653133749961853,0.17786119878292084,0.12931311130523682,0.653133749961853,0.17786119878292084,0.12931311130523682,1.2918802499771118,0.06225141957402229,0.032328277826309204,-0.24551766857755164,0.19999999999998863,11.54358989774207,none,-0.23540221032548203,0.0,-0.009999999999999431,-0.00011545825207017747
R04_head_on_lateral_offset,195,39.999999999999865,33.51760499226507,60.6923972451359,17.92752447868805,3.129471906420101,0.16244245582829442,1.2282586210484703,0.06173147320213838,0.02976276314784803,0.6152453422546387,0.07028838992118835,0.07356838136911392,0.6152453422546387,0.07028838992118835,0.07356838136911392,1.2691472053527832,0.024600936472415923,0.01839209534227848,-0.2480257782017536,0.19999999999998863,11.679272156031542,none,-0.2377034798905413,0.0,-0.009999999999999431,-0.0003222983112128441
R04_head_on_lateral_offset,196,40.199999999999854,33.27493716829561,60.69403341439171,17.887041794956428,3.139366537760239,0.16801602831180654,1.2318525443945711,0.03893315284358087,0.026238579880786393,0.5741930603981018,-0.021493269130587578,0.07622961699962616,0.5741930603981018,-0.021493269130587578,0.07622961699962616,1.244515836238861,-0.0075226441957056515,0.01905740424990654,-0.24863332587413506,0.19999999999998863,11.816196689308017,none,-0.2384310009749555,0.0,-0.009999999999999431,-0.00020232489918012194
R04_head_on_lateral_offset,197,40.39999999999984,33.032367701588896,60.693841549821926,17.845236186182245,3.144458474821105,0.17335278237946072,1.2297101294845911,0.013874864516297247,0.027066556109749212,0.5369354486465454,-0.10624581575393677,0.11501484364271164,0.5369354486465454,-0.10624581575393677,0.11501484364271164,1.2221612691879271,-0.03718603551387786,0.02875371091067791,-0.24826666235596373,0.19999999999998863,11.953386984107391,none,-0.23806515400399775,0.0,-0.009999999999999431,-0.00020150835196656398
R04_head_on_lateral_offset,198,40.59999999999983,32.7909396403874,60.69302525146463,17.802241399172665,3.144548026260492,0.1793199065112474,1.222893189888553,-0.011097201926871657,0.03221653087817349,0.49812251329421997,-0.17709259688854218,0.1708422303199768,0.49812251329421997,-0.17709259688854218,0.1708422303199768,1.198873507976532,-0.06198240891098976,0.0427105575799942,-0.2471428079202147,0.19999999999998863,12.090354191192619,none,-0.23694995977119504,0.0,-0.009999999999999431,-0.00019284814902022717
R04_head_on_lateral_offset,199,40.79999999999982,32.5512994687653,60.69278126257533,17.758000253357903,3.1397712466912338,0.18582817819536876,1.2144108261321047,-0.03487821540159419,0.03282065317937202,0.474204957485199,-0.23810409009456635,0.13620665669441223,0.474204957485199,-0.23810409009456635,0.13620665669441223,1.1845229744911194,-0.08333643153309822,0.03405166417360306,-0.24558256168414952,0.19999999999998863,12.22693137494448,none,-0.23547268018936052,0.0,-0.009999999999999431,-0.00010988149478956544
R04_head_on_lateral_offset,200,40.99999999999981,32.313874957176196,60.694216908790565,17.712576273678675,3.130502060992333,0.19216309425183348,1.2034656768856535,-0.056206151977653995,0.030689158446136632,0.4415002167224884,-0.2847593426704407,0.10538337379693985,0.4415002167224884,-0.2847593426704407,0.10538337379693985,1.164900130033493,-0.09966576993465423,0.026345843449234962,-0.24389987672212546,0.19999999999998863,12.363257159829683,none,-0.23381594897352898,0.0,-0.009999999999999431,-8.392774859704688e-05
R04_head_on_lateral_offset,201,41.1999999999998,32.07900263939831,60.698278102491685,17.666158438038178,3.117446077681322,0.19786508009116519,1.1916069166051144,-0.07308176386687111,0.026636173963441832,0.4163703918457031,-0.3070541322231293,0.07350987195968628,0.4163703918457031,-0.3070541322231293,0.07350987195968628,1.1498222351074219,-0.10746894627809524,0.01837746798992157,-0.24206587652400285,0.19999999999998863,12.499545105361877,none,-0.23202298680682532,0.0,-0.009999999999999431,-4.288971717811951e-05
R04_head_on_lateral_offset,202,41.399999999999785,31.846676900208617,60.70568057442378,17.618956597905264,3.1015690811424848,0.2026271972036576,1.1808041813793941,-0.08480464621358137,0.0213810747367786,0.4045673906803131,-0.3105491101741791,0.04269134998321533,0.4045673906803131,-0.3105491101741791,0.04269134998321533,1.1427404344081877,-0.10869218856096267,0.010672837495803833,-0.2403948618706749,0.19999999999998863,12.6359473324076,none,-0.23037283573059142,0.0,-0.009999999999999431,-2.2026140084054903e-05
R04_head_on_lateral_offset,203,41.599999999999774,31.61654060624297,60.716894728970324,17.571154826097256,3.0840041292265346,0.20627785335519927,1.1727598505103245,-0.09042152778397895,0.015563926097976688,0.4073590338230133,-0.29104846715927124,0.014841636642813683,0.4073590338230133,-0.29104846715927124,0.014841636642813683,1.144415420293808,-0.10186696350574492,0.0037104091607034206,-0.23917776169172747,0.19999999999998863,12.77274836190914,none,-0.22915448819407658,0.0,-0.009999999999999431,-2.327349765147209e-05
R04_head_on_lateral_offset,204,41.79999999999976,31.387923276770604,60.73214258286485,17.522886164823625,3.066006325742723,0.20875267674191234,1.1689896519433418,-0.08961713430493404,0.009631440082926645,0.42617541551589966,-0.2513658106327057,-0.009828392416238785,0.42617541551589966,-0.2513658106327057,-0.009828392416238785,1.1557052493095397,-0.08797803372144698,-0.002457098104059696,-0.23867276112507962,0.19999999999998863,12.910385396950524,none,-0.22862201352942435,0.0,-0.009999999999999431,-5.074759565584515e-05
R04_head_on_lateral_offset,205,41.99999999999975,31.15990658679212,60.75141121077953,17.474227806167793,3.04883500413504,0.21006740219373177,1.1704243617429568,-0.08262321450112727,0.003944444128309104,0.45913267135620117,-0.19534802436828613,-0.030575450509786606,0.45913267135620117,-0.19534802436828613,-0.030575450509786606,1.1754796028137207,-0.06837180852890014,-0.0076438626274466515,-0.23906319472942186,0.19999999999998863,13.049430914632927,none,-0.2289701024592219,0.0,-0.009999999999999431,-9.309227020052658e-05
R04_head_on_lateral_offset,206,42.19999999999974,30.931578001291154,60.774472864785736,17.42524903401073,3.0334338016732234,0.2102579757705629,1.1759245011162707,-0.0721762028680141,-0.0016193633964183196,0.4921739995479584,-0.1453956663608551,-0.0518266037106514,0.4921739995479584,-0.1453956663608551,-0.0518266037106514,1.195304399728775,-0.05088848322629928,-0.01295665092766285,-0.24022959601068195,0.19999999999998863,13.190555365337431,none,-0.23014882443165163,0.0,-0.009999999999999431,-8.077157903089188e-05
R04_head_on_lateral_offset,207,42.39999999999973,30.702321568987358,60.80094096716133,17.37608883868064,3.0203533618091964,0.20926992108047815,1.1833147825778423,-0.05957774344854881,-0.007795674089996422,0.5155910849571228,-0.0968744307756424,-0.08152420073747635,0.5155910849571228,-0.0968744307756424,-0.08152420073747635,1.2093546509742736,-0.033906050771474835,-0.020381050184369087,-0.24190851074432357,0.19999999999998863,13.334325033201145,none,-0.23183281839510528,0.0,-0.009999999999999431,-7.569234921886992e-05
R04_head_on_lateral_offset,208,42.59999999999972,30.471813851337867,60.83032329896766,17.32696601944567,3.0097275597037263,0.20721586249479484,1.191397971080884,-0.04758423038932311,-0.012398031439551531,0.5331321954727173,-0.06612922251224518,-0.08710474520921707,0.5331321954727173,-0.06612922251224518,-0.08710474520921707,1.2198793172836304,-0.02314522787928581,-0.021776186302304268,-0.2437368568337446,0.19999999999998863,13.480977675886423,none,-0.23371117481642756,0.0,-0.009999999999999431,-2.5682017317620878e-05
R04_head_on_lateral_offset,209,42.799999999999706,30.239794931423823,60.86214437131567,17.27804633237201,3.001228971385254,0.20458844398026813,1.200631417197373,-0.038115325501993334,-0.013772555622751646,0.5552762150764465,-0.05377336964011192,-0.0662936121225357,0.5552762150764465,-0.05377336964011192,-0.0662936121225357,1.233165729045868,-0.01882067937403917,-0.016573403030633926,-0.24575059101987323,0.19999999999998863,13.630449489622272,none,-0.23572906846057862,0.0,-0.009999999999999431,-2.1522559295194256e-05
R04_head_on_lateral_offset,210,42.999999999999694,30.005999193912835,60.89605059316755,17.229379865314357,2.9940966939093494,0.20168395030129704,1.2109122286843987,-0.03355143065970355,-0.01516726195272532,0.5785616040229797,-0.06929042935371399,-0.07203693687915802,0.5785616040229797,-0.06929042935371399,-0.07203693687915802,1.2471369624137878,-0.024251650273799896,-0.018009234219789505,-0.24794116929614743,0.19999999999998863,13.782651124628341,none,-0.23792484981095186,0.0,-0.009999999999999431,-1.6319485196137073e-05
R04_head_on_lateral_offset,211,43.19999999999968,29.77037442267817,60.93185771967072,17.18103581538382,2.9875176397537992,0.19853973279832074,1.2204798103167103,-0.03233108827472588,-0.016197280437506803,0.5903190970420837,-0.0852697566151619,-0.073184534907341,0.5903190970420837,-0.0852697566151619,-0.073184534907341,1.2541914582252502,-0.029844414815306662,-0.01829613372683525,-0.250133727809633,0.19999999999998863,13.937589984254464,none,-0.24012582991917242,0.0,-0.009999999999999431,-7.897890461140422e-06
R04_head_on_lateral_offset,212,43.39999999999967,29.533070143915722,60.96950592055866,17.133106594688194,2.980971084727525,0.19522620848519145,1.2291755399176143,-0.03307815543036244,-0.016886050031625174,0.5996919870376587,-0.09885840862989426,-0.07315818220376968,0.5996919870376587,-0.09885840862989426,-0.07315818220376968,1.259815192222595,-0.03460044302046299,-0.01828954555094242,-0.25216594587103497,0.19999999999998863,14.095184639621714,none,-0.2421604958065373,0.0,-0.009999999999999431,-5.450064498232488e-06
R04_head_on_lateral_offset,213,43.59999999999966,29.294312255613352,61.00902531543135,17.08567620316954,2.974045784979858,0.19184492283240764,1.2365865826623024,-0.035957802627923745,-0.016923949972300043,0.604499340057373,-0.1195017620921135,-0.06800471246242523,0.604499340057373,-0.1195017620921135,-0.06800471246242523,1.2626996040344238,-0.04182561673223972,-0.017001178115606308,-0.2539833583155219,0.19999999999998863,14.25524631870584,none,-0.2439738419768105,0.0,-0.009999999999999431,-9.516338711944572e-06
R04_head_on_lateral_offset,214,43.79999999999965,29.054381720785475,61.05053565660046,17.038810315182552,2.966337138767591,0.1884442481192774,1.2427698649266854,-0.040766246404199506,-0.017071663936532908,0.6075947284698486,-0.14446954429149628,-0.06949063390493393,0.6075947284698486,-0.14446954429149628,-0.06949063390493393,1.2645568370819091,-0.05056434050202369,-0.017372658476233482,-0.2555447861078352,0.19999999999998863,14.41756928088443,none,-0.2455320825170375,0.0,-0.009999999999999431,-1.270359079826422e-05
R04_head_on_lateral_offset,215,43.99999999999964,28.813583947678488,61.09423809822976,16.992572334571385,2.957565730458067,0.18501721801647936,1.2476210493026774,-0.04651458369292824,-0.017189737844248563,0.6078572273254395,-0.166365385055542,-0.06972134113311768,0.6078572273254395,-0.166365385055542,-0.06972134113311768,1.2647143363952635,-0.05822788476943969,-0.01743033528327942,-0.2568382542254675,0.19999999999998863,14.581948872839453,none,-0.2468286632259833,0.0,-0.009999999999999431,-9.590999484775376e-06
R04_head_on_lateral_offset,216,44.199999999999626,28.572240926060115,61.140382841271204,16.947018110452646,2.947528269540527,0.18162594438741828,1.2512387558371436,-0.053345200893644404,-0.01675571110347566,0.6066430807113647,-0.19218242168426514,-0.06348520517349243,0.6066430807113647,-0.19218242168426514,-0.06348520517349243,1.2639858484268187,-0.06726384758949279,-0.015871301293373108,-0.2578723354826372,0.19999999999998863,14.748199051456792,none,-0.24785819782415786,0.0,-0.009999999999999431,-1.4137658479924653e-05
R04_head_on_lateral_offset,217,44.399999999999615,28.33069564477295,61.18926898308723,16.90218183349635,2.9359643522432886,0.1783200999941247,1.253547028443385,-0.061666773936286404,-0.01633448100204818,0.6028004884719849,-0.22463862597942352,-0.06190458685159683,0.6028004884719849,-0.22463862597942352,-0.06190458685159683,1.261680293083191,-0.07862351909279823,-0.015476146712899208,-0.25863331405682427,0.19999999999998863,14.916143082347064,none,-0.24861190067549188,0.0,-0.009999999999999431,-2.1413381332934244e-05
R04_head_on_lateral_offset,218,44.5999999999996,28.089344160935052,61.24124601716738,16.85809797427389,2.9226385505508565,0.1750853658428232,1.254332235938009,-0.07089566049683389,-0.01603540212817995,0.5951648950576782,-0.25628921389579773,-0.061703894287347794,0.5951648950576782,-0.25628921389579773,-0.061703894287347794,1.2570989370346068,-0.0897012248635292,-0.015425973571836948,-0.2590701287404487,0.19999999999998863,15.08561229514543,none,-0.24904892669485434,0.0,-0.009999999999999431,-2.1202045594921615e-05
R04_head_on_lateral_offset,219,44.79999999999959,27.848569344676392,61.2966846287839,16.814797280234117,2.9076510789847423,0.17190337419056492,1.254104778383657,-0.07841250920897262,-0.015802098520461702,0.5888388752937317,-0.267798513174057,-0.061306796967983246,0.5888388752937317,-0.267798513174057,-0.061306796967983246,1.2533033251762389,-0.09372947961091994,-0.015326699241995811,-0.2591908017635509,0.19999999999998863,15.256415627584209,none,-0.24918734895990724,0.0,-0.009999999999999431,-3.4528036442285637e-06
R04_head_on_lateral_offset,220,44.99999999999958,27.60864482493665,61.35589876795156,16.772291529502557,2.8913996365001498,0.1687744634601133,1.2534761664468814,-0.08370315863786597,-0.01550909267616609,0.5854353904724121,-0.26995381712913513,-0.05964815616607666,0.5854353904724121,-0.26995381712913513,-0.05964815616607666,1.2512612342834473,-0.09448383599519729,-0.014912039041519165,-0.25912403322182487,0.19999999999998863,15.428382243014605,none,-0.2491236536191579,0.0,-0.009999999999999431,-3.796026675495501e-07
R04_head_on_lateral_offset,221,45.19999999999957,27.3697575026989,61.41911696170954,16.73057702402105,2.874220372822368,0.16569347946691462,1.2526597903057928,-0.08778205141207836,-0.015315349692057575,0.5829721093177795,-0.27455300092697144,-0.059682250022888184,0.5829721093177795,-0.27455300092697144,-0.059682250022888184,1.2497832655906678,-0.09609355032444,-0.014920562505722046,-0.25892686829387057,0.19999999999998863,15.60140849503418,none,-0.24892632386571023,0.0,-0.009999999999999431,-5.444281608824042e-07
R04_head_on_lateral_offset,222,45.39999999999956,27.132074230769035,61.48650443696359,16.689651170157354,2.856300958798075,0.16263713853493275,1.2516045796459965,-0.09115766812000142,-0.01525277582872993,0.5798108577728271,-0.2801031768321991,-0.06050108000636101,0.5798108577728271,-0.2801031768321991,-0.06050108000636101,1.2478865146636962,-0.09803611189126968,-0.015125270001590252,-0.2586034400010191,0.19999999999998863,15.775425943344858,none,-0.24860261063209066,0.0,-0.009999999999999431,-8.293689290253537e-07
R04_head_on_lateral_offset,223,45.59999999999955,26.895754301709985,61.558186042855866,16.64951607027776,2.83777036993897,0.15958320124682357,1.250408357124317,-0.09393861975149956,-0.015284226603034532,0.5769890546798706,-0.284586638212204,-0.06139325350522995,0.5769890546798706,-0.284586638212204,-0.06139325350522995,1.2461934328079223,-0.09960532337427139,-0.015348313376307487,-0.2581528607008196,0.19999999999998863,15.950353966522423,none,-0.2481522835013763,0.0,-0.009999999999999431,-5.771994438699691e-07
R04_head_on_lateral_offset,224,45.799999999999535,26.660997424005394,61.63421971840794,16.610180438454652,2.818963125460884,0.1565859253116937,1.2484997754380407,-0.09412014355453632,-0.014730283517331215,0.5696247220039368,-0.2699715197086334,-0.05440608784556389,0.5696247220039368,-0.2699715197086334,-0.05440608784556389,1.241774833202362,-0.09449003189802169,-0.013601521961390972,-0.25752892701795915,0.19999999999998863,16.12610056867688,none,-0.24752259390658793,0.0,-0.009999999999999431,-6.3331113718170796e-06
R04_head_on_lateral_offset,225,45.999999999999524,26.427972892249546,61.714529768274375,16.571623107002075,2.800588872601459,0.15383029023091976,1.246364078067768,-0.08993762226361506,-0.012959529288224081,0.5647314786911011,-0.2326141744852066,-0.03740515932440758,0.5647314786911011,-0.2326141744852066,-0.03740515932440758,1.2388388872146605,-0.08141496106982231,-0.009351289831101894,-0.2567520185971278,0.19999999999998863,16.302508750407874,none,-0.24671784766427152,0.0,-0.009999999999999431,-3.417093285684736e-05
R04_head_on_lateral_offset,226,46.19999999999951,26.196658313183363,61.79890103426306,16.533754266896217,2.7833557011371237,0.15144757751221605,1.2448979151772643,-0.08292280049316249,-0.011014216407035714,0.5662197470664978,-0.19608229398727417,-0.02820112556219101,0.5662197470664978,-0.19608229398727417,-0.02820112556219101,1.2397318482398987,-0.06862880289554596,-0.007050281390547752,-0.255928890943577,0.19999999999998863,16.479391570124022,none,-0.2459004607941182,0.0,-0.009999999999999431,-2.8430149459368893e-05
R04_head_on_lateral_offset,227,46.3999999999995,25.96685840758592,61.88703873156546,16.49644988925936,2.7676689112493307,0.14947822138374667,1.2444800486015832,-0.07457432422700247,-0.00884299048394398,0.5716794729232788,-0.1644650250673294,-0.01767486333847046,0.5716794729232788,-0.1644650250673294,-0.01767486333847046,1.2430076837539672,-0.05756275877356529,-0.004418715834617615,-0.255247448064363,0.19999999999998863,16.65667429993278,none,-0.2452246428144278,0.0,-0.009999999999999431,-2.280524993579669e-05
R04_head_on_lateral_offset,228,46.59999999999949,25.738287053483152,61.97862049456899,16.459570570355808,2.753671706745807,0.14793236207521596,1.2453217925822626,-0.0660408871714403,-0.006771714933837186,0.5804795026779175,-0.13900694251060486,-0.010204430669546127,0.5804795026779175,-0.13900694251060486,-0.010204430669546127,1.2482877016067504,-0.0486524298787117,-0.002551107667386532,-0.2547897204957631,0.19999999999998863,16.834400774664534,none,-0.2447740932586555,0.0,-0.009999999999999431,-1.562723710816921e-05
R04_head_on_lateral_offset,229,46.79999999999948,25.510558836023673,62.07337382742968,16.422973280471627,2.7411889147569206,0.14671445500135818,1.2481076737230588,-0.05929543816719263,-0.005502980499317211,0.5965396761894226,-0.13014382123947144,-0.011670797131955624,0.5965396761894226,-0.13014382123947144,-0.011670797131955624,1.2579238057136535,-0.045550337433815,-0.002917699282988906,-0.2546630855173757,0.19999999999998863,17.01268449642007,none,-0.24465631283092648,0.0,-0.009999999999999431,-6.77268644977096e-06
R04_head_on_lateral_offset,230,46.99999999999947,25.283256430403043,62.17113626667792,16.38654108063109,2.729808424995891,0.14568999490632129,1.2527115999234226,-0.054844897337703084,-0.00479498237059736,0.6148894429206848,-0.13078884780406952,-0.013409220613539219,0.6148894429206848,-0.13078884780406952,-0.013409220613539219,1.2689336657524108,-0.045776096731424326,-0.0033523051533848047,-0.2549309623864065,0.19999999999998863,17.19175038631802,none,-0.24492415934411582,0.0,-0.009999999999999431,-6.803042291241915e-06
R04_head_on_lateral_offset,231,47.199999999999456,25.056080626338137,62.27182011360816,16.350197119209167,2.7191153917059254,0.14479284889472388,1.2583479473480816,-0.05227883969131613,-0.00421982726722883,0.6303462982177734,-0.13442863523960114,-0.012191369198262691,0.6303462982177734,-0.13442863523960114,-0.012191369198262691,1.278207778930664,-0.047050022333860395,-0.003047842299565673,-0.2554810654769034,0.19999999999998863,17.371900321392438,none,-0.24547599256509756,0.0,-0.009999999999999431,-5.07291180641363e-06
R04_head_on_lateral_offset,232,47.399999999999444,24.82895832321706,62.37534427107888,16.313900293180396,2.7087683787619983,0.14405554608654117,1.2636964415641962,-0.051267513543395954,-0.0032279581322170858,0.6375700235366821,-0.14059071242809296,-0.0048273648135364056,0.6375700235366821,-0.14059071242809296,-0.0048273648135364056,1.2825420141220092,-0.04920674934983253,-0.0012068412033841014,-0.25609356092427676,0.19999999999998863,17.553365174781764,none,-0.24609067328501055,0.0,-0.009999999999999431,-2.8876392667648344e-06
R04_head_on_lateral_offset,233,47.59999999999943,24.601982376122468,62.48163691957054,16.27761317339572,2.6984756709031927,0.14356509980260515,1.268534838115228,-0.05163208708502861,-0.0017852423970656764,0.6426384449005127,-0.14964278042316437,0.004618231672793627,0.6426384449005127,-0.14964278042316437,0.004618231672793627,1.2855830669403077,-0.052374973148107525,0.0011545579181984067,-0.25661239249682544,0.19999999999998863,17.736180432348544,none,-0.24660845553436417,0.0,-0.009999999999999431,-3.93696246182601e-06
R04_head_on_lateral_offset,234,47.79999999999942,24.37525464874812,62.59068331898274,16.241276885932127,2.6881040796370366,0.14335808860482901,1.273239779294709,-0.052052164297360363,-0.00039002715193692467,0.6496962904930115,-0.1511661410331726,0.009811928495764732,0.6496962904930115,-0.1511661410331726,0.009811928495764732,1.2898177742958068,-0.05290814936161041,0.002452982123941183,-0.25703629065287986,0.19999999999998863,17.92024501516342,none,-0.24703470848690756,0.0,-0.009999999999999431,-1.5821659728923855e-06
R04_head_on_lateral_offset,235,47.99999999999941,24.148841204872753,62.70249705128897,16.2048235604793,2.67764189887264,0.14343138623110271,1.2779078100432837,-0.05253337446770831,0.0010169586917475675,0.6572595834732056,-0.1528969407081604,0.015535810962319374,0.6572595834732056,-0.1528969407081604,0.015535810962319374,1.2943557500839233,-0.05351392924785614,0.0038839527405798435,-0.2574133781669726,0.19999999999998863,18.105483162409865,none,-0.24741151892899893,0.0,-0.009999999999999431,-1.8592379742024545e-06
R04_head_on_lateral_offset,236,48.1999999999994,23.922805489020067,62.81709525195778,16.168184348858706,2.667079192841241,0.14377872414311918,1.2824988241966506,-0.05305441495103006,0.002355531970247537,0.6644589900970459,-0.1546175181865692,0.020332491025328636,0.6644589900970459,-0.1546175181865692,0.020332491025328636,1.2986753940582274,-0.05411613136529922,0.005083122756332159,-0.25774432774017014,0.19999999999998863,18.291866063533977,none,-0.24774277174052628,0.0,-0.009999999999999431,-1.5559996444294844e-06
R04_head_on_lateral_offset,237,48.39999999999939,23.69721985297189,62.93449231282878,16.131294793281583,2.6564055432272897,0.14437448189942081,1.286967264040476,-0.053638089550965974,0.0035146804101736377,0.6711865663528442,-0.15664981305599213,0.023506639525294304,0.6711865663528442,-0.15664981305599213,0.023506639525294304,1.3027119398117066,-0.05482743456959724,0.005876659881323576,-0.25802058907913994,0.19999999999998863,18.47936998015662,none,-0.24801939976467224,0.0,-0.009999999999999431,-1.1893144682739721e-06
R04_head_on_lateral_offset,238,48.599999999999376,23.472200186385287,63.054695515609176,16.0941130146228,2.6454611710698748,0.1450788967691999,1.290941102700157,-0.05565371411354671,0.003528431840369727,0.6749050617218018,-0.17074549198150635,0.014225811697542667,0.6749050617218018,-0.17074549198150635,0.014225811697542667,1.304943037033081,-0.059760922193527216,0.003556452924385667,-0.2582024369486149,0.19999999999998863,18.667962348864872,none,-0.24819646396586847,0.0,-0.009999999999999431,-5.972982746970269e-06
R04_head_on_lateral_offset,239,48.799999999999365,23.24792986226874,63.17773911739957,16.056648493991243,2.634025091450313,0.14575402140857305,1.2942682301235502,-0.05849307876491763,0.0032442345439667023,0.6766524314880371,-0.18365374207496643,0.010660519823431969,0.6766524314880371,-0.18365374207496643,0.010660519823431969,1.3059914588928223,-0.06427880972623824,0.002665129955857992,-0.2582151396175432,0.19999999999998863,18.857566838296425,none,-0.24821149186698932,0.0,-0.009999999999999431,-3.647750554457308e-06
R04_head_on_lateral_offset,240,48.99999999999935,23.024626854405277,63.30368384381285,16.0189341728409,2.6219702519124155,0.1463448704762972,1.2969272793515487,-0.06180564781419942,0.0027049054441497782,0.6771608591079712,-0.1958732008934021,0.006423690356314182,0.6771608591079712,-0.1958732008934021,0.006423690356314182,1.3062965154647828,-0.06855562031269073,0.0016059225890785456,-0.25803926837912833,0.19999999999998863,19.048054708068882,none,-0.24803591789120105,0.0,-0.009999999999999431,-3.3504879278718932e-06
R04_head_on_lateral_offset,241,49.19999999999934,22.802511252077295,63.43261416828421,15.981014202026612,2.609217767392403,0.1468070106361074,1.2990677899894423,-0.0654449059808811,0.0019717538906936023,0.6776832342147827,-0.20817305147647858,0.0019112876616418362,0.6776832342147827,-0.20817305147647858,0.0019112876616418362,1.3066099405288696,-0.07286056801676749,0.00047782191541045904,-0.25767658421690626,0.19999999999998863,19.239278224891024,none,-0.2476731457973429,0.0,-0.009999999999999431,-3.4384195639421873e-06
R04_head_on_lateral_offset,242,49.39999999999933,22.581731654329815,63.56468356962295,15.942941143532687,2.5956041837855146,0.146952473629999,1.3015182532361536,-0.07032324870391322,-0.0003426844083692968,0.6835875511169434,-0.229325070977211,-0.020235123112797737,0.6835875511169434,-0.229325070977211,-0.020235123112797737,1.310152530670166,-0.08026377484202385,-0.005058780778199434,-0.25722824997875027,0.19999999999998863,19.431099520046743,none,-0.2472087953308062,0.0,-0.009999999999999431,-1.9454647944614355e-05
R04_head_on_lateral_offset,243,49.59999999999932,22.362389917026288,63.70013000844935,15.904812888659771,2.5810032191453742,0.1466359866132618,1.304331125829467,-0.07531050730796465,-0.002648403391662388,0.690403938293457,-0.24420848488807678,-0.02938693016767502,0.690403938293457,-0.24420848488807678,-0.02938693016767502,1.3142423629760742,-0.08547296971082687,-0.007346732541918755,-0.25671290308484324,0.19999999999998863,19.623476260712945,none,-0.24670586839052078,0.0,-0.009999999999999431,-7.034694323039895e-06
R04_head_on_lateral_offset,244,49.79999999999931,22.14455538091352,63.83923540714332,15.866735697888696,2.565377360238899,0.14579272394940504,1.3080290645269474,-0.08055295753815107,-0.005564441072614974,0.7017647624015808,-0.2606726288795471,-0.046025630086660385,0.7017647624015808,-0.2606726288795471,-0.046025630086660385,1.3210588574409485,-0.09123542010784148,-0.011506407521665096,-0.25622076097933405,0.19999999999998863,19.816441938598526,none,-0.24620722132539896,0.0,-0.009999999999999431,-1.3539653935632778e-05
R04_head_on_lateral_offset,245,49.9999999999993,21.928280037977416,63.98231863613633,15.828833690960133,2.5486610158610232,0.14435065232985791,1.3125569471386787,-0.08618592842462038,-0.008625558283764597,0.7141851186752319,-0.2790404260158539,-0.0594526045024395,0.7141851186752319,-0.2790404260158539,-0.0594526045024395,1.3285110712051391,-0.09766414910554885,-0.014863151125609875,-0.2557525080626877,0.19999999999998863,20.0100812659218,none,-0.2457390695654169,0.0,-0.009999999999999431,-1.3438497271338613e-05
R04_head_on_lateral_offset,246,50.199999999999285,21.713674592933085,64.1296937686973,15.791248177980076,2.5307908782181574,0.14229615228136455,1.3175922748729023,-0.09207182699276202,-0.01168858169175038,0.7255573272705078,-0.2973298132419586,-0.07172023504972458,0.7255573272705078,-0.2973298132419586,-0.07172023504972458,1.3353343963623048,-0.10406543463468551,-0.017930058762431145,-0.2552567818652942,0.19999999999998863,20.20451259919716,none,-0.24524449539384108,0.0,-0.009999999999999431,-1.2286471453711034e-05
R04_head_on_lateral_offset,247,50.399999999999274,21.500918402053053,64.28165520051598,15.754131027160499,2.5117259256796656,0.13963306202247464,1.3229353340170895,-0.09812171730018585,-0.014714274035355955,0.7362695932388306,-0.3155699670314789,-0.08351872861385345,0.7362695932388306,-0.3155699670314789,-0.08351872861385345,1.3417617559432984,-0.1104494884610176,-0.020879682153463364,-0.25466587379785427,0.19999999999998863,20.399803679854934,none,-0.24465414059179835,0.0,-0.009999999999999431,-1.1733206056484536e-05
R04_head_on_lateral_offset,248,50.59999999999926,21.29013764581919,64.43854214288812,15.717627799308758,2.4915959794118594,0.13631179180883676,1.3296125792809084,-0.10282338036474037,-0.018233205720020653,0.7552334070205688,-0.3211539685726166,-0.10161472111940384,0.7552334070205688,-0.3211539685726166,-0.10161472111940384,1.3531400442123414,-0.1124038890004158,-0.02540368027985096,-0.2540477589675217,0.19999999999998863,20.59595774291683,none,-0.24403339352249986,0.0,-0.009999999999999431,-1.4365445022416213e-05
R04_head_on_lateral_offset,249,50.79999999999925,21.08139650587297,64.60069634646798,15.681894903946215,2.4705496572673353,0.1323040375116272,1.3373478989691792,-0.1073022667754217,-0.021591241609978433,0.7743391990661621,-0.33265379071235657,-0.11373544484376907,0.7743391990661621,-0.33265379071235657,-0.11373544484376907,1.3646035194396973,-0.1164288267493248,-0.02843386121094227,-0.25345821744548497,0.19999999999998863,20.79305248609932,none,-0.24344533366263477,0.0,-0.009999999999999431,-1.2883782850749981e-05
R04_head_on_lateral_offset,250,50.99999999999924,20.87487606507737,64.76836663013012,15.647105469036298,2.4485961469277946,0.12766764467717032,1.34514040858979,-0.11188726467677707,-0.024549706793411067,0.7876625657081604,-0.3463715612888336,-0.1223125085234642,0.7876625657081604,-0.3463715612888336,-0.1223125085234642,1.3725975394248962,-0.12123004645109176,-0.03057812713086605,-0.25276534038898485,0.19999999999998863,20.991222868839504,none,-0.2427565552819928,0.0,-0.009999999999999431,-8.785106992630353e-06
R04_head_on_lateral_offset,251,51.19999999999923,20.670937299986672,64.94165462440783,15.613450480647144,2.4258242912951595,0.12241098426640609,1.3518652959931599,-0.1155548641557922,-0.027773890156128717,0.7926010489463806,-0.35150936245918274,-0.13737504184246063,0.7926010489463806,-0.35150936245918274,-0.13737504184246063,1.3755606293678284,-0.12302827686071395,-0.03434376046061516,-0.25176465470706827,0.19999999999998863,21.190461626083586,none,-0.2417591013965179,0.0,-0.009999999999999431,-5.553310550922008e-06
R04_head_on_lateral_offset,252,51.39999999999922,20.469966454668565,65.12058169860906,15.581129502901955,2.4023925766973626,0.11657821352046832,1.358049009477599,-0.11853748152716155,-0.03035897880455774,0.7997291684150696,-0.3560431897640228,-0.14250630140304565,0.7997291684150696,-0.3560431897640228,-0.14250630140304565,1.3798375010490418,-0.12461511641740798,-0.035626575350761414,-0.2504127994749391,0.19999999999998863,21.39053861550532,none,-0.24041084556490233,0.0,-0.009999999999999431,-1.9539100373622276e-06
R04_head_on_lateral_offset,253,51.599999999999206,20.272258502512035,65.30519127069448,15.550303824883446,2.3784158353685614,0.11028131896550777,1.364212490362843,-0.12104122431149203,-0.03245220034050305,0.8098828196525574,-0.360408753156662,-0.14687010645866394,0.8098828196525574,-0.360408753156662,-0.14687010645866394,1.3859296917915345,-0.12614306360483168,-0.036717526614665985,-0.2488132104130145,0.19999999999998863,21.591165835538053,none,-0.23881038646158004,0.0,-0.009999999999999431,-2.8239514350225646e-06
R04_head_on_lateral_offset,254,51.799999999999194,20.07808889835444,65.49553181878889,15.521081180449539,2.3537474616983434,0.10387419289714134,1.3702620511327648,-0.12532001902523232,-0.03167745314904834,0.8192964196205139,-0.38296815752983093,-0.12039504945278168,0.8192964196205139,-0.38296815752983093,-0.12039504945278168,1.3915778517723083,-0.1340388551354408,-0.03009876236319542,-0.24701001658112368,0.19999999999998863,21.79215641927138,none,-0.23698404715645438,0.0,-0.009999999999999431,-2.5969424669871624e-05
R04_head_on_lateral_offset,255,51.99999999999918,19.888004179230723,65.69150489264278,15.493442740365477,2.327864506855883,0.0980996798171263,1.3737604809020214,-0.13293554604590052,-0.02646085350722008,0.8101454973220825,-0.4241531193256378,-0.06332426518201828,0.8101454973220825,-0.4241531193256378,-0.06332426518201828,1.3860872983932495,-0.14845359176397321,-0.01583106629550457,-0.2447456149431388,0.19999999999998863,21.993359209459623,none,-0.2346448746456531,0.0,-0.009999999999999431,-0.00010074029748628033
R04_head_on_lateral_offset,256,52.19999999999917,19.70280199157897,65.89293489035403,15.46717974875091,2.300289187396321,0.09351703196334826,1.3751419095076804,-0.14212503542935118,-0.019862912761893732,0.8000156879425049,-0.45957234501838684,-0.025673549622297287,0.8000156879425049,-0.45957234501838684,-0.025673549622297287,1.380009412765503,-0.16085032075643538,-0.006418387405574322,-0.24160236139234356,0.19999999999998863,22.194352557580018,none,-0.23154686717296613,0.0,-0.009999999999999431,-5.549421937798976e-05
R04_head_on_lateral_offset,257,52.39999999999916,19.52331957107126,66.09966953981362,15.441966983816915,2.2708539789317825,0.0904674060448103,1.3743320340182705,-0.15151902303556736,-0.011280224832083482,0.7857973575592041,-0.4876028895378113,0.02483436092734337,0.7857973575592041,-0.4876028895378113,0.02483436092734337,1.3714784145355225,-0.17066101133823394,0.006208590231835842,-0.23773915907849924,0.19999999999998863,22.39451111341619,none,-0.22766838065103912,0.0,-0.009999999999999431,-7.077842746069263e-05
R04_head_on_lateral_offset,258,52.59999999999915,19.350408791958287,66.31147599777714,15.417384750323928,2.239711107584575,0.08920114662473073,1.3711775921057103,-0.15932160846424553,-0.002076086576641141,0.7667713761329651,-0.5006309151649475,0.06671619415283203,0.7667713761329651,-0.5006309151649475,0.06671619415283203,1.360062825679779,-0.17522082030773162,0.016679048538208008,-0.23302951932048882,0.19999999999998863,22.593220794073176,none,-0.2229838032129834,0.0,-0.009999999999999431,-4.571610750601113e-05
R04_head_on_lateral_offset,259,52.79999999999914,19.184752940496914,66.52816955187701,15.392971786623255,2.206950073215482,0.08961251403880635,1.3676068354789064,-0.16766025058535844,0.005610427090309517,0.7583752870559692,-0.5275765061378479,0.08509248495101929,0.7583752870559692,-0.5275765061378479,0.08509248495101929,1.3550251722335815,-0.18465177714824677,0.021273121237754822,-0.22769552018556866,0.19999999999998863,22.78983892059635,none,-0.21767283524060588,0.0,-0.009999999999999431,-2.2684944963344832e-05
R04_head_on_lateral_offset,260,52.999999999999126,19.026893381538148,66.74972166999153,15.368311011236335,2.1724395346312404,0.09143436760643182,1.3642196280452135,-0.17675933590390558,0.01211765769109297,0.7538078427314758,-0.5580011606216431,0.10150937736034393,0.7538078427314758,-0.5580011606216431,0.10150937736034393,1.3522847056388856,-0.19530040621757505,0.025377344340085983,-0.22193623451608083,0.19999999999998863,22.983903039132798,none,-0.2119119138059915,0.0,-0.009999999999999431,-2.4320710089900113e-05
R04_head_on_lateral_offset,261,53.199999999999115,18.877563894101982,66.97582652733409,15.343087719446773,2.1361642105115997,0.09437896538221759,1.3576080677251174,-0.18534667623197804,0.016963117102537943,0.7238534092903137,-0.5795570611953735,0.1073465496301651,0.7238534092903137,-0.5795570611953735,0.1073465496301651,1.3343120455741881,-0.20284497141838073,0.026836637407541275,-0.21546580122745385,0.19999999999998863,23.175153093014487,none,-0.20543788127720575,0.0,-0.009999999999999431,-2.7919950248662673e-05
R04_head_on_lateral_offset,262,53.3999999999991,18.73771140548424,67.2056641298191,15.317157577618428,2.098401556020456,0.09778436726579989,1.3459844490020767,-0.19179393766900163,0.017081945611669966,0.6750471591949463,-0.5855183601379395,0.06929632276296616,0.6750471591949463,-0.5855183601379395,0.06929632276296616,1.3050282955169679,-0.2049314260482788,0.01732408069074154,-0.20797314059827982,0.19999999999998863,23.363009321558067,none,-0.1978958324603184,0.0,-0.009999999999999431,-7.730813796198999e-05
R04_head_on_lateral_offset,263,53.59999999999909,18.608311740881994,67.43792667126824,15.290637208768274,2.0595145567791686,0.10096465946288442,1.3270213894338787,-0.1967058436892957,0.014886451092960584,0.6003408432006836,-0.590613603591919,0.04165089875459671,0.6003408432006836,-0.590613603591919,0.04165089875459671,1.2602045059204101,-0.20671476125717161,0.010412724688649178,-0.19922901579358038,0.19999999999998863,23.54640531926938,none,-0.1891015905011031,0.0,-0.009999999999999431,-0.00012742529247784963
R04_head_on_lateral_offset,264,53.79999999999908,18.490278373653027,67.67086944693054,15.263818687393462,2.01981717493562,0.10358387807739752,1.2995682306399488,-0.2000183134311529,0.011556698944641456,0.5047270655632019,-0.5907659530639648,0.019086850807070732,0.5047270655632019,-0.5907659530639648,0.019086850807070732,1.202836239337921,-0.20676808357238768,0.004771712701767683,-0.18916437566773742,0.19999999999998863,23.723924480488694,none,-0.178971352588853,0.0,-0.009999999999999431,-0.00019302307888499355
R04_head_on_lateral_offset,265,53.99999999999907,18.384257654374228,67.90248169795166,15.237146692459715,1.9803515759827688,0.10461849513931762,1.2634572944061637,-0.19501479220315449,-0.0003157036548266244,0.39369896054267883,-0.5280548334121704,-0.09803168475627899,0.39369896054267883,-0.5280548334121704,-0.09803168475627899,1.1362193763256072,-0.18481919169425964,-0.024507921189069748,-0.17825898107344582,0.19999999999998863,23.89390608549859,none,-0.16765944755334772,0.0,-0.009999999999999431,-0.0005995335200986719
R04_head_on_lateral_offset,266,54.19999999999906,18.289980327773026,68.13151146454605,15.211300797180078,1.9424650286250948,0.10264852582960775,1.2285229686414576,-0.18463314741609002,-0.018047538528696845,0.34238478541374207,-0.46708178520202637,-0.21671773493289948,0.34238478541374207,-0.46708178520202637,-0.21671773493289948,1.1054308712482452,-0.1634786248207092,-0.05417943373322487,-0.1666259417866504,0.19999999999998863,24.05469787329251,none,-0.15621719707297643,0.0,-0.009999999999999431,-0.00040874471367454036
R04_head_on_lateral_offset,267,54.39999999999905,18.206362672937967,68.3580348422447,15.18701386189687,1.9066118074726783,0.0971484557773765,1.1997744277587075,-0.17465139054178358,-0.03562811169632908,0.33079686760902405,-0.4408906102180481,-0.28580713272094727,0.33079686760902405,-0.4408906102180481,-0.28580713272094727,1.0984781205654144,-0.15431171357631682,-0.07145178318023682,-0.15589295430073477,0.19999999999998863,24.205742355221076,none,-0.14578108225327924,0.0,-0.009999999999999431,-0.00011187204745610746
R04_head_on_lateral_offset,268,54.599999999999035,18.132314438029976,68.58248604502806,15.164958368721619,1.8724866060696905,0.08830894150941786,1.1752650525293857,-0.16716488265138874,-0.05156580479050822,0.3148426115512848,-0.4340278208255768,-0.33616721630096436,0.3148426115512848,-0.4340278208255768,-0.33616721630096436,1.0889055669307708,-0.15190973728895185,-0.08404180407524109,-0.14651847142911337,0.19999999999998863,24.347873342619074,none,-0.1364617159454582,0.0,-0.009999999999999431,-5.675548365575267e-05
R04_head_on_lateral_offset,269,54.799999999999024,18.067014508178534,68.80518783469026,15.145729075518743,1.83968623403588,0.07644367000886616,1.1545518159987662,-0.1612822151704912,-0.06599907275780388,0.3026135563850403,-0.4265576899051666,-0.3816381096839905,0.3026135563850403,-0.4265576899051666,-0.3816381096839905,1.0815681338310241,-0.1492951914668083,-0.09540952742099762,-0.13802258740755202,0.19999999999998863,24.482144469414365,none,-0.12797712831172703,0.0,-0.009999999999999431,-4.5459095825552964e-05
R04_head_on_lateral_offset,270,54.99999999999901,18.009737532284074,69.02680091970727,15.129811265667486,1.807833208821079,0.06191965235877114,1.1406900059151757,-0.1575307829564502,-0.07831300120654573,0.31974586844444275,-0.42824727296829224,-0.41361963748931885,0.31974586844444275,-0.42824727296829224,-0.41361963748931885,1.0918475210666656,-0.14988654553890227,-0.10340490937232971,-0.1303706316634219,0.19999999999998863,24.609343154129004,none,-0.12034424788485865,0.0,-0.009999999999999431,-2.6383778563818794e-05
R04_head_on_lateral_offset,271,55.199999999999,17.95997840737057,69.24792955393372,15.11759390628575,1.7764244302396321,0.045479100299344176,1.129803704922834,-0.15662525279493764,-0.08554727141439772,0.3190758526325226,-0.442228764295578,-0.4011537432670593,0.3190758526325226,-0.442228764295578,-0.4011537432670593,1.0914455115795134,-0.1547800675034523,-0.10028843581676483,-0.12335644773755805,0.19999999999998863,24.730407963756694,none,-0.11334942114676494,0.0,-0.009999999999999431,-7.02659079367507e-06
R04_head_on_lateral_offset,272,55.39999999999899,17.917405769239625,69.46923721764668,15.109280370009795,1.745327564688355,0.028190307950319002,1.1256871260818628,-0.15450333217631604,-0.08721495827987735,0.3519704043865204,-0.4290843605995178,-0.3624527156352997,0.3519704043865204,-0.4290843605995178,-0.3624527156352997,1.1111822426319122,-0.15017952620983122,-0.09061317890882492,-0.11691991867903677,0.19999999999998863,24.846098297869204,none,-0.10686486675056983,0.0,-0.009999999999999431,-5.505192846751328e-05
R04_head_on_lateral_offset,273,55.59999999999898,17.881757614347638,69.69141509803403,15.104877209439294,1.7144618286541573,0.011040253522486405,1.125077467220055,-0.1541785100550867,-0.0844908987520625,0.3715488612651825,-0.438618928194046,-0.3157604932785034,0.3715488612651825,-0.438618928194046,-0.3157604932785034,1.1229293167591095,-0.1535166248679161,-0.07894012331962585,-0.11090833246794507,0.19999999999998863,24.957122113862596,none,-0.10085524471631402,0.0,-0.009999999999999431,-5.308775163161528e-05
R04_head_on_lateral_offset,274,55.79999999999897,17.852969656568472,69.91465511884901,15.10423035384242,1.6836310584200926,-0.004985333999477935,1.12588537504068,-0.15413264885102587,-0.07637655565927517,0.38122010231018066,-0.44011199474334717,-0.23936831951141357,0.38122010231018066,-0.44011199474334717,-0.23936831951141357,1.1287320613861083,-0.1540391981601715,-0.059842079877853394,-0.1051197728564735,0.19999999999998863,25.064202343666427,none,-0.09500114232919543,0.0,-0.009999999999999431,-0.00011863052727864698
R04_head_on_lateral_offset,275,55.999999999998956,17.831051165893957,70.13897614637331,15.106984697106046,1.6527558349840075,-0.019010921736817198,1.1281697643804043,-0.1545854572746093,-0.06475522319311487,0.393698126077652,-0.44430896639823914,-0.1642984300851822,0.393698126077652,-0.44430896639823914,-0.1642984300851822,1.1362188756465912,-0.1555081382393837,-0.04107460752129555,-0.09931389525758963,0.19999999999998863,25.167640363672238,none,-0.0891977191786566,0.0,-0.009999999999999431,-0.00011617607893360304
R04_head_on_lateral_offset,276,56.199999999998944,17.81604441489231,70.36434500257589,15.112629634827368,1.6218206263888035,-0.030414058657021452,1.1311695380994102,-0.15475393080361502,-0.05036103780647605,0.4028988778591156,-0.44313493371009827,-0.08412088453769684,0.4028988778591156,-0.44313493371009827,-0.08412088453769684,1.1417393267154694,-0.15509722679853438,-0.02103022113442421,-0.09354055552488447,0.19999999999998863,25.26761522198546,none,-0.08341026610496272,0.0,-0.009999999999999431,-0.00013028941992232034
R04_head_on_lateral_offset,277,56.39999999999893,17.808009265192155,70.59062386963139,15.120549914715019,1.5907228275780305,-0.03898563873336039,1.1343714530781155,-0.15612101962539776,-0.03640651716049584,0.40942248702049255,-0.4540191888809204,-0.03188639506697655,0.40942248702049255,-0.4540191888809204,-0.03188639506697655,1.1456534922122954,-0.15890671610832213,-0.007971598766744137,-0.08765526725267132,0.19999999999998863,25.364279555223042,none,-0.07759747792512428,0.0,-0.009999999999999431,-5.7789327547615176e-05
R04_head_on_lateral_offset,278,56.59999999999892,17.807058277780826,70.817537911172,15.130134796495208,1.5591327162665047,-0.0449914649210209,1.136790089856681,-0.15952363768342231,-0.0245456964575378,0.4088537096977234,-0.4755917191505432,-0.0015083167236298323,0.4088537096977234,-0.4755917191505432,-0.0015083167236298323,1.145312225818634,-0.16645710170269012,-0.00037707918090745807,-0.08169247283049057,0.19999999999998863,25.457725406477056,none,-0.07166470232621691,0.0,-0.009999999999999431,-2.7770504274223985e-05
R04_head_on_lateral_offset,279,56.79999999999891,17.813378735084143,71.04471226838668,15.140843999127764,1.526625045478483,-0.04879044114025095,1.1383748665362627,-0.1651304815760526,-0.014222152694807928,0.40659812092781067,-0.5044441819190979,0.027255913242697716,0.40659812092781067,-0.5044441819190979,0.027255913242697716,1.1439588725566863,-0.17655546367168426,0.006813978310674429,-0.07553471557274163,0.19999999999998863,25.54791393972252,none,-0.0655014169084609,0.0,-0.009999999999999431,-3.329866428131133e-05
R04_head_on_lateral_offset,280,56.9999999999989,17.827203410958703,71.27130239523035,15.152192524905576,1.4927971061000884,-0.05081893326424299,1.134842710867231,-0.17258691942769228,-0.006634640422984829,0.37066176533699036,-0.536516547203064,0.03530528023838997,0.37066176533699036,-0.536516547203064,0.03530528023838997,1.1223970592021941,-0.18778079152107238,0.008826320059597492,-0.06895292937653356,0.19999999999998863,25.634669376540693,none,-0.058905232364992344,0.0,-0.009999999999999431,-4.769701154178747e-05
R04_head_on_lateral_offset,281,57.19999999999889,17.848722991599082,71.49595267141979,15.163779603866386,1.4574633366390979,-0.05157259220376627,1.1254673728750935,-0.1801785899001663,-0.0013037397158933881,0.320721834897995,-0.5589943528175354,0.038235828280448914,0.320721834897995,-0.5589943528175354,0.038235828280448914,1.0924331009387969,-0.19564802348613738,0.009558957070112228,-0.06179364848790175,0.19999999999998863,25.717452340657474,none,-0.05173349175771591,0.0,-0.009999999999999431,-6.015673018640949e-05
R04_head_on_lateral_offset,282,57.399999999998876,17.87803793925332,71.71750764197226,15.175309011805204,1.4207154296509064,-0.051332601667430894,1.113065573959523,-0.1868013236017772,0.003352689358387554,0.2822791337966919,-0.5722753405570984,0.051364101469516754,0.2822791337966919,-0.5722753405570984,0.051364101469516754,1.069367480278015,-0.20029636919498442,0.012841025367379189,-0.05414977129204589,0.19999999999998863,25.795375489717642,none,-0.04411323974284187,0.0,-0.009999999999999431,-3.6531549204587013e-05
R04_head_on_lateral_offset,283,57.599999999998865,17.915217833630912,71.93549413030422,15.18655985688523,1.382727460683025,-0.05014746901834518,1.1017944714773806,-0.19263842306149165,0.008137969861140432,0.2701340317726135,-0.5843788385391235,0.07155545800924301,0.2701340317726135,-0.5843788385391235,0.07155545800924301,1.062080419063568,-0.20453259348869324,0.017888864502310753,-0.04629494886065242,0.19999999999998863,25.867706102392532,none,-0.03628091507974318,0.0,-0.009999999999999431,-1.4033780909810113e-05
R04_head_on_lateral_offset,284,57.79999999999885,17.96032079121001,72.14974101226827,15.197333779178663,1.3436268795976452,-0.04799916127902151,1.0909265160117823,-0.19796585824562063,0.01298015160606106,0.2543882727622986,-0.5966328382492065,0.09138797223567963,0.2543882727622986,-0.5966328382492065,0.09138797223567963,1.052632963657379,-0.20882149338722228,0.022846993058919907,-0.03835758214157683,0.19999999999998863,25.934168884802908,none,-0.02834175378045245,0.0,-0.009999999999999431,-1.5828361124948787e-05
R04_head_on_lateral_offset,285,57.99999999999884,18.013167913951126,72.35930538193094,15.207408082715475,1.3036979583062733,-0.045008421259775895,1.0736204878112812,-0.20108803570911124,0.01665060592306718,0.18773700296878815,-0.5927144289016724,0.0965193435549736,0.18773700296878815,-0.5927144289016724,0.0965193435549736,1.0126422017812728,-0.20745005011558532,0.0241298358887434,-0.030346996703568156,0.19999999999998863,25.994696835564863,none,-0.020257315170198353,0.0,-0.009999999999999431,-8.968153337037266e-05
R04_head_on_lateral_offset,286,58.19999999999883,18.073142130230615,72.56236314740104,15.216581437335567,1.263290427303499,-0.04151138291626176,1.0470468215222661,-0.20285416119021116,0.018202789235314112,0.0890229120850563,-0.5898656249046326,0.08546259999275208,0.0890229120850563,-0.5898656249046326,0.08546259999275208,0.9534137472510338,-0.2064529687166214,0.02136564999818802,-0.022321536188617944,0.19999999999998863,26.048844902399452,none,-0.012124039408590193,0.0,-0.009999999999999431,-0.00019749678002831895
R04_head_on_lateral_offset,287,58.39999999999882,18.139472129708498,72.75745460729665,15.224774652512028,1.2226119159962756,-0.0379903274109567,1.0167328717711241,-0.2038554821769915,0.017091522174021923,0.01653466932475567,-0.5882738828659058,0.05930843949317932,0.01653466932475567,-0.5882738828659058,0.05930843949317932,0.9099208015948534,-0.205895859003067,0.01482710987329483,-0.01429814317691251,0.19999999999998863,26.095809397277428,none,-0.004179320795060448,0.0,-0.009999999999999431,-0.0001188223818526308
R04_head_on_lateral_offset,288,58.59999999999881,18.211506967069322,72.94402989457407,15.232031237486142,1.1818886970011613,-0.03449643889322953,0.9861372394999552,-0.20341026393621306,0.01779438791267267,-0.03611224517226219,-0.5785801410675049,0.07690642774105072,-0.03611224517226219,-0.5785801410675049,0.07690642774105072,0.8783326528966426,-0.2025030493736267,0.01922660693526268,-0.006662420093195269,0.19999999999998863,26.13507451614379,none,0.0034010870153338146,0.0,-0.009999999999999431,-6.350710852965187e-05
R04_head_on_lateral_offset,289,58.799999999998796,18.28868646610628,73.12195155660015,15.238381101502192,1.1407821087736432,-0.030943272014806678,0.9558576352707625,-0.20735807152048344,0.01774128336858791,-0.0847223624587059,-0.6154356002807617,0.07053229212760925,-0.0847223624587059,-0.6154356002807617,0.07053229212760925,0.8491665825247765,-0.21540246009826658,0.017633073031902313,0.00048827817089307506,0.19999999999998863,26.166632263693593,none,0.010563516130517314,0.0,-0.009999999999999431,-7.523795962480789e-05
R04_head_on_lateral_offset,290,58.999999999998785,18.3709042177852,73.29174958663194,15.243896100697416,1.098492185633749,-0.02753994610769267,0.9327304648657526,-0.21496762662886337,0.016393554238552543,-0.08126463741064072,-0.6584957242012024,0.054589226841926575,-0.08126463741064072,-0.6584957242012024,0.054589226841926575,0.8512412175536155,-0.2304735034704208,0.013647306710481644,0.007458145015006177,0.19999999999998863,26.19069420092721,none,0.017500551244310714,0.0,-0.009999999999999431,-4.240622930510529e-05
R04_head_on_lateral_offset,291,59.199999999998774,18.45855990750956,73.45450559644003,15.248664512112056,1.0546302370638123,-0.023897305610531244,0.9173435806960588,-0.22304320182099055,0.01977778107556476,-0.06145424395799637,-0.6842819452285767,0.10669507831335068,-0.06145424395799637,-0.6842819452285767,0.10669507831335068,0.863127453625202,-0.2394986808300018,0.02667376957833767,0.014406392004634914,0.19999999999998863,26.207647220176128,none,0.024481840017458012,0.0,-0.009999999999999431,-7.544801282366565e-05
R04_head_on_lateral_offset,292,59.39999999999876,18.55196722745094,73.6107637865625,15.252611828002278,1.008905580971208,-0.01918073973011196,0.9043292092974022,-0.23342117015717465,0.02685450410827477,-0.0692121684551239,-0.7273377180099487,0.16509854793548584,-0.0692121684551239,-0.7273377180099487,0.16509854793548584,0.8584726989269256,-0.25456820130348207,0.04127463698387146,0.021487011632059187,0.19999999999998863,26.217971094927396,none,0.03159351063658278,0.0,-0.009999999999999431,-0.00010649900452415873
R04_head_on_lateral_offset,293,59.59999999999875,18.651089412069243,73.76023257779144,15.255519964447798,0.9609938689849244,-0.012914080170026607,0.890225753495845,-0.24483563952757934,0.035184275443636136,-0.09911362826824188,-0.7659849524497986,0.20863090455532074,-0.09911362826824188,-0.7659849524497986,0.20863090455532074,0.8405318230390548,-0.2680947333574295,0.052157726138830185,0.028706788790721475,0.19999999999998863,26.21917295581733,none,0.03879244423275452,0.0,-0.009999999999999431,-8.56554420336142e-05
R04_head_on_lateral_offset,294,59.79999999999874,18.755978508596865,73.90269428998589,15.257123891824852,0.9107609489634407,-0.00483651783299407,0.8796225950171886,-0.25660639702260624,0.04486194090590834,-0.09622989594936371,-0.8016899824142456,0.2583279013633728,-0.09622989594936371,-0.8016899824142456,0.2583279013633728,0.8422620624303818,-0.28059149384498594,0.0645819753408432,0.036057800342642596,0.19999999999998863,26.209739167716652,none,0.0461328594740138,0.0,-0.009999999999999431,-7.505913137177079e-05
R04_head_on_lateral_offset,295,59.99999999999873,18.86790909499129,74.03938802799263,15.257105067103407,0.8582240475373355,0.005521828862205587,0.8869679735520255,-0.26791061660272275,0.057750140603849795,0.021416042000055313,-0.8312715888023376,0.3360489308834076,0.021416042000055313,-0.8312715888023376,0.3360489308834076,0.9128496252000331,-0.29094505608081817,0.0840122327208519,0.043799468522047164,0.19999999999998863,26.193773156818754,none,0.05421459245368965,0.0,-0.009999999999999431,-0.00041512393164305355
R04_head_on_lateral_offset,296,60.19999999999872,18.989776331266395,74.17288618954821,15.25495019561504,0.8035105259406461,0.01887320165219185,0.9194348511440654,-0.27843162915351516,0.0745010675521442,0.2230547070503235,-0.8567718267440796,0.43453672528266907,0.2230547070503235,-0.8567718267440796,0.43453672528266907,1.033832824230194,-0.29987013936042783,0.10863418132066727,0.0529987289296128,0.19999999999998863,26.171611157686154,none,0.06401889411009165,0.0,-0.009999999999999431,-0.0010201651804794178
R04_head_on_lateral_offset,297,60.399999999998705,19.125025709824055,74.30536413244926,15.249804709089169,0.7466686312784183,0.036143605172581916,0.9722591506288419,-0.2891774066892587,0.09654175770374687,0.4306451380252838,-0.8887826204299927,0.5658149719238281,0.4306451380252838,-0.8887826204299927,0.5658149719238281,1.1583870828151703,-0.3110739171504974,0.14145374298095703,0.06491408425785704,0.19999999999998863,26.143149358324944,none,0.07614113337757544,0.0,-0.009999999999999431,-0.001227049119718977
R04_head_on_lateral_offset,298,60.599999999998694,19.274949172313878,74.4361017323498,15.24051384654994,0.6875943399446434,0.05788903482129544,1.0173027671252695,-0.3006972541116593,0.11920444855433006,0.4600253999233246,-0.9262030720710754,0.6615355014801025,0.4600253999233246,-0.9262030720710754,0.6615355014801025,1.1760152399539947,-0.32417107522487637,0.16538387537002563,0.0793795666402859,0.19999999999998863,26.10753205799463,none,0.0896080848356604,0.0,-0.009999999999999431,-0.0002285181953750737
R04_head_on_lateral_offset,299,60.79999999999868,19.439845182250096,74.56327365451243,15.225814564800762,0.6263680660219483,0.08343764398778954,1.0682279487373303,-0.31080375658784803,0.13508474305779816,0.5794404745101929,-0.9468503594398499,0.669775128364563,0.5794404745101929,-0.9468503594398499,0.669775128364563,1.2476642847061157,-0.33139762580394744,0.16744378209114075,0.09361123415182701,0.19999999999998863,26.063687197701448,none,0.10390631739113587,0.0,-0.009999999999999431,-0.0002950832393094238
R04_head_on_lateral_offset,300,60.99999999999867,19.621440068560254,74.68611397002725,15.20436312476061,0.5633764774832222,0.11182271936541328,1.13205200016394,-0.318529814701741,0.14780712312530456,0.7615631222724915,-0.9550659656524658,0.6949253082275391,0.7615631222724915,-0.9550659656524658,0.6949253082275391,1.356937873363495,-0.334273087978363,0.17373132705688477,0.10928343556232065,0.19999999999998863,26.010556457109143,none,0.1199608092935307,0.0,-0.009999999999999431,-0.0006773737312106221
R04_head_on_lateral_offset,301,61.19999999999866,19.82064731394363,74.80312554760458,15.174797964053052,0.49911216150735765,0.14299886402254644,1.1946111011061247,-0.3237220086605802,0.1628226044828827,0.8583998084068298,-0.9551487565040588,0.7736777067184448,0.8583998084068298,-0.9551487565040588,0.7736777067184448,1.415039885044098,-0.33430206477642055,0.1934194266796112,0.12698120490069748,0.19999999999998863,25.947042570457686,none,0.13729279071877443,0.0,-0.009999999999999431,-0.00031158581807751775
R04_head_on_lateral_offset,302,61.39999999999865,20.03641923715161,74.91177003537906,15.135851241376505,0.434117966588446,0.1768376458846061,1.2502708681072225,-0.3260448664099609,0.1746721148573504,0.9106494188308716,-0.9450803399085999,0.7952707409858704,0.9106494188308716,-0.9450803399085999,0.7952707409858704,1.446389651298523,-0.3307781189680099,0.1988176852464676,0.1444388655344703,0.19999999999998863,25.8723421025236,none,0.1545048186130913,0.0,-0.009999999999999431,-6.595307862156119e-05
R04_head_on_lateral_offset,303,61.59999999999864,20.266782085072084,75.00954804457083,15.086481320433474,0.369062533484387,0.21280169751376002,1.2987654980982732,-0.324617077298782,0.1842467591347481,0.9493961930274963,-0.9191648364067078,0.8150274753570557,0.9493961930274963,-0.9191648364067078,0.8150274753570557,1.4696377158164977,-0.3217076927423477,0.20375686883926392,0.1607168118293062,0.19999999999998863,25.78610322002969,none,0.1707680769170139,0.0,-0.009999999999999431,-5.126508770828764e-05
R04_head_on_lateral_offset,304,61.799999999998626,20.50926485863713,75.09443985982672,15.025869832558161,0.30496284545544317,0.25067301609713855,1.339529500303606,-0.3169571340049477,0.19375015444441623,0.9719377160072327,-0.8609959483146667,0.8524603247642517,0.9719377160072327,-0.8609959483146667,0.8524603247642517,1.4831626296043396,-0.30134858191013336,0.21311508119106293,0.17537366367174337,0.19999999999998863,25.688506990185914,none,0.18547952283203983,0.0,-0.009999999999999431,-0.00010585916029704379
R04_head_on_lateral_offset,305,61.999999999998614,20.760991014403427,75.16514581102528,14.953371243979191,0.2434989064671396,0.2904038205402426,1.3727719793295154,-0.299033186358617,0.20287048907017097,0.9831713438034058,-0.7500280737876892,0.8858194351196289,0.9831713438034058,-0.7500280737876892,0.8858194351196289,1.4899028062820434,-0.2625098258256912,0.22145485877990723,0.18774604598044434,0.19999999999998863,25.580412754191762,none,0.19801710385672777,0.0,-0.009999999999999431,-0.00027105787628400435
R04_head_on_lateral_offset,306,62.1999999999986,21.018894289697915,75.22139152688516,14.868509648336847,0.18725091282338396,0.3317894731754172,1.3991896313729706,-0.26594091897314426,0.21041723776062193,0.9871216416358948,-0.5671694278717041,0.9031805396080017,0.9871216416358948,-0.5671694278717041,0.9031805396080017,1.4922729849815368,-0.19850929975509643,0.22579513490200043,0.1971527157891254,0.19999999999998863,25.463496916167795,none,0.20782780173288984,0.0,-0.009999999999999431,-0.0006750859437649837
R04_head_on_lateral_offset,307,62.39999999999859,21.279952959633604,75.26405683582952,14.77103337438461,0.13818142326043037,0.37433564911595846,1.419397468068016,-0.22764067173219335,0.21472020629503627,0.9843339323997498,-0.427419513463974,0.8939532041549683,0.9843339323997498,-0.427419513463974,0.8939532041549683,1.4906003594398498,-0.14959682971239088,0.22348830103874207,0.20412230298433717,0.19999999999998863,25.340245658551652,none,0.21451476205672293,0.0,-0.009999999999999431,-0.0003924590723863197
R04_head_on_lateral_offset,308,62.59999999999858,21.541466347589974,75.29483499994022,14.660983403189217,0.09792565210371597,0.4173001695226063,1.4341679245293935,-0.17861231411400838,0.21491064442270436,0.9770200848579407,-0.2248798906803131,0.8611947894096375,0.9770200848579407,-0.2248798906803131,0.8611947894096375,1.4862120509147645,-0.07870796173810958,0.21529869735240936,0.20722030943866926,0.19999999999998863,25.213542897669647,none,0.21806328753666548,0.0,-0.009999999999999431,-0.0008429780979967915
R04_head_on_lateral_offset,309,62.79999999999857,21.801092210492655,75.31617362088667,14.538856275086513,0.06808336762433691,0.4589477264577492,1.4427839957804667,-0.12393180818036717,0.20250029474690703,0.9552382826805115,-0.03574330732226372,0.7088476419448853,0.9552382826805115,-0.03574330732226372,0.7088476419448853,1.473142969608307,-0.0125101575627923,0.1772119104862213,0.20733551481731988,0.19999999999998863,25.086594425682996,none,0.2185246497655413,0.0,-0.009999999999999431,-0.0011891349482219995
R04_head_on_lateral_offset,310,62.99999999999856,22.056971934273573,75.33068999951858,14.406196378843642,0.04622063937205642,0.4946230897875145,1.4432715116663362,-0.09674457962137238,0.15763485325030213,0.9083154797554016,-0.11813019961118698,0.2648528516292572,0.9083154797554016,-0.11813019961118698,0.2648528516292572,1.4449892878532409,-0.04134556986391544,0.0662132129073143,0.20222678282394013,0.19999999999998863,24.9622617631106,none,0.21634919728959545,0.0,-0.009999999999999431,-0.004122414465655877
R04_head_on_lateral_offset,311,63.199999999998546,22.307173580578894,75.33965501707719,14.266846186740219,0.024480518072658785,0.5183688514878125,1.4230865525691407,-0.11898069425371724,0.08362018528930093,0.7532737851142883,-0.469402551651001,-0.2838217318058014,0.7532737851142883,-0.469402551651001,-0.2838217318058014,1.351964271068573,-0.16429089307785033,-0.07095543295145035,0.1932436065754363,0.19999999999998863,24.841744856864686,none,0.21221308639328385,0.0,-0.009999999999999431,-0.008969479817848127
R04_head_on_lateral_offset,312,63.27888678652612,22.403891946345848,75.3415155869541,14.211250279412157,0.014707172763731891,0.5235987755982988,1.4076368157370975,-0.1275341543735899,0.05258267134976746,0.5961463451385498,-0.5088694095611572,-0.5497104525566101,0.5961463451385498,-0.5088694095611572,-0.5497104525566101,1.2576878070831299,-0.178104293346405,-0.13742761313915253,0.07647838596380416,0.07888678652757619,24.795041457022347,operational_boundary_failure,0.08236159483196559,0.0,-0.003944339326378809,-0.0019388695417826263
