case_id,control_step,timestamp_s,north_m,east_m,down_m,yaw_rad,pitch_rad,surge_speed_mps,yaw_rate_rad_s,pitch_rate_rad_s,nominal_a0,nominal_a1,nominal_a2,executed_a0,executed_a1,executed_a2,surge_command_mps,yaw_rate_command_rad_s,pitch_rate_command_rad_s,reward,elapsed_s,minimum_clearance_m,failure_type,reward_progress,reward_goal,reward_time,reward_smoothness
R04_head_on_lateral_offset,0,1.0,20.30000000000001,50.0,20.0,0.0,0.0,0.3,0.0,0.0,,,,,,,,,,,,,,,,,
R04_head_on_lateral_offset,1,1.2000000000000002,20.36999891761618,50.00022841547621,20.000187375687833,0.009485806871299261,-0.007956509972363711,0.4000000000000001,0.08917578598093129,-0.07757691032737493,0.9107450246810913,0.7799752354621887,-0.9897986054420471,0.9107450246810913,0.7799752354621887,-0.9897986054420471,1.4464470148086548,0.27299133241176604,-0.24744965136051178,-0.044781267047962536,0.20000000000000018,37.91475791782084,none,0.06999891688429472,0.0,-0.010000000000000009,-0.10478018393225724
R04_head_on_lateral_offset,2,1.4000000000000004,20.45996022715605,50.00213361349599,20.00180990717811,0.03451064189206754,-0.02944500156717592,0.5000000000000001,0.15603348960615804,-0.13312159485663785,0.9840162396430969,0.8350526690483093,-0.9852166771888733,0.9840162396430969,0.8350526690483093,-0.9852166771888733,1.490409743785858,0.29226843416690823,-0.24630416929721832,0.07979278075989547,0.20000000000000018,37.7451494029577,none,0.08996124453387466,0.0,-0.010000000000000009,-0.00016846377397918387
R04_head_on_lateral_offset,3,1.6000000000000005,20.56969284987739,50.00785693814622,20.006698104805476,0.07030436712632977,-0.059957084951250045,0.6000000000000002,0.1986888241145928,-0.16927439713985068,0.9865509867668152,0.8160198926925659,-0.9717696905136108,0.9865509867668152,0.8160198926925659,-0.9717696905136108,1.4919305920600892,0.285606962442398,-0.2429424226284027,0.09972080178395955,0.20000000000000018,37.55553808608812,none,0.10973179164334823,0.0,-0.010000000000000009,-1.0989859388672585e-05
R04_head_on_lateral_offset,4,1.8000000000000007,20.698737224264818,50.01971011876895,20.016843204713446,0.11287573671221411,-0.09627820154281222,0.7000000000000003,0.22503886538983034,-0.19220824165638759,0.9864362478256226,0.7963770031929016,-0.9557607769966125,0.9864362478256226,0.7963770031929016,-0.9557607769966125,1.4918617486953736,0.27873195111751553,-0.23894019424915314,0.1190267608506668,0.20000000000000018,37.346204579261176,none,0.1290396036823651,0.0,-0.010000000000000009,-1.2842831698307579e-05
R04_head_on_lateral_offset,5,2.000000000000001,20.846323950943912,50.039923306692856,20.034254726052843,0.1587163925162052,-0.13605198947118063,0.8000000000000004,0.23278394490657345,-0.20459597258714163,0.9861900806427002,0.7101885080337524,-0.9193530678749084,0.9861900806427002,0.7101885080337524,-0.9193530678749084,1.4917140483856202,0.24856597781181333,-0.2298382669687271,0.13739392302978806,0.20000000000000018,37.11774874999116,none,0.1475690038013795,0.0,-0.010000000000000009,-0.00017508077159142488
R04_head_on_lateral_offset,6,2.2,21.011436200849584,50.0703105792679,20.060829339182305,0.20408746185851442,-0.17723391352251847,0.9000000000000005,0.22175779128169312,-0.207039127028869,0.9830413460731506,0.569399893283844,-0.8480700254440308,0.9830413460731506,0.569399893283844,-0.8480700254440308,1.4898248076438905,0.1992899626493454,-0.2120175063610077,0.15456412130978248,0.1999999999999993,36.87105983805736,none,0.16506237372399823,0.0,-0.009999999999999966,-0.0004982524142157985
R04_head_on_lateral_offset,7,2.3999999999999995,21.192971444313073,50.11202830683555,20.098181940854978,0.24628338977660214,-0.2174886833117708,1.0000000000000004,0.20171231806346807,-0.19631672019038507,0.9783936142921448,0.459617018699646,-0.6978713274002075,0.9783936142921448,0.459617018699646,-0.6978713274002075,1.4870361685752869,0.1608659565448761,-0.17446783185005188,0.17072717152727104,0.1999999999999993,36.60718101610023,none,0.18141984212440576,0.0,-0.009999999999999966,-0.0006926705971347502
R04_head_on_lateral_offset,8,2.5999999999999988,21.38996551964758,50.1656604466369,20.147255787338995,0.2838567360966535,-0.2521325266964939,1.0996068336069587,0.17596195375340534,-0.1533594120725579,0.9686822295188904,0.3528309166431427,-0.2633037865161896,0.9686822295188904,0.3528309166431427,-0.2633037865161896,1.4812093377113342,0.12349082082509993,-0.0658259466290474,0.18275670801007834,0.1999999999999993,36.32708396128237,none,0.19676363861361068,0.0,-0.009999999999999966,-0.004006930603532375
R04_head_on_lateral_offset,9,2.799999999999998,21.600406384052008,50.23090199431993,20.207083892565674,0.3160120562428999,-0.2751609177851583,1.1797608503202583,0.14771985844477636,-0.08129519813166541,0.9369763731956482,0.25763246417045593,0.27124497294425964,0.9369763731956482,0.25763246417045593,0.27124497294425964,1.4621858239173888,0.09017136245965957,0.06781124323606491,0.19412013586751098,0.1999999999999993,36.03286890641004,none,0.21003634352589273,0.0,-0.009999999999999966,-0.005916207658381793
R04_head_on_lateral_offset,10,2.9999999999999973,21.820308358630314,50.30628848818729,20.274325077636554,0.34365527857305384,-0.2859695223946428,1.2375432389979037,0.13004455498930245,-0.030610928561324545,0.90190190076828,0.26865100860595703,0.29067060351371765,0.90190190076828,0.26865100860595703,0.29067060351371765,1.441141140460968,0.09402785301208495,0.07266765087842941,0.20923806693921734,0.1999999999999993,35.728685654265924,none,0.21927264658042844,0.0,-0.009999999999999966,-3.457964121112767e-05
R04_head_on_lateral_offset,11,3.1999999999999966,22.046756094943703,50.39057257893494,20.345874269302552,0.3684036094201765,-0.2885419730011616,1.280447566932949,0.11832226420379423,0.0023984973738123607,0.8860369920730591,0.26981693506240845,0.27864524722099304,0.8860369920730591,0.26981693506240845,0.27864524722099304,1.4316221952438355,0.09443592727184295,0.06966131180524826,0.21554454672472803,0.1999999999999993,35.41758843051453,none,0.22555250000285554,0.0,-0.009999999999999966,-7.95327812753044e-06
R04_head_on_lateral_offset,12,3.399999999999996,22.27785248052957,50.48284372220447,20.419432952131555,0.3908380326341152,-0.28536484284188257,1.3128838415220356,0.10688406652002323,0.02748223904557265,0.8786233067512512,0.2387903481721878,0.314380019903183,0.8786233067512512,0.2387903481721878,0.314380019903183,1.4271739840507507,0.08357662186026572,0.07859500497579575,0.21985542063191454,0.1999999999999993,35.101581199666676,none,0.22990131234796962,0.0,-0.009999999999999966,-4.589171605509979e-05
R04_head_on_lateral_offset,13,3.599999999999995,22.51233372472748,50.58231221093095,20.493160426441637,0.4111026824818276,-0.27725314754399594,1.3376235089046196,0.09654192093884487,0.05180174901208583,0.874657392501831,0.21562252938747406,0.40542900562286377,0.874657392501831,0.21562252938747406,0.40542900562286377,1.4247944355010986,0.07546788528561592,0.10135725140571594,0.2227833637864321,0.1999999999999993,34.782017177913346,none,0.23296021166850522,0.0,-0.009999999999999966,-0.0001768478820731545
R04_head_on_lateral_offset,14,3.7999999999999945,22.749349893556968,50.688291871370666,20.56537169197127,0.4294626002794205,-0.2644651475731934,1.3564050693725587,0.08772201462870845,0.07437676828606467,0.8709707260131836,0.19928520917892456,0.481510192155838,0.8709707260131836,0.19928520917892456,0.481510192155838,1.4225824356079102,0.06974982321262359,0.1203775480389595,0.22503040771339475,0.1999999999999993,34.45981704297152,none,0.23515178464310793,0.0,-0.009999999999999966,-0.00012137692971320835
R04_head_on_lateral_offset,15,3.999999999999994,22.98833333556598,50.80010604464824,20.634528174891315,0.4450531220443566,-0.2475125720695189,1.370584375351778,0.06955263197272635,0.0936931112381425,0.8675759434700012,0.09294043481349945,0.5322149395942688,0.8675759434700012,0.09294043481349945,0.5322149395942688,1.4205455660820008,0.032529152184724804,0.1330537348985672,0.22648956234712342,0.1999999999999993,34.13560687620396,none,0.23676739648704626,0.0,-0.009999999999999966,-0.0002778341399228745
R04_head_on_lateral_offset,16,4.199999999999993,23.229095873775254,50.916744538924384,20.699313397167913,0.45623697572727745,-0.22710233255207263,1.3815602450835516,0.044196965072954744,0.10923768704905991,0.8670567274093628,-0.02134256809949875,0.5636505484580994,0.8670567274093628,-0.02134256809949875,0.5636505484580994,1.4202340364456176,-0.007469898834824562,0.14091263711452484,0.22791850037428388,0.1999999999999993,33.809643697560965,none,0.23819948181117923,0.0,-0.009999999999999966,-0.00028098143689539445
R04_head_on_lateral_offset,17,4.399999999999992,23.471730208476053,51.036820984136,20.75861084560232,0.4616500222732848,-0.20359764331348504,1.389517152581176,0.01233494534090629,0.12464774693400636,0.8625892400741577,-0.15025661885738373,0.6241943836212158,0.8625892400741577,-0.15025661885738373,0.6241943836212158,1.4175535440444946,-0.0525898166000843,0.15604859590530396,0.22933912861411182,0.1999999999999993,33.481912760564434,none,0.2397452155521549,0.0,-0.009999999999999966,-0.0004060869380431076
R04_head_on_lateral_offset,18,4.599999999999992,23.71653364848756,51.15861402850759,20.811391486876342,0.4603420947760832,-0.17732467390767476,1.3950436507056363,-0.02276847084770438,0.13714037590383416,0.8575273752212524,-0.26942336559295654,0.6503856778144836,0.8575273752212524,-0.26942336559295654,0.6503856778144836,1.4145164251327516,-0.09429817795753478,0.1625964194536209,0.23133109586175268,0.1999999999999993,33.152194607716396,none,0.2416293422596496,0.0,-0.009999999999999966,-0.00029824639789695074
R04_head_on_lateral_offset,19,4.799999999999991,23.963780538429276,51.28019380761988,20.85679023245951,0.4525610923731589,-0.14896815687156756,1.397320977015197,-0.052779609404854766,0.14577407158702138,0.8422420024871826,-0.32552245259284973,0.6534672975540161,0.8422420024871826,-0.32552245259284973,0.6534672975540161,1.4053452014923096,-0.1139328584074974,0.16336682438850403,0.23378040483095028,0.1999999999999993,32.820283188639564,none,0.24384820976219146,0.0,-0.009999999999999966,-6.780493124120213e-05
R04_head_on_lateral_offset,20,4.99999999999999,24.213070177897908,51.39955255209621,20.89410064069679,0.43971940346234906,-0.11913582063920587,1.3920198688369032,-0.07403523981916636,0.1520744316998127,0.7889021039009094,-0.33527863025665283,0.6596503257751465,0.7889021039009094,-0.33527863025665283,0.6596503257751465,1.3733412623405457,-0.11734752058982849,0.16491258144378662,0.23568470651926882,0.1999999999999993,32.48662918780219,none,0.24574427767170448,0.0,-0.009999999999999966,-5.957115243569788e-05
R04_head_on_lateral_offset,21,5.1999999999999895,24.463359904219633,51.514892837938234,20.922823155667444,0.4233662174667698,-0.08840347768459722,1.3795000499130476,-0.08841296867048361,0.15502650003635343,0.725643515586853,-0.33631500601768494,0.6441675424575806,0.725643515586853,-0.33631500601768494,0.6441675424575806,1.3353861093521118,-0.11771025210618973,0.16104188561439514,0.2365989681406577,0.1999999999999993,32.15229712061547,none,0.24668381693364694,0.0,-0.009999999999999966,-8.48487929892805e-05
R04_head_on_lateral_offset,22,5.399999999999989,24.713028243506418,51.62472123661245,20.94277886287885,0.4052998475540525,-0.05767782759538349,1.3565777216958106,-0.09198175083773252,0.1524260008489843,0.6263504028320312,-0.28358229994773865,0.5885080099105835,0.6263504028320312,-0.28358229994773865,0.5885080099105835,1.2758102416992188,-0.09925380498170852,0.14712700247764587,0.23577250166317898,0.1999999999999993,31.818908354313038,none,0.24608725854504598,0.0,-0.009999999999999966,-0.0003147568818670266
R04_head_on_lateral_offset,23,5.599999999999988,24.960554333029684,51.72826554995952,20.954209771566376,0.38711513046671575,-0.02748736083766056,1.3303278171085486,-0.0900137486408079,0.14968523838456382,0.5630592107772827,-0.24572451412677765,0.5764017105102539,0.5630592107772827,-0.24572451412677765,0.5764017105102539,1.2378355264663696,-0.08600357994437217,0.14410042762756348,0.23392210888560033,0.1999999999999993,31.48795762315445,none,0.24403381987408324,0.0,-0.009999999999999966,-0.0001117109884829448
R04_head_on_lateral_offset,24,5.799999999999987,25.204678527206678,51.82529077715046,20.95755454203715,0.36958335741837695,0.0019662243970895235,1.2984891262531886,-0.08563407822410002,0.14518946131907062,0.477174311876297,-0.21917054057121277,0.5441139340400696,0.477174311876297,-0.21917054057121277,0.5441139340400696,1.1863045871257782,-0.07670968919992446,0.1360284835100174,0.23058184037431517,0.1999999999999993,31.160665284187445,none,0.24076431697191936,0.0,-0.009999999999999966,-0.00018247659760421532
R04_head_on_lateral_offset,25,5.999999999999987,25.44395597121173,51.915709373190936,20.953428679938373,0.3531875663578105,0.03009980751226543,1.261598931817707,-0.07883619016996851,0.13678017866129724,0.38602545857429504,-0.18566924333572388,0.4785788357257843,0.38602545857429504,-0.18566924333572388,0.4785788357257843,1.131615275144577,-0.06498423516750336,0.11964470893144608,0.22580751161987409,0.1999999999999993,30.838443267614863,none,0.2360820176095899,0.0,-0.009999999999999966,-0.0002745059897158697
R04_head_on_lateral_offset,26,6.199999999999986,25.677233086692695,51.99972005857267,20.942695941692484,0.33843986601083853,0.05605859784831027,1.22210325756834,-0.06935538307725138,0.12378702084935313,0.30489853024482727,-0.14296138286590576,0.3892442286014557,0.30489853024482727,-0.14296138286590576,0.3892442286014557,1.0829391181468964,-0.05003648400306701,0.09731105715036392,0.21993134959307237,0.1999999999999993,30.522418174573748,none,0.23025907383059518,0.0,-0.009999999999999966,-0.00032772423752284394
R04_head_on_lateral_offset,27,6.399999999999985,25.903970312668758,52.077883843335286,20.926435119898315,0.3259167648904372,0.07871027387286306,1.1835966973654446,-0.05682039217210769,0.10420559429730263,0.24652954936027527,-0.08936579525470734,0.25721925497055054,0.24652954936027527,-0.08936579525470734,0.25721925497055054,1.047917729616165,-0.031278028339147564,0.06430481374263763,0.2134120354842783,0.1999999999999993,30.213107398955117,none,0.22388623585634093,0.0,-0.009999999999999966,-0.0004742003720626409
R04_head_on_lateral_offset,28,6.5999999999999845,26.12464175417373,52.1512184123547,20.90587966739593,0.3163591664550188,0.0966980959521381,1.152356714013841,-0.040021711156762195,0.07767243451756724,0.23713622987270355,-0.016546541824936867,0.09442484378814697,0.23713622987270355,-0.016546541824936867,0.09442484378814697,1.042281737923622,-0.005791289638727903,0.023606210947036743,0.20731144851763098,0.1999999999999993,29.91001684101287,none,0.21794930648629673,0.0,-0.009999999999999966,-0.0006378579686658043
R04_head_on_lateral_offset,29,6.799999999999984,26.341023575001294,52.221239366316034,20.88222532126674,0.3102003544549639,0.10972245963985537,1.1350364504827009,-0.022859897199868057,0.05433048817183394,0.2900133430957794,0.0346013568341732,0.02706781029701233,0.2900133430957794,0.0346013568341732,0.02706781029701233,1.0740080058574677,0.01211047489196062,0.006766952574253082,0.20352286079966053,0.1999999999999993,29.611347707563688,none,0.213721842131676,0.0,-0.009999999999999966,-0.00019898133201548825
R04_head_on_lateral_offset,30,6.999999999999983,26.555489548975128,52.28956251229774,20.856310436566677,0.30714572909518506,0.1189740093621554,1.1308959152651668,-0.008749833875286942,0.039316607379482275,0.36051103472709656,0.057148661464452744,0.034892186522483826,0.36051103472709656,0.057148661464452744,0.034892186522483826,1.116306620836258,0.020002031512558457,0.008723046630620956,0.2016826337839113,0.1999999999999993,29.31470299498515,none,0.21179342431060633,0.0,-0.009999999999999966,-0.00011079052669505263
R04_head_on_lateral_offset,31,7.199999999999982,26.76973735457818,52.357396450168636,20.828618029999944,0.3064984169128046,0.12591469221232512,1.133293123609326,0.001503887606659524,0.03073687664646993,0.4028995931148529,0.06399355083703995,0.05301634967327118,0.4028995931148529,0.06399355083703995,0.05301634967327118,1.1417397558689117,0.02239774279296398,0.013254087418317795,0.20145978674467038,0.1999999999999993,29.018371536978346,none,0.211503229298323,0.0,-0.009999999999999966,-4.344255365263089e-05
R04_head_on_lateral_offset,32,7.399999999999982,26.984170345158258,52.42535760013183,20.799494669667112,0.3076323463109288,0.13133439898398713,1.1348597384539243,0.009251469989686843,0.023970196699113194,0.40063291788101196,0.07153886556625366,0.04072733595967293,0.40063291788101196,0.07153886556625366,0.04072733595967293,1.140379750728607,0.02503860294818878,0.010181833989918232,0.20157654243582848,0.1999999999999993,28.721952079228057,none,0.21158080422480907,0.0,-0.009999999999999966,-4.261788980632064e-06
R04_head_on_lateral_offset,33,7.599999999999981,27.19842840375392,52.49370164364649,20.769288712621268,0.310160523138694,0.13545571605133852,1.1343053356000465,0.015555186294512207,0.01771446905563044,0.38725313544273376,0.08114335685968399,0.019869064912199974,0.38725313544273376,0.08114335685968399,0.019869064912199974,1.1323518812656401,0.028400174900889395,0.0049672662280499935,0.2012632689617862,0.1999999999999993,28.42581715129689,none,0.21127739560783,0.0,-0.009999999999999966,-1.4126646043821704e-05
R04_head_on_lateral_offset,34,7.79999999999998,27.412063816714088,52.56257960095655,20.73833427363429,0.3137989232124203,0.13842132870030585,1.1317059382854888,0.020459198356904105,0.012346260105282884,0.37091147899627686,0.08700580149888992,0.005630163475871086,0.37091147899627686,0.08700580149888992,0.005630163475871086,1.122546887397766,0.03045203052461147,0.0014075408689677715,0.20049986029709235,0.1999999999999993,28.130429729013528,none,0.21050994358322583,0.0,-0.009999999999999966,-1.0083286133505398e-05
R04_head_on_lateral_offset,35,7.99999999999998,27.624650233368172,52.632075092746,20.706934579158155,0.31823045253907667,0.14035148850893805,1.12702365084289,0.02361801448901467,0.007333174923398033,0.3508757948875427,0.08587053418159485,-0.011527655646204948,0.3508757948875427,0.08587053418159485,-0.011527655646204948,1.1105254769325257,0.030054686963558196,-0.002881913911551237,0.19928943049993975,0.1999999999999993,27.83623235777208,none,0.20930337266447196,0.0,-0.009999999999999966,-1.3942164532251555e-05
R04_head_on_lateral_offset,36,8.199999999999982,27.835772543370236,52.702191972862764,20.675375659663178,0.32315038346595415,0.141318507113807,1.1201863736205726,0.025443693121833814,0.0026871803930892182,0.3268250524997711,0.08332528918981552,-0.027119573205709457,0.3268250524997711,0.08332528918981552,-0.027119573205709457,1.0960950314998625,0.02916385121643543,-0.006779893301427364,0.19765686097196772,0.20000000000000195,27.54365704906507,none,0.20767342145946088,0.0,-0.010000000000000097,-1.6560487493070333e-05
R04_head_on_lateral_offset,37,8.399999999999984,28.045050742792796,52.772876981256196,20.64391927530735,0.3283446219126225,0.1414468093494673,1.1114431628424224,0.02642474902225748,-0.00111740583217675,0.30106034874916077,0.08121094852685928,-0.035479817539453506,0.30106034874916077,0.08121094852685928,-0.035479817539453506,1.0806362092494963,0.02842383198440075,-0.008869954384863377,0.19564437495034281,0.20000000000000284,27.253100180242356,none,0.20565913863196528,0.0,-0.010000000000000142,-1.4763681622312896e-05
R04_head_on_lateral_offset,38,8.599999999999987,28.252292666634816,52.844101087861794,20.612751872996473,0.33377230517734563,0.14104889057660433,1.1024308761955872,0.02775204512885289,-0.002739522716434924,0.2844597101211548,0.08701901882886887,-0.024179544299840927,0.2844597101211548,0.08701901882886887,-0.024179544299840927,1.0706758260726927,0.0304566565901041,-0.006044886074960232,0.19343986546456743,0.20000000000000284,26.96476759219636,none,0.2034486056857432,0.0,-0.010000000000000142,-8.740221175612684e-06
R04_head_on_lateral_offset,39,8.79999999999999,28.457372759916996,52.91585284691758,20.581955562275517,0.33937541801515597,0.14058986911108945,1.09245617307092,0.02824214439772827,-0.0019129879792779904,0.26218336820602417,0.08354517817497253,-0.0009150819387286901,0.26218336820602417,0.08354517817497253,-0.0009150819387286901,1.0573100209236144,0.029240812361240386,-0.00022877048468217254,0.19108813733757574,0.20000000000000284,26.6787957368212,none,0.2011091281013151,0.0,-0.010000000000000142,-2.0990763739201517e-05
R04_head_on_lateral_offset,40,8.999999999999993,28.659575512323755,52.98786846238821,20.551605896190736,0.3448846914064108,0.14040752443734664,1.0761094838632579,0.026948120295262765,-5.08112804939873e-05,0.19751909375190735,0.06946087628602982,0.014974873512983322,0.19751909375190735,0.06946087628602982,0.014974873512983322,1.0185114562511444,0.024311306700110433,0.0037437183782458305,0.18797413429407117,0.20000000000000284,26.39591081574641,none,0.198066780826764,0.0,-0.010000000000000142,-9.264653269267226e-05
R04_head_on_lateral_offset,41,9.199999999999996,28.857067819803166,53.059415878815216,20.521945038120187,0.3502874611341265,0.1400145140197292,1.0466470618786405,0.027070363494593658,-0.003610963701894752,0.07139229029417038,0.07805559039115906,-0.04346173256635666,0.07139229029417038,0.07805559039115906,-0.04346173256635666,0.9428353741765021,0.02731945663690567,-0.010865433141589165,0.1828464786048677,0.20000000000000284,26.117955890519646,none,0.19323441213668957,0.0,-0.010000000000000142,-0.0003879335318217494
R04_head_on_lateral_offset,42,9.399999999999999,29.047696777984893,53.129674275073235,20.49344270357593,0.3561224342667108,0.13844283510925312,1.0067689999545035,0.030984368702661157,-0.011510440699305808,-0.056237488985061646,0.11131393909454346,-0.1104283481836319,-0.056237488985061646,0.11131393909454346,-0.1104283481836319,0.8662575066089631,0.038959878683090206,-0.027607087045907974,0.17586444388285272,0.20000000000000284,25.84708910227911,none,0.1863020440013443,0.0,-0.010000000000000142,-0.00043760011849146573
R04_head_on_lateral_offset,43,9.600000000000001,29.23067172365677,53.19840523834066,20.466485012944243,0.36269584943016986,0.13538536401222656,0.968134226040303,0.03448587398160278,-0.01853484027685533,-0.1133275106549263,0.11891668289899826,-0.1313934177160263,-0.1133275106549263,0.11891668289899826,-0.1313934177160263,0.8320034936070442,0.041620839014649386,-0.03284835442900658,0.16852521013760252,0.20000000000000284,25.584099099857216,none,0.17860034226616506,0.0,-0.010000000000000142,-7.513212856239848e-05
R04_head_on_lateral_offset,44,9.800000000000004,29.40651048688955,53.26583638446438,20.441190635870775,0.3697845486033782,0.13158785136595355,0.9336519803316261,0.03626688285841073,-0.019376825630175686,-0.14641200006008148,0.11398862302303314,-0.08437010645866394,-0.14641200006008148,0.11398862302303314,-0.08437010645866394,0.8121527999639511,0.039896018058061596,-0.021092526614665985,0.1613432337448474,0.20000000000000284,25.328462492551278,none,0.1714098349651465,0.0,-0.010000000000000142,-6.66012202989541e-05
R04_head_on_lateral_offset,45,10.000000000000007,29.57547488696055,53.332046757542365,20.41751223223671,0.37728613074739037,0.1279708717116896,0.8981453092133924,0.03857497718444977,-0.016974067159736747,-0.21160577237606049,0.12365184724330902,-0.04831200838088989,-0.21160577237606049,0.12365184724330902,-0.04831200838088989,0.7730365365743637,0.04327814653515816,-0.012078002095222473,0.15437189600305712,0.20000000000000284,25.07990917432145,none,0.16448477184881938,0.0,-0.010000000000000142,-0.00011287584576210818
R04_head_on_lateral_offset,46,10.20000000000001,29.737100335978816,53.39684886730032,20.39539761434674,0.38562182168648856,0.12469124025909421,0.8590122957673111,0.044346901454305615,-0.01590297568298795,-0.2981233298778534,0.1603093296289444,-0.05488171428442001,-0.2981233298778534,0.1603093296289444,-0.05488171428442001,0.7211260020732879,0.056108265370130535,-0.013720428571105003,0.14694022879152432,0.20000000000000284,24.838891979483893,none,0.15711767318765624,0.0,-0.010000000000000142,-0.00017744439613176177
R04_head_on_lateral_offset,47,10.400000000000013,29.890875678367752,53.46011728183114,20.37483326461796,0.3954290897687648,0.1213025850453766,0.8183952160362492,0.05306843606573895,-0.017837752082115594,-0.3745337128639221,0.20240050554275513,-0.08712086826562881,-0.3745337128639221,0.20240050554275513,-0.08712086826562881,0.6752797722816467,0.07084017693996429,-0.021780217066407204,0.1390856252173858,0.20000000000000284,24.605909942608378,none,0.1492586167527321,0.0,-0.010000000000000142,-0.00017299153534618307
R04_head_on_lateral_offset,48,10.600000000000016,30.036749323424225,53.52197152395874,20.355822054816898,0.4071326020538891,0.11736615199097844,0.7792774550007227,0.06320285424737478,-0.021268037372216424,-0.4309251606464386,0.23958173394203186,-0.11303151398897171,-0.4309251606464386,0.23958173394203186,-0.11303151398897171,0.6414449036121368,0.08385360687971115,-0.028257878497242928,0.13124476295680546,0.20000000000000284,24.38100637317631,none,0.14134943897060737,0.0,-0.010000000000000142,-0.00010467601380176106
R04_head_on_lateral_offset,49,10.800000000000018,30.175130258250594,53.58272742380806,20.33833152896546,0.42071285990736274,0.11299643750797064,0.7438007264307634,0.071941119959228,-0.022347730810060938,-0.46867090463638306,0.2564198672771454,-0.09819122403860092,-0.46867090463638306,0.2564198672771454,-0.09819122403860092,0.6187974572181701,0.08974695354700088,-0.02454780600965023,0.12379629518240287,0.20000000000000284,24.163769224039005,none,0.13383486514499054,0.0,-0.010000000000000142,-3.856996258753131e-05
R04_head_on_lateral_offset,50,11.000000000000021,30.306465614524896,53.642661554112195,20.322249681162997,0.4359150904153665,0.10902982980906177,0.7103603903145475,0.07951066726498249,-0.017670843816192938,-0.5124459862709045,0.2712429165840149,-0.032563284039497375,-0.5124459862709045,0.2712429165840149,-0.032563284039497375,0.5925324082374572,0.0949350208044052,-0.008140821009874344,0.11662535731369447,0.20000000000000284,23.953749533207922,none,0.1267542174551224,0.0,-0.010000000000000142,-0.0001288601414277768
R04_head_on_lateral_offset,51,11.200000000000024,30.430609560666845,53.7017101193486,20.307389773131952,0.4523594059429296,0.1067367885692468,0.6740857917917615,0.08455248545721665,-0.0061294454188326585,-0.5895479917526245,0.27093178033828735,0.06955315917730331,-0.5895479917526245,0.27093178033828735,0.06955315917730331,0.5462712049484253,0.09482612311840057,0.01738828979432583,0.10921261954992498,0.20000000000000284,23.751083605722865,none,0.11954007123053145,0.0,-0.010000000000000142,-0.00032745168060633326
R04_head_on_lateral_offset,52,11.400000000000027,30.54666474736893,53.759330934954846,20.293513656245228,0.469620732929864,0.10724379343558234,0.6310840630729243,0.08781489606140426,0.00998494982343371,-0.7007229328155518,0.2698933184146881,0.1712840497493744,-0.7007229328155518,0.2698933184146881,0.1712840497493744,0.47956624031066897,0.09446266144514083,0.0428210124373436,0.10102558024898772,0.20000000000000284,23.55664316472678,none,0.11147978264938985,0.0,-0.010000000000000142,-0.00045420240040197624
R04_head_on_lateral_offset,53,11.60000000000003,30.65378781447134,53.814879704529744,20.280324065040094,0.48743605472554064,0.11124807818919265,0.5849785653784941,0.09016146096519109,0.028651032415822467,-0.7957924604415894,0.27126577496528625,0.26674652099609375,-0.7957924604415894,0.27126577496528625,0.26674652099609375,0.42252452373504634,0.09494302123785019,0.06668663024902344,0.09227519265680398,0.20000000000000284,23.371236438953133,none,0.10263825629953516,0.0,-0.010000000000000142,-0.00036306364273103853
R04_head_on_lateral_offset,54,11.800000000000033,30.751877716912517,53.86800560798149,20.267467068802954,0.5055815291855759,0.11908153951576149,0.5400630960830636,0.09121395686933936,0.048209459427372904,-0.8636630773544312,0.2667388916015625,0.3522534966468811,-0.8636630773544312,0.2667388916015625,0.3522534966468811,0.38180215358734126,0.09335861206054687,0.08806337416172028,0.0834971541878216,0.20000000000000284,23.194933389651677,none,0.09373592131178299,0.0,-0.010000000000000142,-0.00023876712396125654
R04_head_on_lateral_offset,55,12.000000000000036,30.841448483509897,53.91864824615697,20.254600216074895,0.5238122212357779,0.13047237386720206,0.4988681707500614,0.09110144376159586,0.0644730918042418,-0.9104722142219543,0.259634792804718,0.3904530107975006,-0.9104722142219543,0.259634792804718,0.3904530107975006,0.3537166714668274,0.0908721774816513,0.09761325269937515,0.07528976500067086,0.20000000000000284,23.027197703010458,none,0.08536378032857783,0.0,-0.010000000000000142,-7.401532790682453e-05
R04_head_on_lateral_offset,56,12.200000000000038,30.923379941070007,53.96696078129645,20.241475301894287,0.5419568828668981,0.1442378356455441,0.46300175703381163,0.09039817780469118,0.07257117248759375,-0.9389576315879822,0.25418612360954285,0.3562900424003601,-0.9389576315879822,0.25418612360954285,0.3562900424003601,0.33662542104721066,0.08896514326333999,0.08907251060009003,0.06782791213842725,0.20000000000000284,22.867137439221978,none,0.07786807644659177,0.0,-0.010000000000000142,-4.016430816438543e-05
R04_head_on_lateral_offset,57,12.400000000000041,30.99880375194522,54.01325787045324,20.22798539772382,0.5588546914744268,0.15825893233122856,0.43361549093853047,0.07940822274478515,0.06798542296245055,-0.9498797655105591,0.16289758682250977,0.23456443846225739,-0.9498797655105591,0.16289758682250977,0.23456443846225739,0.33007214069366453,0.057014155387878414,0.058641109615564346,0.06101889765667211,0.20000000000000284,22.713619550912462,none,0.07148429790891697,0.0,-0.010000000000000142,-0.0004654002522447209
R04_head_on_lateral_offset,58,12.600000000000044,31.068973306368907,54.057871849181744,20.214177303322717,0.5735028597496744,0.170474771949419,0.41039108638333543,0.06793797426515932,0.055141055053527066,-0.9524012804031372,0.12732920050621033,0.11587311327457428,-0.9524012804031372,0.12732920050621033,0.11587311327457428,0.3285592317581177,0.04456522017717361,0.02896827831864357,0.05602226706551305,0.20000000000000284,22.56539506766103,none,0.06632944904185933,0.0,-0.010000000000000142,-0.00030718197634614695
R04_head_on_lateral_offset,59,12.800000000000047,31.13497579713854,54.10110797766949,20.200192749195036,0.5861060503746276,0.17983832839601982,0.3918180553839906,0.05878387755399896,0.039661226304488637,-0.9560409188270569,0.11465917527675629,0.03247284144163132,-0.9560409188270569,0.11465917527675629,0.03247284144163132,0.32637544870376584,0.040130711346864696,0.00811821036040783,0.0520952436749956,0.20000000000000284,22.421383853485604,none,0.062237831311975356,0.0,-0.010000000000000142,-0.00014258763697961308
R04_head_on_lateral_offset,60,13.00000000000005,31.1976397108449,54.143216203971434,20.18619043157633,0.596983934639901,0.18653525065501728,0.376745799075621,0.050610959122062184,0.028173804870931567,-0.960602879524231,0.09702035784721375,0.01906423084437847,-0.960602879524231,0.09702035784721375,0.01906423084437847,0.32363827228546144,0.033957125246524805,0.004766057711094618,0.04894449032346807,0.20000000000000284,22.280764299634505,none,0.0589547249275455,0.0,-0.010000000000000142,-1.023460407728112e-05
R04_head_on_lateral_offset,61,13.200000000000053,31.257624284966823,54.184407656500994,20.172261381057186,0.606254991586491,0.19153589158609707,0.364695693238934,0.042696150587530214,0.022277044134327014,-0.962938666343689,0.075909323990345,0.041045211255550385,-0.962938666343689,0.075909323990345,0.041045211255550385,0.3222368001937866,0.02656826339662075,0.010261302813887596,0.04629522920563772,0.20000000000000284,22.142883383559408,none,0.05631391510864603,0.0,-0.010000000000000142,-1.868590300816271e-05
R04_head_on_lateral_offset,62,13.400000000000055,31.315481118282726,54.224865107522945,20.158412623549555,0.6139519885191465,0.1958254284611316,0.3551980418680406,0.03486411999729417,0.020734580331939395,-0.9637786746025085,0.05401402339339256,0.07036609947681427,-0.9637786746025085,0.05401402339339256,0.07036609947681427,0.32173279523849485,0.018904908187687395,0.017591524869203568,0.04418313340490382,0.20000000000000284,22.0071952544494,none,0.05420992989066775,0.0,-0.010000000000000142,-2.6796485763792843e-05
R04_head_on_lateral_offset,63,13.600000000000058,31.37167918084376,54.264738677638704,20.14459377116074,0.6198695184213852,0.20005494582421837,0.3479315171531073,0.025050809622221646,0.02150270000969079,-0.9627871513366699,0.014441067352890968,0.09227154403924942,-0.9627871513366699,0.014441067352890968,0.09227154403924942,0.322327709197998,0.005054373573511839,0.023067886009812355,0.04252166617557376,0.20000000000000284,21.873236072809686,none,0.05256260318496686,0.0,-0.010000000000000142,-4.0937009392961816e-05
R04_head_on_lateral_offset,64,13.800000000000061,31.42661940298101,54.30413131744664,20.130729959980727,0.6238980171999535,0.20457634375538492,0.34243071308569106,0.015922202573602464,0.02355648521897298,-0.9615858793258667,-0.0076543535105884075,0.11096581071615219,-0.9615858793258667,-0.0076543535105884075,0.11096581071615219,0.32304847240448,-0.0026790237287059424,0.027741452679038048,0.04129083777707459,0.20000000000000284,21.740608605373605,none,0.05130762030275804,0.0,-0.010000000000000142,-1.6782525683307525e-05
R04_head_on_lateral_offset,65,14.000000000000064,31.480612012373136,54.34309826568234,20.116751377044622,0.6260344632623118,0.20929381453210993,0.3381412793211976,0.006176772499204577,0.0236138955253309,-0.961621105670929,-0.03908955678343773,0.09492351859807968,-0.961621105670929,-0.03908955678343773,0.09492351859807968,0.3230273365974426,-0.013681344874203204,0.02373087964951992,0.04033337954663276,0.20000000000000284,21.609004542067044,none,0.05035829011427495,0.0,-0.010000000000000142,-2.491056764204629e-05
R04_head_on_lateral_offset,66,14.200000000000067,31.533908602222304,54.38166315377264,20.102621060937615,0.6264435897987586,0.21378926178602806,0.3348756838336462,-0.001506423556481719,0.02149990851513907,-0.9610512256622314,-0.04903530701994896,0.06876907497644424,-0.9610512256622314,-0.04903530701994896,0.06876907497644424,0.32336926460266113,-0.017162357456982136,0.01719226874411106,0.039642945583075816,0.20000000000000284,21.47817306182164,none,0.04965861153571893,0.0,-0.010000000000000142,-1.5665952642973658e-05
R04_head_on_lateral_offset,67,14.40000000000007,31.586716701137384,54.41985438282594,20.088335159379128,0.6256465812783677,0.21764597094369925,0.33242461193268746,-0.006116220590097117,0.01737786227249333,-0.9603530168533325,-0.04431295767426491,0.03591372072696686,-0.9603530168533325,-0.04431295767426491,0.03591372072696686,0.32378818988800045,-0.015509535185992717,0.008978430181741714,0.03914195098014802,0.20000000000000284,21.347908136815153,none,0.049163996227783,0.0,-0.010000000000000142,-2.204524763484317e-05
R04_head_on_lateral_offset,68,14.600000000000072,31.6391912090162,54.45771497382341,20.07392069292088,0.6243543020969954,0.22051711115855802,0.33059284415160484,-0.006758186185498824,0.011757172093413232,-0.959769070148468,-0.023046599701046944,0.0012159025063738227,-0.959769070148468,-0.023046599701046944,0.0012159025063738227,0.32413855791091917,-0.00806630989536643,0.00030397562659345567,0.03878734172398104,0.20000000000000284,21.21805764379741,none,0.04882047247527055,0.0,-0.010000000000000142,-3.313075128936983e-05
R04_head_on_lateral_offset,69,14.800000000000075,31.691433847993476,54.49531106146541,20.059428187792342,0.6233399400422313,0.22218521492624432,0.3292283728217556,-0.003621822535983807,0.0054027958255166856,-0.9592989683151245,0.007911710999906063,-0.03018168732523918,-0.9592989683151245,0.007911710999906063,-0.03018168732523918,0.3244206190109253,0.002769098849967122,-0.007545421831309795,0.03853385968500443,0.20000000000000284,21.088524488539253,none,0.04857274861789307,0.0,-0.010000000000000142,-3.888893288849326e-05
R04_head_on_lateral_offset,70,15.000000000000078,31.74350195720064,54.53273273746612,20.044919523525824,0.6232088998892615,0.22264526532943915,0.3282353655405996,0.0018955740423332859,-0.0003673919231880242,-0.9587725400924683,0.03753797337412834,-0.048500869423151016,-0.9587725400924683,0.03753797337412834,-0.048500869423151016,0.32473647594451904,0.013138290680944919,-0.012125217355787754,0.038349908946196096,0.20000000000000284,20.959258000596616,none,0.04837418064582977,0.0,-0.010000000000000142,-2.4271699633526425e-05
R04_head_on_lateral_offset,71,15.200000000000081,31.795432899555063,54.570087763193676,20.030448987748166,0.6241345226302332,0.2221219637451349,0.32765893454164197,0.006977618922748212,-0.004550353510734593,-0.9572868943214417,0.049523502588272095,-0.05229564756155014,-0.9572868943214417,0.049523502588272095,-0.05229564756155014,0.325627863407135,0.01733322590589523,-0.013073911890387535,0.03819975652899033,0.20000000000000284,20.830229306908297,none,0.04820296173689087,0.0,-0.010000000000000142,-3.205207900394691e-06
R04_head_on_lateral_offset,72,15.400000000000084,31.84726128473484,54.607475722476494,20.016050480076782,0.6258350737391578,0.2210225592356958,0.32743622502304043,0.009814105751258085,-0.006310992009847442,-0.9555808305740356,0.0445542074739933,-0.03959447517991066,-0.9555808305740356,0.0445542074739933,-0.03959447517991066,0.3266515016555786,0.015593972615897655,-0.009898618794977665,0.038053038760774885,0.20000000000000284,20.701412472087643,none,0.04805681724732125,0.0,-0.010000000000000142,-3.7784865462225927e-06
R04_head_on_lateral_offset,73,15.600000000000087,31.8990173274441,54.64496081477573,20.001730528549636,0.6278279042746034,0.21991321471569286,0.3274583580773657,0.010093166737053601,-0.004889584849773315,-0.9541060924530029,0.030462300404906273,-0.007972818799316883,-0.9541060924530029,0.030462300404906273,-0.007972818799316883,0.32753634452819824,0.010661805141717195,-0.0019932046998292208,0.03791044474036276,0.20000000000000284,20.572784095242632,none,0.04793445845735533,0.0,-0.010000000000000142,-2.4013716992435183e-05
R04_head_on_lateral_offset,74,15.80000000000009,31.95072947135657,54.68256573408956,19.987461806334707,0.6295678223044111,0.2193586393249618,0.32765623338138733,0.00750135851493815,-0.0009528791271338058,-0.9527442455291748,0.006343055982142687,0.02827554941177368,-0.9527442455291748,0.006343055982142687,0.02827554941177368,0.3283534526824951,0.00222006959374994,0.00706888735294342,0.03779996206914312,0.20000000000000284,20.44431995641896,none,0.04783791280467398,0.0,-0.010000000000000142,-3.795073553071507e-05
R04_head_on_lateral_offset,75,16.000000000000092,32.00242693463352,54.72027137424322,19.97319160370196,0.6305655439002525,0.2196694595375624,0.3279212618597184,0.0028280828911640965,0.0037096646651180194,-0.9519081711769104,-0.0191273745149374,0.05284184217453003,-0.9519081711769104,-0.0191273745149374,0.05284184217453003,0.32885509729385376,-0.00669458108022809,0.013210460543632507,0.037746845926288734,0.20000000000000284,20.315992121408915,none,0.04777190481809157,0.0,-0.010000000000000142,-2.5058891802691132e-05
R04_head_on_lateral_offset,76,16.200000000000095,32.05413181417039,54.75802174240651,19.958863975810797,0.6305235427403061,0.22082011296941137,0.3281012323403504,-0.002822229632955293,0.007510407152158574,-0.9521077275276184,-0.04095939174294472,0.061020493507385254,-0.9521077275276184,-0.04095939174294472,0.061020493507385254,0.32873536348342897,-0.01433578711003065,0.015255123376846313,0.03772210921868814,0.20000000000000284,20.1877768024146,none,0.04773298056142039,0.0,-0.010000000000000142,-1.0871342732110614e-05
R04_head_on_lateral_offset,77,16.400000000000098,32.10586085110911,54.79574391796035,19.9444373142462,0.6294403599046038,0.22252227955626577,0.3281717422735759,-0.007646028330895352,0.009371023777033789,-0.9526330232620239,-0.049929745495319366,0.052649497985839844,-0.9526330232620239,-0.049929745495319366,0.052649497985839844,0.3284201860427856,-0.017475410923361776,0.013162374496459961,0.037714618983643686,0.20000000000000284,20.059653819133437,none,0.04771763531860529,0.0,-0.010000000000000142,-3.016334961461198e-06
R04_head_on_lateral_offset,78,16.6000000000001,32.15762945658948,54.833377087526834,19.929894196474333,0.6276313481402546,0.2243227155466534,0.32816306147275953,-0.010247979856460842,0.00868503890416724,-0.9531125426292419,-0.04442839324474335,0.029148871079087257,-0.9531125426292419,-0.04442839324474335,0.029148871079087257,0.3281324744224548,-0.01554993763566017,0.007287217769771814,0.03771190854879773,0.20000000000000284,19.93160480388625,none,0.04772356403440625,0.0,-0.010000000000000142,-1.1655485608376774e-05
R04_head_on_lateral_offset,79,16.800000000000104,32.20944990494548,54.87089223646097,19.91524608402655,0.6256114425124891,0.22574113679069077,0.32813938887998895,-0.009971885678602532,0.0057224632817557235,-0.9532400369644165,-0.026883693411946297,-0.0012573313433676958,-0.9532400369644165,-0.026883693411946297,-0.0012573313433676958,0.3280559778213501,-0.009409292694181203,-0.00031433283584192395,0.03772001177259908,0.20000000000000284,19.80361676628563,none,0.047744659170454895,0.0,-0.010000000000000142,-2.464739785567512e-05
R04_head_on_lateral_offset,80,17.000000000000107,32.26133040652628,54.908300876844265,19.900528647998158,0.6239328619724575,0.2264254466566883,0.32818147744683634,-0.0070352540637301075,0.0014431665786827173,-0.9527837038040161,-0.003003781894221902,-0.02910676971077919,-0.9527837038040161,-0.003003781894221902,-0.02910676971077919,0.3283297777175903,-0.0010513236629776657,-0.0072766924276947975,0.037745972780045094,0.20000000000000284,19.675684082356277,none,0.0477728937726738,0.0,-0.010000000000000142,-2.692099262855757e-05
R04_head_on_lateral_offset,81,17.20000000000011,32.31327520890289,54.945651160086655,19.885789760746114,0.6230180232183281,0.2262548266925665,0.32835736723087655,-0.002458113232295455,-0.0028274864912922323,-0.9517048001289368,0.01962473802268505,-0.046118929982185364,-0.9517048001289368,0.01962473802268505,-0.046118929982185364,0.32897711992263795,0.006868658307939767,-0.011529732495546341,0.03778452254814737,0.20000000000000284,19.54780847237115,none,0.04780057509902491,0.0,-0.010000000000000142,-1.6052550877399298e-05
R04_head_on_lateral_offset,82,17.400000000000112,32.365285341039744,54.983012827849,19.8710744030346,0.6230366491206446,0.2253681909125589,0.3287024978091969,0.0022867511526706115,-0.0058137929655587735,-0.9501357078552246,0.034157972782850266,-0.047595780342817307,-0.9501357078552246,0.034157972782850266,-0.047595780342817307,0.32991857528686525,0.011955290473997592,-0.011898945085704327,0.03781781820843354,0.20000000000000284,19.41999730174146,none,0.04782213536943658,0.0,-0.010000000000000142,-4.317161002903927e-06
R04_head_on_lateral_offset,83,17.600000000000115,32.417356429703055,55.02045266276431,19.856411936017523,0.6238261209046735,0.22412445915221768,0.32916103487462073,0.00537519056996648,-0.0065667724659353955,-0.9487054944038391,0.03333844989538193,-0.03240443021059036,-0.9487054944038391,0.03333844989538193,-0.03240443021059036,0.33077670335769654,0.011668457463383674,-0.00810110755264759,0.03782760417506381,0.20000000000000284,19.292263716724644,none,0.04783227406000634,0.0,-0.010000000000000142,-4.6698849423904015e-06
R04_head_on_lateral_offset,84,17.800000000000118,32.46948367355188,55.05801318071425,19.841806326117368,0.6249759958053659,0.22299238708986563,0.32970390765791274,0.006071107108575115,-0.004881004712644766,-0.94730544090271,0.02139761671423912,-0.005783763714134693,-0.94730544090271,0.02139761671423912,-0.005783763714134693,0.331616735458374,0.007489165849983692,-0.0014459409285336733,0.03781578473777278,0.20000000000000284,19.164619669947818,none,0.04783284880840455,0.0,-0.010000000000000142,-1.706407063162845e-05
R04_head_on_lateral_offset,85,18.00000000000012,32.5216680205541,55.09570523934868,19.82723407676049,0.6260182184953529,0.2223716098290868,0.3302874421344888,0.004471669621895227,-0.0015758759216731454,-0.9460940957069397,0.0034643420949578285,0.02063574269413948,-0.9460940957069397,0.0034643420949578285,0.02063574269413948,0.33234354257583615,0.00121251973323524,0.00515893567353487,0.03781228645695743,0.20000000000000284,19.037068852168,none,0.047832707657249784,0.0,-0.010000000000000142,-2.042120029221429e-05
R04_head_on_lateral_offset,86,18.200000000000124,32.57391483620787,55.13350853390066,19.812654515997476,0.626583233619478,0.22244681642472192,0.3308503831428967,0.0014092933537513453,0.002054332549792535,-0.9452767968177795,-0.013802471570670605,0.03780621662735939,-0.9452767968177795,-0.013802471570670605,0.03780621662735939,0.33283392190933225,-0.004830865049734711,0.009451554156839848,0.03782758437310472,0.20000000000000284,18.90960770650119,none,0.047839457093239446,0.0,-0.010000000000000142,-1.1872720134582794e-05
R04_head_on_lateral_offset,87,18.400000000000126,32.626226712904725,55.17137764087833,19.798026418618065,0.6264630180097354,0.22316385737116232,0.3312907426370292,-0.0023296451267186507,0.004901486515709796,-0.9452627301216125,-0.02842406928539276,0.04281235858798027,-0.9452627301216125,-0.02842406928539276,0.04281235858798027,0.3328423619270325,-0.009948424249887466,0.010703089646995068,0.03784830444674075,0.20000000000000284,18.782232746868512,none,0.04785308150223955,0.0,-0.010000000000000142,-4.777055498659966e-06
R04_head_on_lateral_offset,88,18.60000000000013,32.67860397297903,55.20925614101599,19.783320403854916,0.6256526165243759,0.22429547335738909,0.3315993783954049,-0.005532937151855865,0.006308617671441552,-0.945521891117096,-0.034457821398973465,0.03670363128185272,-0.945521891117096,-0.034457821398973465,0.03670363128185272,0.3326868653297424,-0.012060237489640711,0.00917590782046318,0.03787121506905299,0.20000000000000284,18.65494115780402,none,0.04787269086661894,0.0,-0.010000000000000142,-1.4757975658069578e-06
R04_head_on_lateral_offset,89,18.800000000000132,32.73104860368877,55.24709712621857,19.768524549432318,0.6243561627943273,0.2255205845485248,0.33181333186541717,-0.007298527363541528,0.00596815496264636,-0.9457213282585144,-0.031132126227021217,0.021097596734762192,-0.9457213282585144,-0.031132126227021217,0.021097596734762192,0.33256720304489135,-0.010896244179457426,0.005274399183690548,0.03789404803133383,0.20000000000000284,18.527728935486873,none,0.04789914099809067,0.0,-0.010000000000000142,-5.0929667567021356e-06
R04_head_on_lateral_offset,90,19.000000000000135,32.783563837317395,55.284876832962176,19.753646345639627,0.6229106862246261,0.22651177263818914,0.3319942418472259,-0.007166211034024546,0.004085613361895114,-0.9456138610839844,-0.0197045486420393,0.0009983457857742906,-0.9456138610839844,-0.0197045486420393,0.0009983457857742906,0.33263168334960935,-0.0068965920247137545,0.00024958644644357264,0.03792065642221097,0.20000000000000284,18.400592902223952,none,0.04793134804155841,0.0,-0.010000000000000142,-1.0691619347295473e-05
R04_head_on_lateral_offset,91,19.200000000000138,32.83615299985144,55.32260043535909,19.73870929884448,0.6216809716088149,0.22702884909836027,0.3322098936544753,-0.005273582784162151,0.0012954465117089539,-0.9450504183769226,-0.004048578441143036,-0.017560139298439026,-0.9450504183769226,-0.004048578441143036,-0.017560139298439026,0.3329697489738464,-0.0014170024544000624,-0.0043900348246097565,0.03795454445117258,0.20000000000000284,18.273532799625855,none,0.04796634133595745,0.0,-0.010000000000000142,-1.179688478472922e-05
R04_head_on_lateral_offset,92,19.40000000000014,32.888818769662485,55.3602991406793,19.72374507141115,0.6209488768928795,0.22698417379151362,0.33251652663625375,-0.0022734823696527245,-0.0015292981720535462,-0.9440050721168518,0.01097079273313284,-0.029140952974557877,-0.9440050721168518,0.01097079273313284,-0.029140952974557877,0.3335969567298889,0.0038397774565964936,-0.007285238243639469,0.03799337506732628,0.20000000000000284,18.146552101035223,none,0.04800059085741992,0.0,-0.010000000000000142,-7.21579009350189e-06
R04_head_on_lateral_offset,93,19.600000000000144,32.941562310133754,55.3980193366285,19.708783728435364,0.6208274025599774,0.2264629574438233,0.33293619824781895,0.000825191547289482,-0.0035319268935969017,-0.9426417946815491,0.020398037508130074,-0.030450614169239998,-0.9426417946815491,0.020398037508130074,-0.030450614169239998,0.3344149231910705,0.007139313127845525,-0.0076126535423099995,0.03802892806298864,0.20000000000000284,18.019657996332626,none,0.048030776996625946,0.0,-0.010000000000000142,-1.8489336371634891e-06
R04_head_on_lateral_offset,94,19.800000000000146,32.99438020781976,55.435804543757726,19.69384548859181,0.6212017744332621,0.22570146473581673,0.33341958493991214,0.0027718102568631774,-0.004044376766728233,-0.941461980342865,0.019252588972449303,-0.02035435289144516,-0.941461980342865,0.019252588972449303,-0.02035435289144516,0.335122811794281,0.006738406140357256,-0.00508858822286129,0.03805039427070706,0.20000000000000284,17.892862500466535,none,0.04805248704082743,0.0,-0.010000000000000142,-2.0927701202231446e-06
R04_head_on_lateral_offset,95,20.00000000000015,33.04726954105606,55.47368219274641,19.67893332750139,0.6218045613982514,0.2250102386275959,0.3339654486189307,0.003222119519900529,-0.002950341880298243,-0.9401853084564209,0.011827737092971802,-0.0028841733001172543,-0.9401853084564209,0.011827737092971802,-0.0028841733001172543,0.33588881492614747,0.00413970798254013,-0.0007210433250293136,0.0380605827750232,0.20000000000000284,17.766175853141597,none,0.04806782208485316,0.0,-0.010000000000000142,-7.239309829821348e-06
R04_head_on_lateral_offset,96,20.200000000000152,33.10023163662762,55.51165977848723,19.664031722083383,0.6223398544854892,0.22464761418224619,0.3345386949101601,0.0022072985529324376,-0.0008353126283934895,-0.9390690922737122,0.00039832291076891124,0.013897803612053394,-0.9390690922737122,0.00039832291076891124,0.013897803612053394,0.33655854463577267,0.00013941301876911892,0.0034744509030133486,0.03807482845154029,0.20000000000000284,17.63960217533746,none,0.048083098695464344,0.0,-0.010000000000000142,-8.270243923910203e-06
R04_head_on_lateral_offset,97,20.400000000000155,33.153269674439024,55.54972410614982,19.64911434612099,0.622574074565968,0.22472938884831117,0.3350957962408646,0.0002801515920804659,0.0014786552047201542,-0.9382354021072388,-0.010419334284961224,0.024775171652436256,-0.9382354021072388,-0.010419334284961224,0.024775171652436256,0.3370587587356567,-0.003646766999736428,0.006193792913109064,0.03809773909580625,0.20000000000000284,17.513141414403172,none,0.04810245977344607,0.0,-0.010000000000000142,-4.720677639678978e-06
R04_head_on_lateral_offset,98,20.600000000000158,33.20638580645517,55.58784677252808,19.63415435217428,0.6223829193844543,0.22522020379643576,0.3355868933151274,-0.0020184569545015725,0.0032927645941189243,-0.9378045201301575,-0.0191494207829237,0.02795739285647869,-0.9378045201301575,-0.0191494207829237,0.02795739285647869,0.3373172879219055,-0.006702297274023294,0.006989348214119673,0.03812496410112057,0.20000000000000284,17.386792510965623,none,0.04812669463314734,0.0,-0.010000000000000142,-1.7305320266307496e-06
R04_head_on_lateral_offset,99,20.80000000000016,33.25957564476442,55.62598717684563,19.6191334823415,0.6216845752098917,0.22600669181729605,0.3359236024674101,-0.0047584696453463315,0.004482448936576508,-0.9381499886512756,-0.029547864571213722,0.027626603841781616,-0.9381499886512756,-0.029547864571213722,0.027626603841781616,0.3371100068092346,-0.010341752599924802,0.006906650960445404,0.03814873780711522,0.20000000000000284,17.260558868130193,none,0.04815090493517715,0.0,-0.010000000000000142,-2.1671280617911042e-06
R04_head_on_lateral_offset,100,21.000000000000163,33.31283331386642,55.66409933445944,19.604042646557943,0.6204944526017644,0.22697094293711664,0.3361270879168686,-0.006975647431215476,0.0051125699512344774,-0.9385932087898254,-0.03283873572945595,0.025586232542991638,-0.9385932087898254,-0.03283873572945595,0.025586232542991638,0.3368440747261047,-0.01149355750530958,0.0063965581357479095,0.03817416328556647,0.20000000000000284,17.13444407862995,none,0.04817446707340878,0.0,-0.010000000000000142,-3.0378784216585075e-07
R04_head_on_lateral_offset,101,21.200000000000166,33.36615140614142,55.70214332617058,19.588880772698104,0.6189489985859277,0.22797060326231042,0.3361832786928256,-0.008373533830632381,0.004900050892362503,-0.9393645524978638,-0.03206281736493111,0.01786801591515541,-0.9393645524978638,-0.03206281736493111,0.01786801591515541,0.33638126850128175,-0.011221986077725886,0.004467003978788853,0.038194139886386945,0.20000000000000284,17.00845353898085,none,0.04819535524415386,0.0,-0.010000000000000142,-1.2153577667708971e-06
R04_head_on_lateral_offset,102,21.40000000000017,33.41952150431096,55.74009182487099,19.573656432568153,0.6172376444935944,0.228837008139736,0.33614562420957167,-0.00871432185117656,0.00384362114224509,-0.9399784207344055,-0.026882115751504898,0.006763800047338009,-0.9399784207344055,-0.026882115751504898,0.006763800047338009,0.3360129475593567,-0.009408740513026714,0.0016909500118345022,0.03820825457223548,0.20000000000000284,16.882594912950772,none,0.048211264974504786,0.0,-0.010000000000000142,-3.0104022691655916e-06
R04_head_on_lateral_offset,103,21.600000000000172,33.47293912761378,55.777936822299644,19.558385918037143,0.6155697488537981,0.22942910375761397,0.33608316793934784,-0.008017178351406275,0.002201129839377366,-0.9402281641960144,-0.01884748414158821,-0.004583000671118498,-0.9402281641960144,-0.01884748414158821,-0.004583000671118498,0.33586310148239135,-0.006596619449555873,-0.0011457501677796245,0.03822004377881796,0.20000000000000284,16.75687445801947,none,0.04822391113008706,0.0,-0.010000000000000142,-3.867351268961078e-06
R04_head_on_lateral_offset,104,21.800000000000175,33.52640411938062,55.81568935365076,19.543089698114112,0.6141245682547442,0.22967530671473185,0.33605888478419393,-0.006545544864141359,0.00039688585707357203,-0.9400444626808167,-0.010133769363164902,-0.013118380680680275,-0.9400444626808167,-0.010133769363164902,-0.013118380680680275,0.33597332239151,-0.0035468192771077153,-0.0032795951701700687,0.038232337205566756,0.20000000000000284,16.63129695690855,none,0.04823531351123478,0.0,-0.010000000000000142,-2.9763056678805108e-06
R04_head_on_lateral_offset,105,22.000000000000178,33.57991120589105,55.85336876173904,19.527791054870463,0.6130175933756331,0.22954692900778345,0.3360142675774089,-0.004665874917860594,-0.0015350524610529214,-0.9402382373809814,-0.0023877129424363375,-0.02188693732023239,-0.9402382373809814,-0.0023877129424363375,-0.02188693732023239,0.3358570575714111,-0.0008356995298527181,-0.005471734330058098,0.03823663205104183,0.20000000000000284,16.505873646802158,none,0.04823937058152694,0.0,-0.010000000000000142,-2.7385304849713534e-06
R04_head_on_lateral_offset,106,22.20000000000018,33.63344519902321,55.89099294872465,19.51251616558698,0.6122626325914226,0.2290642269765472,0.33591242385055825,-0.003008639028655357,-0.0031688298196815576,-0.9407440423965454,0.0010522451484575868,-0.025991814211010933,-0.9407440423965454,0.0010522451484575868,-0.025991814211010933,0.33555357456207274,0.00036828580196015534,-0.006497953552752733,0.038225841910436646,0.20000000000000284,16.380625469111504,none,0.048226420693730176,0.0,-0.010000000000000142,-5.787832933864788e-07
R04_head_on_lateral_offset,107,22.400000000000183,33.68698990689737,55.92857546914575,19.497287544745497,0.6117589196181624,0.22833674494506798,0.33576360105348374,-0.002097186974738159,-0.004040307126673797,-0.9412679672241211,-0.0006855278043076396,-0.023264413699507713,-0.9412679672241211,-0.0006855278043076396,-0.023264413699507713,0.33523921966552733,-0.00023993473150767385,-0.005816103424876928,0.03819574179785528,0.20000000000000284,16.25557392936747,none,0.04819595645916763,0.0,-0.010000000000000142,-2.1466131220921215e-07
R04_head_on_lateral_offset,108,22.600000000000186,33.740536091175215,55.96612403719758,19.48211649249646,0.6113595070026581,0.22756193734713953,0.3356044403348439,-0.001910974073152868,-0.003731075671331485,-0.9415939450263977,-0.004375802353024483,-0.012403837405145168,-0.9415939450263977,-0.004375802353024483,-0.012403837405145168,0.33504363298416134,-0.001531530823558569,-0.003100959351286292,0.03815285029781495,0.20000000000000284,16.13073317794926,none,0.048155483827919454,0.0,-0.010000000000000142,-2.633530104363081e-06
R04_head_on_lateral_offset,109,22.80000000000019,33.79408266822188,56.00364035486858,19.466998603511467,0.6109156732791765,0.22695185169505822,0.33546549082907984,-0.0024841619127584326,-0.0024651907740332467,-0.9417068362236023,-0.010434680618345737,0.0004571359313558787,-0.9417068362236023,-0.010434680618345737,0.0004571359313558787,0.3349758982658386,-0.003652138216421008,0.00011428398283896968,0.03810963218091009,0.20000000000000284,16.00610892274996,none,0.048113674728618605,0.0,-0.010000000000000142,-4.042547708371589e-06
R04_head_on_lateral_offset,110,23.000000000000192,33.84763446019488,56.04111899270792,19.451916804817937,0.6103056367506543,0.22664903400462308,0.33535300498386167,-0.0035368612721867645,-0.0006963071410393416,-0.9417389035224915,-0.01623408868908882,0.011632482521235943,-0.9417389035224915,-0.01623408868908882,0.011632482521235943,0.33495665788650514,-0.0056819310411810875,0.0029081206303089857,0.038073978604415436,0.20000000000000284,15.881700360433763,none,0.04807714905508931,0.0,-0.010000000000000142,-3.170450673732041e-06
R04_head_on_lateral_offset,111,23.200000000000195,33.9011987202713,56.07854925293743,19.4368485756771,0.609483093627875,0.226661394990522,0.3352633304279749,-0.004607849426278367,0.0007136484470451218,-0.9417544007301331,-0.01940053142607212,0.014346775598824024,-0.9417544007301331,-0.01940053142607212,0.014346775598824024,0.3349473595619202,-0.0067901859991252415,0.003586693899706006,0.038048586484085975,0.20000000000000284,15.75750366115505,none,0.04804893436381974,0.0,-0.010000000000000142,-3.478797336216311e-07
R04_head_on_lateral_offset,112,23.400000000000198,33.95478015373659,56.11591857879099,19.42177680634556,0.6084908543070778,0.22685663017646077,0.335158994149862,-0.005265013250871521,0.0012019035554558886,-0.9420143961906433,-0.01886887475848198,0.008787254802882671,-0.9420143961906433,-0.01886887475848198,0.008787254802882671,0.334791362285614,-0.006604106165468693,0.002196813700720668,0.038026198153001775,0.20000000000000284,15.633517067128006,none,0.048026823323560563,0.0,-0.010000000000000142,-6.251705586436673e-07
R04_head_on_lateral_offset,113,23.6000000000002,34.008376843267804,56.15321574129955,19.406697051528067,0.6074220302737007,0.22705232561087438,0.33500373133575667,-0.005412138250757068,0.000786369638997876,-0.9425722360610962,-0.01631980761885643,-0.00024143047630786896,-0.9425722360610962,-0.01631980761885643,-0.00024143047630786896,0.33445665836334226,-0.0057119326665997505,-6.035761907696724e-05,0.03800249324788302,0.20000000000000284,15.509745164808079,none,0.048004259769612645,0.0,-0.010000000000000142,-1.7665217294811527e-06
R04_head_on_lateral_offset,114,23.800000000000203,34.061982233687814,56.190433955569794,19.39161682941397,0.6063680363346082,0.22710343014299822,0.33479321750393903,-0.005147729653693417,-0.00020091270707440847,-0.9432475566864014,-0.013168423436582088,-0.008850732818245888,-0.9432475566864014,-0.013168423436582088,-0.008850732818245888,0.33405146598815916,-0.00460894820280373,-0.002212683204561472,0.03797455825250782,0.20000000000000284,15.386197485749227,none,0.04797624839984849,0.0,-0.010000000000000142,-1.690147340523019e-06
R04_head_on_lateral_offset,115,24.000000000000206,34.11558895942999,56.22757210853998,19.376550508925362,0.6053898319029523,0.2269418022298845,0.33454055226193696,-0.004670298701555927,-0.0013302482441876194,-0.9439162015914917,-0.010564127936959267,-0.014525913633406162,-0.9439162015914917,-0.010564127936959267,-0.014525913633406162,0.33365027904510497,-0.003697444777935743,-0.0036314784083515406,0.03794056604692051,0.20000000000000284,15.262885177534214,none,0.047941354789287516,0.0,-0.010000000000000142,-7.887423668644436e-07
R04_head_on_lateral_offset,116,24.20000000000021,34.16919101555569,56.264633349356814,19.361513788012402,0.6045105335857925,0.22656529000417222,0.3342638610956831,-0.004161065452377444,-0.0023574534133985513,-0.9445184469223022,-0.008924024179577827,-0.017802296206355095,-0.9445184469223022,-0.008924024179577827,-0.017802296206355095,0.3332889318466186,-0.0031234084628522394,-0.004450574051588774,0.0379001198699015,0.20000000000000284,15.13981887106675,none,0.0479003956163524,0.0,-0.010000000000000142,-2.757464507556658e-07
R04_head_on_lateral_offset,117,24.40000000000021,34.22278415082167,56.301622659411514,19.346520434108673,0.6037260252613843,0.22601136304561892,0.33397386299787407,-0.0037174529305029204,-0.0031240385420787374,-0.9450799226760864,-0.008038600906729698,-0.018744390457868576,-0.9450799226760864,-0.008038600906729698,-0.018744390457868576,0.3329520463943481,-0.002813510317355394,-0.004686097614467144,0.03785480384501885,0.20000000000000284,15.017008012685087,none,0.047854843580438455,0.0,-0.010000000000000142,-3.9735419458467034e-08
R04_head_on_lateral_offset,118,24.600000000000215,34.276365546017814,56.33854493346942,19.331580322378702,0.6030141459474555,0.22534668866724594,0.33367966632364093,-0.003423495799508919,-0.0034947636384678933,-0.9455949068069458,-0.00807001069188118,-0.01700073853135109,-0.9455949068069458,-0.00807001069188118,-0.01700073853135109,0.3326430559158325,-0.0028245037421584128,-0.004250184632837772,0.03780600869662708,0.20000000000000284,14.89446092075409,none,0.04780607482697263,0.0,-0.010000000000000142,-6.613034540976781e-08
R04_head_on_lateral_offset,119,24.800000000000217,34.32993481263523,56.375404569641276,19.31669780424635,0.6023460502722222,0.2246477023807751,0.3334008256528913,-0.003269097941329778,-0.0034950757056894446,-0.9459694623947144,-0.008441382087767124,-0.013982846401631832,-0.9459694623947144,-0.008441382087767124,-0.013982846401631832,0.3324183225631714,-0.0029544837307184935,-0.003495711600407958,0.03775629210339495,0.20000000000000284,14.772183825576105,none,0.047756479821025266,0.0,-0.010000000000000142,-1.8771763017264715e-07
R04_head_on_lateral_offset,120,25.00000000000022,34.38349635898515,56.41220771713084,19.3018715851418,0.6017208913005676,0.22396134608068233,0.33317760294040244,-0.0030025793214600877,-0.0033773595766108653,-0.9460148811340332,-0.007027138024568558,-0.01254996471107006,-0.9460148811340332,-0.007027138024568558,-0.01254996471107006,0.33239107131958007,-0.002459498308598995,-0.003137491177767515,0.03771038735631708,0.20000000000000284,14.65017908519342,none,0.04771046846229865,0.0,-0.010000000000000142,-8.110598142641728e-08
R04_head_on_lateral_offset,121,25.200000000000223,34.43705452236485,56.44896132592625,19.287098579825084,0.6011473145488195,0.2232945883110136,0.33298078419580673,-0.0027520691809034075,-0.003296325658032158,-0.9461878538131714,-0.006404595449566841,-0.012524816207587719,-0.9461878538131714,-0.006404595449566841,-0.012524816207587719,0.33228728771209715,-0.002241608407348394,-0.0031312040518969297,0.03766779484209443,0.20000000000000284,14.528449651209534,none,0.047667803204319625,0.0,-0.010000000000000142,-8.362225052908207e-09
R04_head_on_lateral_offset,122,25.400000000000226,34.49061086212749,56.48567059487907,19.27237667067702,0.6006280240770845,0.22264048509219225,0.3328042714937791,-0.0024626491642222538,-0.00324832439239183,-0.9463627934455872,-0.0053511494770646095,-0.012602051720023155,-0.9463627934455872,-0.0053511494770646095,-0.012602051720023155,0.3321823239326477,-0.0018729023169726132,-0.003150512930005789,0.03762594088670892,0.20000000000000284,14.407001050681234,none,0.04762596381306139,0.0,-0.010000000000000142,-2.2926352327042044e-08
R04_head_on_lateral_offset,123,25.60000000000023,34.54416578247568,56.52234020401345,19.257704468960835,0.6001626494958704,0.22199346215242288,0.33264039765994324,-0.002210129119560068,-0.0032237566774662974,-0.9465616941452026,-0.0048444936983287334,-0.01269478164613247,-0.9465616941452026,-0.0048444936983287334,-0.01269478164613247,0.3320629835128784,-0.0016955727944150565,-0.0031736954115331173,0.037583862978926734,0.20000000000000284,14.285840051092409,none,0.04758386907613499,0.0,-0.010000000000000142,-6.097208112604453e-09
R04_head_on_lateral_offset,124,25.80000000000023,34.5977192324532,56.55897408620601,19.243081001282768,0.5997434702711817,0.22135383012954443,0.3324877759246716,-0.0019976757667136275,-0.003176151556080374,-0.9467499852180481,-0.004470750689506531,-0.012316589243710041,-0.9467499852180481,-0.004470750689506531,-0.012316589243710041,0.33195000886917114,-0.0015647627413272857,-0.0030791473109275103,0.03754115602749842,0.20000000000000284,14.16497393062484,none,0.04754116239083572,0.0,-0.010000000000000142,-6.363337160136297e-09
R04_head_on_lateral_offset,125,26.000000000000234,34.65127114652476,56.59557542751454,19.228505113914913,0.5993582924762674,0.2207287629433811,0.3323439583572648,-0.0018641649143402983,-0.0030816433987943623,-0.9469379782676697,-0.004548890981823206,-0.011556262150406837,-0.9469379782676697,-0.004548890981823206,-0.011556262150406837,0.33183721303939817,-0.001592111843638122,-0.0028890655376017094,0.03749790513074725,0.20000000000000284,14.04441006823179,none,0.04749791752163901,0.0,-0.010000000000000142,-1.2390891616005131e-08
R04_head_on_lateral_offset,126,26.200000000000237,34.704821650486146,56.6321463870761,19.213975131027876,0.5989914880084091,0.22012889352319767,0.33220829522804235,-0.001808105007392971,-0.0029285867075994104,-0.9471161961555481,-0.004839635919779539,-0.010466821491718292,-0.9471161961555481,-0.004839635919779539,-0.010466821491718292,0.3317302823066711,-0.0016938725719228386,-0.002616705372929573,0.037454423793069624,0.20000000000000284,13.924155688601846,none,0.04745444985657343,0.0,-0.010000000000000142,-2.6063503666216154e-08
R04_head_on_lateral_offset,127,26.40000000000024,34.75837113422365,56.6686880859881,19.199488727548584,0.5986277337417164,0.21956417613529028,0.3320792684792219,-0.0018279425045555889,-0.002733305540762397,-0.9472922682762146,-0.005338185932487249,-0.009341536089777946,-0.9472922682762146,-0.005338185932487249,-0.009341536089777946,0.33162463903427125,-0.0018683650763705372,-0.0023353840224444866,0.03741111906251948,0.20000000000000284,13.80421778654186,none,0.047411149978934475,0.0,-0.010000000000000142,-3.091641485333807e-08
R04_head_on_lateral_offset,128,26.600000000000243,34.811920206098016,56.70520066698661,19.185043133451554,0.5982545477749123,0.21903979192116724,0.3319556877385767,-0.0018985922798827252,-0.0025261499469997747,-0.947466254234314,-0.00583586934953928,-0.00841612834483385,-0.947466254234314,-0.00583586934953928,-0.00841612834483385,0.3315202474594116,-0.0020425542723387477,-0.0021040320862084627,0.03736833918752439,0.20000000000000284,13.684603166251623,none,0.04736836187431237,0.0,-0.010000000000000142,-2.2686787832537115e-08
R04_head_on_lateral_offset,129,26.800000000000246,34.86546958409166,56.741683571601286,19.170635524682073,0.5978647262994357,0.21855397518653813,0.33183587471997444,-0.001992541508198093,-0.0023456236890035454,-0.9476438164710999,-0.006239944137632847,-0.007911072112619877,-0.9476438164710999,-0.006239944137632847,-0.007911072112619877,0.33141371011734005,-0.0021839804481714963,-0.001977768028154969,0.037326282792943415,0.20000000000000284,13.565318585065777,none,0.04732629179067516,0.0,-0.010000000000000142,-8.997731600068892e-09
R04_head_on_lateral_offset,130,27.00000000000025,34.91901995587073,56.77813588083787,19.15626349766493,0.5974569071078398,0.21809798366794755,0.3317183324071085,-0.0020791246258799667,-0.0022234962586763643,-0.9478263854980469,-0.0064444392919540405,-0.00789855606853962,-0.9478263854980469,-0.0064444392919540405,-0.00789855606853962,0.33130416870117185,-0.002255553752183914,-0.001974639017134905,0.03728496741025904,0.20000000000000284,13.446370941559197,none,0.04728496891638656,0.0,-0.010000000000000142,-1.5061273820130006e-09
R04_head_on_lateral_offset,131,27.20000000000025,34.97257186751056,56.814556691291784,19.141925452048174,0.5970349737788221,0.21765824412413873,0.33160173660463377,-0.0021359274289604645,-0.0021773753210342596,-0.9480151534080505,-0.006433353293687105,-0.008333581499755383,-0.9480151534080505,-0.006433353293687105,-0.008333581499755383,0.33119090795516964,-0.0022516736527904866,-0.0020833953749388456,0.0372442613222118,0.20000000000000284,13.327767454378995,none,0.04724426582227892,0.0,-0.010000000000000142,-4.500066980183716e-09
R04_head_on_lateral_offset,132,27.400000000000254,35.02612565588753,56.85094540905339,19.127620785102323,0.5966061573230936,0.21721971517129532,0.3314852376890744,-0.0021510940201890988,-0.002205773809304545,-0.948208749294281,-0.006234282162040472,-0.00905456393957138,-0.948208749294281,-0.006234282162040472,-0.00905456393957138,0.3310747504234314,-0.002181998756714165,-0.002263640984892845,0.03720393716828591,0.20000000000000284,13.209515794511178,none,0.04720394910677328,0.0,-0.010000000000000142,-1.1938487222869222e-08
R04_head_on_lateral_offset,133,27.600000000000257,35.079681441955124,56.887301914870584,19.113349845148253,0.5961785661096297,0.216769512348868,0.33136847428618466,-0.002126659730347705,-0.0022899128439723914,-0.9484049081802368,-0.005933915264904499,-0.009845446795225143,-0.9484049081802368,-0.005933915264904499,-0.009845446795225143,0.3309570550918579,-0.0020768703427165745,-0.002461361698806286,0.03716373805474792,0.20000000000000284,13.091624145061116,none,0.047163753138633524,0.0,-0.010000000000000142,-1.508388545603135e-08
R04_head_on_lateral_offset,134,27.80000000000026,35.13370576192741,56.92417611926937,19.09908326559793,0.6048164085903699,0.21082481611208048,0.33779958343001987,0.0822858138202874,-0.0533115420798395,-0.8992336988449097,0.7263439893722534,-0.6291102170944214,-0.8992336988449097,0.7263439893722534,-0.6291102170944214,0.3604597806930542,0.2542203962802887,-0.15727755427360535,0.01905733282883853,0.20000000000000284,12.973805864957457,none,0.0475000846924587,0.0,-0.010000000000000142,-0.01844275186362003
R04_head_on_lateral_offset,135,28.000000000000263,35.18775578082128,56.96238881074009,19.085343818064203,0.6285019891915314,0.1975801108136264,0.3382449416680313,0.14950376561501935,-0.07732557019409769,-0.9336430430412292,0.818493664264679,-0.5050343871116638,-0.9336430430412292,0.818493664264679,-0.5050343871116638,0.33981417417526244,0.28647278249263763,-0.12625859677791595,0.03678020070481743,0.20000000000000284,12.856699606212151,none,0.04728160824755179,0.0,-0.010000000000000142,-0.0005014075427342135
R04_head_on_lateral_offset,136,28.200000000000266,35.24083685720721,57.002325445796956,19.072569020093862,0.6631948007977592,0.18253863069748927,0.3382339201522031,0.19406571034232206,-0.07338614593346493,-0.9363415241241455,0.8139111995697021,-0.2614353597164154,-0.9363415241241455,0.8139111995697021,-0.2614353597164154,0.3381950855255127,0.2848689198493957,-0.06535883992910385,0.03483898331685948,0.20000000000000284,12.741365307397983,none,0.04602635865547455,0.0,-0.010000000000000142,-0.001187375338614931
R04_head_on_lateral_offset,137,28.40000000000027,35.29310529638285,57.044551580374474,19.060552043055463,0.6920714883156356,0.17332874049815802,0.34411437377654297,0.09732952839279486,-0.022544684249897938,-0.8919427990913391,-0.3256564140319824,0.3242168128490448,-0.8919427990913391,-0.3256564140319824,0.3242168128490448,0.3648343205451965,-0.11397974491119384,0.0810542032122612,0.0019575298461197137,0.20000000000000284,12.62785957074663,none,0.044829011045820266,0.0,-0.010000000000000142,-0.03287148119970041
R04_head_on_lateral_offset,138,28.60000000000027,35.34505465018711,57.08819244436286,19.048692770503955,0.7017380293930449,0.17488603945599074,0.3446242102779249,0.0035841923935249036,0.03386599306484431,-0.9226322770118713,-0.5554022789001465,0.5952527523040771,-0.9226322770118713,-0.5554022789001465,0.5952527523040771,0.3464206337928772,-0.19439079761505126,0.1488131880760193,0.03169323748510676,0.20000000000000284,12.515535817469555,none,0.04423694722421345,0.0,-0.010000000000000142,-0.00254370973910655
R04_head_on_lateral_offset,139,28.800000000000274,35.39684450448737,57.1317473428443,19.036397111772576,0.6936527629686862,0.18618555050028976,0.3432260957054078,-0.07826767013014835,0.07595673237646905,-0.9361670017242432,-0.7001599669456482,0.6468976140022278,-0.9361670017242432,-0.7001599669456482,0.6468976140022278,0.3382997989654541,-0.24505598843097684,0.16172440350055695,0.033545958769056125,0.20000000000000284,12.403865796604837,none,0.04402206214427906,0.0,-0.010000000000000142,-0.00047610337522279166
R04_head_on_lateral_offset,140,29.000000000000277,35.44893435383301,57.17422781972569,19.023156788701275,0.6727556948046849,0.20357324208975544,0.3419275021439363,-0.12702794282924526,0.09638081733337137,-0.9377468824386597,-0.6468172073364258,0.5519946813583374,-0.9377468824386597,-0.6468172073364258,0.5519946813583374,0.3373518705368042,-0.226386022567749,0.13799867033958435,0.034169568424796355,0.20000000000000284,12.292158990486517,none,0.04440665867780069,0.0,-0.010000000000000142,-0.0002370902530041974
R04_head_on_lateral_offset,141,29.20000000000028,35.50154549671558,57.21501662975037,19.00874176308645,0.645540754994089,0.22296927364068636,0.33935757907049013,-0.14385332391400152,0.0974954854794115,-0.9494960308074951,-0.5089661478996277,0.39906731247901917,-0.9494960308074951,-0.5089661478996277,0.39906731247901917,0.3303023815155029,-0.1781381517648697,0.09976682811975479,0.034255108267713066,0.20000000000000284,12.180030817926728,none,0.04510566301226504,0.0,-0.010000000000000142,-0.0008505547445518324
R04_head_on_lateral_offset,142,29.400000000000283,35.55453229311018,57.253765788738086,18.993241541949107,0.6174908728901206,0.23991037010581306,0.3353473206151492,-0.13715067660555486,0.07370832112839325,-0.9646382331848145,-0.352836549282074,0.10095028579235077,-0.9646382331848145,-0.352836549282074,0.10095028579235077,0.32121706008911133,-0.12349279224872588,0.025237571448087692,0.03345315557813286,0.20000000000000284,12.067495180576493,none,0.04572274556728928,0.0,-0.010000000000000142,-0.0022695899891562775
R04_head_on_lateral_offset,143,29.600000000000286,35.60811424583841,57.290968254999925,18.976947172168025,0.6000607375690097,0.2466712087337632,0.33693753330937276,-0.038121875724898974,-0.004563051585291779,-0.9290988445281982,0.5446780920028687,-0.7144876718521118,-0.9290988445281982,0.5446780920028687,-0.7144876718521118,0.34254069328308107,0.190637332201004,-0.17862191796302795,0.007053129990879757,0.20000000000000284,11.954468483912853,none,0.04648782283556585,0.0,-0.010000000000000142,-0.02943469284468595
R04_head_on_lateral_offset,144,29.80000000000029,35.661912388754395,57.32771824314637,18.96071231761433,0.6019402210822388,0.2395741512903029,0.33461740376807275,0.05128058436884087,-0.06207299057715537,-0.9559293985366821,0.673558235168457,-0.7170405387878418,-0.9559293985366821,0.673558235168457,-0.7170405387878418,0.3264423608779907,0.23574538230895994,-0.17926013469696045,0.0363769827905007,0.20000000000000284,11.841594444923851,none,0.04672371253170837,0.0,-0.010000000000000142,-0.0003467297412075254
R04_head_on_lateral_offset,145,30.00000000000029,35.71532457924232,57.365014627758356,18.945310428220413,0.6198712776976485,0.22344119876287297,0.3347993294009267,0.12265079859926419,-0.09665042830336233,-0.9409327507019043,0.7659451961517334,-0.668433427810669,-0.9409327507019043,0.7659451961517334,-0.668433427810669,0.33544034957885743,0.2680808186531067,-0.16710835695266724,0.03599881301608477,0.20000000000000284,11.729716089682023,none,0.04622127104095597,0.0,-0.010000000000000142,-0.00022245802487105948
R04_head_on_lateral_offset,146,30.200000000000294,35.768313795334265,57.4037065084837,18.931079568951,0.6399269042046801,0.20354103483613276,0.3365147560805992,0.08104156064687737,-0.1019516566317896,-0.9290681481361389,-0.010699892416596413,-0.45101556181907654,-0.9290681481361389,-0.010699892416596413,-0.45101556181907654,0.34255911111831666,-0.003744962345808744,-0.11275389045476913,0.022537796876572053,0.20000000000000284,11.61914413203097,none,0.045549574693446004,0.0,-0.010000000000000142,-0.013011777816873809
R04_head_on_lateral_offset,147,30.400000000000297,35.82101007545352,57.44351808530298,18.91803047097872,0.6529687917578132,0.18845214448480765,0.33669839875941165,0.05159658675023988,-0.052652901090405727,-0.9377575516700745,-0.02400856278836727,0.19120974838733673,-0.9377575516700745,-0.02400856278836727,0.19120974838733673,0.3373454689979553,-0.008402996975928544,0.04780243709683418,0.026794974768171578,0.20000000000000284,11.509690114557555,none,0.045049094278382995,0.0,-0.010000000000000142,-0.008254119510211275
R04_head_on_lateral_offset,148,30.6000000000003,35.873351791708714,57.48379604688863,18.905664670336083,0.656358067878378,0.18377461952017574,0.3352971910083368,-0.012846724053931185,0.0017753838738007108,-0.949400007724762,-0.4118911325931549,0.45073235034942627,-0.949400007724762,-0.4118911325931549,0.45073235034942627,0.3303599953651428,-0.1441618964076042,0.11268308758735657,0.030223664546603746,0.20000000000000284,11.401251014370068,none,0.04458247286001438,0.0,-0.010000000000000142,-0.004358808313410489
R04_head_on_lateral_offset,149,30.800000000000303,35.92557669135863,57.523757288628104,18.893321867273823,0.6478346823490875,0.18901262582454856,0.33385382564187294,-0.06821408535199357,0.047182349704386096,-0.9520531892776489,-0.5172438025474548,0.5588297843933105,-0.9520531892776489,-0.5172438025474548,0.5588297843933105,0.32876808643341066,-0.18103533089160917,0.13970744609832764,0.03400887408491291,0.20000000000000284,11.29340080099324,none,0.04446469967862754,0.0,-0.010000000000000142,-0.00045582559371448283
R04_head_on_lateral_offset,150,31.000000000000306,35.978005246553494,57.56277678727276,18.880433140753148,0.6304435960319025,0.20147785324397383,0.33236562896582134,-0.10306970482806661,0.07534714022686367,-0.9547967910766602,-0.4974128007888794,0.5309524536132812,-0.9547967910766602,-0.4974128007888794,0.5309524536132812,0.3271219253540039,-0.17409448027610777,0.1327381134033203,0.03473158499443748,0.20000000000000284,11.185674054947826,none,0.04475514382549761,0.0,-0.010000000000000142,-2.3558831059986575e-05
R04_head_on_lateral_offset,151,31.20000000000031,36.03080902265244,57.60045220097737,18.866654855782414,0.608529719009127,0.2174343721691664,0.3308614464224196,-0.11515797105667802,0.08359630807258456,-0.9573976397514343,-0.39940014481544495,0.40162205696105957,-0.9573976397514343,-0.39940014481544495,0.40162205696105957,0.3255614161491394,-0.13979005068540573,0.10040551424026489,0.034749740052718095,0.20000000000000284,11.0777971090342,none,0.04527653198557857,0.0,-0.010000000000000142,-0.0005267919328603377
R04_head_on_lateral_offset,152,31.40000000000031,36.08401271957121,57.63663761047886,18.85191540708366,0.5862289347933525,0.2323003330566988,0.3293248019921447,-0.10836207848934849,0.06636223531490142,-0.960149347782135,-0.2700405418872833,0.12497849017381668,-0.960149347782135,-0.2700405418872833,0.12497849017381668,0.32391039133071897,-0.09451418966054916,0.03124462254345417,0.033982768924348095,0.20000000000000284,10.969697791610589,none,0.04584823176057995,0.0,-0.010000000000000142,-0.0018654628362317117
R04_head_on_lateral_offset,153,31.600000000000314,36.13756117621957,57.67143198331194,18.836442268337233,0.5670601250895112,0.2418177343008219,0.3278336696796349,-0.08508073659516982,0.03144359965671806,-0.9623672962188721,-0.10754483938217163,-0.15883833169937134,-0.9623672962188721,-0.10754483938217163,-0.15883833169937134,0.32257962226867676,-0.03764069378376007,-0.039709582924842834,0.034218286165842125,0.20000000000000284,10.861440395099665,none,0.04635752138596416,0.0,-0.010000000000000142,-0.0021392352201218944
R04_head_on_lateral_offset,154,31.800000000000317,36.1914375865622,57.70518927505736,18.820645710147236,0.5536545566432146,0.24368197575370432,0.3273101313010187,-0.05150551694295783,-0.00970017312789201,-0.9575576186180115,0.04831487685441971,-0.37415289878845215,-0.9575576186180115,0.04831487685441971,-0.37415289878845215,0.3254654288291931,0.016910206899046897,-0.09353822469711304,0.03538917985439077,0.20000000000000284,10.753135918090415,none,0.04680269479328558,0.0,-0.010000000000000142,-0.0014135149388946656
R04_head_on_lateral_offset,155,32.00000000000032,36.24567610224912,57.738433611431496,18.80498467510142,0.54756870522469,0.23764414614959453,0.32782187057627876,-0.012307367346208136,-0.047806075628122766,-0.9506250023841858,0.19304604828357697,-0.5018156170845032,-0.9506250023841858,0.19304604828357697,-0.5018156170845032,0.3296249985694885,0.06756611689925193,-0.1254539042711258,0.03645895492783086,0.20000000000000284,10.644916705566503,none,0.04720481378370778,0.0,-0.010000000000000142,-0.0007458588558767698
R04_head_on_lateral_offset,156,32.20000000000031,36.30023352628511,57.77171416167522,18.78988869026296,0.5494427909783026,0.225327581492695,0.328794342730105,0.02800953427908176,-0.07342841182183105,-0.9462985396385193,0.3147505223751068,-0.5025546550750732,-0.9462985396385193,0.3147505223751068,-0.5025546550750732,0.3322208762168884,0.11016268283128737,-0.1256386637687683,0.03718463501663705,0.19999999999998863,10.537008537406141,none,0.04748125988605523,0.0,-0.009999999999999431,-0.0002966248694187401
R04_head_on_lateral_offset,157,32.4000000000003,36.35501175822508,57.805558272819376,18.775669234249698,0.5586863660611405,0.2086906679962564,0.3305467581625235,0.061873857683276016,-0.09157315153275031,-0.9387975931167603,0.3739390969276428,-0.5141856670379639,-0.9387975931167603,0.3739390969276428,-0.5141856670379639,0.3367214441299438,0.13087868392467497,-0.12854641675949097,0.03750328272303553,0.19999999999998863,10.429700754444081,none,0.047577179362946254,0.0,-0.009999999999999431,-7.389663991128615e-05
R04_head_on_lateral_offset,158,32.600000000000286,36.410046648814735,57.84050130131869,18.76250254707109,0.5735643909009226,0.18967470151766946,0.3343613527452912,0.08515191986112601,-0.09809496336851468,-0.9203296899795532,0.37881508469581604,-0.4455374479293823,-0.9203296899795532,0.37881508469581604,-0.4455374479293823,0.34780218601226803,0.13258527964353561,-0.11138436198234558,0.037516053326084896,0.19999999999998863,10.323190159772764,none,0.04761760165987994,0.0,-0.009999999999999431,-0.00010154833379560912
R04_head_on_lateral_offset,159,32.800000000000274,36.46539610817367,57.876942097066895,18.750433395760545,0.591020821502985,0.17099089150052474,0.3390206679751263,0.0891137801841008,-0.08939858414080483,-0.9076035022735596,0.2776765823364258,-0.2867124080657959,-0.9076035022735596,0.2776765823364258,-0.2867124080657959,0.3554378986358642,0.09718680381774902,-0.07167810201644897,0.036930450078465765,0.19999999999998863,10.217625302549143,none,0.047642776994479163,0.0,-0.009999999999999431,-0.0007123269160139678
R04_head_on_lateral_offset,160,33.00000000000026,36.520832465540494,57.91484238208827,18.73938891950831,0.6080382409065798,0.1560723747405695,0.34143767504036543,0.08162485519240958,-0.06186201833556168,-0.9167432188987732,0.18961367011070251,-0.023004677146673203,-0.9167432188987732,0.18961367011070251,-0.023004677146673203,0.3499540686607361,0.06636478453874588,-0.005751169286668301,0.035897316514914575,0.19999999999998863,10.113250025122605,none,0.047444924080437545,0.0,-0.009999999999999431,-0.0015476075655235413
R04_head_on_lateral_offset,161,33.20000000000025,36.57603115095592,57.953848655516296,18.729084640188322,0.621198703109477,0.14801827833716868,0.3422385526222302,0.05219769600517109,-0.02170554481281764,-0.9248992204666138,-0.02218739129602909,0.24048280715942383,-0.9248992204666138,-0.02218739129602909,0.24048280715942383,0.34506046772003174,-0.007765586953610181,0.06012070178985596,0.03469243417040776,0.19999999999998863,10.010279325962914,none,0.04697947145761816,0.0,-0.009999999999999431,-0.0022870372872109686
R04_head_on_lateral_offset,162,33.40000000000024,36.63088024550013,57.99337781939784,18.7190462377341,0.6256632549272948,0.14845788533736726,0.3413076466140237,-0.0033644509196492055,0.022750924413370614,-0.9366207122802734,-0.33309316635131836,0.4533568322658539,-0.9366207122802734,-0.33309316635131836,0.4533568322658539,0.3380275726318359,-0.11658260822296142,0.11333920806646347,0.03365056868144203,0.19999999999998863,9.908647469753872,none,0.04649287157940307,0.0,-0.009999999999999431,-0.0028423028979616166
R04_head_on_lateral_offset,163,33.60000000000023,36.68551548519236,58.03266847608116,18.70873841253902,0.6192315151095601,0.15688772160702963,0.33958601144911155,-0.056916706171302914,0.05882828266628221,-0.9441336989402771,-0.47439810633659363,0.5293703079223633,-0.9441336989402771,-0.47439810633659363,0.5293703079223633,0.3335197806358337,-0.16603933721780775,0.13234257698059082,0.035745283157427005,0.19999999999998863,9.807981578696378,none,0.04626131474771,0.0,-0.009999999999999431,-0.0005160315902835677
R04_head_on_lateral_offset,164,33.80000000000022,36.740163865834404,58.07105869925902,18.69770856209018,0.6043025888065752,0.1714617409924144,0.3374253858812302,-0.08988754039871494,0.08494359628961667,-0.9503127336502075,-0.44877633452415466,0.55263352394104,-0.9503127336502075,-0.44877633452415466,0.55263352394104,0.3298123598098755,-0.15707171708345413,0.13815838098526,0.036336571652589314,0.19999999999998863,9.707848219293863,none,0.04636128831019448,0.0,-0.009999999999999431,-2.4716657605736716e-05
R04_head_on_lateral_offset,165,34.000000000000206,36.79494814782742,58.1081355914715,18.685653071755993,0.5852238607712124,0.18941594588094,0.3351110091304336,-0.1001279210131697,0.09392176662216177,-0.9550729393959045,-0.34569883346557617,0.4488658010959625,-0.9550729393959045,-0.34569883346557617,0.4488658010959625,0.32695623636245724,-0.12099459171295165,0.11221645027399063,0.03622268910864978,0.19999999999998863,9.607991519960464,none,0.04665099653040272,0.0,-0.009999999999999431,-0.0004283074217535088
R04_head_on_lateral_offset,166,34.200000000000195,36.84989713187283,58.14379774549567,18.672486125842628,0.5665859864740339,0.20682809463093385,0.33316969564932364,-0.08722343490956214,0.08116146651006008,-0.9561176300048828,-0.17408044636249542,0.22063997387886047,-0.9561176300048828,-0.17408044636249542,0.22063997387886047,0.3263294219970703,-0.06092815622687339,0.05515999346971512,0.035357273666080394,0.19999999999998863,9.508351470896336,none,0.04698809347366506,0.0,-0.009999999999999431,-0.0016308198075852375
R04_head_on_lateral_offset,167,34.40000000000018,36.9049839753086,58.17824160168783,18.658386117030503,0.5519676646307322,0.21927798516959587,0.33171977689910226,-0.06094071579691657,0.04598843524033223,-0.9556484222412109,-0.021099461242556572,-0.10273250192403793,-0.9556484222412109,-0.021099461242556572,-0.10273250192403793,0.3266109466552734,-0.0073848114348948,-0.025683125481009483,0.034711126571379314,0.19999999999998863,9.409025888881951,none,0.04727058977280052,0.0,-0.009999999999999431,-0.0025594632014217713
R04_head_on_lateral_offset,168,34.60000000000017,36.96016558932248,58.211851172473736,18.64378523854945,0.5434347479238625,0.22345984454353968,0.3307335315188462,-0.026950312776396094,-0.000654366878717819,-0.9545692205429077,0.12088978290557861,-0.38279083371162415,-0.9545692205429077,0.12088978290557861,-0.38279083371162415,0.32725846767425537,0.04231142401695251,-0.09569770842790604,0.03548269016192987,0.19999999999998863,9.310190631833871,none,0.047454585748603506,0.0,-0.009999999999999431,-0.001971895586674202
R04_head_on_lateral_offset,169,34.80000000000016,37.015436127755585,58.24513207381463,18.62922233778256,0.5419115478864857,0.21903923340896975,0.3306721827150734,0.009008120200598331,-0.040545169040806586,-0.94923996925354,0.23508594930171967,-0.4873202443122864,-0.94923996925354,0.23508594930171967,-0.4873202443122864,0.330456018447876,0.08228008225560188,-0.1218300610780716,0.037076263575388756,0.19999999999998863,9.212043365985224,none,0.04755617483577623,0.0,-0.009999999999999431,-0.000479911260388044
R04_head_on_lateral_offset,170,35.00000000000015,37.07078050682595,58.27861113320698,18.615161434302166,0.5474601507452922,0.20806398780859675,0.3312384115991702,0.043851739826117384,-0.06719842711526813,-0.9446107745170593,0.328148752450943,-0.4860374927520752,-0.9446107745170593,0.328148752450943,-0.4860374927520752,0.3332335352897644,0.11485206335783003,-0.1215093731880188,0.03738505647954728,0.19999999999998863,9.114820787089528,none,0.047558731684056,0.0,-0.009999999999999431,-0.00017367520450929153
R04_head_on_lateral_offset,171,35.20000000000014,37.12628000656137,58.31285196364699,18.601898510396772,0.5591213471135725,0.19249906220342897,0.3341086245068926,0.07073409679296401,-0.08696129851159146,-0.9262968301773071,0.35860535502433777,-0.5089272260665894,-0.9262968301773071,0.35860535502433777,-0.5089272260665894,0.34422190189361573,0.1255118742585182,-0.12723180651664734,0.03750730806162224,0.19999999999998863,9.01873160448384,none,0.04754304696339773,0.0,-0.009999999999999431,-3.5738901776056764e-05
R04_head_on_lateral_offset,172,35.40000000000013,37.182094094801165,58.348361232275685,18.589619610678564,0.5745076705602641,0.17430960369866577,0.3385203395943919,0.08226039866438173,-0.09437454880801141,-0.9098914265632629,0.3021353483200073,-0.4379216730594635,-0.9098914265632629,0.3021353483200073,-0.4379216730594635,0.3540651440620422,0.10574737191200256,-0.10948041826486588,0.03742120194910971,0.19999999999998863,8.923922102913304,none,0.04759119769876463,0.0,-0.009999999999999431,-0.0001699957496554916
R04_head_on_lateral_offset,173,35.600000000000115,37.23817081397359,58.38531707508763,18.578425530807753,0.5907779350876814,0.15636787319748768,0.34217827387085903,0.08056967657394472,-0.08569679940881986,-0.9082214832305908,0.22035576403141022,-0.27205711603164673,-0.9082214832305908,0.22035576403141022,-0.27205711603164673,0.3550671100616455,0.07712451741099358,-0.06801427900791168,0.03687006254150175,0.19999999999998863,8.830573984135826,none,0.047554097349404856,0.0,-0.009999999999999431,-0.0006840348079036795
R04_head_on_lateral_offset,174,35.800000000000104,37.294324246424914,58.42359367531566,18.56824527681874,0.605208438548163,0.14201667501383802,0.344869996376525,0.06491523548011285,-0.0597693388160257,-0.9094094038009644,0.09433261305093765,-0.027749357745051384,-0.9094094038009644,0.09433261305093765,-0.027749357745051384,0.35435435771942136,0.033016414567828174,-0.006937339436262846,0.035841321135279935,0.19999999999998863,8.73884769368313,none,0.047352711665226366,0.0,-0.009999999999999431,-0.001511390529947
R04_head_on_lateral_offset,175,36.00000000000009,37.350399088907956,58.46282570770332,18.558780198120992,0.6144329409275708,0.13435670829362847,0.34596075616770894,0.029964063138785215,-0.019839821759349893,-0.9169932007789612,-0.11787262558937073,0.24609583616256714,-0.9169932007789612,-0.11787262558937073,0.24609583616256714,0.34980407953262327,-0.04125541895627975,0.061523959040641785,0.034654926108592596,0.19999999999998863,8.648774646041682,none,0.04705652145877792,0.0,-0.009999999999999431,-0.002401595350185898
R04_head_on_lateral_offset,176,36.20000000000008,37.406383782299365,58.50241204103997,18.549553167553444,0.6143925991031951,0.1346815303285183,0.3458882120523876,-0.02613898655654133,0.02007932997107955,-0.9239456653594971,-0.40131238102912903,0.40568795800209045,-0.9239456653594971,-0.40131238102912903,0.40568795800209045,0.34563260078430175,-0.14045933336019514,0.10142198950052261,0.03473079346751708,0.19999999999998863,8.560151482759176,none,0.046847915009131214,0.0,-0.009999999999999431,-0.002117121541614697
R04_head_on_lateral_offset,177,36.40000000000007,37.46241663409575,58.541583270004516,18.540065513437973,0.603999916998704,0.14241343961405972,0.3444092350274427,-0.07416788926764889,0.054635276300204205,-0.9346699714660645,-0.49153047800064087,0.5001976490020752,-0.9346699714660645,-0.49153047800064087,0.5001976490020752,0.3391980171203613,-0.1720356673002243,0.1250494122505188,0.036564587132356614,0.19999999999998863,8.472544996250356,none,0.04690831508146687,0.0,-0.009999999999999431,-0.0003437279491108214
R04_head_on_lateral_offset,178,36.60000000000006,37.51862450973331,58.57967737802525,18.529890467127817,0.5861870480765675,0.15602888426087885,0.3422909212582271,-0.10187268552390846,0.07963494182567295,-0.941955029964447,-0.45236095786094666,0.5223055481910706,-0.941955029964447,-0.45236095786094666,0.5223055481910706,0.33482698202133176,-0.15832633525133133,0.13057638704776764,0.03716895989833729,0.19999999999998863,8.385563222577714,none,0.04721048155017371,0.0,-0.009999999999999431,-4.152165183699097e-05
R04_head_on_lateral_offset,179,36.80000000000005,37.57506001943348,58.61632294424806,18.5187323445438,0.5654806257194664,0.1730079582680037,0.33992207070058006,-0.10495892754733908,0.08941841637860003,-0.9473744034767151,-0.31785061955451965,0.4374162256717682,-0.9473744034767151,-0.31785061955451965,0.4374162256717682,0.3315753579139709,-0.11124771684408187,0.10935405641794205,0.037124040237221774,0.19999999999998863,8.29900706732485,none,0.047630612193188426,0.0,-0.009999999999999431,-0.000506571955967221
R04_head_on_lateral_offset,180,37.000000000000036,37.63163284279537,58.651455379204556,18.506502516015548,0.546724894706081,0.18991117916652844,0.33729564323622635,-0.08416558013505485,0.08030097542650601,-0.9532644152641296,-0.11941510438919067,0.24689000844955444,-0.9532644152641296,-0.11941510438919067,0.24689000844955444,0.3280413508415222,-0.04179528653621673,0.06172250211238861,0.03646134170812129,0.19999999999998863,8.212931771377786,none,0.04797557341545655,0.0,-0.009999999999999431,-0.0015142317073358314
R04_head_on_lateral_offset,181,37.200000000000024,37.68821996935263,58.68534779837252,18.493355206666806,0.5339713303573969,0.20229279801559516,0.33538331456818843,-0.04622932434055681,0.046093439878240536,-0.9522580504417419,0.08877947926521301,-0.09444297850131989,-0.9522580504417419,0.08877947926521301,-0.09444297850131989,0.32864516973495483,0.03107281774282455,-0.02361074462532997,0.03495690865457676,0.19999999999998863,8.127579466595451,none,0.048153992762856035,0.0,-0.009999999999999431,-0.0031970841082798397
R04_head_on_lateral_offset,182,37.40000000000001,37.744731859194054,58.71851031249107,18.479715303647097,0.5288028274603304,0.20638683962577564,0.3339671125461698,-0.008313430904993755,-0.0015612807150910627,-0.9517048597335815,0.19699205458164215,-0.3946663737297058,-0.9517048597335815,0.19699205458164215,-0.3946663737297058,0.32897708415985105,0.06894721910357475,-0.09866659343242645,0.036122461011581446,0.19999999999998863,8.043272219959116,none,0.04815934810196154,0.0,-0.009999999999999431,-0.0020368870903806615
R04_head_on_lateral_offset,183,37.6,37.80114650265731,58.75150943646178,18.466134532011168,0.5311432888759834,0.20190737360531197,0.3335837901819449,0.028912333881002193,-0.04031268094860066,-0.9462780952453613,0.29933348298072815,-0.4771033227443695,-0.9462780952453613,0.29933348298072815,-0.4771033227443695,0.3322331428527832,0.10476671904325485,-0.11927583068609238,0.037703378677743135,0.19999999999998863,7.960305444397596,none,0.04804936004379101,0.0,-0.009999999999999431,-0.00034598136604844235
R04_head_on_lateral_offset,184,37.79999999999999,37.85760987172819,58.78498149904457,18.453050475550818,0.5402374917251384,0.1904061244989152,0.33562994595339857,0.05970857736405846,-0.0722896978114907,-0.9286006093025208,0.3498903512954712,-0.5497951507568359,-0.9286006093025208,0.3498903512954712,-0.5497951507568359,0.3428396344184875,0.12246162295341491,-0.13744878768920898,0.03780552168569816,0.19999999999998863,7.8789233873241,none,0.047968573531754544,0.0,-0.009999999999999431,-0.0001630518460569519
R04_head_on_lateral_offset,185,37.99999999999998,37.91438944963632,58.81954601519567,18.440790222368545,0.5540322122828545,0.17357574744037632,0.34011096276494546,0.07693990090946139,-0.09435128761607428,-0.9068334102630615,0.3201483190059662,-0.5572234392166138,-0.9068334102630615,0.3201483190059662,-0.5572234392166138,0.35589995384216305,0.11205191165208815,-0.13930585980415344,0.0380049031439656,0.19999999999998863,7.799310553527423,none,0.048033174722128535,0.0,-0.009999999999999431,-2.8271578163501234e-05
R04_head_on_lateral_offset,186,38.19999999999997,37.97157996524194,58.85554712026095,18.429615299756147,0.5696613690299914,0.1539590772998189,0.344652829202841,0.0791826316289592,-0.10129227089376677,-0.8989062905311584,0.239293172955513,-0.46174323558807373,-0.8989062905311584,0.239293172955513,-0.46174323558807373,0.3606562256813049,0.08375261053442955,-0.11543580889701843,0.0378117555742785,0.19999999999998863,7.721643354423055,none,0.048126092837378565,0.0,-0.009999999999999431,-0.00031433726310063024
R04_head_on_lateral_offset,187,38.399999999999956,38.02914218107325,58.89301886059527,18.419642760028545,0.5838516530563213,0.13485435902871995,0.3491941596928716,0.06387402080686763,-0.09056353794386929,-0.8913405537605286,0.09337112307548523,-0.27480703592300415,-0.8913405537605286,0.09337112307548523,-0.27480703592300415,0.36519566774368284,0.03267989307641983,-0.06870175898075104,0.03704789935977871,0.19999999999998863,7.6460347597869465,none,0.04817381191496395,0.0,-0.009999999999999431,-0.0011259125551858107
R04_head_on_lateral_offset,188,38.599999999999945,38.087048031497055,58.93170716815103,18.410765925253035,0.5928200754093976,0.11980582343869177,0.3526943731147453,0.02847800543139752,-0.0620694234164542,-0.8916208744049072,-0.12470836192369461,-0.016029566526412964,-0.8916208744049072,-0.12470836192369461,-0.016029566526412964,0.36502747535705565,-0.04364792667329311,-0.004007391631603241,0.03594822225244108,0.19999999999998863,7.572439243813658,none,0.04823871263293,0.0,-0.009999999999999431,-0.002290490380489497
R04_head_on_lateral_offset,189,38.79999999999993,38.14546175734955,58.97115711942939,18.402627252235543,0.5933571173601772,0.11158600129940065,0.35667633505806495,-0.019492074206283502,-0.023068316914342114,-0.882155179977417,-0.3349713981151581,0.22561462223529816,-0.882155179977417,-0.3349713981151581,0.22561462223529816,0.3707068920135498,-0.11723998934030531,0.05640365555882454,0.03648841155340536,0.19999999999998863,7.500575788488746,none,0.04854225270783985,0.0,-0.009999999999999431,-0.0020538411544350553
R04_head_on_lateral_offset,190,38.99999999999992,38.20455383953276,59.01071316820355,18.394721196436773,0.584797710773454,0.11142853342552682,0.358706383599777,-0.06283521312310072,0.018370396461350483,-0.8902344703674316,-0.43187108635902405,0.41123777627944946,-0.8902344703674316,-0.43187108635902405,0.41123777627944946,0.365859317779541,-0.1511548802256584,0.10280944406986237,0.038250477403653844,0.19999999999998863,7.430042480239093,none,0.04912869300029854,0.0,-0.009999999999999431,-0.0008782155966452665
R04_head_on_lateral_offset,191,39.19999999999991,38.26419196151428,59.04955993289317,18.386535652184918,0.5686049630964514,0.11891680587839966,0.3577803561239467,-0.0965510929913016,0.05383905056836118,-0.9091375470161438,-0.4721526801586151,0.5044519901275635,-0.9091375470161438,-0.4721526801586151,0.5044519901275635,0.35451747179031373,-0.1652534380555153,0.12611299753189087,0.03952491800728133,0.19999999999998863,7.360525448117084,none,0.049738294462663646,0.0,-0.009999999999999431,-0.0002133764553828854
R04_head_on_lateral_offset,192,39.3999999999999,38.32425982605011,59.08708706104728,18.377632967886377,0.5476205543282283,0.13197106737166492,0.35615421420885784,-0.11211959451899586,0.07510104483570637,-0.9159592390060425,-0.41098085045814514,0.4737051725387573,-0.9159592390060425,-0.41098085045814514,0.4737051725387573,0.3504244565963745,-0.14384329766035078,0.11842629313468933,0.04025459725585378,0.19999999999998863,7.29179874107896,none,0.050349275156300166,0.0,-0.009999999999999431,-9.467790044695334e-05
R04_head_on_lateral_offset,193,39.59999999999989,38.38467222664695,59.123021653046564,18.3677516490477,0.5257490918031259,0.14755968140144632,0.35380651390557716,-0.10698223430147843,0.0803867138384452,-0.9241094589233398,-0.27575403451919556,0.36462897062301636,-0.9241094589233398,-0.27575403451919556,0.36462897062301636,0.3455343246459961,-0.09651391208171844,0.09115724265575409,0.04032384952852942,0.19999999999998863,7.223799608837268,none,0.05092885624168986,0.0,-0.009999999999999431,-0.0006050067131610071
R04_head_on_lateral_offset,194,39.799999999999876,38.445190040423505,59.15735366046076,18.356868151390106,0.5073213795431628,0.16232653893322585,0.3505996698402114,-0.07937560394978618,0.06820034949147705,-0.9344995617866516,-0.0660628154873848,0.1734735071659088,-0.9344995617866516,-0.0660628154873848,0.1734735071659088,0.339300262928009,-0.023121985420584676,0.0433683767914772,0.03966793174386272,0.19999999999998863,7.156701455465571,none,0.05128030719958332,0.0,-0.009999999999999431,-0.0016123754557211723
R04_head_on_lateral_offset,195,39.999999999999865,38.50553686516799,59.19039505939935,18.345194537492233,0.49621207467036615,0.17268237480694532,0.3473930539347759,-0.035057692091136745,0.037659850958950566,-0.9398425817489624,0.1578521579504013,-0.09828826785087585,-0.9398425817489624,0.1578521579504013,-0.09828826785087585,0.33609445095062257,0.055248255282640456,-0.024572066962718964,0.038826454438864066,0.19999999999998863,7.090882492380874,none,0.05130687294990821,0.0,-0.009999999999999431,-0.002480418511044712
R04_head_on_lateral_offset,196,40.199999999999854,38.56551540266636,59.22273000872901,18.333142909570046,0.49454431789081277,0.17593598357143359,0.34470324580193523,0.014634794519994878,-0.002125161288768348,-0.9412906169891357,0.3311212360858917,-0.3327779471874237,-0.9412906169891357,0.3311212360858917,-0.3327779471874237,0.33522562980651854,0.11589243263006209,-0.08319448679685593,0.03933334693007463,0.19999999999998863,7.026830344737171,none,0.05103354052926079,0.0,-0.009999999999999431,-0.0017001935991867302
R04_head_on_lateral_offset,197,40.39999999999984,38.62525569736696,59.255176337284745,18.321185806112204,0.5022074214366682,0.1705246356634435,0.3455242442081519,0.05867678951854738,-0.04849352744635997,-0.9193049073219299,0.42405858635902405,-0.5719106197357178,-0.9193049073219299,0.42405858635902405,-0.5719106197357178,0.34841705560684205,0.14842050522565842,-0.14297765493392944,0.03940310004937109,0.19999999999998863,6.964998872516071,none,0.05072920320107954,0.0,-0.009999999999999431,-0.001326103151709024
R04_head_on_lateral_offset,198,40.59999999999983,38.68513784162726,59.28860009533016,18.30981635583059,0.5170059553162761,0.15660319519432922,0.3494485507191534,0.0871616419062738,-0.08776126247683563,-0.8945400714874268,0.41487085819244385,-0.6711061596870422,-0.8945400714874268,0.41487085819244385,-0.6711061596870422,0.3632759571075439,0.14520480036735534,-0.16777653992176056,0.04041425939940877,0.19999999999998863,6.905751803225565,none,0.05062500873118836,0.0,-0.009999999999999431,-0.00021074933178015344
R04_head_on_lateral_offset,199,40.79999999999982,38.745429382191645,59.323597733799865,18.299493980132514,0.5350214074126237,0.13657964092718117,0.3550391026879101,0.09258418147921878,-0.11074220341153365,-0.8754373788833618,0.2960960268974304,-0.6302804946899414,-0.8754373788833618,0.2960960268974304,-0.6302804946899414,0.37473757266998287,0.10363360941410064,-0.15757012367248535,0.04034305595893372,0.19999999999998863,6.849365597693318,none,0.050665838125659945,0.0,-0.009999999999999431,-0.0003227821667267961
R04_head_on_lateral_offset,200,40.99999999999981,38.80638079014719,59.3604443071846,18.290521050175904,0.5517785978712242,0.11397810227464276,0.36249407379575294,0.07622101712858048,-0.1149556174957315,-0.8520635366439819,0.1225086897611618,-0.49416491389274597,-0.8520635366439819,0.1225086897611618,-0.49416491389274597,0.38876187801361084,0.04287804141640663,-0.12354122847318649,0.039913170381967386,0.19999999999998863,6.79594102567248,none,0.05089729741098381,0.0,-0.009999999999999431,-0.0009841270290169967
R04_head_on_lateral_offset,201,41.1999999999998,38.86821487193787,59.39904848111575,18.282990389988885,0.5629856402997684,0.09250752593730183,0.3700025910985216,0.03867895752288046,-0.10081586131019299,-0.8392348885536194,-0.10805696249008179,-0.2880139648914337,-0.8392348885536194,-0.10805696249008179,-0.2880139648914337,0.39645906686782834,-0.037819936871528625,-0.07200349122285843,0.03944742234566995,0.19999999999998863,6.745372032351343,none,0.051363888505349564,0.0,-0.009999999999999431,-0.001916466159680188
R04_head_on_lateral_offset,202,41.399999999999785,38.93120795631461,59.43897880770618,18.276764073727225,0.5648890126875712,0.07509154536360185,0.37804787995614325,-0.015557429453195012,-0.07526938590726935,-0.8226738572120667,-0.36021173000335693,-0.09285485744476318,-0.8226738572120667,-0.36021173000335693,-0.09285485744476318,0.40639568567275997,-0.12607410550117493,-0.023213714361190796,0.04014539034374911,0.19999999999998863,6.6973098509293045,none,0.05218425777891156,0.0,-0.009999999999999431,-0.0020388674351630165
R04_head_on_lateral_offset,203,41.599999999999774,38.99574284407474,59.479576078649636,18.27150255822251,0.5562514121775332,0.06420529730654596,0.3858282753936484,-0.06694545301102273,-0.036514087044477464,-0.8112621307373047,-0.4904516041278839,0.16982802748680115,-0.8112621307373047,-0.4904516041278839,0.16982802748680115,0.41324272155761715,-0.17165806144475937,0.04245700687170029,0.04178446315299088,0.19999999999998863,6.651209289117617,none,0.05350636215997184,0.0,-0.009999999999999431,-0.0017218990069815376
R04_head_on_lateral_offset,204,41.79999999999976,39.061856239832146,59.51994095691615,18.26669356896662,0.5385275102868156,0.06136809254148294,0.39008875554809497,-0.1072553995023382,0.005012197433196487,-0.8248322010040283,-0.5411267876625061,0.3585187494754791,-0.8248322010040283,-0.5411267876625061,0.3585187494754791,0.405100679397583,-0.18939437568187711,0.08962968736886978,0.04427587272556357,0.19999999999998863,6.606551894316741,none,0.0550429989175214,0.0,-0.009999999999999431,-0.0007671261919584005
R04_head_on_lateral_offset,205,41.99999999999975,39.12932878981727,59.55920177354555,18.261762368235882,0.514597604653958,0.06610366294806139,0.39203197310902616,-0.13030630667763254,0.03972704373494593,-0.8352017402648926,-0.5065051317214966,0.4418598711490631,-0.8352017402648926,-0.5065051317214966,0.4418598711490631,0.3988789558410644,-0.17727679610252378,0.11046496778726578,0.046375182187471393,0.19999999999998863,6.562961649847242,none,0.056540220766798654,0.0,-0.009999999999999431,-0.00016503857932782752
R04_head_on_lateral_offset,206,42.19999999999974,39.19794084912552,59.596819711098355,18.256204773011422,0.4883749981831401,0.07659659570653735,0.3924235272021975,-0.13180667505294463,0.06341678470717553,-0.843661367893219,-0.3853255808353424,0.4467560648918152,-0.843661367893219,-0.3853255808353424,0.4467560648918152,0.3938031792640686,-0.13486395329236983,0.1116890162229538,0.04763307771310668,0.19999999999998863,6.52028589552765,none,0.05792867814442104,0.0,-0.009999999999999431,-0.00029560043131493074
R04_head_on_lateral_offset,207,42.39999999999973,39.267393280525376,59.63262087722508,18.249685529254357,0.4643320531990777,0.0902118887432808,0.3917161492732403,-0.11024767935619353,0.07208297376014586,-0.8512938618659973,-0.1894778162240982,0.35896775126457214,-0.8512938618659973,-0.1894778162240982,0.35896775126457214,0.3892236828804016,-0.06631723567843437,0.08974193781614304,0.04813417018971177,0.19999999999998863,6.478653901361886,none,0.059056597987250825,0.0,-0.009999999999999431,-0.00092242779753962
R04_head_on_lateral_offset,208,42.59999999999972,39.33708492761608,59.66669982387181,18.24214185938995,0.4468505123071294,0.10316265390487171,0.3879131947926594,-0.06776932887396224,0.05845204304061703,-0.8758110404014587,0.05368049070239067,0.12270599603652954,-0.8758110404014587,0.05368049070239067,0.12270599603652954,0.37451337575912474,0.018788171745836732,0.030676499009132385,0.04726956333347441,0.19999999999998863,6.438482869327551,none,0.05958049675855648,0.0,-0.009999999999999431,-0.0023109334250826356
R04_head_on_lateral_offset,209,42.799999999999706,39.4062962659733,59.69944747756737,18.233852515386776,0.43902009498930533,0.11128852330582593,0.3824968362513343,-0.014546273545679594,0.025304951934726826,-0.8943130970001221,0.2683015763759613,-0.1689535230398178,-0.8943130970001221,0.2683015763759613,-0.1689535230398178,0.36341214179992676,0.09390555173158645,-0.04223838075995445,0.04670152286907142,0.19999999999998863,6.400386511256185,none,0.05933091910070942,0.0,-0.009999999999999431,-0.00262939623163857
R04_head_on_lateral_offset,210,42.999999999999694,39.474792861475244,59.73163604728876,18.225321292333522,0.4414662094341434,0.11151735433994267,0.3792762314191289,0.035253966803879114,-0.01962989574046313,-0.8867861032485962,0.39066049456596375,-0.4447718560695648,-0.8867861032485962,0.39066049456596375,-0.4447718560695648,0.36792833805084224,0.1367311730980873,-0.1111929640173912,0.04687682318693674,0.19999999999998863,6.365012048122823,none,0.05869890545355361,0.0,-0.009999999999999431,-0.001822082266617433
R04_head_on_lateral_offset,211,43.19999999999968,39.5427363337813,59.76412041657173,18.217156842428853,0.4515696679288857,0.10276757489483565,0.37828537806074214,0.06364107757203917,-0.06448701152142218,-0.8753432035446167,0.3471001982688904,-0.623566746711731,-0.8753432035446167,0.3471001982688904,-0.623566746711731,0.37479407787322994,0.12148506939411162,-0.15589168667793274,0.04737162095587731,0.19999999999998863,6.332893929961358,none,0.05805154200161411,0.0,-0.009999999999999431,-0.0006799210457373661
R04_head_on_lateral_offset,212,43.39999999999967,39.61067663031136,59.79762682727819,18.209924804253195,0.464991094346093,0.0864047055907569,0.38250672927293805,0.07008733152387563,-0.09671281791334096,-0.8376986980438232,0.23777933418750763,-0.6495154500007629,-0.8376986980438232,0.23777933418750763,-0.6495154500007629,0.397380781173706,0.08322276696562766,-0.16237886250019073,0.04751012875878906,0.19999999999998863,6.304338623779678,none,0.057790958665194125,0.0,-0.009999999999999431,-0.000280829906405633
R04_head_on_lateral_offset,213,43.59999999999966,39.679590200567425,59.832764748676055,18.20403681887898,0.47745749283270694,0.0648484781975332,0.3928120360812493,0.05566375997875212,-0.11729795157064969,-0.7847948670387268,0.07506589591503143,-0.636975884437561,-0.7847948670387268,0.07506589591503143,-0.636975884437561,0.4291230797767639,0.026273063570261,-0.15924397110939026,0.04775998914032696,0.19999999999998863,6.279476946117866,none,0.058348623521006004,0.0,-0.009999999999999431,-0.0005886343806796113
R04_head_on_lateral_offset,214,43.79999999999965,39.750481771569106,59.86984003273731,18.19978843037155,0.48495885923971904,0.041398616737991126,0.4076479713899377,0.02189505610016039,-0.11720748174814605,-0.7334619760513306,-0.1340426504611969,-0.46809253096580505,-0.7334619760513306,-0.1340426504611969,-0.46809253096580505,0.4599228143692017,-0.046914927661418915,-0.11702313274145126,0.048317511185394166,0.19999999999998863,6.2582674460185626,none,0.05981517192428498,0.0,-0.009999999999999431,-0.0014976607388913843
R04_head_on_lateral_offset,215,43.99999999999964,39.824321197624165,59.90882109056888,18.1972719135877,0.48497333796756037,0.019588716477353954,0.4268167081550568,-0.018691271541374295,-0.10203506784930061,-0.6760694980621338,-0.28969550132751465,-0.28447386622428894,-0.6760694980621338,-0.28969550132751465,-0.28447386622428894,0.4943583011627197,-0.10139342546463012,-0.07111846655607224,0.051000788079031294,0.19999999999998863,6.240504509452791,none,0.06222553849011092,0.0,-0.009999999999999431,-0.0012247504110801976
R04_head_on_lateral_offset,216,44.199999999999626,39.90187103869729,59.94937805789274,18.196386169975032,0.47749479283496776,0.0016486614423240533,0.4474197996802583,-0.05347269867979159,-0.07909451521236917,-0.633307695388794,-0.35527512431144714,-0.12939557433128357,-0.633307695388794,-0.35527512431144714,-0.12939557433128357,0.5200153827667237,-0.12434629350900649,-0.03234889358282089,0.05483671863091557,0.19999999999998863,6.22589769683144,none,0.06544028933761581,0.0,-0.009999999999999431,-0.0006035707067008111
R04_head_on_lateral_offset,217,44.399999999999615,39.98335420598252,59.99089425573621,18.196892262174156,0.4640886577910294,-0.01180000625035413,0.4662222465278414,-0.0786881589376408,-0.057053403440036565,-0.6125446557998657,-0.3716266453266144,-0.04856223613023758,-0.6125446557998657,-0.3716266453266144,-0.04856223613023758,0.5324732065200806,-0.13006932586431502,-0.012140559032559395,0.05885510085126046,0.19999999999998863,6.214142400083249,none,0.068999750943604,0.0,-0.009999999999999431,-0.00014465009234411076
R04_head_on_lateral_offset,218,44.5999999999996,40.068743902756424,60.032735672912445,18.198500680899453,0.44666022351566853,-0.02130151844223092,0.4839920458248651,-0.09441114046454807,-0.03929980938489055,-0.5889925956726074,-0.36128464341163635,-0.012494303286075592,-0.5889925956726074,-0.36128464341163635,-0.012494303286075592,0.5466044425964356,-0.1264496251940727,-0.003123575821518898,0.06262729136222984,0.19999999999998863,6.2050064795486275,none,0.07266654240861925,0.0,-0.009999999999999431,-3.925104638996757e-05
R04_head_on_lateral_offset,219,44.79999999999959,40.158004698502985,60.074422724271,18.200942522252777,0.4270212688495252,-0.027722079974055423,0.5006957389494895,-0.10144803449415414,-0.025914647487191245,-0.567413866519928,-0.3308200240135193,0.005440388340502977,-0.567413866519928,-0.3308200240135193,0.005440388340502977,0.5595516800880431,-0.11578700840473174,0.0013600970851257443,0.0663643904284622,0.19999999999998863,6.198385961838861,none,0.07639869818347478,0.0,-0.009999999999999431,-3.430775501314592e-05
R04_head_on_lateral_offset,220,44.99999999999958,40.25104608284391,60.115622668546266,18.204007650768585,0.4068354772131544,-0.03225354251408618,0.5165876483378208,-0.10048264352411651,-0.019856575648275348,-0.5456945896148682,-0.2814728021621704,-0.030048532411456108,-0.5456945896148682,-0.2814728021621704,-0.030048532411456108,0.5725832462310791,-0.09851548075675964,-0.007512133102864027,0.0700285979241666,0.19999999999998863,6.194303432653875,none,0.08011192469996331,0.0,-0.009999999999999431,-8.332677579727482e-05
R04_head_on_lateral_offset,221,45.19999999999957,40.347594584074734,60.156102510502585,18.20760496676308,0.38753593327853125,-0.036530514917874006,0.530311548900518,-0.09307138354002115,-0.022698920457522885,-0.5355531573295593,-0.22277019917964935,-0.11396289616823196,-0.5355531573295593,-0.22277019917964935,-0.11396289616823196,0.5786681056022644,-0.07796956971287727,-0.02849072404205799,0.07339980169820759,0.19999999999998863,6.1928710469052195,none,0.08361161099201553,0.0,-0.009999999999999431,-0.00021180929380850983
R04_head_on_lateral_offset,222,45.39999999999956,40.447175373391524,60.19571430373028,18.21180987832553,0.3701394555276155,-0.04231813803760619,0.5416924181102294,-0.08174692036731036,-0.03430272996842855,-0.5303446054458618,-0.1676320880651474,-0.23179055750370026,-0.5303446054458618,-0.1676320880651474,-0.23179055750370026,0.581793236732483,-0.05867123082280159,-0.057947639375925064,0.07635174211541013,0.19999999999998863,6.1928663101767665,none,0.08669075607712529,0.0,-0.009999999999999431,-0.00033901396171572283
R04_head_on_lateral_offset,223,45.59999999999955,40.549458327808324,60.23449184968385,18.216890360206328,0.3551345241157543,-0.051176227113070336,0.5528442743636167,-0.06924468872625854,-0.052878130229556224,-0.5131030678749084,-0.1250545084476471,-0.3629157841205597,-0.5131030678749084,-0.1250545084476471,-0.3629157841205597,0.592138159275055,-0.04376907795667648,-0.09072894603013992,0.0790675815512419,0.19999999999998863,6.194261971368823,none,0.08945366047042569,0.0,-0.009999999999999431,-0.00038607891918435833
R04_head_on_lateral_offset,224,45.799999999999535,40.654516536678464,60.272666116129514,18.223296466989183,0.34234003412417585,-0.06409037627852955,0.5661655941685604,-0.059439248604542236,-0.07462434604925729,-0.4781605899333954,-0.11273957043886185,-0.47574514150619507,-0.4781605899333954,-0.11273957043886185,-0.47574514150619507,0.6131036460399628,-0.03945884965360164,-0.11893628537654877,0.08196641265286857,0.19999999999998863,6.198692830601393,none,0.09224847461988617,0.0,-0.009999999999999431,-0.00028206196701817567
R04_head_on_lateral_offset,225,45.999999999999524,40.76281532089796,60.31054978117168,18.231593284811535,0.3308597885641918,-0.08084956291388264,0.5833750905417968,-0.055648887081761064,-0.0916818907377644,-0.42664459347724915,-0.1369294971227646,-0.5057591795921326,-0.42664459347724915,-0.1369294971227646,-0.5057591795921326,0.6440132439136506,-0.0479253239929676,-0.12643979489803314,0.08535391102969433,0.19999999999998863,6.206451827044988,none,0.0954367088882151,0.0,-0.009999999999999431,-8.279785852132738e-05
R04_head_on_lateral_offset,226,46.19999999999951,40.874112855095525,60.348090206263926,18.242255524546543,0.319839675369187,-0.10065377731104387,0.5954897135182354,-0.05462910591937447,-0.10533148162918719,-0.43637344241142273,-0.15014603734016418,-0.5325801968574524,-0.43637344241142273,-0.15014603734016418,-0.5325801968574524,0.6381759345531464,-0.052551113069057465,-0.1331450492143631,0.08840184729533905,0.19999999999998863,6.217845043354901,none,0.09842162118341946,0.0,-0.009999999999999431,-1.977388808097391e-05
R04_head_on_lateral_offset,227,46.3999999999995,40.98791615816405,60.38508780802991,18.255665060727726,0.3087988187915495,-0.12285472861426752,0.6080982613660275,-0.05569883427859156,-0.11588277864775513,-0.412458598613739,-0.16536743938922882,-0.5495319962501526,-0.412458598613739,-0.16536743938922882,-0.5495319962501526,0.6525248408317565,-0.05787860378623008,-0.13738299906253815,0.09097266534313216,0.19999999999998863,6.2329588897954675,none,0.10099448482986872,0.0,-0.009999999999999431,-2.1819486737144624e-05
R04_head_on_lateral_offset,228,46.59999999999949,41.10402210785405,60.421410596503314,18.272144550689653,0.297597674644275,-0.1465381104864834,0.6190786497606189,-0.05626958930660574,-0.12059581765486449,-0.40371939539909363,-0.16409316658973694,-0.5207980275154114,-0.40371939539909363,-0.16409316658973694,-0.5207980275154114,0.6577683627605437,-0.05743260830640792,-0.13019950687885284,0.09339808404364705,0.19999999999998863,6.251750200626468,none,0.10341615681171135,0.0,-0.009999999999999431,-1.807276806486957e-05
R04_head_on_lateral_offset,229,46.79999999999948,41.22197265913324,60.45685690401813,18.29184576582062,0.2862531202411762,-0.17063800317167405,0.6278179829539183,-0.05711242972249595,-0.12041661567567273,-0.40231454372406006,-0.16808535158634186,-0.48020583391189575,-0.40231454372406006,-0.16808535158634186,-0.48020583391189575,0.6586112737655639,-0.058829873055219646,-0.12005145847797394,0.09541836848980827,0.19999999999998863,6.274194670709106,none,0.10545168123642412,0.0,-0.009999999999999431,-3.331274661642514e-05
R04_head_on_lateral_offset,230,46.99999999999947,41.341560254814,60.49131783410036,18.314826543739297,0.2749268858705758,-0.1943761159657254,0.6373451916581496,-0.05621737442819835,-0.11720646200319652,-0.3818090260028839,-0.15541009604930878,-0.44266071915626526,-0.3818090260028839,-0.15541009604930878,-0.44266071915626526,0.6709145843982696,-0.05439353361725807,-0.11066517978906631,0.0972755395088813,0.19999999999998863,6.300220450878232,none,0.10731535498891986,0.0,-0.009999999999999431,-3.981548003912039e-05
R04_head_on_lateral_offset,231,47.199999999999456,41.462930582996215,60.52484082293507,18.341122362590195,0.264270411825321,-0.21705041934350708,0.6484755286718171,-0.05075878098747084,-0.110074136184828,-0.35384401679039,-0.113245390355587,-0.38216280937194824,-0.35384401679039,-0.113245390355587,-0.38216280937194824,0.6876935899257659,-0.03963588662445545,-0.09554070234298706,0.09918124630453079,0.19999999999998863,6.329823681240315,none,0.10930564432922552,0.0,-0.009999999999999431,-0.00012439802469528803
R04_head_on_lateral_offset,232,47.399999999999444,41.586142511364685,60.557508041536224,18.370633771433923,0.2540650130794557,-0.2372945951096899,0.6594399452694923,-0.05125760968163443,-0.09360862908624684,-0.33654436469078064,-0.1493544727563858,-0.24022844433784485,-0.33654436469078064,-0.1493544727563858,-0.24022844433784485,0.6980733811855315,-0.05227406546473503,-0.06005711108446121,0.1008877528215706,0.19999999999998863,6.363151483742854,none,0.11132272297701462,0.0,-0.009999999999999431,-0.0004349701554445862
R04_head_on_lateral_offset,233,47.59999999999943,41.71174946157751,60.58941669951948,18.403193884373408,0.24335578908987018,-0.25434704397055385,0.6760416726586972,-0.05551383770353527,-0.07808581613948985,-0.27576944231987,-0.1833905428647995,-0.18582084774971008,-0.27576944231987,-0.1833905428647995,-0.18582084774971008,0.734538334608078,-0.06418669000267982,-0.04645521193742752,0.10367870154299152,0.19999999999998863,6.400421520627074,none,0.1138349461794732,0.0,-0.009999999999999431,-0.00015624463648224561
R04_head_on_lateral_offset,234,47.79999999999942,41.839996682654316,60.62049242949912,18.438542403469736,0.23206406659946796,-0.2685861877649176,0.6894544055021696,-0.05727095315897962,-0.06527144293322014,-0.2721424102783203,-0.17386114597320557,-0.15663914382457733,-0.2721424102783203,-0.17386114597320557,-0.15663914382457733,0.7367145538330078,-0.06085140109062195,-0.03915978595614433,0.10656701183617565,0.19999999999998863,6.4419293414939425,none,0.11658612256838552,0.0,-0.009999999999999431,-1.911073221044113e-05
R04_head_on_lateral_offset,235,47.99999999999941,41.97053511904306,60.650545643493466,18.47630536406659,0.22048057505662297,-0.28056023621474446,0.7017268499290303,-0.058473338328428055,-0.055226156249516364,-0.25838473439216614,-0.1740669161081314,-0.13902810215950012,-0.25838473439216614,-0.1740669161081314,-0.13902810215950012,0.7449691593647003,-0.06092342063784599,-0.03475702553987503,0.1090212401515758,0.19999999999998863,6.487834415482924,none,0.11903122944708855,0.0,-0.009999999999999431,-9.989295513319619e-06
R04_head_on_lateral_offset,236,48.1999999999994,42.10317983020435,60.67945951773271,18.51619695464708,0.208788572193958,-0.2906802401211101,0.7127568276760929,-0.05844855799543968,-0.04662235270929381,-0.24729788303375244,-0.16685160994529724,-0.11636204272508621,-0.24729788303375244,-0.16685160994529724,-0.11636204272508621,0.7516212701797484,-0.05839806348085403,-0.029090510681271553,0.11130036793812233,0.19999999999998863,6.5381332678694815,none,0.12131414252144879,0.0,-0.009999999999999431,-1.3774583327027524e-05
R04_head_on_lateral_offset,237,48.39999999999939,42.23789192579875,60.70718620582593,18.55800341341295,0.19726947056260677,-0.29919916164011623,0.724209395934932,-0.05686203479693853,-0.039131452680181214,-0.2257285863161087,-0.15322628617286682,-0.09546943008899689,-0.2257285863161087,-0.15322628617286682,-0.09546943008899689,0.7645628482103348,-0.05362920016050338,-0.023867357522249222,0.11353895792683434,0.19999999999998863,6.592855683227951,none,0.12356070563226496,0.0,-0.009999999999999431,-2.1747705431179878e-05
R04_head_on_lateral_offset,238,48.599999999999376,42.37475798053321,60.733743662962134,18.60157487973869,0.18616416564001656,-0.30635528973427517,0.7359358893650505,-0.05437821990987279,-0.03289952921810353,-0.2045757919549942,-0.14090567827224731,-0.08080332726240158,-0.2045757919549942,-0.14090567827224731,-0.08080332726240158,0.7772545248270035,-0.04931698739528656,-0.020200831815600395,0.11586022508133785,0.19999999999998863,6.652082977171922,none,0.12587651173454617,0.0,-0.009999999999999431,-1.6286653208893442e-05
R04_head_on_lateral_offset,239,48.799999999999365,42.51381050070957,60.75916381746852,18.64677479208664,0.17559079714766784,-0.3124081503994956,0.7475993801134363,-0.051567322733162536,-0.027998470896114132,-0.18550662696361542,-0.1309702843427658,-0.07204663008451462,-0.18550662696361542,-0.1309702843427658,-0.07204663008451462,0.7886960238218308,-0.04583959951996803,-0.018011657521128654,0.11819544641254727,0.19999999999998863,6.715961219179325,none,0.12820622690957606,0.0,-0.009999999999999431,-1.0780497029352354e-05
R04_head_on_lateral_offset,240,48.99999999999935,42.65500059446945,60.7834759825275,18.693472209022225,0.1655804578833559,-0.31760990962136487,0.7587463725290584,-0.04874852322904428,-0.02429802449364868,-0.16996146738529205,-0.1228705644607544,-0.06703072041273117,-0.16996146738529205,-0.1228705644607544,-0.06703072041273117,0.7980231195688248,-0.04300469756126404,-0.016757680103182793,0.12046596126359896,0.19999999999998863,6.7846313230811965,none,0.13047260959956475,0.0,-0.009999999999999431,-6.6483359663616074e-06
R04_head_on_lateral_offset,241,49.19999999999934,42.798201297444244,60.806701923625475,18.741539514485144,0.1561219620958341,-0.32217590600337903,0.7690531582417082,-0.04604053602635904,-0.021567722570341563,-0.15771764516830444,-0.1157786026597023,-0.0640169084072113,-0.15771764516830444,-0.1157786026597023,-0.0640169084072113,0.8053694128990172,-0.0405225109308958,-0.016004227101802826,0.12259893480910226,0.19999999999998863,6.858199615034412,none,0.13260312061245116,0.0,-0.009999999999999431,-4.1858033494679425e-06
R04_head_on_lateral_offset,242,49.39999999999933,42.9432190425495,60.82885751105485,18.790848278718116,0.1472078622088203,-0.32623690580840464,0.7781780965449759,-0.043306525598168055,-0.01921927807515574,-0.14944986999034882,-0.10781563818454742,-0.05773555114865303,-0.14944986999034882,-0.10781563818454742,-0.05773555114865303,0.8103300780057907,-0.0377354733645916,-0.014433887787163258,0.12453245733225918,0.19999999999998863,6.936724285784436,none,0.13453588173943132,0.0,-0.009999999999999431,-3.42440717270881e-06
R04_head_on_lateral_offset,243,49.59999999999932,43.08983053063933,60.84996325137022,18.841266495028137,0.13886459995385494,-0.3298268748160151,0.7861365376198265,-0.040349005650138416,-0.016858355100928535,-0.1430361121892929,-0.09806431829929352,-0.048190150409936905,-0.1430361121892929,-0.09806431829929352,-0.048190150409936905,0.8141783326864243,-0.03432251140475273,-0.012047537602484226,0.12623700971854088,0.19999999999998863,7.020212124283221,none,0.13624155650261827,0.0,-0.009999999999999431,-4.546784077956723e-06
R04_head_on_lateral_offset,244,49.79999999999931,43.23780373814093,60.87005227416451,18.892659243534567,0.13113651007348637,-0.3330195996415618,0.7928202104952711,-0.037171390461735565,-0.01519431229707352,-0.13938279449939728,-0.08770403265953064,-0.047214068472385406,-0.13938279449939728,-0.08770403265953064,-0.047214068472385406,0.8163703233003616,-0.03069641143083572,-0.011803517118096352,0.12770636301917293,0.19999999999998863,7.108634246832748,none,0.13770879571886496,0.0,-0.009999999999999431,-2.432699692591911e-06
R04_head_on_lateral_offset,245,49.9999999999993,43.386864707941136,60.88916484987737,18.94489019550241,0.1240337635001059,-0.33591543884292663,0.7979338445964579,-0.034088437848517256,-0.013864321325083258,-0.14008019864559174,-0.0794467180967331,-0.04461687430739403,-0.14008019864559174,-0.0794467180967331,-0.04461687430739403,0.8159518808126449,-0.02780635133385658,-0.011154218576848507,0.12889451252060835,0.19999999999998863,7.201938423401321,none,0.13889602082128505,0.0,-0.009999999999999431,-1.5083006772556585e-06
R04_head_on_lateral_offset,246,50.199999999999285,43.53671170779567,60.90734336252201,18.997820939076075,0.11752628657406516,-0.33856594517392724,0.8014725320373065,-0.031203750692650446,-0.01272649975807657,-0.14343133568763733,-0.07235904783010483,-0.04163191094994545,-0.14343133568763733,-0.07235904783010483,-0.04163191094994545,0.8139411985874176,-0.025325666740536688,-0.010407977737486362,0.12977531514653562,0.19999999999998863,7.300030709656811,none,0.1397767226504456,0.0,-0.009999999999999431,-1.4075039105665434e-06
R04_head_on_lateral_offset,247,50.399999999999274,43.687075563627985,60.92463547219793,19.051328600511425,0.11157430394930283,-0.34102388035705117,0.8037683499565988,-0.028518465854702975,-0.011914083966771405,-0.14690378308296204,-0.0658477172255516,-0.04103454574942589,-0.14690378308296204,-0.0658477172255516,-0.04103454574942589,0.8118577301502228,-0.02304670102894306,-0.010258636437356472,0.13038068199496156,0.19999999999998863,7.402773589000477,none,0.14038177823820774,0.0,-0.009999999999999431,-1.0962432467576112e-06
R04_head_on_lateral_offset,248,50.59999999999926,43.83772672195573,60.941092731016155,19.10531131264437,0.10613904402017316,-0.3433467720578819,0.8049284350375696,-0.026022271927515862,-0.011356833117233059,-0.15163995325565338,-0.05981661379337311,-0.0408853255212307,-0.15163995325565338,-0.05981661379337311,-0.0408853255212307,0.8090160280466079,-0.020935814827680588,-0.010221331380307674,0.1307480048685773,0.19999999999998863,7.510012143542079,none,0.14074918142424053,0.0,-0.009999999999999431,-1.176555663816581e-06
R04_head_on_lateral_offset,249,50.79999999999925,43.98846083701141,60.95676766528452,19.159682341404167,0.10118443755689156,-0.3455768049722911,0.8051167340671618,-0.02369890518663688,-0.010972465842930336,-0.15703298151493073,-0.05418461561203003,-0.040756985545158386,-0.15703298151493073,-0.05418461561203003,-0.040756985545158386,0.8057802110910415,-0.018964615464210507,-0.010189246386289597,0.13090242137251082,0.19999999999998863,7.621581623596667,none,0.14090363778507964,0.0,-0.009999999999999431,-1.21641256938948e-06
R04_head_on_lateral_offset,250,50.99999999999924,44.13914763622664,60.97171869071513,19.21438484543963,0.09669294072578503,-0.34772566868136245,0.8049368829153353,-0.02139007963431762,-0.010548151853451824,-0.15949471294879913,-0.04767262935638428,-0.038734134286642075,-0.15949471294879913,-0.04767262935638428,-0.038734134286642075,0.8043031722307206,-0.016685420274734495,-0.009683533571660519,0.13091425331873216,0.19999999999998863,7.7373054439010485,none,0.1409153044790088,0.0,-0.009999999999999431,-1.0511602772059203e-06
R04_head_on_lateral_offset,251,51.19999999999923,44.28972059044076,60.98601086478417,19.26938431476972,0.09266347730751448,-0.3497979924598923,0.8044777758768186,-0.019078759105044644,-0.010201233237236708,-0.16189983487129211,-0.04105433076620102,-0.03797728940844536,-0.16189983487129211,-0.04105433076620102,-0.03797728940844536,0.8028600990772248,-0.014369015768170356,-0.00949432235211134,0.13084270896323297,0.19999999999998863,7.857027279120155,none,0.1408437121492696,0.0,-0.009999999999999431,-1.0031860372106127e-06
R04_head_on_lateral_offset,252,51.39999999999922,44.439992648908465,60.99969931725524,19.324604343215594,0.08910612176264211,-0.3518281788307559,0.8024275753550876,-0.016675900163475157,-0.01010768148058837,-0.1746606081724167,-0.03365608677268028,-0.039668209850788116,-0.1746606081724167,-0.03365608677268028,-0.039668209850788116,0.7952036350965499,-0.011779630370438098,-0.009917052462697029,0.13057138029060775,0.19999999999998863,7.980616449241733,none,0.14057578890183464,0.0,-0.009999999999999431,-4.40861122745384e-06
R04_head_on_lateral_offset,253,51.599999999999206,44.589627039837374,61.0128239475914,19.379918123424993,0.08591712306779134,-0.35384271910403375,0.7984574448513424,-0.015316541816747138,-0.010042624598626326,-0.1925523728132248,-0.03584742173552513,-0.039640236645936966,-0.1925523728132248,-0.03584742173552513,-0.039640236645936966,0.7844685763120651,-0.012546597607433796,-0.009910059161484241,0.12996616070557035,0.19999999999998863,8.107868414651795,none,0.13997265906503742,0.0,-0.009999999999999431,-6.498359467632942e-06
R04_head_on_lateral_offset,254,51.799999999999194,44.73827735789218,61.02540261228309,19.435192895627285,0.08294849095457439,-0.3558246103507837,0.7927379503407054,-0.01443613565305739,-0.009794954778409038,-0.21235808730125427,-0.03612041473388672,-0.03716112673282623,-0.21235808730125427,-0.03612041473388672,-0.03716112673282623,0.7725851476192473,-0.012642145156860352,-0.009290281683206558,0.12902469275525658,0.19999999999998863,8.238474754859762,none,0.1390326624920064,0.0,-0.009999999999999431,-7.969736750395585e-06
R04_head_on_lateral_offset,255,51.99999999999918,44.88573223401365,61.03745158303023,19.490338964811908,0.08013829134205157,-0.3577469363448044,0.7864568520607323,-0.013719847232211903,-0.00945400276359321,-0.2261246293783188,-0.03502936288714409,-0.035036999732255936,-0.2261246293783188,-0.03502936288714409,-0.035036999732255936,0.7643252223730087,-0.01226027701050043,-0.008759249933063984,0.1278830242081758,0.19999999999998863,8.372082383425061,none,0.13788692860798335,0.0,-0.009999999999999431,-3.9043998081284004e-06
R04_head_on_lateral_offset,256,52.19999999999917,45.031887876869014,61.04899120415866,19.54530241822276,0.0774639292324744,-0.359597516198174,0.7796121721767891,-0.013072559994616364,-0.0090799855040873,-0.2408420890569687,-0.03358169272542,-0.033271424472332,-0.2408420890569687,-0.03358169272542,-0.033271424472332,0.7554947465658188,-0.011753592453896998,-0.008317856118083,0.1266335990733811,0.19999999999998863,8.50839405569097,none,0.13663803540586628,0.0,-0.009999999999999431,-4.4363324857657485e-06
R04_head_on_lateral_offset,257,52.39999999999916,45.17665121893012,61.06004037702909,19.600031816836722,0.07490909927862438,-0.36137586898518287,0.7723060961381907,-0.012517569273389232,-0.008729926372482865,-0.25572845339775085,-0.032533351331949234,-0.0320664644241333,-0.25572845339775085,-0.032533351331949234,-0.0320664644241333,0.7465629279613495,-0.011386672966182232,-0.008016616106033325,0.12529256562869134,0.19999999999998863,8.647170978042086,none,0.13529704872452442,0.0,-0.009999999999999431,-4.4830958336306016e-06
R04_head_on_lateral_offset,258,52.59999999999915,45.319932930257615,61.070614966512196,19.65447783959352,0.07243573518678703,-0.3630979429956052,0.7644818103846435,-0.012237202898491404,-0.008507572569463192,-0.2718121409416199,-0.03333115577697754,-0.03221794217824936,-0.2718121409416199,-0.03333115577697754,-0.03221794217824936,0.7369127154350281,-0.011665904521942138,-0.00805448554456234,0.12386364770598,0.19999999999998863,8.788180981306207,none,0.13386883459482846,0.0,-0.009999999999999431,-5.1868888490261275e-06
R04_head_on_lateral_offset,259,52.79999999999914,45.46165981923705,61.08072538898828,19.708603262178656,0.06999613720718809,-0.36484045178877134,0.7563704705865484,-0.01216427358985106,-0.008888783444396482,-0.28701677918434143,-0.03433047607541084,-0.03866228461265564,-0.28701677918434143,-0.03433047607541084,-0.03866228461265564,0.727789932489395,-0.012015666626393794,-0.00966557115316391,0.12236541071526016,0.19999999999998863,8.931194404272281,none,0.13237088489955084,0.0,-0.009999999999999431,-5.474184291255624e-06
R04_head_on_lateral_offset,260,52.999999999999126,45.60172084778308,61.09037378036098,19.762371032192636,0.06755182964701786,-0.3666834221189225,0.7474193450686928,-0.012270774986458368,-0.009495213163065156,-0.30686700344085693,-0.0356794036924839,-0.042923703789711,-0.30686700344085693,-0.0356794036924839,-0.042923703789711,0.7158797979354858,-0.012487791292369365,-0.01073092594742775,0.12076173937080864,0.19999999999998863,9.075990641049684,none,0.13077001958485113,0.0,-0.009999999999999431,-8.280214043052681e-06
R04_head_on_lateral_offset,261,53.199999999999115,45.73996541322334,61.09955582185366,19.81573621329803,0.06507920636397489,-0.3686660420710074,0.7377487711563468,-0.012442513860626636,-0.010272408997339683,-0.32720962166786194,-0.036549896001815796,-0.04742435738444328,-0.32720962166786194,-0.036549896001815796,-0.04742435738444328,0.7036742269992828,-0.012792463600635528,-0.01185608934611082,0.11902226004934813,0.19999999999998863,9.222323392873754,none,0.12903095676446696,0.0,-0.009999999999999431,-8.696715119401178e-06
R04_head_on_lateral_offset,262,53.3999999999991,45.87624364728636,61.10826528793142,19.86865683813343,0.06254357745229602,-0.37079938544170876,0.7272656660650682,-0.012880745662961263,-0.011005752505294243,-0.3494530916213989,-0.039353497326374054,-0.050000302493572235,-0.3494530916213989,-0.039353497326374054,-0.050000302493572235,0.6903281450271606,-0.013773724064230919,-0.012500075623393059,0.11714536336318708,0.19999999999998863,9.369919405355244,none,0.12715554871576984,0.0,-0.009999999999999431,-1.0185352583324258e-05
R04_head_on_lateral_offset,263,53.59999999999909,46.01052502446795,61.11650212748272,19.921135634893126,0.059982649240887954,-0.37308386789267367,0.7172742941171237,-0.01273920443367901,-0.011780666617618079,-0.36321765184402466,-0.03557367995381355,-0.05343879014253616,-0.36321765184402466,-0.03557367995381355,-0.05343879014253616,0.6820694088935852,-0.012450787983834742,-0.01335969753563404,0.11525163157997913,0.19999999999998863,9.518506757074919,none,0.12525594304667464,0.0,-0.009999999999999431,-4.311466696085564e-06
R04_head_on_lateral_offset,264,53.79999999999908,46.14294860210369,61.12428946796488,19.973240342735593,0.05751896105161166,-0.37549245105894635,0.7083329310944224,-0.01195665808830951,-0.012268404194636746,-0.37195369601249695,-0.0296059288084507,-0.05304903909564018,-0.37195369601249695,-0.0296059288084507,-0.05304903909564018,0.6768277823925017,-0.010362075082957743,-0.013262259773910046,0.11348385862598384,0.19999999999998863,9.66790132075017,none,0.12348610031452978,0.0,-0.009999999999999431,-2.2416885465006975e-06
R04_head_on_lateral_offset,265,53.99999999999907,46.27373417879456,61.13166790060775,20.025062056239964,0.05522344916051272,-0.37792957681859096,0.700740588863104,-0.0110656185958174,-0.012114456464128717,-0.37668541073799133,-0.026428459212183952,-0.04720303788781166,-0.37668541073799133,-0.026428459212183952,-0.04720303788781166,0.6739887535572051,-0.009249960724264383,-0.011800759471952915,0.11191512333754179,0.19999999999998863,9.818060562025815,none,0.12191645656088923,0.0,-0.009999999999999431,-1.33322334801185e-06
R04_head_on_lateral_offset,266,54.19999999999906,46.40317019871826,61.13868334641957,20.076704003466286,0.053098660213227504,-0.38029018791441427,0.6948777265519097,-0.010244182623005617,-0.011535305206658608,-0.3763003945350647,-0.024486728012561798,-0.04142070934176445,-0.3763003945350647,-0.024486728012561798,-0.04142070934176445,0.6742197632789612,-0.008570354804396628,-0.010355177335441113,0.11060861620297485,0.19999999999998863,9.969025614902032,none,0.12060936328059313,0.0,-0.009999999999999431,-7.470776188506917e-07
R04_head_on_lateral_offset,267,54.39999999999905,46.53153112858039,61.14537856726146,20.128252795421336,0.05116288353857309,-0.3824936157833095,0.6902116708547403,-0.00919282509015407,-0.010571607514279251,-0.3770488500595093,-0.020144255831837654,-0.0344315804541111,-0.3770488500595093,-0.020144255831837654,-0.0344315804541111,0.6737706899642943,-0.007050489541143178,-0.008607895113527775,0.1095499395737123,0.19999999999998863,10.120906266679052,none,0.11955130487717014,0.0,-0.009999999999999431,-1.3653034584133056e-06
R04_head_on_lateral_offset,268,54.599999999999035,46.65904456498631,61.151796388711205,20.17976826742955,0.049458976429966384,-0.38448789760314367,0.6867142636395038,-0.00794062453002774,-0.009455343650092103,-0.37601491808891296,-0.015397240407764912,-0.02872299775481224,-0.37601491808891296,-0.015397240407764912,-0.02872299775481224,0.6743910491466523,-0.005389034142717719,-0.00718074943870306,0.10869564737923708,0.19999999999998863,10.27381732649863,none,0.11869677120098032,0.0,-0.009999999999999431,-1.1238217438187987e-06
R04_head_on_lateral_offset,269,54.799999999999024,46.78592757376961,61.15798203049038,20.231303488011726,0.04801492191592853,-0.3862608374666654,0.684291647218521,-0.0066008961301802236,-0.008356848705184142,-0.3737408518791199,-0.01105986163020134,-0.024473847821354866,-0.3737408518791199,-0.01105986163020134,-0.024473847821354866,0.6757554888725281,-0.0038709515705704686,-0.0061184619553387165,0.10803327491464942,0.19999999999998863,10.427854622581357,none,0.11803411570478772,0.0,-0.009999999999999431,-8.407901388716478e-07
R04_head_on_lateral_offset,270,54.99999999999901,46.91237021638322,61.163980410200814,20.282902500694547,0.04684529536496338,-0.3878248959384496,0.6827549102928646,-0.005200888177743152,-0.007358947935443372,-0.37109971046447754,-0.006708893924951553,-0.02130216173827648,-0.37109971046447754,-0.006708893924951553,-0.02130216173827648,0.6773401737213134,-0.0023481128737330437,-0.00532554043456912,0.10753629396996482,0.19999999999998863,10.583119752736584,none,0.11753701329277533,0.0,-0.009999999999999431,-7.193228110771721e-07
R04_head_on_lateral_offset,271,55.199999999999,47.03852439187322,61.16983487664044,20.334598085478714,0.04595484930727142,-0.38920987761193415,0.6818949524797769,-0.003808515709890451,-0.00655171040663148,-0.3685585558414459,-0.0027751403395086527,-0.01962725818157196,-0.3685585558414459,-0.0027751403395086527,-0.01962725818157196,0.6788648664951324,-0.0009712991188280284,-0.00490681454539299,0.10716862185991424,0.19999999999998863,10.739704414789385,none,0.11716911660363394,0.0,-0.009999999999999431,-4.947437202680258e-07
R04_head_on_lateral_offset,272,55.39999999999899,47.1644822349192,61.17558319352253,20.38640640288007,0.04528896070828601,-0.39049388667360185,0.6813099688179219,-0.0029175244200598605,-0.00630683639880379,-0.3679187297821045,-0.0031484707724303007,-0.023231441155076027,-0.3679187297821045,-0.0031484707724303007,-0.023231441155076027,0.6792487621307373,-0.0011019647703506051,-0.005807860288769007,0.10687487869039261,0.19999999999998863,10.897679162830249,none,0.11687514946815014,0.0,-0.009999999999999431,-2.7077775809708926e-07
R04_head_on_lateral_offset,273,55.59999999999898,47.290239750832676,61.181248260629935,20.438318192822162,0.04476649925424247,-0.39176731333942394,0.680417821870546,-0.002349874012256794,-0.0064189781218217746,-0.3712094724178314,-0.0034090892877429724,-0.026589950546622276,-0.3712094724178314,-0.0034090892877429724,-0.026589950546622276,0.6772743165493011,-0.0011931812507100402,-0.006647487636655569,0.10656838072333304,0.19999999999998863,11.057072153082009,none,0.11656882425322124,0.0,-0.009999999999999431,-4.435298887643831e-07
R04_head_on_lateral_offset,274,55.79999999999897,47.41572410392056,61.18684175548515,20.490306091374226,0.044340104566873366,-0.3930855752604904,0.6790702625069465,-0.0019446171302083771,-0.0067394844791569385,-0.3761298358440399,-0.0031966606620699167,-0.02957030199468136,-0.3761298358440399,-0.0031966606620699167,-0.02957030199468136,0.674322098493576,-0.0011188312317244708,-0.00739257549867034,0.10618821012906625,0.19999999999998863,11.217832575612901,none,0.1161888728810041,0.0,-0.009999999999999431,-6.627519384184684e-07
R04_head_on_lateral_offset,275,55.999999999998956,47.54084301655501,61.192370142391205,20.5423403995043,0.04398383852281091,-0.3944789507844293,0.6772202286216714,-0.0016409320946874232,-0.007162395868718175,-0.38216403126716614,-0.002920336090028286,-0.03209662437438965,-0.38216403126716614,-0.002920336090028286,-0.03209662437438965,0.6707015812397004,-0.0010221176315099,-0.008024156093597412,0.10571802710225085,0.19999999999998863,11.379850816891828,none,0.11571888450573908,0.0,-0.009999999999999431,-8.574034887961275e-07
R04_head_on_lateral_offset,276,56.199999999998944,47.665500879717534,61.19783708954481,20.594392568326644,0.04367932526935686,-0.3959606828404468,0.6748845733734977,-0.0014207923999223577,-0.007620404514737892,-0.38890862464904785,-0.00277776294387877,-0.03421472758054733,-0.38890862464904785,-0.00277776294387877,-0.03421472758054733,0.6666548252105713,-0.0009722170303575694,-0.008553681895136833,0.10515592118876194,0.19999999999998863,11.542998935032047,none,0.11515692111332498,0.0,-0.009999999999999431,-9.99924563617221e-07
R04_head_on_lateral_offset,277,56.39999999999893,47.78960790323816,61.203244395533176,20.646436943213825,0.043409998102519276,-0.397533071777933,0.6721095106514615,-0.0012828741839826891,-0.00806962690476767,-0.39611417055130005,-0.0028624008409678936,-0.03594000265002251,-0.39611417055130005,-0.0028624008409678936,-0.03594000265002251,0.66233149766922,-0.0010018402943387627,-0.008985000662505627,0.10450827447540523,0.19999999999998863,11.707144541300716,none,0.11450937254799243,0.0,-0.009999999999999431,-1.0980725877687935e-06
R04_head_on_lateral_offset,278,56.59999999999892,47.913084599936504,61.20859226504918,20.698451338147567,0.043159250486317,-0.39919134372015785,0.6689563014686011,-0.0012286861387106665,-0.00848201106475624,-0.40359020233154297,-0.003195051336660981,-0.03728928044438362,-0.40359020233154297,-0.003195051336660981,-0.03728928044438362,0.6578458786010741,-0.0011182679678313433,-0.009322320111095905,0.10378558472563018,0.19999999999998863,11.872158790652945,none,0.11378674117079157,0.0,-0.009999999999999431,-1.1564451619568595e-06
R04_head_on_lateral_offset,279,56.79999999999891,48.03587626004565,61.2138795912813,20.750422260808467,0.04290195848745227,-0.4009239589575615,0.6656192799136713,-0.0013361353849801055,-0.008818760459553043,-0.410231351852417,-0.004443094599992037,-0.03801979869604111,-0.410231351852417,-0.004443094599992037,-0.03801979869604111,0.6538611888885497,-0.0015550831099972128,-0.009504949674010277,0.10301201579675125,0.19999999999998863,12.0379205188512,none,0.11301293971946791,0.0,-0.009999999999999431,-9.239227172351202e-07
R04_head_on_lateral_offset,280,56.9999999999989,48.157951330909206,61.219102716803775,20.802343452627845,0.04260891151688913,-0.4027149025703834,0.6621514772463151,-0.0015762377697967045,-0.009071617776746336,-0.4167790412902832,-0.005901402328163385,-0.03834744542837143,-0.4167790412902832,-0.005901402328163385,-0.03834744542837143,0.64993257522583,-0.002065490814857185,-0.009586861357092857,0.10220978188433992,0.19999999999998863,12.204328667664594,none,0.11221068400935508,0.0,-0.009999999999999431,-9.021250157199151e-07
R04_head_on_lateral_offset,281,57.19999999999889,48.279289147487255,61.22425535710672,20.854210555811246,0.04225761437225646,-0.4045475281351789,0.6586067322279794,-0.0019114673736611966,-0.009241810426981493,-0.4231387972831726,-0.007413027808070183,-0.03835443779826164,-0.4231387972831726,-0.007413027808070183,-0.03835443779826164,0.6461167216300965,-0.002594559732824564,-0.00958860944956541,0.10139033813497862,0.19999999999998863,12.371301026360399,none,0.11139119276611353,0.0,-0.009999999999999431,-8.546311354766566e-07
R04_head_on_lateral_offset,282,57.399999999998876,48.39987975894596,61.22932950274812,20.906021206003608,0.041832123830831916,-0.4064059825711607,0.6550371961673673,-0.00231316224133929,-0.009335660443739522,-0.4292336106300354,-0.008947685360908508,-0.03810758888721466,-0.4292336106300354,-0.008947685360908508,-0.03810758888721466,0.6424598336219787,-0.003131689876317978,-0.009526897221803665,0.10056440201053843,0.19999999999998863,12.538764744564745,none,0.11056519326769632,0.0,-0.009999999999999431,-7.912571584493128e-07
R04_head_on_lateral_offset,283,57.599999999998865,48.519734660819836,61.23431755761083,20.95777946994213,0.0413461097016873,-0.40826430313516443,0.6516080378413422,-0.0025305913846833073,-0.009253720984948161,-0.43412449955940247,-0.008496124297380447,-0.03634701669216156,-0.43412449955940247,-0.008496124297380447,-0.03634701669216156,0.6395253002643585,-0.0029736435040831565,-0.00908675417304039,0.09975209579807146,0.19999999999998863,12.70665702179293,none,0.10975264028439824,0.0,-0.009999999999999431,-5.444863273498801e-07
R04_head_on_lateral_offset,284,57.79999999999885,48.638898736196026,61.2392175056382,21.009499754765603,0.04084898583953242,-0.4100943508742462,0.64850266541688,-0.0024469512088041113,-0.009061262062217919,-0.43739867210388184,-0.006504339631646872,-0.03467636555433273,-0.43739867210388184,-0.006504339631646872,-0.03467636555433273,0.6375607967376709,-0.002276518871076405,-0.008669091388583183,0.09898240608716648,0.19999999999998863,12.874935591462739,none,0.10898275565691051,0.0,-0.009999999999999431,-3.495697446000536e-07
R04_head_on_lateral_offset,285,57.99999999999884,48.75744017215403,61.24403648173954,21.061204536003768,0.04043789008545942,-0.41189181804358027,0.6457919382547621,-0.0017188810809015658,-0.008923772257255531,-0.4395989775657654,-0.0006722955731675029,-0.034574445337057114,-0.4395989775657654,-0.0006722955731675029,-0.034574445337057114,0.6362406134605407,-0.00023530345060862598,-0.008643611334264278,0.09827316017989038,0.19999999999998863,13.043592128036847,none,0.10827393746928493,0.0,-0.009999999999999431,-7.772893951265715e-07
R04_head_on_lateral_offset,286,58.19999999999883,48.875429659496554,61.24879474944815,21.112918921021834,0.04021720363609206,-0.41366573813153795,0.6434476196148889,-0.0005742541101712223,-0.008823022170661301,-0.4413544237613678,0.005023243371397257,-0.034470900893211365,-0.4413544237613678,0.005023243371397257,-0.034470900893211365,0.6351873457431794,0.0017581351799890398,-0.008617725223302841,0.09762296763819568,0.19999999999998863,13.212646327169287,none,0.10762367826772845,0.0,-0.009999999999999431,-7.106295333312037e-07
R04_head_on_lateral_offset,287,58.39999999999882,48.99291074306395,61.25352035666355,21.164656511872526,0.04023464013498389,-0.41539525786583054,0.641216386881877,0.0006559020542136246,-0.008496765206038695,-0.444409042596817,0.009035922586917877,-0.03132782503962517,-0.444409042596817,0.009035922586917877,-0.03132782503962517,0.6333545744419098,0.003162572905421257,-0.007831956259906292,0.09700311641613463,0.19999999999998863,13.382130652093362,none,0.10700382264046482,0.0,-0.009999999999999431,-7.062243307589784e-07
R04_head_on_lateral_offset,288,58.59999999999881,49.109919999571346,61.258243206604035,21.216421760841605,0.04049204157129066,-0.4170106831466817,0.6392329842192962,0.0018296469865517614,-0.007716310578619975,-0.4462593197822571,0.01206105574965477,-0.024503959342837334,-0.4462593197822571,0.01206105574965477,-0.024503959342837334,0.6322444081306458,0.0042213695123791695,-0.006125989835709333,0.09640603173793416,0.19999999999998863,13.552061162627863,none,0.10640721453992086,0.0,-0.009999999999999431,-1.1828019872609647e-06
R04_head_on_lateral_offset,289,58.799999999998796,49.22653633184542,61.262994119990616,21.26822728666816,0.04098815725248746,-0.41844052744165744,0.6377755165789423,0.0030402653475568382,-0.006661624230995259,-0.44559985399246216,0.015734640881419182,-0.018050022423267365,-0.44559985399246216,0.015734640881419182,-0.018050022423267365,0.6326400876045226,0.005507124308496713,-0.004512505605816841,0.09587157546274713,0.19999999999998863,13.722450190841684,none,0.10587268713123876,0.0,-0.009999999999999431,-1.1116684922003738e-06
R04_head_on_lateral_offset,290,58.999999999998785,49.34287227710712,61.26780569059048,21.32009344603386,0.04173059046510407,-0.41964105984758754,0.6369141555111263,0.004289882924317751,-0.005436070023069572,-0.443534791469574,0.01953202858567238,-0.011755106039345264,-0.443534791469574,0.01953202858567238,-0.011755106039345264,0.6338791251182556,0.006836210004985332,-0.002938776509836316,0.09542928675875852,0.19999999999998863,13.89334808159934,none,0.10543045297093556,0.0,-0.009999999999999431,-1.1662121776084314e-06
R04_head_on_lateral_offset,291,59.199999999998774,49.45904466812597,61.272711247226326,21.372038562678426,0.04271772040800947,-0.4205898802686728,0.6366142385850067,0.005490895980096312,-0.004149130967253221,-0.4407375454902649,0.02268052101135254,-0.0061070178635418415,-0.4407375454902649,0.02268052101135254,-0.0061070178635418415,0.6355574727058411,0.007938182353973389,-0.0015267544658854604,0.09508282597360261,0.19999999999998863,14.064837022337453,none,0.10508381874339534,0.0,-0.009999999999999431,-9.92769793299532e-07
R04_head_on_lateral_offset,292,59.39999999999876,49.57515760860983,61.27774270011175,21.424074077284015,0.04393447042304715,-0.42128439134370393,0.6367687460039825,0.006593500696183835,-0.0028908189393664217,-0.43781140446662903,0.025257891044020653,-0.001307101221755147,-0.43781140446662903,0.025257891044020653,-0.001307101221755147,0.6373131573200226,0.008840261865407227,-0.00032677530543878675,0.09482032644490467,0.19999999999998863,14.237005356660669,none,0.10482109133165096,0.0,-0.009999999999999431,-7.648867468720247e-07
R04_head_on_lateral_offset,293,59.59999999999875,49.69129241262802,61.2829290529325,21.476202256922996,0.04535942147447067,-0.42173722377421724,0.6372397219170588,0.007581541074377736,-0.0017253471408016127,-0.43516796827316284,0.027413874864578247,0.0025980693753808737,-0.43516796827316284,0.027413874864578247,0.0025980693753808737,0.6388992190361023,0.009594856202602385,0.0006495173438452184,0.09462133353145018,0.19999999999998863,14.409931460301767,none,0.10462187125902034,0.0,-0.009999999999999431,-5.377275707233765e-07
R04_head_on_lateral_offset,294,59.79999999999874,49.807503843315764,61.28829584718726,21.52841608196736,0.04697061186873872,-0.4219713653381769,0.6378842694542044,0.008463862199734837,-0.0006938152071804663,-0.433074414730072,0.02931929938495159,0.005632488057017326,-0.433074414730072,0.02931929938495159,0.005632488057017326,0.6401553511619568,0.010261754784733056,0.0014081220142543316,0.09446224482298061,0.19999999999998863,14.583673812256965,none,0.10446258924909557,0.0,-0.009999999999999431,-3.444261155218485e-07
R04_head_on_lateral_offset,295,59.99999999999873,49.923820347189306,61.29386527297601,21.58070037326731,0.04874947493239279,-0.42201592732683135,0.6385707196642292,0.00926442956104841,0.00018217203755022975,-0.4316842555999756,0.03113066777586937,0.007868632674217224,-0.4316842555999756,0.03113066777586937,0.007868632674217224,0.6409894466400146,0.01089573372155428,0.001967158168554306,0.09431976648082145,0.19999999999998863,14.75826699364242,none,0.10431997075963295,0.0,-0.009999999999999431,-2.042788120727723e-07
R04_head_on_lateral_offset,296,60.19999999999872,50.04024679740295,61.299656699656964,21.633033592888165,0.05068297681015544,-0.4219026937879256,0.639188486633122,0.010014087398841088,0.0008963366622810549,-0.43105798959732056,0.03297615423798561,0.00940631702542305,-0.43105798959732056,0.03297615423798561,0.00940631702542305,0.6413652062416076,0.011541653983294963,0.0023515792563557625,0.09417306721155809,0.19999999999998863,14.933721561646534,none,0.10417319046160856,0.0,-0.009999999999999431,-1.2325005103758224e-07
R04_head_on_lateral_offset,297,60.399999999998705,50.15676857845665,61.305687417680836,21.685389883856594,0.05276425901458182,-0.42166348954041194,0.6396517435570652,0.01074374058139323,0.0014536974510251423,-0.4311932623386383,0.03494441136717796,0.010357692837715149,-0.4311932623386383,0.03494441136717796,0.010357692837715149,0.6412840425968169,0.012230543978512287,0.0025894232094287872,0.0940049142710666,0.19999999999998863,15.110026417577116,none,0.10400501022008157,0.0,-0.009999999999999431,-9.59490155474918e-08
R04_head_on_lateral_offset,298,60.599999999998694,50.273358158143886,61.311974060441244,21.73774006841183,0.0550061024971948,-0.4212868448866957,0.6399139474341954,0.011609445911050996,0.0022525401950308495,-0.43193694949150085,0.0382099449634552,0.015521320514380932,-0.43193694949150085,0.0382099449634552,0.015521320514380932,0.6408378303050994,0.01337348073720932,0.003880330128595233,0.09380312025029783,0.19999999999998863,15.287152552946663,none,0.10380387784691791,0.0,-0.009999999999999431,-7.575966206595404e-07
R04_head_on_lateral_offset,299,60.79999999999868,50.3900142240448,61.31853775851438,21.790060288991274,0.057447812352335766,-0.42069531360643264,0.6402697676159907,0.012723673173306109,0.0035639327634129853,-0.4307941496372223,0.04284033551812172,0.024944551289081573,-0.4307941496372223,0.04284033551812172,0.024944551289081573,0.6415235102176666,0.0149941174313426,0.006236137822270393,0.09359026145933262,0.19999999999998863,15.465059272969684,none,0.10359249233506063,0.0,-0.009999999999999431,-2.2308757285789857e-06
R04_head_on_lateral_offset,300,60.99999999999867,50.5067960434269,61.32540788847704,21.8423410293763,0.06011731912570678,-0.4197950751844669,0.6410400180141703,0.01388394472845465,0.005307070888139024,-0.42707663774490356,0.04642346501350403,0.035436149686574936,-0.42707663774490356,0.04642346501350403,0.035436149686574936,0.6437540173530578,0.016248212754726408,0.008859037421643734,0.09342081270660406,0.19999999999998863,15.643731336871403,none,0.10342354735357517,0.0,-0.009999999999999431,-2.7346469716899027e-06
R04_head_on_lateral_offset,301,61.19999999999866,50.623808547312066,61.332618779203976,21.894581522313842,0.06301977423385567,-0.41851917482844697,0.6423694066786907,0.015052529921049496,0.00730160439805818,-0.42157742381095886,0.049810681492090225,0.04546334221959114,-0.42157742381095886,0.049810681492090225,0.04546334221959114,0.6470535457134247,0.017433738522231578,0.011365835554897785,0.09333412956630519,0.19999999999998863,15.823211850393063,none,0.10333697474989378,0.0,-0.009999999999999431,-2.8451835891654674e-06
R04_head_on_lateral_offset,302,61.39999999999865,50.74115979141344,61.34020586026668,21.946775776969016,0.06614425865841776,-0.4168527226306964,0.6441371889031913,0.016112429539733086,0.009218445028787735,-0.41605663299560547,0.05220620334148407,0.05249745026230812,-0.41605663299560547,0.05220620334148407,0.05249745026230812,0.6503660202026367,0.018272171169519423,0.01312436256557703,0.09333337637360685,0.19999999999998863,16.00358774139251,none,0.10333509030024857,0.0,-0.009999999999999431,-1.713926642288588e-06
R04_head_on_lateral_offset,303,61.59999999999864,50.85891280607385,61.34820062088397,21.998899864865287,0.06947082727654913,-0.41485171883339356,0.645993519545906,0.017080307539252024,0.010681334738955333,-0.41244274377822876,0.05443582311272621,0.05464897304773331,-0.41244274377822876,0.05443582311272621,0.05464897304773331,0.6525343537330628,0.019052538089454174,0.013662243261933327,0.09337762347561616,0.19999999999998863,16.18494969139931,none,0.10337807668461352,0.0,-0.009999999999999431,-4.532089979197851e-07
R04_head_on_lateral_offset,304,61.799999999998626,50.977071947031654,61.356630064217946,22.050914481630855,0.0730076998829937,-0.41260083235919004,0.6476878868064634,0.01820374489229038,0.011747195896230713,-0.4105699360370636,0.058551304042339325,0.05567634105682373,-0.4105699360370636,0.058551304042339325,0.05567634105682373,0.6536580383777618,0.020492956414818762,0.013919085264205933,0.09341336383848761,0.19999999999998863,16.367346089261943,none,0.10341379384002991,0.0,-0.009999999999999431,-4.300015428695958e-07
R04_head_on_lateral_offset,305,61.999999999998614,51.09560264441433,61.365521590275776,22.10277444711732,0.07678787598457207,-0.4101741396206167,0.6490909163467666,0.01950029496064283,0.012465586302520221,-0.4099424481391907,0.06326358765363693,0.05571775883436203,-0.4099424481391907,0.06326358765363693,0.05571775883436203,0.6540345311164856,0.022142255678772926,0.013929439708590508,0.09340593546580261,0.19999999999998863,16.550770484858013,none,0.1034063874872686,0.0,-0.009999999999999431,-4.520214665515443e-07
R04_head_on_lateral_offset,306,62.1999999999986,51.21444456140545,61.37490453423123,22.154433607990743,0.08084485278965088,-0.40763644667446647,0.650097513541259,0.020959493117739092,0.012880101118418327,-0.41059285402297974,0.06837965548038483,0.054899007081985474,-0.41059285402297974,0.06837965548038483,0.054899007081985474,0.6536442875862121,0.023932879418134687,0.013724751770496368,0.0933309525184373,0.19999999999998863,16.735181649130723,none,0.1033314978690818,0.0,-0.009999999999999431,-5.453506450714407e-07
R04_head_on_lateral_offset,307,62.39999999999859,51.33352080694184,61.38480952715095,22.205847951450554,0.08518884970839416,-0.40504424966502267,0.6506723392075109,0.02237387398294455,0.013030531050655828,-0.41217041015625,0.07215981930494308,0.05334823951125145,-0.41217041015625,0.07215981930494308,0.05334823951125145,0.65269775390625,0.025255936756730078,0.013337059877812862,0.09317302747090801,0.19999999999998863,16.920516026347077,none,0.10317341113494649,0.0,-0.009999999999999431,-3.83664039051157e-07
R04_head_on_lateral_offset,308,62.59999999999858,51.45275475252372,61.39526365978664,22.2569818454424,0.08974706743458992,-0.40244886584255946,0.6508833268489727,0.02314982010923691,0.012930822241116649,-0.413955420255661,0.07065986841917038,0.0509105883538723,-0.413955420255661,0.07065986841917038,0.0509105883538723,0.6516267478466033,0.02473095394670963,0.012727647088468075,0.09293313111314133,0.19999999999998863,17.106695703128818,none,0.10293335867827835,0.0,-0.009999999999999431,-2.275651375960308e-07
R04_head_on_lateral_offset,309,62.79999999999857,51.57205133039602,61.40627877293566,22.307799193059807,0.09440956011260822,-0.39989877583683164,0.6504972798145731,0.02345230810753993,0.012595361537083514,-0.41810494661331177,0.06876766681671143,0.04764719307422638,-0.41810494661331177,0.06876766681671143,0.04764719307422638,0.6491370320320129,0.024068683385849,0.011911798268556595,0.09259960147461488,0.19999999999998863,17.29364176589471,none,0.10260023044950728,0.0,-0.009999999999999431,-6.289748929680372e-07
R04_head_on_lateral_offset,310,62.99999999999856,51.69128420314305,61.417851271620776,22.35825760462414,0.09910104339724846,-0.39743704007701175,0.649418281545775,0.02346180867941087,0.012062181887084033,-0.4239726662635803,0.06708905100822449,0.0439029186964035,-0.4239726662635803,0.06708905100822449,0.0439029186964035,0.6456164002418519,0.02348116785287857,0.010975729674100876,0.09215075420354037,0.19999999999998863,17.481251619064057,none,0.10215177955305066,0.0,-0.009999999999999431,-1.0253495108614174e-06
R04_head_on_lateral_offset,311,63.199999999998546,51.810315026927775,61.429967505163624,22.408315839466646,0.10377725992201807,-0.39509871236660493,0.6476240753800686,0.023311672363727855,0.011373036223550691,-0.43116310238838196,0.06573069095611572,0.0398750975728035,-0.43116310238838196,0.06573069095611572,0.0398750975728035,0.6413021385669708,0.023005741834640502,0.009968774393200874,0.09157988492987566,0.19999999999998863,17.669386977302345,none,0.10158128034700908,0.0,-0.009999999999999431,-1.3954171339947142e-06
R04_head_on_lateral_offset,312,63.399999999998535,51.92900077944788,61.442608593313075,22.457932691931063,0.10844427643880741,-0.39284158931980057,0.6450883002134404,0.023355211270571236,0.01121044850401308,-0.4397442936897278,0.06698265671730042,0.04351658374071121,-0.4397442936897278,0.06698265671730042,0.04351658374071121,0.6361534237861632,0.023443929851055145,0.010879145935177803,0.09088541935766738,0.19999999999998863,17.857894341663503,none,0.10088718865134538,0.0,-0.009999999999999431,-1.7692936785707048e-06
R04_head_on_lateral_offset,313,63.59999999999852,52.04725905109755,61.455764393495706,22.507082128007283,0.1131528137017823,-0.3905838482110003,0.642429235035529,0.02370388199699228,0.011355992883435511,-0.4449000954627991,0.06975532323122025,0.0466102659702301,-0.4449000954627991,0.06975532323122025,0.0466102659702301,0.6330599427223205,0.024414363130927083,0.011652566492557526,0.09012084715131209,0.19999999999998863,18.046613645939175,none,0.10012172396813668,0.0,-0.009999999999999431,-8.768168251571673e-07
R04_head_on_lateral_offset,314,63.79999999999851,52.16508135899662,61.46943861706898,22.55576064666723,0.11795231013891921,-0.38827574066771336,0.6398285145867261,0.02424992689298977,0.011699213930365611,-0.4488919973373413,0.07246455550193787,0.04959436133503914,-0.4488919973373413,0.07246455550193787,0.04959436133503914,0.6306648015975952,0.025362594425678252,0.012398590333759785,0.0893457064515709,0.19999999999998863,18.23544463103188,none,0.09934635005247472,0.0,-0.009999999999999431,-6.43600904378927e-07
R04_head_on_lateral_offset,315,63.9999999999985,52.282479823280525,61.48364282512432,22.603967821677372,0.12289466576330971,-0.3858797047167979,0.6373221114342035,0.025108889237014653,0.012221761122668017,-0.45251545310020447,0.07674052566289902,0.05314619094133377,-0.45251545310020447,0.07674052566289902,0.05314619094133377,0.6284907281398773,0.026859183982014655,0.013286547735333443,0.08857589987931062,0.19999999999998863,18.42436233221752,none,0.09857678045623075,0.0,-0.009999999999999431,-8.805769207001491e-07
R04_head_on_lateral_offset,316,64.1999999999985,52.39948309623548,61.49839749364956,22.651705804002308,0.12803367109919012,-0.383369145853298,0.6350436416289322,0.026199002156200017,0.012837424849754467,-0.45497435331344604,0.08120088279247284,0.05636781454086304,-0.45497435331344604,0.08120088279247284,0.05636781454086304,0.6270153880119324,0.028420308977365492,0.01409195363521576,0.08782370613763939,0.19999999999999574,18.613364662070186,none,0.09782443253433115,0.0,-0.009999999999999787,-7.263966919812681e-07
R04_head_on_lateral_offset,317,64.39999999999849,52.516132842559266,61.51373043673899,22.698979755081425,0.13340388794401786,-0.3807320694367615,0.633008320341107,0.027411760521769902,0.01348456432167411,-0.45693865418434143,0.0853799432516098,0.05921292304992676,-0.45693865418434143,0.0853799432516098,0.05921292304992676,0.6258368074893952,0.02988298013806343,0.01480323076248169,0.08709728775911726,0.19999999999998863,18.80246914544861,none,0.09709787611244991,0.0,-0.009999999999999431,-5.883533332173841e-07
R04_head_on_lateral_offset,318,64.59999999999847,52.63244268718519,61.5296668408903,22.745783080506833,0.13896261210950797,-0.3779759373598023,0.6309154295778867,0.028121953767318235,0.014035251106695745,-0.46076488494873047,0.08448315411806107,0.06062950938940048,-0.46076488494873047,0.08448315411806107,0.06062950938940048,0.6235410690307617,0.02956910394132137,0.01515737734735012,0.0863727102711547,0.19999999999998863,18.99170910584496,none,0.09637305929094353,0.0,-0.009999999999999431,-3.4901978939183565e-07
R04_head_on_lateral_offset,319,64.79999999999846,52.74837487437417,61.54621606687048,22.792090736226495,0.1446413378596574,-0.37512530960307056,0.6285069449301073,0.028627221624033052,0.0144404839998905,-0.4666323661804199,0.08473370969295502,0.061064884066581726,-0.4666323661804199,0.08473370969295502,0.061064884066581726,0.620020580291748,0.029656798392534253,0.015266221016645432,0.08560984761219165,0.19999999999998863,19.181090569506335,none,0.09561054120549528,0.0,-0.009999999999999431,-6.935933041973818e-07
R04_head_on_lateral_offset,320,64.99999999999845,52.863818407318625,61.56336292430631,22.83785075353489,0.15021261133528138,-0.372175665760845,0.625250951337499,0.02719356782287633,0.015012817560585165,-0.4770360589027405,0.06934923678636551,0.06471621245145798,-0.4770360589027405,0.06934923678636551,0.06471621245145798,0.6137783646583557,0.024272232875227926,0.016179053112864494,0.0847484681421953,0.19999999999998863,19.37056466873606,none,0.0947556331627517,0.0,-0.009999999999999431,-7.165020556965107e-06
R04_head_on_lateral_offset,321,65.19999999999844,52.97861971298068,61.58104842702011,22.88299062358845,0.15541042272661593,-0.36910405863165885,0.6211278307229038,0.024953388708572704,0.015654862698050758,-0.4890001714229584,0.05825316905975342,0.06785259395837784,-0.4890001714229584,0.05825316905975342,0.06785259395837784,0.606599897146225,0.020388609170913695,0.01696314848959446,0.08378393109165774,0.19999999999998863,19.560003021931124,none,0.0937894530835841,0.0,-0.009999999999999431,-5.521991926938919e-06
R04_head_on_lateral_offset,322,65.39999999999843,53.0926787360081,61.59919830255927,22.92745689450265,0.16009443653406202,-0.3658996438753977,0.6166669545935034,0.022101682842175615,0.016337810957239903,-0.4984184503555298,0.046545155346393585,0.0709177777171135,-0.4984184503555298,0.046545155346393585,0.0709177777171135,0.6009489297866821,0.016290804371237755,0.017729444429278374,0.0827618740318463,0.19999999999998863,19.749218288996737,none,0.09276657757013851,0.0,-0.009999999999999431,-4.703538292775145e-06
R04_head_on_lateral_offset,323,65.59999999999842,53.205958454064366,61.61773459921696,22.97122002102941,0.16418510997622485,-0.3625622358747217,0.6120117276045252,0.019036104643786855,0.01698731577884205,-0.5073184967041016,0.036541204899549484,0.07324320822954178,-0.5073184967041016,0.036541204899549484,0.07324320822954178,0.595608901977539,0.01278942171484232,0.018310802057385445,0.08174121172598707,0.19999999999998863,19.938068344215854,none,0.09174490567551885,0.0,-0.009999999999999431,-3.6939495323554116e-06
R04_head_on_lateral_offset,324,65.7999999999984,53.31843780533678,61.63657748201404,23.014257732857153,0.16766860877610545,-0.35910395561986996,0.6071873811489132,0.016025772515221835,0.01755286150774214,-0.5163522362709045,0.02826189622282982,0.07482106238603592,-0.5163522362709045,0.02826189622282982,0.07482106238603592,0.5901886582374573,0.009891663677990437,0.01870526559650898,0.08073687838940635,0.19999999999998863,20.126470804889333,none,0.09073993128993507,0.0,-0.009999999999999431,-3.052900529287861e-06
R04_head_on_lateral_offset,325,65.9999999999984,53.43010117110025,61.65565016610467,23.05655248232177,0.17057512560728322,-0.3555430334516955,0.6022332150908125,0.013248703855939488,0.018021071146975404,-0.5253715515136719,0.021685464307665825,0.07590053975582123,-0.5253715515136719,0.021685464307665825,0.07590053975582123,0.5847770690917968,0.007589912507683038,0.018975134938955307,0.0797532288423713,0.19999999999998863,20.314359203935933,none,0.08975574409788223,0.0,-0.009999999999999431,-2.515255511501627e-06
R04_head_on_lateral_offset,326,66.19999999999838,53.540939820430594,61.67488332671739,23.09809256036702,0.17296141337886317,-0.35189849987671135,0.5972000015865709,0.010798821817172647,0.018396005730071763,-0.5342244505882263,0.016590667888522148,0.07664001733064651,-0.5342244505882263,0.016590667888522148,0.07664001733064651,0.5794653296470642,0.005806733760982751,0.01916000433266163,0.07879366649304545,0.19999999999998863,20.50167511499771,none,0.08879576404503808,0.0,-0.009999999999999431,-2.097551993208713e-06
R04_head_on_lateral_offset,327,66.39999999999837,53.65093255791786,61.69421358030014,23.138865361992522,0.1748889084360267,-0.3482004758763329,0.5919338855457897,0.008638920800911682,0.01857104178163914,-0.5443690419197083,0.012107779271900654,0.07571084052324295,-0.5443690419197083,0.012107779271900654,0.07571084052324295,0.573378574848175,0.004237722745165228,0.018927710130810738,0.07784453499595025,0.19999999999998863,20.68837129958178,none,0.0878470124438131,0.0,-0.009999999999999431,-2.477447863424593e-06
R04_head_on_lateral_offset,328,66.59999999999836,53.76003727507735,61.713581787724806,23.178856120946996,0.17642378601429007,-0.344486190379949,0.5863867705499266,0.006845058628507,0.01857175911656516,-0.555264413356781,0.009113521315157413,0.07429288327693939,-0.555264413356781,0.009113521315157413,0.07429288327693939,0.5668413519859314,0.0031897324603050946,0.018573220819234848,0.0768870914349946,0.19999999999998863,20.87439246417017,none,0.08688968514103834,0.0,-0.009999999999999431,-2.5937060443129157e-06
R04_head_on_lateral_offset,329,66.79999999999835,53.86821112359194,61.73293758674516,23.21805521430372,0.17764224987153407,-0.34078577547066546,0.5806240253595083,0.005445095373363711,0.01844215802867663,-0.5661352872848511,0.007406888995319605,0.07271228730678558,-0.5661352872848511,0.007406888995319605,0.07271228730678558,0.5603188276290894,0.0025924111483618616,0.018178071826696396,0.07591721997886394,0.19999999999998863,21.059666544457254,none,0.0859196917144125,0.0,-0.009999999999999431,-2.4717355491195e-06
R04_head_on_lateral_offset,330,66.99999999999834,53.97542145246502,61.75224177111645,23.256460969007623,0.17862043971499947,-0.33712138058981717,0.5747176767851799,0.00441448064015046,0.018218637550036353,-0.5768225193023682,0.0066126068122684956,0.07105269283056259,-0.5768225193023682,0.0066126068122684956,0.07105269283056259,0.5539064884185791,0.0023144123842939734,0.017763173207640648,0.0749390777868927,0.19999999999998863,21.24412568624997,none,0.08494142982821629,0.0,-0.009999999999999431,-2.352041324161294e-06
R04_head_on_lateral_offset,331,67.19999999999833,54.08164647975315,61.771465775765,23.29407865001918,0.17942708201096477,-0.33350832966757793,0.5687358301635357,0.003705386821364222,0.017933372164956236,-0.5872356295585632,0.006458505522459745,0.0694083645939827,-0.5872356295585632,0.006458505522459745,0.0694083645939827,0.5476586222648621,0.002260476932860911,0.017352091148495674,0.07395778194683542,0.19999999999998863,21.427717413965418,none,0.08396000515539015,0.0,-0.009999999999999431,-2.2232085552961917e-06
R04_head_on_lateral_offset,332,67.39999999999831,54.18687476070324,61.79059036134662,23.330919147482852,0.18012001529017044,-0.3299563102999782,0.5627393540160679,0.00325768901775407,0.01761111042422351,-0.5973156690597534,0.006701205391436815,0.06781776994466782,-0.5973156690597534,0.006701205391436815,0.06781776994466782,0.541610598564148,0.002345421887002885,0.016954442486166954,0.07297843876002244,0.19999999999998863,21.610404812421155,none,0.08298052268184009,0.0,-0.009999999999999431,-2.083921818207702e-06
R04_head_on_lateral_offset,333,67.5999999999983,54.29113079823985,61.809605541716884,23.367006614843937,0.18065092827709783,-0.3264684777453303,0.5570469772406846,0.0021359839238092354,0.017291317928119304,-0.6050171256065369,-0.0004277080006431788,0.06655872613191605,-0.6050171256065369,-0.0004277080006431788,0.06655872613191605,0.5369897246360779,-0.0001496978002251126,0.01663968153297901,0.07202790158876805,0.19999999999998863,21.792165270629148,none,0.0820301359693758,0.0,-0.009999999999999431,-2.2343806083239923e-06
R04_head_on_lateral_offset,334,67.79999999999829,54.39446439868756,61.828495677111285,23.402372562803368,0.18091320696472266,-0.32303918700837864,0.551605743934861,0.0006023901342343454,0.017021895823684706,-0.6126109957695007,-0.0072074029594659805,0.06589159369468689,-0.6126109957695007,-0.0072074029594659805,0.06589159369468689,0.5324334025382995,-0.002522591035813093,0.016472898423671722,0.07113085565701349,0.19999999999998863,21.973014909673417,none,0.08113293718088244,0.0,-0.009999999999999431,-2.08152386950887e-06
R04_head_on_lateral_offset,335,67.99999999999828,54.49692464539743,61.847237146831326,23.437046264924433,0.1808523012814861,-0.3196669708503367,0.5464362769216492,-0.0010843194273177845,0.016722808045097445,-0.6196308135986328,-0.012918006628751755,0.06445344537496567,-0.6196308135986328,-0.012918006628751755,0.06445344537496567,0.5282215118408202,-0.004521302320063114,0.016113361343741417,0.07028990926308033,0.19999999999998863,22.1529924337193,none,0.08029158840522399,0.0,-0.009999999999999431,-1.6791421442275551e-06
R04_head_on_lateral_offset,336,68.19999999999827,54.598575243653485,61.86580695659877,23.47106178366625,0.18046967654629828,-0.3163670335173007,0.5416645327032196,-0.002625750077469911,0.0163078413816405,-0.6252480745315552,-0.016476286575198174,0.06184908002614975,-0.6252480745315552,-0.016476286575198174,0.06184908002614975,0.5248511552810669,-0.0057667003013193606,0.015462270006537437,0.06951714742415013,0.19999999999998863,22.332133164640002,none,0.07951816737805828,0.0,-0.009999999999999431,-1.0199539087186321e-06
R04_head_on_lateral_offset,337,68.39999999999826,54.6994809434969,61.88418529534039,23.50445505356981,0.1797952547173943,-0.31315915780547954,0.5371951170281821,-0.0040138471388492,0.01580854758124143,-0.6309216618537903,-0.019549576565623283,0.05916457623243332,-0.6309216618537903,-0.019549576565623283,0.05916457623243332,0.5214470028877258,-0.006842351797968149,0.01479114405810833,0.06881074676886294,0.19999999999998863,22.510487371177,none,0.07881172359416411,0.0,-0.009999999999999431,-9.768253017350403e-07
R04_head_on_lateral_offset,338,68.59999999999825,54.79969219967023,61.90235378357826,23.537258476731328,0.17886715913773726,-0.31005632805890326,0.5329782562646675,-0.005179270531079274,0.01526101731823062,-0.6364666223526001,-0.021582961082458496,0.0565812923014164,-0.6364666223526001,-0.021582961082458496,0.0565812923014164,0.5181200265884399,-0.0075540363788604735,0.0141453230753541,0.06815809064248476,0.19999999999998863,22.688108350723542,none,0.0781589217343921,0.0,-0.009999999999999431,-8.31091907898332e-07
R04_head_on_lateral_offset,339,68.79999999999824,54.89926262741331,61.92030070702282,23.569505483737082,0.17776670681103926,-0.3070481656090219,0.5291006553733336,-0.005779977375681536,0.014851474482309666,-0.6409369707107544,-0.02001151069998741,0.0560678206384182,-0.6409369707107544,-0.02001151069998741,0.0560678206384182,0.5154378175735473,-0.007004028744995594,0.01401695515960455,0.06755889564374302,0.19999999999998863,22.86503684811282,none,0.07755934998622038,0.0,-0.009999999999999431,-4.5434247793046947e-07
R04_head_on_lateral_offset,340,68.99999999999822,54.99826014770072,61.9380274509362,23.601231594424924,0.1765968323615126,-0.304113063499728,0.5256380818579424,-0.005909039675697236,0.01452421240024796,-0.644270658493042,-0.01763436570763588,0.05542942136526108,-0.644270658493042,-0.01763436570763588,0.05542942136526108,0.5134376049041748,-0.0061720279976725575,0.01385735534131527,0.06701925729482222,0.19999999999998863,23.04131958011425,none,0.07701960073174519,0.0,-0.009999999999999431,-3.434369235280621e-07
R04_head_on_lateral_offset,341,69.19999999999821,55.096765397426495,61.955547111105844,23.632473873677217,0.17544030129072025,-0.30123041588792454,0.5226581868725166,-0.00567398698678333,0.01431781957439291,-0.6464025974273682,-0.014842924661934376,0.05558902397751808,-0.6464025974273682,-0.014842924661934376,0.05558902397751808,0.5121584415435791,-0.005195023631677031,0.01389725599437952,0.06654505636996395,0.19999999999998863,23.21702190770641,none,0.07654530362555789,0.0,-0.009999999999999431,-2.4725559450324357e-07
R04_head_on_lateral_offset,342,69.3999999999982,55.19488178172948,61.97288436334358,23.66327317545653,0.17437427397865218,-0.29836781609707724,0.5203323660955859,-0.005034485455186536,0.014308854065741132,-0.6464378833770752,-0.010661093518137932,0.057162340730428696,-0.6464378833770752,-0.010661093518137932,0.057162340730428696,0.5121372699737549,-0.003731382731348276,0.014290585182607174,0.06615023970945452,0.19999999999998863,23.392225697616325,none,0.07615063899510233,0.0,-0.009999999999999431,-3.99285648369236e-07
R04_head_on_lateral_offset,343,69.59999999999819,55.292726011004056,61.99007241077047,23.693669911164633,0.17343579703581022,-0.29549273036268703,0.5186358799115767,-0.004398238031915669,0.014432671165743483,-0.6455695629119873,-0.008862189017236233,0.058739885687828064,-0.6455695629119873,-0.008862189017236233,0.058739885687828064,0.5126582622528076,-0.0031017661560326813,0.014684971421957016,0.06584285047623764,0.19999999999998863,23.5670387841198,none,0.0758429800499556,0.0,-0.009999999999999431,-1.2957371852142033e-07
R04_head_on_lateral_offset,344,69.79999999999818,55.39040340777813,62.007142811766535,23.723696866752615,0.17261680304089683,-0.2925810196102768,0.5174645162852584,-0.003834212594561819,0.01466679073329166,-0.6444380283355713,-0.007671161089092493,0.06057541072368622,-0.6444380283355713,-0.007671161089092493,0.06057541072368622,0.5133371829986573,-0.0026849063811823725,0.015143852680921555,0.06561282809449176,0.19999999999998863,23.74158448691362,none,0.0756129494558948,0.0,-0.009999999999999431,-1.2136140361010839e-07
R04_head_on_lateral_offset,345,69.99999999999817,55.48800358694209,62.02412235481808,23.753378617798095,0.1718902475656042,-0.2896148339225205,0.5167413543570191,-0.0034595783914745317,0.014972058099510688,-0.643011212348938,-0.00770340533927083,0.06237638741731644,-0.643011212348938,-0.00770340533927083,0.06237638741731644,0.5141932725906372,-0.00269619186874479,0.01559409685432911,0.06544879268152587,0.19999999999998863,23.915974096016534,none,0.07544889828873735,0.0,-0.009999999999999431,-1.0560721204762313e-07
R04_head_on_lateral_offset,346,70.19999999999816,55.585601476676764,62.04103151766236,23.782732729943305,0.17121727428691336,-0.28658324461496276,0.5163750912638589,-0.0032834306739301694,0.01531777801678581,-0.6415257453918457,-0.008355705998837948,0.06408898532390594,-0.6415257453918457,-0.008355705998837948,0.06408898532390594,0.5150845527648926,-0.0029244970995932814,0.016022246330976486,0.06534066526544802,0.19999999999998863,24.090301645689685,none,0.07534077656744387,0.0,-0.009999999999999431,-1.113019964147895e-07
R04_head_on_lateral_offset,347,70.39999999999814,55.68325723447034,62.057884103884085,23.811770589681533,0.1705585114694665,-0.28348137815225954,0.5162887577318551,-0.0033027420029284114,0.015674035437811058,-0.6400257349014282,-0.009548835456371307,0.06559990346431732,-0.6400257349014282,-0.009548835456371307,0.06559990346431732,0.5159845590591431,-0.0033420924097299575,0.01639997586607933,0.06527856688930068,0.19999999999998863,24.264644464888455,none,0.07527868601856014,0.0,-0.009999999999999431,-1.1912926001641026e-07
R04_head_on_lateral_offset,348,70.59999999999813,55.78100894102728,62.074684487855514,23.84049536811724,0.1698267827995489,-0.28029150843495787,0.5163168553845869,-0.003964656134140695,0.01618606964431723,-0.639306902885437,-0.015181224793195724,0.06891773641109467,-0.639306902885437,-0.015181224793195724,0.06891773641109467,0.5164158582687378,-0.005313428677618503,0.017229434102773666,0.06524707375388089,0.19999999999998863,24.439063089168005,none,0.07524793872477176,0.0,-0.009999999999999431,-8.649708914301724e-07
R04_head_on_lateral_offset,349,70.79999999999812,55.87887714725161,62.091423066230554,23.868901463756707,0.1689186840453785,-0.2769866087746952,0.5164073968529348,-0.005035613219863598,0.016815487634935837,-0.6387892961502075,-0.020622532814741135,0.07239217311143875,-0.6387892961502075,-0.020622532814741135,0.07239217311143875,0.5167264223098755,-0.007217886485159397,0.018098043277859688,0.06523939277815846,0.19999999999998863,24.61359323691114,none,0.07524023172735994,0.0,-0.009999999999999431,-8.389492020477451e-07
R04_head_on_lateral_offset,350,70.99999999999811,55.97690274449381,62.10808569088064,23.896986947719128,0.16778244398391942,-0.2735730522787427,0.5167957892352975,-0.006236292059970042,0.017284711830321042,-0.6363928318023682,-0.024808278307318687,0.07296337187290192,-0.6363928318023682,-0.024808278307318687,0.07296337187290192,0.5181643009185791,-0.00868289740756154,0.01824084296822548,0.06527456068655645,0.19999999999998863,24.78824835549305,none,0.07527503248205036,0.0,-0.009999999999999431,-4.717954944839092e-07
R04_head_on_lateral_offset,351,71.1999999999981,56.07515189813098,62.12466008219344,23.92475973469908,0.16642881904965515,-0.2700990170874318,0.5175268947192624,-0.007225407510633955,0.017443660127079673,-0.633161723613739,-0.026402609422802925,0.07107018679380417,-0.633161723613739,-0.026402609422802925,0.07107018679380417,0.5201029658317566,-0.009240913297981023,0.017767546698451042,0.06537196478119786,0.19999999999998863,24.963059868396922,none,0.07537229610322882,0.0,-0.009999999999999431,-3.3132203152291816e-07
R04_head_on_lateral_offset,352,71.39999999999809,56.17369259031021,62.14113751186096,23.952233301013763,0.16490894648036797,-0.2666085412087962,0.51859754339175,-0.007920898897595199,0.01745987643392584,-0.6293833255767822,-0.02668026089668274,0.06997168064117432,-0.6293833255767822,-0.02668026089668274,0.06997168064117432,0.5223700046539307,-0.009338091313838958,0.01749292016029358,0.06553062115303053,0.19999999999998863,25.138084969117514,none,0.07553093235498665,0.0,-0.009999999999999431,-3.112019566798435e-07
R04_head_on_lateral_offset,353,71.59999999999808,56.2726041171388,62.15751628560571,23.979426732692527,0.16327768045144014,-0.26311426125791065,0.5201392956546949,-0.008358759756538178,0.017481307790537467,-0.6240471601486206,-0.026431377977132797,0.07009991258382797,-0.6240471601486206,-0.026431377977132797,0.07009991258382797,0.5255717039108276,-0.009250982291996479,0.017524978145956993,0.0657559714325492,0.19999999999998863,25.31338486067693,none,0.07575654249350094,0.0,-0.009999999999999431,-5.710609523093546e-07
R04_head_on_lateral_offset,354,71.79999999999806,56.37197358105188,62.17380056789331,24.00636132037651,0.16157868541476864,-0.25962728804065255,0.52211841673537,-0.008612096577955338,0.017394934359790136,-0.6181801557540894,-0.0260809063911438,0.06887573003768921,-0.6181801557540894,-0.0260809063911438,0.06887573003768921,0.5290919065475463,-0.00912831723690033,0.017218932509422302,0.06605178142099485,0.19999999999998863,25.489034735614094,none,0.07605250228487037,0.0,-0.009999999999999431,-7.208638760861086e-07
R04_head_on_lateral_offset,355,71.99999999999805,56.4718733166865,62.1899937342043,24.033057073563214,0.15979397647179913,-0.2562134955258597,0.5244272061153359,-0.009191335529658494,0.01678868396641585,-0.6123961806297302,-0.029633263126015663,0.06221334636211395,-0.6123961806297302,-0.029633263126015663,0.06221334636211395,0.5325622916221618,-0.01037164209410548,0.015553336590528488,0.06640398075693939,0.19999999999998863,25.66511958295415,none,0.07640578997619585,0.0,-0.009999999999999431,-1.8092192570313276e-06
R04_head_on_lateral_offset,356,72.19999999999804,56.572318614307335,62.20608487110666,24.059528075339365,0.1578763604230314,-0.25297642942353094,0.5266080501209569,-0.009929211166445556,0.01566655228139158,-0.6095128059387207,-0.032665055245161057,0.05352000519633293,-0.6095128059387207,-0.032665055245161057,0.05352000519633293,0.5342923164367676,-0.01143276933580637,0.013380001299083233,0.06677142900134354,0.19999999999998863,25.841710411965696,none,0.07677329059721671,0.0,-0.009999999999999431,-1.8615958737425858e-06
R04_head_on_lateral_offset,357,72.39999999999803,56.67325768724943,62.22205111942465,24.08578148835064,0.15587378357731194,-0.25000026176898577,0.5284303686810728,-0.010084828397905836,0.014205261925766684,-0.6085810661315918,-0.029719792306423187,0.04491044953465462,-0.6085810661315918,-0.029719792306423187,0.04491044953465462,0.534851360321045,-0.010401927307248114,0.011227612383663654,0.06710103595735607,0.19999999999998863,26.018819662033742,none,0.07710270930058627,0.0,-0.009999999999999431,-1.6733432307605713e-06
R04_head_on_lateral_offset,358,72.59999999999802,56.77461168147205,62.23787637808201,24.111826007047643,0.1539279196384839,-0.24733467947772836,0.5298684919545087,-0.009423644513663204,0.012573543812797246,-0.6084403991699219,-0.023075314238667488,0.036994464695453644,-0.6084403991699219,-0.023075314238667488,0.036994464695453644,0.5349357604980469,-0.00807635998353362,0.009248616173863411,0.06736525013498872,0.19999999999998863,26.19639244766881,none,0.07736738676882737,0.0,-0.009999999999999431,-2.1366338392290322e-06
R04_head_on_lateral_offset,359,72.79999999999801,56.87630654216302,62.25356172694955,24.137676776819617,0.15219168082130777,-0.2449976396596638,0.5310267854165915,-0.008042816836312108,0.010921378316058085,-0.608153223991394,-0.014940356835722923,0.030219141393899918,-0.608153223991394,-0.014940356835722923,0.030219141393899918,0.5351080656051636,-0.005229124892503023,0.007554785348474979,0.06756074955595127,0.19999999999998863,26.374351198078138,none,0.07756299285609813,0.0,-0.009999999999999431,-2.243300147429239e-06
R04_head_on_lateral_offset,360,72.999999999998,56.97828318427216,62.26912574371629,24.16335454768829,0.15079073460304765,-0.24298233255316776,0.5319817676539503,-0.006112159280552142,0.00935011880172397,-0.6077555418014526,-0.006223106291145086,0.024593546986579895,-0.6077555418014526,-0.006223106291145086,0.024593546986579895,0.5353466749191285,-0.00217808720190078,0.006148386746644974,0.06769165817413984,0.19999999999998863,26.552629402589137,none,0.0776938140925516,0.0,-0.009999999999999431,-2.15591841233619e-06
R04_head_on_lateral_offset,361,73.19999999999798,57.08049496245063,62.28460052754358,24.188882376851524,0.14981071182141245,-0.24126512112617005,0.5327985599204046,-0.0038579673052294636,0.007929098007402864,-0.6072057485580444,0.002101045800372958,0.02013402059674263,-0.6072057485580444,0.002101045800372958,0.02013402059674263,0.5356765508651733,0.0007353660301305353,0.0050335051491856575,0.0677622246803048,0.19999999999998863,26.73118095128399,none,0.07776401430342972,0.0,-0.009999999999999431,-1.7896231254975308e-06
R04_head_on_lateral_offset,362,73.39999999999797,57.18291137444632,62.30002855405738,24.214284744731856,0.14931971846708625,-0.2398128078255062,0.533580501442176,-0.0012486321959246517,0.006687606398197847,-0.6061071753501892,0.011623917147517204,0.0166313499212265,-0.6061071753501892,0.011623917147517204,0.0166313499212265,0.5363356947898865,0.004068371001631021,0.004157837480306625,0.06778028028800769,0.19999999999998863,26.909975887972266,none,0.07778236350088008,0.0,-0.009999999999999431,-2.083212872967976e-06
R04_head_on_lateral_offset,363,73.59999999999796,57.285524198278985,62.3154634437436,24.239587430754312,0.14939193906300727,-0.23856661164226922,0.5344539885592104,0.0017451931160441755,0.005838363027659829,-0.604113757610321,0.022416189312934875,0.01643148995935917,-0.604113757610321,0.022416189312934875,0.01643148995935917,0.5375317454338073,0.007845666259527206,0.004107872489839792,0.0677599862058082,0.19999999999998863,27.08900264158194,none,0.07776239594174328,0.0,-0.009999999999999431,-2.409735935648555e-06
R04_head_on_lateral_offset,364,73.79999999999795,57.38836064534986,62.330971017843126,24.26481629550906,0.15006156350508945,-0.2374214459387823,0.5356449511551061,0.004726360309851236,0.005629068560902997,-0.6002644300460815,0.030860114842653275,0.02081036940217018,-0.6002644300460815,0.030860114842653275,0.02081036940217018,0.5398413419723511,0.010801040194928646,0.005202592350542545,0.06772636006518731,0.19999999999998863,27.2682739596182,none,0.0777284659009112,0.0,-0.009999999999999431,-2.1058357244583408e-06
R04_head_on_lateral_offset,365,73.99999999999794,57.491486982191205,62.346623170624234,24.289994322989674,0.15129121482578303,-0.23627699215960749,0.53730831216882,0.007370838221208962,0.0058024048501023745,-0.5947179794311523,0.03645557537674904,0.024622438475489616,-0.5947179794311523,0.03645557537674904,0.024622438475489616,0.5431692123413085,0.012759451381862163,0.006155609618872404,0.06770954792615354,0.19999999999998863,27.44783934240058,none,0.07771108000942561,0.0,-0.009999999999999431,-1.532083272644605e-06
R04_head_on_lateral_offset,366,74.19999999999793,57.5949784539049,62.36248835439707,24.315138434456422,0.1530312393379622,-0.23509504477369267,0.5393685759762545,0.009843074128987156,0.006002023707411161,-0.5889533758163452,0.0425163209438324,0.025635136291384697,-0.5889533758163452,0.0425163209438324,0.025635136291384697,0.5466279745101928,0.014880712330341338,0.006408784072846174,0.06771808974459453,0.19999999999998863,27.62778602466731,none,0.07771950952156459,0.0,-0.009999999999999431,-1.4197769706217335e-06
R04_head_on_lateral_offset,367,74.39999999999792,57.69889177563191,62.37862870669816,24.340259296323406,0.1552383668796006,-0.23387861347680805,0.541703878646493,0.012061033383297719,0.006151056628964622,-0.5834460258483887,0.047372959554195404,0.025818955153226852,-0.5834460258483887,0.047372959554195404,0.025818955153226852,0.5499323844909667,0.01658053584396839,0.006454738788306713,0.06773962860207818,0.19999999999998863,27.808207378986058,none,0.0777407076347103,0.0,-0.009999999999999431,-1.079032632703772e-06
R04_head_on_lateral_offset,368,74.5999999999979,57.80326056063165,62.395098807298034,24.365362846061856,0.15786787091136364,-0.23264613326550912,0.5441947087624662,0.014081708373265112,0.006172155276000231,-0.5783812999725342,0.05199773609638214,0.02486059069633484,-0.5783812999725342,0.05199773609638214,0.02486059069633484,0.5529712200164795,0.018199207633733748,0.00621514767408371,0.06775728428326183,0.19999999999998863,27.98917627888568,none,0.07775824345263516,0.0,-0.009999999999999431,-9.591693738988938e-07
R04_head_on_lateral_offset,369,74.7999999999979,57.90809547265501,62.411946401037525,24.39045209378196,0.16088837326367605,-0.2314278487968624,0.5467260437581576,0.01598022377435982,0.006022006169923176,-0.5739245414733887,0.0567108578979969,0.022864198312163353,-0.5739245414733887,0.0567108578979969,0.022864198312163353,0.5556452751159668,0.019848800264298916,0.005716049578040838,0.06775449261975033,0.19999999999998863,28.17074065466317,none,0.07775541385566953,0.0,-0.009999999999999431,-9.212359197628001e-07
R04_head_on_lateral_offset,370,74.99999999999788,58.01338850529549,62.429214406815525,24.41552903215085,0.16428397228491684,-0.2302514685305976,0.5492252864776673,0.0178359035869407,0.005761435724235154,-0.5699476003646851,0.06176341325044632,0.020921900868415833,-0.5699476003646851,0.06176341325044632,0.020921900868415833,0.558031439781189,0.021617194637656212,0.005230475217103958,0.06771722195742036,0.19999999999998863,28.35292413684621,none,0.07771812429533043,0.0,-0.009999999999999431,-9.023379106330027e-07
R04_head_on_lateral_offset,371,75.19999999999787,58.11912764804965,62.44694446262768,24.440596730185472,0.16804475481428588,-0.22911807177036955,0.5517258266300644,0.019636230789707745,0.005585771700472657,-0.5657724142074585,0.06658494472503662,0.02091129496693611,-0.5657724142074585,0.06658494472503662,0.02091129496693611,0.560536551475525,0.023304730653762817,0.005227823741734028,0.06764211524765239,0.19999999999998863,28.535730985075947,none,0.07764292883680568,0.0,-0.009999999999999431,-8.135891538621487e-07
R04_head_on_lateral_offset,372,75.39999999999786,58.22530816255005,62.46517835571888,24.465658949228935,0.17214657365271935,-0.22801491367944182,0.5542696426000915,0.02125960374440204,0.005455618847801224,-0.5612785816192627,0.07019293308258057,0.020761633291840553,-0.5612785816192627,0.07019293308258057,0.020761633291840553,0.5632328510284423,0.024567526578903195,0.005190408322960138,0.06753474437294,0.19999999999998863,28.719161263848843,none,0.07753540906313816,0.0,-0.009999999999999431,-6.646901987179127e-07
R04_head_on_lateral_offset,373,75.59999999999785,58.33193216401948,62.48395647543128,24.490719814616376,0.1765628921152268,-0.22692937531578725,0.5568841357780309,0.02278835842333382,0.005403679467236613,-0.5565060377120972,0.07400994002819061,0.021191373467445374,-0.5565060377120972,0.07400994002819061,0.021191373467445374,0.5660963773727417,0.02590347900986671,0.005297843366861343,0.06740078126695306,0.19999999999998863,28.90322182246998,none,0.07740153189483223,0.0,-0.009999999999999431,-7.506278797437399e-07
R04_head_on_lateral_offset,374,75.79999999999784,58.43898458085061,62.50331330430544,24.515771632964114,0.18124409174356726,-0.22568190958664708,0.5593562070161396,0.02393706005490516,0.00695412083779746,-0.5532222986221313,0.0750792920589447,0.040453728288412094,-0.5532222986221313,0.0750792920589447,0.040453728288412094,0.5680666208267211,0.026277752220630644,0.010113432072103024,0.06722348255920885,0.19999999999998863,29.087925396893276,none,0.07723114185459679,0.0,-0.009999999999999431,-7.659295388509347e-06
R04_head_on_lateral_offset,375,75.99999999999783,58.546538071855295,62.52328643976797,24.540793796165538,0.18594674916439402,-0.22393218693563274,0.5626650745596029,0.023148916634898677,0.010291562239736884,-0.5427933931350708,0.06155122444033623,0.06836886703968048,-0.5427933931350708,0.06155122444033623,0.06836886703968048,0.5743239641189575,0.021542928554117678,0.01709221675992012,0.06707780338335423,0.19999999999998863,29.2732648704008,none,0.07709922389644674,0.0,-0.009999999999999431,-2.1420513093085016e-05
R04_head_on_lateral_offset,376,76.19999999999781,58.654815345398134,62.543902807823855,24.565756385826717,0.19022791100945424,-0.22130715971521686,0.5672584877157602,0.019907042341746103,0.015561513025040424,-0.5275941491127014,0.038003209978342056,0.10520005226135254,-0.5275941491127014,0.038003209978342056,0.10520005226135254,0.5834435105323792,0.01330112349241972,0.026300013065338135,0.06709628611458378,0.19999999999998863,29.459314488621494,none,0.07713912735875894,0.0,-0.009999999999999431,-4.284124417573865e-05
R04_head_on_lateral_offset,377,76.3999999999978,58.7641657023509,62.565159444101354,24.59060710306148,0.19351338563449746,-0.21739586462595675,0.573789908759029,0.013435467429247104,0.022991442990505966,-0.5053274035453796,0.0007098166970536113,0.15252520143985748,-0.5053274035453796,0.0007098166970536113,0.15252520143985748,0.5968035578727722,0.00024843584396876394,0.03813130035996437,0.06739269638021891,0.19999999999998863,29.64628489659049,none,0.07747522187792555,0.0,-0.009999999999999431,-8.252549770720883e-05
R04_head_on_lateral_offset,378,76.59999999999779,58.87504591076562,62.58700309818437,24.615252830448256,0.19513059185666123,-0.21165833234766565,0.5824781693918394,0.0034864533936901057,0.03358541092417722,-0.47818082571029663,-0.047961439937353134,0.22069032490253448,-0.47818082571029663,-0.047961439937353134,0.22069032490253448,0.613091504573822,-0.016786503978073596,0.05517258122563362,0.06807365150371365,0.19999999999998863,29.834493629125134,none,0.0782286977430573,0.0,-0.009999999999999431,-0.00015504623934421003
R04_head_on_lateral_offset,379,76.79999999999778,58.987981334566015,62.6093011583973,24.639529150841,0.19415274423771064,-0.20356493641932244,0.5934828701212318,-0.012090864891033618,0.046383922707856365,-0.446236252784729,-0.12523581087589264,0.289853036403656,-0.446236252784729,-0.12523581087589264,0.289853036403656,0.6322582483291626,-0.04383253380656242,0.072463259100914,0.0692726644436008,0.19999999999998863,30.024338593959467,none,0.07950816973971087,0.0,-0.009999999999999431,-0.0002355052961106255
R04_head_on_lateral_offset,380,76.99999999999777,59.1033846160616,62.631775789393494,24.663155970516318,0.1899016939081815,-0.19245953967667898,0.6051914395856784,-0.029135018151576788,0.06338841380852216,-0.4225884675979614,-0.18247324228286743,0.3921528458595276,-0.4225884675979614,-0.18247324228286743,0.3921528458595276,0.6464469194412231,-0.0638656347990036,0.0980382114648819,0.07102634295364932,0.19999999999998863,30.21624866007138,none,0.08131235479990906,0.0,-0.009999999999999431,-0.0002860118462603056
R04_head_on_lateral_offset,381,77.19999999999776,59.22162396034303,62.65405704826597,24.685719888829983,0.18187299090518647,-0.1775733738867098,0.6183800356634247,-0.049608893020792626,0.08392537073032325,-0.3919159471988678,-0.26093772053718567,0.503092885017395,-0.3919159471988678,-0.26093772053718567,0.503092885017395,0.6648504316806794,-0.09132820218801498,0.12577322125434875,0.07328903089263963,0.19999999999998863,30.41048708629759,none,0.08367713429551316,0.0,-0.009999999999999431,-0.00038810340287408706
R04_head_on_lateral_offset,382,77.39999999999775,59.34337725332826,62.67575247862807,24.706743144778525,0.17027679703292453,-0.1584548260220796,0.6353015530565355,-0.06517948776394727,0.10562463154555748,-0.34179165959358215,-0.2768784463405609,0.5993635654449463,-0.34179165959358215,-0.2768784463405609,0.5993635654449463,0.6949250042438506,-0.09690745621919632,0.14984089136123657,0.07664771901786459,0.19999999999998863,30.607230064852427,none,0.08688841091500521,0.0,-0.009999999999999431,-0.00024069189714118978
R04_head_on_lateral_offset,383,77.59999999999773,59.47041684413597,62.69668729767565,24.725812297815068,0.1560630197680455,-0.1349518423470124,0.6649174241596304,-0.07613273693845103,0.12773848121393203,-0.21788367629051208,-0.2812914550304413,0.6911981701850891,-0.21788367629051208,-0.2812914550304413,0.6911981701850891,0.7692697942256927,-0.09845200926065445,0.17279954254627228,0.08125986368085833,0.19999999999998863,30.806932223338578,none,0.09173598883285194,0.0,-0.009999999999999431,-0.00047612515199418225
R04_head_on_lateral_offset,384,77.79999999999772,59.60612792891423,62.71690975128498,24.74253010171112,0.1395155099113195,-0.10701094657587042,0.7150236979167788,-0.08841653037254388,0.14999313972390943,-0.014042352326214314,-0.32413437962532043,0.7813645005226135,-0.014042352326214314,-0.32413437962532043,0.7813645005226135,0.8915745886042714,-0.11344703286886214,0.19534112513065338,0.08840204131796361,0.19999999999998863,31.011158545798125,none,0.09943237669136096,0.0,-0.009999999999999431,-0.0010303353733979175
R04_head_on_lateral_offset,385,77.99999999999771,59.75487099406567,62.73631231402083,24.756226116040594,0.11935155073414666,-0.07480338076470877,0.7879033730217393,-0.11148443049010671,0.17053432624161607,0.24116165935993195,-0.4528272747993469,0.8495631814002991,0.24116165935993195,-0.4528272747993469,0.8495631814002991,1.044696995615959,-0.1584895461797714,0.21239079535007477,0.09916491105227629,0.19999999999998863,31.223069618697608,none,0.11089175123072437,0.0,-0.009999999999999431,-0.001726840178448641
R04_head_on_lateral_offset,386,78.1999999999977,59.91908294788612,62.75401913346789,24.76563051381149,0.09516492140284721,-0.03879455677393658,0.8629983411460379,-0.1290573866226204,0.18822087590525907,0.3793293535709381,-0.4710443913936615,0.8970419764518738,0.3793293535709381,-0.4710443913936615,0.8970419764518738,1.1275976121425628,-0.1648655369877815,0.22426049411296844,0.11456900392136647,0.19999999999998863,31.44666907785873,none,0.12500253214216883,0.0,-0.009999999999999431,-0.0004335282208029279
R04_head_on_lateral_offset,387,78.39999999999769,60.098344782854355,62.768849816456395,24.769126915169497,0.07069126267459912,-0.0002163751479020374,0.93293950014863,-0.11661684597581659,0.19690631739600312,0.46563196182250977,-0.26076269149780273,0.8584180474281311,0.46563196182250977,-0.26076269149780273,0.8584180474281311,1.1793791770935058,-0.09126694202423095,0.21460451185703278,0.12856114670434576,0.19999999999998863,31.68384476926014,none,0.13962431353225213,0.0,-0.009999999999999431,-0.0010631668279069474
R04_head_on_lateral_offset,388,78.59999999999768,60.29026906827825,62.78038260951129,24.765327186141032,0.05068099099853634,0.03949999091377863,0.9877115973431477,-0.08580794223660416,0.20002247777065815,0.46783775091171265,-0.06579742580652237,0.8254889249801636,0.46783775091171265,-0.06579742580652237,0.8254889249801636,1.1807026505470275,-0.023029099032282827,0.2063722312450409,0.14192765621232392,0.19999999999998863,31.93366648593097,none,0.15270966916105877,0.0,-0.009999999999999431,-0.0007820129487354166
R04_head_on_lateral_offset,389,78.79999999999767,60.49136335196165,62.78908511770299,24.75337659088724,0.037174120639385626,0.07852411908899812,1.0269456518959796,-0.051822266559010316,0.19090592021935246,0.44197994470596313,0.04979953542351723,0.689316987991333,0.44197994470596313,0.04979953542351723,0.689316987991333,1.1651879668235778,0.017429837398231028,0.17232924699783325,0.152147987653411,0.19999999999998863,32.19361641691328,none,0.1627994692536241,0.0,-0.009999999999999431,-0.0006514816002136684
R04_head_on_lateral_offset,390,78.99999999999766,60.69911820978866,62.796000429034,24.73316029858218,0.03079904393576534,0.11438390122605935,1.0601083077544309,-0.014724559898595927,0.1693189166752105,0.46159645915031433,0.17391109466552734,0.5013256072998047,0.46159645915031433,0.17391109466552734,0.5013256072998047,1.1769578754901886,0.060868883132934565,0.12533140182495117,0.1592410261575313,0.19999999999998863,32.460474118355954,none,0.17026361107734544,0.0,-0.009999999999999431,-0.0010225849198147112
R04_head_on_lateral_offset,391,79.19999999999764,60.91404714648421,62.80257640467155,24.705014323000427,0.03172425465924584,0.14436239846616208,1.1064254937838731,0.021264189944840715,0.13318916057591396,0.6160423755645752,0.27027979493141174,0.23827238380908966,0.6160423755645752,0.27027979493141174,0.23827238380908966,1.2696254253387451,0.09459792822599411,0.059568095952272415,0.16520705136792352,0.19999999999998863,32.732216300409334,none,0.1772538006854596,0.0,-0.009999999999999431,-0.002046749317536656
R04_head_on_lateral_offset,392,79.39999999999763,61.137309092021354,62.81034264549008,24.669775015406017,0.03874785222832788,0.16699648432861805,1.153023796458583,0.0470298260892923,0.09595782881300768,0.695357084274292,0.2843773663043976,0.08036839962005615,0.695357084274292,0.2843773663043976,0.08036839962005615,1.3172142505645752,0.09953207820653914,0.020092099905014038,0.17347764756723838,0.19999999999998863,33.009854093645075,none,0.18410611222241968,0.0,-0.009999999999999431,-0.000628464655181884
R04_head_on_lateral_offset,393,79.59999999999762,61.367895829898615,62.82048727038449,24.62885978746132,0.04966718791410974,0.18253958796512137,1.1893801478640793,0.06110284531049439,0.062030328100731974,0.6958046555519104,0.2565120756626129,-0.02841293439269066,0.6958046555519104,0.2565120756626129,-0.02841293439269066,1.3174827933311462,0.08977922648191451,-0.007103233598172665,0.17883699603598457,0.19999999999998863,33.29509441483318,none,0.18908919710342786,0.0,-0.009999999999999431,-0.00025220106744384935
R04_head_on_lateral_offset,394,79.79999999999761,61.60424949641717,62.83375978448021,24.583858294617926,0.06279810673289037,0.1921615536444915,1.2189091725642773,0.06956830032983163,0.03614063829196045,0.7049258947372437,0.24805209040641785,-0.0664575845003128,0.7049258947372437,0.24805209040641785,-0.0664575845003128,1.3229555368423462,0.08681823164224624,-0.0166143961250782,0.18191857827173394,0.19999999999998863,33.58755370098833,none,0.19195062154686582,0.0,-0.009999999999999431,-3.2043275132449814e-05
R04_head_on_lateral_offset,395,79.9999999999976,61.84483220306996,62.850613414622835,24.53616342488804,0.07722706179717007,0.19772463806361792,1.2386177169282044,0.07436009227341578,0.020657195204511494,0.6801022291183472,0.2403550148010254,-0.043572742491960526,0.6801022291183472,0.2403550148010254,-0.043572742491960526,1.3080613374710084,0.08412425518035888,-0.010893185622990131,0.18288590954722697,0.19999999999998863,33.88620145052971,none,0.19290989305405404,0.0,-0.009999999999999431,-2.3983506827623124e-05
R04_head_on_lateral_offset,396,80.19999999999759,62.087789279738416,62.871229932939976,24.4868548798879,0.09204447704501577,0.20105514551111037,1.2485942132099463,0.07385233029731667,0.013209233223073179,0.6395778059959412,0.20805048942565918,-0.007869470864534378,0.6395778059959412,0.20805048942565918,-0.007869470864534378,1.2837466835975646,0.0728176712989807,-0.0019673677161335945,0.181858780264126,0.19999999999998863,34.18989350175224,none,0.1919379909608061,0.0,-0.009999999999999431,-7.921069668066494e-05
R04_head_on_lateral_offset,397,80.39999999999758,62.33163270302514,62.89549766144073,24.4365853697938,0.10608324586883923,0.2035618735357507,1.252740498569218,0.06704818717472089,0.011952748458539646,0.6122500896453857,0.1519528180360794,0.03756971284747124,0.6122500896453857,0.1519528180360794,0.03756971284747124,1.2673500537872313,0.05318348631262779,0.00939242821186781,0.1794800315569883,0.19999999999998863,34.497048293646785,none,0.1895992010016414,0.0,-0.009999999999999431,-0.00011916944465366175
R04_head_on_lateral_offset,398,80.59999999999756,62.57539033589442,62.92300868291859,24.38561397138871,0.11825853177407104,0.2063036889045057,1.2527234278274078,0.05556979958123342,0.015219211449333527,0.5877721309661865,0.09194417297840118,0.08750093728303909,0.5877721309661865,0.09194417297840118,0.08750093728303909,1.2526632785797118,0.03218046054244041,0.021875234320759773,0.1764400984018285,0.19999999999998863,34.806284242600704,none,0.1865739651041558,0.0,-0.009999999999999431,-0.00013386670232788084
R04_head_on_lateral_offset,399,80.79999999999755,62.81816177218368,62.9530988606712,24.33398500249576,0.12784413770083533,0.20987843045568239,1.24770147496444,0.04135744673923569,0.020156109365141967,0.5500108003616333,0.03542042151093483,0.12086381018161774,0.5500108003616333,0.03542042151093483,0.12086381018161774,1.23000648021698,0.01239714752882719,0.030215952545404434,0.1730210531215457,0.19999999999998863,35.11657531861617,none,0.1831357317986857,0.0,-0.009999999999999431,-0.00011467867714057972
R04_head_on_lateral_offset,400,80.99999999999754,63.05922331148312,62.98499067789671,24.281641230885544,0.13475326201933358,0.21432601548960065,1.239988155056304,0.028688645774308283,0.024027921912299507,0.521350085735321,0.008210340514779091,0.1276698261499405,0.521350085735321,0.008210340514779091,0.1276698261499405,1.2128100514411926,0.0028736191801726815,0.03191745653748512,0.16950806411586544,0.19999999999998863,35.42686794250706,none,0.17954022705434625,0.0,-0.009999999999999431,-3.2162938481386585e-05
R04_head_on_lateral_offset,401,81.19999999999753,63.29804697032693,63.01797443698855,24.228534932680883,0.1393284813697472,0.21940054446624876,1.2292257403308138,0.017878323272586982,0.026528870968509505,0.4855067729949951,-0.011856312863528728,0.12650007009506226,0.4855067729949951,-0.011856312863528728,0.12650007009506226,1.191304063796997,-0.0041497095022350544,0.031625017523765564,0.16589418296087513,0.19999999999998863,35.73623745166979,none,0.17592795860037924,0.0,-0.009999999999999431,-3.377563950467776e-05
R04_head_on_lateral_offset,402,81.39999999999752,63.534230017055954,63.051445218695555,24.17467496038288,0.14186934059021544,0.2247508509927563,1.2168383876579538,0.0082555395112779,0.026942982640979347,0.4553186595439911,-0.03243618085980415,0.11114724725484848,0.4553186595439911,-0.03243618085980415,0.11114724725484848,1.1731911957263945,-0.011352663300931452,0.02778681181371212,0.16231669630417916,0.19999999999998863,36.04396962757878,none,0.17234810755077135,0.0,-0.009999999999999431,-3.1411246592756036e-05
R04_head_on_lateral_offset,403,81.59999999999751,63.76768299085828,63.0849157709446,24.120098681347145,0.14261847371162512,0.23004172236964635,1.2044721358505324,-0.00013203557157783602,0.026034224368057086,0.4348321557044983,-0.0492093488574028,0.09672984480857849,0.4348321557044983,-0.0492093488574028,0.09672984480857849,1.160899293422699,-0.01722327210009098,0.024182461202144623,0.1589674162632113,0.19999999999998863,36.34950798795306,none,0.1689855942131615,0.0,-0.009999999999999431,-1.817794995077865e-05
R04_head_on_lateral_offset,404,81.7999999999975,63.99848087179665,63.11799475192463,24.06486971395921,0.14181923111899322,0.2350860141047306,1.1921908568892112,-0.00731872830260245,0.02452262262119712,0.41486236453056335,-0.06275127083063126,0.08576981723308563,0.41486236453056335,-0.06275127083063126,0.08576981723308563,1.148917418718338,-0.021962944790720938,0.021442454308271408,0.15590139671254763,0.19999999999998863,36.652633066857724,none,0.16591544268084135,0.0,-0.009999999999999431,-1.4045968294302824e-05
R04_head_on_lateral_offset,405,81.99999999999748,64.22675203819968,63.15036854363925,24.009065985350432,0.13971796716318127,0.23980182447382511,1.1804888147926518,-0.01324708980671952,0.02276774634406764,0.3987605571746826,-0.07236349582672119,0.0767674446105957,0.3987605571746826,-0.07236349582672119,0.0767674446105957,1.1392563343048094,-0.025327223539352416,0.019191861152648926,0.15312710551142847,0.19999999999998863,36.95331344837216,none,0.1631357596270746,0.0,-0.009999999999999431,-8.654115646710148e-06
R04_head_on_lateral_offset,406,82.19999999999747,64.45267276486715,63.18182100264303,23.95275207028289,0.1368662440715843,0.24425511611525472,1.1695128931074328,-0.01512835024290744,0.021835438262767487,0.3847315311431885,-0.05417647585272789,0.07974275201559067,0.3847315311431885,-0.05417647585272789,0.07974275201559067,1.1308389186859131,-0.01896176654845476,0.019935688003897667,0.1506187529018264,0.19999999999998863,37.251592689230264,none,0.16062948157624746,0.0,-0.009999999999999431,-1.0728674421619789e-05
R04_head_on_lateral_offset,407,82.39999999999746,64.67617598005688,63.212259932073415,23.896008718285415,0.1338441387753467,0.2486552048393329,1.1570187644769259,-0.01509520116981666,0.022142319309894264,0.35499224066734314,-0.04293615370988846,0.09107058495283127,0.35499224066734314,-0.04293615370988846,0.09107058495283127,1.112995344400406,-0.015027653798460959,0.022767646238207817,0.14811312634870427,0.19999999999998863,37.547585832901774,none,0.15813590814948242,0.0,-0.009999999999999431,-2.2781800778710893e-05
R04_head_on_lateral_offset,408,82.59999999999745,64.8971788700735,63.24168860149411,23.838872855631646,0.1309596190596134,0.2530934607656481,1.1451260782144583,-0.013844278227402787,0.02223337692766947,0.33870309591293335,-0.03227226063609123,0.08967569470405579,0.33870309591293335,-0.03227226063609123,0.08967569470405579,1.10322185754776,-0.011295291222631931,0.022418923676013947,0.14558687331281886,0.19999999999998863,37.841209208894284,none,0.1555944933242408,0.0,-0.009999999999999431,-7.6200114225125075e-06
R04_head_on_lateral_offset,409,82.79999999999744,65.11585575001197,63.27019416881966,23.781313225536092,0.12833393156607614,0.2575393565919989,1.1345252960496404,-0.012512939869170642,0.02222612771037557,0.32862189412117004,-0.02800026163458824,0.08884542435407639,0.32862189412117004,-0.02800026163458824,0.08884542435407639,1.097173136472702,-0.009800091572105884,0.022211356088519096,0.14315164649313894,0.19999999999998863,38.132384310372586,none,0.15315405789221614,0.0,-0.009999999999999431,-2.411399077782983e-06
R04_head_on_lateral_offset,410,82.99999999999743,65.33247218317489,63.297869954936715,23.723277209788726,0.12580396288897272,0.2619746861744909,1.1254780514761589,-0.012767556416516983,0.022134103957846183,0.32266637682914734,-0.03796109929680824,0.08778635412454605,0.32266637682914734,-0.03796109929680824,0.08778635412454605,1.0935998260974884,-0.013286384753882885,0.021946588531136513,0.1408727575329166,0.19999999999998863,38.42129471001568,none,0.150875473694974,0.0,-0.009999999999999431,-2.716162057995186e-06
R04_head_on_lateral_offset,411,83.19999999999742,65.54730877680747,63.324758214528536,23.664711407793984,0.12319051290207067,0.2663651672986808,1.1178221258080263,-0.013324933837126776,0.021796176894803388,0.31807708740234375,-0.04131626710295677,0.08443035185337067,0.31807708740234375,-0.04131626710295677,0.08443035185337067,1.0908462524414062,-0.014460693486034869,0.021107587963342667,0.13879514284978697,0.19999999999998863,38.70821178406739,none,0.1487960144793803,0.0,-0.009999999999999431,-8.716295938904217e-07
R04_head_on_lateral_offset,412,83.3999999999974,65.76054242256434,63.350867943527426,23.605596939482233,0.12046524084826869,0.2706774522448729,1.1106304074059665,-0.013885534173869238,0.021359579011601185,0.30881696939468384,-0.042936746031045914,0.08187972009181976,0.30881696939468384,-0.042936746031045914,0.08187972009181976,1.0852901816368103,-0.015027861110866068,0.02046993002295494,0.13684847066864783,0.19999999999998863,38.993408987600084,none,0.14685036829784437,0.0,-0.009999999999999431,-1.8976291971040116e-06
R04_head_on_lateral_offset,413,83.5999999999974,65.97238196980857,63.37621503498652,23.54591243007752,0.11771319883309223,0.27483742226106084,1.105050905878375,-0.013652453315317867,0.020318581295995907,0.3089856207370758,-0.03765002265572548,0.07278942316770554,0.3089856207370758,-0.03765002265572548,0.07278942316770554,1.0853913724422455,-0.013177507929503916,0.018197355791926384,0.13505094256785277,0.19999999999998863,39.277055466897146,none,0.14505315479556202,0.0,-0.009999999999999431,-2.2122277098202136e-06
R04_head_on_lateral_offset,414,83.79999999999738,66.18316150078171,63.4008517982613,23.485617312578288,0.11500476008186812,0.27877801714339745,1.1012677914839828,-0.013447389858775733,0.019173660379503413,0.3132297992706299,-0.037227243185043335,0.06736268848180771,0.3132297992706299,-0.037227243185043335,0.06736268848180771,1.087937879562378,-0.013029535114765166,0.016840672120451927,0.13346541776493437,0.19999999999998863,39.559353281963354,none,0.14346637058979894,0.0,-0.009999999999999431,-9.52824865132762e-07
R04_head_on_lateral_offset,415,83.99999999999737,66.39316363592586,63.42482918421983,23.424689009609196,0.11238864517775278,0.2824771819177955,1.0985888341501457,-0.012765177616033867,0.017913003269924975,0.31524908542633057,-0.03250012546777725,0.061376724392175674,0.31524908542633057,-0.03250012546777725,0.061376724392175674,1.0891494512557982,-0.011375043913722037,0.015344181098043919,0.13204149535086426,0.19999999999998863,39.84063339324407,none,0.14204274044935516,0.0,-0.009999999999999431,-1.2450984914771924e-06
R04_head_on_lateral_offset,416,84.19999999999736,66.60251809713277,63.44819893349908,23.36314974170979,0.11000407112773515,0.2859247151000594,1.0961246148549144,-0.011198633534150347,0.01665699413932672,0.3124031126499176,-0.022875742986798286,0.05639057233929634,0.3124031126499176,-0.022875742986798286,0.05639057233929634,1.0874418675899504,-0.0080065100453794,0.014097643084824085,0.13065717318658257,0.19999999999998863,40.121179099984396,none,0.14065968498681158,0.0,-0.009999999999999431,-2.511800229573827e-06
R04_head_on_lateral_offset,417,84.39999999999735,66.81121341744489,63.471028735605096,23.301059271981455,0.10799514692913184,0.2891516635804663,1.093305114588269,-0.009052372454380658,0.015685697435313683,0.3056175410747528,-0.01336848083883524,0.054826002568006516,0.3056175410747528,-0.01336848083883524,0.054826002568006516,1.0833705246448517,-0.004678968293592333,0.013706500642001629,0.12919509232539136,0.19999999999998863,40.40113054020581,none,0.13919786992326522,0.0,-0.009999999999999431,-2.7775978744201855e-06
R04_head_on_lateral_offset,418,84.59999999999734,67.01918445584096,63.49340264727768,23.238479408140496,0.10642884376506316,0.29224266983430613,1.0901620075546286,-0.006781793076587741,0.015256698791793644,0.2984786331653595,-0.006157335359603167,0.05753013864159584,0.2984786331653595,-0.006157335359603167,0.05753013864159584,1.0790871798992157,-0.002155067375861108,0.01438253466039896,0.12760525933207492,0.19999999999998863,40.68049837038823,none,0.13760746487161768,0.0,-0.009999999999999431,-2.2055395433186926e-06
R04_head_on_lateral_offset,419,84.79999999999733,67.22631758587539,63.51540295858299,23.175461486297113,0.10527443433601205,0.2953408820083704,1.0862448697094833,-0.004903842607570449,0.01569257118467389,0.28740453720092773,-0.00307763135060668,0.06632296741008759,0.28740453720092773,-0.00307763135060668,0.06632296741008759,1.0724427223205566,-0.0010771709727123379,0.016580741852521896,0.12585424650749844,0.19999999999998863,40.95924488089603,none,0.13585843518781715,0.0,-0.009999999999999431,-4.188680319289779e-06
R04_head_on_lateral_offset,420,84.99999999999731,67.43244903302691,63.5370919003578,23.11203952803766,0.10444409165128381,0.2985789626460349,1.0815324061434661,-0.0035050141400390176,0.01661845146379581,0.2748798429965973,-0.001870406442321837,0.07402041554450989,0.2748798429965973,-0.001870406442321837,0.07402041554450989,1.0649279057979584,-0.0006546422548126429,0.018505103886127472,0.1239311846277533,0.19999999999998863,41.23728338260614,none,0.13393553614904619,0.0,-0.009999999999999431,-4.351521293465867e-06
R04_head_on_lateral_offset,421,85.1999999999973,67.63741703849311,63.55851578911724,23.04823023877576,0.1039003483144675,0.30198133089458884,1.0760953388833516,-0.0020426386747036916,0.01735008750906919,0.2615627944469452,0.0026777770835906267,0.07536372542381287,0.2615627944469452,0.0026777770835906267,0.07536372542381287,1.056937676668167,0.0009372219792567192,0.018840931355953217,0.12185334586891053,0.19999999999998863,41.51447163578923,none,0.13185734255364778,0.0,-0.009999999999999431,-3.996684737820112e-06
R04_head_on_lateral_offset,422,85.39999999999729,67.84108950171665,63.57972251939105,22.98404961525257,0.1036509391945146,0.30548280281513635,1.070143597659749,-0.0005629749871681944,0.017642586040534657,0.24862077832221985,0.007006038911640644,0.07295442372560501,0.24862077832221985,0.007006038911640644,0.07295442372560501,1.0491724669933318,0.002452113619074225,0.018238605931401253,0.11964168260345022,0.19999999999998863,41.79066350465109,none,0.1296455232907796,0.0,-0.009999999999999431,-3.840687329955858e-06
R04_head_on_lateral_offset,423,85.59999999999728,68.0433740512342,63.600766397954466,22.91952430051177,0.10373418462189697,0.30894897794421594,1.0638230359827898,0.0012581693533223292,0.01706285933445936,0.23592059314250946,0.014197394251823425,0.06352623552083969,0.23592059314250946,0.014197394251823425,0.06352623552083969,1.0415523558855055,0.0049690879881381985,0.015881558880209923,0.11731605988664669,0.19999999999998863,42.065741385183884,none,0.12732209790720717,0.0,-0.009999999999999431,-6.038020561043734e-06
R04_head_on_lateral_offset,424,85.79999999999727,68.24427837299945,63.62172149190861,22.854684070634285,0.10419607299387741,0.312227122713698,1.0579156784484387,0.003213351974550543,0.015812805123811745,0.228501558303833,0.020563995465636253,0.053062353283166885,0.228501558303833,0.020563995465636253,0.053062353283166885,1.0371009349822997,0.007197398412972688,0.013265588320791721,0.11493390496406276,0.19999999999998863,42.339627962735314,none,0.12493800633447094,0.0,-0.009999999999999431,-4.101370408742047e-06
R04_head_on_lateral_offset,425,85.99999999999726,68.44393168290125,63.64267771347471,22.78954615507964,0.10503298542803124,0.3152281631242031,1.0528575577108163,0.005019632729845778,0.01431080494788584,0.22505854070186615,0.02485789731144905,0.04500080645084381,0.22505854070186615,0.02485789731144905,0.04500080645084381,1.0350351244211196,0.008700264059007166,0.011250201612710953,0.11255759885847233,0.19999999999998863,42.61234732142218,none,0.12255950446848374,0.0,-0.009999999999999431,-1.9056100119733273e-06
R04_head_on_lateral_offset,426,86.19999999999725,68.64245986467364,63.66371322614629,22.724145458209644,0.10612602813178543,0.31783757609574437,1.0481543295458438,0.0058483349068806385,0.011960469857218806,0.2193039506673813,0.02153419703245163,0.028684908524155617,0.2193039506673813,0.02153419703245163,0.028684908524155617,1.0315823704004288,0.00753696896135807,0.007171227131038904,0.11017942332362624,0.19999999999998863,42.884043888318466,none,0.12018563073992894,0.0,-0.009999999999999431,-6.207416303274163e-06
R04_head_on_lateral_offset,427,86.39999999999723,68.84000695673771,63.684885584546635,22.658548932149895,0.10747517292665491,0.3198067053495821,1.0442996393111807,0.007517321300236848,0.008027268617387976,0.2178625464439392,0.03119482845067978,5.0572678446769714e-05,0.2178625464439392,0.03119482845067978,5.0572678446769714e-05,1.0307175278663634,0.010918189957737922,1.2643169611692429e-05,0.10781582132277738,0.19999999999998863,43.15485695997377,none,0.11783412793547399,0.0,-0.009999999999999431,-1.8306612697181202e-05
R04_head_on_lateral_offset,428,86.59999999999722,69.03670628334785,63.70627394819023,22.592881160349467,0.10923860879975228,0.3209311840762296,1.0405897224287866,0.009934829494671105,0.003554622613799392,0.21252954006195068,0.04245985671877861,-0.022236885502934456,0.21252954006195068,0.04245985671877861,-0.022236885502934456,1.0275177240371705,0.014860949851572512,-0.005559221375733614,0.10545586616615284,0.19999999999998863,43.42494015880688,none,0.11546890761837503,0.0,-0.009999999999999431,-1.304145222276426e-05
R04_head_on_lateral_offset,429,86.79999999999721,69.2325978713492,63.72797665497976,22.527315992974806,0.1115581189969823,0.32122064516621296,1.036690986143423,0.013027200068176191,-0.0003646179926571854,0.20492279529571533,0.0552242211997509,-0.0334031842648983,0.20492279529571533,0.0552242211997509,-0.0334031842648983,1.0229536771774292,0.019328477419912813,-0.008350796066224575,0.10300004436428237,0.19999999999998863,43.69444478875947,none,0.11300695392017346,0.0,-0.009999999999999431,-6.909555891663824e-06
R04_head_on_lateral_offset,430,86.9999999999972,69.42764317373849,63.750105870394705,22.462028074240425,0.11451405157290481,0.32085341830389774,1.0322128431560789,0.01628647376916587,-0.0031013804549078427,0.19405663013458252,0.06550813466310501,-0.034712161868810654,0.19405663013458252,0.06550813466310501,-0.034712161868810654,1.0164339780807494,0.022927847132086752,-0.008678040467202663,0.10038408196391299,0.19999999999998863,43.963438060679515,none,0.1103885928807884,0.0,-0.009999999999999431,-4.510916875966331e-06
R04_head_on_lateral_offset,431,87.19999999999719,69.62174756870193,63.772770352560094,22.397163422883445,0.11806891652577232,0.3200280531958534,1.0270970514127178,0.019053615866509305,-0.005008528598971537,0.1817856878042221,0.07054908573627472,-0.035578783601522446,0.1817856878042221,0.07054908573627472,-0.035578783601522446,1.0090714126825333,0.02469218000769615,-0.008894695900380611,0.0975842915084632,0.19999999999998863,44.23191285111841,none,0.10758782627339514,0.0,-0.009999999999999431,-3.5347649324946053e-06
R04_head_on_lateral_offset,432,87.39999999999718,69.8148638139156,63.79604996200061,22.332820267537855,0.12186531100756698,0.3188134474599763,1.0219476823539464,0.01892037159138322,-0.006988312189330064,0.17300622165203094,0.05328246206045151,-0.04408995062112808,0.17300622165203094,0.05328246206045151,-0.04408995062112808,1.0038037329912186,0.018648861721158025,-0.01102248765528202,0.09465548173646998,0.19999999999998863,44.49980381870628,none,0.10466443484213173,0.0,-0.009999999999999431,-8.953105662311834e-06
R04_head_on_lateral_offset,433,87.59999999999717,70.0071735370499,63.819969239782935,22.269020671838373,0.12560914023114447,0.31718998113089114,1.018452082044669,0.018546127476498843,-0.0090880905110982,0.17689205706119537,0.05081010237336159,-0.05346710979938507,0.17689205706119537,0.05081010237336159,-0.05346710979938507,1.0061352342367171,0.017783535830676555,-0.013366777449846268,0.09180500765103157,0.19999999999998863,44.76708116021346,none,0.10180719051890108,0.0,-0.009999999999999431,-2.182867870076655e-06
R04_head_on_lateral_offset,434,87.79999999999715,70.19882498219286,63.844527533117216,22.205797179408176,0.1292659876256016,0.31521770341794086,1.014717690996959,0.018059057036344226,-0.010526289366360879,0.1692657619714737,0.048761602491140366,-0.053827542811632156,0.1692657619714737,0.048761602491140366,-0.053827542811632156,1.001559457182884,0.017066560871899127,-0.013456885702908039,0.08900955430935618,0.19999999999998863,45.03391998135289,none,0.099010804042166,0.0,-0.009999999999999431,-1.2497328103858175e-06
R04_head_on_lateral_offset,435,87.99999999999714,70.38974537376097,63.86969766708721,22.143239542526945,0.13290539319655656,0.3129046437203243,1.0102787169655072,0.01831565857851722,-0.012458664240975657,0.15772977471351624,0.053824376314878464,-0.0655849426984787,0.15772977471351624,0.053824376314878464,-0.0655849426984787,0.9946378648281098,0.01883853171020746,-0.016396235674619675,0.0861552852490889,0.19999999999998863,45.30045783676976,none,0.09616122419174644,0.0,-0.009999999999999431,-5.938942658106073e-06
R04_head_on_lateral_offset,436,88.19999999999713,70.57984861572581,63.895472013509924,22.08145062627859,0.1366401436714689,0.3101971473769675,1.0054270323155678,0.018981650281347254,-0.014465075677568424,0.1472199708223343,0.058110661804676056,-0.07421404123306274,0.1472199708223343,0.058110661804676056,-0.07421404123306274,0.9883319824934005,0.020338731631636617,-0.018553510308265686,0.08323405598265533,0.19999999999998863,45.56661418256093,none,0.09323812177390778,0.0,-0.009999999999999431,-4.065791253014262e-06
R04_head_on_lateral_offset,437,88.39999999999712,70.76911332777374,63.9218689355586,22.020509234114634,0.1405591939573941,0.30716877234627454,1.0005886429859465,0.02012284088033233,-0.015723804090084288,0.13923406600952148,0.06413779407739639,-0.07315478473901749,0.13923406600952148,0.06413779407739639,-0.07315478473901749,0.9835404396057128,0.022448227927088737,-0.01828869618475437,0.08026140415198788,0.19999999999998863,45.83230030598857,none,0.09026342861245595,0.0,-0.009999999999999431,-2.024460468647016e-06
R04_head_on_lateral_offset,438,88.59999999999711,70.95749691517702,63.94891828602419,21.960470401235714,0.14471224256766024,0.3039939416889016,0.9952761668724396,0.021317596334045872,-0.016003427246611863,0.12759584188461304,0.06786323338747025,-0.06629284471273422,0.12759584188461304,0.06786323338747025,-0.06629284471273422,0.9765575051307678,0.023752131685614585,-0.016573211178183556,0.07721710572945545,0.19999999999998863,46.097494928790965,none,0.08722103399705006,0.0,-0.009999999999999431,-3.928267595179058e-06
R04_head_on_lateral_offset,439,88.7999999999971,71.14492950714833,63.97664787222453,21.901358267554496,0.14908797762622436,0.30084868422541305,0.9897805433127154,0.02236110486534183,-0.015487995548580541,0.1173609271645546,0.06996413320302963,-0.05775083228945732,0.1173609271645546,0.06996413320302963,-0.05775083228945732,0.9704165562987328,0.02448744662106037,-0.01443770807236433,0.07410043729922086,0.19999999999998863,46.362157526383236,none,0.08410407996393232,0.0,-0.009999999999999431,-3.6426647120260668e-06
R04_head_on_lateral_offset,440,88.99999999999709,71.33111022244589,64.00504072492207,21.843242646705246,0.15360357290265275,0.2977705161078069,0.9815681976782655,0.02276444787872152,-0.015307304348873509,0.08771960437297821,0.06738952547311783,-0.05975645035505295,0.08771960437297821,0.06738952547311783,-0.05975645035505295,0.9526317626237868,0.02358633391559124,-0.014939112588763237,0.07080985618419118,0.19999999999998863,46.62621918909332,none,0.08082764136670306,0.0,-0.009999999999999431,-1.7785182512447816e-05
R04_head_on_lateral_offset,441,89.19999999999708,71.51550143880195,64.03401934512816,21.786286522880047,0.15817803878502026,0.2944770587027496,0.9704657321893974,0.022965088623513735,-0.017464668833964993,0.052243128418922424,0.06678266078233719,-0.0874427929520607,0.052243128418922424,0.06678266078233719,-0.0874427929520607,0.9313458770513534,0.023373931273818014,-0.021860698238015175,0.06728380446913998,0.19999999999998863,46.88937781028675,none,0.07732431411308482,0.0,-0.009999999999999431,-4.050964394541001e-05
R04_head_on_lateral_offset,442,89.39999999999706,71.69762916263583,64.06350560483006,21.730706514573253,0.16288264205955547,0.2905723915073359,0.9570587270184151,0.024002736457196708,-0.021293428927943614,0.016364600509405136,0.07462038844823837,-0.11638094484806061,0.016364600509405136,0.07462038844823837,-0.11638094484806061,0.9098187603056431,0.02611713595688343,-0.029095236212015152,0.06360147963620079,0.19999999999998863,47.151090281671394,none,0.07364520194370172,0.0,-0.009999999999999431,-4.372230750149614e-05
R04_head_on_lateral_offset,443,89.59999999999705,71.8770099794409,64.0934302553577,21.67677919219801,0.16775357577515884,0.28576798779951795,0.9405886017116737,0.024657268523975772,-0.026368127405061385,-0.02907392755150795,0.07425999641418457,-0.146835058927536,-0.02907392755150795,0.07425999641418457,-0.146835058927536,0.8825556434690951,0.025990998744964598,-0.036708764731884,0.0597346558740748,0.19999999999998863,47.410876397439324,none,0.06979450072965676,0.0,-0.009999999999999431,-5.984485558252595e-05
R04_head_on_lateral_offset,444,89.79999999999704,72.05334474644131,64.12373661286738,21.624760556466267,0.17266187172537747,0.27986884802860335,0.9235058737302325,0.02444192169900275,-0.032184862177883626,-0.061142679303884506,0.06858032196760178,-0.1761501431465149,-0.061142679303884506,0.06858032196760178,-0.1761501431465149,0.8633143924176692,0.02400311268866062,-0.04403753578662872,0.055838321859965304,0.19999999999998863,47.66824991437717,none,0.06587672261403554,0.0,-0.009999999999999431,-3.84007540708109e-05
R04_head_on_lateral_offset,445,89.99999999999703,72.22667159906133,64.1543961147394,21.574806514803093,0.177480415421497,0.2730315180144696,0.906966077966227,0.023792464912461335,-0.03590783683465575,-0.08552061021327972,0.0641973614692688,-0.1739763468503952,-0.08552061021327972,0.0641973614692688,-0.1739763468503952,0.8486876338720322,0.02246907651424408,-0.0434940867125988,0.05204244867039941,0.19999999999998863,47.92290502151874,none,0.06205481305536864,0.0,-0.009999999999999431,-1.2364384969804355e-05
R04_head_on_lateral_offset,446,90.19999999999702,72.39693280385615,64.18533559832069,21.527029000252256,0.18193968324583276,0.2656293982780981,0.8891176733926234,0.02100993314548275,-0.03795878060566427,-0.12295281887054443,0.04382859915494919,-0.16855183243751526,-0.12295281887054443,0.04382859915494919,-0.16855183243751526,0.8262283086776734,0.015340009704232214,-0.042137958109378815,0.04829233031123082,0.19999999999998863,48.17486670116028,none,0.05832923995282613,0.0,-0.009999999999999431,-3.690964159587584e-05
R04_head_on_lateral_offset,447,90.39999999999701,72.56426378841617,64.21646364688354,21.481443872248413,0.1857979516453877,0.257555730848602,0.873622004654389,0.017813654802841434,-0.04244013348604432,-0.13496237993240356,0.032287560403347015,-0.20628687739372253,-0.13496237993240356,0.032287560403347015,-0.20628687739372253,0.8190225720405577,0.011300646141171454,-0.051571719348430634,0.04478581894379998,0.19999999999998863,48.42405513000385,none,0.05481984611880364,0.0,-0.009999999999999431,-3.40271750042298e-05
R04_head_on_lateral_offset,448,90.599999999997,72.72952690247193,64.24781911234994,21.43792956572379,0.18912899180910459,0.24851227272510767,0.8643080087469017,0.015659133417248776,-0.04760515903917317,-0.11418353766202927,0.03219684958457947,-0.23251941800117493,-0.11418353766202927,0.03219684958457947,-0.23251941800117493,0.8314898774027824,0.011268897354602812,-0.05812985450029373,0.041728102041032264,0.19999999999998863,48.67057191208488,none,0.051750500335057126,0.0,-0.009999999999999431,-2.239829402542748e-05
R04_head_on_lateral_offset,449,90.79999999999698,72.89340481903322,64.27945275944612,21.39643392898736,0.19224028829344753,0.23874848106519075,0.8559345249089593,0.015468220555679622,-0.04986261293886372,-0.12261614203453064,0.04308342933654785,-0.21785037219524384,-0.12261614203453064,0.04308342933654785,-0.21785037219524384,0.8264303147792815,0.015079200267791746,-0.05446259304881096,0.03898516916301741,0.19999999999998863,48.91525282212814,none,0.04899326530981796,0.0,-0.009999999999999431,-8.096146801112036e-06
R04_head_on_lateral_offset,450,90.99999999999697,73.05593830342158,64.31133561766265,21.356997491667098,0.19507810256283964,0.22870033307591986,0.8471005913132471,0.013089227205057672,-0.050565862904058956,-0.14004337787628174,0.023547394201159477,-0.2079954594373703,-0.14004337787628174,0.023547394201159477,-0.2079954594373703,0.8159739732742308,0.008241587970405816,-0.051998864859342575,0.03629199644194548,0.19999999999998863,49.15876454787881,none,0.04630764613241212,0.0,-0.009999999999999431,-1.5649690467208835e-05
R04_head_on_lateral_offset,451,91.19999999999696,73.21704224458108,64.343365920862,21.319640545899038,0.19730453643727952,0.21850482578375394,0.8378580817248746,0.009449442620571817,-0.05133150357170684,-0.15784694254398346,0.00580773688852787,-0.21156655251979828,-0.15784694254398346,0.00580773688852787,-0.21156655251979828,0.80529183447361,0.0020327079109847546,-0.05289163812994957,0.033694423392920655,0.19999999999998863,49.401133870289556,none,0.043707311694165085,0.0,-0.009999999999999431,-1.2888301245000122e-05
R04_head_on_lateral_offset,452,91.39999999999695,73.37661286842648,64.37538844509312,21.284385021163867,0.19857906877078088,0.2080650907943473,0.8278864404498627,0.0037271692698399497,-0.05294429035349077,-0.1787482053041458,-0.022665776312351227,-0.2249225676059723,-0.1787482053041458,-0.022665776312351227,-0.2249225676059723,0.7927510768175126,-0.007933021709322929,-0.05623064190149307,0.031209739862388286,0.19999999999998863,49.64224852313386,none,0.04123825959994676,0.0,-0.009999999999999431,-2.8519737559041873e-05
R04_head_on_lateral_offset,453,91.59999999999694,73.53462103547282,64.40719549670942,21.25126255330254,0.1983803162311049,0.19716883705929752,0.8180438009344522,-0.005052936823007305,-0.05580280066846359,-0.1943950355052948,-0.06555436551570892,-0.24651017785072327,-0.1943950355052948,-0.06555436551570892,-0.24651017785072327,0.783362978696823,-0.022944027930498122,-0.06162754446268082,0.028933837796526602,0.19999999999998863,49.88196669981413,none,0.03898484338243158,0.0,-0.009999999999999431,-5.100558590554471e-05
R04_head_on_lateral_offset,454,91.79999999999693,73.69087105988807,64.43846614219466,21.220353279194516,0.19627793200248356,0.18598291202758618,0.8057292470644616,-0.015205690942811965,-0.05603867199338091,-0.2294357270002365,-0.10255373269319534,-0.22607721388339996,-0.2294357270002365,-0.10255373269319534,-0.22607721388339996,0.7623385637998581,-0.035893806442618366,-0.05651930347084999,0.026924941375946698,0.19999999999998863,50.12020850094914,none,0.03698522756091549,0.0,-0.009999999999999431,-6.028618496936145e-05
R04_head_on_lateral_offset,455,91.99999999999692,73.84479249174794,64.4687588069784,21.19171610167583,0.19187873961355933,0.17528260619430797,0.7896977083628941,-0.0278344049756363,-0.051320030982742564,-0.2779831290245056,-0.15305070579051971,-0.1668197065591812,-0.2779831290245056,-0.15305070579051971,-0.1668197065591812,0.7332101225852966,-0.0535677470266819,-0.0417049266397953,0.025049710201436926,0.19999999999998863,50.35670837356849,none,0.03521807513562791,0.0,-0.009999999999999431,-0.00016836493419155495
R04_head_on_lateral_offset,456,92.1999999999969,73.99628990344895,64.49766971902689,21.16514783327409,0.1846577682341513,0.16632740272032398,0.7759852676445438,-0.04321599610945179,-0.03914931253553655,-0.2872181832790375,-0.21302524209022522,-0.05739688500761986,-0.2872181832790375,-0.21302524209022522,-0.05739688500761986,0.7276690900325775,-0.07455883473157882,-0.014349221251904964,0.023562996938352992,0.19999999999998863,50.590808834405635,none,0.033876108640507496,0.0,-0.009999999999999431,-0.00031311170215507364
R04_head_on_lateral_offset,457,92.3999999999969,74.146265374379,64.52493826030192,21.14005187368933,0.1745146401453256,0.1608191533656923,0.7692048787221688,-0.05716402022001981,-0.01756034459180671,-0.2578100264072418,-0.2445305734872818,0.10572469234466553,-0.2578100264072418,-0.2445305734872818,0.10572469234466553,0.7453139841556549,-0.08558570072054862,0.026431173086166382,0.022665169383689423,0.19999999999998863,50.82231883653839,none,0.0332344908755875,0.0,-0.009999999999999431,-0.0005693214918986425
R04_head_on_lateral_offset,458,92.59999999999688,74.2966410653734,64.5505076121121,21.115424588085343,0.16195963233040112,0.1604141358849414,0.7755972885105462,-0.06759953192915244,0.01133251114281984,-0.1697981208562851,-0.2538966238498688,0.28082820773124695,-0.1697981208562851,-0.2538966238498688,0.28082820773124695,0.798121127486229,-0.08886381834745406,0.07020705193281174,0.022702270626243016,0.19999999999998863,51.05204462323346,none,0.03347217181661932,0.0,-0.009999999999999431,-0.000769901190376876
R04_head_on_lateral_offset,459,92.79999999999687,74.44895951792623,64.57428981248941,21.090149594393136,0.14751228645295644,0.1656024971538631,0.7861412031867369,-0.07622390650803383,0.03850323986268211,-0.12784501910209656,-0.26799333095550537,0.3754745125770569,-0.12784501910209656,-0.26799333095550537,0.3754745125770569,0.8232929885387421,-0.09379766583442688,0.09386862814426422,0.02419970498372958,0.19999999999998863,51.28182605595759,none,0.03441803904210872,0.0,-0.009999999999999431,-0.00021833405837970777
R04_head_on_lateral_offset,460,92.99999999999686,74.60335540758442,64.59600966001399,21.06336776019456,0.13190290542437938,0.17529634572727326,0.7954377026123147,-0.07961436447880328,0.05703825885660882,-0.11967635899782181,-0.24720871448516846,0.3792271614074707,-0.11967635899782181,-0.24720871448516846,0.3792271614074707,0.8281941846013068,-0.08652305006980895,0.09480679035186768,0.025670734183971478,0.19999999999998863,51.51312700326757,none,0.03568099037723016,0.0,-0.009999999999999431,-1.0256193259251534e-05
R04_head_on_lateral_offset,461,93.19999999999685,74.75997639423161,64.61556839810656,21.03444815222356,0.11693875623129037,0.1873099769979043,0.8086149816799174,-0.0706990741506964,0.06267333719478706,-0.07492416352033615,-0.15009291470050812,0.2966234087944031,-0.07492416352033615,-0.15009291470050812,0.2966234087944031,0.8550455018877983,-0.05253252014517784,0.07415585219860077,0.02671093176037785,0.19999999999998863,51.74600571147982,none,0.03707608411064989,0.0,-0.009999999999999431,-0.000365152350272604
R04_head_on_lateral_offset,462,93.39999999999684,74.91798170865177,64.63310037293948,21.003364737666754,0.10476386572737738,0.19832636740607712,0.8111357347800501,-0.052426999733165267,0.048554691238480135,-0.13330386579036713,-0.043412189930677414,0.07914134860038757,-0.13330386579036713,-0.043412189930677414,0.07914134860038757,0.8200176805257797,-0.015194266475737093,0.019785337150096893,0.026768091948692292,0.19999999999998863,51.98057898901295,none,0.038009840212307466,0.0,-0.009999999999999431,-0.0012417482636157442
R04_head_on_lateral_offset,463,93.59999999999683,75.0755389813931,64.64892745354054,20.970894222272136,0.09609595122154445,0.20518211780115628,0.8055835820844431,-0.03552597775291483,0.022003946142234374,-0.18996597826480865,-0.0031057645101100206,-0.12839244306087494,-0.18996597826480865,-0.0031057645101100206,-0.12839244306087494,0.7860204130411148,-0.001087017578538507,-0.032098110765218735,0.02700802831438912,0.19999999999998863,52.21606329210915,none,0.03796613786641956,0.0,-0.009999999999999431,-0.0009581095520310068
R04_head_on_lateral_offset,464,93.79999999999681,75.23179549019032,64.66347948845116,20.938016244437502,0.08995557536149903,0.20692038402618354,0.7981649727167094,-0.02655400007942387,-0.0027551846840941875,-0.21329118311405182,-0.02363410033285618,-0.2128259837627411,-0.21329118311405182,-0.02363410033285618,-0.2128259837627411,0.772025290131569,-0.008271935116499662,-0.05320649594068527,0.02703975230433427,0.19999999999998863,52.45076189902284,none,0.03720164231530099,0.0,-0.009999999999999431,-0.00016189001096728574
R04_head_on_lateral_offset,465,93.9999999999968,75.38706458392127,64.67706306683274,20.905445818165106,0.08452143557139617,0.20439544874824445,0.7943075751849822,-0.027700951899946393,-0.02111070957642383,-0.1988067924976349,-0.08582308143377304,-0.23405395448207855,-0.1988067924976349,-0.08582308143377304,-0.23405395448207855,0.780715924501419,-0.030038078501820564,-0.05851348862051964,0.026141447958480182,0.19999999999998863,52.683957431338065,none,0.03623200583213482,0.0,-0.009999999999999431,-9.055787365520381e-05
R04_head_on_lateral_offset,466,94.19999999999679,75.54197747473158,64.68972174855261,20.87363558196639,0.07830899598984853,0.19890192094246795,0.7923009654805561,-0.03395228039847985,-0.03293348427283136,-0.19128230214118958,-0.13340148329734802,-0.2280983030796051,-0.19128230214118958,-0.13340148329734802,-0.2280983030796051,0.7852306187152862,-0.046690519154071804,-0.057024575769901276,0.025358527145464802,0.19999999999998863,52.91603585316978,none,0.03540564298671711,0.0,-0.009999999999999431,-4.711584125287716e-05
R04_head_on_lateral_offset,467,94.39999999999678,75.69690975474134,64.70129893261225,20.842881766508196,0.07050878145689325,0.19173254453802677,0.7915300071779144,-0.04334214918651597,-0.03835189349846057,-0.18531081080436707,-0.1785021275281906,-0.19757162034511566,-0.18531081080436707,-0.1785021275281906,-0.19757162034511566,0.7888135135173797,-0.06247574463486671,-0.049392905086278915,0.024770484350113753,0.19999999999998863,53.14763040729331,none,0.034830516453665084,0.0,-0.009999999999999431,-6.003210355189914e-05
R04_head_on_lateral_offset,468,94.59999999999677,75.85190821611617,64.71150437327444,20.813322946582623,0.06052279566512882,0.18450665935470828,0.7897763695059835,-0.055594265020112825,-0.0342184932952643,-0.1940043717622757,-0.2301720529794693,-0.10318370163440704,-0.1940043717622757,-0.2301720529794693,-0.10318370163440704,0.7835973769426345,-0.08056021854281425,-0.02579592540860176,0.024310884722186007,0.19999999999998863,53.379078622882645,none,0.034543973490121616,0.0,-0.009999999999999431,-0.00023308876793617816
R04_head_on_lateral_offset,469,94.79999999999676,76.00665741002408,64.71993513616958,20.784868861072667,0.04773915973125008,0.17917128212191263,0.7860993331302282,-0.07107528745815672,-0.02019242573720283,-0.21142801642417908,-0.29320210218429565,0.03355313092470169,-0.21142801642417908,-0.29320210218429565,0.03355313092470169,0.7731431901454926,-0.10262073576450348,0.008388282731175423,0.02411421862744426,0.19999999999998863,53.610366053993445,none,0.03457368526493099,0.0,-0.009999999999999431,-0.0004594666374872969
R04_head_on_lateral_offset,470,94.99999999999675,76.16075682557249,64.72610788970368,20.757165378420748,0.03166547415547258,0.1769252643253272,0.7810678131141486,-0.08835889996920701,-0.0035240500706848438,-0.2277681529521942,-0.3530784547328949,0.12176340073347092,-0.2277681529521942,-0.3530784547328949,0.12176340073347092,0.7633391082286834,-0.1235774591565132,0.03044085018336773,0.024771478917394146,0.19999999999998863,53.841097816075894,none,0.03500414350451386,0.0,-0.009999999999999431,-0.0002326645871202837
R04_head_on_lateral_offset,471,95.19999999999673,76.31361429397109,64.72954049158288,20.72981782533348,0.012782389223541895,0.17750551339905699,0.772577697316754,-0.099622974455779,0.008425873379813228,-0.2622291147708893,-0.3502160310745239,0.1311042159795761,-0.2622291147708893,-0.3502160310745239,0.1311042159795761,0.7426625311374664,-0.12257561087608336,0.03277605399489403,0.02578107306102993,0.19999999999998863,54.07077665975548,none,0.03580673310479199,0.0,-0.009999999999999431,-2.5660043762628648e-05
R04_head_on_lateral_offset,472,95.39999999999672,76.46416193394772,64.72994891079495,20.702663822192374,-0.007567796189108997,0.17950153178741837,0.7579111485287291,-0.10358059337084892,0.011316447520181872,-0.3229447603225708,-0.31898564100265503,0.0688261091709137,-0.3229447603225708,-0.31898564100265503,0.0688261091709137,0.7062331438064575,-0.11164497435092925,0.017206527292728424,0.02652000774423358,0.19999999999998863,54.29871993283947,none,0.036690813533562405,0.0,-0.009999999999999431,-0.0001708057893293935
R04_head_on_lateral_offset,473,95.59999999999671,76.61171708468235,64.7273147772617,20.67574601922868,-0.02815021457188672,0.18108565440076427,0.7429512924180219,-0.10233729781928272,0.005000790574525558,-0.34960031509399414,-0.285153865814209,-0.03147411718964577,-0.34960031509399414,-0.285153865814209,-0.03147411718964577,0.6902398109436034,-0.09980385303497313,-0.007868529297411442,0.027276360231975823,0.19999999999998863,54.52382665330409,none,0.03751466509238632,0.0,-0.009999999999999431,-0.00023830486041106743
R04_head_on_lateral_offset,474,95.7999999999967,76.75611382147677,64.72177233577031,20.64926329466002,-0.048665539268796,0.18106180878356645,0.7269236738172622,-0.1027824016135974,-0.004521546823958016,-0.38258349895477295,-0.2962553799152374,-0.09570028632879257,-0.38258349895477295,-0.2962553799152374,-0.09570028632879257,0.6704499006271363,-0.10368938297033309,-0.023925071582198143,0.02815019586346151,0.19999999999998863,54.74543129084555,none,0.03825691856016533,0.0,-0.009999999999999431,-0.00010672269670439133
R04_head_on_lateral_offset,475,95.99999999999669,76.89741403991391,64.71340993050278,20.623460811780156,-0.06984239981671889,0.17921270927900454,0.7125759523668223,-0.10855139408357806,-0.013307267226731829,-0.3966310918331146,-0.34373366832733154,-0.12483919411897659,-0.3966310918331146,-0.34373366832733154,-0.12483919411897659,0.6620213449001312,-0.12030678391456603,-0.031209798529744148,0.02894505184190041,0.19999999999998863,54.96340695779421,none,0.03901106381556829,0.0,-0.009999999999999431,-6.601197366844947e-05
R04_head_on_lateral_offset,476,96.19999999999668,77.0362813180151,64.70213997789963,20.59843408561142,-0.09248601741269774,0.17607639388361784,0.703420635842237,-0.11723062686819045,-0.01772306725189356,-0.3813973069190979,-0.3854747712612152,-0.10688430815935135,-0.3813973069190979,-0.3854747712612152,-0.10688430815935135,0.6711616158485412,-0.1349161699414253,-0.026721077039837837,0.0300244162592492,0.19999999999998863,55.17783982327605,none,0.04007035157538397,0.0,-0.009999999999999431,-4.5935316135334856e-05
R04_head_on_lateral_offset,477,96.39999999999667,77.17418360000394,64.68768538450449,20.5740325460893,-0.11661930697489437,0.17220133720386055,0.7044482307208934,-0.12362065167617788,-0.02079589972558515,-0.3198850154876709,-0.3904043138027191,-0.10822945833206177,-0.3198850154876709,-0.3904043138027191,-0.10822945833206177,0.7080689907073974,-0.1366415098309517,-0.027057364583015442,0.03168186062399997,0.19999999999998863,55.38936635880446,none,0.041758058060315406,0.0,-0.009999999999999431,-7.619743631600895e-05
R04_head_on_lateral_offset,478,96.59999999999665,77.31230394777239,64.66974779144064,20.55012393605794,-0.14181179022391102,0.16766532182289087,0.7085672047651416,-0.12797592336784186,-0.024300139067100376,-0.29486578702926636,-0.39100170135498047,-0.1257627010345459,-0.29486578702926636,-0.39100170135498047,-0.1257627010345459,0.7230805277824401,-0.13685059547424316,-0.031440675258636475,0.033973069794598756,0.19999999999998863,55.599369834709684,none,0.0439917444598823,0.0,-0.009999999999999431,-1.867466528411299e-05
R04_head_on_lateral_offset,479,96.79999999999664,77.4510915365244,64.64809408639992,20.526714940772003,-0.16784612146706412,0.1624918697892658,0.7151975718092919,-0.13205960165130343,-0.02721470966882988,-0.2690669000148773,-0.401088148355484,-0.13261474668979645,-0.2690669000148773,-0.401088148355484,-0.13261474668979645,0.7385598599910737,-0.1403808519244194,-0.03315368667244911,0.03651890618104463,0.19999999999998863,55.80895351495886,none,0.0465351915713228,0.0,-0.009999999999999431,-1.6285390278736325e-05
R04_head_on_lateral_offset,480,96.99999999999663,77.59085491919154,64.62248007750988,20.503823146616742,-0.1948024142797887,0.156938586617883,0.7236779032544549,-0.1371217887175809,-0.028240786489268505,-0.24406901001930237,-0.4212483763694763,-0.12132643163204193,-0.24406901001930237,-0.4212483763694763,-0.12132643163204193,0.7535585939884186,-0.1474369317293167,-0.030331607908010483,0.03933710080434711,0.19999999999998863,56.01851966784158,none,0.049360275911439544,0.0,-0.009999999999999431,-2.317510709300308e-05
R04_head_on_lateral_offset,481,97.19999999999662,77.7316084803402,64.59266277134594,20.481470474310203,-0.2228818142677776,0.15133073249066906,0.7320073041714894,-0.14321310759326472,-0.027866002319027135,-0.2310730218887329,-0.44464370608329773,-0.10840924084186554,-0.2310730218887329,-0.44464370608329773,-0.10840924084186554,0.7613561868667602,-0.15562529712915418,-0.027102310210466385,0.04239160581644194,0.19999999999998863,56.22833272536604,none,0.052409267635997736,0.0,-0.009999999999999431,-1.76618195563627e-05
R04_head_on_lateral_offset,482,97.39999999999661,77.8733758031863,64.55835776653576,20.459629821260165,-0.252079419555434,0.14603700203703873,0.7424030519112359,-0.14837397032594282,-0.02526717611731006,-0.20161205530166626,-0.4539719521999359,-0.07988634705543518,-0.20161205530166626,-0.4539719521999359,-0.07988634705543518,0.7790327668190002,-0.15889018326997756,-0.019971586763858795,0.04568949588146079,0.19999999999998863,56.43837131014836,none,0.0557248662854164,0.0,-0.009999999999999431,-3.537040395617641e-05
R04_head_on_lateral_offset,483,97.5999999999966,78.01613429279942,64.51929258671785,20.438218206993845,-0.2822335177618155,0.14147326471751678,0.7526458023377455,-0.15283107883623737,-0.020713414721273818,-0.18543928861618042,-0.46260932087898254,-0.0457371324300766,-0.18543928861618042,-0.46260932087898254,-0.0457371324300766,0.7887364268302917,-0.16191326230764388,-0.01143428310751915,0.04925887339769563,0.19999999999998863,56.648616354345066,none,0.05928892002528485,0.0,-0.009999999999999431,-3.0046627589794816e-05
R04_head_on_lateral_offset,484,97.79999999999659,78.15992808339944,64.47516649447242,20.417080569582517,-0.3133803934760895,0.1379919103006733,0.7656970398768601,-0.15823070752510587,-0.014563638922781693,-0.1471942514181137,-0.4835241436958313,-0.008129330351948738,-0.1471942514181137,-0.4835241436958313,-0.008129330351948738,0.8116834491491318,-0.16923345029354095,-0.0020323325879871845,0.05307291271198393,0.19999999999998863,56.8590078710657,none,0.06313920190120115,0.0,-0.009999999999999431,-6.628918921778645e-05
R04_head_on_lateral_offset,485,97.99999999999658,78.30483823402588,64.4256348054946,20.39600136947338,-0.34536764081972504,0.13584184772159671,0.7795661187719688,-0.16140269292130024,-0.007471520817169302,-0.11927630752325058,-0.479617714881897,0.02791992947459221,-0.11927630752325058,-0.479617714881897,0.02791992947459221,0.8284342154860496,-0.16786620020866394,0.006979982368648052,0.05727967829307669,0.19999999999998863,57.069547785970336,none,0.06732156271130485,0.0,-0.009999999999999431,-4.1884418228730416e-05
R04_head_on_lateral_offset,486,98.19999999999656,78.45055450747847,64.37052658693578,20.3747882146708,-0.3776929789500541,0.1350698540865551,0.7921680742251179,-0.16181928944296772,-0.0007546658466285241,-0.10571429133415222,-0.4647662341594696,0.05172867700457573,-0.10571429133415222,-0.4647662341594696,0.05172867700457573,0.8365714251995087,-0.16266818195581434,0.012932169251143932,0.06159568958016214,0.19999999999998863,57.28026836127492,none,0.07161511660459574,0.0,-0.009999999999999431,-1.9427024434169883e-05
R04_head_on_lateral_offset,487,98.39999999999655,78.59673287254533,64.3097862610219,20.353267680699137,-0.4097519167161933,0.13529792835210014,0.8048175387836551,-0.15898379949838148,0.002769771182483987,-0.08435285091400146,-0.4377313256263733,0.039805855602025986,-0.08435285091400146,-0.4377313256263733,0.039805855602025986,0.8493882894515992,-0.15320596396923064,0.009951463900506496,0.06588302009772856,0.19999999999998863,57.490855405164616,none,0.07590960711945627,0.0,-0.009999999999999431,-2.6587021728272652e-05
R04_head_on_lateral_offset,488,98.59999999999654,78.74244814946096,64.24379273208,20.331463632266562,-0.44029812125417045,0.13552014819151534,0.809442051674029,-0.14735473046644879,-0.0003150680194258719,-0.12377224117517471,-0.3533095717430115,-0.026403995230793953,-0.12377224117517471,-0.3533095717430115,-0.026403995230793953,0.825736655294895,-0.12365835011005401,-0.006600998807698488,0.06946466694258148,0.19999999999998863,57.70098600856959,none,0.07972596024667311,0.0,-0.009999999999999431,-0.0002612933040921973
R04_head_on_lateral_offset,489,98.79999999999653,78.88641449447196,64.17343643382911,20.309673005053256,-0.46834342306294025,0.13443140336388784,0.8078149580780863,-0.13409748787853415,-0.009853469576395834,-0.16319692134857178,-0.3059525787830353,-0.1171589121222496,-0.16319692134857178,-0.3059525787830353,-0.1171589121222496,0.8020818471908568,-0.10708340257406235,-0.0292897280305624,0.07231103623216,0.19999999999998863,57.909851635037725,none,0.08255170513473864,0.0,-0.009999999999999431,-0.0002406689025792181
R04_head_on_lateral_offset,490,98.99999999999652,79.02800471654415,64.09949245913877,20.288279197534322,-0.4937332821586034,0.13150548064676434,0.8040239851599528,-0.12080310277226786,-0.01873626038930692,-0.18222269415855408,-0.26775237917900085,-0.1473463624715805,-0.18222269415855408,-0.26775237917900085,-0.1473463624715805,0.7906663835048675,-0.0937133327126503,-0.036836590617895126,0.07453663782868168,0.19999999999998863,58.11638406033635,none,0.08459128817746908,0.0,-0.009999999999999431,-5.465034878796904e-05
R04_head_on_lateral_offset,491,99.1999999999965,79.1670114504891,64.02254241666418,20.267583621593253,-0.5172116007997549,0.12741858354949626,0.7985329903760778,-0.11445829286346951,-0.021894661446950816,-0.20135781168937683,-0.29008448123931885,-0.113321952521801,-0.20135781168937683,-0.29008448123931885,-0.113321952521801,0.779185312986374,-0.1015295684337616,-0.02833048813045025,0.07604575673449343,0.19999999999998863,58.3201330213853,none,0.08608620745404849,0.0,-0.009999999999999431,-4.045071955563029e-05
R04_head_on_lateral_offset,492,99.3999999999965,79.30348286486993,63.942852101186,20.24766727276377,-0.5397124855407255,0.12344321103458689,0.7945353095297967,-0.1108244386542411,-0.018141909174094903,-0.19925105571746826,-0.29548510909080505,-0.04197992756962776,-0.19925105571746826,-0.29548510909080505,-0.04197992756962776,0.780449366569519,-0.10341978818178177,-0.01049498189240694,0.0772724228299277,0.19999999999998863,58.52101802187922,none,0.08737488862445097,0.0,-0.009999999999999431,-0.00010246579452383858
R04_head_on_lateral_offset,493,99.59999999999648,79.4375106567482,63.86056203175226,20.22840947975838,-0.5614080834465222,0.12045646039023965,0.7901848969283067,-0.1064604545087549,-0.012175301348833224,-0.20857317745685577,-0.27876579761505127,-6.893463432788849e-05,-0.20857317745685577,-0.27876579761505127,-6.893463432788849e-05,0.7748560935258866,-0.09756802916526794,-1.7233658581972122e-05,0.07854173201400239,0.19999999999998863,58.71914648399543,none,0.08858419138717721,0.0,-0.009999999999999431,-4.245937317539979e-05
R04_head_on_lateral_offset,494,99.79999999999647,79.56900579906295,63.775929030275655,20.20963544550082,-0.5821879809475033,0.11876870657810827,0.7850795183989744,-0.10169750470447013,-0.005226006139669634,-0.2215157151222229,-0.2628346085548401,0.03573787584900856,-0.2215157151222229,-0.2628346085548401,0.03573787584900856,0.7670905709266662,-0.09199211299419402,0.00893446896225214,0.07955342991698218,0.19999999999998863,58.91464343375282,none,0.08958749871184324,0.0,-0.009999999999999431,-3.406879486162425e-05
R04_head_on_lateral_offset,495,99.99999999999646,79.69802493167734,63.68910754120053,20.19112962412042,-0.6024648393469335,0.11832191389448625,0.7812168699144029,-0.10111498396102223,0.0003386689512806429,-0.22065547108650208,-0.28550854325294495,0.046710897237062454,-0.22065547108650208,-0.28550854325294495,0.046710897237062454,0.7676067173480987,-0.09992799013853072,0.011677724309265614,0.0804791690507033,0.19999999999998863,59.107476001293534,none,0.09049187414136028,0.0,-0.009999999999999431,-1.2705090657552098e-05
R04_head_on_lateral_offset,496,100.19999999999645,79.8245708597152,63.60018586943124,20.17272698824554,-0.6225567271346323,0.11860633806936641,0.776574906181106,-0.09989578510681617,0.002353699647662467,-0.23296864330768585,-0.2783184051513672,0.025838790461421013,-0.23296864330768585,-0.2783184051513672,0.025838790461421013,0.7602188140153885,-0.0974114418029785,0.006459697615355253,0.08134500603822362,0.19999999999998863,59.29773475822677,none,0.09135778518096949,0.0,-0.009999999999999431,-1.2779142746441389e-05
R04_head_on_lateral_offset,497,100.39999999999644,79.9485093095236,63.50934734762166,20.154386416396527,-0.6423898386780853,0.11892417446680009,0.7712381357363935,-0.09853769013842494,0.0009318307848658332,-0.24594354629516602,-0.27362948656082153,-0.007861960679292679,-0.24594354629516602,-0.27362948656082153,-0.007861960679292679,0.7524338722229004,-0.09577032029628753,-0.0019654901698231697,0.08205983045729028,0.19999999999998863,59.4854451365821,none,0.09208635195114034,0.0,-0.009999999999999431,-2.6521493850632032e-05
R04_head_on_lateral_offset,498,100.59999999999643,80.06959813502684,63.416895953742944,20.13618969209539,-0.661657859908333,0.1186787446525654,0.7634539911522173,-0.09445056906035669,-0.0030834933748451238,-0.27328944206237793,-0.2460637241601944,-0.04506183788180351,-0.27328944206237793,-0.2460637241601944,-0.04506183788180351,0.7360263347625733,-0.08612230345606803,-0.011265459470450878,0.08250213851357649,0.19999999999998863,59.670513831433034,none,0.09255996851629433,0.0,-0.009999999999999431,-5.783000271841865e-05
R04_head_on_lateral_offset,499,100.79999999999642,80.18751796599518,63.323302670954654,20.118312778447045,-0.6799494707001494,0.11750396080015917,0.7531120701271289,-0.08888501542592352,-0.008273196488266186,-0.3055466413497925,-0.22155477106571198,-0.0753927081823349,-0.3055466413497925,-0.22155477106571198,-0.0753927081823349,0.7166720151901245,-0.07754416987299918,-0.018848177045583725,0.08256895615456765,0.19999999999998863,59.85276052722024,none,0.09262017970218395,0.0,-0.009999999999999431,-5.1223547616863484e-05
R04_head_on_lateral_offset,500,100.9999999999964,80.30207609047562,63.22902951905634,20.10095021739397,-0.6969538383968269,0.11529049593336199,0.7412005934655658,-0.0817001833547886,-0.013469784595772506,-0.33461639285087585,-0.1915993094444275,-0.09623517841100693,-0.33461639285087585,-0.1915993094444275,-0.09623517841100693,0.6992301642894745,-0.06705975830554961,-0.024058794602751732,0.08224093862949021,0.19999999999998863,60.031954240276605,none,0.09228447440345988,0.0,-0.009999999999999431,-4.3535773970241333e-05
R04_head_on_lateral_offset,501,101.1999999999964,80.41329824446962,63.13442940419598,20.084262817003907,-0.7123995144528377,0.11212033683473135,0.7290134089123278,-0.0733834133426815,-0.017898047580275873,-0.356547474861145,-0.16124701499938965,-0.10768581181764603,-0.356547474861145,-0.16124701499938965,-0.10768581181764603,0.686071515083313,-0.056436455249786376,-0.026921452954411507,0.08163179104934312,0.19999999999998863,60.20798305291125,none,0.09166245807217521,0.0,-0.009999999999999431,-3.0667022832653326e-05
R04_head_on_lateral_offset,502,101.39999999999638,80.52130450386032,63.039808016289,20.068371123845136,-0.7262083439497996,0.10819438699987188,0.7162807643118988,-0.06531313932609824,-0.021118709055385758,-0.3809717893600464,-0.13962417840957642,-0.11072561144828796,-0.3809717893600464,-0.13962417840957642,-0.11072561144828796,0.6714169263839722,-0.048868462443351746,-0.02768140286207199,0.08077577325249441,0.19999999999998863,60.38092847723407,none,0.09079723994414834,0.0,-0.009999999999999431,-2.1466691654509207e-05
R04_head_on_lateral_offset,503,101.59999999999637,80.62624388627643,62.9454302273323,20.053349231837128,-0.7384570853377881,0.10380734478285651,0.7036568466538151,-0.05774470827717778,-0.022637259734355913,-0.40137314796447754,-0.1209217980504036,-0.1029263511300087,-0.40137314796447754,-0.1209217980504036,-0.1029263511300087,0.6591761112213135,-0.042322629317641254,-0.025731587782502174,0.07970809652401385,0.19999999999998863,60.55095459286816,none,0.08972463298252364,0.0,-0.009999999999999431,-1.653645851036112e-05
R04_head_on_lateral_offset,504,101.79999999999636,80.72826374954627,62.85153097511618,20.039218719909847,-0.7492571989459426,0.09931160775401127,0.6906893152803592,-0.05078126361764104,-0.022342338787741774,-0.4250035881996155,-0.10454844683408737,-0.08696553111076355,-0.4250035881996155,-0.10454844683408737,-0.08696553111076355,0.6449978470802307,-0.03659195639193058,-0.021741382777690887,0.07844842095901804,0.19999999999998863,60.718245250534345,none,0.08847004560124638,0.0,-0.009999999999999431,-2.1624642228920132e-05
R04_head_on_lateral_offset,505,101.99999999999635,80.82747850380014,62.7583409476704,20.025954862407424,-0.7587180298650359,0.0950075888297977,0.6775556716803377,-0.044314450217955735,-0.020813108740322883,-0.4478684961795807,-0.08896320313215256,-0.07078807801008224,-0.4478684961795807,-0.08896320313215256,-0.07078807801008224,0.6312789022922516,-0.031137121096253394,-0.01769701950252056,0.07701469704360707,0.19999999999998863,60.8829761340077,none,0.08703524532014661,0.0,-0.009999999999999431,-2.0548276540114376e-05
R04_head_on_lateral_offset,506,102.19999999999634,80.92399795487663,62.666064517895286,20.013499945654274,-0.7669369996280267,0.09106291796034313,0.6641986873333454,-0.03832655586037382,-0.018786356554412263,-0.47144171595573425,-0.07464317977428436,-0.05862589552998543,-0.47144171595573425,-0.07464317977428436,-0.05862589552998543,0.6171349704265594,-0.026125112920999526,-0.014656473882496357,0.07542508610116494,0.19999999999998863,61.0452882711725,none,0.08544325967000965,0.0,-0.009999999999999431,-1.8173568845278045e-05
R04_head_on_lateral_offset,507,102.39999999999633,81.01795314318483,62.574854632198345,20.001779734841246,-0.7740301504834136,0.0875410680353634,0.6511135281126648,-0.033005966285630295,-0.01659714395966847,-0.49165400862693787,-0.06332651525735855,-0.04854487255215645,-0.49165400862693787,-0.06332651525735855,-0.04854487255215645,0.6050075948238373,-0.02216428034007549,-0.012136218138039112,0.07372745889169197,0.19999999999998863,61.20531271378593,none,0.08374022350559329,0.0,-0.009999999999999431,-1.2764613901891097e-05
R04_head_on_lateral_offset,508,102.59999999999631,81.10951392679371,62.484789175491265,19.99071156456367,-0.7801502822741557,0.08446700287733154,0.638574219892588,-0.028532516190960727,-0.014315477170688139,-0.5093473196029663,-0.055477239191532135,-0.03866463527083397,-0.5093473196029663,-0.055477239191532135,-0.03866463527083397,0.5943916082382201,-0.019417033717036247,-0.009666158817708492,0.07198394285545011,0.19999999999998863,61.363192553198154,none,0.08199338852498528,0.0,-0.009999999999999431,-9.445669535744772e-06
R04_head_on_lateral_offset,509,102.7999999999963,81.19886689886732,62.39588694105324,19.980210179595158,-0.7854677341040173,0.08185854781679883,0.6268069155055909,-0.024914679009966773,-0.011947544831454961,-0.5244258642196655,-0.05012190341949463,-0.02848977781832218,-0.5244258642196655,-0.05012190341949463,-0.02848977781832218,0.5853444814682007,-0.01754266619682312,-0.007122444454580545,0.07024743678623818,0.19999999999998863,61.51909728408532,none,0.08025462818330098,0.0,-0.009999999999999431,-7.191397063359764e-06
R04_head_on_lateral_offset,510,102.99999999999629,81.28620214090165,62.308121472945786,19.970190230762963,-0.7901498990870718,0.07972721224398525,0.6159077608440826,-0.02211777395213817,-0.009546758503308841,-0.5374928712844849,-0.046910177916288376,-0.01861884817481041,-0.5374928712844849,-0.046910177916288376,-0.01861884817481041,0.5775042772293091,-0.01641856227070093,-0.004654712043702602,0.0685571581940768,0.19999999999998863,61.67320409662855,none,0.07856272813620357,0.0,-0.009999999999999431,-5.569942127342867e-06
R04_head_on_lateral_offset,511,103.19999999999628,81.37170212228611,62.221435778022155,19.960569012269,-0.7943515730270168,0.07806903018778108,0.6059239131090529,-0.020054476471551803,-0.007211100903828523,-0.5487574338912964,-0.04528607428073883,-0.00980706512928009,-0.5487574338912964,-0.04528607428073883,-0.00980706512928009,0.5707455396652221,-0.01585012599825859,-0.0024517662823200226,0.06693878245329402,0.19999999999998863,61.82568734862795,none,0.07694292596536911,0.0,-0.009999999999999431,-4.143512075665545e-06
R04_head_on_lateral_offset,512,103.39999999999627,81.4555367558305,62.13575259781439,19.951269177736982,-0.7982083759538346,0.07685898037822282,0.5968490962681225,-0.01862155248134302,-0.005052119896964182,-0.5585438013076782,-0.044862013310194016,-0.002611186122521758,-0.5585438013076782,-0.044862013310194016,-0.002611186122521758,0.564873719215393,-0.015701704658567905,-0.0006527965306304395,0.06540817508669235,0.19999999999998863,61.97671009480252,none,0.07541112975648367,0.0,-0.009999999999999431,-2.9546697919012956e-06
R04_head_on_lateral_offset,513,103.59999999999626,81.53786031571109,62.050983218598056,19.942221285300032,-0.8018340342823068,0.0760519544942588,0.588648426537917,-0.01770417376738041,-0.003160695842381166,-0.5670781135559082,-0.04524241387844086,0.002773722866550088,-0.5670781135559082,-0.04524241387844086,0.002773722866550088,0.559753131866455,-0.0158348448574543,0.000693430716637522,0.06397333580896704,0.19999999999998863,62.12642088323125,none,0.07397537533766574,0.0,-0.009999999999999431,-2.0395286992639513e-06
R04_head_on_lateral_offset,514,103.79999999999625,81.61881034412734,61.9670341806674,19.933365508516843,-0.8053196636657898,0.07558871775413421,0.5812625545534451,-0.017190812201594928,-0.0015900512638848134,-0.5746029615402222,-0.046127837151288986,0.0064417109824717045,-0.5746029615402222,-0.046127837151288986,0.0064417109824717045,0.5552382230758667,-0.016144743002951146,0.0016104277456179261,0.06263637935918163,0.19999999999998863,62.27495206716425,none,0.07263779658814862,0.0,-0.009999999999999431,-1.4172289675535448e-06
R04_head_on_lateral_offset,515,103.99999999999623,81.69850732121037,61.88381270105833,19.924652365285162,-0.8087351691495073,0.07540372181593902,0.5746172798499953,-0.01698012235895209,-0.00035313469554912867,-0.5813292264938354,-0.04728800803422928,0.008669246919453144,-0.5813292264938354,-0.04728800803422928,0.008669246919453144,0.5512024641036988,-0.016550802811980247,0.002167311729863286,0.06139481922455016,0.19999999999998863,62.42241969554637,none,0.07139585023561068,0.0,-0.009999999999999431,-1.0310110610874504e-06
R04_head_on_lateral_offset,516,104.19999999999622,81.7770705089571,61.80120880613627,19.91603999113823,-0.8122359196147027,0.07544614555812884,0.568883208056745,-0.017953982328725034,0.0006981375769188686,-0.585534930229187,-0.056966863572597504,0.0113611975684762,-0.585534930229187,-0.056966863572597504,0.0113611975684762,0.5486790418624878,-0.019938402250409125,0.00284029939211905,0.06026057090755864,0.19999999999998863,62.56892391512378,none,0.07026294320329285,0.0,-0.009999999999999431,-2.3722957347785403e-06
R04_head_on_lateral_offset,517,104.39999999999621,81.85462682968866,61.71906392387368,19.90748744859643,-0.8161148216702918,0.07572354518980447,0.5642903621276122,-0.020633111854211926,0.00197929753201004,-0.5864877700805664,-0.07454952597618103,0.0183595921844244,-0.5864877700805664,-0.07454952597618103,0.0183595921844244,0.5481073379516601,-0.02609233409166336,0.0045898980461061,0.0592748293449567,0.19999999999998863,62.71456214875405,none,0.06928201005391976,0.0,-0.009999999999999431,-7.180708963625982e-06
R04_head_on_lateral_offset,518,104.5999999999962,81.93127264979297,61.637203748528655,19.8989511208893,-0.8205721303563392,0.07628388876941135,0.5605440479070832,-0.023708204813080044,0.0035088552793409323,-0.587760329246521,-0.0856407880783081,0.026502449065446854,-0.587760329246521,-0.0856407880783081,0.026502449065446854,0.5473438024520874,-0.029974275827407835,0.006625612266361713,0.05846535077287583,0.19999999999998863,62.859433738056175,none,0.06846916960527594,0.0,-0.009999999999999431,-3.818832400675001e-06
R04_head_on_lateral_offset,519,104.79999999999619,82.00707189726786,61.5554761904009,19.890388571169918,-0.8255392207327567,0.07708339471937994,0.5575529458160062,-0.025804686805482653,0.004417704151715448,-0.5883104801177979,-0.08593330532312393,0.025078607723116875,-0.5883104801177979,-0.08593330532312393,0.025078607723116875,0.5470137119293212,-0.030076656863093375,0.006269651930779219,0.05780439590740541,0.19999999999998863,63.00360685186434,none,0.0678044442185346,0.0,-0.009999999999999431,-4.8311129756187234e-08
R04_head_on_lateral_offset,520,104.99999999999618,82.08206805698175,61.47377770203004,19.88177503695047,-0.8307850171913567,0.07793004564042533,0.5549235667962874,-0.026593802052259356,0.004074660320995549,-0.5905685424804688,-0.08057648688554764,0.013502580113708973,-0.5905685424804688,-0.08057648688554764,0.013502580113708973,0.5456588745117188,-0.028201770409941672,0.0033756450284272432,0.05723787008549346,0.19999999999998863,63.14712170995558,none,0.06724122606078531,0.0,-0.009999999999999431,-3.3559752924128446e-06
R04_head_on_lateral_offset,521,105.19999999999617,82.15629579134675,61.3920527885102,19.873115354965144,-0.8360790441763843,0.078559289147157,0.5526031266988578,-0.026363802869124767,0.002347919451007369,-0.5926216840744019,-0.07398610562086105,-0.004682538565248251,-0.5926216840744019,-0.07398610562086105,-0.004682538565248251,0.5444269895553588,-0.025895136967301367,-0.0011706346413120627,0.05672485665972013,0.19999999999998863,63.290005663253716,none,0.06673242360085929,0.0,-0.009999999999999431,-7.566941139728581e-06
R04_head_on_lateral_offset,522,105.39999999999615,82.2297986179932,61.310266648466374,19.864440865085765,-0.8412749884443499,0.07881069738855509,0.5505315517084499,-0.025649478536932512,0.000319077099258927,-0.5946128368377686,-0.0691254585981369,-0.015260258689522743,-0.5946128368377686,-0.0691254585981369,-0.015260258689522743,0.5432322978973388,-0.024193910509347914,-0.003815064672380686,0.056252266330833266,0.19999999999998863,63.43228420418813,none,0.06625505590566938,0.0,-0.009999999999999431,-2.789574836681232e-06
R04_head_on_lateral_offset,523,105.59999999999614,82.30262554997726,61.22839381714331,19.85578850423554,-0.8463029990469141,0.07873877254415611,0.5487262525213801,-0.024702036341575393,-0.0009431884123136511,-0.5960579514503479,-0.06506127864122391,-0.014061152003705502,-0.5960579514503479,-0.06506127864122391,-0.014061152003705502,0.5423652291297912,-0.022771447524428366,-0.0035152880009263754,0.05579717351922587,0.19999999999998863,63.57399459455582,none,0.0657975743946615,0.0,-0.009999999999999431,-4.0087543619270544e-07
R04_head_on_lateral_offset,524,105.79999999999613,82.37479041411308,61.14645299788335,19.84718542694083,-0.8511763044282094,0.07850156555205237,0.5466390811422392,-0.02407804759207675,-0.0013948404318460308,-0.6011918783187866,-0.06516158580780029,-0.009260660037398338,-0.6011918783187866,-0.06516158580780029,-0.009260660037398338,0.5392848730087281,-0.022806555032730103,-0.0023151650093495846,0.0553215120930673,0.19999999999998863,63.71518096993672,none,0.06532250033286147,0.0,-0.009999999999999431,-9.882397947344642e-07
R04_head_on_lateral_offset,525,105.99999999999612,82.4462884343127,61.06447764979676,19.83864352925242,-0.8559234152119741,0.07823901265233386,0.5445551950150834,-0.023441069383636014,-0.0012421935802314748,-0.6046457290649414,-0.06326602399349213,-0.003724589478224516,-0.6046457290649414,-0.06326602399349213,-0.003724589478224516,0.5372125625610351,-0.022143108397722242,-0.000931147369556129,0.0548181065936083,0.19999999999998863,63.85585829100793,none,0.06481902999994382,0.0,-0.009999999999999431,-9.234063360945679e-07
R04_head_on_lateral_offset,526,106.19999999999611,82.51712451313924,60.9824887351861,19.830160266647336,-0.8605524168430058,0.07805210105303576,0.5423739129676586,-0.02289044738494792,-0.0006700453092200492,-0.6088531613349915,-0.06219558045268059,0.0019832507241517305,-0.6088531613349915,-0.06219558045268059,0.0019832507241517305,0.5346881031990052,-0.021768453158438204,0.0004958126810379326,0.054296358045175165,0.19999999999998863,63.99602481697972,none,0.06429738660068374,0.0,-0.009999999999999431,-1.0285555091397232e-06
R04_head_on_lateral_offset,527,106.3999999999961,82.58730821688056,60.90049947659412,19.821723643384992,-0.8650776423712304,0.07800039277798951,0.5402766716863444,-0.022398858984853408,9.527988978056185e-05,-0.6118550300598145,-0.06113473325967789,0.006619086489081383,-0.6118550300598145,-0.06113473325967789,0.006619086489081383,0.5328869819641113,-0.02139715664088726,0.0016547716222703457,0.05376325683319225,0.19999999999998863,64.13568673320493,none,0.06376388938490862,0.0,-0.009999999999999431,-6.325517169474612e-07
R04_head_on_lateral_offset,528,106.59999999999609,82.65686249708874,60.81850537188489,19.81331596410231,-0.8695054234235049,0.07810174239078105,0.5383118638793093,-0.021915390617429812,0.0008605385817983695,-0.6143519878387451,-0.05980066955089569,0.009679579176008701,-0.6143519878387451,-0.05980066955089569,0.009679579176008701,0.531388807296753,-0.020930234342813492,0.0024198947940021753,0.05323191366062911,0.19999999999998863,64.27485384627349,none,0.06323226128342085,0.0,-0.009999999999999431,-3.4762279231175323e-07
R04_head_on_lateral_offset,529,106.79999999999607,82.72581234728514,60.736498295456194,19.8049193461164,-0.8738391951515682,0.07834153673455282,0.5364728872225891,-0.02145688434601851,0.0014899649045520828,-0.61667799949646,-0.058635979890823364,0.011090150102972984,-0.61667799949646,-0.058635979890823364,0.011090150102972984,0.5299932003021239,-0.020522592961788176,0.002772537525743246,0.05270457869811461,0.19999999999998863,64.41354711497621,none,0.06270475382896556,0.0,-0.009999999999999431,-1.751308515220325e-07
R04_head_on_lateral_offset,530,106.99999999999606,82.79418362323585,60.65446777775402,19.796518574813952,-0.87808196829465,0.07868786454314644,0.5347847047978298,-0.021004912283373065,0.0019394364473477935,-0.6186060905456543,-0.057382673025131226,0.011421271599829197,-0.6186060905456543,-0.057382673025131226,0.011421271599829197,0.5288363456726074,-0.020083935558795927,0.0028553178999572992,0.052182501941416506,0.19999999999998863,64.55178917247778,none,0.06218260990050872,0.0,-0.009999999999999431,-1.0795909278509333e-07
R04_head_on_lateral_offset,531,107.19999999999605,82.86200380349557,60.57240031203365,19.78810187693071,-0.8822368126632038,0.07910863907713234,0.5332528309069564,-0.020575868493556065,0.002245259003041059,-0.6202412843704224,-0.05629032105207443,0.011473716236650944,-0.6202412843704224,-0.05629032105207443,0.011473716236650944,0.5278552293777465,-0.01970161236822605,0.002868429059162736,0.0516674224670755,0.19999999999998863,64.68960332141909,none,0.061667499863917286,0.0,-0.009999999999999431,-7.739684235064104e-08
R04_head_on_lateral_offset,532,107.39999999999604,82.92930934764685,60.49026958104002,19.779658706020324,-0.8863161735372516,0.0795973342303855,0.5320186183576071,-0.020242840606110674,0.0026139074441136065,-0.620550274848938,-0.05589781329035759,0.013460387475788593,-0.620550274848938,-0.05589781329035759,0.013460387475788593,0.5276698350906373,-0.019564234651625156,0.0033650968689471483,0.05116830411514909,0.19999999999998863,64.82701422245951,none,0.061168388043149946,0.0,-0.009999999999999431,-8.392800142476009e-08
R04_head_on_lateral_offset,533,107.59999999999603,82.99613264857543,60.4080502822304,19.77117821804448,-0.8903419183515967,0.08016173861551816,0.5309206180698828,-0.020030603851675415,0.0030009639066437433,-0.6215803623199463,-0.055994663387537,0.01515865232795477,-0.6215803623199463,-0.055994663387537,0.01515865232795477,0.5270517826080322,-0.01959813218563795,0.0037896630819886923,0.050683955708616994,0.19999999999998863,64.96405412876614,none,0.060684034799889375,0.0,-0.009999999999999431,-7.909127294709884e-08
R04_head_on_lateral_offset,534,107.79999999999602,83.0624961058417,60.32572510500066,19.76265025381634,-0.8943301075427458,0.08079949377574175,0.5299854749033258,-0.019863855878260502,0.003350261115348012,-0.6221825480461121,-0.05578307434916496,0.016248075291514397,-0.6221825480461121,-0.05578307434916496,0.016248075291514397,0.5266904711723328,-0.019524076022207737,0.004062018822878599,0.05020832303763345,0.19999999999998863,65.10075156514587,none,0.06020835492243215,0.0,-0.009999999999999431,-3.188479926976087e-08
R04_head_on_lateral_offset,535,107.999999999996,83.12841899983383,60.24327834636642,19.754065723742514,-0.8982865380430702,0.08149806220909682,0.5291570976108773,-0.019711901916657882,0.003615436882927144,-0.6229361891746521,-0.055435050278902054,0.016623126342892647,-0.6229361891746521,-0.055435050278902054,0.016623126342892647,0.5262382864952087,-0.019402267597615718,0.004155781585723162,0.0497398052087651,0.19999999999998863,65.23712618829815,none,0.05973982180394444,0.0,-0.009999999999999431,-1.6595179904987932e-08
R04_head_on_lateral_offset,536,108.199999999996,83.19392718914563,60.160683172368714,19.745415799895472,-0.9022441704426176,0.08224996276048945,0.5286078881379455,-0.01985373230248553,0.0038833741603355766,-0.6222121119499207,-0.05755067989230156,0.017717383801937103,-0.6222121119499207,-0.05755067989230156,0.017717383801937103,0.5266727328300476,-0.020142737962305545,0.004429345950484276,0.04928613059193622,0.19999999999998863,65.37319485673055,none,0.059286254543453154,0.0,-0.009999999999999431,-1.2395151750284327e-07
R04_head_on_lateral_offset,537,108.39999999999598,83.259047909533,60.077902958886106,19.736690993802316,-0.906236642663226,0.08305832839943432,0.5282625889808382,-0.02005576283375511,0.0041780708943996644,-0.6215901374816895,-0.05847839266061783,0.019114280119538307,-0.6215901374816895,-0.05847839266061783,0.019114280119538307,0.5270459175109863,-0.020467437431216238,0.004778570029884577,0.04885529342129435,0.19999999999998863,65.5089798946885,none,0.05885535739774461,0.0,-0.009999999999999431,-6.397645083512649e-08
R04_head_on_lateral_offset,538,108.59999999999597,83.32379700711012,59.99491093969501,19.727882372341234,-0.9102883941468856,0.08393095352189786,0.5280489180581627,-0.020433297185142214,0.004522240237919187,-0.6211732625961304,-0.0605788379907608,0.02089419588446617,-0.6211732625961304,-0.0605788379907608,0.02089419588446617,0.5272960424423218,-0.02120259329676628,0.005223548971116543,0.04843988215982538,0.19999999999998863,65.64450414997746,none,0.05844003723493252,0.0,-0.009999999999999431,-1.5507510770736144e-07
R04_head_on_lateral_offset,539,108.79999999999596,83.38819727507193,59.911663651658905,19.718978487862742,-0.9144627159551907,0.0848769238756536,0.52820147181947,-0.02124848042156868,0.004908361300310382,-0.6187683343887329,-0.06545590609312057,0.02278061769902706,-0.6187683343887329,-0.06545590609312057,0.02278061769902706,0.5287389993667602,-0.0229095671325922,0.005695154424756765,0.04805218544494146,0.19999999999998863,65.77978040977561,none,0.0580528480061453,0.0,-0.009999999999999431,-6.625612044048463e-07
R04_head_on_lateral_offset,540,108.99999999999595,83.45227690069815,59.82809792597413,19.70996538311753,-0.9188079553778823,0.08589982608830826,0.5286900227827404,-0.022136949746132065,0.005291763730596186,-0.6159809231758118,-0.06842105835676193,0.02429206855595112,-0.6159809231758118,-0.06842105835676193,0.02429206855595112,0.5304114460945129,-0.023947370424866676,0.00607301713898778,0.047708765715089765,0.19999999999998863,65.91482684229874,none,0.057709142640547384,0.0,-0.009999999999999431,-3.7692545818784895e-07
R04_head_on_lateral_offset,541,109.19999999999594,83.5160469852342,59.74416864680093,19.70083126770471,-0.9233152980504458,0.08698941563872617,0.5293073152077324,-0.022880440012500915,0.0055822386385065,-0.6141960620880127,-0.06970125436782837,0.02469654008746147,-0.6141960620880127,-0.06970125436782837,0.02469654008746147,0.5314823627471923,-0.02439543902873993,0.006174135021865368,0.04739586864841903,0.19999999999998863,66.04966527316085,none,0.057395968412981446,0.0,-0.009999999999999431,-9.976456298584069e-08
R04_head_on_lateral_offset,542,109.39999999999593,83.57950415828196,59.65985321887903,19.691568378339763,-0.9279500710009503,0.08812242023282667,0.5299871377818274,-0.023426158604718986,0.005736202987631384,-0.6126958131790161,-0.07010903209447861,0.02419973537325859,-0.6126958131790161,-0.07010903209447861,0.02419973537325859,0.5323825120925902,-0.024538161233067513,0.006049933843314648,0.04709616722596927,0.19999999999998863,66.18430271431862,none,0.057096220502856454,0.0,-0.009999999999999431,-5.327688774703354e-08
R04_head_on_lateral_offset,543,109.59999999999592,83.64263404141899,59.575150666008405,19.682174490046396,-0.9326625164140145,0.08925034180448142,0.5305598251254808,-0.02367922209472961,0.00555655297582832,-0.612370491027832,-0.06912824511528015,0.02076193131506443,-0.612370491027832,-0.06912824511528015,0.02076193131506443,0.5325777053833007,-0.02419488579034805,0.0051904828287661076,0.04679309162913259,0.19999999999998863,66.31873425183947,none,0.05679334935461888,0.0,-0.009999999999999431,-2.577254868630502e-07
R04_head_on_lateral_offset,544,109.7999999999959,83.70541428757753,59.490081276871834,19.672656146923796,-0.9373866621211642,0.09029859858457799,0.5309661357344947,-0.02357043432632713,0.00497020774824172,-0.612670361995697,-0.06671074032783508,0.01510168332606554,-0.612670361995697,-0.06671074032783508,0.01510168332606554,0.5323977828025818,-0.02334875911474228,0.003775420831516385,0.04647016875474394,0.19999999999998863,66.45294622289,none,0.056470928207929205,0.0,-0.009999999999999431,-7.594531858330818e-07
R04_head_on_lateral_offset,545,109.9999999999959,83.7678277530795,59.40467048510876,19.663027637482315,-0.9420675000994609,0.091212139906315,0.5312435772548881,-0.023261248812725073,0.004221626169098057,-0.6129647493362427,-0.06466064602136612,0.010785010643303394,-0.6129647493362427,-0.06466064602136612,0.010785010643303394,0.5322211503982544,-0.022631226107478142,0.0026962526608258486,0.046122821077772234,0.19999999999998863,66.58691902453032,none,0.0561232795420441,0.0,-0.009999999999999431,-4.5846427243589896e-07
R04_head_on_lateral_offset,546,110.19999999999588,83.82982741929558,59.31899316835572,19.653313843986503,-0.9466761216240422,0.09192936807641745,0.5308007091255311,-0.022855544430049005,0.0030397348486571954,-0.617932915687561,-0.06293956190347672,0.0025256501976400614,-0.617932915687561,-0.06293956190347672,0.0025256501976400614,0.5292402505874634,-0.02202884666621685,0.0006314125494100153,0.04571522875983875,0.19999999999998863,66.72063855119566,none,0.05571714599668631,0.0,-0.009999999999999431,-1.917236848132223e-06
R04_head_on_lateral_offset,547,110.39999999999587,83.89136136751563,59.2331377072282,19.643548846914644,-0.9511812088759249,0.09238453757996695,0.5300350212569198,-0.022241601085851537,0.0016190382884188731,-0.6211048364639282,-0.05997307971119881,-0.0051035755313932896,-0.6211048364639282,-0.05997307971119881,-0.0051035755313932896,0.527337098121643,-0.02099057789891958,-0.0012758938828483224,0.045243267770718576,0.19999999999998863,66.85406531924293,none,0.055244809094382674,0.0,-0.009999999999999431,-1.5413236646639246e-06
R04_head_on_lateral_offset,548,110.59999999999586,83.95240120470791,59.14716770279659,19.633768087673275,-0.9555588075071502,0.09256634359524854,0.5289036372694994,-0.021583952308203293,0.0002985474467346966,-0.6251380443572998,-0.05783963203430176,-0.00956878811120987,-0.6251380443572998,-0.05783963203430176,-0.00956878811120987,0.5249171733856202,-0.020243871212005615,-0.0023921970278024673,0.04472188793775014,0.19999999999998863,66.98715568469729,none,0.054722703067515255,0.0,-0.009999999999999431,-8.151297656832897e-07
R04_head_on_lateral_offset,549,110.79999999999585,84.01292095483414,59.06114632960809,19.62400518731114,-0.9598141689400336,0.09250765662944029,0.527461832433069,-0.021012716169555017,-0.0008024358382156155,-0.629364013671875,-0.0567106194794178,-0.01218357216566801,-0.629364013671875,-0.0567106194794178,-0.01218357216566801,0.522381591796875,-0.01984871681779623,-0.0030458930414170027,0.04415159711327486,0.19999999999998863,67.11988665569932,none,0.05415211652490726,0.0,-0.009999999999999431,-5.194116329653061e-07
R04_head_on_lateral_offset,550,110.99999999999584,84.07290025869078,58.975127377532175,19.61428817050144,-0.9639665977336306,0.09225575938963979,0.5257662054055557,-0.020546695788724728,-0.0016524694088107894,-0.6336806416511536,-0.05599169433116913,-0.013538280501961708,-0.6336806416511536,-0.05599169433116913,-0.013538280501961708,0.5197916150093078,-0.019597093015909194,-0.003384570125490427,0.043540552847647705,0.19999999999998863,67.25223723136334,none,0.05354097255495027,0.0,-0.009999999999999431,-4.197073031339711e-07
R04_head_on_lateral_offset,551,111.19999999999582,84.13232277901493,58.88915614008834,19.604638804493977,-0.9680359582609789,0.09186039899558177,0.5238575143811959,-0.020174929558356675,-0.0022556711321829585,-0.6381130218505859,-0.05547824874520302,-0.013939225114881992,-0.6381130218505859,-0.05547824874520302,-0.013939225114881992,0.5171321868896485,-0.019417387060821054,-0.003484806278720498,0.04289625332287481,0.19999999999998863,67.38419084146054,none,0.052896654730417936,0.0,-0.009999999999999431,-4.0140754369396083e-07
R04_head_on_lateral_offset,552,111.39999999999581,84.19117523277528,58.803270829114666,19.595072864512336,-0.9720396168300732,0.0913675960346606,0.5217747570439439,-0.01988361272379414,-0.0026431538495701717,-0.6426064968109131,-0.05511428788304329,-0.01373088639229536,-0.6426064968109131,-0.05511428788304329,-0.01373088639229536,0.5144361019134521,-0.01929000075906515,-0.00343272159807384,0.042224972949126215,0.19999999999998863,67.51573391498515,none,0.052225380292920676,0.0,-0.009999999999999431,-4.07343795032003e-07
R04_head_on_lateral_offset,553,111.5999999999958,84.24944753428473,58.71750267984526,19.585600813252217,-0.9759918658342385,0.09081564981811785,0.519558137096452,-0.01965603024185384,-0.002859967072446888,-0.6470869779586792,-0.054835110902786255,-0.013207056559622288,-0.6470869779586792,-0.054835110902786255,-0.013207056559622288,0.5117478132247925,-0.01919228881597519,-0.003301764139905572,0.04153256928719856,0.19999999999998863,67.64685510361639,none,0.0515329778281739,0.0,-0.009999999999999431,-4.085409759078257e-07
R04_head_on_lateral_offset,554,111.79999999999579,84.30713291858994,58.63187618928657,19.57622878311872,-0.9799035506993683,0.09023374105517981,0.5172448604872926,-0.019474500343661532,-0.002952171124435718,-0.6515100598335266,-0.0545845702290535,-0.012560215778648853,-0.6515100598335266,-0.0545845702290535,-0.012560215778648853,0.509093964099884,-0.019104599580168722,-0.0031400539446622133,0.04082437836892766,0.19999999999998863,67.77754548773981,none,0.050824779265465025,0.0,-0.009999999999999431,-4.008965379345697e-07
R04_head_on_lateral_offset,555,111.99999999999578,84.36422773491296,58.546409876938874,19.566959644361024,-0.9837822375577585,0.08964241415375189,0.5148669519718838,-0.01932373169473022,-0.0029604722340337655,-0.6558527946472168,-0.05433289334177971,-0.011909549124538898,-0.6558527946472168,-0.05433289334177971,-0.011909549124538898,0.5064883232116699,-0.019016512669622898,-0.0029773872811347246,0.040104918487143766,0.19999999999998863,67.90779876964723,none,0.050105305408223444,0.0,-0.009999999999999431,-3.8692108024790396e-07
R04_head_on_lateral_offset,556,112.19999999999577,84.42073107292586,58.46111724082354,19.557793980172526,-0.9876327944343095,0.08905490778597294,0.5124508509339785,-0.019191782128344274,-0.0029178071194995237,-0.6601039171218872,-0.054065458476543427,-0.01132347621023655,-0.6601039171218872,-0.054065458476543427,-0.01132347621023655,0.5039376497268677,-0.018922910466790198,-0.0028308690525591373,0.03937782430903691,0.19999999999998863,68.03761117548346,none,0.049378194049939594,0.0,-0.009999999999999431,-3.697409032534134e-07
R04_head_on_lateral_offset,557,112.39999999999576,84.47663557847234,58.37602247948933,19.548732819686993,-0.9914343117542433,0.08846664743536112,0.5098528346544636,-0.01884921072623909,-0.0029615030203628875,-0.6655022501945496,-0.05186045169830322,-0.012202166020870209,-0.6655022501945496,-0.05186045169830322,-0.012202166020870209,0.5006986498832703,-0.018151158094406126,-0.003050541505217552,0.03863677073538262,0.19999999999998863,68.16698119829817,none,0.048637466258394824,0.0,-0.009999999999999431,-6.955230127759366e-07
R04_head_on_lateral_offset,558,112.59999999999575,84.53193133079661,58.291160554515685,19.539779371113998,-0.9951480108021107,0.087863194710683,0.5071021608278323,-0.018327129117459134,-0.0030652079696568213,-0.6709831953048706,-0.04932368919253349,-0.013106103986501694,-0.6709831953048706,-0.04932368919253349,-0.013106103986501694,0.49741008281707766,-0.01726329121738672,-0.0032765259966254234,0.03787509125588812,0.19999999999998863,68.2959016757349,none,0.04787583711643073,0.0,-0.009999999999999431,-7.458605431748255e-07
R04_head_on_lateral_offset,559,112.79999999999573,84.58661530616543,58.206562022321464,19.53093723756654,-0.998755486914383,0.08723797609396931,0.5042417557088006,-0.017788247583069433,-0.003178443611097383,-0.6763949394226074,-0.047686219215393066,-0.013636728748679161,-0.6763949394226074,-0.047686219215393066,-0.013636728748679161,0.49416303634643555,-0.01669017672538757,-0.0034091821871697903,0.03709428746456182,0.19999999999998863,68.4243635738697,none,0.04709493246146046,0.0,-0.009999999999999431,-6.44996899202624e-07
R04_head_on_lateral_offset,560,112.99999999999572,84.64069083189246,58.12224873628919,19.522209313737594,-1.002261334395008,0.08659012647426943,0.5013342368591739,-0.017306534041263383,-0.0032915293013605373,-0.681517481803894,-0.0466427244246006,-0.014087849296629429,-0.681517481803894,-0.0466427244246006,-0.014087849296629429,0.49108951091766356,-0.01632495354861021,-0.003521962324157357,0.036299414312807955,0.19999999999998863,68.5523642333339,none,0.04629996496943889,0.0,-0.009999999999999431,-5.506566315054313e-07
R04_head_on_lateral_offset,561,113.19999999999571,84.69416574251905,58.03823367038838,19.513597564048318,-1.005677559590477,0.08592090154884278,0.4984164412214181,-0.016887314546320937,-0.003393067039181079,-0.6864408254623413,-0.04580879211425781,-0.0143998758867383,-0.6864408254623413,-0.04580879211425781,-0.0143998758867383,0.4881355047225952,-0.016033077239990232,-0.003599968971684575,0.03549627016978395,0.19999999999998863,68.67990655379202,none,0.045496770812112786,0.0,-0.009999999999999431,-5.006423294068307e-07
R04_head_on_lateral_offset,562,113.3999999999957,84.74704948930996,57.95452480671434,19.50510323944878,-1.009015852197712,0.08523379382838633,0.4955026893139712,-0.016523065061450293,-0.0034720567031854698,-0.6912733316421509,-0.045088112354278564,-0.014532051049172878,-0.6912733316421509,-0.045088112354278564,-0.014532051049172878,0.48523600101470943,-0.015780839323997497,-0.0036330127622932196,0.034688479818026474,0.19999999999998863,68.806997207757,none,0.044688957617337266,0.0,-0.009999999999999431,-4.777993113581208e-07
R04_head_on_lateral_offset,563,113.59999999999569,84.79935173067403,57.87112751018451,19.496726935804777,-1.0122865127137342,0.08453370768872008,0.4926016613083762,-0.016207336597922648,-0.003524827361465491,-0.6960336565971375,-0.04446851834654808,-0.014529429376125336,-0.6960336565971375,-0.04446851834654808,-0.014529429376125336,0.4823798060417175,-0.015563981421291827,-0.003632357344031334,0.03387820251205092,0.19999999999998863,68.93364409278357,none,0.04387866340399604,0.0,-0.009999999999999431,-4.6089194569306005e-07
R04_head_on_lateral_offset,564,113.79999999999568,84.8510820577657,57.788045206050505,19.488468595424006,-1.0154985281638713,0.08382572243865438,0.4897204742499763,-0.01593346002003403,-0.0035529086485913005,-0.7007191181182861,-0.04392967373132706,-0.014440517872571945,-0.7007191181182861,-0.04392967373132706,-0.014440517872571945,0.4795685291290283,-0.015375385805964469,-0.0036101294681429863,0.03306708217762678,0.19999999999998863,69.05985512372203,none,0.04306752721379503,0.0,-0.009999999999999431,-4.450361688196347e-07
R04_head_on_lateral_offset,565,113.99999999999567,84.90224689526327,57.70528502816188,19.480327993482145,-1.0186532407051436,0.0831172045681417,0.48680617572796414,-0.015636079039443196,-0.0035337165664900455,-0.70577073097229,-0.04294317215681076,-0.013978436589241028,-0.70577073097229,-0.04294317215681076,-0.013978436589241028,0.47653756141662595,-0.015030110254883764,-0.003494609147310257,0.03225354016749643,0.19999999999998863,69.18563802259399,none,0.04225407427743377,0.0,-0.009999999999999431,-5.341099379133074e-07
R04_head_on_lateral_offset,566,114.19999999999565,84.9528468506798,57.62286419177283,19.47230492882884,-1.0217423313413214,0.08241999432037551,0.48379552497791656,-0.015281548350712364,-0.00344506741064238,-0.7113543152809143,-0.041597504168748856,-0.013057713396847248,-0.7113543152809143,-0.041597504168748856,-0.013057713396847248,0.47318741083145144,-0.014559126459062098,-0.003264428349211812,0.03143249814404624,0.19999999999998863,69.31099761163742,none,0.04143317484339093,0.0,-0.009999999999999431,-6.766993452524302e-07
R04_head_on_lateral_offset,567,114.39999999999564,85.00288269433617,57.54080102837097,19.46439810387821,-1.0247641839998156,0.08174385670259117,0.4807379674144681,-0.014961128336243416,-0.0033253331550551143,-0.7167257070541382,-0.040880609303712845,-0.012325409799814224,-0.7167257070541382,-0.040880609303712845,-0.012325409799814224,0.46996457576751705,-0.014308213256299494,-0.003081352449953556,0.030603697949184282,0.19999999999998863,69.43593355784655,none,0.040604295990311456,0.0,-0.009999999999999431,-5.98041127743993e-07
R04_head_on_lateral_offset,568,114.59999999999563,85.05236039190056,57.45910439276756,19.4566047775655,-1.0277276923477145,0.08109089038315669,0.4776916323940814,-0.01469408243059336,-0.003212810860608017,-0.7217370271682739,-0.04042836278676987,-0.011934103444218636,-0.7217370271682739,-0.04042836278676987,-0.011934103444218636,0.4669577836990356,-0.014149926975369452,-0.002983525861054659,0.029772341968086088,0.19999999999998863,69.5604457085367,none,0.039772851387622765,0.0,-0.009999999999999431,-5.094195372471605e-07
R04_head_on_lateral_offset,569,114.79999999999562,85.10128935813339,57.377775491465805,19.44892165099327,-1.0306418000319044,0.08045841037491651,0.47468263480767453,-0.014464312224390574,-0.0031190555712707203,-0.7265327572822571,-0.03998889401555061,-0.011712047271430492,-0.7265327572822571,-0.03998889401555061,-0.011712047271430492,0.4640803456306457,-0.013996112905442714,-0.002928011817857623,0.028942875932178293,0.19999999999998863,69.68453844637159,none,0.03894334076155914,0.0,-0.009999999999999431,-4.6482938141830314e-07
R04_head_on_lateral_offset,570,114.99999999999561,85.14968006338465,57.296812127832105,19.441345527444522,-1.0335126895846143,0.07984267572846954,0.47171946540475895,-0.014259983581550072,-0.003043951497880404,-0.731202244758606,-0.039553217589855194,-0.011563652195036411,-0.731202244758606,-0.039553217589855194,-0.011563652195036411,0.4612786531448364,-0.013843626156449317,-0.002890913048759103,0.028117437534638454,0.19999999999998863,69.80821911552242,none,0.038117877853604654,0.0,-0.009999999999999431,-4.4031896676767493e-07
R04_head_on_lateral_offset,571,115.1999999999956,85.19754637201855,57.216204596709154,19.433873203520303,-1.0363538725474473,0.07923211413138957,0.46887181948307527,-0.014159425150047724,-0.0030604230125207783,-0.7352699041366577,-0.03987005352973938,-0.012375947088003159,-0.7352699041366577,-0.03987005352973938,-0.012375947088003159,0.4588380575180053,-0.013954518735408782,-0.0030939867720007896,0.027300050240392667,0.19999999999998863,69.93149593270441,none,0.037300396361608534,0.0,-0.009999999999999431,-3.4612121643589136e-07
R04_head_on_lateral_offset,572,115.39999999999559,85.24491519892108,57.135916301507,19.426501471568166,-1.0392020520150562,0.07858326255220922,0.46635946447386434,-0.014310949141294053,-0.003402323677583503,-0.7374881505966187,-0.04177059233188629,-0.016396038234233856,-0.7374881505966187,-0.04177059233188629,-0.016396038234233856,0.4575071096420288,-0.014619707316160201,-0.004099009558558464,0.026503869284666286,0.19999999999998863,70.05438010071111,none,0.03650436316062411,0.0,-0.009999999999999431,-4.938759583919539e-07
R04_head_on_lateral_offset,573,115.59999999999557,85.29182187972913,57.055889377720604,19.41923106463285,-1.0420673690999673,0.07782541550012494,0.4641944536807931,-0.01434002988782023,-0.004121911413381695,-0.7390567064285278,-0.04114082083106041,-0.02235281839966774,-0.7390567064285278,-0.04114082083106041,-0.02235281839966774,0.4565659761428833,-0.014399287290871142,-0.005588204599916935,0.025739734539796503,0.19999999999998863,70.17689437394067,none,0.03574050134398554,0.0,-0.009999999999999431,-7.668041896075062e-07
R04_head_on_lateral_offset,574,115.79999999999556,85.33829208486718,56.97608489414045,19.412070273882755,-1.0449116307661768,0.07691663222115686,0.4621582631290037,-0.014119228598796453,-0.00490676672031273,-0.7416938543319702,-0.03905515745282173,-0.026024218648672104,-0.7416938543319702,-0.03905515745282173,-0.026024218648672104,0.45498368740081785,-0.013669305108487606,-0.006506054662168026,0.02499744323623125,0.19999999999998863,70.2990688888171,none,0.03499793891064229,0.0,-0.009999999999999431,-4.956744116069167e-07
R04_head_on_lateral_offset,575,115.99999999999555,85.38433732192577,56.896494811966946,19.405031384218415,-1.047706900460322,0.07586194296540615,0.4601248713978663,-0.013853496601076543,-0.005588726436500553,-0.7450664043426514,-0.038034338504076004,-0.027913382276892662,-0.7450664043426514,-0.038034338504076004,-0.027913382276892662,0.4529601573944092,-0.013312018476426601,-0.0069783455692231655,0.02425953619762542,0.19999999999998863,70.42092542923614,none,0.03425985589970715,0.0,-0.009999999999999431,-3.197020822971047e-07
R04_head_on_lateral_offset,576,116.19999999999554,85.42996308248566,56.81712321125347,19.398125944064308,-1.0504559766339254,0.07468663045083897,0.4580808916546132,-0.01365242028543516,-0.006124051205294532,-0.7485352158546448,-0.03783625736832619,-0.028859497979283333,-0.7485352158546448,-0.03783625736832619,-0.028859497979283333,0.4508788704872131,-0.013242690078914165,-0.007214874494820833,0.02351990273330877,0.19999999999998863,70.5424734879949,none,0.03352016207379549,0.0,-0.009999999999999431,-2.593404872877625e-07
R04_head_on_lateral_offset,577,116.39999999999553,85.47517260140403,56.73797619296815,19.391362928960426,-1.053171643170379,0.07342150787380743,0.4560128842782562,-0.01351463032778589,-0.006498920605100262,-0.7521229982376099,-0.037811022251844406,-0.029051145538687706,-0.7521229982376099,-0.037811022251844406,-0.029051145538687706,0.4487262010574341,-0.013233857788145542,-0.0072627863846719265,0.02277842504442341,0.19999999999998863,70.66371725243825,none,0.032778683235383355,0.0,-0.009999999999999431,-2.5819096051288295e-07
R04_head_on_lateral_offset,578,116.59999999999552,85.51996680327233,56.65906163752502,19.384748498044534,-1.0558651030528845,0.072097944760989,0.45390938454628826,-0.013426603120395906,-0.006720044391861171,-0.7558372616767883,-0.03784923255443573,-0.02868250012397766,-0.7558372616767883,-0.03784923255443573,-0.02868250012397766,0.446497642993927,-0.013247231394052504,-0.007170625030994415,0.0220353071218612,0.19999999999998863,70.78465877661087,none,0.03203558578410792,0.0,-0.009999999999999431,-2.7866224729257427e-07
R04_head_on_lateral_offset,579,116.7999999999955,85.56434534703976,56.58038785264416,19.378286047233555,-1.058545417391181,0.070743697503759,0.4517731946290052,-0.013380049049506201,-0.006815252343591013,-0.7595895528793335,-0.037957675755023956,-0.028037024661898613,-0.7595895528793335,-0.037957675755023956,-0.028037024661898613,0.4442462682723999,-0.013285186514258383,-0.007009256165474653,0.021291239636304356,0.19999999999998863,70.90529790629753,none,0.03129152979805916,0.0,-0.009999999999999431,-2.9016175537195653e-07
R04_head_on_lateral_offset,580,116.9999999999955,85.60830793352677,56.50196165542829,19.371976568453157,-1.061219514400636,0.06938002642879637,0.44961588159261895,-0.013362261681497144,-0.006821023437841674,-0.763309121131897,-0.03807433322072029,-0.02733113244175911,-0.763309121131897,-0.03807433322072029,-0.02733113244175911,0.44201452732086177,-0.0133260166272521,-0.006832783110439777,0.0205475632890428,0.19999999999998863,71.02563324534792,none,0.030547850230657758,0.0,-0.009999999999999431,-2.8694161552468565e-07
R04_head_on_lateral_offset,581,117.19999999999548,85.65185529700103,56.423786837016806,19.365819302556684,-1.0638951075574488,0.06801764362026787,0.44745794275808437,-0.013391468560043897,-0.0068040815592404396,-0.7669093608856201,-0.038431379944086075,-0.027078237384557724,-0.7669093608856201,-0.038431379944086075,-0.027078237384557724,0.43985438346862793,-0.013450982980430126,-0.006769559346139431,0.019806106864652596,0.19999999999998863,71.14566336453288,none,0.029806369927943166,0.0,-0.009999999999999431,-2.6306329113823244e-07
R04_head_on_lateral_offset,582,117.39999999999547,85.69498975825535,56.34586290957084,19.359812733631305,-1.0665784224376988,0.06665663989015976,0.4453240881578985,-0.013438161024756983,-0.0068058243848284905,-0.7703243494033813,-0.03866658732295036,-0.027237502858042717,-0.7703243494033813,-0.03866658732295036,-0.027237502858042717,0.43780539035797117,-0.013533305563032626,-0.006809375714510679,0.019069171132197516,0.19999999999998863,71.2653877238703,none,0.02906940598888852,0.0,-0.009999999999999431,-2.3485669157115309e-07
R04_head_on_lateral_offset,583,117.59999999999546,85.73770974760662,56.26819529005043,19.3539563531643,-1.069279101135382,0.06528290542951073,0.4431239413784534,-0.013559481974832331,-0.006922710498656661,-0.7743805646896362,-0.03944770246744156,-0.028643550351262093,-0.7743805646896362,-0.03944770246744156,-0.028643550351262093,0.4353716611862183,-0.013806695863604545,-0.007160887587815523,0.018335024276393254,0.19999999999998863,71.384807177296,none,0.028335405076250098,0.0,-0.009999999999999431,-3.807998574117955e-07
R04_head_on_lateral_offset,584,117.79999999999545,85.78001259045007,56.19078982707529,19.34825141725249,-1.0719992410862156,0.06387615852487467,0.44092998940749384,-0.013636139820763222,-0.007129195726729017,-0.7780007719993591,-0.03940669819712639,-0.030199790373444557,-0.7780007719993591,-0.03940669819712639,-0.030199790373444557,0.4331995368003845,-0.013792344368994234,-0.007549947593361139,0.017604996448095284,0.19999999999998863,71.50391896771907,none,0.02760530703740116,0.0,-0.009999999999999431,-3.105893064439536e-07
R04_head_on_lateral_offset,585,117.99999999999544,85.821897902905,56.11364951736707,19.34270032356631,-1.0747272537943886,0.06242597916907452,0.43870999005031697,-0.013643437252499028,-0.007355538355208005,-0.7818537354469299,-0.039023734629154205,-0.031267013400793076,-0.7818537354469299,-0.039023734629154205,-0.031267013400793076,0.43088775873184204,-0.013658307120203972,-0.007816753350198269,0.016879779598839576,0.19999999999998863,71.62271922865447,none,0.026880102217907265,0.0,-0.009999999999999431,-3.2261906825627185e-07
R04_head_on_lateral_offset,586,118.19999999999543,85.8633648766288,56.03678040699502,19.337305981600334,-1.077453314487318,0.060932653336174106,0.4364656062261209,-0.013619010708859536,-0.007562147791249098,-0.7857375741004944,-0.03876924887299538,-0.031932611018419266,-0.7857375741004944,-0.03876924887299538,-0.031932611018419266,0.42855745553970337,-0.01356923710554838,-0.007983152754604816,0.016157911622588287,0.19999999999998863,71.74120623935892,none,0.02615822346230523,0.0,-0.009999999999999431,-3.118397175119747e-07
R04_head_on_lateral_offset,587,118.39999999999542,85.90441374704575,55.96018791049637,19.332070850023992,-1.0801733893882244,0.059402146389401465,0.43420565179613974,-0.01358435063490168,-0.007730251663726492,-0.7895956039428711,-0.03861064091324806,-0.03229117766022682,-0.7895956039428711,-0.03861064091324806,-0.03229117766022682,0.42624263763427733,-0.013513724319636822,-0.008072794415056705,0.015439424376812165,0.19999999999998863,71.85937797904424,none,0.02543972513922732,0.0,-0.009999999999999431,-3.007624157236322e-07
R04_head_on_lateral_offset,588,118.5999999999954,85.94504561363203,55.88387631118741,19.326996585978016,-1.0828863493441483,0.057842986387051,0.4319359485881368,-0.013547989470464993,-0.007852160103363405,-0.7934356927871704,-0.038496848195791245,-0.03240228444337845,-0.7934356927871704,-0.038496848195791245,-0.03240228444337845,0.4239385843276977,-0.013473896868526935,-0.008100571110844612,0.014724755422166192,0.19999999999998863,71.97723343692795,none,0.024725050853682262,0.0,-0.009999999999999431,-2.9543151663841137e-07
R04_head_on_lateral_offset,589,118.79999999999539,85.98526213709562,55.80784894153232,19.322083949886522,-1.0855922859722418,0.05626436217087067,0.42966216197032836,-0.013513942904951467,-0.007928340342958804,-0.7972493171691895,-0.038413047790527344,-0.03233428671956062,-0.7972493171691895,-0.038413047790527344,-0.03233428671956062,0.42165040969848633,-0.01344456672668457,-0.008083571679890156,0.01401436360722333,0.19999999999998863,72.09477242043133,none,0.02401465471476527,0.0,-0.009999999999999431,-2.9110754250993855e-07
R04_head_on_lateral_offset,590,118.99999999999538,86.02506390727486,55.73210985359333,19.31733284962755,-1.0883128679160767,0.054678662438849675,0.42736868702567565,-0.013679405587506417,-0.007928634785104817,-0.8011873960494995,-0.040047332644462585,-0.03171693906188011,-0.8011873960494995,-0.040047332644462585,-0.03171693906188011,0.4192875623703003,-0.014016566425561905,-0.007929234765470028,0.01330859695261648,0.19999999999998863,72.21199526721112,none,0.023308968162023547,0.0,-0.009999999999999431,-3.7120940763579746e-07
R04_head_on_lateral_offset,591,119.19999999999537,86.06444790267393,55.656662466692694,19.312742124427835,-1.0911090537475705,0.05309650091968111,0.42505962319051155,-0.014240186584053953,-0.00789547933738581,-0.8051273822784424,-0.043951090425252914,-0.031311675906181335,-0.8051273822784424,-0.043951090425252914,-0.031311675906181335,0.41692357063293456,-0.015382881648838519,-0.007827918976545334,0.01261061429071859,0.19999999999998863,72.32890128144685,none,0.022611232831808437,0.0,-0.009999999999999431,-6.185410904141487e-07
R04_head_on_lateral_offset,592,119.39999999999536,86.10340540430028,55.58150743904066,19.30831027224579,-1.0940664760639331,0.05151235997126269,0.42272994146672144,-0.015257371228415317,-0.007942394169255322,-0.8091312646865845,-0.049514494836330414,-0.0321519672870636,-0.8091312646865845,-0.049514494836330414,-0.0321519672870636,0.4145212411880493,-0.017330073192715643,-0.0080379918217659,0.011926853667147271,0.19999999999998863,72.44548614461621,none,0.021927807439798386,0.0,-0.009999999999999431,-9.53772651684226e-07
R04_head_on_lateral_offset,593,119.59999999999535,86.14192391342128,55.506638826655205,19.304036749283252,-1.097240936327479,0.049906729948962794,0.4204239271697112,-0.016401033424821947,-0.00810188519265157,-0.8128356337547302,-0.053518448024988174,-0.03370751067996025,-0.8128356337547302,-0.053518448024988174,-0.03370751067996025,0.41229861974716187,-0.01873145680874586,-0.008426877669990063,0.011265727980738341,0.19999999999998863,72.5617397526124,none,0.021266371454869315,0.0,-0.009999999999999431,-6.434741315436421e-07
R04_head_on_lateral_offset,594,119.79999999999534,86.17998936721274,55.432049680032605,19.299922721116502,-1.100629917912853,0.04825983057750846,0.41810357016297883,-0.017412544681774632,-0.008348519647956482,-0.8167871236801147,-0.055639103055000305,-0.03540433198213577,-0.8167871236801147,-0.055639103055000305,-0.03540433198213577,0.40992772579193115,-0.019473686069250106,-0.008851082995533943,0.010628739491766856,0.19999999999998863,72.6776480038741,none,0.020629199304824652,0.0,-0.009999999999999431,-4.598130583649551e-07
R04_head_on_lateral_offset,595,119.99999999999532,86.21758720633616,55.357738887680426,19.295971012277715,-1.104196429597313,0.046556578193405945,0.41575257669061255,-0.018193696629545848,-0.008660490877199417,-0.8208853602409363,-0.05652982369065285,-0.037184759974479675,-0.8208853602409363,-0.05652982369065285,-0.037184759974479675,0.4074687838554382,-0.019785438291728494,-0.009296189993619919,0.010012889264435009,0.19999999999998863,72.7931952242698,none,0.020013304441434343,0.0,-0.009999999999999431,-4.1517699990306636e-07
R04_head_on_lateral_offset,596,120.19999999999531,86.25469807211219,55.28372446292407,19.292185414366884,-1.1078811458674342,0.04481895097064133,0.4132033774565072,-0.018621241922216855,-0.008711906172347052,-0.8262979984283447,-0.05569269880652428,-0.0352666974067688,-0.8262979984283447,-0.05569269880652428,-0.0352666974067688,0.40422120094299313,-0.019492444582283497,-0.0088166743516922,0.009409918065937543,0.19999999999998863,72.90836545607999,none,0.019410591593821636,0.0,-0.009999999999999431,-6.735278846614623e-07
R04_head_on_lateral_offset,597,120.3999999999953,86.29130210572714,55.21003775609429,19.288566699534993,-1.1116329984111681,0.043091452931338994,0.4104949664575494,-0.018877936414751023,-0.00857350549908258,-0.8317469954490662,-0.05543142557144165,-0.03316595405340195,-0.8317469954490662,-0.05543142557144165,-0.03316595405340195,0.4009518027305603,-0.019400998950004578,-0.008291488513350487,0.008813166813723917,0.19999999999998863,73.02313854062406,none,0.018813850272820787,0.0,-0.009999999999999431,-6.834590974383325e-07
R04_head_on_lateral_offset,598,120.59999999999529,86.32738800616491,55.13670050372803,19.285112012013776,-1.115429426931051,0.04139821055557923,0.40771230010185844,-0.01907174165554493,-0.008373958169123355,-0.8368208408355713,-0.055619016289711,-0.031869374215602875,-0.8368208408355713,-0.055619016289711,-0.031869374215602875,0.3979074954986572,-0.019466655701398848,-0.007967343553900719,0.008223165465994843,0.19999999999998863,73.13749418166255,none,0.018223714670325464,0.0,-0.009999999999999431,-5.492043311905448e-07
R04_head_on_lateral_offset,599,120.79999999999528,86.36295181887814,55.06372295937502,19.281816784432056,-1.1192595866311146,0.039743899159885444,0.4049080741507669,-0.019218773531696348,-0.008183509900850927,-0.8416211605072021,-0.055766794830560684,-0.03118174523115158,-0.8416211605072021,-0.055766794830560684,-0.03118174523115158,0.3950273036956787,-0.01951837819069624,-0.007795436307787895,0.007641973758515965,0.19999999999998863,73.2514202809875,none,0.01764244451333674,0.0,-0.009999999999999431,-4.7075482134478764e-07
R04_head_on_lateral_offset,600,120.99999999999527,86.39799435018789,54.99110761211452,19.278676287972363,-1.1231163432611464,0.038119636850686235,0.40212080520190185,-0.019339680028760582,-0.008067831861408158,-0.8461670279502869,-0.055960141122341156,-0.0313284657895565,-0.8461670279502869,-0.055960141122341156,-0.0313284657895565,0.39229978322982784,-0.019586049392819403,-0.007832116447389126,0.007071104450670627,0.19999999999998863,73.364911710887,none,0.017071518927080476,0.0,-0.009999999999999431,-4.1447641041802986e-07
R04_head_on_lateral_offset,601,121.19999999999526,86.43252046356145,54.918849033104756,19.27568700200751,-1.1270051764854283,0.036494036478376395,0.39939974611483153,-0.019534005849354736,-0.008179737516563021,-0.8503133058547974,-0.05694280192255974,-0.033631063997745514,-0.8503133058547974,-0.05694280192255974,-0.033631063997745514,0.38981201648712155,-0.019929980672895906,-0.008407765999436378,0.006512275631489111,0.19999999999998863,73.47796787453127,none,0.016512744815512903,0.0,-0.009999999999999431,-4.6918402436146867e-07
R04_head_on_lateral_offset,602,121.39999999999525,86.466536283115,54.846937562116416,19.27284831632613,-1.1309282252401693,0.03483295075403702,0.39674063272169985,-0.019685094151273425,-0.008413500944087809,-0.8543813824653625,-0.05712275579571724,-0.03555934876203537,-0.8543813824653625,-0.05712275579571724,-0.03555934876203537,0.38737117052078246,-0.019992964528501033,-0.008889837190508842,0.005967279295323755,0.19999999999998863,73.5905920255172,none,0.015967685293579947,0.0,-0.009999999999999431,-4.05998256761686e-07
R04_head_on_lateral_offset,603,121.59999999999523,86.50004729515202,54.775365910926475,19.270161678701058,-1.1348736092980551,0.033120241514326756,0.3941236991447281,-0.01976288343799335,-0.008692558821173622,-0.8584952354431152,-0.05691826716065407,-0.03704476356506348,-0.8584952354431152,-0.05691826716065407,-0.03704476356506348,0.3849028587341308,-0.019921393506228922,-0.00926119089126587,0.0054348777340875055,0.19999999999998863,73.70278858624502,none,0.015435261175268167,0.0,-0.009999999999999431,-3.834411812297933e-07
R04_head_on_lateral_offset,604,121.79999999999522,86.53305879624602,54.70412954152747,19.267629351326455,-1.138827903170712,0.03135181961213843,0.391542253526622,-0.019778851754305295,-0.008970696894600783,-0.8625892400741577,-0.05660397186875343,-0.038149818778038025,-0.8625892400741577,-0.05660397186875343,-0.038149818778038025,0.38244645595550536,-0.0198113901540637,-0.009537454694509506,0.004913446503937986,0.19999999999998863,73.81456143430354,none,0.014913808119986882,0.0,-0.009999999999999431,-3.6161604946460815e-07
R04_head_on_lateral_offset,605,121.99999999999521,86.56557640118099,54.63322536200462,19.26525356968467,-1.142780155138666,0.02953192350555351,0.3889911861319416,-0.019746133876346078,-0.009210211891876334,-0.8666626214981079,-0.05622704327106476,-0.03879307210445404,-0.8666626214981079,-0.05622704327106476,-0.03879307210445404,0.38000242710113524,-0.019679465144872663,-0.00969826802611351,0.004401686689326317,0.19999999999998863,73.92591435813449,none,0.014402029655050441,0.0,-0.009999999999999431,-3.4296572469366684e-07
R04_head_on_lateral_offset,606,122.1999999999952,86.59760750500702,54.56264837935061,19.26303579925939,-1.1467158171985674,0.02767358002734672,0.3864988758652219,-0.019619993909861792,-0.009361797836044109,-0.8704714179039001,-0.05532274395227432,-0.0386827290058136,-0.8704714179039001,-0.05532274395227432,-0.0386827290058136,0.37771714925765987,-0.01936296038329601,-0.0096706822514534,0.003898996458200607,0.19999999999998863,74.03685153050762,none,0.013899303195458401,0.0,-0.009999999999999431,-3.0673725836316555e-07
R04_head_on_lateral_offset,607,122.39999999999519,86.62916802392513,54.492380098202865,19.26097567488839,-1.1505755766212098,0.02580000206004765,0.3841907113280459,-0.019022624159515705,-0.009373127889228446,-0.8732369542121887,-0.05087249353528023,-0.03758485987782478,-0.8732369542121887,-0.05087249353528023,-0.03758485987782478,0.37605782747268673,-0.01780537273734808,-0.009396214969456196,0.0034051335672353696,0.19999999999998863,74.14737890066877,none,0.013405706731964173,0.0,-0.009999999999999431,-5.731647293721886e-07
R04_head_on_lateral_offset,608,122.59999999999518,86.66028287994148,54.42239660267436,19.25907088456831,-1.154267908333541,0.023930749935741912,0.38203475179219654,-0.017979326459655155,-0.009323159479936203,-0.8759363889694214,-0.04529546946287155,-0.03688535839319229,-0.8759363889694214,-0.04529546946287155,-0.03688535839319229,0.37443816661834717,-0.015853414312005043,-0.009221339598298073,0.0029149221690602032,0.19999999999998863,74.25751072387186,none,0.01291569975801643,0.0,-0.009999999999999431,-7.77588956795694e-07
R04_head_on_lateral_offset,609,122.79999999999517,86.69098130621337,54.35267869863241,19.25731826872976,-1.1577223857190917,0.022077828137400116,0.38003432597603437,-0.016664542825171505,-0.009214265833113177,-0.8783570528030396,-0.03995836526155472,-0.03596949949860573,-0.8783570528030396,-0.03995836526155472,-0.03596949949860573,0.37298576831817626,-0.01398542784154415,-0.008992374874651432,0.002421108923095048,0.19999999999998863,74.36727026348183,none,0.012421812584937797,0.0,-0.009999999999999431,-7.03661843317882e-07
R04_head_on_lateral_offset,610,122.99999999999515,86.72129351032024,54.28321226152835,19.255714057411176,-1.1609247249117274,0.02025256638437006,0.37814401390182795,-0.015450362076695085,-0.009050681101638793,-0.8808609247207642,-0.0370749831199646,-0.03486938774585724,-0.8808609247207642,-0.0370749831199646,-0.03486938774585724,0.3714834451675415,-0.01297624409198761,-0.00871734693646431,0.0019189839978195934,0.19999999999998863,74.47668529236476,none,0.011919299868079491,0.0,-0.009999999999999431,-3.158702604669217e-07
R04_head_on_lateral_offset,611,123.19999999999514,86.75124700209807,54.213985528035415,19.254253761482737,-1.1639048595414179,0.018470964072984746,0.3763722670022958,-0.014428037006027775,-0.008785340752058661,-0.8831175565719604,-0.03527102991938591,-0.032978642731904984,-0.8831175565719604,-0.03527102991938591,-0.032978642731904984,0.37012946605682373,-0.012344860471785069,-0.008244660682976246,0.0014078877557274236,0.19999999999998863,74.58578473653421,none,0.011408126186750245,0.0,-0.009999999999999431,-2.3843102338994004e-07
R04_head_on_lateral_offset,612,123.39999999999513,86.78086609252338,54.144986021390835,19.252931614574045,-1.1667037263534445,0.016754209617393583,0.3747039270228814,-0.01362142553537582,-0.00841045871615767,-0.8852908611297607,-0.034222301095724106,-0.03058626875281334,-0.8852908611297607,-0.034222301095724106,-0.03058626875281334,0.36882548332214354,-0.011977805383503437,-0.007646567188203335,0.0008901710188550675,0.19999999999998863,74.69459493618982,none,0.010890401949616546,0.0,-0.009999999999999431,-2.309307620473877e-07
R04_head_on_lateral_offset,613,123.59999999999512,86.81017464803169,54.076191435824526,19.251740659307387,-1.1693927697792421,0.015107887086994544,0.37323606741916726,-0.013293708780940817,-0.008077836380524481,-0.8865599632263184,-0.03607407212257385,-0.029600227251648903,-0.8865599632263184,-0.03607407212257385,-0.029600227251648903,0.36806402206420896,-0.012625925242900848,-0.007400056812912226,0.0003704959637302618,0.19999999999998863,74.80313909145084,none,0.01037061620280788,0.0,-0.009999999999999431,-1.202390781877144e-07
R04_head_on_lateral_offset,614,123.79999999999511,86.83919552758776,54.007565627682,19.25067418059305,-1.1720402169404651,0.01352855991341409,0.37199701649035694,-0.013188678944950476,-0.007740835183385603,-0.8872813582420349,-0.03707046061754227,-0.0282165315002203,-0.8872813582420349,-0.03707046061754227,-0.0282165315002203,0.36763118505477904,-0.012974661216139792,-0.007054132875055075,-0.00014454418798095164,0.19999999999998863,74.91143988873675,none,0.009855524368313162,0.0,-0.009999999999999431,-6.855629468255354e-08
R04_head_on_lateral_offset,615,123.9999999999951,86.8679462349702,53.939075274624905,19.24972578887817,-1.1746749303422312,0.012018147483912405,0.3709155736210471,-0.013160573392214355,-0.007389750420116829,-0.8881582021713257,-0.037438008934259415,-0.026697400957345963,-0.8881582021713257,-0.037438008934259415,-0.026697400957345963,0.36710507869720455,-0.013103303126990795,-0.006674350239336491,-0.0006531921235611849,0.19999999999998863,75.01951891493552,none,0.009346872110531201,0.0,-0.009999999999999431,-6.423409295498728e-08
R04_head_on_lateral_offset,616,124.19999999999509,86.89643820747489,53.870697371513565,19.248889320525166,-1.177307219731248,0.01057714603259849,0.3699428401942308,-0.01316219804745619,-0.0070461605131254676,-0.8891410231590271,-0.037615738809108734,-0.02538412995636463,-0.8891410231590271,-0.037615738809108734,-0.02538412995636463,0.36651538610458373,-0.013165508583188056,-0.006346032489091158,-0.0011564534100365865,0.19999999999998863,75.12739257557216,none,0.00884360103407733,0.0,-0.009999999999999431,-5.444411448597697e-08
R04_head_on_lateral_offset,617,124.39999999999507,86.92467937276837,53.80241560663861,19.248158972749113,-1.179940519905378,0.00920158333248105,0.36905108422527905,-0.01317020054450683,-0.006733064573499547,-0.8901517391204834,-0.03767573460936546,-0.024380294606089592,-0.8901517391204834,-0.03767573460936546,-0.024380294606089592,0.36590895652770994,-0.013186507113277911,-0.006095073651522398,-0.0016553158196678554,0.19999999999998863,75.23507145462098,none,0.0083447248369648,0.0,-0.009999999999999431,-4.065663322505575e-08
R04_head_on_lateral_offset,618,124.59999999999506,86.95267571515558,53.734217747289236,19.247529541869035,-1.1825744875680806,0.007883694766520883,0.3682221513321689,-0.013169526858339414,-0.006465953300682411,-0.8911643624305725,-0.03762329742312431,-0.023686658591032028,-0.8911643624305725,-0.03762329742312431,-0.023686658591032028,0.36530138254165645,-0.013168154098093509,-0.005921664647758007,-0.0021505432876829608,0.19999999999998863,75.34256278310774,none,0.00784948689804743,0.0,-0.009999999999999431,-3.0185730960433086e-08
R04_head_on_lateral_offset,619,124.79999999999505,86.98043208649666,53.66609436662463,19.246996597512823,-1.1852064490185676,0.006613594833873637,0.36744339468035125,-0.013151450094769708,-0.006251229768886876,-0.8921676278114319,-0.03747032955288887,-0.023254763334989548,-0.8921676278114319,-0.03747032955288887,-0.023254763334989548,0.36469942331314087,-0.013114615343511105,-0.005813690833747387,-0.0026427941013873477,0.19999999999998863,75.44987194640653,none,0.007357230228094203,0.0,-0.009999999999999431,-2.432948211894548e-08
R04_head_on_lateral_offset,620,124.99999999999504,87.00795267895307,53.59803809326104,19.24655654388071,-1.1878326082203743,0.005380959770615348,0.3667055245473062,-0.013113037115036122,-0.0060874639190631645,-0.8931573033332825,-0.03724218159914017,-0.023015042766928673,-0.8931573033332825,-0.03724218159914017,-0.023015042766928673,0.3641056180000305,-0.013034763559699057,-0.005753760691732168,-0.003132656440206442,0.19999999999998863,75.55700326316123,none,0.006867365339294551,0.0,-0.009999999999999431,-2.177950156202757e-08
R04_head_on_lateral_offset,621,125.19999999999503,87.03524424424857,53.53003567314069,19.24620672516692,-1.1904503192171665,0.004168607828220752,0.3660780241850043,-0.013067504641858371,-0.0060396585986722635,-0.8935549855232239,-0.03707063943147659,-0.023768985643982887,-0.8935549855232239,-0.03707063943147659,-0.023768985643982887,0.36386700868606564,-0.012974723801016807,-0.005942246410995722,-0.00361992420159539,0.19999999999998863,75.6639604383974,none,0.006380090918558068,0.0,-0.009999999999999431,-1.512015402688194e-08
R04_head_on_lateral_offset,622,125.39999999999502,87.0623155381225,53.462069126935916,19.245945983893318,-1.19305389053174,0.0029582683470951703,0.365546456046019,-0.01297516793462282,-0.006062048669745819,-0.8938775658607483,-0.036534328013658524,-0.024430690333247185,-0.8938775658607483,-0.036534328013658524,-0.024430690333247185,0.363673460483551,-0.012787014804780483,-0.006107672583311796,-0.0041046633779264294,0.19999999999998863,75.77074971735364,none,0.005895353212895138,0.0,-0.009999999999999431,-1.6590822136675065e-08
R04_head_on_lateral_offset,623,125.599999999995,87.08917351391334,53.394125652404824,19.245774192875196,-1.195643067241601,0.0017433915278654588,0.36507150811989497,-0.012920704110171422,-0.006084990401006856,-0.8943366408348083,-0.036599211394786835,-0.02452695369720459,-0.8943366408348083,-0.036599211394786835,-0.02452695369720459,0.363398015499115,-0.01280972398817539,-0.0061317384243011475,-0.004588025798902127,0.19999999999998863,75.87737935737063,none,0.005411978685623708,0.0,-0.009999999999999431,-4.48452640390562e-09
R04_head_on_lateral_offset,624,125.799999999995,87.11582259007496,53.32619727453196,19.24569131534798,-1.1982293261840402,0.0005288222513993945,0.36463709009345036,-0.012940400773880444,-0.006062404654571348,-0.8948226571083069,-0.037087246775627136,-0.024065528064966202,-0.8948226571083069,-0.037087246775627136,-0.024065528064966202,0.36310640573501585,-0.012980536371469497,-0.0060163820162415504,-0.005070250511932,0.19999999999998863,75.98385589729466,none,0.0049297632341467335,0.0,-0.009999999999999431,-1.3746079302878744e-08
R04_head_on_lateral_offset,625,125.99999999999498,87.14226535842012,53.25827792319335,19.24569677600164,-1.2008244129423136,-0.0006762901290126861,0.36423449515975986,-0.013005556046686784,-0.005993883591786242,-0.8953067660331726,-0.037538062781095505,-0.02341703698039055,-0.8953067660331726,-0.037538062781095505,-0.02341703698039055,0.3628159403800964,-0.013138321973383426,-0.005854259245097637,-0.005550757510839036,0.19999999999998863,76.09018340923413,none,0.004449259651904569,0.0,-0.009999999999999431,-1.7162744173904176e-08
R04_head_on_lateral_offset,626,126.19999999999497,87.16850307525405,53.19036300477209,19.24578940838968,-1.2034349484271938,-0.00186496345569697,0.3638538737857682,-0.013093193550966536,-0.0058999309025890845,-0.8958120942115784,-0.03791934624314308,-0.022833939641714096,-0.8958120942115784,-0.03791934624314308,-0.022833939641714096,0.36251274347305296,-0.013271771185100078,-0.005708484910428524,-0.006029157914164168,0.19999999999998863,76.19636418140821,none,0.003970856900558317,0.0,-0.009999999999999431,-1.4814723053868662e-08
R04_head_on_lateral_offset,627,126.39999999999496,87.1945361222902,53.122449190693956,19.245967708576863,-1.206063491529519,-0.0030344288125760148,0.3634899256235247,-0.013185295718809165,-0.0058020964618956065,-0.8963207602500916,-0.0382084883749485,-0.022410962730646133,-0.8963207602500916,-0.0382084883749485,-0.022410962730646133,0.362207543849945,-0.013372970931231975,-0.005602740682661533,-0.006505292904162206,0.19999999999998863,76.30239920001459,none,0.0034947175209127934,0.0,-0.009999999999999431,-1.0425075568365472e-08
R04_head_on_lateral_offset,628,126.59999999999495,87.2203645000804,53.05453390006936,19.246230128210353,-1.208709467313818,-0.0041856184395021225,0.3631395340151696,-0.013268212662364854,-0.005716268660918527,-0.8968251347541809,-0.03839191794395447,-0.022165514528751373,-0.8968251347541809,-0.03839191794395447,-0.022165514528751373,0.36190491914749146,-0.013437171280384063,-0.005541378632187843,-0.006979158124394389,0.19999999999998863,76.40828860059838,none,0.0030208488413023815,0.0,-0.009999999999999431,-6.965697339489374e-09
R04_head_on_lateral_offset,629,126.79999999999494,87.24598812833867,52.98661507735923,19.246575295969098,-1.211370125769174,-0.0053218794494760795,0.36280061124685187,-0.013333454597291882,-0.005651242471923735,-0.8973226547241211,-0.03847542032599449,-0.022074958309531212,-0.8973226547241211,-0.03847542032599449,-0.022074958309531212,0.36160640716552733,-0.013466397114098071,-0.005518739577382803,-0.0074508805580256795,0.19999999999998863,76.51403215254051,none,0.002549124695957694,0.0,-0.009999999999999431,-5.253983942701824e-09
R04_head_on_lateral_offset,630,126.99999999999493,87.27140701691673,52.91869109340648,19.24700214051478,-1.2140415583862811,-0.006447623870274431,0.3624715943756097,-0.013377548230389013,-0.0056093585343826285,-0.8978128433227539,-0.03847827762365341,-0.022096049040555954,-0.8978128433227539,-0.03847827762365341,-0.022096049040555954,0.3613122940063476,-0.013467397168278694,-0.0055240122601389885,-0.007920672830368637,0.19999999999998863,76.6196295538824,none,0.0020793319843877,0.0,-0.009999999999999431,-4.814756906293405e-09
R04_head_on_lateral_offset,631,127.19999999999492,87.29662331326367,52.85075455620479,19.24750970098297,-1.2167316881072894,-0.007555830717592861,0.3622126398548951,-0.01351350211601878,-0.005482287314683207,-0.897832989692688,-0.039401523768901825,-0.02089342474937439,-0.897832989692688,-0.039401523768901825,-0.02089342474937439,0.3613002061843872,-0.013790533319115637,-0.005223356187343597,-0.008388447374789203,0.19999999999998863,76.7250805988464,none,0.0016115986071003618,0.0,-0.009999999999999431,-4.59818901335507e-08
R04_head_on_lateral_offset,632,127.3999999999949,87.32164031803525,52.782791393991225,19.248096004881702,-1.219461388125738,-0.008626250101504246,0.3620326174850314,-0.013764574692694497,-0.005240155996296625,-0.8976694941520691,-0.04078909009695053,-0.018987074494361877,-0.8976694941520691,-0.04078909009695053,-0.018987074494361877,0.3613983035087585,-0.014276181533932685,-0.004746768623590469,-0.008853210060812152,0.19999999999998863,76.83038723693518,none,0.0011469016640353047,0.0,-0.009999999999999431,-1.117248480264621e-07
R04_head_on_lateral_offset,633,127.59999999999489,87.34645946498749,52.71478794439489,19.248757644177093,-1.2222485035141848,-0.009641340564973946,0.3619136273838415,-0.014082608907799386,-0.004933836018635099,-0.8975093960762024,-0.0420876070857048,-0.017238609492778778,-0.8975093960762024,-0.0420876070857048,-0.017238609492778778,0.36149436235427856,-0.01473066247999668,-0.0043096523731946945,-0.009313850435760279,0.19999999999998863,76.93555262677303,none,0.0006862449423916672,0.0,-0.009999999999999431,-9.537815251481341e-08
R04_head_on_lateral_offset,634,127.79999999999488,87.37108018688996,52.64673302096644,19.249490353705276,-1.2251007092040922,-0.010594873011240466,0.36184330792070746,-0.014414437986472975,-0.004624781897078603,-0.8973407745361328,-0.0431160032749176,-0.015980107709765434,-0.8973407745361328,-0.0431160032749176,-0.015980107709765434,0.3615955352783203,-0.01509060114622116,-0.0039950269274413586,-0.009769889184565861,0.19999999999998863,77.04057812295163,none,0.0002301642126072423,0.0,-0.009999999999999431,-5.339717367221219e-08
R04_head_on_lateral_offset,635,127.99999999999487,87.39550095946326,52.578617261949525,19.250289838383996,-1.2280162103458303,-0.011491322824654256,0.36181365092521633,-0.014717715371327506,-0.004359695812885272,-0.8971514105796814,-0.04381628334522247,-0.015278135426342487,-0.8971514105796814,-0.04381628334522247,-0.015278135426342487,0.36170915365219114,-0.015335699170827865,-0.003819533856585622,-0.010221378028349859,0.19999999999998863,77.14546312490332,none,-0.00022135764803099534,0.0,-0.009999999999999431,-2.038031943126309e-08
R04_head_on_lateral_offset,636,128.1999999999949,87.41972009978295,52.5104327220696,19.25115242147693,-1.2309863775449652,-0.012342213685127274,0.36181902732209414,-0.014965296402529915,-0.004163965047443412,-0.8969367146492004,-0.044199395924806595,-0.01506050955504179,-0.8969367146492004,-0.044199395924806595,-0.01506050955504179,0.3618379712104797,-0.015469788573682306,-0.0037651273887604475,-0.010668812894898363,0.20000000000003126,77.25020610537837,none,-0.0006688080902845783,0.0,-0.010000000000001563,-4.804612221201432e-09
R04_head_on_lateral_offset,637,128.39999999999495,87.44373624067265,52.44217271607471,19.252075402614164,-1.2339988788543161,-0.013162099411446661,0.3618545938901906,-0.015146090234203978,-0.0040439386243137036,-0.8967001438140869,-0.04432711750268936,-0.015197450295090675,-0.8967001438140869,-0.04432711750268936,-0.015197450295090675,0.3619799137115478,-0.015514491125941275,-0.003799362573772669,-0.011112982101764209,0.20000000000004547,77.35480539713107,none,-0.0011129802811353784,0.0,-0.010000000000002274,-1.820626555366217e-09
R04_head_on_lateral_offset,638,128.599999999995,87.46754852816598,52.37383177443486,19.253057147650484,-1.2370404929531058,-0.013965267725363259,0.36191577958076193,-0.015261362654963275,-0.0039916830266705,-0.8964477181434631,-0.04427500441670418,-0.01554081030189991,-0.8964477181434631,-0.04427500441670418,-0.01554081030189991,0.3621313691139221,-0.01549625154584646,-0.0038852025754749775,-0.011554789604815258,0.20000000000004547,77.45925965882552,none,-0.0015547859182012402,0.0,-0.010000000000002274,-3.6866117439360304e-09
R04_head_on_lateral_offset,639,128.79999999999504,87.49115662506654,52.3054056187295,19.254096978229633,-1.2400991695314183,-0.014763544440729555,0.3619979170172965,-0.015320914683322705,-0.003991126102450073,-0.8961877822875977,-0.044120751321315765,-0.01595996506512165,-0.8961877822875977,-0.044120751321315765,-0.01595996506512165,0.3622873306274414,-0.015442262962460518,-0.003989991266280413,-0.011995105757926906,0.20000000000004547,77.56356806656802,none,-0.001995100416896989,0.0,-0.010000000000002274,-5.341027642657981e-09
R04_head_on_lateral_offset,640,128.99999999999508,87.51456059780095,52.23689110741243,19.255194944995203,-1.2431652873994903,-0.015565219678747386,0.36209646143906915,-0.015338907849876534,-0.004023208242290607,-0.8959271907806396,-0.04393020644783974,-0.016354326158761978,-0.8959271907806396,-0.04393020644783974,-0.016354326158761978,0.3624436855316162,-0.015375572256743906,-0.0040885815396904945,-0.012434659658015636,0.20000000000004547,77.66773031354285,none,-0.0024346544632942724,0.0,-0.010000000000002274,-5.194719089676725e-09
R04_head_on_lateral_offset,641,129.19999999999513,87.53775923659619,52.16828805684395,19.256351286043593,-1.2462671049084852,-0.01636489141422655,0.3621850008685154,-0.015655412257879097,-0.0039769924066026365,-0.8958383798599243,-0.046572424471378326,-0.015531276352703571,-0.8958383798599243,-0.046572424471378326,-0.015531276352703571,0.3624969720840454,-0.016300348564982414,-0.003882819088175893,-0.012873234199898168,0.20000000000004547,77.77174649447294,none,-0.0028730808676069586,0.0,-0.010000000000002274,-1.5333228893606513e-07
R04_head_on_lateral_offset,642,129.39999999999517,87.56074877840436,52.099593451796544,19.257565252750233,-1.2494500228893743,-0.017142395573301036,0.362305427031019,-0.01613743725825335,-0.0038105908900827276,-0.8954504132270813,-0.048913292586803436,-0.013886068016290665,-0.8954504132270813,-0.048913292586803436,-0.013886068016290665,0.3627297520637512,-0.0171196524053812,-0.003471517004072666,-0.013307376694927743,0.20000000000004547,77.87561540710234,none,-0.0033072099570832236,0.0,-0.010000000000002274,-1.6673784224431956e-07
R04_head_on_lateral_offset,643,129.59999999999522,87.58352409978554,52.03080074817178,19.258834631743927,-1.2527351020879245,-0.017879567213196716,0.36244765495822184,-0.016672990038144212,-0.0035786099456156617,-0.895085334777832,-0.050755079835653305,-0.012423623353242874,-0.895085334777832,-0.050755079835653305,-0.012423623353242874,0.36294879913330075,-0.017764277942478656,-0.0031059058383107185,-0.013735092203850427,0.20000000000004547,77.979333339398,none,-0.0037349789197094196,0.0,-0.010000000000002274,-1.1328413873218368e-07
R04_head_on_lateral_offset,644,129.79999999999526,87.60607899599647,51.961903501444084,19.26015650141512,-1.2561305353508727,-0.01857807821593076,0.3626172059947427,-0.017238704604128744,-0.00341856285377448,-0.8946422934532166,-0.05254700779914856,-0.012369749136269093,-0.8946422934532166,-0.05254700779914856,-0.012369749136269093,0.36321462392807,-0.018391452729701996,-0.003092437284067273,-0.014155636012325237,0.20000000000004547,78.08289528729692,none,-0.004155567808445504,0.0,-0.010000000000002274,-6.820387745855653e-08
R04_head_on_lateral_offset,645,129.9999999999953,87.62840741479704,51.89289382062161,19.26152878501826,-1.2596321248530553,-0.019253977730654046,0.3628234802387796,-0.01773944922451768,-0.003345908279075349,-0.8940828442573547,-0.05359945446252823,-0.012791444547474384,-0.8940828442573547,-0.05359945446252823,-0.012791444547474384,0.36355029344558715,-0.018759809061884878,-0.003197861136868596,-0.01456885252450139,0.20000000000004547,78.1862951942118,none,-0.0045688205554110795,0.0,-0.010000000000002274,-3.1969088036820636e-08
R04_head_on_lateral_offset,646,130.19999999999536,87.65050483407786,51.82376434320475,19.262950819180634,-1.2631870088970296,-0.019931726185774767,0.36305857288523313,-0.017804489147027626,-0.0034255720057357647,-0.893521785736084,-0.05124862864613533,-0.014351606369018555,-0.893521785736084,-0.05124862864613533,-0.014351606369018555,0.3638869285583496,-0.017937020026147363,-0.0035879015922546387,-0.01497655666551369,0.20000000000004547,78.28952719124652,none,-0.004976391160039562,0.0,-0.010000000000002274,-1.6550547185427769e-07
R04_head_on_lateral_offset,647,130.3999999999954,87.6723716141672,51.754515422777054,19.264424386985006,-1.2666460302470466,-0.020661669560521727,0.3632745436748601,-0.01685712716064699,-0.0038424421776524116,-0.8932741284370422,-0.042647719383239746,-0.018767569214105606,-0.8932741284370422,-0.042647719383239746,-0.018767569214105606,0.36403552293777464,-0.01492670178413391,-0.0046918923035264015,-0.015386557634779776,0.20000000000004547,78.39258694645412,none,-0.00538468688073479,0.0,-0.010000000000002274,-1.8707540427104208e-06
R04_head_on_lateral_offset,648,130.59999999999545,87.69401533537382,51.68516443355982,19.265955330661775,-1.2698745719073197,-0.02150352935928928,0.36338120696360326,-0.015528433288028312,-0.004524731562179639,-0.8937382698059082,-0.036631353199481964,-0.023660089820623398,-0.8937382698059082,-0.036631353199481964,-0.023660089820623398,0.36375703811645504,-0.012820973619818687,-0.0059150224551558495,-0.015805140667057443,0.20000000000004547,78.49547489280572,none,-0.0058039336901121175,0.0,-0.010000000000002274,-1.2069769430511635e-06
R04_head_on_lateral_offset,649,130.7999999999955,87.71544830627438,51.61573381172933,19.26755290075567,-1.2728359213352385,-0.022489477659195064,0.36342744095919866,-0.014186223531216376,-0.005277979065537514,-0.8940160870552063,-0.03271777927875519,-0.027251441031694412,-0.8940160870552063,-0.03271777927875519,-0.027251441031694412,0.3635903477668762,-0.011451222747564315,-0.006812860257923603,-0.016239429135644416,0.20000000000004547,78.59819836481466,none,-0.0062388633147065775,0.0,-0.010000000000002274,-5.658209355652311e-07
R04_head_on_lateral_offset,650,130.99999999999554,87.73668551018619,51.54623987354042,19.26922747377057,-1.2755414421015092,-0.02361669531355434,0.3634309765351845,-0.01296130631602276,-0.005943999428665838,-0.8942609429359436,-0.029900887981057167,-0.029204556718468666,-0.8942609429359436,-0.029900887981057167,-0.029204556718468666,0.36344343423843384,-0.010465310793370007,-0.0073011391796171665,-0.016690282355451343,0.20000000000004547,78.70076924814725,none,-0.0066900461656116406,0.0,-0.010000000000002274,-2.3618983742604295e-07
R04_head_on_lateral_offset,651,131.19999999999558,87.75774102433826,51.47669680010981,19.27098828990579,-1.2780203941267974,-0.02485962465755468,0.36339118860254427,-0.011907629693584916,-0.006447355958195884,-0.89458167552948,-0.027887338772416115,-0.029892152175307274,-0.89458167552948,-0.027887338772416115,-0.029892152175307274,0.363250994682312,-0.00976056857034564,-0.0074730380438268185,-0.01715588184873042,0.20000000000004547,78.80320212910698,none,-0.007155789247981659,0.0,-0.010000000000002274,-9.260074648881345e-08
R04_head_on_lateral_offset,652,131.39999999999563,87.77862671074648,51.4071179730215,19.272842293953897,-1.2803086227023917,-0.026183685700945723,0.3633083334176221,-0.011040045970800619,-0.006769011269225216,-0.8949726819992065,-0.026491953060030937,-0.029697773978114128,-0.8949726819992065,-0.026491953060030937,-0.029697773978114128,0.36301639080047604,-0.009272183571010827,-0.007424443494528532,-0.01763357788865946,0.20000000000004547,78.90551068557002,none,-0.0076335351332526,0.0,-0.010000000000002274,-4.2755404584815526e-08
R04_head_on_lateral_offset,653,131.59999999999567,87.79935259830208,51.337514490168466,19.274793729632623,-1.2824344707587962,-0.027548173987237617,0.3631966120228344,-0.010276019385522037,-0.00686838200706528,-0.8953284025192261,-0.024911925196647644,-0.02828347310423851,-0.8953284025192261,-0.024911925196647644,-0.02828347310423851,0.36280295848846433,-0.008719173818826675,-0.0070708682760596275,-0.0181209860051424,0.20000000000004547,79.00770637126611,none,-0.008120893539698137,0.0,-0.010000000000002274,-9.246544198551754e-08
R04_head_on_lateral_offset,654,131.79999999999572,87.81992724943342,51.267896470250534,19.276843679112012,-1.2844209918754872,-0.028908980407461343,0.3630466096798941,-0.009637329898745564,-0.006748702459662396,-0.8958032131195068,-0.023816805332899094,-0.02601933293044567,-0.8958032131195068,-0.023816805332899094,-0.02601933293044567,0.3625180721282959,-0.008335881866514683,-0.006504833232611418,-0.018616291706249195,0.20000000000004547,79.1097988354406,none,-0.008616160684979945,0.0,-0.010000000000002274,-1.3102126697396576e-07
R04_head_on_lateral_offset,655,131.99999999999577,87.84035660886089,51.19827653194727,19.278989141541533,-1.286295926836208,-0.030189613858474754,0.36283520475220515,-0.009148837453460248,-0.0061060675359685705,-0.8965161442756653,-0.023295553401112556,-0.019186319783329964,-0.8965161442756653,-0.023295553401112556,-0.019186319783329964,0.3620903134346008,-0.008153443690389395,-0.004796579945832491,-0.019118077574200497,0.20000000000004547,79.21179627495194,none,-0.009117128173336653,0.0,-0.010000000000002274,-9.494008615693744e-07
R04_head_on_lateral_offset,656,132.1999999999958,87.86064405872311,51.128668221722734,19.281220971941067,-1.288094225971094,-0.03132491165691704,0.3625656777398875,-0.008856209319436247,-0.005307126730468938,-0.8973066806793213,-0.023599786683917046,-0.014716547913849354,-0.8973066806793213,-0.023599786683917046,-0.014716547913849354,0.3616159915924072,-0.008259925339370965,-0.0036791369784623384,-0.019621877772935743,0.20000000000004547,79.31370421768531,none,-0.009621463845608247,0.0,-0.010000000000002274,-4.139273252214311e-07
R04_head_on_lateral_offset,657,132.39999999999586,87.88079225173199,51.05907774056111,19.2835278308853,-1.2898570060110608,-0.032309477045051,0.36229912748740284,-0.008777521771870427,-0.004592396471992529,-0.8977334499359131,-0.02462051808834076,-0.012544005177915096,-0.8977334499359131,-0.02462051808834076,-0.012544005177915096,0.3613599300384521,-0.008617181330919266,-0.003136001294478774,-0.020127240170952222,0.20000000000004547,79.41552562160176,none,-0.01012712129161919,0.0,-0.010000000000002274,-1.1887933075618862e-07
R04_head_on_lateral_offset,658,132.5999999999959,87.90080397427273,50.98950071625775,19.28589961385498,-1.2916164525512144,-0.03316658604646517,0.3620771295130066,-0.008814180645176885,-0.004021706524563841,-0.8978418111801147,-0.0253967996686697,-0.011435280553996563,-0.8978418111801147,-0.0253967996686697,-0.011435280553996563,0.36129491329193114,-0.008888879884034395,-0.0028588201384991407,-0.02063255557045748,0.20000000000004547,79.5172628662218,none,-0.010632518697944349,0.0,-0.010000000000002274,-3.687251085772447e-08
R04_head_on_lateral_offset,659,132.79999999999595,87.92068151772877,50.91992872190045,19.28832825377507,-1.2933827294635518,-0.03392122585814724,0.36189807280574837,-0.008846176914808681,-0.0035595261897527083,-0.8978880643844604,-0.025461072102189064,-0.010470992885529995,-0.8978880643844604,-0.025461072102189064,-0.010470992885529995,0.3612671613693237,-0.008911375235766171,-0.0026177482213824987,-0.02113662041526166,0.20000000000004547,79.61891869559386,none,-0.011136601692839143,0.0,-0.010000000000002274,-1.872242024358872e-08
R04_head_on_lateral_offset,660,132.999999999996,87.94042667520173,50.8503546750853,19.29080727699193,-1.2951504660810815,-0.03459364631495613,0.3617501164292519,-0.008832239709624316,-0.0031923523247084098,-0.8979520201683044,-0.025153828784823418,-0.00977667048573494,-0.8979520201683044,-0.025153828784823418,-0.00977667048573494,0.3612287878990173,-0.008803840074688195,-0.002444167621433735,-0.021639115723620313,0.20000000000004547,79.72049545953767,none,-0.011639104112170173,0.0,-0.010000000000002274,-1.1611447864202235e-08
R04_head_on_lateral_offset,661,133.19999999999604,87.960041259601,50.78077342377356,19.293331550039397,-1.2969104949596348,-0.035201908499275035,0.3616266776667911,-0.008772548045140188,-0.002911441785713144,-0.8980137705802917,-0.024716900661587715,-0.009356138296425343,-0.8980137705802917,-0.024716900661587715,-0.009356138296425343,0.36119173765182494,-0.0086509152315557,-0.0023390345741063356,-0.02214030016671244,0.20000000000004547,79.82199498826986,none,-0.012140292735377756,0.0,-0.010000000000002274,-7.431332410007957e-09
R04_head_on_lateral_offset,662,133.39999999999608,87.97952738371347,50.71118099503153,19.295897152523704,-1.2986547305376013,-0.03576191392607374,0.3615239809361329,-0.00867700855915747,-0.002704230059515651,-0.8980631232261658,-0.024235226213932037,-0.009127991273999214,-0.8980631232261658,-0.024235226213932037,-0.009127991273999214,0.36116212606430054,-0.008482329174876213,-0.0022819978184998035,-0.022640579772902736,0.20000000000004547,79.92341909109705,none,-0.01264057404296004,0.0,-0.010000000000002274,-5.729940420421547e-09
R04_head_on_lateral_offset,663,133.59999999999613,87.99888743389397,50.64157423784834,19.298501204417768,-1.30037724042669,-0.03628685039049187,0.36143884813078564,-0.008557125904445784,-0.002556285209062593,-0.8981018662452698,-0.02375097945332527,-0.009019280783832073,-0.8981018662452698,-0.02375097945332527,-0.009019280783832073,0.36113888025283813,-0.008312842808663845,-0.0022548201959580183,-0.023140271553973805,0.20000000000004547,80.02476985075798,none,-0.013140266597693184,0.0,-0.010000000000002274,-4.956278347196391e-09
R04_head_on_lateral_offset,664,133.79999999999617,88.01812394211082,50.571950698939794,19.30114166158865,-1.302074317281856,-0.036787075544121445,0.3613682977359456,-0.008423699048318472,-0.002453698315941999,-0.8981338143348694,-0.023290906101465225,-0.008978634141385555,-0.8981338143348694,-0.023290906101465225,-0.008978634141385555,0.36111971139907834,-0.008151817135512829,-0.002244658535346389,-0.023639541915116264,0.20000000000004547,80.12604960420494,none,-0.013639537628307608,0.0,-0.010000000000002274,-4.286806381259556e-09
R04_head_on_lateral_offset,665,133.99999999999622,88.03723945728291,50.50230852724514,19.30381711794901,-1.3037442631072604,-0.03727037701407159,0.3613096515817206,-0.008286127958322686,-0.0023845296367378584,-0.8981616497039795,-0.022873718291521072,-0.008974342606961727,-0.8981616497039795,-0.022873718291521072,-0.008974342606961727,0.36110301017761226,-0.008005801402032374,-0.002243585651740432,-0.024138412539465193,0.20000000000004547,80.22726081687958,none,-0.01413840904268504,0.0,-0.010000000000002274,-3.4967778761441084e-09
R04_head_on_lateral_offset,666,134.19999999999627,88.05623644210431,50.432646361523,19.30652663491434,-1.3053870378416017,-0.03774236723907536,0.3612606733384499,-0.00815174764815843,-0.0023388179124533477,-0.8981865048408508,-0.022508351132273674,-0.008982687257230282,-0.8981865048408508,-0.022508351132273674,-0.008982687257230282,0.3610880970954895,-0.007877922896295785,-0.0022456718143075705,-0.02463678638951687,0.20000000000004547,80.32840595594841,none,-0.014636783705903156,0.0,-0.010000000000002274,-2.683611441470224e-09
R04_head_on_lateral_offset,667,134.3999999999963,88.07511719756721,50.36296322503844,19.30926960092751,-1.3070038147140126,-0.038206914588011176,0.36121946293474444,-0.008025533829400756,-0.0023089097587020314,-0.8982095718383789,-0.02219528518617153,-0.008991865441203117,-0.8982095718383789,-0.02219528518617153,-0.008991865441203117,0.36107425689697265,-0.007768349815160036,-0.0022479663603007793,-0.025134478088067052,0.20000000000004547,80.42948738976841,none,-0.015134476115532536,0.0,-0.010000000000002274,-1.9725322408965795e-09
R04_head_on_lateral_offset,668,134.59999999999636,88.09388381487994,50.29325844012209,19.31204562260324,-1.3085965571947018,-0.03866655807457234,0.36118445337563715,-0.00791055681165273,-0.0022890239064211997,-0.8982315063476562,-0.021932199597358704,-0.008994011208415031,-0.8982315063476562,-0.021932199597358704,-0.008994011208415031,0.36106109619140625,-0.007676269859075545,-0.002248502802103758,-0.025631244348989432,0.20000000000004547,80.53050731509234,none,-0.015631242954992075,0.0,-0.010000000000002274,-1.3939950811031609e-09
R04_head_on_lateral_offset,669,134.7999999999964,88.11253843806534,50.223530134363514,19.31485409221255,-1.31017153199577,-0.03910550037348297,0.361168046026206,-0.007844193045509956,-0.0021136193490905618,-0.8981496095657349,-0.022025613114237785,-0.007024800404906273,-0.8981496095657349,-0.022025613114237785,-0.007024800404906273,0.36111023426055905,-0.007708964589983224,-0.0017562001012265682,-0.026127163399853978,0.20000000000004547,80.63146771123473,none,-0.01612708553536457,0.0,-0.010000000000002274,-7.786448713360817e-08
R04_head_on_lateral_offset,670,134.99999999999645,88.1310829452252,50.153774630389684,19.317692390523785,-1.3117419115951476,-0.03948582552423595,0.36117411357223406,-0.007858522904737313,-0.0017193484147722195,-0.8980075120925903,-0.022536350414156914,-0.003663793671876192,-0.8980075120925903,-0.022536350414156914,-0.003663793671876192,0.3611954927444458,-0.007887722644954919,-0.000915948417969048,-0.026622109452006083,0.20000000000004547,80.73237065547657,none,-0.016621877903792992,0.0,-0.010000000000002274,-2.315482108175256e-07
R04_head_on_lateral_offset,671,135.1999999999965,88.14951811291681,50.083988149016584,19.32055522935143,-1.3133225597449014,-0.039779622896513114,0.3611963040293658,-0.007941690257601703,-0.001253719802646392,-0.8978758454322815,-0.023174740374088287,-0.0012196613242849708,-0.8978758454322815,-0.023174740374088287,-0.0012196613242849708,0.36127449274063106,-0.0081111591309309,-0.0003049153310712427,-0.027114933605578165,0.20000000000004547,80.83321804532025,none,-0.01711480563236023,0.0,-0.010000000000002274,-1.2797321565839677e-07
R04_head_on_lateral_offset,672,135.39999999999654,88.1678437505371,50.014166848644926,19.323436217955837,-1.3149236199246364,-0.039982223047250375,0.3612381685184959,-0.008059994901898977,-0.0008060245588541511,-0.8976905345916748,-0.023717321455478668,0.0004249494231771678,-0.8976905345916748,-0.023717321455478668,0.0004249494231771678,0.3613856792449951,-0.008301062509417534,0.00010623735579429194,-0.027605116143456822,0.20000000000004547,80.93401071529378,none,-0.017605055473877584,0.0,-0.010000000000002274,-6.066957696394174e-08
R04_head_on_lateral_offset,673,135.59999999999658,88.18605931595052,49.94430631824843,19.326329171031023,-1.3165474943065176,-0.04010161029522249,0.36130097099684205,-0.008170425729732337,-0.0004171569293486056,-0.8974629044532776,-0.023986997082829475,0.0015009313356131315,-0.8974629044532776,-0.023986997082829475,0.0015009313356131315,0.36152225732803345,-0.008395448978990316,0.0003752328339032829,-0.028092349496629112,0.20000000000004547,81.03474855683172,none,-0.01809232385107684,0.0,-0.010000000000002274,-2.564554999566283e-08
R04_head_on_lateral_offset,674,135.79999999999663,88.20416431471703,49.87440227083537,19.329228704304704,-1.3181896318558601,-0.04015108004602601,0.3613828814853498,-0.008245306025184588,-0.00010134348300456094,-0.8972141742706299,-0.023993967100977898,0.0021687394473701715,-0.8972141742706299,-0.023993967100977898,0.0021687394473701715,0.36167149543762206,-0.008397888485342264,0.0005421848618425429,-0.028576681857965205,0.20000000000004547,81.13543114162479,none,-0.01857667170030375,0.0,-0.010000000000002274,-1.0157659180829067e-08
R04_head_on_lateral_offset,675,135.99999999999667,88.22215857914973,49.80445100234079,19.3321304416542,-1.3198418951028885,-0.04014527553047216,0.36148139934270074,-0.008275082209832089,0.000141114542700088,-0.8969524502754211,-0.02381644770503044,0.00254067056812346,-0.8969524502754211,-0.02381644770503044,0.00254067056812346,0.3618285298347473,-0.008335756696760654,0.000635167642030865,-0.02905841309860763,0.20000000000004547,81.23605809177923,none,-0.019058408331698473,0.0,-0.010000000000002274,-4.7669068838074315e-09
R04_head_on_lateral_offset,676,136.19999999999672,88.2400423969265,49.73444948385014,19.335031025150993,-1.3214955017901107,-0.04009809301209092,0.36159407075450656,-0.008261972726045156,0.0003174223003690565,-0.896681547164917,-0.023529313504695892,0.00270672794431448,-0.896681547164917,-0.023529313504695892,0.00270672794431448,0.36199107170104977,-0.008235259726643561,0.00067668198607862,-0.02953795004429494,0.20000000000004547,81.33662933886109,none,-0.019537946376100734,0.0,-0.010000000000002274,-3.668191929400615e-09
R04_head_on_lateral_offset,677,136.39999999999677,88.25781605537482,49.664396972674915,19.337927938757378,-1.323143871979015,-0.04002114239775746,0.3617023265275854,-0.00822454973885752,0.00044264573491355886,-0.8965270519256592,-0.023280838504433632,0.0027912466321140528,-0.8965270519256592,-0.023280838504433632,0.0027912466321140528,0.36208376884460447,-0.008148293476551771,0.0006978116580285132,-0.030015170209337385,0.20000000000004547,81.43714524647524,none,-0.020015168354294843,0.0,-0.010000000000002274,-1.8550402659204147e-09
R04_head_on_lateral_offset,678,136.5999999999968,88.27547959958522,49.59429512570484,19.340819310548696,-1.324783512970738,-0.03992346618691243,0.3618005413436682,-0.008175553064666722,0.0005277054134789871,-0.8964223265647888,-0.02307346649467945,0.0028041210025548935,-0.8964223265647888,-0.02307346649467945,0.0028041210025548935,0.3621466040611267,-0.008075713273137807,0.0007010302506387234,-0.03048963510322793,0.20000000000004547,81.53760608892448,none,-0.020489634020499636,0.0,-0.010000000000002274,-1.08272602106327e-09
R04_head_on_lateral_offset,679,136.79999999999686,88.29303324743104,49.52414571506594,19.343703845866187,-1.3264122990219556,-0.03981215638269921,0.3618933699528451,-0.008116740182772223,0.0005813494685977965,-0.8962992429733276,-0.022848280146718025,0.002762636635452509,-0.8962992429733276,-0.022848280146718025,0.002762636635452509,0.3622204542160034,-0.00799689805135131,0.0006906591588631272,-0.03096135768605806,0.20000000000004547,81.63801179750006,none,-0.020961356334467496,0.0,-0.010000000000002274,-1.351588290181456e-09
R04_head_on_lateral_offset,680,136.9999999999969,88.31047750892814,49.45394995354847,19.34658072286574,-1.3280284814835912,-0.0396924979094752,0.3619825801985369,-0.008050106615049037,0.0006128602886576511,-0.8961718082427979,-0.02261236682534218,0.00270827766507864,-0.8961718082427979,-0.02261236682534218,0.00270827766507864,0.36229691505432127,-0.007914328388869763,0.00067706941626966,-0.03143052001661498,0.20000000000004547,81.73836246184992,none,-0.021430518519620634,0.0,-0.010000000000002274,-1.4969920681577945e-09
R04_head_on_lateral_offset,681,137.19999999999695,88.32781306768918,49.38370881664474,19.349449451017875,-1.329630948015759,-0.039568143373486415,0.36206924868739565,-0.007979853680301179,0.0006294357745068968,-0.8960422873497009,-0.022390572354197502,0.0026528455782681704,-0.8960422873497009,-0.022390572354197502,0.0026528455782681704,0.3623746275901794,-0.007836700323969126,0.0006632113945670426,-0.03189720092519333,0.20000000000004547,81.83865847846299,none,-0.02189719954436775,0.0,-0.010000000000002274,-1.3808233085426964e-09
R04_head_on_lateral_offset,682,137.399999999997,88.34504070571681,49.313423104791696,19.35230976387619,-1.3312194305701892,-0.03944148253708355,0.3621542851781034,-0.007910220152854964,0.0006366303345120751,-0.8959101438522339,-0.022195225581526756,0.002605162328109145,-0.8959101438522339,-0.022195225581526756,0.002605162328109145,0.36245391368865965,-0.007768328953534364,0.0006512905820272863,-0.0323614205111421,0.20000000000004547,81.93890042165123,none,-0.02236141935322067,0.0,-0.010000000000002274,-1.1579191572285221e-09
R04_head_on_lateral_offset,683,137.59999999999704,88.36216123504774,49.24309347302543,19.35516153774939,-1.3327943772828574,-0.039313969815913084,0.3622382876290176,-0.007844221315571399,0.0006383660556442705,-0.8957762122154236,-0.022027818486094475,0.0025676116347312927,-0.8957762122154236,-0.022027818486094475,0.0025676116347312927,0.36253427267074584,-0.007709736470133065,0.0006419029086828232,-0.03282314417804873,0.20000000000004547,82.03908896749037,none,-0.022823143230588983,0.0,-0.010000000000002274,-9.474574702583468e-10
R04_head_on_lateral_offset,684,137.79999999999708,88.37917544561446,49.1727204599832,19.35800473245126,-1.3343567038000046,-0.03918637712783655,0.3623217297159691,-0.007783611989422698,0.0006376172618180975,-0.8956404328346252,-0.021886026486754417,0.0025443658232688904,-0.8956404328346252,-0.021886026486754417,0.0025443658232688904,0.36261574029922483,-0.007660109270364045,0.0006360914558172226,-0.03328229546085312,0.20000000000004547,82.13922482555672,none,-0.02328229467922327,0.0,-0.010000000000002274,-7.816275815475393e-10
R04_head_on_lateral_offset,685,137.99999999999713,88.39608407156933,49.10230451463598,19.360839347810323,-1.3359075858765737,-0.03905900158621673,0.36240486181176235,-0.007729302118925489,0.0006362418215114115,-0.8955036997795105,-0.02176753059029579,0.0025337564293295145,-0.8955036997795105,-0.02176753059029579,0.0025337564293295145,0.3626977801322937,-0.007618635706603527,0.0006334391073323786,-0.033738771971208115,0.20000000000004547,82.23930868657263,none,-0.02373877131421054,0.0,-0.010000000000002274,-6.569953015661285e-10
R04_head_on_lateral_offset,686,138.19999999999717,88.41288777287015,49.03184601655996,19.363665395375502,-1.3374482884616141,-0.03893184505551096,0.3624879026580452,-0.007681338738292607,0.0006353878495354964,-0.895365834236145,-0.021667441353201866,0.00253459089435637,-0.895365834236145,-0.021667441353201866,0.00253459089435637,0.362780499458313,-0.007583604473620653,0.0006336477235890925,-0.03419245885228865,0.20000000000004547,82.33934118833447,none,-0.024192458271777184,0.0,-0.010000000000002274,-5.805091952276743e-10
R04_head_on_lateral_offset,687,138.39999999999722,88.42958712945546,48.9613452912767,19.366482881248775,-1.338980058443852,-0.0388047446873178,0.36257094358055575,-0.0076395134611644475,0.0006355998536181749,-0.8952274322509766,-0.0215836763381958,0.002544127404689789,-0.8952274322509766,-0.0215836763381958,0.002544127404689789,0.36286354064941406,-0.00755428671836853,0.0006360318511724472,-0.034643239996736866,0.20000000000004547,82.4393228969432,none,-0.024643239471481948,0.0,-0.010000000000002274,-5.252526453375112e-10
R04_head_on_lateral_offset,688,138.59999999999727,88.44618264124692,48.89080262602725,19.369291797786417,-1.3405040419679297,-0.038677488094862315,0.3626540478100349,-0.007603068631594204,0.0006368703160060166,-0.8950885534286499,-0.02151087298989296,0.0025578364729881287,-0.8950885534286499,-0.02151087298989296,0.0025578364729881287,0.36294686794281006,-0.007528805546462535,0.0006394591182470322,-0.03509100242315061,0.20000000000004547,82.53925430066289,none,-0.02509100192763647,0.0,-0.010000000000002274,-4.95511867371068e-10
R04_head_on_lateral_offset,689,138.7999999999973,88.46267473661855,48.820218276532245,19.372092122499303,-1.342021230212741,-0.03854986729593886,0.3627372645990339,-0.007571214655241969,0.000639164742014317,-0.894949197769165,-0.0214465893805027,0.0025753602385520935,-0.894949197769165,-0.0214465893805027,0.0025753602385520935,0.36303048133850097,-0.007506306283175944,0.0006438400596380234,-0.03553564455248919,0.20000000000004547,82.63913580943596,none,-0.025535644075297625,0.0,-0.010000000000002274,-4.771892925248267e-10
R04_head_on_lateral_offset,690,138.99999999999736,88.47906378229216,48.7495924740568,19.374883818714373,-1.3435324563499684,-0.038421697923725615,0.36282061650012376,-0.007543161116250874,0.0006422931886506948,-0.8948094844818115,-0.02138856239616871,0.0025946719106286764,-0.8948094844818115,-0.02138856239616871,0.0025946719106286764,0.36311430931091304,-0.0074859968386590476,0.0006486679776571691,-0.0359770771197022,0.20000000000004547,82.73896776317193,none,-0.02597707665450244,0.0,-0.010000000000002274,-4.651974850483371e-10
R04_head_on_lateral_offset,691,139.1999999999974,88.49535009295228,48.67892543384479,19.37766683793055,-1.3450383990553139,-0.0382928395341468,0.3629040973624139,-0.007518150956495859,0.0006460105305504392,-0.8946695923805237,-0.021334823220968246,0.0026143412105739117,-0.8946695923805237,-0.021334823220968246,0.0026143412105739117,0.36319824457168576,-0.007467188127338886,0.0006535853026434779,-0.03641522218069772,0.20000000000004547,82.83875044139859,none,-0.02641522172380384,0.0,-0.010000000000002274,-4.5689160628578813e-10
R04_head_on_lateral_offset,692,139.39999999999745,88.51153394083533,48.60821736046038,19.38044112322302,-1.346539604292788,-0.03816320363380603,0.3629877023947685,-0.007495601010851342,0.000650044436772237,-0.8945295214653015,-0.021284718066453934,0.0026330570690333843,-0.8945295214653015,-0.021284718066453934,0.0026330570690333843,0.36328228712081906,-0.007449651323258876,0.0006582642672583461,-0.036850013064319245,0.20000000000004547,82.93848407251494,none,-0.026850012614703545,0.0,-0.010000000000002274,-4.496134231590787e-10
R04_head_on_lateral_offset,693,139.5999999999975,88.5276155647286,48.53746844916135,19.38320661289734,-1.3480364880890623,-0.03803274444877293,0.36307143577115986,-0.007474804395728268,0.0006542318105985368,-0.8943892121315002,-0.021235506981611252,0.0026510574389249086,-0.8943892121315002,-0.021235506981611252,0.0026510574389249086,0.36336647272109984,-0.0074324274435639374,0.0006627643597312272,-0.037281394147442574,0.20000000000004547,83.03816884313082,none,-0.027281393698791234,0.0,-0.010000000000002274,-4.4864906678762816e-10
R04_head_on_lateral_offset,694,139.79999999999754,88.5435951784063,48.46667888989501,19.38596324304166,-1.3495293619117306,-0.03790145043177551,0.3631552770249883,-0.007455396599327179,0.0006583946086919835,-0.8942488431930542,-0.021188141778111458,0.0026675083208829165,-0.8942488431930542,-0.021188141778111458,0.0026675083208829165,0.36345069408416747,-0.00741584962233901,0.0006668770802207291,-0.037709319768498485,0.20000000000004547,83.13780490699874,none,-0.027709319324145554,0.0,-0.010000000000002274,-4.4435065800485506e-10
R04_head_on_lateral_offset,695,139.99999999999758,88.55947297568322,48.39584887145566,19.388710949854705,-1.3510184691294378,-0.03776934040045393,0.36323920230818174,-0.007437057777363417,0.0006624035500444894,-0.8941084742546082,-0.02114196866750717,0.0026822900399565697,-0.8941084742546082,-0.02114196866750717,0.0026822900399565697,0.3635349154472351,-0.00739968903362751,0.0006705725099891424,-0.038133750669853896,0.20000000000004547,83.23739239324357,none,-0.028133750228773735,0.0,-0.010000000000002274,-4.4107788484235197e-10
R04_head_on_lateral_offset,696,140.19999999999763,88.5752491353848,48.32497858085228,19.39144967143626,-1.3525039901254654,-0.03763644811766733,0.36332320885657254,-0.007419477231176252,0.000666230816225729,-0.8939679861068726,-0.021096153184771538,0.0026961183175444603,-0.8939679861068726,-0.021096153184771538,0.0026961183175444603,0.36361920833587646,-0.0073836536146700375,0.0006740295793861151,-0.03855465460940198,0.20000000000004547,83.3369314111879,none,-0.02855465416885572,0.0,-0.010000000000002274,-4.405439874705097e-10
R04_head_on_lateral_offset,697,140.39999999999768,88.59092382575896,48.25406820313403,19.394179348618984,-1.353986054142398,-0.03750282036747217,0.36340728661110855,-0.0074024465434980044,0.0006697792404853532,-0.8938274383544922,-0.021050695329904556,0.0027080392464995384,-0.8938274383544922,-0.021050695329904556,0.0027080392464995384,0.3637035369873047,-0.007367743365466594,0.0006770098116248846,-0.03897200575366842,0.20000000000004547,83.43642205534205,none,-0.028972005314422233,0.0,-0.010000000000002274,-4.3924391630867365e-10
R04_head_on_lateral_offset,698,140.59999999999772,88.60649720672028,48.18311792499883,19.39689992575537,-1.3554647598101504,-0.03736850726916251,0.36349140401860863,-0.007385860245651363,0.0006731013544126057,-0.8936870098114014,-0.021005893126130104,0.0027194831054657698,-0.8936870098114014,-0.021005893126130104,0.0027194831054657698,0.36378779411315915,-0.007352062594145536,0.0006798707763664424,-0.0393857817340987,0.20000000000004547,83.53586440982022,none,-0.029385781296928926,0.0,-0.010000000000002274,-4.371675017139382e-10
R04_head_on_lateral_offset,699,140.79999999999777,88.62196943215521,48.112127932438725,19.399611350282353,-1.3569401846829081,-0.03723354501610644,0.3635755760309835,-0.007369613036396765,0.0006762814889557018,-0.8935464024543762,-0.020961446687579155,0.0027310464065521955,-0.8935464024543762,-0.020961446687579155,0.0027310464065521955,0.36387215852737426,-0.0073365063406527035,0.0006827616016380489,-0.03979596484918715,0.20000000000004547,83.63525855037834,none,-0.02979596441159238,0.0,-0.010000000000002274,-4.375924936295128e-10
R04_head_on_lateral_offset,700,140.9999999999978,88.63734074470749,48.04109780659748,19.402313770209652,-1.358413933323974,-0.03710539701940081,0.36366567260300936,-0.007367995303053224,0.0006101805176953208,-0.8933614492416382,-0.021041996777057648,0.0019019502215087414,-0.8933614492416382,-0.021041996777057648,0.0019019502215087414,0.36398313045501707,-0.007364698871970176,0.00047548755537718534,-0.04020276568128467,0.20000000000004547,83.7346045468473,none,-0.030202751119352556,0.0,-0.010000000000002274,-1.4561929837414488e-08
R04_head_on_lateral_offset,701,141.19999999999786,88.65261156108326,47.97002544242171,19.405008401327393,-1.3598888182561826,-0.03700361701666668,0.36377280425978753,-0.007379952782135662,0.0004218165301480215,-0.893082857131958,-0.02115519531071186,0.00015196017920970917,-0.893082857131958,-0.02115519531071186,0.00015196017920970917,0.3641502857208252,-0.007404318358749151,3.799004480242729e-05,-0.04060669575278103,0.20000000000004547,83.83390259154099,none,-0.03060663269492636,0.0,-0.010000000000002274,-6.305785239486568e-08
R04_head_on_lateral_offset,702,141.3999999999979,88.66778239441227,47.898907671329596,19.407697987935382,-1.361364097564548,-0.036944804537091286,0.3638975138594015,-0.0073733387984118,0.00018421623370425453,-0.8927717804908752,-0.021028175950050354,-0.0011997533729299903,-0.8927717804908752,-0.021028175950050354,-0.0011997533729299903,0.3643369317054748,-0.007359861582517623,-0.0002999383432324976,-0.041007950197724075,0.20000000000004547,83.93315314447109,none,-0.03100791139707937,0.0,-0.010000000000002274,-3.8800642432966333e-08
R04_head_on_lateral_offset,703,141.59999999999795,88.68285378420777,47.827742159706055,19.41038598261834,-1.3628357517641934,-0.03693346298879718,0.36403181232250964,-0.007345315330780386,-5.2927215319670503e-05,-0.8924916386604309,-0.020823463797569275,-0.0021446035243570805,-0.8924916386604309,-0.020823463797569275,-0.0021446035243570805,0.3645050168037414,-0.007288212329149246,-0.0005361508810892701,-0.04140647744385398,0.20000000000004547,84.03235682205693,none,-0.03140645718128532,0.0,-0.010000000000002274,-2.0262566383798697e-08
R04_head_on_lateral_offset,704,141.799999999998,88.69782624791758,47.75652792447012,19.41307581547674,-1.3643011353236647,-0.036966574683634464,0.3641702989051395,-0.007311099142874568,-0.00026240161759402746,-0.8922362327575684,-0.020689649507403374,-0.0027569779194891453,-0.8922362327575684,-0.020689649507403374,-0.0027569779194891453,0.36465826034545895,-0.00724137732759118,-0.0006892444798722863,-0.0418019933047512,0.20000000000004547,84.13151422230375,none,-0.03180198414193214,0.0,-0.010000000000002274,-9.16281678566e-09
R04_head_on_lateral_offset,705,141.99999999999804,88.71270021758293,47.68526477886735,19.415770512499765,-1.3657605576896856,-0.03703736765392726,0.36431012660934964,-0.0072850851924715024,-0.0004326931856561556,-0.8919953107833862,-0.020663077011704445,-0.003118775086477399,-0.8919953107833862,-0.020663077011704445,-0.003118775086477399,0.36480281352996824,-0.007232076954096555,-0.0007796937716193497,-0.04219426864002119,0.20000000000004547,84.23062584677284,none,-0.03219426484708521,0.0,-0.010000000000002274,-3.792933704244205e-09
R04_head_on_lateral_offset,706,142.19999999999808,88.72747593548452,47.613952902278314,19.418472534902406,-1.3672164887956098,-0.03713779408129497,0.3644498842194642,-0.007274986971144866,-0.0005618374653156824,-0.8917627930641174,-0.02072688564658165,-0.003299971343949437,-0.8917627930641174,-0.02072688564658165,-0.003299971343949437,0.3649423241615295,-0.007254409976303577,-0.0008249928359873593,-0.04258306954463245,0.20000000000004547,84.32969206916927,none,-0.03258306772526787,0.0,-0.010000000000002274,-1.8193623076145916e-09
R04_head_on_lateral_offset,707,142.39999999999813,88.74215339099486,47.542592613229935,19.42118375252484,-1.3686722666366997,-0.03726001453587785,0.36458885197767005,-0.007282244443066094,-0.0006534613735338171,-0.8915358185768127,-0.02084866538643837,-0.003360648173838854,-0.8915358185768127,-0.02084866538643837,-0.003360648173838854,0.36507850885391235,-0.007297032885253429,-0.0008401620434597135,-0.04296815377478388,0.20000000000004547,84.4287130561933,none,-0.03296815237419359,0.0,-0.010000000000002274,-1.400588012244507e-09
R04_head_on_lateral_offset,708,142.59999999999818,88.75673231908033,47.47118426345502,19.42390549577838,-1.370131091194267,-0.03739722124357637,0.36472669851291367,-0.0073043360825957035,-0.0007140398919147093,-0.8913126587867737,-0.020998148247599602,-0.0033499193377792835,-0.8913126587867737,-0.020998148247599602,-0.0033499193377792835,0.36521240472793576,-0.00734935188665986,-0.0008374798344448209,-0.043349301968738256,0.20000000000004547,84.52768871766271,none,-0.03334930052352547,0.0,-0.010000000000002274,-1.4452105118883952e-09
R04_head_on_lateral_offset,709,142.79999999999822,88.77121224558616,47.3997281834189,19.42663864807145,-1.3715954646704693,-0.03754398871327104,0.3648633791697573,-0.007336941225198692,-0.0007508596915058969,-0.8910917043685913,-0.021152514964342117,-0.003303547389805317,-0.8910917043685913,-0.021152514964342117,-0.003303547389805317,0.3653449773788452,-0.00740338023751974,-0.0008258868474513292,-0.04372634986935406,0.20000000000004547,84.6266187108974,none,-0.03372634837334587,0.0,-0.010000000000002274,-1.4960059142215058e-09
R04_head_on_lateral_offset,710,142.99999999999827,88.78559255306057,47.32822465984178,19.429383750440138,-1.3730669891210068,-0.0376963134423293,0.3649989698478647,-0.007375404311869469,-0.0007708787591075235,-0.8908721208572388,-0.021296514198184013,-0.0032466852571815252,-0.8908721208572388,-0.021296514198184013,-0.0032466852571815252,0.36547672748565674,-0.0074537799693644045,-0.0008116713142953813,-0.04409919966994115,0.20000000000004547,84.72550248866665,none,-0.034099198226218874,0.0,-0.010000000000002274,-1.4437199986297878e-09
R04_head_on_lateral_offset,711,143.1999999999983,88.79987325092786,47.2566713327641,19.432141716161404,-1.3745387633149435,-0.037873094681240324,0.3651595007105949,-0.007344655192957255,-0.0009810899803902654,-0.8904581069946289,-0.020805709064006805,-0.005637736991047859,-0.8904581069946289,-0.020805709064006805,-0.005637736991047859,0.36572513580322263,-0.007281998172402381,-0.0014094342477619648,-0.044469341739773655,0.20000000000004547,84.82433936570146,none,-0.03446921915126033,0.0,-0.010000000000002274,-1.2258851104386097e-07
R04_head_on_lateral_offset,712,143.39999999999836,88.81405593237706,47.18506265342225,19.43491599005997,-1.375993383491752,-0.038113736192131834,0.3653550093239153,-0.00721157671864163,-0.0013941897408877026,-0.8899268507957458,-0.019829727709293365,-0.008943827822804451,-0.8899268507957458,-0.019829727709293365,-0.008943827822804451,0.36604388952255246,-0.006940404698252678,-0.0022359569557011127,-0.0448390499308524,0.20000000000004547,84.92312945585593,none,-0.0348388066306633,0.0,-0.010000000000002274,-2.4330018682849897e-07
R04_head_on_lateral_offset,713,143.5999999999984,88.82814346190338,47.11339350806605,19.437712639305616,-1.3774134529325692,-0.038445273724674066,0.3655755812419757,-0.007004709315123589,-0.0018842496960890874,-0.8894120454788208,-0.018809081986546516,-0.011531350202858448,-0.8894120454788208,-0.018809081986546516,-0.011531350202858448,0.3663527727127075,-0.006583178695291281,-0.002882837550714612,-0.04520918461160343,0.20000000000004547,85.02187465905794,none,-0.035209024571315695,0.0,-0.010000000000002274,-1.600402854595208e-07
R04_head_on_lateral_offset,714,143.79999999999845,88.84213928258879,47.0416610096524,19.440538823293725,-1.378789276674974,-0.03887378923121686,0.36581081365263657,-0.00677113280376974,-0.0023646941989055588,-0.8889338970184326,-0.017986221238970757,-0.013374755159020424,-0.8889338970184326,-0.017986221238970757,-0.013374755159020424,0.3666396617889404,-0.006295177433639765,-0.003343688789755106,-0.04557986833511871,0.20000000000004547,85.12057811435675,none,-0.03557978225776459,0.0,-0.010000000000002274,-8.607735184950131e-08
R04_head_on_lateral_offset,715,143.9999999999985,88.85604686283678,46.96986404185305,19.44340155426985,-1.3801202943085913,-0.03939193052142892,0.36605353635753174,-0.0065553101188259326,-0.0027850373780830256,-0.8884853720664978,-0.017472947016358376,-0.01456625759601593,-0.8884853720664978,-0.017472947016358376,-0.01456625759601593,0.3669087767601013,-0.006115531455725431,-0.0036415643990039825,-0.04595064745395562,0.20000000000004547,85.21924339393325,none,-0.035950609767890995,0.0,-0.010000000000002274,-3.768606234945404e-08
R04_head_on_lateral_offset,716,144.19999999999854,88.8698692240502,46.89800251538441,19.446306978656967,-1.3814131261750866,-0.0399852057732564,0.3662994845414186,-0.006385785630868574,-0.003122295916255974,-0.8880565166473389,-0.017258137464523315,-0.015238090418279171,-0.8880565166473389,-0.017258137464523315,-0.015238090418279171,0.36716609001159667,-0.00604034811258316,-0.0038095226045697927,-0.04632083442398278,0.20000000000004547,85.3178739825387,none,-0.0363208207955914,0.0,-0.010000000000002274,-1.362838910343514e-08
R04_head_on_lateral_offset,717,144.39999999999858,88.88360863800024,46.82607681942666,19.449260049928803,-1.3826782390605197,-0.04063661458608085,0.36654623747441484,-0.006273784746062123,-0.0033729038559690274,-0.8876405358314514,-0.017273034900426865,-0.015534255653619766,-0.8876405358314514,-0.017273034900426865,-0.015534255653619766,0.3674156785011291,-0.006045562215149403,-0.0038835639134049416,-0.04668962273416338,0.20000000000004547,85.41647285654169,none,-0.03668961751464472,0.0,-0.010000000000002274,-5.2195163881448014e-09
R04_head_on_lateral_offset,718,144.59999999999863,88.8972665198919,46.75408749737167,19.452264474539206,-1.383926992786913,-0.0413296793094943,0.36679254204449835,-0.006217960034322168,-0.0035447884145647277,-0.8872326612472534,-0.017440591007471085,-0.015580140054225922,-0.8872326612472534,-0.017440591007471085,-0.015580140054225922,0.36766040325164795,-0.006104206852614879,-0.0038950350135564804,-0.047056210222906646,0.20000000000004547,85.51504221922552,none,-0.0370562062920623,0.0,-0.010000000000002274,-3.9308420732298015e-09
R04_head_on_lateral_offset,719,144.79999999999868,88.91084347504142,46.68203507195064,19.455322824685275,-1.3851696594044511,-0.042050178529242324,0.3670378648937029,-0.0062093547244864164,-0.0036521145935572248,-0.8868295550346375,-0.017690913751721382,-0.015483246184885502,-0.8868295550346375,-0.017690913751721382,-0.015483246184885502,0.3679022669792175,-0.006191819813102483,-0.0038708115462213755,-0.04741989856419497,0.20000000000004547,85.61358341593197,none,-0.03741989387330236,0.0,-0.010000000000002274,-4.690890337086945e-09
R04_head_on_lateral_offset,720,144.99999999999872,88.92433944057076,46.609919956287285,19.458436740244423,-1.3864143758488996,-0.042786926964307824,0.36728219377496535,-0.0062358153768664725,-0.003710936352750661,-0.88642817735672,-0.017970668151974678,-0.015323186293244362,-0.88642817735672,-0.017970668151974678,-0.015323186293244362,0.368143093585968,-0.006289733853191137,-0.0038307965733110905,-0.04778015245388284,0.20000000000004547,85.71209699200433,none,-0.03778014715416589,0.0,-0.010000000000002274,-5.299714674073669e-09
R04_head_on_lateral_offset,721,145.19999999999877,88.93775386608543,46.5377424189483,19.461607159582236,-1.3876668112888948,-0.04353187015564557,0.36752578795090346,-0.006284843747801019,-0.0037365640011277554,-0.8860265016555786,-0.018242137506604195,-0.015155140310525894,-0.8860265016555786,-0.018242137506604195,-0.015155140310525894,0.3683840990066528,-0.006384748127311468,-0.0037887850776314735,-0.04813661582777943,0.20000000000004547,85.81058283943263,none,-0.03813661056220852,0.0,-0.010000000000002274,-5.2655686339636575e-09
R04_head_on_lateral_offset,722,145.3999999999988,88.95108589481384,46.46550258476784,19.464834540298778,-1.388930265414989,-0.04427977221404909,0.367769062830516,-0.006345152066586054,-0.003742043585829955,-0.8856229186058044,-0.018480118364095688,-0.015012837015092373,-0.8856229186058044,-0.018480118364095688,-0.015012837015092373,0.3686262488365173,-0.00646804142743349,-0.0037532092537730932,-0.04848909830349068,0.20000000000004547,85.90904037859778,none,-0.03848909350820051,0.0,-0.010000000000002274,-4.795287889772932e-09
R04_head_on_lateral_offset,723,145.59999999999886,88.96433452217053,46.393200458908794,19.468119047451104,-1.3902060662754716,-0.04502768384810653,0.3680124210493379,-0.00640811129244295,-0.0037374211485024984,-0.8852168321609497,-0.018675435334444046,-0.014912008307874203,-0.8852168321609497,-0.018675435334444046,-0.014912008307874203,0.3688699007034302,-0.006536402367055416,-0.0037280020769685507,-0.04883754498844858,0.20000000000004547,86.00746873801477,none,-0.03883754072401935,0.0,-0.010000000000002274,-4.264426956002155e-09
R04_head_on_lateral_offset,724,145.7999999999989,88.97749871705825,46.320835959611976,19.47146069880423,-1.391494075821657,-0.0457743346558135,0.3682562394813251,-0.006467507470996459,-0.0037296710542705997,-0.8848077654838562,-0.018824394792318344,-0.014855515211820602,-0.8848077654838562,-0.018824394792318344,-0.014855515211820602,0.36911534070968627,-0.0065885381773114204,-0.0037138788029551506,-0.04918199816422577,0.20000000000004547,86.10586690999712,none,-0.039181994309904766,0.0,-0.010000000000002274,-3.8543187260049736e-09
R04_head_on_lateral_offset,725,145.99999999999895,88.9905775069252,46.24840894779838,19.474859466310527,-1.392793199637922,-0.046519565299253156,0.3685008274981789,-0.006519790139500867,-0.0037231284938355176,-0.8843955993652344,-0.018932359293103218,-0.014839187264442444,-0.8843955993652344,-0.018932359293103218,-0.014839187264442444,0.36936264038085936,-0.006626325752586126,-0.003709796816110611,-0.049522565008234876,0.20000000000004547,86.2042338686529,none,-0.03952256137215571,0.0,-0.010000000000002274,-3.636076892701845e-09
R04_head_on_lateral_offset,726,146.199999999999,89.00357002665966,46.175919253139455,19.478315339125096,-1.39410182980404,-0.04726385089780884,0.36874641817397646,-0.0065632369308426,-0.0037199658598910104,-0.883980393409729,-0.019005050882697105,-0.014854085631668568,-0.883980393409729,-0.019005050882697105,-0.014854085631668568,0.36961176395416256,-0.006651767808943987,-0.003713521407917142,-0.04985938572281692,0.20000000000004547,86.3025686520986,none,-0.03985938216477436,0.0,-0.010000000000002274,-3.558040280616376e-09
R04_head_on_lateral_offset,727,146.39999999999904,89.01647554084907,46.103366693673856,19.48182835571678,-1.395418168669039,-0.04800794291541644,0.3689931772460596,-0.006597564449212162,-0.0037208850376284092,-0.8835622668266296,-0.01905003748834133,-0.014891032129526138,-0.8835622668266296,-0.01905003748834133,-0.014891032129526138,0.3698626399040222,-0.006667513120919465,-0.0037227580323815346,-0.05019261190013738,0.20000000000004547,86.40087040898906,none,-0.04019260833576155,0.0,-0.010000000000002274,-3.5643735577135792e-09
R04_head_on_lateral_offset,728,146.59999999999908,89.02929376261132,46.03075043675257,19.485398622283356,-1.3967321867817135,-0.04875155124007445,0.36924786690405437,-0.006546467836490637,-0.0037155967852824027,-0.8830912113189697,-0.018406711518764496,-0.014819283969700336,-0.8830912113189697,-0.018406711518764496,-0.014819283969700336,0.3701452732086181,-0.006442349031567573,-0.003704820992425084,-0.05052295129899714,0.20000000000004547,86.4991384190674,none,-0.040522938480807014,0.0,-0.010000000000002274,-1.2818187857342039e-08
R04_head_on_lateral_offset,729,146.79999999999913,89.04202548746208,45.9580700243967,19.489026125671213,-1.3980256304553396,-0.04949171328941338,0.3695025515100799,-0.00639907771422499,-0.003688096414927517,-0.8826667666435242,-0.01742498017847538,-0.014528237283229828,-0.8826667666435242,-0.01742498017847538,-0.014528237283229828,0.3703999400138855,-0.006098743062466383,-0.003632059320807457,-0.05085127916776126,0.20000000000004547,86.5973724615379,none,-0.04085125459460137,0.0,-0.010000000000002274,-2.4573157614508207e-08
R04_head_on_lateral_offset,730,146.99999999999918,89.05467238634947,45.88532688595145,19.492710469597345,-1.3992881321971378,-0.05022387530370285,0.3697479347848994,-0.0062380745361618455,-0.0036373485981288974,-0.8823124170303345,-0.01688571646809578,-0.014135762117803097,-0.8823124170303345,-0.01688571646809578,-0.014135762117803097,0.3706125497817993,-0.005910000763833523,-0.003533940529450774,-0.051177626120967976,0.20000000000004547,86.69557336825149,none,-0.04117761471285064,0.0,-0.010000000000002274,-1.1408115063536035e-08
R04_head_on_lateral_offset,731,147.19999999999922,89.06723635032134,45.81252283238628,19.496450920860035,-1.4005208947389742,-0.050944458617615575,0.36998900604701257,-0.006099960552756678,-0.003573311059390705,-0.8819359540939331,-0.016624365001916885,-0.013771290890872478,-0.8819359540939331,-0.016624365001916885,-0.013771290890872478,0.3708384275436401,-0.0058185277506709095,-0.0034428227227181196,-0.0515020531977321,0.20000000000004547,86.79374269510502,none,-0.041502046340365695,0.0,-0.010000000000002274,-6.857364132362154e-09
R04_head_on_lateral_offset,732,147.39999999999927,89.0797191435136,45.73965881733826,19.500246587879342,-1.4017291134828145,-0.05165169449614812,0.3702289084852428,-0.005990478559063059,-0.003504252666795624,-0.881542980670929,-0.01647825352847576,-0.01345413364470005,-0.881542980670929,-0.01647825352847576,-0.01345413364470005,0.3710742115974426,-0.0057673887349665165,-0.0033635334111750126,-0.05182477219177368,0.20000000000004547,86.89188218397214,none,-0.04182476666446355,0.0,-0.010000000000002274,-5.527307853168267e-09
R04_head_on_lateral_offset,733,147.5999999999993,89.09212222002448,45.66673526243398,19.50409652274001,-1.4029180453784034,-0.05234514889262162,0.37046917334502216,-0.005905263098216154,-0.003435475074817846,-0.881140410900116,-0.016376059502363205,-0.013181312009692192,-0.881140410900116,-0.016376059502363205,-0.013181312009692192,0.3713157534599304,-0.005731620825827122,-0.003295328002423048,-0.05214571358130114,0.20000000000004547,86.98999351613628,none,-0.04214570864254519,0.0,-0.010000000000002274,-4.938753677477537e-09
R04_head_on_lateral_offset,734,147.79999999999936,89.10444672779613,45.59375230755355,19.507999789210853,-1.404091881050968,-0.05302524248022358,0.37071050319609267,-0.005838151814422722,-0.003370367935538843,-0.8807319402694702,-0.016289714723825455,-0.012950800359249115,-0.8807319402694702,-0.016289714723825455,-0.012950800359249115,0.37156083583831784,-0.005701400153338909,-0.0032377000898122787,-0.05246471995309364,0.20000000000004547,87.08807810539524,none,-0.04246471540430541,0.0,-0.010000000000002274,-4.548785957417256e-09
R04_head_on_lateral_offset,735,147.9999999999994,89.11669357191715,45.52070993585514,19.511955508413113,-1.4052536868374557,-0.053692939111615094,0.37095331879847804,-0.005783988357869123,-0.0033110678353520406,-0.8803185224533081,-0.016210343688726425,-0.012760931625962257,-0.8803185224533081,-0.016210343688726425,-0.012760931625962257,0.37180888652801514,-0.005673620291054248,-0.0031902329064905643,-0.05278164580251799,0.20000000000004547,87.18613708263814,none,-0.04278164153723196,0.0,-0.010000000000002274,-4.265283756257898e-09
R04_head_on_lateral_offset,736,148.19999999999945,89.12886347977242,45.44760803245477,19.5159628886119,-1.40640563894128,-0.054349527943711805,0.37119787674277505,-0.005738928823854103,-0.0032587627289179045,-0.8799006938934326,-0.016134604811668396,-0.01260872557759285,-0.8799006938934326,-0.016134604811668396,-0.01260872557759285,0.37205958366394043,-0.005647111684083939,-0.0031521813943982124,-0.05309638416712643,0.20000000000004547,87.28417134923734,none,-0.04309638009744887,0.0,-0.010000000000002274,-4.069675282117325e-09
R04_head_on_lateral_offset,737,148.3999999999995,89.14095705165425,45.3744464210011,19.52002124166861,-1.4075492698312189,-0.054996450438052694,0.3714443373662866,-0.005700292128734278,-0.0032138474829598376,-0.8794787526130676,-0.016061607748270035,-0.012489297427237034,-0.8794787526130676,-0.016061607748270035,-0.012489297427237034,0.3723127484321594,-0.005621562711894512,-0.0031223243568092585,-0.05340886135103321,0.20000000000004547,87.38218163745525,none,-0.04340885739850897,0.0,-0.010000000000002274,-3.952521968764861e-09
R04_head_on_lateral_offset,738,148.59999999999954,89.15297479739532,45.30122488484787,19.524129988386182,-1.4086856618100345,-0.05563515607092278,0.37169281765518314,-0.005666197385094145,-0.003176057111413312,-0.8790527582168579,-0.015990637242794037,-0.012396208941936493,-0.8790527582168579,-0.015990637242794037,-0.012396208941936493,0.37256834506988523,-0.0055967230349779126,-0.0030990522354841232,-0.05371903009930659,0.20000000000004547,87.48016855806395,none,-0.04371902619583423,0.0,-0.010000000000002274,-3.903470086902977e-09
R04_head_on_lateral_offset,739,148.79999999999959,89.164917160861,45.2279431885913,19.528288654457988,-1.409815586849733,-0.0562670064155729,0.3719433138625399,-0.005635376022380003,-0.0031448020346628654,-0.8786234259605408,-0.015921633690595627,-0.012324456125497818,-0.8786234259605408,-0.015921633690595627,-0.012324456125497818,0.3728259444236755,-0.005572571791708469,-0.0030811140313744545,-0.05402685782198439,0.20000000000004547,87.57813263525908,none,-0.04402685393725925,0.0,-0.010000000000002274,-3.8847228639449225e-09
R04_head_on_lateral_offset,740,148.99999999999963,89.17678453556645,45.15460109393049,19.53249686110987,-1.4109396442582607,-0.056893212194428944,0.37219580725785345,-0.005607313164481931,-0.0031191864073661572,-0.8781908750534058,-0.0158575139939785,-0.01226795930415392,-0.8781908750534058,-0.0158575139939785,-0.01226795930415392,0.3730854749679565,-0.005550129897892475,-0.00306698982603848,-0.05433232060468352,0.20000000000004547,87.67607432939367,none,-0.044332316716610976,0.0,-0.010000000000002274,-3.888070271591132e-09
R04_head_on_lateral_offset,741,149.19999999999968,89.18857727272315,45.081198363406074,19.536754312478486,-1.4120583538112683,-0.05751480503195128,0.3724502674394063,-0.005581711933971811,-0.003098315045375574,-0.8777552247047424,-0.015798699110746384,-0.012223143130540848,-0.8777552247047424,-0.015798699110746384,-0.012223143130540848,0.37334686517715454,-0.005529544688761234,-0.003055785782635212,-0.05463540158848844,0.20000000000004547,87.77399405129513,none,-0.04463539768330804,0.0,-0.010000000000002274,-3.905178123948111e-09
R04_head_on_lateral_offset,742,149.39999999999972,89.20029568608477,45.0077347603832,19.541060782379454,-1.4131721767948078,-0.0581326322883103,0.37270667863222684,-0.005558283691394853,-0.003081244153742231,-0.877316415309906,-0.015744412317872047,-0.012185836210846901,-0.877316415309906,-0.015744412317872047,-0.012185836210846901,0.37361015081405635,-0.005510544311255216,-0.0030464590527117252,-0.054936089687818435,0.20000000000004547,87.8718921700575,none,-0.044936085749965216,0.0,-0.010000000000002274,-3.937850942686838e-09
R04_head_on_lateral_offset,743,149.59999999999977,89.211940054755,44.93421005563762,19.545416100457185,-1.4142815358705005,-0.058747365930354,0.37296494948916886,-0.005536917442732191,-0.003067154226511886,-0.8768750429153442,-0.015695370733737946,-0.012153773568570614,-0.8768750429153442,-0.015695370733737946,-0.012153773568570614,0.3738749742507934,-0.005493379756808281,-0.0030384433921426535,-0.05523437448458523,0.20000000000004547,87.96976901796245,none,-0.04523437051972934,0.0,-0.010000000000002274,-3.964853613706159e-09
R04_head_on_lateral_offset,744,149.7999999999998,89.22351109111199,44.86061912825269,19.549820090508998,-1.4153992253122751,-0.0593455055471536,0.37327185951080843,-0.005632753776892582,-0.002924959200775299,-0.8760778903961182,-0.016651537269353867,-0.010540842078626156,-0.8760778903961182,-0.016651537269353867,-0.010540842078626156,0.3743532657623291,-0.005828038044273853,-0.002635210519656539,-0.05553311862179339,0.20000000000004547,88.06762489277298,none,-0.045533035596699634,0.0,-0.010000000000002274,-8.302509147989356e-08
R04_head_on_lateral_offset,745,149.99999999999986,89.2350088321691,44.786952518343554,19.554271354705666,-1.416540729493663,-0.05990839104401513,0.37362400874676766,-0.0057718075354485495,-0.002719389579407455,-0.875225305557251,-0.017300443723797798,-0.009202013723552227,-0.875225305557251,-0.017300443723797798,-0.009202013723552227,0.3748648166656494,-0.006055155303329229,-0.0023005034308880568,-0.05583385102214952,0.20000000000004547,88.16546096947809,none,-0.045833792213310076,0.0,-0.010000000000002274,-5.880883716870289e-08
R04_head_on_lateral_offset,746,150.1999999999999,89.24643230210806,44.71320247568837,19.55876744292145,-1.4177108937751979,-0.06042868388971457,0.37400631280349317,-0.0059187594901950755,-0.0025000690937494988,-0.8744110465049744,-0.01776628941297531,-0.008212652057409286,-0.8744110465049744,-0.01776628941297531,-0.008212652057409286,0.37535337209701536,-0.006218201294541359,-0.0020531630143523216,-0.05613519636047176,0.20000000000004547,88.26327816924874,none,-0.04613515918313915,0.0,-0.010000000000002274,-3.717733033545626e-08
R04_head_on_lateral_offset,747,150.39999999999995,89.25778002806192,44.63936335996653,19.563305551259607,-1.4189091716798221,-0.06090699008551033,0.37441171807309315,-0.0060538386226437965,-0.0022982072221488853,-0.8735997080802917,-0.018083106726408005,-0.00754750519990921,-0.8735997080802917,-0.018083106726408005,-0.00754750519990921,0.37584017515182494,-0.0063290873542428015,-0.0018868762999773026,-0.05643586206545283,0.20000000000004547,88.36107627936549,none,-0.04643583804417872,0.0,-0.010000000000002274,-2.4021271829988144e-08
R04_head_on_lateral_offset,748,150.6,89.26905050613888,44.56543069581649,19.567883045492838,-1.4201318023202998,-0.061348613921224635,0.3748357501305045,-0.006164153345776677,-0.002130659249496276,-0.8727836012840271,-0.01825411431491375,-0.007156996987760067,-0.8727836012840271,-0.01825411431491375,-0.007156996987760067,0.37632983922958374,-0.006388940010219812,-0.0017892492469400167,-0.056735358256688725,0.20000000000004547,88.45885441990548,none,-0.04673534130127521,0.0,-0.010000000000002274,-1.6955411239836377e-08
R04_head_on_lateral_offset,749,150.80000000000004,89.28024244443932,44.491400858526795,19.57249773334773,-1.4213732447793037,-0.061761009537555756,0.37527505809664874,-0.006244235445061889,-0.0020029243140468676,-0.8719617128372192,-0.018306907266378403,-0.006970562972128391,-0.8719617128372192,-0.018306907266378403,-0.006970562972128391,0.3768229722976684,-0.00640741754323244,-0.0017426407430320978,-0.05703352562186376,0.20000000000004547,88.55661158624902,none,-0.04703351136095435,0.0,-0.010000000000002274,-1.4260907138102797e-08
R04_head_on_lateral_offset,750,151.00000000000009,89.29135487756713,44.417270899825716,19.57714796333294,-1.4226274744415255,-0.06215194756587503,0.375727126730468,-0.006294288659289618,-0.0019132172065802122,-0.8711333274841309,-0.01827508956193924,-0.0069216894917190075,-0.8711333274841309,-0.01827508956193924,-0.0069216894917190075,0.37732000350952144,-0.006396281346678734,-0.0017304223729297519,-0.05733036544679356,0.20000000000004547,88.65434691525324,none,-0.04733035165432575,0.0,-0.010000000000002274,-1.3792465532289251e-08
R04_head_on_lateral_offset,751,151.20000000000013,89.30238718874045,44.343038421457216,19.581832611429842,-1.4238889224998357,-0.06252840684382081,0.376189886142797,-0.006318376425454127,-0.0018557099062718155,-0.8702992796897888,-0.01819274201989174,-0.006954112555831671,-0.8702992796897888,-0.01819274201989174,-0.006954112555831671,0.3778204321861267,-0.0063674597069621084,-0.0017385281389579177,-0.05762594512147075,0.20000000000004547,88.75205981233867,none,-0.04762593105210655,0.0,-0.010000000000002274,-1.4069361920290846e-08
R04_head_on_lateral_offset,752,151.40000000000018,89.31333907192875,44.268701466213244,19.586551005147154,-1.4251530212504873,-0.06289602186079829,0.3766617793689722,-0.00632231428409432,-0.0018229122290916461,-0.8694591522216797,-0.01808668114244938,-0.00702432356774807,-0.8694591522216797,-0.01808668114244938,-0.00702432356774807,0.3783245086669922,-0.006330338399857282,-0.0017560808919370174,-0.05792034392378666,0.20000000000004547,88.8497499832833,none,-0.04792032948393121,0.0,-0.010000000000002274,-1.4439853171792534e-08
R04_head_on_lateral_offset,753,151.60000000000022,89.32421046321416,44.194258427603366,19.591302820429604,-1.4264164001262554,-0.06325893153468055,0.3771414671416524,-0.006312234210189407,-0.0018073569158963908,-0.8686138987541199,-0.017976269125938416,-0.007102640345692635,-0.8686138987541199,-0.017976269125938416,-0.007102640345692635,0.37883166074752805,-0.006291694194078445,-0.0017756600864231586,-0.05821362125314605,0.20000000000004547,88.94741740546075,none,-0.048213606597588665,0.0,-0.010000000000002274,-1.4655555110390518e-08
R04_head_on_lateral_offset,754,151.80000000000027,89.33500146194906,44.119707988375055,19.596087975799865,-1.4276768389116201,-0.06361989270435431,0.3776278113890611,-0.006293561042741187,-0.0018026123773830429,-0.8677642345428467,-0.0178728885948658,-0.007171778008341789,-0.8677642345428467,-0.0178728885948658,-0.007171778008341789,0.37934145927429197,-0.0062555110082030295,-0.0017929445020854473,-0.058505796031616944,0.20000000000004547,89.04506226722009,none,-0.04850578128367822,0.0,-0.010000000000002274,-1.4747936450398846e-08
R04_head_on_lateral_offset,755,152.0000000000003,89.34571226023434,44.04504906021439,19.600906540124488,-1.4289330988907398,-0.06398050968583845,0.3781199019109568,-0.0062707574578858265,-0.0018034912004395985,-0.8669103384017944,-0.017783688381314278,-0.007221127860248089,-0.8669103384017944,-0.017783688381314278,-0.007221127860248089,0.3798537969589233,-0.006224290933459997,-0.0018052819650620222,-0.058796855097781854,0.20000000000004547,89.14268489467727,none,-0.04879684030716547,0.0,-0.010000000000002274,-1.4790614113694562e-08
R04_head_on_lateral_offset,756,152.20000000000036,89.35634308457038,43.9702807328009,19.605758658543053,-1.4301847239038357,-0.06434151080047726,0.3786169743801071,-0.00624726342190153,-0.00180630766836119,-0.8660526275634766,-0.017712542787194252,-0.007248186971992254,-0.8660526275634766,-0.017712542787194252,-0.007248186971992254,0.380368423461914,-0.006199389975517988,-0.0018120467429980636,-0.05908676023285476,0.20000000000004547,89.24028568687332,none,-0.049086745403617016,0.0,-0.010000000000002274,-1.4829235465180397e-08
R04_head_on_lateral_offset,757,152.4000000000004,89.36689415298125,43.89540222548379,19.61064449992696,-1.4314317937499041,-0.06470303563977194,0.37911849668390896,-0.006225105113624913,-0.0018087561799214882,-0.8651906251907349,-0.01765700988471508,-0.007254981901496649,-0.8651906251907349,-0.01765700988471508,-0.007254981901496649,0.38088562488555905,-0.006179953459650278,-0.0018137454753741622,-0.059375461131183485,0.20000000000004547,89.33786506229329,none,-0.04937544620761791,0.0,-0.010000000000002274,-1.4923563298741005e-08
R04_head_on_lateral_offset,758,152.60000000000045,89.37736564866863,43.82041285576075,19.615564223430034,-1.4326746951251348,-0.06506487277311261,0.3796239673765149,-0.00620539424932599,-0.0018095549500658297,-0.8643249869346619,-0.0176149420440197,-0.007244730368256569,-0.8643249869346619,-0.0176149420440197,-0.007244730368256569,0.38140500783920284,-0.006165229715406895,-0.0018111825920641422,-0.05966290104383258,0.20000000000004547,89.4354234206446,none,-0.04966288601974256,0.0,-0.010000000000002274,-1.5024087750632916e-08
R04_head_on_lateral_offset,759,152.8000000000005,89.38775770632719,43.745312014871466,19.62051796013976,-1.4339139792731634,-0.06542663566038298,0.38013305911247675,-0.006188705094897985,-0.0018081777243367583,-0.8634552359580994,-0.017584851011633873,-0.007221485488116741,-0.8634552359580994,-0.017584851011633873,-0.007221485488116741,0.38192685842514035,-0.0061546978540718555,-0.0018053713720291853,-0.059949024239783384,0.20000000000004547,89.53296111951194,none,-0.049949009081529994,0.0,-0.010000000000002274,-1.5158251118283644e-08
R04_head_on_lateral_offset,760,153.00000000000054,89.3980708064115,43.67009677297805,19.625505856948166,-1.4351472575593927,-0.0657835605425875,0.3806684362576451,-0.00614720559090654,-0.0017643726894138365,-0.8624085783958435,-0.017321836203336716,-0.006700447294861078,-0.8624085783958435,-0.017321836203336716,-0.006700447294861078,0.38255485296249386,-0.0060626426711678505,-0.0016751118237152696,-0.0602354497273898,0.20000000000004547,89.63047846295696,none,-0.05023542100439471,0.0,-0.010000000000002274,-2.8722992816841883e-08
R04_head_on_lateral_offset,761,153.20000000000059,89.40830745759808,43.59475355919459,19.63052779972447,-1.4363586796089907,-0.06611044390685686,0.38131238398237177,-0.005979644042761001,-0.0015226775502555723,-0.8606977462768555,-0.0161091610789299,-0.004120715893805027,-0.8606977462768555,-0.0161091610789299,-0.004120715893805027,0.3835813522338867,-0.005638206377625465,-0.0010301789734512568,-0.06053007031056261,0.20000000000004547,89.72797633859138,none,-0.050529849259728365,0.0,-0.010000000000002274,-2.2105083196621594e-07
R04_head_on_lateral_offset,762,153.40000000000063,89.41847179942854,43.51926755745631,19.635581257578544,-1.437531727382124,-0.06637498600286679,0.38200228042309337,-0.005766870463470524,-0.0011507738449483408,-0.8592780828475952,-0.015238014049828053,-0.0015718048671260476,-0.8592780828475952,-0.015238014049828053,-0.0015718048671260476,0.38443315029144287,-0.005333304917439818,-0.0003929512167815119,-0.0608348128349096,0.20000000000004547,89.82545875861325,none,-0.05083462740913092,0.0,-0.010000000000002274,-1.85425776412353e-07
R04_head_on_lateral_offset,763,153.60000000000068,89.42856751965742,43.443631828944135,19.640661272707252,-1.4386662906986782,-0.06656081542953249,0.38271849653759477,-0.005591946728804782,-0.0007385870025768237,-0.8579298257827759,-0.014958592131733894,0.00040527989040128887,-0.8579298257827759,-0.014958592131733894,0.00040527989040128887,0.3852421045303345,-0.005235507246106863,0.00010131997260032222,-0.0611452810492291,0.20000000000004547,89.92293153453143,none,-0.051145164954469635,0.0,-0.010000000000002274,-1.1609475719187193e-07
R04_head_on_lateral_offset,764,153.80000000000072,89.43859801135127,43.36783975531748,19.645762271199043,-1.439763320986298,-0.06666956145909016,0.383474978804032,-0.005393326204524951,-0.00037618740235410717,-0.8564325571060181,-0.014253143221139908,0.0014490754110738635,-0.8564325571060181,-0.014253143221139908,0.0014490754110738635,0.38614046573638916,-0.004988600127398967,0.0003622688527684659,-0.06146119856725292,0.20000000000004547,90.02039925499356,none,-0.05146112198763575,0.0,-0.010000000000002274,-7.657961489668929e-08
R04_head_on_lateral_offset,765,154.00000000000077,89.44856690484677,43.29188395131967,19.6508792723676,-1.440821750031072,-0.06671105645038758,0.3842668419529704,-0.005205147313003551,-6.241182078086092e-05,-0.8549050092697144,-0.013776279985904694,0.0023078559897840023,-0.8549050092697144,-0.013776279985904694,0.0023078559897840023,0.3870569944381714,-0.004821697995066643,0.0005769639974460006,-0.061783244426991756,0.20000000000004547,90.11786620195659,none,-0.05178317846088909,0.0,-0.010000000000002274,-6.59661003936973e-08
R04_head_on_lateral_offset,766,154.2000000000008,89.45847754062503,43.21575829971934,19.65600794611411,-1.441844776917326,-0.06669571356812445,0.38508650954600815,-0.005037739128208044,0.00019633858831816415,-0.8533756136894226,-0.013418897055089474,0.002894361736252904,-0.8533756136894226,-0.013418897055089474,0.002894361736252904,0.3879746317863464,-0.0046966139692813155,0.000723590434063226,-0.062110466491781834,0.20000000000004547,90.21533698908205,none,-0.05211041027653174,0.0,-0.010000000000002274,-5.621524781790105e-08
R04_head_on_lateral_offset,767,154.40000000000086,89.46833279492319,43.13945793165911,19.66114467903365,-1.4428365595704553,-0.06663441299195237,0.3859288864471853,-0.004891136838489149,0.0004012248655779029,-0.8518382906913757,-0.0131211644038558,0.003274874296039343,-0.8518382906913757,-0.0131211644038558,0.003274874296039343,0.3888970255851745,-0.00459240754134953,0.0008187185740098357,-0.0624417924117044,0.20000000000004547,90.31281582302799,none,-0.052441740475771326,0.0,-0.010000000000002274,-5.193593080179385e-08
R04_head_on_lateral_offset,768,154.6000000000009,89.47813512573558,43.06297882827562,19.666286591107166,-1.443800729348931,-0.0665372561408837,0.3867904703346823,-0.004760413577054172,0.0005584905110659317,-0.850289523601532,-0.012840116396546364,0.003515793476253748,-0.850289523601532,-0.012840116396546364,0.003515793476253748,0.3898262858390808,-0.004494040738791227,0.000878948369063437,-0.06277639707980794,0.20000000000004547,90.41030632769278,none,-0.05277634636561501,0.0,-0.010000000000002274,-5.071419064781729e-08
R04_head_on_lateral_offset,769,154.80000000000095,89.48788666620804,42.986317605801965,19.671431463534688,-1.4447400040222906,-0.06641280190464487,0.38766842244892086,-0.004641310009360396,0.000677111379607983,-0.8487301468849182,-0.012567469850182533,0.0036752934101969004,-0.8487301468849182,-0.012567469850182533,0.0036752934101969004,0.3907619118690491,-0.0043986144475638865,0.0009188233525492251,-0.06311365085761479,0.20000000000004547,90.50781162889396,none,-0.05311360022897027,0.0,-0.010000000000002274,-5.06286422497827e-08
R04_head_on_lateral_offset,770,155.000000000001,89.49758930397175,42.90947138833782,19.676577618636905,-1.4456564733568096,-0.06626775827700009,0.3885605315845626,-0.004531648536610452,0.0007665815196723296,-0.8471601605415344,-0.012309122830629349,0.003795573953539133,-0.8471601605415344,-0.012309122830629349,0.003795573953539133,0.39170390367507935,-0.004308192990720272,0.0009488934883847833,-0.06345306142059814,0.20000000000004547,90.6053344681974,none,-0.05345301049924167,0.0,-0.010000000000002274,-5.0921354200606343e-08
R04_head_on_lateral_offset,771,155.20000000000104,89.5072447301574,42.83243768712263,19.681723789136868,-1.4465520068147983,-0.0661070394928664,0.38946513860697146,-0.004431252878307436,0.0008354180989080363,-0.8455790877342224,-0.012076223269104958,0.00390274147503078,-0.8455790877342224,-0.012076223269104958,0.00390274147503078,0.39265254735946653,-0.004226678144186735,0.000975685368757695,-0.06379424671581121,0.20000000000004547,90.7028772941863,none,-0.053794195405442835,0.0,-0.010000000000002274,-5.131036610884804e-08
R04_head_on_lateral_offset,772,155.40000000000109,89.51685445812967,42.75521429423661,19.686868998319536,-1.447428518660541,-0.06593401966057517,0.3903810381258012,-0.004340691223878898,0.0008906196734858858,-0.8439862728118896,-0.011874728836119175,0.004012412391602993,-0.8439862728118896,-0.011874728836119175,0.004012412391602993,0.3936082363128662,-0.004156155092641711,0.0010031030979007483,-0.06413690336822414,0.20000000000004547,90.80044232338271,none,-0.054136851574480005,0.0,-0.010000000000002274,-5.179374186543959e-08
R04_head_on_lateral_offset,773,155.60000000000113,89.52641982639575,42.6777991999249,19.69201246036004,-1.4482880366333772,-0.06575086185324681,0.3913073386576532,-0.004260530248582413,0.0009374302778931749,-0.8423813581466675,-0.011706249788403511,0.004131262190639973,-0.8423813581466675,-0.011706249788403511,0.004131262190639973,0.3945711851119995,-0.004097187425941229,0.0010328155476599932,-0.06448078079113045,0.20000000000004547,90.89803156988776,none,-0.05448072842589724,0.0,-0.010000000000002274,-5.236523093790982e-08
R04_head_on_lateral_offset,774,155.80000000000118,89.53594199658448,42.60019054259871,19.69715350419358,-1.4491326544330716,-0.06555886492806903,0.39224329045447326,-0.004190896085152807,0.000979377412397675,-0.8407647609710693,-0.011568581685423851,0.004259409848600626,-0.8407647609710693,-0.011568581685423851,0.004259409848600626,0.39554114341735835,-0.004049003589898348,0.0010648524621501565,-0.06482565822324257,0.20000000000004547,90.99564685699406,none,-0.054825605248025155,0.0,-0.010000000000002274,-5.297521513941434e-08
R04_head_on_lateral_offset,775,156.00000000000122,89.54542195454266,42.522386576588374,19.7022915217265,-1.4499644569798373,-0.06535877982509551,0.3931882937003806,-0.004131598639415526,0.0010185231942015348,-0.8391366004943848,-0.01145934034138918,0.004393159877508879,-0.8391366004943848,-0.01145934034138918,0.004393159877508879,0.39651803970336913,-0.0040107691194862126,0.0010982899693772197,-0.06517133670293138,0.20000000000004547,91.09328982046705,none,-0.055171283088343515,0.0,-0.010000000000002274,-5.3614585586343745e-08
R04_head_on_lateral_offset,776,156.20000000000127,89.55486051720153,42.444385638919016,19.7074259377077,-1.4507854336762462,-0.06515104548859174,0.3941419207083515,-0.0040819131286766105,0.0010559958513437504,-0.8374965786933899,-0.011373342014849186,0.004529413301497698,-0.8374965786933899,-0.011373342014849186,0.004529413301497698,0.39750205278396605,-0.003980669705197215,0.0011323533253744245,-0.06551764426545145,0.20000000000004547,91.19096191302576,none,-0.05551758995280487,0.0,-0.010000000000002274,-5.431264430909647e-08
R04_head_on_lateral_offset,777,156.4000000000013,89.56425786042915,42.36618892550137,19.712556384652842,-1.4516031744553461,-0.06495055982628849,0.39507689486428654,-0.004094542764849123,0.0009563696152564025,-0.8360478281974792,-0.011772222816944122,0.00301345088519156,-0.8360478281974792,-0.011772222816944122,0.00301345088519156,0.3983713030815124,-0.004120277985930443,0.00075336272129789,-0.06586234131254033,0.20000000000004547,91.28866441472061,none,-0.055862250190019225,0.0,-0.010000000000002274,-9.112251882667966e-08
R04_head_on_lateral_offset,778,156.60000000000136,89.57361316910614,42.287798920788966,19.71768436888996,-1.4524288991659235,-0.06478806684565061,0.3960058781111938,-0.0041579270577623995,0.0006887320708659884,-0.8345347046852112,-0.0122488122433424,0.0005734841688536108,-0.8345347046852112,-0.0122488122433424,0.0005734841688536108,0.3992791771888733,-0.004287084285169839,0.0001433710422134027,-0.06620379068048987,0.20000000000004547,91.38639764480651,none,-0.056203621278131166,0.0,-0.010000000000002274,-1.6940235643140163e-07
R04_head_on_lateral_offset,779,156.8000000000014,89.58292549139827,42.209214261129354,19.72281399499989,-1.4532636162323256,-0.06468690498228942,0.3969552171661848,-0.004187048703670074,0.00034852780648466096,-0.832832932472229,-0.01213254127651453,-0.0013788053765892982,-0.832832932472229,-0.01213254127651453,-0.0013788053765892982,0.4003002405166626,-0.004246389446780085,-0.00034470134414732456,-0.06654407805496072,0.20000000000004547,91.48416078028207,none,-0.05654394363531701,0.0,-0.010000000000002274,-1.3441964143702054e-07
R04_head_on_lateral_offset,780,157.00000000000145,89.5921945685925,42.13043147603176,19.72795069859665,-1.4540969143855302,-0.0646537613839188,0.39792247549760795,-0.004148814542535214,8.533589646949534e-06,-0.8311156034469604,-0.01163115818053484,-0.0027370702009648085,-0.8311156034469604,-0.01163115818053484,-0.0027370702009648085,0.4013306379318237,-0.0040709053631871935,-0.0006842675502412021,-0.06688519979396629,0.20000000000004547,91.58195329495071,none,-0.056885098884217555,0.0,-0.010000000000002274,-1.009097464619972e-07
R04_head_on_lateral_offset,781,157.2000000000015,89.60142095409542,42.051448071644906,19.733099928089086,-1.4549179586575032,-0.06468383165989906,0.3989015334322075,-0.004067738862702072,-0.00028696460829002774,-0.8294145464897156,-0.011150091886520386,-0.0035563874989748,-0.8294145464897156,-0.011150091886520386,-0.0035563874989748,0.4023512721061706,-0.0039025321602821346,-0.0008890968747437,-0.06722722799593922,0.20000000000004547,91.67977559857376,none,-0.05722715206992923,0.0,-0.010000000000002274,-7.59260077169276e-08
R04_head_on_lateral_offset,782,157.40000000000154,89.61060575467052,41.97226233145958,19.738266451092407,-1.4557218513328556,-0.06476597472841554,0.39989077862426636,-0.00397795491938268,-0.0005171192861097876,-0.827705979347229,-0.010842867195606232,-0.003944408148527145,-0.827705979347229,-0.010842867195606232,-0.003944408148527145,0.40337641239166255,-0.0037950035184621807,-0.0009861020371317863,-0.06757014621319407,0.20000000000004547,91.77762880405349,none,-0.05757008293021748,0.0,-0.010000000000002274,-6.328297431142104e-08
R04_head_on_lateral_offset,783,157.6000000000016,89.61975021368947,41.8928726810073,19.74345405043158,-1.456509405335031,-0.064886807063962,0.4008898564416513,-0.0039032180321768796,-0.0006790028798928722,-0.8259831070899963,-0.01071693655103445,-0.00403548264876008,-0.8259831070899963,-0.01071693655103445,-0.00403548264876008,0.40441013574600215,-0.0037509277928620575,-0.00100887066219002,-0.06791400471697535,0.20000000000004547,91.8755144921395,none,-0.05791394486813495,0.0,-0.010000000000002274,-5.98488381315385e-08
R04_head_on_lateral_offset,784,157.80000000000163,89.62885535969323,41.813277529448506,19.74866546567056,-1.4572848726052567,-0.06503350668043774,0.4018983483423806,-0.0038550826413279293,-0.0007803544059469479,-0.8242470026016235,-0.01073427964001894,-0.003947507590055466,-0.8242470026016235,-0.01073427964001894,-0.003947507590055466,0.40545179843902585,-0.0037569978740066286,-0.0009868768975138664,-0.06825868062472534,0.20000000000004547,91.97343437084055,none,-0.05825862018273931,0.0,-0.010000000000002274,-6.044198376475591e-08
R04_head_on_lateral_offset,785,158.00000000000168,89.6379218163913,41.73347528256014,19.753902497109884,-1.4580537770444146,-0.06519537998719015,0.40291563578990974,-0.0038354420634019205,-0.0008343118791556451,-0.8224998712539673,-0.01084405928850174,-0.0037770408671349287,-0.8224998712539673,-0.01084405928850174,-0.0037770408671349287,0.4065000772476196,-0.0037954207509756084,-0.0009442602167837322,-0.06860389872579369,0.20000000000004547,92.07138994478345,none,-0.05860383685422299,0.0,-0.010000000000002274,-6.187156841614837e-08
R04_head_on_lateral_offset,786,158.20000000000172,89.64694976143544,41.65346437227718,19.759166199050895,-1.4588213346177346,-0.06536452468428146,0.40394108677228374,-0.003839804846235058,-0.0008555354669316896,-0.8207428455352783,-0.010996270924806595,-0.003595129819586873,-0.8207428455352783,-0.010996270924806595,-0.003595129819586873,0.407554292678833,-0.003848694823682308,-0.0008987824548967183,-0.06894933466564833,0.20000000000004547,92.16938232461065,none,-0.0589492717976583,0.0,-0.010000000000002274,-6.286798775162212e-08
R04_head_on_lateral_offset,787,158.40000000000177,89.65593898886088,41.57324325829426,19.76445710201341,-1.4595915582792862,-0.06553578174582222,0.4049742801476697,-0.003860845901924773,-0.0008569300393542487,-0.8189753890037537,-0.011153488419950008,-0.0034390869550406933,-0.8189753890037537,-0.011153488419950008,-0.0034390869550406933,0.40861476659774776,-0.0039037209469825027,-0.0008597717387601733,-0.06929471096975148,0.20000000000004547,92.26741218190082,none,-0.05929464751036306,0.0,-0.010000000000002274,-6.345938614368243e-08
R04_head_on_lateral_offset,788,158.6000000000018,89.66488901875526,41.492810435130295,19.7697754136033,-1.4603669547485614,-0.065706275578493,0.4060147850971882,-0.0038908568606064553,-0.0008486335917853728,-0.8171982765197754,-0.011291456408798695,-0.0033269121777266264,-0.8171982765197754,-0.011291456408798695,-0.0033269121777266264,0.4096810340881347,-0.003952009743079543,-0.0008317280444316566,-0.06963982769212744,0.20000000000004547,92.36547981028056,none,-0.05963976389718262,0.0,-0.010000000000002274,-6.379494254647668e-08
R04_head_on_lateral_offset,789,158.80000000000186,89.67379921798512,41.41216442336459,19.7751211786279,-1.4611485906178103,-0.06587480140730702,0.4070624953140422,-0.003923073648035935,-0.000837466371345843,-0.815409779548645,-0.011396346613764763,-0.0032588443718850613,-0.815409779548645,-0.011396346613764763,-0.0032588443718850613,0.410754132270813,-0.0039887213148176665,-0.0008147110929712653,-0.06998458068134164,0.20000000000004547,92.46358523283004,none,-0.05998451639420743,0.0,-0.010000000000002274,-6.42871319406484e-08
R04_head_on_lateral_offset,790,159.0000000000019,89.68266890670326,41.331303757919386,19.78049439035242,-1.4619364132341635,-0.06604123697417372,0.40811730427444404,-0.0039529041837769304,-0.0008276306193467909,-0.8136100769042969,-0.01146768406033516,-0.003230353817343712,-0.8136100769042969,-0.01146768406033516,-0.003230353817343712,0.41183395385742183,-0.004013689421117306,-0.000807588454335928,-0.0703289517014559,0.20000000000004547,92.56172832249584,none,-0.060328886804846604,0.0,-0.010000000000002274,-6.489660702109924e-08
R04_head_on_lateral_offset,791,159.20000000000195,89.69149743402419,41.250226984276814,19.785895058277305,-1.4627296229550526,-0.06620603037516617,0.40917926340456506,-0.003977350502593089,-0.0008208169386592317,-0.8117981553077698,-0.011506184004247189,-0.0032277312129735947,-0.8117981553077698,-0.011506184004247189,-0.0032277312129735947,0.4129211068153381,-0.004027164401486516,-0.0008069328032433987,-0.07067298028127575,0.20000000000004547,92.65990890890673,none,-0.06067291459029356,0.0,-0.010000000000002274,-6.569097991392451e-08
R04_head_on_lateral_offset,792,159.400000000002,89.70028422759087,41.168932642647796,19.791323238719105,-1.4635270226605237,-0.0663698035319051,0.4102484997274196,-0.003995294137785373,-0.0008171881323753325,-0.8099733591079712,-0.011519593186676502,-0.003239175071939826,-0.8099733591079712,-0.011519593186676502,-0.003239175071939826,0.41401598453521726,-0.004031857615336775,-0.0008097937679849565,-0.07101675188087657,0.20000000000004547,92.75812685374085,none,-0.06101668527703552,0.0,-0.010000000000002274,-6.660383877761631e-08
R04_head_on_lateral_offset,793,159.60000000000204,89.70902868366734,41.08742080674343,19.796778994083372,-1.4643260156866067,-0.0665352782790988,0.41131035177867137,-0.0039946822417368,-0.0008361315699782605,-0.8082469701766968,-0.011409815400838852,-0.0034989293199032545,-0.8082469701766968,-0.011409815400838852,-0.0034989293199032545,0.41505181789398193,-0.003993435390293598,-0.0008747323299758136,-0.07135922367725997,0.20000000000004547,92.85638210178588,none,-0.06135916247841422,0.0,-0.010000000000002274,-6.119884347250554e-08
R04_head_on_lateral_offset,794,159.8000000000021,89.71773005768102,41.00569585797727,19.802262517434002,-1.4651214048973622,-0.06671027082053661,0.4123372948323305,-0.003961696040490795,-0.0009083506798304101,-0.806740403175354,-0.011127087287604809,-0.004222041927278042,-0.806740403175354,-0.011127087287604809,-0.004222041927278042,0.4159557580947876,-0.003894480550661683,-0.0010555104818195105,-0.07169737793604085,0.20000000000004547,92.95467437763187,none,-0.0616973204846154,0.0,-0.010000000000002274,-5.745142316984403e-08
R04_head_on_lateral_offset,795,160.00000000000213,89.72638792397554,40.92376338642374,19.807774638238776,-1.4659092778025549,-0.06690176517316794,0.4133436554667283,-0.003920163337184697,-0.00099970728609023,-0.805184006690979,-0.010958665050566196,-0.004743453115224838,-0.805184006690979,-0.010958665050566196,-0.004743453115224838,0.4168895959854126,-0.0038355327676981685,-0.0011858632788062096,-0.07203056897260639,0.20000000000004547,93.05300271876528,none,-0.06203051452049024,0.0,-0.010000000000002274,-5.445211386840079e-08
R04_head_on_lateral_offset,796,160.20000000000218,89.7350023461418,40.84162635426677,19.813316696164026,-1.4666879042183094,-0.06711103236425565,0.4143421110779215,-0.003869889933907439,-0.001086428439159742,-0.8035663366317749,-0.010764138773083687,-0.005052555352449417,-0.8035663366317749,-0.010764138773083687,-0.005052555352449417,0.41786019802093505,-0.00376744857057929,-0.0012631388381123543,-0.0723608898759562,0.20000000000004547,93.15136631082665,none,-0.0623608348711322,0.0,-0.010000000000002274,-5.500482172267687e-08
R04_head_on_lateral_offset,797,160.40000000000222,89.74357368340105,40.75928623258964,19.81889008512438,-1.4674561518628249,-0.06733590623997296,0.4153355792810526,-0.0038166027721962346,-0.0011569919371452002,-0.801939845085144,-0.010594343766570091,-0.005203112494200468,-0.801939845085144,-0.010594343766570091,-0.005203112494200468,0.41883609294891355,-0.0037080203182995315,-0.001300778123550117,-0.07268954403685657,0.20000000000004547,93.24976514544046,none,-0.06268949009740332,0.0,-0.010000000000002274,-5.393945096861686e-08
R04_head_on_lateral_offset,798,160.60000000000227,89.75210239494075,40.67674397050338,19.82449598864655,-1.4682143952994018,-0.06757270285952828,0.41632630898686446,-0.003769390025035358,-0.0012071907655772625,-0.8003047108650208,-0.010494815185666084,-0.005237920675426722,-0.8003047108650208,-0.010494815185666084,-0.005237920675426722,0.4198171734809875,-0.0036731853149831292,-0.0013094801688566804,-0.07301695355064805,0.20000000000004547,93.34819969171312,none,-0.06301689985501646,0.0,-0.010000000000002274,-5.3695629314304966e-08
R04_head_on_lateral_offset,799,160.8000000000023,89.76058890111264,40.594000040212606,19.830135301250134,-1.4689644053068338,-0.06781742983067347,0.4173165421164335,-0.0037334210370221226,-0.001237773891340958,-0.798657238483429,-0.010457507334649563,-0.0052003706805408,-0.798657238483429,-0.010457507334649563,-0.0052003706805408,0.4208056569099426,-0.003660127567127347,-0.0013000926701352,-0.07334341412193045,0.20000000000004547,93.4466705820846,none,-0.06334335978258565,0.0,-0.010000000000002274,-5.433934251942302e-08
R04_head_on_lateral_offset,800,161.00000000000236,89.76903349054312,40.51105450228882,19.835808629673558,-1.469708555401176,-0.0680665313805479,0.4183078194228352,-0.0037098560061256665,-0.0012521575118798925,-0.7969989776611328,-0.01046239398419857,-0.005125867202877998,-0.7969989776611328,-0.01046239398419857,-0.005125867202877998,0.4218006134033203,-0.003661837894469499,-0.0012814668007194996,-0.0736691155718958,0.20000000000004547,93.54517847076845,none,-0.06366906046382148,0.0,-0.010000000000002274,-5.510807204579891e-08
R04_head_on_lateral_offset,801,161.2000000000024,89.77743628473799,40.42790711692707,19.841516336819193,-1.4704491782162197,-0.06831725034957994,0.41930126199098416,-0.00369731719619817,-0.0012548306998810695,-0.7953305244445801,-0.010490763001143932,-0.005041111260652542,-0.7953305244445801,-0.010490763001143932,-0.005041111260652542,0.4228016853332519,-0.003671767050400376,-0.0012602778151631355,-0.07399415190226936,0.20000000000004547,93.64372393476651,none,-0.06399409606777695,0.0,-0.010000000000002274,-5.583449013380274e-08
R04_head_on_lateral_offset,802,161.40000000000245,89.78579724911503,40.34455741711405,19.847258606595915,-1.471188193504213,-0.0685676866469297,0.42029773516568775,-0.003693149782311821,-0.0012499036277432718,-0.7936519384384155,-0.01052759401500225,-0.0049594552256166935,-0.7936519384384155,-0.01052759401500225,-0.0049594552256166935,0.42380883693695065,-0.0036846579052507876,-0.0012398638064041734,-0.07431857908520097,0.20000000000004547,93.7423074254919,none,-0.06431852257169446,0.0,-0.010000000000002274,-5.65135042346213e-08
R04_head_on_lateral_offset,803,161.6000000000025,89.7941162268633,40.261004771445926,19.853035507246396,-1.4719269688610124,-0.06881671798276448,0.4212978181217401,-0.00369450187803499,-0.0012410751353320174,-0.7919639348983765,-0.010563591495156288,-0.004892341792583466,-0.7919639348983765,-0.010563591495156288,-0.004892341792583466,0.4248216390609741,-0.0036972570233047004,-0.0012230854481458664,-0.07464243701394571,0.20000000000004547,93.84092927098578,none,-0.06464237991082378,0.0,-0.010000000000002274,-5.710311965310706e-08
R04_head_on_lateral_offset,804,161.80000000000254,89.80239298224848,40.17724840697209,19.858847048893864,-1.4726663182732531,-0.06906382879086594,0.4223022149882424,-0.003698677525247908,-0.0012308068665587454,-0.7902646064758301,-0.01059196051210165,-0.004839533474296331,-0.7902646064758301,-0.01059196051210165,-0.004839533474296331,0.425841236114502,-0.0037071861792355772,-0.0012098833685740829,-0.07496578331588714,0.20000000000004547,93.93958970183833,none,-0.06496572548967272,0.0,-0.010000000000002274,-5.782621214553505e-08
R04_head_on_lateral_offset,805,162.0000000000026,89.81062724065778,40.09328744052322,19.864693223210395,-1.4734065779919467,-0.06930890340992496,0.4233112844922632,-0.003703552252780701,-0.0012207010043053118,-0.788555383682251,-0.010609958320856094,-0.00480043375864625,-0.788555383682251,-0.010609958320856094,-0.00480043375864625,0.4268667697906494,-0.0037134854122996327,-0.0012001084396615624,-0.07528868350456201,0.20000000000004547,94.03828889157953,none,-0.0652886250386544,0.0,-0.010000000000002274,-5.846590533948454e-08
R04_head_on_lateral_offset,806,162.20000000000263,89.81881872001779,40.009120910117936,19.87057402807621,-1.4741477383094497,-0.06955205719040257,0.4243254483654674,-0.003707735621180013,-0.0012115281591158205,-0.7868351936340332,-0.010617885738611221,-0.0047713471576571465,-0.7868351936340332,-0.010617885738611221,-0.0047713471576571465,0.4278988838195801,-0.0037162600085139273,-0.0011928367894142866,-0.07561120473913337,0.20000000000004547,94.13702699261408,none,-0.06561114553987757,0.0,-0.010000000000002274,-5.9199253525936585e-08
R04_head_on_lateral_offset,807,162.40000000000268,89.82696715258452,39.92474779344503,19.876489480103505,-1.4748895643111324,-0.06979350595284295,0.42534492442555033,-0.0037103289370616424,-0.0012035600247102035,-0.7851048707962036,-0.010616037994623184,-0.004749293904751539,-0.7851048707962036,-0.010616037994623184,-0.004749293904751539,0.42893707752227783,-0.0037156132981181144,-0.0011873234761878848,-0.07593341676302076,0.20000000000004547,94.23580416347214,none,-0.06593335687288082,0.0,-0.010000000000002274,-5.989013766472418e-08
R04_head_on_lateral_offset,808,162.60000000000272,89.83507229691696,39.84016702972958,19.882439618249048,-1.4756317256049045,-0.07003348597259222,0.42636992186778805,-0.0037112170625167285,-0.0011967532038386361,-0.7833641171455383,-0.01060864794999361,-0.00473153218626976,-0.7833641171455383,-0.01060864794999361,-0.00473153218626976,0.429981529712677,-0.0037130267824977635,-0.00118288304656744,-0.07625538259928401,0.20000000000004547,94.33462058815616,none,-0.06625532198741446,0.0,-0.010000000000002274,-6.061186727415127e-08
R04_head_on_lateral_offset,809,162.80000000000277,89.84313394125081,39.75537752149118,19.88842450314585,-1.476373882436333,-0.07027219684097569,0.427400643171164,-0.0037104119343892776,-0.0011908038812821714,-0.7816126346588135,-0.010596489533782005,-0.004714724142104387,-0.7816126346588135,-0.010596489533782005,-0.004714724142104387,0.4310324192047119,-0.0037087713368237018,-0.0011786810355260968,-0.07657716629258816,0.20000000000004547,94.43347648522008,none,-0.06657710493016111,0.0,-0.010000000000002274,-6.136242477474633e-08
R04_head_on_lateral_offset,810,163.0000000000028,89.85115190220543,39.67037814601433,19.89444421178306,-1.4771157140133213,-0.07050977337119199,0.42843718280577814,-0.003708079622192874,-0.001185370905069754,-0.7798509001731873,-0.010580934584140778,-0.00469720084220171,-0.7798509001731873,-0.010580934584140778,-0.00469720084220171,0.4320894598960876,-0.003703327104449272,-0.0011743002105504274,-0.07689882261900359,0.20000000000004547,94.53237211101099,none,-0.06689876053385291,0.0,-0.010000000000002274,-6.208514840685009e-08
R04_head_on_lateral_offset,811,163.20000000000286,89.85912602026337,39.58516777111542,19.900498830810093,-1.477856959362076,-0.07074628472787656,0.42947957482782423,-0.003704633593059842,-0.0011801371319961685,-0.7780792117118835,-0.01056460477411747,-0.0046778894029557705,-0.7780792117118835,-0.01056460477411747,-0.0046778894029557705,0.43315247297286985,-0.0036976116709411143,-0.0011694723507389426,-0.07722039169752938,0.20000000000004547,94.63130775693529,none,-0.06722032890713514,0.0,-0.010000000000002274,-6.279039196595715e-08
R04_head_on_lateral_offset,812,163.4000000000029,89.86705615345669,39.49974525737187,19.906588451240108,-1.4785974322117883,-0.0709817489292339,0.4305278773886136,-0.0037004130100073643,-0.0011748996326471257,-0.7762973308563232,-0.01054803654551506,-0.00465690903365612,-0.7762973308563232,-0.01054803654551506,-0.00465690903365612,0.43422160148620603,-0.003691812790930271,-0.00116422725841403,-0.0775419073878645,0.20000000000004547,94.73028374287858,none,-0.06754184387158091,0.0,-0.010000000000002274,-6.351628131014576e-08
R04_head_on_lateral_offset,813,163.60000000000295,89.87494217143868,39.41410946128265,19.912713164435225,-1.4793370058101603,-0.07121614320626579,0.43158208834846473,-0.003695679722281336,-0.0011694536055109033,-0.774505615234375,-0.010531527921557426,-0.004633425269275904,-0.774505615234375,-0.010531527921557426,-0.004633425269275904,0.435296630859375,-0.003686034772545099,-0.001158356317318976,-0.07786339680975385,0.20000000000004547,94.82930041067883,none,-0.06786333258837374,0.0,-0.010000000000002274,-6.422137783575633e-08
R04_head_on_lateral_offset,814,163.800000000003,89.8827839507295,39.32825923778855,19.918873058727247,-1.4800756031517217,-0.07144941741003269,0.4326422297585548,-0.0036906711873249736,-0.0011637205345323282,-0.7727038860321045,-0.010515615344047546,-0.004608153365552425,-0.7727038860321045,-0.010515615344047546,-0.004608153365552425,0.4363776683807373,-0.003680465370416641,-0.0011520383413881063,-0.07818488180116466,0.20000000000004547,94.92835811784022,none,-0.06818481685876243,0.0,-0.010000000000002274,-6.494239995110274e-08
R04_head_on_lateral_offset,815,164.00000000000304,89.8905813709779,39.242193439657534,19.925068217900403,-1.4808131841007002,-0.07168151163302276,0.4337083029833896,-0.0036855260892349434,-0.0011576771835876253,-0.7708922624588013,-0.010500119999051094,-0.004581450950354338,-0.7708922624588013,-0.010500119999051094,-0.004581450950354338,0.4374646425247192,-0.0036750419996678827,-0.0011453627375885844,-0.07850638179885129,0.20000000000004547,95.02745723248773,none,-0.0685063161401871,0.0,-0.010000000000002274,-6.565866192083814e-08
R04_head_on_lateral_offset,816,164.2000000000031,89.89833431174597,39.155910924949254,19.931298720097903,-1.4815497342911388,-0.0719123631981121,0.4347802537441852,-0.0036803648206933702,-0.0011513177767060387,-0.7690711617469788,-0.010485279373824596,-0.004553437232971191,-0.7690711617469788,-0.010485279373824596,-0.004553437232971191,0.4385573029518127,-0.0036698477808386086,-0.0011383593082427979,-0.0788279083437299,0.20000000000004547,95.12659812976324,none,-0.06882784199547132,0.0,-0.010000000000002274,-6.634825630238376e-08
R04_head_on_lateral_offset,817,164.40000000000313,89.90604265118273,39.06941055015697,19.9375646382232,-1.4822852577196328,-0.07214191270170404,0.43585814253870836,-0.003675254620746011,-0.0011446777211444026,-0.7672398090362549,-0.010470976121723652,-0.004524589516222477,-0.7672398090362549,-0.010470976121723652,-0.004524589516222477,0.43965611457824705,-0.0036648416426032777,-0.0011311473790556192,-0.07914947700651964,0.20000000000004547,95.2257811875855,none,-0.06914940990872687,0.0,-0.010000000000002274,-6.709779049715939e-08
R04_head_on_lateral_offset,818,164.60000000000318,89.91370626473825,38.982691169699514,19.943866040541852,-1.4830197731313304,-0.0723701118351158,0.43694192952526534,-0.0036702748242019557,-0.0011378297458442582,-0.7653988599777222,-0.010457507334649563,-0.004495502915233374,-0.7653988599777222,-0.010457507334649563,-0.004495502915233374,0.44076068401336665,-0.003660127567127347,-0.0011238757288083434,-0.07947110251704567,0.20000000000004547,95.32500678631013,none,-0.0694710347146259,0.0,-0.010000000000002274,-6.780241749389671e-08
R04_head_on_lateral_offset,819,164.80000000000322,89.92132502376504,38.89575163871149,19.95020299134938,-1.4837533075178788,-0.07259691793471093,0.43803163901146386,-0.0036654339022574372,-0.001130763810646774,-0.7635478973388672,-0.010444484651088715,-0.004465462639927864,-0.7635478973388672,-0.010444484651088715,-0.004465462639927864,0.44187126159667967,-0.0036555696278810497,-0.001116365659981966,-0.07979279663596689,0.20000000000004547,95.42427530754192,none,-0.06979272809327064,0.0,-0.010000000000002274,-6.854269397729099e-08
R04_head_on_lateral_offset,820,165.00000000000327,89.92889879663625,38.80859080678273,19.95657555174858,-1.484485857901175,-0.07282229829371799,0.4391272978372663,-0.003660445878744808,-0.0011235811384478838,-0.7616868615150452,-0.010429376736283302,-0.004435780458152294,-0.7616868615150452,-0.010429376736283302,-0.004435780458152294,0.4429878830909729,-0.0036502818576991556,-0.0011089451145380735,-0.08011457628688481,0.20000000000004547,95.52358713235857,none,-0.07011450699561017,0.0,-0.010000000000002274,-6.929127237107272e-08
R04_head_on_lateral_offset,821,165.2000000000033,89.93642737769797,38.721208962416924,19.962983652132742,-1.485215653279531,-0.07304542555162304,0.44021507568652485,-0.0036391155729917054,-0.0011088051118281284,-0.7599201798439026,-0.010273288935422897,-0.0043147848919034,-0.7599201798439026,-0.010273288935422897,-0.0043147848919034,0.44404789209365847,-0.0035956511273980136,-0.00107869622297585,-0.08043532099041223,0.20000000000004547,95.62294264333755,none,-0.07043525778706083,0.0,-0.010000000000002274,-6.32033491156092e-08
R04_head_on_lateral_offset,822,165.40000000000336,89.94391040745704,38.633612457218376,19.969426592772813,-1.485935490321902,-0.07326238278007531,0.4412494530147272,-0.0035648520992829884,-0.0010641340378841342,-0.7585098147392273,-0.00975293293595314,-0.0038924338296055794,-0.7585098147392273,-0.00975293293595314,-0.0038924338296055794,0.4448941111564636,-0.003413526527583599,-0.0009731084574013948,-0.0807503678028433,0.20000000000004547,95.72234194188599,none,-0.07075031903723072,0.0,-0.010000000000002274,-4.876561028988036e-08
R04_head_on_lateral_offset,823,165.6000000000034,89.95134783868106,38.54581206031729,19.97590288965745,-1.4866409787683468,-0.0734678662947243,0.4422296248918545,-0.0034952763028270597,-0.000995847848407858,-0.7571945190429688,-0.009581436403095722,-0.003426808398216963,-0.7571945190429688,-0.009581436403095722,-0.003426808398216963,0.44568328857421874,-0.0033535027410835027,-0.0008567020995542407,-0.08105654918162371,0.20000000000004547,95.82178408039995,none,-0.071056509657204,0.0,-0.010000000000002274,-3.952441743468402e-08
R04_head_on_lateral_offset,824,165.80000000000345,89.95873981494218,38.457816451635516,19.982410796929464,-1.48733555861251,-0.07365820955975919,0.443176096932588,-0.0034536588519903993,-0.0009137709494741483,-0.7558149695396423,-0.009625301696360111,-0.0029860963113605976,-0.7558149695396423,-0.009625301696360111,-0.0029860963113605976,0.4465110182762146,-0.003368855593726039,-0.0007465240778401494,-0.08135548336176653,0.20000000000004547,95.9212677448446,none,-0.07135544137560146,0.0,-0.010000000000002274,-4.1986162791652486e-08
R04_head_on_lateral_offset,825,166.0000000000035,89.96608635720617,38.36963090916693,19.98894857101602,-1.488024536989987,-0.0738318674278574,0.44410237499396504,-0.0034373538342795953,-0.0008291831276557548,-0.754389762878418,-0.00972608383744955,-0.00262727914378047,-0.754389762878418,-0.00972608383744955,-0.00262727914378047,0.44736614227294924,-0.0034041293431073425,-0.0006568197859451175,-0.08164958467523989,0.20000000000004547,96.02079208925251,none,-0.07164954127282108,0.0,-0.010000000000002274,-4.3402416538221994e-08
R04_head_on_lateral_offset,826,166.20000000000354,89.97338724481553,38.2812585920039,19.99551456655222,-1.4887121234945737,-0.07398929488400073,0.44501614100670095,-0.003438430093757281,-0.0007509852211038316,-0.75294029712677,-0.009830351918935776,-0.002366570057347417,-0.75294029712677,-0.009830351918935776,-0.002366570057347417,0.44823582172393794,-0.003440623171627521,-0.0005916425143368542,-0.08194026672337136,0.20000000000004547,96.12035663048188,none,-0.07194022312752857,0.0,-0.010000000000002274,-4.359584051531859e-08
R04_head_on_lateral_offset,827,166.4000000000036,89.98064206979872,38.19270133703245,20.00210733216877,-1.4894009220850024,-0.0741323138686618,0.4459229359519233,-0.0034487760354357843,-0.0006842355571611581,-0.7514699101448059,-0.009913879446685314,-0.002192883053794503,-0.7514699101448059,-0.009913879446685314,-0.002192883053794503,0.44911805391311643,-0.0034698578063398597,-0.0005482207634486258,-0.0822283988716179,0.20000000000004547,96.2199609498417,none,-0.07222835488797763,0.0,-0.010000000000002274,-4.398363799649335e-08
R04_head_on_lateral_offset,828,166.60000000000363,89.98785034208069,38.1039600300868,20.008725675980028,-1.4900920184290307,-0.07426342805064809,0.4468268624256207,-0.0034612474337808985,-0.0006309243369432658,-0.7499802112579346,-0.009961886331439018,-0.002089171437546611,-0.7499802112579346,-0.009961886331439018,-0.002089171437546611,0.4500118732452393,-0.0034866602160036563,-0.0005222928593866527,-0.08251465030879225,0.20000000000004547,96.31960463411777,none,-0.0725146056635193,0.0,-0.010000000000002274,-4.4645270677484176e-08
R04_head_on_lateral_offset,829,166.80000000000368,89.99501158108114,38.01503492921815,20.01536868007375,-1.4907853687772006,-0.07438527878035998,0.44773034920077437,-0.003471484480270323,-0.0005906206544510004,-0.7484769821166992,-0.009978126734495163,-0.0020339777693152428,-0.7484769821166992,-0.009978126734495163,-0.0020339777693152428,0.4509138107299805,-0.0034923443570733068,-0.0005084944423288107,-0.08279951233229127,0.20000000000004547,96.419287328153,none,-0.07279946707213014,0.0,-0.010000000000002274,-4.526015885526866e-08
R04_head_on_lateral_offset,830,167.00000000000372,90.00212537436103,37.92592589427256,20.022035679855115,-1.4914802623601133,-0.0745002697865486,0.44863520116492983,-0.0034770331451930304,-0.000561485340208887,-0.7469608783721924,-0.009966684505343437,-0.0020084669813513756,-0.7469608783721924,-0.009966684505343437,-0.0020084669813513756,0.45182347297668457,-0.0034883395768702027,-0.0005021167453378439,-0.08308334452768427,0.20000000000004547,96.51900877958384,none,-0.07308329854063622,0.0,-0.010000000000002274,-4.598704578036295e-08
R04_head_on_lateral_offset,831,167.20000000000377,90.00919140740994,37.836632535528445,20.028726223431722,-1.4921757173767956,-0.07461036492251812,0.44954237356662263,-0.0034774831078789236,-0.0005410093014373504,-0.7454352974891663,-0.009938285686075687,-0.001997142331674695,-0.7454352974891663,-0.009938285686075687,-0.001997142331674695,0.45273882150650024,-0.0034783999901264904,-0.0004992855829186738,-0.08336641397033454,0.20000000000004547,96.61876886391082,none,-0.07336636740369684,0.0,-0.010000000000002274,-4.656663542561734e-08
R04_head_on_lateral_offset,832,167.4000000000038,90.01620946353567,37.747154327624365,20.035440021180094,-1.4928707900965235,-0.07471702642059962,0.4504524760799405,-0.0034735411921484457,-0.000526685282704518,-0.743901252746582,-0.009901453740894794,-0.001989989774301648,-0.743901252746582,-0.009901453740894794,-0.001989989774301648,0.45365924835205074,-0.0034655088093131776,-0.000497497443575412,-0.08364890140708608,0.20000000000004547,96.71856759248067,none,-0.07364885431306334,0.0,-0.010000000000002274,-4.70940204702619e-08
R04_head_on_lateral_offset,833,167.60000000000386,90.02317940837253,37.657490666028465,20.042176897465353,-1.4935647266024732,-0.0748212183658525,0.45136584919940775,-0.003466364756337291,-0.0005160367511596764,-0.7423597574234009,-0.009862118400633335,-0.0019773535896092653,-0.7423597574234009,-0.009862118400633335,-0.0019773535896092653,0.4545841455459595,-0.003451741440221667,-0.0004943383974023163,-0.083930934115773,0.20000000000004547,96.81840509561454,none,-0.07393088655747526,0.0,-0.010000000000002274,-4.7558295470928606e-08
R04_head_on_lateral_offset,834,167.8000000000039,90.03010116692504,37.56764091293898,20.04893674574975,-1.49425700446584,-0.0749235024836007,0.45228259212273486,-0.003457111310834133,-0.0005074514980677642,-0.7408120632171631,-0.009823587723076344,-0.0019598298240453005,-0.7408120632171631,-0.009823587723076344,-0.0019598298240453005,0.45551276206970215,-0.00343825570307672,-0.0004899574560113251,-0.08421258894840793,0.20000000000004547,96.91828159897942,none,-0.07421254100542463,0.0,-0.010000000000002274,-4.7942981029891474e-08
R04_head_on_lateral_offset,835,168.00000000000395,90.0369746998612,37.47760442999671,20.055719496215588,-1.494947353437939,-0.07502415508661883,0.4532026714350694,-0.003447130653700108,-0.0004996616537838715,-0.7392590045928955,-0.00979083776473999,-0.0019351536175236106,-0.7392590045928955,-0.00979083776473999,-0.0019351536175236106,0.4564445972442627,-0.0034267932176589963,-0.00048378840438090265,-0.08449390190855433,0.20000000000004547,97.01819739398283,none,-0.07449385363510075,0.0,-0.010000000000002274,-4.827345130702473e-08
R04_head_on_lateral_offset,836,168.200000000004,90.04379998118826,37.387380578462576,20.06252509381181,-1.4956357250878074,-0.07512326067704461,0.454126140167949,-0.00343732490561069,-0.0004919736931584801,-0.7376999855041504,-0.009763839654624462,-0.0019052322022616863,-0.7376999855041504,-0.009763839654624462,-0.0019052322022616863,0.4573800086975097,-0.0034173438791185616,-0.0004763080505654216,-0.08477489441207202,0.20000000000004547,97.11815280930219,none,-0.07477484576877558,0.0,-0.010000000000002274,-4.864329416225485e-08
R04_head_on_lateral_offset,837,168.40000000000404,90.05057673104446,37.29697582372688,20.069352934580557,-1.4963127051758642,-0.07522027475024899,0.4549849061606968,-0.0033398245877654924,-0.0004791347145286595,-0.736648678779602,-0.008974713273346424,-0.00181189167778939,-0.736648678779602,-0.008974713273346424,-0.00181189167778939,0.45801079273223877,-0.0031411496456712484,-0.0004529729194473475,-0.08504983347572297,0.20000000000004547,97.21814818879469,none,-0.07504979874214612,0.0,-0.010000000000002274,-3.473357456436587e-08
R04_head_on_lateral_offset,838,168.6000000000041,90.05730526223554,37.206403917389835,20.076201758971152,-1.4969695276247135,-0.07531325011316008,0.4557716818656014,-0.0032362093927004254,-0.0004526175193500688,-0.7357601523399353,-0.008643069304525852,-0.0015943353064358234,-0.7357601523399353,-0.008643069304525852,-0.0015943353064358234,0.4585439085960388,-0.0030250742565840483,-0.00039858382660895586,-0.08531332542636103,0.20000000000004547,97.31818249661629,none,-0.07531330649040413,0.0,-0.010000000000002274,-1.8935954615169176e-08
R04_head_on_lateral_offset,839,168.80000000000413,90.06398630867089,37.115676341255934,20.08307023616229,-1.497608237261673,-0.07539911242130708,0.45651487331284013,-0.003156867022601382,-0.0004092724836208544,-0.7347774505615234,-0.008557692170143127,-0.0012837958056479692,-0.7347774505615234,-0.008557692170143127,-0.0012837958056479692,0.45913352966308596,-0.0029951922595500943,-0.0003209489514119923,-0.08556733539854021,0.20000000000004547,97.41825409678444,none,-0.0755673140100015,0.0,-0.010000000000002274,-2.1388536438376365e-08
R04_head_on_lateral_offset,840,169.00000000000418,90.07062057803576,37.02480025324,20.089957072982337,-1.4982338802059398,-0.07547510870647248,0.4572296733976686,-0.0031035787637101937,-0.00035479624953551453,-0.7337528467178345,-0.008557125926017761,-0.000975163362454623,-0.7337528467178345,-0.008557125926017761,-0.000975163362454623,0.45974829196929934,-0.0029949940741062163,-0.00024379084061365575,-0.08581515722166085,0.20000000000004547,97.51836209147729,none,-0.07581513432031173,0.0,-0.010000000000002274,-2.2901346842522085e-08
R04_head_on_lateral_offset,841,169.20000000000422,90.07720850952843,36.93378037736179,20.096860957241738,-1.4988514198901233,-0.07553978870352568,0.4579251492951679,-0.003074044109227999,-0.0002964047003539119,-0.7327072024345398,-0.008611033670604229,-0.0007096844492480159,-0.7327072024345398,-0.008611033670604229,-0.0007096844492480159,0.4603756785392761,-0.00301386178471148,-0.00017742111231200397,-0.08605850219674081,0.20000000000004547,97.61850621952019,none,-0.07605847886159722,0.0,-0.010000000000002274,-2.333514130941203e-08
R04_head_on_lateral_offset,842,169.40000000000427,90.08375025252715,36.842619752344156,20.103780625677906,-1.4994650308829018,-0.0755930069841852,0.45860887761973734,-0.003062905348533677,-0.00024002728039322204,-0.731636643409729,-0.0086863087490201,-0.0005005914135836065,-0.731636643409729,-0.0086863087490201,-0.0005005914135836065,0.4610180139541626,-0.0030402080621570347,-0.00012514785339590162,-0.08629850349295654,0.20000000000004547,97.7186863271338,none,-0.07629847958329705,0.0,-0.010000000000002274,-2.3909657211954107e-08
R04_head_on_lateral_offset,843,169.60000000000431,90.0902457268612,36.75132011945615,20.110714942239646,-1.500077681321717,-0.07563562258779595,0.4592862145407455,-0.0030635504204573985,-0.0001899063754411683,-0.7305452823638916,-0.008756756782531738,-0.0003511030226945877,-0.7305452823638916,-0.008756756782531738,-0.0003511030226945877,0.46167283058166503,-0.003064864873886108,-8.777575567364693e-05,-0.08653604124176499,0.20000000000004547,97.81890223434581,none,-0.07653601687418998,0.0,-0.010000000000002274,-2.4367572736151073e-08
R04_head_on_lateral_offset,844,169.80000000000436,90.09669470818774,36.659882304540666,20.11766294641466,-1.5006910468038868,-0.07566912954387396,0.459961008014798,-0.003069645048277675,-0.00014829912938518484,-0.7294355630874634,-0.00880589708685875,-0.00025406666100025177,-0.7294355630874634,-0.00880589708685875,-0.00025406666100025177,0.46233866214752195,-0.0030820639804005623,-6.351666525006294e-05,-0.08677175852981486,0.20000000000004547,97.91915373761864,none,-0.07677173366365864,0.0,-0.010000000000002274,-2.4866153949532065e-08
R04_head_on_lateral_offset,845,170.0000000000044,90.10309691269099,36.56830655138127,20.12462387047693,-1.501305730031561,-0.07569528684797364,0.4606353856903566,-0.0030766586149483443,-0.00011572874603218156,-0.7283140420913696,-0.008831285871565342,-0.00019744224846363068,-0.7283140420913696,-0.008831285871565342,-0.00019744224846363068,0.4630115747451782,-0.0030909500550478693,-4.936056211590767e-05,-0.08700609324270318,0.20000000000004547,98.01944063639095,none,-0.07700606800949572,0.0,-0.010000000000002274,-2.523320518326225e-08
R04_head_on_lateral_offset,846,170.20000000000445,90.10945206030974,36.476592767587384,20.13159713218627,-1.5019216201205234,-0.0757158214509825,0.4613107439680695,-0.0030818509292117923,-9.144737447995814e-05,-0.7271826863288879,-0.008835517801344395,-0.00016787834465503693,-0.7271826863288879,-0.008835517801344395,-0.00016787834465503693,0.4636903882026672,-0.003092431230470538,-4.196958616375923e-05,-0.08723933071149247,0.20000000000004547,98.11976276517422,none,-0.0772393050943343,0.0,-0.010000000000002274,-2.5617155898771672e-08
R04_head_on_lateral_offset,847,170.4000000000045,90.11575991428869,36.38474067558721,20.138582311461278,-1.5025381994419844,-0.07573222854003718,0.4619877199122852,-0.0030837957072032927,-7.394283564566389e-05,-0.7260448932647705,-0.008822167292237282,-0.00015309639275074005,-0.7260448932647705,-0.008822167292237282,-0.00015309639275074005,0.46437306404113765,-0.0030877585522830486,-3.827409818768501e-05,-0.08747166134978131,0.20000000000004547,98.22012001739243,none,-0.07747163545038305,0.0,-0.010000000000002274,-2.589939597898508e-08
R04_head_on_lateral_offset,848,170.60000000000454,90.1220202982174,36.292749932745295,20.145579115381697,-1.5031548045941094,-0.0757456752717262,0.4626664856099471,-0.0030823637415048183,-6.146494187106268e-05,-0.7249031066894531,-0.008798416703939438,-0.00014415569603443146,-0.7249031066894531,-0.008798416703939438,-0.00014415569603443146,0.4650581359863281,-0.003079445846378803,-3.6038924008607864e-05,-0.0877031901224451,0.20000000000004547,98.32051236050798,none,-0.07770316403603061,0.0,-0.010000000000002274,-2.6086412201545284e-08
R04_head_on_lateral_offset,849,170.8000000000046,90.12823309529533,36.2006202027454,20.152587341676284,-1.5037708048197476,-0.07575698164170487,0.463346930020945,-0.003077969694801201,-5.2290255342824964e-05,-0.7237591743469238,-0.008768617175519466,-0.0001343805342912674,-0.7237591743469238,-0.008768617175519466,-0.0001343805342912674,0.4657444953918457,-0.003069016011431813,-3.359513357281685e-05,-0.08793396357715885,0.20000000000004547,98.42093983338172,none,-0.07793393738586119,0.0,-0.010000000000002274,-2.6191295399314447e-08
R04_head_on_lateral_offset,850,171.00000000000463,90.13439823878792,36.10835119177879,20.159606845282628,-1.5043856915038407,-0.07576665442856953,0.4640288243453189,-0.0030713928442904557,-4.498798635487592e-05,-0.7226141691207886,-0.008737117983400822,-0.00012043304741382599,-0.7226141691207886,-0.008737117983400822,-0.00012043304741382599,0.46643149852752686,-0.0030579912941902875,-3.0108261853456497e-05,-0.08816399231289973,0.20000000000004547,98.52140253373624,none,-0.07816396606842346,0.0,-0.010000000000002274,-2.6244473987427353e-08
R04_head_on_lateral_offset,851,171.20000000000468,90.1405156981009,36.01594265311753,20.166637512088176,-1.5049991282647297,-0.07577495435401356,0.4647119745511843,-0.003063564767835221,-3.850024971747763e-05,-0.7214682102203369,-0.008707467466592789,-0.00010112114250659943,-0.7214682102203369,-0.008707467466592789,-0.00010112114250659943,0.46711907386779783,-0.003047613613307476,-2.5280285626649857e-05,-0.08839327376971239,0.20000000000004547,98.62190060254993,none,-0.07839324748023202,0.0,-0.010000000000002274,-2.6289478086850144e-08
R04_head_on_lateral_offset,852,171.40000000000472,90.14658546222013,35.923394384923576,20.173679239399185,-1.5056109689605783,-0.07578195957260964,0.4653961504410886,-0.003055453535394102,-3.203892705064163e-05,-0.7203218936920166,-0.008682643994688988,-7.549114525318146e-05,-0.7203218936920166,-0.008682643994688988,-7.549114525318146e-05,0.46780686378479003,-0.0030389253981411455,-1.8872786313295364e-05,-0.08862179627554882,0.20000000000004547,98.7224342093402,none,-0.07862176996925285,0.0,-0.010000000000002274,-2.6306293692338058e-08
R04_head_on_lateral_offset,853,171.60000000000477,90.15260752470134,35.830706213044806,20.18073192316512,-1.5062212094376572,-0.07578763434088295,0.46608129920167596,-0.0030475471414314432,-2.5222510003701343e-05,-0.7191742658615112,-0.008661246858537197,-4.53311949968338e-05,-0.7191742658615112,-0.008661246858537197,-4.53311949968338e-05,0.4684954404830932,-0.003031436400488019,-1.133279874920845e-05,-0.08884955260609444,0.20000000000004547,98.82300353599443,none,-0.07884952623775021,0.0,-0.010000000000002274,-2.6368341947708568e-08
R04_head_on_lateral_offset,854,171.80000000000481,90.1585818743923,35.73787798249046,20.187795451262716,-1.50682993031986,-0.07579189488989417,0.46676727691750936,-0.003040214353837391,-1.7932434160406147e-05,-0.7180261015892029,-0.008643635548651218,-1.2310221791267395e-05,-0.7180261015892029,-0.008643635548651218,-1.2310221791267395e-05,0.46918433904647827,-0.0030252724420279263,-3.0775554478168488e-06,-0.08907653642093982,0.20000000000004547,98.92360876472549,none,-0.07907651002730276,0.0,-0.010000000000002274,-2.6393634782254095e-08
R04_head_on_lateral_offset,855,172.00000000000486,90.16450848858781,35.644909556367125,20.194869700995145,-1.5074372777072282,-0.0757946463753669,0.4674540268296564,-0.003033746967661387,-1.01676532102354e-05,-0.7168769836425781,-0.008630195632576942,2.261810004711151e-05,-0.7168769836425781,-0.008630195632576942,2.261810004711151e-05,0.46987380981445315,-0.0030205684714019296,5.654525011777878e-06,-0.08930273812518338,0.20000000000004547,99.02425007027715,none,-0.07930271168772762,0.0,-0.010000000000002274,-2.6437453485312486e-08
R04_head_on_lateral_offset,856,172.2000000000049,90.17038733012602,35.55180079535462,20.201954540584673,-1.508043407706647,-0.07579580433111585,0.4681416075040125,-0.003027987145164522,-2.0255739500196396e-06,-0.7157261371612549,-0.008617858402431011,5.8261677622795105e-05,-0.7157261371612549,-0.008617858402431011,5.8261677622795105e-05,0.470564317703247,-0.003016250440850854,1.4565419405698776e-05,-0.08952816302487467,0.20000000000004547,99.12492761328839,none,-0.07952813650746648,0.0,-0.010000000000002274,-2.6517405908883103e-08
R04_head_on_lateral_offset,857,172.40000000000495,90.17621834872176,35.458551552459916,20.20904983122492,-1.5086484681695875,-0.07579530770923848,0.4688300250297789,-0.0030229938310391224,6.3597868861449576e-06,-0.714573860168457,-0.008608054369688034,9.378604590892792e-05,-0.714573860168457,-0.008608054369688034,9.378604590892792e-05,0.4712556838989258,-0.0030128190293908117,2.344651147723198e-05,-0.08975282145667798,0.20000000000004547,99.22564154093261,none,-0.07975279487466835,0.0,-0.010000000000002274,-2.6582007358628285e-08
R04_head_on_lateral_offset,858,172.600000000005,90.18200148085103,35.365161680018495,20.21615542898663,-1.5092525870973463,-0.07579312385104361,0.469519268338141,-0.0030185317539343157,1.4839665413229039e-05,-0.7134202718734741,-0.00859839841723442,0.00012847594916820526,-0.7134202718734741,-0.00859839841723442,0.00012847594916820526,0.4719478368759155,-0.0030094394460320473,3.2118987292051315e-05,-0.08997671807092501,0.20000000000004547,99.32639198916401,none,-0.07997669142967112,0.0,-0.010000000000002274,-2.6641251622550043e-08
R04_head_on_lateral_offset,859,172.80000000000504,90.18773665282355,35.271631024862536,20.22327118764846,-1.5098558718826491,-0.07578924036410534,0.47020939205481915,-0.0030146115643404185,2.3353513992559863e-05,-0.712264895439148,-0.008590352721512318,0.00016280822455883026,-0.712264895439148,-0.008590352721512318,0.00016280822455883026,0.4726410627365112,-0.003006623452529311,4.0702056139707565e-05,-0.09019986328250786,0.20000000000004547,99.42717908141753,none,-0.08019983655974272,0.0,-0.010000000000002274,-2.6722762866988187e-08
R04_head_on_lateral_offset,860,173.0000000000051,90.19342378266646,35.1779594186531,20.230396961346866,-1.5104584013803455,-0.07578367486767433,0.47090048616531877,-0.0030109587274551697,3.16743106884694e-05,-0.7111073732376099,-0.008581472560763359,0.00019451789557933807,-0.7111073732376099,-0.008581472560763359,0.00019451789557933807,0.47333557605743404,-0.0030035153962671753,4.862947389483452e-05,-0.09042227653496442,0.20000000000004547,99.52800293249828,none,-0.080422249716122,0.0,-0.010000000000002274,-2.681884015089467e-08
R04_head_on_lateral_offset,861,173.20000000000513,90.19906278318244,35.08414669024641,20.237532606488653,-1.5110602173808643,-0.07577645702783976,0.47159249426719296,-0.003007464628468954,3.9885229537201856e-05,-0.7099486589431763,-0.008572413586080074,0.00022646598517894745,-0.7099486589431763,-0.008572413586080074,0.00022646598517894745,0.4740308046340942,-0.003000344755128026,5.661649629473686e-05,-0.09064396882172014,0.20000000000004547,99.6288636521744,none,-0.08064394194728663,0.0,-0.010000000000002274,-2.6874431231522362e-08
R04_head_on_lateral_offset,862,173.40000000000518,90.2046535640834,34.9901926652064,20.24467798142472,-1.5116613508011618,-0.07576761231560705,0.47228549892186267,-0.0030041215433108015,4.795376604693932e-05,-0.7087877988815308,-0.008563741110265255,0.00025757960975170135,-0.7087877988815308,-0.008563741110265255,0.00025757960975170135,0.47472732067108153,-0.002997309388592839,6.439490243792534e-05,-0.0908649527995806,0.20000000000004547,99.72976134606195,none,-0.08086492582679128,0.0,-0.010000000000002274,-2.6972787043888504e-08
R04_head_on_lateral_offset,863,173.60000000000522,90.21019603299845,34.8960971669715,20.251832946561986,-1.51226180841572,-0.07575716838709545,0.47297944584996093,-0.0030007116094707305,5.588754874035691e-05,-0.707625687122345,-0.008553609251976013,0.00028821639716625214,-0.707625687122345,-0.008553609251976013,0.00028821639716625214,0.475424587726593,-0.0029937632381916044,7.205409929156303e-05,-0.09108524046534042,0.20000000000004547,99.83069611782504,none,-0.08108521343443797,0.0,-0.010000000000002274,-2.7030900162667433e-08
R04_head_on_lateral_offset,864,173.80000000000527,90.21569009785375,34.801860024630955,20.258997363733553,-1.5128615770057456,-0.07574515058774554,0.47367433230120776,-0.002997236230584999,6.370150571174234e-05,-0.706462025642395,-0.008543298579752445,0.0003184955567121506,-0.706462025642395,-0.008543298579752445,0.0003184955567121506,0.476122784614563,-0.0029901545029133556,7.962388917803764e-05,-0.09130483870589334,0.20000000000004547,99.93166806997436,none,-0.08130481160326752,0.0,-0.010000000000002274,-2.710262354767637e-08
R04_head_on_lateral_offset,865,174.00000000000531,90.221135666795,34.70748107535995,20.26617109558296,-1.5134606598309637,-0.07573157547566045,0.47437008497977634,-0.002993847435558057,7.146451595424418e-05,-0.7052973508834839,-0.00853412039577961,0.00034913234412670135,-0.7052973508834839,-0.00853412039577961,0.00034913234412670135,0.47682158946990966,-0.002986942138522863,8.728308603167534e-05,-0.09152375204522423,0.20000000000004547,100.03267730482067,none,-0.08152372489541904,0.0,-0.010000000000002274,-2.714980291697658e-08
R04_head_on_lateral_offset,866,174.20000000000536,90.22653264772791,34.61296014785103,20.273354005960748,-1.5140590559917546,-0.07571645565700477,0.47506685234775614,-0.0029903758279133377,7.915410517081437e-05,-0.7041301131248474,-0.008523719385266304,0.00037929226527921855,-0.7041301131248474,-0.008523719385266304,0.00037929226527921855,0.47752193212509153,-0.0029833017848432063,9.482306631980464e-05,-0.09174199848195988,0.20000000000004547,100.13372392393701,none,-0.08174197121272186,0.0,-0.010000000000002274,-2.7269235741006498e-08
R04_head_on_lateral_offset,867,174.4000000000054,90.23188094922831,34.51829707526462,20.280545958693303,-1.5146567540843472,-0.07569979372126867,0.475764457527149,-0.0029868693795288624,8.688274361277566e-05,-0.7029625177383423,-0.0085134981200099,0.00041052509914152324,-0.7029625177383423,-0.0085134981200099,0.00041052509914152324,0.47822248935699463,-0.0029797243420034646,0.00010263127478538081,-0.09195958534234193,0.20000000000004547,100.23480803067625,none,-0.08195955805516064,0.0,-0.010000000000002274,-2.728717901525138e-08
R04_head_on_lateral_offset,868,174.60000000000545,90.23718047940737,34.42349170457545,20.28774681552983,-1.5152537612981236,-0.07568158429601901,0.4764629287666614,-0.0029834597430215587,9.462776548490283e-05,-0.7017933130264282,-0.008504319936037064,0.00044163872371427715,-0.7017933130264282,-0.008504319936037064,0.00044163872371427715,0.47892401218414304,-0.002976511977612972,0.00011040968092856929,-0.09217651163474451,0.20000000000004547,100.33592972874119,none,-0.08217648427290314,0.0,-0.010000000000002274,-2.7361839101142787e-08
R04_head_on_lateral_offset,869,174.8000000000055,90.24243114504495,34.32854388095677,20.294956437241606,-1.5158500943067457,-0.07566182151946534,0.47716225644636495,-0.0029801219157167824,0.0001024132099931338,-0.7006227374076843,-0.008495201356709003,0.0004731099761556834,-0.7006227374076843,-0.008495201356709003,0.0004731099761556834,0.4796263575553894,-0.002973320474848151,0.00011827749403892085,-0.0923927885170506,0.20000000000004547,100.43708911933984,none,-0.08239276109063098,0.0,-0.010000000000002274,-2.742641734833698e-08
R04_head_on_lateral_offset,870,175.00000000000554,90.24763285178652,34.2334534486751,20.302174683272238,-1.5164457586409625,-0.07564049662827618,0.4778624567908208,-0.002976773776203723,0.00011024538942207531,-0.6994506120681763,-0.008485575206577778,0.0005048196180723608,-0.6994506120681763,-0.008485575206577778,0.0005048196180723608,0.48032963275909424,-0.002969951322302222,0.0001262049045180902,-0.09260842646884916,0.20000000000004547,100.53828630314591,none,-0.08260839896932737,0.0,-0.010000000000002274,-2.74995195134742e-08
R04_head_on_lateral_offset,871,175.2000000000056,90.25278550483127,34.138220250709544,20.309401411898712,-1.5170407673853723,-0.07561760931489057,0.4785635266259875,-0.0029735561786771387,0.00011804024505744468,-0.6982770562171936,-0.008477142080664635,0.0005356948240660131,-0.6982770562171936,-0.008477142080664635,0.0005356948240660131,0.48103376626968386,-0.002966999728232622,0.00013392370601650327,-0.09282343650801812,0.20000000000004547,100.63952138033386,none,-0.08282340894286122,0.0,-0.010000000000002274,-2.7565154626669337e-08
R04_head_on_lateral_offset,872,175.40000000000563,90.25788900764046,34.042844133837626,20.316636480824364,-1.517635126518099,-0.07559316361270596,0.4792654318557012,-0.0029702819292336865,0.0001258296855520749,-0.6971023082733154,-0.008467457257211208,0.000566808448638767,-0.6971023082733154,-0.008467457257211208,0.000566808448638767,0.48173861503601073,-0.0029636100400239227,0.00014170211215969175,-0.09303782457513962,0.20000000000004547,100.74079445132965,none,-0.08303779695324565,0.0,-0.010000000000002274,-2.7621891701707507e-08
R04_head_on_lateral_offset,873,175.60000000000568,90.26294326339841,33.947324950855474,20.323879746810896,-1.5182288414731904,-0.07556716041304921,0.4799681459213128,-0.002967106922397098,0.00013361549355973438,-0.6959263682365417,-0.008458963595330715,0.0005979220732115209,-0.6959263682365417,-0.008458963595330715,0.0005979220732115209,0.4824441790580749,-0.00296063725836575,0.00014948051830288023,-0.09325159538620591,0.20000000000004547,100.84210561460458,none,-0.08325156770870024,0.0,-0.010000000000002274,-2.7677503400269643e-08
R04_head_on_lateral_offset,874,175.80000000000572,90.26794817422929,33.851662552575405,20.331131066036335,-1.5188219208429425,-0.07553959609369905,0.4806717113829895,-0.002963926485133113,0.00014143810835363577,-0.6947487592697144,-0.008449845016002655,0.0006295125349424779,-0.6947487592697144,-0.008449845016002655,0.0006295125349424779,0.4831507444381714,-0.002957445755600929,0.00015737813373561949,-0.09346475983990482,0.20000000000004547,100.94345496768258,none,-0.08346473208302285,0.0,-0.010000000000002274,-2.7756879690272324e-08
R04_head_on_lateral_offset,875,176.00000000000577,90.27290364223985,33.75585679133912,20.33839029326458,-1.5194143552405106,-0.07551046248674693,0.48137607442683755,-0.0029606634276533425,0.0001493050301538761,-0.6935701370239258,-0.008440040983259678,0.0006613413570448756,-0.6935701370239258,-0.008440040983259678,0.0006613413570448756,0.4838579177856445,-0.0029540143441408873,0.0001653353392612189,-0.09367732622071728,0.20000000000004547,101.04484260784578,none,-0.08367729841552318,0.0,-0.010000000000002274,-2.7805191824843074e-08
R04_head_on_lateral_offset,876,176.20000000000582,90.2778095696751,33.659907528106075,20.34565728104854,-1.5200061532108051,-0.07547974913369383,0.4820812010413542,-0.002957550869259645,0.0001572311105700477,-0.6923904418945312,-0.008432024158537388,0.0006935278652235866,-0.6923904418945312,-0.008432024158537388,0.0006935278652235866,0.48456573486328125,-0.0029512084554880855,0.00017338196630589664,-0.09388929682851911,0.20000000000004547,101.14626863250423,none,-0.08388926897290006,0.0,-0.010000000000002274,-2.785561678209092e-08
R04_head_on_lateral_offset,877,176.40000000000586,90.2826658572141,33.563814618955156,20.352931880784162,-1.5205973295673225,-0.07544745262727696,0.48278716751117284,-0.0029544466605653536,0.00016513800950280097,-0.6912088990211487,-0.008423203602433205,0.0007249991176649928,-0.6912088990211487,-0.008423203602433205,0.0007249991176649928,0.4852746605873108,-0.0029481212608516213,0.0001812497794162482,-0.09410068433275302,0.20000000000004547,101.24773313800357,none,-0.08410065639051467,0.0,-0.010000000000002274,-2.7942236071627074e-08
R04_head_on_lateral_offset,878,176.6000000000059,90.28747240491053,33.46757791967789,20.360213943013033,-1.521187888638503,-0.07541356557443699,0.48349390676177634,-0.002951375523291622,0.00017313015012303015,-0.6900264620780945,-0.008414621464908123,0.0007576624630019069,-0.6900264620780945,-0.008414621464908123,0.0007576624630019069,0.4859841227531433,-0.0029451175127178427,0.00018941561575047672,-0.0943114978128278,0.20000000000004547,101.34923622047675,none,-0.0843114698268721,0.0,-0.010000000000002274,-2.798595343024915e-08
R04_head_on_lateral_offset,879,176.80000000000595,90.29222911168053,33.3711972961142,20.367503315612513,-1.5217778384411573,-0.07537807605505299,0.48420138235846494,-0.002948350499707633,0.00018115984451023685,-0.6888430118560791,-0.00840624701231718,0.0007900873315520585,-0.6888430118560791,-0.00840624701231718,0.0007900873315520585,0.4866941928863525,-0.002942186454311013,0.00019752183288801461,-0.0945217372658192,0.20000000000004547,101.45077797591469,none,-0.08452170923229829,0.0,-0.010000000000002274,-2.8033518630898935e-08
R04_head_on_lateral_offset,880,177.000000000006,90.29693600532084,33.27467183041885,20.37479990908566,-1.522364274227538,-0.07534112242658164,0.4849171872558884,-0.002918274217744125,0.00018787064613167573,-0.6876010894775391,-0.008162823505699635,0.0008061805856414139,-0.6876010894775391,-0.008162823505699635,0.0008061805856414139,0.4874393463134765,-0.002856988226994872,0.00020154514641035348,-0.09473215160034036,0.20000000000004547,101.55235849768671,none,-0.08473211956263427,0.0,-0.010000000000002274,-3.2037703814394306e-08
R04_head_on_lateral_offset,881,177.20000000000604,90.30159364650528,33.17800328685921,20.382103563387837,-1.5229351023335755,-0.07530639599420005,0.48560908965780775,-0.0027989967986550256,0.0001613895608444209,-0.6865882873535156,-0.00730270566418767,0.000429717794759199,-0.6865882873535156,-0.00730270566418767,0.000429717794759199,0.48804702758789065,-0.0025559469824656842,0.00010742944868979976,-0.09494074072194517,0.20000000000004547,101.6539781563518,none,-0.08494070257604136,0.0,-0.010000000000002274,-3.8145901532648286e-08
R04_head_on_lateral_offset,882,177.4000000000061,90.30620411503475,33.081205363993924,20.389414077638822,-1.5234561540061613,-0.07528972473431593,0.48619354235855894,-0.0024386772618788725,1.6261370333770586e-05,-0.6862452030181885,-0.004869884345680475,-0.0011178567074239254,-0.6862452030181885,-0.004869884345680475,-0.0011178567074239254,0.4882528781890869,-0.0017044595209881662,-0.00027946417685598135,-0.09513822012050824,0.20000000000004547,101.75563733218554,none,-0.08513805149424059,0.0,-0.010000000000002274,-1.68626265374746e-07
R04_head_on_lateral_offset,883,177.60000000000613,90.3107726033604,32.984300897561795,20.396732354482552,-1.523903563915872,-0.07530505882309985,0.48666180542169335,-0.002063685051407566,-0.00015657551739051598,-0.6861470937728882,-0.0037130543496459723,-0.0020350506529212,-0.6861470937728882,-0.0037130543496459723,-0.0020350506529212,0.48831174373626707,-0.0012995690223760901,-0.0005087626632303,-0.09531795627792354,0.20000000000004547,101.85733558688483,none,-0.08531791249540532,0.0,-0.010000000000002274,-4.378251594790877e-08
R04_head_on_lateral_offset,884,177.80000000000618,90.31530541660588,32.887307435758125,20.40406031669723,-1.5242767775223707,-0.07535243933314946,0.4870732754338409,-0.0016961520296452993,-0.00030596972077262665,-0.6857948303222656,-0.0027063870802521706,-0.002441552234813571,-0.6857948303222656,-0.0027063870802521706,-0.002441552234813571,0.4885231018066406,-0.0009472354780882597,-0.0006103880587033927,-0.09548529296335377,0.20000000000004547,101.95907372742845,none,-0.08548526690911018,0.0,-0.010000000000002274,-2.60542413198857e-08
R04_head_on_lateral_offset,885,178.00000000000622,90.31980900055675,32.790236199294895,20.411399954961325,-1.5245807005437373,-0.07542418104364279,0.48743411942110265,-0.0013678242922358006,-0.00040405470496714113,-0.6854907274246216,-0.0019965593237429857,-0.002415684051811695,-0.6854907274246216,-0.0019965593237429857,-0.002415684051811695,0.48870556354522704,-0.0006987957633100449,-0.0006039210129529238,-0.09564550540825437,0.20000000000004547,102.06085461344999,none,-0.0856454934681885,0.0,-0.010000000000002274,-1.1940063583163688e-08
R04_head_on_lateral_offset,886,178.20000000000627,90.32428898134012,32.6930973665252,20.418752410923382,-1.5248300290960741,-0.07551001753139877,0.4877476073334713,-0.0011424478831083453,-0.0004507878860919594,-0.6852463483810425,-0.001952004968188703,-0.0021840615663677454,-0.6852463483810425,-0.001952004968188703,-0.0021840615663677454,0.4888521909713745,-0.0006832017388660461,-0.0005460153915919363,-0.09579896287678889,0.20000000000004547,102.1626824225587,none,-0.08579896056968295,0.0,-0.010000000000002274,-2.307103666054531e-09
R04_head_on_lateral_offset,887,178.40000000000632,90.32874907582556,32.59589928686816,20.426118045389,-1.525050994623616,-0.07560254714468835,0.48802672209772235,-0.0010724808198086955,-0.0004728457429952559,-0.6849830150604248,-0.0026568856555968523,-0.002071170834824443,-0.6849830150604248,-0.0026568856555968523,-0.002071170834824443,0.4890101909637451,-0.0009299099794588982,-0.0005177927087061107,-0.09594618477318605,0.20000000000004547,102.2645606927496,none,-0.085946173194273,0.0,-0.010000000000002274,-1.1578910769937972e-08
R04_head_on_lateral_offset,888,178.60000000000636,90.33319072209157,32.49864446892436,20.433497151299246,-1.5252642425685594,-0.07569850384073465,0.48831414906229537,-0.0010608734767237743,-0.00048574871837984605,-0.684455156326294,-0.002963489620015025,-0.0020481636747717857,-0.684455156326294,-0.002963489620015025,-0.0020481636747717857,0.4893269062042236,-0.0010372213670052587,-0.0005120409186929464,-0.09609095472747406,0.20000000000004547,102.36649141340631,none,-0.08609094726406852,0.0,-0.010000000000002274,-7.46340327217724e-09
R04_head_on_lateral_offset,889,178.8000000000064,90.33761422856088,32.40133201849867,20.440890072577588,-1.5254780203786764,-0.0757966202250083,0.48860295134221854,-0.0010757810393340625,-0.0004947376288941892,-0.6839657425880432,-0.0031604513060301542,-0.0020522167906165123,-0.6839657425880432,-0.0031604513060301542,-0.0020522167906165123,0.48962055444717406,-0.001106157957110554,-0.0005130541976541281,-0.09623564323850564,0.20000000000004547,102.46847546630472,none,-0.08623563767178055,0.0,-0.010000000000002274,-5.56672281389059e-09
R04_head_on_lateral_offset,890,179.00000000000645,90.34201933875347,32.303961451536345,20.448297037335063,-1.5256958560113072,-0.07589634383190978,0.48889521249814355,-0.001100697341722389,-0.0005019545032733774,-0.6834583282470703,-0.0032899111974984407,-0.002066640881821513,-0.6834583282470703,-0.0032899111974984407,-0.002066640881821513,0.4899250030517578,-0.0011514689191244542,-0.0005166602204553783,-0.09637962502895712,0.20000000000004547,102.57051329262809,none,-0.08637961954021023,0.0,-0.010000000000002274,-5.488744626620671e-09
R04_head_on_lateral_offset,891,179.2000000000065,90.34640559936066,32.20653208918397,20.455718253238068,-1.525918656904973,-0.07599749165630189,0.48919079245892466,-0.0011254462650661173,-0.0005089932307572523,-0.6829462051391602,-0.003359647933393717,-0.002093343762680888,-0.6829462051391602,-0.003359647933393717,-0.002093343762680888,0.4902322769165039,-0.0011758767766878008,-0.000523335940670222,-0.09652298590924606,0.20000000000004547,102.67260470059719,none,-0.08652298055231711,0.0,-0.010000000000002274,-5.3569266767015e-09
R04_head_on_lateral_offset,892,179.40000000000654,90.35077253904434,32.10904336156845,20.46315391442264,-1.5261460096344404,-0.0761000945101017,0.48948876780568423,-0.0011464946126621665,-0.0005164716571790267,-0.6824355125427246,-0.003398241475224495,-0.002126841340214014,-0.6824355125427246,-0.003398241475224495,-0.002126841340214014,0.4905386924743652,-0.0011893845163285731,-0.0005317103350535035,-0.09666564302964316,0.20000000000004547,102.77474934620713,none,-0.08666563776127134,0.0,-0.010000000000002274,-5.268369544514243e-09
R04_head_on_lateral_offset,893,179.6000000000066,90.35511974607851,32.01149485380905,20.470604210480527,-1.5263770211297676,-0.07620422898951128,0.48978852993967875,-0.001162420038964106,-0.0005242842971334675,-0.6819254159927368,-0.003413917263969779,-0.0021608159877359867,-0.6819254159927368,-0.003413917263969779,-0.0021608159877359867,0.49084475040435793,-0.0011948710423894226,-0.0005402039969339967,-0.09680751171271432,0.20000000000004547,102.87694684839647,none,-0.08680750648074209,0.0,-0.010000000000002274,-5.231969946729561e-09
R04_head_on_lateral_offset,894,179.80000000000663,90.3594468985959,31.91388626570443,20.478069328607205,-1.5266106808907807,-0.07630992372790955,0.4900895810850251,-0.0011733535136284217,-0.0005320758373557761,-0.6814160943031311,-0.0034160928335040808,-0.002191810170188546,-0.6814160943031311,-0.0034160928335040808,-0.002191810170188546,0.49115034341812136,-0.001195632491726428,-0.0005479525425471365,-0.09694855554383702,0.20000000000004547,102.97919685548563,none,-0.08694855033635562,0.0,-0.010000000000002274,-5.207479119030386e-09
R04_head_on_lateral_offset,895,180.00000000000668,90.36375376389032,31.816217408074273,20.485549447188184,-1.526846092287137,-0.07641712566583107,0.4903913516705139,-0.001180241315339296,-0.0005393921131159596,-0.6809089183807373,-0.0034122185315936804,-0.002217201516032219,-0.6809089183807373,-0.0034122185315936804,-0.002217201516032219,0.4914546489715576,-0.001194276486057788,-0.0005543003790080547,-0.09708873903506463,0.20000000000004547,103.08149908232689,none,-0.08708873387731941,0.0,-0.010000000000002274,-5.157742938300932e-09
R04_head_on_lateral_offset,896,180.20000000000672,90.36804018401388,31.71848817518896,20.493044728741182,-1.5270825351265394,-0.07652567850495486,0.490693587780745,-0.0011839105294918796,-0.0005456635955963667,-0.6804024577140808,-0.0034039635211229324,-0.0022337716072797775,-0.6804024577140808,-0.0034039635211229324,-0.0022337716072797775,0.4917585253715515,-0.0011913872323930262,-0.0005584429018199444,-0.09722804179467091,0.20000000000004547,103.1838533098381,none,-0.08722803665776624,0.0,-0.010000000000002274,-5.136902399839301e-09
R04_head_on_lateral_offset,897,180.40000000000677,90.37230605903308,31.620698525528177,20.500555311854562,-1.5273194962464727,-0.07663535857679339,0.4909959177015924,-0.0011855752031512674,-0.0005507534962532529,-0.6798980236053467,-0.003397049382328987,-0.002244500443339348,-0.6798980236053467,-0.003397049382328987,-0.002244500443339348,0.492061185836792,-0.0011889672838151454,-0.000561125110834837,-0.09736645026176198,0.20000000000004547,103.28625937599344,none,-0.08736644516942604,0.0,-0.010000000000002274,-5.092333665857041e-09
R04_head_on_lateral_offset,898,180.60000000000682,90.37655132730305,31.522848452599174,20.508081309305314,-1.5275566560408333,-0.076745911257348,0.49129834441253184,-0.001185991373628402,-0.0005544915701334765,-0.6793934106826782,-0.0033909697085618973,-0.0022484343498945236,-0.6793934106826782,-0.0033909697085618973,-0.0022484343498945236,0.4923639535903931,-0.001186839397996664,-0.0005621085874736309,-0.09750396560911241,0.20000000000004547,103.38871716295054,none,-0.08750396051537734,0.0,-0.010000000000002274,-5.093732795558026e-09
R04_head_on_lateral_offset,899,180.80000000000686,90.3807759520992,31.424937950181633,20.51562280784074,-1.527793812699825,-0.07685706339574833,0.49160085442247925,-0.0011856043837679086,-0.0005568519143879578,-0.678888738155365,-0.0033851880580186844,-0.002246646210551262,-0.678888738155365,-0.0033851880580186844,-0.002246646210551262,0.492666757106781,-0.0011848158203065394,-0.0005616615526378155,-0.09764061192329677,0.20000000000004547,103.49122658342303,none,-0.0876406068286748,0.0,-0.010000000000002274,-5.0946196950008015e-09
R04_head_on_lateral_offset,900,181.0000000000069,90.38497991057963,31.32696703698766,20.5231798656763,-1.5280308679989312,-0.07696854918288436,0.49190320795025355,-0.0011849945691108368,-0.0005579250728653729,-0.6783857345581055,-0.003382148453965783,-0.0022404473274946213,-0.6783857345581055,-0.003382148453965783,-0.0022404473274946213,0.4929685592651367,-0.001183751958888024,-0.0005601118318736553,-0.09777638586997367,0.20000000000004547,103.59378757457488,none,-0.08777638080876571,0.0,-0.010000000000002274,-5.061205683999344e-09
R04_head_on_lateral_offset,901,181.20000000000695,90.38916318496635,31.228935731892395,20.53075251607467,-1.5282678051986138,-0.07708013037345061,0.49220560561372845,-0.001184420681693886,-0.0005578895129527934,-0.6778814792633057,-0.0033807179424911737,-0.002231268212199211,-0.6778814792633057,-0.0033807179424911737,-0.002231268212199211,0.4932711124420166,-0.0011832512798719108,-0.0005578170530498028,-0.09791130124422423,0.20000000000004547,103.69640008209072,none,-0.08791129615702786,0.0,-0.010000000000002274,-5.087194097086467e-09
R04_head_on_lateral_offset,902,181.400000000007,90.39332575863432,31.130844027534412,20.538340773137172,-1.528504630950984,-0.07719162130838761,0.4925081009035776,-0.0011838777619461666,-0.000557080789982321,-0.6773767471313477,-0.0033793470356613398,-0.0022217314690351486,-0.6773767471313477,-0.0033793470356613398,-0.0022217314690351486,0.4935739517211914,-0.001182771462481469,-0.0005554328672587872,-0.09804539277899686,0.20000000000004547,103.79906405658288,none,-0.0880453876820475,0.0,-0.010000000000002274,-5.096947077731784e-09
R04_head_on_lateral_offset,903,181.60000000000704,90.39746748939599,31.0326945111941,20.545944458532734,-1.5287418385104925,-0.0773036416858951,0.492785768498455,-0.001187895049600032,-0.0005626995019716015,-0.6770597696304321,-0.0034173743333667517,-0.0022965946700423956,-0.6770597696304321,-0.0034173743333667517,-0.0022965946700423956,0.4937641382217407,-0.001196081016678363,-0.0005741486675105989,-0.09817632949659896,0.20000000000004547,103.9017794552675,none,-0.08817632734609049,0.0,-0.010000000000002274,-2.1505062064496127e-09
R04_head_on_lateral_offset,904,181.8000000000071,90.40158810115413,30.934491160890822,20.553563385058897,-1.528980331723239,-0.07741724206821911,0.4930480025052745,-0.001196396334791693,-0.0005725610546427729,-0.6767133474349976,-0.0034677693620324135,-0.0023706231731921434,-0.6767133474349976,-0.0034677693620324135,-0.0023706231731921434,0.49397199153900145,-0.0012137192767113446,-0.0005926557932980359,-0.09830283512287956,0.20000000000004547,104.00454557075078,none,-0.08830283256231297,0.0,-0.010000000000002274,-2.5605643136502546e-09
R04_head_on_lateral_offset,905,182.00000000000713,90.4056873265698,30.83623628201641,20.561197575721593,-1.5292202338400214,-0.07753301426463863,0.49330232586462663,-0.0012021882923652903,-0.0005842778156134637,-0.6763359308242798,-0.0034685442224144936,-0.0024326115380972624,-0.6763359308242798,-0.0034685442224144936,-0.0024326115380972624,0.49419844150543213,-0.0012139904778450726,-0.0006081528845243156,-0.09842638322689273,0.20000000000004547,104.107361266319,none,-0.08842638030116134,0.0,-0.010000000000002274,-2.925729116758265e-09
R04_head_on_lateral_offset,906,182.20000000000718,90.4097649741752,30.737931241726898,20.568847162327923,-1.5294609548992713,-0.07765111066315547,0.4935509300876786,-0.0012048236712512226,-0.0005958164974645893,-0.6759551763534546,-0.003457696409896016,-0.0024773147888481617,-0.6759551763534546,-0.003457696409896016,-0.0024773147888481617,0.49442689418792723,-0.0012101937434636056,-0.0006193286972120404,-0.09854784209154635,0.20000000000004547,104.2102257548554,none,-0.08854783914974362,0.0,-0.010000000000002274,-2.9418004543501665e-09
R04_head_on_lateral_offset,907,182.40000000000722,90.41382092759983,30.639577020168772,20.5765123039773,-1.5297019472644982,-0.07777134264445772,0.49379555384000223,-0.0012050806151234234,-0.0006057543018308654,-0.6755708456039429,-0.00344458338804543,-0.0025040176697075367,-0.6755708456039429,-0.00344458338804543,-0.0025040176697075367,0.49465749263763426,-0.0012056041858159005,-0.0006260044174268842,-0.09866759672066777,0.20000000000004547,104.31313851534631,none,-0.0886675937487631,0.0,-0.010000000000002274,-2.9719024041696686e-09
R04_head_on_lateral_offset,908,182.60000000000727,90.41785512856077,30.541174307357604,20.584193152339225,-1.5299428423446826,-0.07789331693476476,0.49403739330772395,-0.0012039550227763783,-0.0006134114787289289,-0.6751841306686401,-0.003433318343013525,-0.002516057575121522,-0.6751841306686401,-0.003433318343013525,-0.002516057575121522,0.49488952159881594,-0.0012016614200547338,-0.0006290143937803805,-0.09878593850505808,0.20000000000004547,104.41609917854502,none,-0.08878593550864977,0.0,-0.010000000000002274,-2.996406034962932e-09
R04_head_on_lateral_offset,909,182.80000000000732,90.42186756702593,30.442723037439176,20.59188985383175,-1.530183768906756,-0.07801592279439995,0.4942825665430228,-0.0012052155889090217,-0.0006127006898795905,-0.6747559309005737,-0.0034508120734244585,-0.0024450093042105436,-0.6747559309005737,-0.0034508120734244585,-0.0024450093042105436,0.49514644145965575,-0.0012077842256985605,-0.0006112523260526359,-0.09890356663390786,0.20000000000004547,104.51910749097088,none,-0.088903562859727,0.0,-0.010000000000002274,-3.774178575505086e-09
R04_head_on_lateral_offset,910,183.00000000000736,90.42585831064767,30.344218852931096,20.59960260656785,-1.5304270494447105,-0.07813330111106478,0.49456640350151043,-0.001226021635918161,-0.0005647002748677702,-0.674055814743042,-0.0036240508779883385,-0.0018675621831789613,-0.674055814743042,-0.0036240508779883385,-0.0018675621831789613,0.4955665111541748,-0.0012684178072959185,-0.0004668905457947403,-0.0990243319008206,0.20000000000004547,104.62216340545768,none,-0.08902431482842843,0.0,-0.010000000000002274,-1.707238990062782e-08
R04_head_on_lateral_offset,911,183.2000000000074,90.42982718348317,30.245656410198084,20.60733094185628,-1.530674743873365,-0.0782387367927372,0.49486554118625314,-0.0012491773975807769,-0.0004949161790707729,-0.6734673976898193,-0.003703890135511756,-0.0014108726754784584,-0.6734673976898193,-0.003703890135511756,-0.0014108726754784584,0.4959195613861084,-0.0012963615474291144,-0.0003527181688696146,-0.09914896846065821,0.20000000000004547,104.72526786809853,none,-0.08914895723717109,0.0,-0.010000000000002274,-1.122348484017705e-08
R04_head_on_lateral_offset,912,183.40000000000745,90.43377373422818,30.14703380058301,20.615073686743017,-1.5309285797226517,-0.07832997043391154,0.49516793220129474,-0.0012863773310172982,-0.000422851739705688,-0.6729443073272705,-0.003891940228641033,-0.0011040284298360348,-0.6729443073272705,-0.003891940228641033,-0.0011040284298360348,0.49623341560363765,-0.0013621790800243615,-0.0002760071074590087,-0.09927434108284057,0.20000000000004547,104.82842180737282,none,-0.08927433302004317,0.0,-0.010000000000002274,-8.062795120025247e-09
R04_head_on_lateral_offset,913,183.6000000000075,90.43769726100132,30.048349946466743,20.622829543470868,-1.5311904059684645,-0.07840782942534297,0.495476446645615,-0.0013286955936429063,-0.00036044200516716063,-0.6723941564559937,-0.004042648244649172,-0.0009330824832431972,-0.6723941564559937,-0.004042648244649172,-0.0009330824832431972,0.49656350612640376,-0.00141492688562721,-0.0002332706208107993,-0.09939961198291995,0.20000000000004547,104.93162515573762,none,-0.0893996048908896,0.0,-0.010000000000002274,-7.092028078246277e-09
R04_head_on_lateral_offset,914,183.80000000000754,90.44159697251158,29.9496035120226,20.63059740921251,-1.5314603771554198,-0.0784747933673988,0.4957910432225463,-0.0013680501196915884,-0.0003127890271170344,-0.6718341112136841,-0.004137834999710321,-0.0008627490606158972,-0.6718341112136841,-0.004137834999710321,-0.0008627490606158972,0.49689953327178954,-0.0014482422498986124,-0.0002156872651539743,-0.09952498916934138,0.20000000000004547,105.03487742658287,none,-0.08952498261617947,0.0,-0.010000000000002274,-6.553159642222541e-09
R04_head_on_lateral_offset,915,184.0000000000076,90.44547212874555,29.85079318790804,20.638376457191708,-1.5317373367411011,-0.07853381977796031,0.49611173720041896,-0.001399198108757198,-0.00027995014937859765,-0.6712638139724731,-0.004179051145911217,-0.0008521394338458776,-0.6712638139724731,-0.004179051145911217,-0.0008521394338458776,0.4972417116165161,-0.0014626679010689258,-0.0002130348584614694,-0.0996504986302028,0.20000000000004547,105.13817810640361,none,-0.08965049208919496,0.0,-0.010000000000002274,-6.5410055644131786e-09
R04_head_on_lateral_offset,916,184.20000000000763,90.44932213745066,29.751917770778917,20.646166138514644,-1.532019454642584,-0.07858763823212345,0.4964377735951935,-0.001420384113855762,-0.00025975639815153386,-0.670689046382904,-0.004181584343314171,-0.0008744315709918737,-0.670689046382904,-0.004181584343314171,-0.0008744315709918737,0.4975865721702576,-0.0014635545201599597,-0.00021860789274796844,-0.09977613893491304,0.20000000000004547,105.24152673183931,none,-0.089776132317688,0.0,-0.010000000000002274,-6.617222769733644e-09
R04_head_on_lateral_offset,917,184.40000000000768,90.45314658802114,29.652976255110293,20.653966134223285,-1.5323047757839439,-0.0786384102877562,0.49676820065074667,-0.0014319551863642872,-0.0002487906483003614,-0.6701125502586365,-0.0041586668230593204,-0.0009057836141437292,-0.6701125502586365,-0.0041586668230593204,-0.0009057836141437292,0.4979324698448181,-0.0014555333880707621,-0.0002264459035359323,-0.09990183981386766,0.20000000000004547,105.34492296646972,none,-0.08990183313674649,0.0,-0.010000000000002274,-6.677118892799323e-09
R04_head_on_lateral_offset,918,184.60000000000773,90.45694524482695,29.55396785593964,20.661776290165953,-1.5325915794530598,-0.07868764009393185,0.4971019765861517,-0.0014357923009249351,-0.0002438777028524887,-0.6695365905761719,-0.004124603234231472,-0.0009354666690342128,-0.6695365905761719,-0.004124603234231472,-0.0009354666690342128,0.4982780456542969,-0.0014436111319810151,-0.0002338666672585532,-0.1000275035888148,0.20000000000004547,105.44836661310079,none,-0.09002749691339318,0.0,-0.010000000000002274,-6.675419353123732e-09
R04_head_on_lateral_offset,919,184.80000000000777,90.46071801328875,29.454892016780732,20.669596554332124,-1.5328785579374675,-0.07873624797461483,0.4974380053090315,-0.0014341186839036382,-0.0002423186128149882,-0.6689633131027222,-0.00408773822709918,-0.0009565667132847011,-0.6689633131027222,-0.00408773822709918,-0.0009565667132847011,0.49862201213836665,-0.001430708379484713,-0.00023914167832117528,-0.10015300599088893,0.20000000000004547,105.5518576010806,none,-0.09015299938186061,0.0,-0.010000000000002274,-6.609026043662321e-09
R04_head_on_lateral_offset,920,185.00000000000782,90.46446441301944,29.355752392322394,20.677426707130632,-1.5331752034644834,-0.07878772633970343,0.4977369547822379,-0.0015254527264907888,-0.0002703521466437332,-0.6686828136444092,-0.0048901792615652084,-0.0013099026400595903,-0.6686828136444092,-0.0048901792615652084,-0.0013099026400595903,0.4987903118133545,-0.0017115627415478227,-0.0003274756600148976,-0.1002744342117236,0.20000000000004547,105.65539595019253,none,-0.09027441726296459,0.0,-0.010000000000002274,-1.6948756741173185e-08
R04_head_on_lateral_offset,921,185.20000000000786,90.468182563522,29.256551981238953,20.68526713169599,-1.5334953789494483,-0.07884910363437157,0.4980408199125328,-0.0016657294468169184,-0.00033829959146797103,-0.6681475043296814,-0.005575912073254585,-0.001907020341604948,-0.6681475043296814,-0.005575912073254585,-0.001907020341604948,0.4991114974021912,-0.0019515692256391046,-0.000476755085401237,-0.10039174467969983,0.20000000000004547,105.75898037502016,none,-0.09039172241299553,0.0,-0.010000000000002274,-2.226670201921116e-08
R04_head_on_lateral_offset,922,185.4000000000079,90.47186996421905,29.157287884949987,20.693119404705858,-1.5338410077793458,-0.07892710472667494,0.49836818401469096,-0.0017818098552831567,-0.00043446344803430806,-0.6674638986587524,-0.005766700487583876,-0.0025216604117304087,-0.6674638986587524,-0.005766700487583876,-0.0025216604117304087,0.4995216608047485,-0.0020183451706543565,-0.0006304151029326022,-0.10050996771607988,0.20000000000004547,105.86260836393109,none,-0.09050995008609064,0.0,-0.010000000000002274,-1.7629986963446858e-08
R04_head_on_lateral_offset,923,185.60000000000795,90.4755244458343,29.057956659133882,20.700985693878653,-1.534206117381063,-0.07902574414648979,0.4987079148888761,-0.0018631551550863166,-0.0005436977455887073,-0.6668250560760498,-0.005796889308840036,-0.0030651313718408346,-0.6668250560760498,-0.005796889308840036,-0.0030651313718408346,0.4999049663543701,-0.0020289112580940127,-0.0007662828429602087,-0.10062980233327694,0.20000000000004547,105.96627811157227,none,-0.09062978824543677,0.0,-0.010000000000002274,-1.4087837897727197e-08
R04_head_on_lateral_offset,924,185.800000000008,90.47914440980104,28.958556552828757,20.708868303475295,-1.534584449070351,-0.0791464336904859,0.4990543613626502,-0.0019161662816544029,-0.000654822226461825,-0.6662082076072693,-0.005783389322459698,-0.0035250356886535883,-0.6662082076072693,-0.005783389322459698,-0.0035250356886535883,0.5002750754356384,-0.002024186262860894,-0.0008812589221633971,-0.100750025875228,0.20000000000004547,106.06998827148419,none,-0.09075001403130045,0.0,-0.010000000000002274,-1.1843925273842884e-08
R04_head_on_lateral_offset,925,186.00000000000804,90.48272877453819,28.859086743609954,20.716769513116834,-1.5349711466907463,-0.07928874595909868,0.49940401491992203,-0.0019483818317127606,-0.0007603470395143661,-0.6656066179275513,-0.005754362791776657,-0.003901493502780795,-0.6656066179275513,-0.005754362791776657,-0.003901493502780795,0.5006360292434693,-0.00201402697712183,-0.0009753733756951988,-0.10087005940541852,0.20000000000004547,106.1737376876487,none,-0.09087004931595288,0.0,-0.010000000000002274,-1.0089463360883101e-08
R04_head_on_lateral_offset,926,186.2000000000081,90.48627684384239,28.759547048061577,20.724691449658835,-1.535362787679898,-0.0794510555486637,0.49975402407023767,-0.0019666511022872605,-0.0008555717557451458,-0.6650211811065674,-0.005725366063416004,-0.0041984389536082745,-0.6650211811065674,-0.005725366063416004,-0.0041984389536082745,0.5009872913360596,-0.0020038781221956015,-0.0010496097384020686,-0.10098951396403193,0.20000000000004547,106.27752550617137,none,-0.090989505328956,0.0,-0.010000000000002274,-8.635073647729519e-09
R04_head_on_lateral_offset,927,186.40000000000813,90.48978818118839,28.659937729790382,20.732636007063014,-1.5357571972363655,-0.0796310287855479,0.5001026578605914,-0.0019766879813859733,-0.0009379516302516977,-0.6644482016563416,-0.00570611422881484,-0.004423263482749462,-0.6644482016563416,-0.00570611422881484,-0.004423263482749462,0.5013310790061951,-0.001997139980085194,-0.0011058158706873655,-0.10110810937097671,0.20000000000004547,106.38135110761054,none,-0.09110810178653139,0.0,-0.010000000000002274,-7.584443048403235e-09
R04_head_on_lateral_offset,928,186.60000000000818,90.49326250721347,28.56025931099189,20.74060480961839,-1.5361531392185663,-0.07982601863877768,0.5004488921373634,-0.001982308240867347,-0.0010067607489911408,-0.663885235786438,-0.005696458742022514,-0.00458788825199008,-0.663885235786438,-0.005696458742022514,-0.00458788825199008,0.5016688585281373,-0.00199376055970788,-0.00114697206299752,-0.10122568415968078,0.20000000000004547,106.48521402468594,none,-0.09122567727717623,0.0,-0.010000000000002274,-6.88250227498001e-09
R04_head_on_lateral_offset,929,186.80000000000823,90.49669962852066,28.460512443673665,20.748599205823936,-1.536549989303993,-0.08003336514667397,0.5007922532967546,-0.001985920366941481,-0.0010625030265899115,-0.6633298397064209,-0.00569508783519268,-0.004704352933913469,-0.6633298397064209,-0.00569508783519268,-0.004704352933913469,0.5020020961761474,-0.001993280742317438,-0.0011760882334783673,-0.10134215858902677,0.20000000000004547,106.58911388297291,none,-0.09134215214841035,0.0,-0.010000000000002274,-6.440614144388041e-09
R04_head_on_lateral_offset,930,187.00000000000827,90.50009939275844,28.36069781882218,20.756620283906944,-1.5369474963411784,-0.08025058625247128,0.5011326254232014,-0.0019889236472521135,-0.0011063995445854838,-0.6627801060676575,-0.0057001239620149136,-0.004783387295901775,-0.6627801060676575,-0.0057001239620149136,-0.004783387295901775,0.5023319363594055,-0.0019950433867052197,-0.0011958468239754438,-0.10145751396351285,0.20000000000004547,106.69305035964665,none,-0.09145750779393325,0.0,-0.010000000000002274,-6.169577330726942e-09
R04_head_on_lateral_offset,931,187.20000000000832,90.5034616625104,28.26081610657219,20.76466890031858,-1.5373456136633117,-0.08047550426893595,0.5014701474986936,-0.001992016467759776,-0.0011402307567908714,-0.6622343063354492,-0.00570948189124465,-0.004836672451347113,-0.6622343063354492,-0.00570948189124465,-0.004836672451347113,0.5026594161987304,-0.001998318661935627,-0.0012091681128367782,-0.10157177421154288,0.20000000000004547,106.79702315993246,none,-0.09157176819505608,0.0,-0.010000000000002274,-6.016484526178041e-09
R04_head_on_lateral_offset,932,187.40000000000836,90.50678630332563,28.16086791334079,20.77274571666442,-1.5377443574798955,-0.08070629365566827,0.5018051570535006,-0.0019951830335660455,-0.0011657404419387629,-0.6616907119750977,-0.00571895856410265,-0.004870884586125612,-0.6616907119750977,-0.00571895856410265,-0.004870884586125612,0.5029855728149414,-0.0020016354974359274,-0.001217721146531403,-0.1016849975158569,0.20000000000004547,106.90103200530932,none,-0.0916849915807525,0.0,-0.010000000000002274,-5.935102122011683e-09
R04_head_on_lateral_offset,933,187.6000000000084,90.51007318183589,28.060853769185755,20.78085123537873,-1.538143758023121,-0.08094147603333017,0.5021379565310496,-0.0019985673242211765,-0.0011846575495891261,-0.6611490249633789,-0.0057298955507576466,-0.004892818629741669,-0.6611490249633789,-0.0057298955507576466,-0.004892818629741669,0.5033105850219727,-0.0020054634427651764,-0.0012232046574354172,-0.10179725372043376,0.20000000000004547,107.00507663193834,none,-0.09179724783992071,0.0,-0.010000000000002274,-5.880510772224637e-09
R04_head_on_lateral_offset,934,187.80000000000845,90.51332216516145,27.96077411674548,20.788985834355437,-1.538543824549267,-0.08117989558299966,0.502469010787223,-0.0020018504849495973,-0.0011984950153459102,-0.6606075167655945,-0.005738687235862017,-0.004906765650957823,-0.6606075167655945,-0.005738687235862017,-0.004906765650957823,0.5036354899406433,-0.002008540532551706,-0.0012266914127394557,-0.10190862359776841,0.20000000000004547,107.10915679215559,none,-0.09190861772770731,0.0,-0.010000000000002274,-5.870058827910259e-09
R04_head_on_lateral_offset,935,188.0000000000085,90.51653312493129,27.860629318065985,20.797149796478344,-1.5389445252669778,-0.08142067611350792,0.5027985949484669,-0.0020049249679399434,-0.001208552272812621,-0.6600668430328369,-0.005746256560087204,-0.0049161831848323345,-0.6600668430328369,-0.005746256560087204,-0.0049161831848323345,0.5039598941802979,-0.0020111897960305215,-0.0012290457962080836,-0.10201918447005497,0.20000000000004547,107.21327225691475,none,-0.0920191786205713,0.0,-0.010000000000002274,-5.849481398150121e-09
R04_head_on_lateral_offset,936,188.20000000000854,90.51970594062142,27.760419655462233,20.805343334944613,-1.539345783738123,-0.08166316375531892,0.5031271684044462,-0.002007468069580478,-0.001215779433192675,-0.6595251560211182,-0.005750428885221481,-0.004922024440020323,-0.6595251560211182,-0.005750428885221481,-0.004922024440020323,0.5042849063873291,-0.0020126501098275185,-0.0012305061100050807,-0.10212901531350894,0.20000000000004547,107.31742281860352,none,-0.09212900944397973,0.0,-0.010000000000002274,-5.86952694447973e-09
R04_head_on_lateral_offset,937,188.4000000000086,90.52284050355946,27.6601453543144,20.813566610949767,-1.5397474914499767,-0.08190688001271583,0.5034548201869585,-0.0020094589927904154,-0.0012209903902060826,-0.6589844822883606,-0.00575290247797966,-0.004926434718072414,-0.6589844822883606,-0.00575290247797966,-0.004926434718072414,0.5046093106269837,-0.0020135158672928808,-0.0012316086795181036,-0.10223817671215571,0.20000000000004547,107.421608294528,none,-0.09223817086508035,0.0,-0.010000000000002274,-5.847073090152651e-09
R04_head_on_lateral_offset,938,188.60000000000863,90.52593671809628,27.559806584420976,20.821819749295347,-1.5401495346203289,-0.08215147825427425,0.5037819754135732,-0.0020108666178312033,-0.0012247115602624275,-0.6584421396255493,-0.005753528326749802,-0.004929176531732082,-0.6584421396255493,-0.005753528326749802,-0.004929176531732082,0.5049347162246705,-0.0020137349143624305,-0.0012322941329330206,-0.10234672919642217,0.20000000000004547,107.52582852588489,none,-0.09234672331355043,0.0,-0.010000000000002274,-5.882869462681128e-09
R04_head_on_lateral_offset,939,188.80000000000868,90.52899450278693,27.459403452780897,20.830102849896925,-1.540551780312775,-0.0823967027122013,0.5041088308215329,-0.0020115395849984387,-0.0012273352696579901,-0.6578991413116455,-0.005751173943281174,-0.0049307262524962425,-0.6578991413116455,-0.005751173943281174,-0.0049307262524962425,0.5052605152130127,-0.002012910880148411,-0.0012326815631240606,-0.10245474050862997,0.20000000000004547,107.63008337887587,none,-0.09245473461152542,0.0,-0.010000000000002274,-5.897102273166866e-09
R04_head_on_lateral_offset,940,189.00000000000873,90.53201379016367,27.35893605190366,20.838415991902316,-1.5409541087111287,-0.08264237063547998,0.5044353341014204,-0.00201173004364077,-0.0012292031785687725,-0.6573570370674133,-0.005748908966779709,-0.004932037554681301,-0.6573570370674133,-0.005748908966779709,-0.004932037554681301,0.505585777759552,-0.002012118138372898,-0.0012330093886703253,-0.10256223472157182,0.20000000000004547,107.73437274780522,none,-0.09256222884389231,0.0,-0.010000000000002274,-5.877677224930267e-09
R04_head_on_lateral_offset,941,189.20000000000877,90.53499452430137,27.258404450489518,20.846759240868575,-1.5413564123311247,-0.08288834917983742,0.5047617528396826,-0.0020113358655772457,-0.0012304856081089058,-0.6568135023117065,-0.005744379013776779,-0.0049323951825499535,-0.6568135023117065,-0.005744379013776779,-0.0049323951825499535,0.505911898612976,-0.0020105326548218727,-0.0012330987956374884,-0.1026692435179536,0.20000000000004547,107.83869654374524,none,-0.09266923760893775,0.0,-0.010000000000002274,-5.9090135806627585e-09
R04_head_on_lateral_offset,942,189.40000000000882,90.53793666084078,27.15780868515342,20.85513265298417,-1.5417586027023815,-0.0831345282605336,0.5050881452553737,-0.0020106216755922186,-0.0012312477556819974,-0.6562696695327759,-0.005740475375205278,-0.004931203089654446,-0.6562696695327759,-0.005740475375205278,-0.004931203089654446,0.5062381982803345,-0.0020091663813218475,-0.0012328007724136114,-0.10277580598334347,0.20000000000004547,107.94305469445301,none,-0.09277580006792618,0.0,-0.010000000000002274,-5.915415018380339e-09
R04_head_on_lateral_offset,943,189.60000000000886,90.54084016375926,27.05714877671308,20.863536275240026,-1.542160595758299,-0.08338080852425754,0.505414604132968,-0.002009400894057542,-0.0012315333558335635,-0.6557251811027527,-0.005734038073569536,-0.004928461275994778,-0.6557251811027527,-0.005734038073569536,-0.004928461275994778,0.5065648913383484,-0.0020069133257493376,-0.0012321153189986944,-0.10288194510963074,0.20000000000004547,108.04744714644946,none,-0.09288193917929632,0.0,-0.010000000000002274,-5.930332136472316e-09
R04_head_on_lateral_offset,944,189.8000000000089,90.54370500612923,26.95642473742005,20.871970146299823,-1.5425623173459253,-0.0836271157518936,0.5057411226859237,-0.002007926135004163,-0.001231538530510792,-0.6551806330680847,-0.005728345829993486,-0.004926196299493313,-0.6551806330680847,-0.005728345829993486,-0.004926196299493313,0.5068916201591491,-0.00200492104049772,-0.0012315490748733282,-0.10298767750801618,0.20000000000004547,108.1518738581231,none,-0.09298767157661203,0.0,-0.010000000000002274,-5.9314018763245715e-09
R04_head_on_lateral_offset,945,190.00000000000895,90.54653109144566,26.855633163338396,20.880434691664927,-1.5429689364924417,-0.08387662049362783,0.5061004974104935,-0.0020547371753948203,-0.0012612681604029625,-0.6543887257575989,-0.006143209524452686,-0.005287391133606434,-0.6543887257575989,-0.006143209524452686,-0.005287391133606434,0.5073667645454407,-0.00215012333355844,-0.0013218477834016085,-0.10309611242598757,0.20000000000004547,108.25633479879967,none,-0.09309609383216966,0.0,-0.010000000000002274,-1.8593815631425156e-08
R04_head_on_lateral_offset,946,190.200000000009,90.5493175052505,26.754753211522768,20.888932724516764,-1.5434039526893306,-0.08414731830616273,0.5066304837355203,-0.002278555569345804,-0.0014327828764320759,-0.652503490447998,-0.007813219912350178,-0.007129103410989046,-0.652503490447998,-0.007813219912350178,-0.007129103410989046,0.5084979057312011,-0.002734626969322562,-0.0017822758527472615,-0.10322303096238347,0.20000000000004547,108.36083068757327,none,-0.09322283626336159,0.0,-0.010000000000002274,-1.9469901961826232e-07
R04_head_on_lateral_offset,947,190.40000000000904,90.55206127486493,26.65374636578292,20.897471104447344,-1.5438810586238216,-0.084466543623362,0.5073765831954066,-0.0024775086533572192,-0.0017365735493815242,-0.6499908566474915,-0.008236892521381378,-0.00942241307348013,-0.6499908566474915,-0.008236892521381378,-0.00942241307348013,0.5100054860115051,-0.002882912382483482,-0.0023556032683700323,-0.1033835874696964,0.20000000000004547,108.4653656462203,none,-0.09338335242776807,0.0,-0.010000000000002274,-2.350419260633294e-07
R04_head_on_lateral_offset,948,190.6000000000091,90.55475937690191,26.55257602205507,20.906059131806735,-1.5443915397393528,-0.0848556724736303,0.5082812328817123,-0.0026168038064756714,-0.002125408414292024,-0.6475520133972168,-0.008287552744150162,-0.01167092565447092,-0.6475520133972168,-0.008287552744150162,-0.01167092565447092,0.5114687919616699,-0.0029006434604525563,-0.00291773141361773,-0.10357630670497746,0.20000000000004547,108.56994612659294,none,-0.09357608657834149,0.0,-0.010000000000002274,-2.2012663368910224e-07
R04_head_on_lateral_offset,949,190.80000000000913,90.55740956765496,26.45121492134038,20.914707092348337,-1.544923972075261,-0.08532692039958262,0.5093090348116365,-0.002701161501171338,-0.002554714020686537,-0.6451157927513123,-0.008208731189370155,-0.0137180145829916,-0.6451157927513123,-0.008208731189370155,-0.0137180145829916,0.5129305243492126,-0.002873055916279554,-0.0034295036457479,-0.10379319010132859,0.20000000000004547,108.67457820228461,none,-0.09379298746218723,0.0,-0.010000000000002274,-2.0263913908602842e-07
R04_head_on_lateral_offset,950,191.00000000000918,90.56001045996186,26.34964202361712,20.923425661015138,-1.545469059308739,-0.08588495114406863,0.5104337128811413,-0.002746308126075843,-0.0029925906038892856,-0.6426724195480347,-0.008109436370432377,-0.015539380721747875,-0.6426724195480347,-0.008109436370432377,-0.015539380721747875,0.5143965482711792,-0.0028383027296513316,-0.003884845180436969,-0.10402901769417326,0.20000000000004547,108.77926656484492,none,-0.09402883174803733,0.0,-0.010000000000002274,-1.859461336594162e-07
R04_head_on_lateral_offset,951,191.20000000000923,90.56256129019079,26.247840788864522,20.932225406230177,-1.5460208221709026,-0.08652926025355791,0.5116365943992285,-0.0027695674379245236,-0.0034184066733528966,-0.64020836353302,-0.00804846454411745,-0.01714434288442135,-0.64020836353302,-0.00804846454411745,-0.01714434288442135,0.515874981880188,-0.0028169625904411076,-0.004286085721105337,-0.10428000075859253,0.20000000000004547,108.8840153165831,none,-0.0942798277347272,0.0,-0.010000000000002274,-1.730238630469512e-07
R04_head_on_lateral_offset,952,191.40000000000927,90.56506163258709,26.145797740163022,20.941116489648703,-1.5465763547921603,-0.08725613531995677,0.51290545102175,-0.0027846239622741783,-0.0038200705287878035,-0.6377061605453491,-0.008043726906180382,-0.018554139882326126,-0.6377061605453491,-0.008043726906180382,-0.018554139882326126,0.5173763036727905,-0.0028153044171631333,-0.0046385349705815315,-0.10454351639324995,0.20000000000004547,108.98882813511736,none,-0.09454335142185144,0.0,-0.010000000000002274,-1.6497139624047433e-07
R04_head_on_lateral_offset,953,191.60000000000932,90.56751116591383,26.04350138618701,20.950108507069892,-1.5471348638010414,-0.08806013433648976,0.5142322598103729,-0.0027993557868277903,-0.004191895161174751,-0.6351544857025146,-0.008083927445113659,-0.01979822665452957,-0.6351544857025146,-0.008083927445113659,-0.01979822665452957,0.5189073085784912,-0.0028293746057897803,-0.004949556663632393,-0.1048178128379452,0.20000000000004547,109.09370832711866,none,-0.09481765162969324,0.0,-0.010000000000002274,-1.6120824967312888e-07
R04_head_on_lateral_offset,954,191.80000000000936,90.56990952932532,25.940941589967732,20.959210419371978,-1.547696735518986,-0.08893514515406531,0.5156110876664793,-0.0028179592471696837,-0.004532538665281562,-0.6325509548187256,-0.008159620687365532,-0.02090665139257908,-0.6325509548187256,-0.008159620687365532,-0.02090665139257908,0.5204694271087646,-0.002855867240577936,-0.00522666284814477,-0.10510164690157622,0.20000000000004547,109.19865885247998,none,-0.09510148664741536,0.0,-0.010000000000002274,-1.6025415859372353e-07
R04_head_on_lateral_offset,955,192.0000000000094,90.57225624806188,25.83810922614087,20.96843054530307,-1.548262848317789,-0.08987503103257186,0.517037336817799,-0.002841401867252769,-0.004842926169495119,-0.6298953890800476,-0.00825477298349142,-0.02190159261226654,-0.6298953890800476,-0.00825477298349142,-0.02190159261226654,0.5220627665519715,-0.0028891705442219973,-0.005475398153066635,-0.10539405485518372,0.20000000000004547,109.30368233130669,none,-0.0953938938353538,0.0,-0.010000000000002274,-1.6101982765063041e-07
R04_head_on_lateral_offset,956,192.20000000000945,90.57455071592001,25.73499596828714,20.977776592541016,-1.5488341105929515,-0.09087400270439953,0.5185072361620536,-0.002869130940204669,-0.005125493415320133,-0.6271892189979553,-0.008358954451978207,-0.022805105894804,-0.6271892189979553,-0.008358954451978207,-0.022805105894804,0.5236864686012268,-0.0029256340581923722,-0.005701276473701,-0.10569425943031223,0.20000000000004547,109.40878105113086,none,-0.0956940964193791,0.0,-0.010000000000002274,-1.630109308661809e-07
R04_head_on_lateral_offset,957,192.4000000000095,90.5767921582427,25.631594408072694,20.987255563844858,-1.5494125737542743,-0.09192313840746683,0.5200150337429555,-0.0029122507284572345,-0.005349016638282536,-0.6244536638259888,-0.008571757934987545,-0.02321794629096985,-0.6244536638259888,-0.008571757934987545,-0.02321794629096985,0.5253278017044067,-0.0030001152772456408,-0.005804486572742462,-0.10600134190925736,0.20000000000004547,109.51395699899595,none,-0.0960011879295628,0.0,-0.010000000000002274,-1.5397969227920472e-07
R04_head_on_lateral_offset,958,192.60000000000954,90.5789793649414,25.527898926686408,20.99687291554075,-1.5500040450583628,-0.09300156211935935,0.5215476870254449,-0.0029961395965219504,-0.005429178657840172,-0.6217532753944397,-0.009048796258866787,-0.022370094433426857,-0.6217532753944397,-0.009048796258866787,-0.022370094433426857,0.5269480347633362,-0.003167078690603375,-0.005592523608356714,-0.10631348759029632,0.20000000000004547,109.61921179263382,none,-0.09631332281997373,0.0,-0.010000000000002274,-1.6477032032065354e-07
R04_head_on_lateral_offset,959,192.8000000000096,90.58111037902867,25.42390666665962,21.006631341910595,-1.5506136026456565,-0.09408667402710497,0.5230883641192006,-0.0030921964571814496,-0.005422447730561162,-0.6191383600234985,-0.009394085966050625,-0.02163492888212204,-0.6191383600234985,-0.009394085966050625,-0.02163492888212204,0.5285169839859009,-0.0032879300881177185,-0.00540873222053051,-0.10662774067657402,0.20000000000004547,109.72454619553724,none,-0.0966275907270564,0.0,-0.010000000000002274,-1.4994951533793544e-07
R04_head_on_lateral_offset,960,193.00000000000963,90.5831828299443,25.319617929744076,21.01653142783655,-1.551243557642603,-0.09516567419876193,0.5246204675750644,-0.0031992824274878016,-0.005371401358335176,-0.6166352033615112,-0.00976425688713789,-0.021069539710879326,-0.6166352033615112,-0.00976425688713789,-0.021069539710879326,0.5300188779830932,-0.003417489910498261,-0.0052673849277198315,-0.10694100015723396,0.20000000000004547,109.8299595568558,none,-0.09694086570753768,0.0,-0.010000000000002274,-1.3444969400457085e-07
R04_head_on_lateral_offset,961,193.20000000000968,90.5851941112951,25.215034492310963,21.02657264412442,-1.5518948458964732,-0.09623223316493325,0.5261440743676595,-0.0033055878559692504,-0.005299599983221096,-0.6141457557678223,-0.010063442401587963,-0.020613165572285652,-0.6141457557678223,-0.010063442401587963,-0.020613165572285652,0.5315125465393067,-0.003522204840555787,-0.005153291393071413,-0.1072517987432782,0.20000000000004547,109.93545003122861,none,-0.09725166884050296,0.0,-0.010000000000002274,-1.29902772963153e-07
R04_head_on_lateral_offset,962,193.40000000000973,90.58714162665912,25.110158148993783,21.036754001502466,-1.5525660518141142,-0.09728404931293254,0.5276585408256462,-0.0033994006377510468,-0.005224241292032753,-0.6116753220558167,-0.010258747264742851,-0.02028273604810238,-0.6116753220558167,-0.010258747264742851,-0.02028273604810238,0.53299480676651,-0.0035905615426599976,-0.005070684012025595,-0.10756010264658178,0.20000000000004547,110.04101516875255,none,-0.09755997763917179,0.0,-0.010000000000002274,-1.2500740770875556e-07
R04_head_on_lateral_offset,963,193.60000000000977,90.58902301127513,25.004990813268968,21.047074392377077,-1.5532541122357744,-0.09832146936401745,0.5291632627944258,-0.0034754702047765608,-0.005155165473102743,-0.6092246770858765,-0.010372788645327091,-0.020057642832398415,-0.6092246770858765,-0.010372788645327091,-0.020057642832398415,0.5344651937484741,-0.0036304760258644817,-0.005014410708099604,-0.10786589734865047,0.20000000000004547,110.1466525179143,none,-0.09786577596198498,0.0,-0.010000000000002274,-1.2138666321869286e-07
R04_head_on_lateral_offset,964,193.80000000000982,90.59083625200776,24.899534418504064,21.057532809791557,-1.553955334232483,-0.09934620976485914,0.5306587579212845,-0.003532454823501869,-0.0050966489350969665,-0.6067863702774048,-0.010424490086734295,-0.01990964263677597,-0.6067863702774048,-0.010424490086734295,-0.01990964263677597,0.5359281778335572,-0.003648571530357003,-0.004977410659193993,-0.10816931120246748,0.20000000000004547,110.25235981788062,none,-0.09816919180412143,0.0,-0.010000000000002274,-1.1939834378374426e-07
R04_head_on_lateral_offset,965,194.00000000000986,90.59257972406053,24.79379075345134,21.06812846124934,-1.5546660443930351,-0.10036050319113551,0.5321461962961643,-0.0035716896477443146,-0.005049815193429835,-0.6043546199798584,-0.010433251038193703,-0.0198175311088562,-0.6043546199798584,-0.010433251038193703,-0.0198175311088562,0.5373872280120849,-0.0036516378633677958,-0.00495438277721405,-0.10847063949747254,0.20000000000004547,110.35813514086526,none,-0.09847052105805432,0.0,-0.010000000000002274,-1.1843941594926257e-07
R04_head_on_lateral_offset,966,194.2000000000099,90.59425216976054,24.68776136719932,21.078860807895314,-1.5553830146550631,-0.10136660902634378,0.5336270901936123,-0.003596168033148874,-0.0050139465810629365,-0.6019248962402344,-0.010417277924716473,-0.019763430580496788,-0.6019248962402344,-0.010417277924716473,-0.019763430580496788,0.5388450622558594,-0.003646047273650765,-0.004940857645124197,-0.1087702567840702,0.20000000000004547,110.4639769698662,none,-0.09877013864927875,0.0,-0.010000000000002274,-1.1813478916830946e-07
R04_head_on_lateral_offset,967,194.40000000000995,90.59585264293928,24.581447498910983,21.089729562332145,-1.5561036499903176,-0.10236655464924795,0.5351032974867657,-0.0036092028810582465,-0.004987502725155294,-0.599492073059082,-0.010387896560132504,-0.019734473899006844,-0.599492073059082,-0.010387896560132504,-0.019734473899006844,0.5403047561645508,-0.003635763796046376,-0.004933618474751711,-0.10906857977644202,0.20000000000004547,110.5698842027864,none,-0.09906846136983205,0.0,-0.010000000000002274,-1.1840660769479872e-07
R04_head_on_lateral_offset,968,194.60000000001,90.5973804417204,24.474850042938122,21.10073466465529,-1.5568260309853765,-0.10336204218558742,0.5365766606329659,-0.0036142283027796236,-0.004968783508275075,-0.5970531702041626,-0.010355624370276928,-0.019722558557987213,-0.5970531702041626,-0.010355624370276928,-0.019722558557987213,0.5417680978775024,-0.0036244685295969245,-0.004930639639496803,-0.10936602959197125,0.20000000000004547,110.67585611703801,none,-0.09936591060335687,0.0,-0.010000000000002274,-1.1898861210647705e-07
R04_head_on_lateral_offset,969,194.80000000001004,90.59883504016618,24.36796953172376,21.11187625183524,-1.557548841131266,-0.10435444222689781,0.5380491602947044,-0.0036138980475005494,-0.004956167755879271,-0.5946040749549866,-0.010323500260710716,-0.01972184330224991,-0.5946040749549866,-0.010323500260710716,-0.01972184330224991,0.5432375550270081,-0.0036132250912487506,-0.004930460825562477,-0.10966301579516692,0.20000000000004547,110.781892314087,none,-0.09966289581316445,0.0,-0.010000000000002274,-1.199820001908554e-07
R04_head_on_lateral_offset,970,195.0000000000101,90.60021603190388,24.26080615383917,21.12315462518309,-1.5582712295489731,-0.10534484376701309,0.5395224420539669,-0.003610260306617836,-0.004948430782087357,-0.5921440124511719,-0.010293850675225258,-0.019730661064386368,-0.5921440124511719,-0.010293850675225258,-0.019730661064386368,0.5447135925292969,-0.00360284773632884,-0.004932665266096592,-0.10995990816851763,0.20000000000004547,110.8879926585078,none,-0.09995978711122788,0.0,-0.010000000000002274,-1.2105728747047186e-07
R04_head_on_lateral_offset,971,195.20000000001014,90.60152308542125,24.153359810852933,21.134570220249646,-1.5589927097804834,-0.10633411735365011,0.5409978825813122,-0.0036049427904363425,-0.004944594244654214,-0.5896722674369812,-0.010268878191709518,-0.019747106358408928,-0.5896722674369812,-0.010268878191709518,-0.019747106358408928,0.5461966395378113,-0.0035941073670983314,-0.004936776589602232,-0.11025700642480488,0.20000000000004547,110.99415721975144,none,-0.10025688421645285,0.0,-0.010000000000002274,-1.2220834975609774e-07
R04_head_on_lateral_offset,972,195.40000000001018,90.6027559083433,24.045630160791568,21.146123583473134,-1.5597130873123515,-0.10732296826373641,0.5424766648950392,-0.0035992607820268534,-0.004943962472933058,-0.5871880054473877,-0.010250521823763847,-0.019770700484514236,-0.5871880054473877,-0.010250521823763847,-0.019770700484514236,0.5476871967315673,-0.0035876826383173465,-0.004942675121128559,-0.11055455609337898,0.20000000000004547,111.1003862152305,none,-0.10055443264435127,0.0,-0.010000000000002274,-1.2344902543939828e-07
R04_head_on_lateral_offset,973,195.60000000001023,90.60391422168279,23.937616625164825,21.157815357736805,-1.56043231691995,-0.10831197567863032,0.5439600662556071,-0.0035934716236493925,-0.004945961043461461,-0.5846885442733765,-0.010233357548713684,-0.019800134003162384,-0.5846885442733765,-0.010233357548713684,-0.019800134003162384,0.5491868734359742,-0.0035816751420497893,-0.004950033500790596,-0.11085278661894497,0.20000000000004547,111.20667996539734,none,-0.1008526616496006,0.0,-0.010000000000002274,-1.2496934209495214e-07
R04_head_on_lateral_offset,974,195.80000000001027,90.6049977491313,23.829318445547095,21.169646266461843,-1.5611504297089442,-0.10930164636932055,0.5454487257964514,-0.003588063850891943,-0.004950410506759885,-0.5821765661239624,-0.010220127180218697,-0.019837908446788788,-0.5821765661239624,-0.010220127180218697,-0.019837908446788788,0.5506940603256225,-0.0035770445130765436,-0.004959477111697197,-0.11115187030282352,0.20000000000004547,111.31303886779507,none,-0.10115174407009775,0.0,-0.010000000000002274,-1.262327234875099e-07
R04_head_on_lateral_offset,975,196.00000000001032,90.60600620729552,23.720734753495513,21.181617101894208,-1.561867517245849,-0.11029244385417983,0.5469431887958011,-0.0035831796416986206,-0.004957062946504259,-0.5796517133712769,-0.010209220461547375,-0.019882474094629288,-0.5796517133712769,-0.010209220461547375,-0.019882474094629288,0.5522089719772338,-0.003573227161541581,-0.004970618523657322,-0.11145191191271521,0.20000000000004547,111.41946337279859,none,-0.10145178437298341,0.0,-0.010000000000002274,-1.2753972952446804e-07
R04_head_on_lateral_offset,976,196.20000000001036,90.60693930123139,23.611864563795155,21.193728722085506,-1.5625836996807243,-0.11128479402637445,0.5484441487914801,-0.0035789625498633707,-0.0049657816458347805,-0.5771119594573975,-0.01020105555653572,-0.019934190437197685,-0.5771119594573975,-0.01020105555653572,-0.019934190437197685,0.5537328243255615,-0.003570369444787502,-0.004983547609299421,-0.111753020969296,0.20000000000004547,111.52595395661719,none,-0.10175289190746994,0.0,-0.010000000000002274,-1.2906182377656408e-07
R04_head_on_lateral_offset,977,196.4000000000104,90.60779672227794,23.502706777966534,21.20598204808383,-1.5632990853433923,-0.11227909289038998,0.5499521301915339,-0.0035751792264402554,-0.004976406218750435,-0.5745574235916138,-0.010192771442234516,-0.019992223009467125,-0.5745574235916138,-0.010192771442234516,-0.019992223009467125,0.5552655458450317,-0.00356747000478208,-0.004998055752366781,-0.11205530287797574,0.20000000000004547,111.63251111915486,none,-0.10205517229617556,0.0,-0.010000000000002274,-1.3058179791138395e-07
R04_head_on_lateral_offset,978,196.60000000001045,90.60857815089835,23.393260238683666,21.21837805571528,-1.5640137441546669,-0.11327571636503544,0.5514672884846626,-0.0035716731405011646,-0.004988887789912484,-0.5719900131225586,-0.01018436811864376,-0.020057285204529762,-0.5719900131225586,-0.01018436811864376,-0.020057285204529762,0.5568059921264648,-0.003564528841525316,-0.005014321301132441,-0.11235881372627228,0.20000000000004547,111.73913538145155,none,-0.10235868180826557,0.0,-0.010000000000002274,-1.3191800443375715e-07
R04_head_on_lateral_offset,979,196.8000000000105,90.60928314326989,23.283532435356452,21.230916755783102,-1.5647294474886064,-0.11427439429412076,0.55290640027159,-0.00358440090544417,-0.004997260452194851,-0.5700380802154541,-0.0103152459487319,-0.020057285204529762,-0.5700380802154541,-0.0103152459487319,-0.020057285204529762,0.5579771518707275,-0.0036103360820561644,-0.005014321301132441,-0.11265538451581497,0.20000000000004547,111.84582727457168,none,-0.10265530797239109,0.0,-0.010000000000002274,-7.654342160491948e-08
R04_head_on_lateral_offset,980,197.00000000001054,90.60991093259607,23.173535551015778,21.24359745255107,-1.5654494958341298,-0.11527227046281079,0.5542999067325711,-0.0036138620584995527,-0.004982605760872396,-0.5679833889007568,-0.010496841743588448,-0.019810976460576057,-0.5679833889007568,-0.010496841743588448,-0.019810976460576057,0.5592099666595458,-0.0036738946102559565,-0.004952744115144014,-0.11294061321002692,0.20000000000004547,111.95258493610028,none,-0.10294052690199607,0.0,-0.010000000000002274,-8.630802857500022e-08
R04_head_on_lateral_offset,981,197.2000000000106,90.61046050882416,23.06327607760094,21.256419660760734,-1.5661752312174875,-0.11626586991363459,0.5556743340448769,-0.0036414150985350324,-0.0049554364985284595,-0.5658047199249268,-0.010564455762505531,-0.019600296393036842,-0.5658047199249268,-0.010564455762505531,-0.019600296393036842,0.5605171680450439,-0.003697559516876936,-0.004900074098259211,-0.11321962230013899,0.20000000000004547,112.05940492935264,none,-0.10321952638901166,0.0,-0.010000000000002274,-9.591112505313859e-08
R04_head_on_lateral_offset,982,197.40000000001064,90.6109308824681,22.95275747658632,21.269382959918207,-1.5669059419172542,-0.11725388681104469,0.5570343743233517,-0.003663990395771852,-0.00492688444769967,-0.5636224746704102,-0.010599976405501366,-0.01947481743991375,-0.5636224746704102,-0.010599976405501366,-0.01947481743991375,0.561826515197754,-0.003709991741925478,-0.004868704359978437,-0.11349522148386697,0.20000000000004547,112.16628505199168,none,-0.103495125899844,0.0,-0.010000000000002274,-9.558402069231864e-08
R04_head_on_lateral_offset,983,197.60000000001068,90.61132111133364,22.8419928409568,21.28248518780015,-1.5676413048308366,-0.11822175743820251,0.5582824625486937,-0.0036878411084509542,-0.004764091547866676,-0.5621997714042664,-0.01067554671317339,-0.017729483544826508,-0.5621997714042664,-0.01067554671317339,-0.017729483544826508,0.5626801371574401,-0.003736441349610686,-0.004432370886206627,-0.11375840200840143,0.20000000000004547,112.27322390607975,none,-0.10375830048868195,0.0,-0.010000000000002274,-1.0151971720476563e-07
R04_head_on_lateral_offset,984,197.80000000001073,90.61163018423831,22.731006579090256,21.295720089760273,-1.5683830325977997,-0.1191403252997566,0.5593954454083474,-0.0037265212345773246,-0.004445592394139263,-0.5611382126808167,-0.01087239757180214,-0.015186365693807602,-0.5611382126808167,-0.01087239757180214,-0.015186365693807602,0.56331707239151,-0.0038053391501307486,-0.0037965914234519005,-0.11399843786363047,0.20000000000004547,112.38021755682783,none,-0.10399828520151644,0.0,-0.010000000000002274,-1.526621117609213e-07
R04_head_on_lateral_offset,985,198.00000000001077,90.61185682864168,22.61982210572957,21.309078263725546,-1.5691347778895512,-0.11998591844714036,0.5604001463630154,-0.0037864173074182708,-0.004040844951920312,-0.5600996017456055,-0.011167047545313835,-0.012864388525485992,-0.5600996017456055,-0.011167047545313835,-0.012864388525485992,0.5639402389526367,-0.003908466640859842,-0.003216097131371498,-0.11421585209943316,0.20000000000004547,112.48725891006549,none,-0.10421572095724585,0.0,-0.010000000000002274,-1.3114218503675057e-07
R04_head_on_lateral_offset,986,198.20000000001082,90.61199940443896,22.508457064178426,21.32254897189741,-1.5698999393841298,-0.1207476717244812,0.5613251911267957,-0.0038596761118675654,-0.0036092194936017253,-0.5590256452560425,-0.011454155668616295,-0.010918810963630676,-0.5590256452560425,-0.011454155668616295,-0.010918810963630676,0.5645846128463745,-0.004008954484015703,-0.002729702740907669,-0.11441584492400599,0.20000000000004547,112.59434077628838,none,-0.10441574450229041,0.0,-0.010000000000002274,-1.0042171330271188e-07
R04_head_on_lateral_offset,987,198.40000000001086,90.61205605108609,22.396923632265047,21.336121421863492,-1.5706793910888746,-0.12142467221361011,0.5621961107645906,-0.003929572811406663,-0.003192215079612945,-0.5578919649124146,-0.011634286493062973,-0.009369965642690659,-0.5578919649124146,-0.011634286493062973,-0.009369965642690659,0.5652648210525513,-0.0040720002725720406,-0.0023424914106726646,-0.11460340684013746,0.20000000000004547,112.70145706871128,none,-0.10460333250813392,0.0,-0.010000000000002274,-7.433200127283934e-08
R04_head_on_lateral_offset,988,198.6000000000109,90.61202500251076,22.285229785774177,21.34978556845628,-1.5714710654731596,-0.12202269988776947,0.563030214942397,-0.0039831341088453626,-0.0028163878162160544,-0.5567179918289185,-0.011692214757204056,-0.008202280849218369,-0.5567179918289185,-0.011692214757204056,-0.008202280849218369,0.5659692049026489,-0.0040922751650214195,-0.002050570212304592,-0.11478250140778863,0.20000000000004547,112.80860289845597,none,-0.10478244650666113,0.0,-0.010000000000002274,-5.4901125229323e-08
R04_head_on_lateral_offset,989,198.80000000001095,90.61190488147295,22.17338382366906,21.363532265642608,-1.5722703147010095,-0.1225539516834058,0.5638096001237571,-0.004007520187444963,-0.0025185762408892892,-0.5557403564453125,-0.011592032387852669,-0.007646920159459114,-0.5557403564453125,-0.011592032387852669,-0.007646920159459114,0.5665557861328125,-0.004057211335748434,-0.0019117300398647785,-0.11495297208189462,0.20000000000004547,112.91577456766099,none,-0.10495294659723342,0.0,-0.010000000000002274,-2.548465892274199e-08
R04_head_on_lateral_offset,990,199.000000000011,90.61169493374753,22.061396473330472,21.377353712365053,-1.5730715937106863,-0.12303502140567257,0.5645290013738383,-0.0040054276259778665,-0.0023079926936511856,-0.5548936128616333,-0.01143189612776041,-0.00751555897295475,-0.5548936128616333,-0.01143189612776041,-0.00751555897295475,0.5670638322830199,-0.004001163644716144,-0.0018788897432386875,-0.11511284400489066,0.20000000000004547,113.02296865057252,none,-0.1051128288074068,0.0,-0.010000000000002274,-1.5197481592361257e-08
R04_head_on_lateral_offset,991,199.20000000001104,90.61139500759256,21.949275931711504,21.391244245747526,-1.5738700445914948,-0.12348095560125294,0.5652196098142362,-0.003980927741853649,-0.002162328028648015,-0.5539116859436035,-0.011231441982090473,-0.0074620372615754604,-0.5539116859436035,-0.011231441982090473,-0.0074620372615754604,0.5676529884338379,-0.003931004693731665,-0.0018655093153938651,-0.11526476463446267,0.20000000000004547,113.13018165429162,none,-0.10526474448992218,0.0,-0.010000000000002274,-2.0144538209134097e-08
R04_head_on_lateral_offset,992,199.4000000000111,90.61100546551083,21.83702551916943,21.405200266797237,-1.57466130270316,-0.1239030802176208,0.5659016101654127,-0.003935106898287183,-0.002066165889146367,-0.5528255701065063,-0.010976395569741726,-0.007480870932340622,-0.5528255701065063,-0.010976395569741726,-0.007480870932340622,0.5683046579360962,-0.0038417384494096036,-0.0018702177330851555,-0.11541353403840367,0.20000000000004547,113.23741134364582,none,-0.10541350913738157,0.0,-0.010000000000002274,-2.4901019823994794e-08
R04_head_on_lateral_offset,993,199.60000000001114,90.61052703291503,21.7246461978251,21.419219592021477,-1.5754443785194168,-0.12431023222464879,0.5665805895585445,-0.0038984166160653594,-0.0020096163294795874,-0.5517116785049438,-0.01092472393065691,-0.007577544543892145,-0.5517116785049438,-0.01092472393065691,-0.007577544543892145,0.5689729928970337,-0.0038236533757299183,-0.0018943861359730363,-0.11556153576480709,0.20000000000004547,113.34465730255829,none,-0.1055615107093999,0.0,-0.010000000000002274,-2.505540490975195e-08
R04_head_on_lateral_offset,994,199.80000000001118,90.60995760159089,21.61214047543682,21.433301177569803,-1.5762959379991985,-0.1247212357704535,0.567238265266002,-0.004566801888789483,-0.0020940549757983355,-0.550740659236908,-0.01693931594491005,-0.00906445737928152,-0.550740659236908,-0.01693931594491005,-0.00906445737928152,0.5695556044578551,-0.005928760580718517,-0.00226611434482038,-0.1157071454407271,0.20000000000004547,113.45192011264903,none,-0.1057063588586189,0.0,-0.010000000000002274,-7.865821059372053e-07
R04_head_on_lateral_offset,995,200.00000000001123,90.60928311743042,21.49947272889951,21.447451399932216,-1.5773016319717545,-0.12515667239659192,0.5682621449619789,-0.005425423410683093,-0.0022486587752564183,-0.5468836426734924,-0.020500067621469498,-0.010254770517349243,-0.5468836426734924,-0.020500067621469498,-0.010254770517349243,0.5718698143959045,-0.007175023667514323,-0.002563692629337311,-0.11588052354056351,0.20000000000004547,113.55919721767086,none,-0.10587994409306845,0.0,-0.010000000000002274,-5.794474927847855e-07
R04_head_on_lateral_offset,996,200.20000000001127,90.6084841172471,21.386576799242878,21.461682811622687,-1.578476441372649,-0.12564223153107137,0.5695970071286987,-0.006259784671498037,-0.002581822009259581,-0.542832612991333,-0.02274271473288536,-0.013042815029621124,-0.542832612991333,-0.02274271473288536,-0.013042815029621124,0.5743004322052001,-0.007959950156509877,-0.003260703757405281,-0.11611000776147215,0.20000000000004547,113.66648510394131,none,-0.10610942349147479,0.0,-0.010000000000002274,-5.84269995089759e-07
R04_head_on_lateral_offset,997,200.40000000001132,90.60754100933748,21.27340009854275,21.476010092656175,-1.5798099674169104,-0.1262123659721985,0.5711677239032255,-0.007018305917073436,-0.0030818362571146444,-0.5388296842575073,-0.024468380957841873,-0.0164028313010931,-0.5388296842575073,-0.024468380957841873,-0.0164028313010931,0.5767021894454956,-0.008563933335244654,-0.004100707825273275,-0.1163829725773528,0.20000000000004547,113.77378363868513,none,-0.10638236675591628,0.0,-0.010000000000002274,-6.05821434251988e-07
R04_head_on_lateral_offset,998,200.60000000001136,90.60643565379893,21.159900584167836,21.490450437745427,-1.581283615343289,-0.12689554733299346,0.5729464507478629,-0.007669121298921695,-0.0037031489266623227,-0.5346435904502869,-0.025700794532895088,-0.019876753911376,-0.5346435904502869,-0.025700794532895088,-0.019876753911376,0.5792138457298279,-0.00899527808651328,-0.004969188477844,-0.11669033819828759,0.20000000000004547,113.88108907042748,none,-0.10668971599102761,0.0,-0.010000000000002274,-6.222072577011934e-07
R04_head_on_lateral_offset,999,200.8000000000114,90.60515200967407,21.0460423315073,21.505023237597293,-1.5828758338438345,-0.12771166843468962,0.574903908904374,-0.008212136568517537,-0.004405152017602544,-0.530331552028656,-0.026624659076333046,-0.023342452943325043,-0.530331552028656,-0.026624659076333046,-0.023342452943325043,0.5818010687828064,-0.009318630676716566,-0.005835613235831261,-0.11702737220241187,0.20000000000004547,113.98839634081098,none,-0.10702674303699311,0.0,-0.010000000000002274,-6.291654164859023e-07
R04_head_on_lateral_offset,1000,201.00000000001145,90.60367619662567,20.931795256370332,21.519749204006636,-1.5845669879091078,-0.12867255941563727,0.5770137423918452,-0.0086652526600234,-0.005147785407753711,-0.5259203314781189,-0.027395887300372124,-0.026644153520464897,-0.5259203314781189,-0.027395887300372124,-0.026644153520464897,0.5844478011131287,-0.009588560555130243,-0.006661038380116224,-0.11738955408866716,0.20000000000004547,114.09570089005304,task_horizon,-0.10738893499093649,0.0,-0.010000000000002274,-6.190977284024207e-07
