case_id,control_step,timestamp_s,north_m,east_m,down_m,yaw_rad,pitch_rad,surge_speed_mps,yaw_rate_rad_s,pitch_rate_rad_s,nominal_a0,nominal_a1,nominal_a2,executed_a0,executed_a1,executed_a2,surge_command_mps,yaw_rate_command_rad_s,pitch_rate_command_rad_s,reward,elapsed_s,minimum_clearance_m,failure_type,reward_progress,reward_goal,reward_time,reward_smoothness
R01_horizontal_empty,0,1.0,20.30000000000001,50.0,20.0,0.0,0.0,0.3,0.0,0.0,,,,,,,,,,,,,,,,,
R01_horizontal_empty,1,1.2000000000000002,20.37000000000001,50.0,20.0,0.0,0.0,0.4000000000000001,0.0,0.0,0.5,0.0,-0.0,0.5,0.0,-0.0,1.2,0.0,-0.0,0.015000000000000277,0.20000000000000018,,none,0.07000000000000028,0.0,-0.010000000000000009,-0.045
R01_horizontal_empty,2,1.4000000000000004,20.46000000000001,50.0,20.0,0.0,0.0,0.5000000000000001,0.0,0.0,0.5,0.0,-0.0,0.5,0.0,-0.0,1.2,0.0,-0.0,0.0799999999999963,0.20000000000000018,,none,0.0899999999999963,0.0,-0.010000000000000009,-0.0
R01_horizontal_empty,3,1.6000000000000005,20.570000000000014,50.0,20.0,0.0,0.0,0.6000000000000002,0.0,0.0,0.5,0.0,-0.0,0.5,0.0,-0.0,1.2,0.0,-0.0,0.10000000000000653,0.20000000000000018,,none,0.11000000000000654,0.0,-0.010000000000000009,-0.0
R01_horizontal_empty,4,1.8000000000000007,20.700000000000014,50.0,20.0,0.0,0.0,0.7000000000000003,0.0,0.0,0.5,0.0,-0.0,0.5,0.0,-0.0,1.2,0.0,-0.0,0.12000000000000255,0.20000000000000018,,none,0.13000000000000256,0.0,-0.010000000000000009,-0.0
R01_horizontal_empty,5,2.000000000000001,20.850000000000012,50.0,20.0,0.0,0.0,0.8000000000000004,0.0,0.0,0.5,0.0,-0.0,0.5,0.0,-0.0,1.2,0.0,-0.0,0.13999999999999146,0.20000000000000018,,none,0.14999999999999147,0.0,-0.010000000000000009,-0.0
R01_horizontal_empty,6,2.2,21.019258765582936,50.0,20.0,0.0,0.0,0.888426543021342,0.0,0.0,0.5,0.0,-0.0,0.5,0.0,-0.0,1.2,0.0,-0.0,0.15925876558292434,0.1999999999999993,,none,0.1692587655829243,0.0,-0.009999999999999966,-0.0
R01_horizontal_empty,7,2.3999999999999995,21.20415603818727,50.0,20.0,0.0,0.0,0.9573049522659207,0.0,0.0,0.5,0.0,-0.0,0.5,0.0,-0.0,1.2,0.0,-0.0,0.17489727260433857,0.1999999999999993,,none,0.18489727260433853,0.0,-0.009999999999999966,-0.0
R01_horizontal_empty,8,2.5999999999999988,21.401234670028224,50.0,20.0,0.0,0.0,1.010956662464731,0.0,0.0,0.5,0.0,-0.0,0.5,0.0,-0.0,1.2,0.0,-0.0,0.18707863184095236,0.1999999999999993,,none,0.1970786318409523,0.0,-0.009999999999999966,-0.0
R01_horizontal_empty,9,2.799999999999998,21.6078017723893,50.0,20.0,0.0,0.0,1.0527477845133824,0.0,0.0,0.5,0.0,-0.0,0.5,0.0,-0.0,1.2,0.0,-0.0,0.1965671023610776,0.1999999999999993,,none,0.20656710236107756,0.0,-0.009999999999999966,-0.0
R01_horizontal_empty,10,2.9999999999999973,21.821759763653873,50.0,20.0,0.0,0.0,1.0853002954326707,0.0,0.0,0.5,0.0,-0.0,0.5,0.0,-0.0,1.2,0.0,-0.0,0.20395799126457154,0.1999999999999993,,none,0.2139579912645715,0.0,-0.009999999999999966,-0.0
R01_horizontal_empty,11,3.1999999999999966,22.041474766932957,50.0,20.0,0.0,0.0,1.1106565413338159,0.0,0.0,0.5,0.0,-0.0,0.5,0.0,-0.0,1.2,0.0,-0.0,0.2097150032790845,0.1999999999999993,,none,0.21971500327908444,0.0,-0.009999999999999966,-0.0
R01_horizontal_empty,12,3.399999999999996,22.265674100550115,50.0,20.0,0.0,0.0,1.130407374312368,0.0,0.0,0.5,0.0,-0.0,0.5,0.0,-0.0,1.2,0.0,-0.0,0.21419933361715754,0.1999999999999993,,none,0.2241993336171575,0.0,-0.009999999999999966,-0.0
R01_horizontal_empty,13,3.599999999999995,22.49336642993144,50.0,20.0,0.0,0.0,1.1457919625857067,0.0,0.0,0.5,0.0,-0.0,0.5,0.0,-0.0,1.2,0.0,-0.0,0.21769232938132693,0.1999999999999993,,none,0.22769232938132689,0.0,-0.009999999999999966,-0.0
R01_horizontal_empty,14,3.7999999999999945,22.723779571226405,50.0,20.0,0.0,0.0,1.1577755359670006,0.0,0.0,0.5,0.0,-0.0,0.5,0.0,-0.0,1.2,0.0,-0.0,0.2204131412949602,0.1999999999999993,,none,0.23041314129496016,0.0,-0.009999999999999966,-0.0
R01_horizontal_empty,15,3.999999999999994,22.956312044455668,50.0,20.0,0.0,0.0,1.1671099444304183,0.0,0.0,0.5,0.0,-0.0,0.5,0.0,-0.0,1.2,0.0,-0.0,0.22253247322927,0.1999999999999993,,none,0.23253247322926995,0.0,-0.009999999999999966,-0.0
R01_horizontal_empty,16,4.199999999999993,23.19049533662807,50.0,20.0,0.0,0.0,1.1743808292149132,0.0,0.0,0.5,0.0,-0.0,0.5,0.0,-0.0,1.2,0.0,-0.0,0.22418329217240346,0.1999999999999993,,none,0.2341832921724034,0.0,-0.009999999999999966,-0.0
R01_horizontal_empty,17,4.399999999999992,23.425964507212875,50.0,20.0,0.0,0.0,1.1800443659839095,0.0,0.0,0.5,0.0,-0.0,0.5,0.0,-0.0,1.2,0.0,-0.0,0.22546917058479982,0.1999999999999993,,none,0.23546917058479977,0.0,-0.009999999999999966,-0.0
R01_horizontal_empty,18,4.599999999999992,23.662435291753194,50.0,20.0,0.0,0.0,1.1844558853085145,0.0,0.0,0.5,0.0,-0.0,0.5,0.0,-0.0,1.2,0.0,-0.0,0.22647078454032316,0.1999999999999993,,none,0.2364707845403231,0.0,-0.009999999999999966,-0.0
R01_horizontal_empty,19,4.799999999999991,23.8996862671002,50.0,20.0,0.0,0.0,1.1878921661247526,0.0,0.0,0.5,0.0,-0.0,0.5,0.0,-0.0,1.2,0.0,-0.0,0.22725097534700273,0.1999999999999993,,none,0.23725097534700268,0.0,-0.009999999999999966,-0.0
R01_horizontal_empty,20,4.99999999999999,24.13754495931407,50.0,20.0,0.0,0.0,1.1905688008574147,0.0,0.0,0.5,0.0,-0.0,0.5,0.0,-0.0,1.2,0.0,-0.0,0.2278586922138695,0.1999999999999993,,none,0.23785869221386946,0.0,-0.009999999999999966,-0.0
R01_horizontal_empty,21,5.1999999999999895,24.37587702264062,50.0,20.0,0.0,0.0,1.1926537216992266,0.0,0.0,0.5,0.0,-0.0,0.5,0.0,-0.0,1.2,0.0,-0.0,0.2283320633265527,0.1999999999999993,,none,0.23833206332655266,0.0,-0.009999999999999966,-0.0
R01_horizontal_empty,22,5.399999999999989,24.6145778106522,50.0,20.0,0.0,0.0,1.194277736684752,0.0,0.0,0.5,0.0,-0.0,0.5,0.0,-0.0,1.2,0.0,-0.0,0.2287007880115775,0.1999999999999993,,none,0.23870078801157746,0.0,-0.009999999999999966,-0.0
R01_horizontal_empty,23,5.599999999999988,24.85356581072575,50.0,20.0,0.0,0.0,1.1955427365928148,0.0,0.0,0.5,0.0,-0.0,0.5,0.0,-0.0,1.2,0.0,-0.0,0.22898800007355452,0.1999999999999993,,none,0.23898800007355447,0.0,-0.009999999999999966,-0.0
R01_horizontal_empty,24,5.799999999999987,25.092777529936885,50.0,20.0,0.0,0.0,1.1965280875788973,0.0,0.0,0.5,0.0,-0.0,0.5,0.0,-0.0,1.2,0.0,-0.0,0.2292117192111272,0.1999999999999993,,none,0.23921171921112716,0.0,-0.009999999999999966,-0.0
R01_horizontal_empty,25,5.999999999999987,25.332163511510743,50.0,20.0,0.0,0.0,1.1972956106115746,0.0,0.0,0.5,0.0,-0.0,0.5,0.0,-0.0,1.2,0.0,-0.0,0.22938598157386086,0.1999999999999993,,none,0.23938598157386082,0.0,-0.009999999999999966,-0.0
R01_horizontal_empty,26,6.199999999999986,25.57168523190154,50.0,20.0,0.0,0.0,1.1978934601230797,0.0,0.0,0.5,0.0,-0.0,0.5,0.0,-0.0,1.2,0.0,-0.0,0.2295217203907976,0.1999999999999993,,none,0.23952172039079755,0.0,-0.009999999999999966,-0.0
R01_horizontal_empty,27,6.399999999999985,25.811312683823434,50.0,20.0,0.0,0.0,1.1983591452207114,0.0,0.0,0.5,0.0,-0.0,0.5,0.0,-0.0,1.2,0.0,-0.0,0.22962745192189066,0.1999999999999993,,none,0.2396274519218906,0.0,-0.009999999999999966,-0.0
R01_horizontal_empty,28,6.5999999999999845,26.05102249359197,50.0,20.0,0.0,0.0,1.1987218830100428,0.0,0.0,0.5,0.0,-0.0,0.5,0.0,-0.0,1.2,0.0,-0.0,0.22970980976854155,0.1999999999999993,,none,0.2397098097685415,0.0,-0.009999999999999966,-0.0
R01_horizontal_empty,29,6.799999999999984,26.29079645465797,50.0,20.0,0.0,0.0,1.1990044316775397,0.0,0.0,0.5,0.0,-0.0,0.5,0.0,-0.0,1.2,0.0,-0.0,0.22977396106599263,0.1999999999999993,,none,0.23977396106599258,0.0,-0.009999999999999966,-0.0
R01_horizontal_empty,30,6.999999999999983,26.530620385327772,50.0,20.0,0.0,0.0,1.1992245183402814,0.0,0.0,0.5,0.0,-0.0,0.5,0.0,-0.0,1.2,0.0,-0.0,0.22982393066980739,0.1999999999999993,,none,0.23982393066980734,0.0,-0.009999999999999966,-0.0
R01_horizontal_empty,31,7.199999999999982,26.770483239003084,50.0,20.0,0.0,0.0,1.199395951246145,0.0,0.0,0.5,0.0,-0.0,0.5,0.0,-0.0,1.2,0.0,-0.0,0.22986285367531228,0.1999999999999993,,none,0.23986285367531224,0.0,-0.009999999999999966,-0.0
R01_horizontal_empty,32,7.399999999999982,27.010376411116845,50.0,20.0,0.0,0.0,1.1995294861039445,0.0,0.0,0.5,0.0,-0.0,0.5,0.0,-0.0,1.2,0.0,-0.0,0.2298931721137601,0.1999999999999993,,none,0.23989317211376004,0.0,-0.009999999999999966,-0.0
R01_horizontal_empty,33,7.599999999999981,27.250293199282304,50.0,20.0,0.0,0.0,1.1996335008971237,0.0,0.0,0.5,0.0,-0.0,0.5,0.0,-0.0,1.2,0.0,-0.0,0.22991678816545918,0.1999999999999993,,none,0.23991678816545914,0.0,-0.009999999999999966,-0.0
R01_horizontal_empty,34,7.79999999999998,27.490228382784924,50.0,20.0,0.0,0.0,1.1997145215188432,0.0,0.0,0.5,0.0,-0.0,0.5,0.0,-0.0,1.2,0.0,-0.0,0.2299351835026167,0.1999999999999993,,none,0.23993518350261667,0.0,-0.009999999999999966,-0.0
R01_horizontal_empty,35,7.99999999999998,27.730177895034533,50.0,20.0,0.0,0.0,1.1997776312068325,0.0,0.0,0.5,0.0,-0.0,0.5,0.0,-0.0,1.2,0.0,-0.0,0.2299495122496092,0.1999999999999993,,none,0.23994951224960914,0.0,-0.009999999999999966,-0.0
R01_horizontal_empty,36,8.199999999999982,27.970138568427224,50.0,20.0,0.0,0.0,1.1998267894659715,0.0,0.0,0.5,0.0,-0.0,0.5,0.0,-0.0,1.2,0.0,-0.0,0.22996067339269435,0.20000000000000195,,none,0.23996067339269445,0.0,-0.010000000000000097,-0.0
R01_horizontal_empty,37,8.399999999999984,28.210107935609745,50.0,20.0,0.0,0.0,1.199865080487819,0.0,0.0,0.5,0.0,-0.0,0.5,0.0,-0.0,1.2,0.0,-0.0,0.22996936718251745,0.20000000000000284,,none,0.2399693671825176,0.0,-0.010000000000000142,-0.0
R01_horizontal_empty,38,8.599999999999987,28.450084074677648,50.0,20.0,0.0,0.0,1.1998949066529396,0.0,0.0,0.5,0.0,-0.0,0.5,0.0,-0.0,1.2,0.0,-0.0,0.2299761390679059,0.20000000000000284,,none,0.23997613906790605,0.0,-0.010000000000000142,-0.0
R01_horizontal_empty,39,8.79999999999999,28.690065488594897,50.0,20.0,0.0,0.0,1.1999181392563771,0.0,0.0,0.5,0.0,-0.0,0.5,0.0,-0.0,1.2,0.0,-0.0,0.229981413917249,0.20000000000000284,,none,0.23998141391724914,0.0,-0.010000000000000142,-0.0
R01_horizontal_empty,40,8.999999999999993,28.93005101126976,50.0,20.0,0.0,0.0,1.1999362359127963,0.0,0.0,0.5,0.0,-0.0,0.5,0.0,-0.0,1.2,0.0,-0.0,0.22998552267486402,0.20000000000000284,,none,0.23998552267486417,0.0,-0.010000000000000142,-0.0
R01_horizontal_empty,41,9.199999999999996,29.17003973439416,50.0,20.0,0.0,0.0,1.199950332007297,0.0,0.0,0.5,0.0,-0.0,0.5,0.0,-0.0,1.2,0.0,-0.0,0.22998872312439786,0.20000000000000284,,none,0.239988723124398,0.0,-0.010000000000000142,-0.0
R01_horizontal_empty,42,9.399999999999999,29.41003095045637,50.0,20.0,0.0,0.0,1.1999613119295307,0.0,0.0,0.5,0.0,-0.0,0.5,0.0,-0.0,1.2,0.0,-0.0,0.22999121606221493,0.20000000000000284,,none,0.23999121606221507,0.0,-0.010000000000000142,-0.0
R01_horizontal_empty,43,9.600000000000001,29.650024108351715,50.0,20.0,0.0,0.0,1.1999698645603503,0.0,0.0,0.5,0.0,-0.0,0.5,0.0,-0.0,1.2,0.0,-0.0,0.22999315789534122,0.20000000000000284,,none,0.23999315789534137,0.0,-0.010000000000000142,-0.0
R01_horizontal_empty,44,9.800000000000004,29.890018778806212,50.0,20.0,0.0,0.0,1.1999765264922269,0.0,0.0,0.5,0.0,-0.0,0.5,0.0,-0.0,1.2,0.0,-0.0,0.22999467045449293,0.20000000000000284,,none,0.23999467045449308,0.0,-0.010000000000000142,-0.0
R01_horizontal_empty,45,10.000000000000007,30.13001462744392,50.0,20.0,0.0,0.0,1.1999817156950894,0.0,0.0,0.5,0.0,-0.0,0.5,0.0,-0.0,1.2,0.0,-0.0,0.22999584863771147,0.20000000000000284,,none,0.23999584863771162,0.0,-0.010000000000000142,-0.0
R01_horizontal_empty,46,10.20000000000001,30.37001139380817,50.0,20.0,0.0,0.0,1.1999857577397763,0.0,0.0,0.5,0.0,-0.0,0.5,0.0,-0.0,1.2,0.0,-0.0,0.2299967663642498,0.20000000000000284,,none,0.23999676636424994,0.0,-0.010000000000000142,-0.0
R01_horizontal_empty,47,10.400000000000013,30.610008875020494,50.0,20.0,0.0,0.0,1.1999889062243672,0.0,0.0,0.5,0.0,-0.0,0.5,0.0,-0.0,1.2,0.0,-0.0,0.2299974812123274,0.20000000000000284,,none,0.23999748121232756,0.0,-0.010000000000000142,-0.0
R01_horizontal_empty,48,10.600000000000016,30.850006913052038,50.0,20.0,0.0,0.0,1.1999913586849376,0.0,0.0,0.5,0.0,-0.0,0.5,0.0,-0.0,1.2,0.0,-0.0,0.22999803803154392,0.20000000000000284,,none,0.23999803803154407,0.0,-0.010000000000000142,-0.0
R01_horizontal_empty,49,10.800000000000018,31.0900053848088,50.0,20.0,0.0,0.0,1.199993268988983,0.0,0.0,0.5,0.0,-0.0,0.5,0.0,-0.0,1.2,0.0,-0.0,0.22999847175676322,0.20000000000000284,,none,0.23999847175676337,0.0,-0.010000000000000142,-0.0
R01_horizontal_empty,50,11.000000000000021,31.33000419440873,50.0,20.0,0.0,0.0,1.1999947569890712,0.0,0.0,0.5,0.0,-0.0,0.5,0.0,-0.0,1.2,0.0,-0.0,0.22999880959992466,0.20000000000000284,,none,0.2399988095999248,0.0,-0.010000000000000142,-0.0
R01_horizontal_empty,51,11.200000000000024,31.570003267166065,50.0,20.0,0.0,0.0,1.1999959160423999,0.0,0.0,0.5,0.0,-0.0,0.5,0.0,-0.0,1.2,0.0,-0.0,0.2299990727573352,0.20000000000000284,,none,0.23999907275733534,0.0,-0.010000000000000142,-0.0
R01_horizontal_empty,52,11.400000000000027,31.81000254490556,50.0,20.0,0.0,0.0,1.199996818868031,0.0,0.0,0.5,0.0,-0.0,0.5,0.0,-0.0,1.2,0.0,-0.0,0.22999927773949266,0.20000000000000284,,none,0.2399992777394928,0.0,-0.010000000000000142,-0.0
R01_horizontal_empty,53,11.60000000000003,32.05000198231256,50.0,20.0,0.0,0.0,1.1999975221092882,0.0,0.0,0.5,0.0,-0.0,0.5,0.0,-0.0,1.2,0.0,-0.0,0.22999943740700032,0.20000000000000284,,none,0.23999943740700047,0.0,-0.010000000000000142,-0.0
R01_horizontal_empty,54,11.800000000000033,32.29000154408994,50.0,20.0,0.0,0.0,1.1999980698875623,0.0,0.0,0.5,0.0,-0.0,0.5,0.0,-0.0,1.2,0.0,-0.0,0.22999956177738098,0.20000000000000284,,none,0.23999956177738113,0.0,-0.010000000000000142,-0.0
R01_horizontal_empty,55,12.000000000000036,32.5300012027436,50.0,20.0,0.0,0.0,1.1999984965704886,0.0,0.0,0.5,0.0,-0.0,0.5,0.0,-0.0,1.2,0.0,-0.0,0.22999965865365865,0.20000000000000284,,none,0.2399996586536588,0.0,-0.010000000000000142,-0.0
R01_horizontal_empty,56,12.200000000000038,32.77000093685745,50.0,20.0,0.0,0.0,1.1999988289281747,0.0,0.0,0.5,0.0,-0.0,0.5,0.0,-0.0,1.2,0.0,-0.0,0.2299997341138514,0.20000000000000284,,none,0.23999973411385156,0.0,-0.010000000000000142,-0.0
R01_horizontal_empty,57,12.400000000000041,33.010000729749784,50.0,20.0,0.0,0.0,1.1999990878127575,0.0,0.0,0.5,0.0,-0.0,0.5,0.0,-0.0,1.2,0.0,-0.0,0.22999979289233394,0.20000000000000284,,none,0.23999979289233409,0.0,-0.010000000000000142,-0.0
R01_horizontal_empty,58,12.600000000000044,33.250000568426664,50.0,20.0,0.0,0.0,1.199999289466669,0.0,0.0,0.5,0.0,-0.0,0.5,0.0,-0.0,1.2,0.0,-0.0,0.22999983867687987,0.20000000000000284,,none,0.23999983867688002,0.0,-0.010000000000000142,-0.0
R01_horizontal_empty,59,12.800000000000047,33.49000044276665,50.0,20.0,0.0,0.0,1.1999994465416843,0.0,0.0,0.5,0.0,-0.0,0.5,0.0,-0.0,1.2,0.0,-0.0,0.22999987433998612,0.20000000000000284,,none,0.23999987433998626,0.0,-0.010000000000000142,-0.0
R01_horizontal_empty,60,13.00000000000005,33.73000034488584,50.0,20.0,0.0,0.0,1.199999568892698,0.0,0.0,0.5,0.0,-0.0,0.5,0.0,-0.0,1.2,0.0,-0.0,0.22999990211918728,0.20000000000000284,,none,0.23999990211918742,0.0,-0.010000000000000142,-0.0
R01_horizontal_empty,61,13.200000000000053,33.97000026864318,50.0,20.0,0.0,0.0,1.1999996641960191,0.0,0.0,0.5,0.0,-0.0,0.5,0.0,-0.0,1.2,0.0,-0.0,0.2299999237573452,0.20000000000000284,,none,0.23999992375734536,0.0,-0.010000000000000142,-0.0
R01_horizontal_empty,62,13.400000000000055,34.210000209255206,50.0,20.0,0.0,0.0,1.199999738430982,0.0,0.0,0.5,0.0,-0.0,0.5,0.0,-0.0,1.2,0.0,-0.0,0.22999994061202286,0.20000000000000284,,none,0.239999940612023,0.0,-0.010000000000000142,-0.0
R01_horizontal_empty,63,13.600000000000058,34.45000016299593,50.0,20.0,0.0,0.0,1.1999997962550921,0.0,0.0,0.5,0.0,-0.0,0.5,0.0,-0.0,1.2,0.0,-0.0,0.229999953740721,0.20000000000000284,,none,0.23999995374072114,0.0,-0.010000000000000142,-0.0
R01_horizontal_empty,64,13.800000000000061,34.69000012696301,50.0,20.0,0.0,0.0,1.1999998412962367,0.0,0.0,0.5,0.0,-0.0,0.5,0.0,-0.0,1.2,0.0,-0.0,0.22999996396707942,0.20000000000000284,,none,0.23999996396707957,0.0,-0.010000000000000142,-0.0
R01_horizontal_empty,65,14.000000000000064,34.93000009889576,50.0,20.0,0.0,0.0,1.1999998763802995,0.0,0.0,0.5,0.0,-0.0,0.5,0.0,-0.0,1.2,0.0,-0.0,0.22999997193275376,0.20000000000000284,,none,0.2399999719327539,0.0,-0.010000000000000142,-0.0
R01_horizontal_empty,66,14.200000000000067,35.17000007703323,50.0,20.0,0.0,0.0,1.1999999037084563,0.0,0.0,0.5,0.0,-0.0,0.5,0.0,-0.0,1.2,0.0,-0.0,0.22999997813746872,0.20000000000000284,,none,0.23999997813746887,0.0,-0.010000000000000142,-0.0
R01_horizontal_empty,67,14.40000000000007,35.410000060003775,50.0,20.0,0.0,0.0,1.1999999249952773,0.0,0.0,0.5,0.0,-0.0,0.5,0.0,-0.0,1.2,0.0,-0.0,0.2299999829705449,0.20000000000000284,,none,0.23999998297054503,0.0,-0.010000000000000142,-0.0
R01_horizontal_empty,68,14.600000000000072,35.65000004673897,50.0,20.0,0.0,0.0,1.199999941576298,0.0,0.0,0.5,0.0,-0.0,0.5,0.0,-0.0,1.2,0.0,-0.0,0.22999998673519215,0.20000000000000284,,none,0.2399999867351923,0.0,-0.010000000000000142,-0.0
R01_horizontal_empty,69,14.800000000000075,35.890000036406555,50.0,20.0,0.0,0.0,1.1999999544918132,0.0,0.0,0.5,0.0,-0.0,0.5,0.0,-0.0,1.2,0.0,-0.0,0.2299999896675878,0.20000000000000284,,none,0.23999998966758795,0.0,-0.010000000000000142,-0.0
R01_horizontal_empty,70,15.000000000000078,36.130000028358296,50.0,20.0,0.0,0.0,1.1999999645521422,0.0,0.0,0.5,0.0,-0.0,0.5,0.0,-0.0,1.2,0.0,-0.0,0.22999999195174112,0.20000000000000284,,none,0.23999999195174126,0.0,-0.010000000000000142,-0.0
R01_horizontal_empty,71,15.200000000000081,36.37000002208924,50.0,20.0,0.0,0.0,1.199999972388471,0.0,0.0,0.5,0.0,-0.0,0.5,0.0,-0.0,1.2,0.0,-0.0,0.22999999373094723,0.20000000000000284,,none,0.23999999373094738,0.0,-0.010000000000000142,-0.0
R01_horizontal_empty,72,15.400000000000084,36.61000001720606,50.0,20.0,0.0,0.0,1.199999978492451,0.0,0.0,0.5,0.0,-0.0,0.5,0.0,-0.0,1.2,0.0,-0.0,0.2299999951168182,0.20000000000000284,,none,0.23999999511681835,0.0,-0.010000000000000142,-0.0
R01_horizontal_empty,73,15.600000000000087,36.85000001340238,50.0,20.0,0.0,0.0,1.1999999832470465,0.0,0.0,0.5,0.0,-0.0,0.5,0.0,-0.0,1.2,0.0,-0.0,0.22999999619631736,0.20000000000000284,,none,0.2399999961963175,0.0,-0.010000000000000142,-0.0
R01_horizontal_empty,74,15.80000000000009,37.09000001043957,50.0,20.0,0.0,0.0,1.199999986950561,0.0,0.0,0.5,0.0,-0.0,0.5,0.0,-0.0,1.2,0.0,-0.0,0.22999999703718785,0.20000000000000284,,none,0.239999997037188,0.0,-0.010000000000000142,-0.0
R01_horizontal_empty,75,16.000000000000092,37.330000008131734,50.0,20.0,0.0,0.0,1.1999999898353528,0.0,0.0,0.5,0.0,-0.0,0.5,0.0,-0.0,1.2,0.0,-0.0,0.22999999769216614,0.20000000000000284,,none,0.2399999976921663,0.0,-0.010000000000000142,-0.0
R01_horizontal_empty,76,16.200000000000095,37.570000006334084,50.0,20.0,0.0,0.0,1.1999999920824145,0.0,0.0,0.5,0.0,-0.0,0.5,0.0,-0.0,1.2,0.0,-0.0,0.22999999820235004,0.20000000000000284,,none,0.23999999820235018,0.0,-0.010000000000000142,-0.0
R01_horizontal_empty,77,16.400000000000098,37.81000000493384,50.0,20.0,0.0,0.0,1.1999999938327262,0.0,0.0,0.5,0.0,-0.0,0.5,0.0,-0.0,1.2,0.0,-0.0,0.2299999985997566,0.20000000000000284,,none,0.23999999859975674,0.0,-0.010000000000000142,-0.0
R01_horizontal_empty,78,16.6000000000001,38.05000000384314,50.0,20.0,0.0,0.0,1.199999995196103,0.0,0.0,0.5,0.0,-0.0,0.5,0.0,-0.0,1.2,0.0,-0.0,0.22999999890929743,0.20000000000000284,,none,0.23999999890929757,0.0,-0.010000000000000142,-0.0
R01_horizontal_empty,79,16.800000000000104,38.29000000299355,50.0,20.0,0.0,0.0,1.199999996258083,0.0,0.0,0.5,0.0,-0.0,0.5,0.0,-0.0,1.2,0.0,-0.0,0.229999999150413,0.20000000000000284,,none,0.23999999915041315,0.0,-0.010000000000000142,-0.0
R01_horizontal_empty,80,17.000000000000107,38.53000000233179,50.0,20.0,0.0,0.0,1.1999999970852948,0.0,0.0,0.5,0.0,-0.0,0.5,0.0,-0.0,1.2,0.0,-0.0,0.22999999933823786,0.20000000000000284,,none,0.239999999338238,0.0,-0.010000000000000142,-0.0
R01_horizontal_empty,81,17.20000000000011,38.77000000181631,50.0,20.0,0.0,0.0,1.199999997729638,0.0,0.0,0.5,0.0,-0.0,0.5,0.0,-0.0,1.2,0.0,-0.0,0.2299999994845173,0.20000000000000284,,none,0.23999999948451745,0.0,-0.010000000000000142,-0.0
R01_horizontal_empty,82,17.400000000000112,39.01000000141479,50.0,20.0,0.0,0.0,1.1999999982315388,0.0,0.0,0.5,0.0,-0.0,0.5,0.0,-0.0,1.2,0.0,-0.0,0.22999999959848125,0.20000000000000284,,none,0.2399999995984814,0.0,-0.010000000000000142,-0.0
R01_horizontal_empty,83,17.600000000000115,39.25000000110203,50.0,20.0,0.0,0.0,1.199999998622486,0.0,0.0,0.5,0.0,-0.0,0.5,0.0,-0.0,1.2,0.0,-0.0,0.22999999968724225,0.20000000000000284,,none,0.2399999996872424,0.0,-0.010000000000000142,-0.0
R01_horizontal_empty,84,17.800000000000118,39.490000000858416,50.0,20.0,0.0,0.0,1.199999998927008,0.0,0.0,0.5,0.0,-0.0,0.5,0.0,-0.0,1.2,0.0,-0.0,0.22999999975638516,0.20000000000000284,,none,0.2399999997563853,0.0,-0.010000000000000142,-0.0
R01_horizontal_empty,85,18.00000000000012,39.73000000066865,50.0,20.0,0.0,0.0,1.1999999991642103,0.0,0.0,0.5,0.0,-0.0,0.5,0.0,-0.0,1.2,0.0,-0.0,0.2299999998102372,0.20000000000000284,,none,0.23999999981023734,0.0,-0.010000000000000142,-0.0
R01_horizontal_empty,86,18.200000000000124,39.97000000052084,50.0,20.0,0.0,0.0,1.1999999993489752,0.0,0.0,0.5,0.0,-0.0,0.5,0.0,-0.0,1.2,0.0,-0.0,0.22999999985218764,0.20000000000000284,,none,0.23999999985218778,0.0,-0.010000000000000142,-0.0
R01_horizontal_empty,87,18.400000000000126,40.21000000040571,50.0,20.0,0.0,0.0,1.199999999492895,0.0,0.0,0.5,0.0,-0.0,0.5,0.0,-0.0,1.2,0.0,-0.0,0.2299999998848655,0.20000000000000284,,none,0.23999999988486564,0.0,-0.010000000000000142,-0.0
R01_horizontal_empty,88,18.60000000000013,40.450000000316024,50.0,20.0,0.0,0.0,1.1999999996049988,0.0,0.0,0.5,0.0,-0.0,0.5,0.0,-0.0,1.2,0.0,-0.0,0.22999999991031714,0.20000000000000284,,none,0.23999999991031729,0.0,-0.010000000000000142,-0.0
R01_horizontal_empty,89,18.800000000000132,40.690000000246165,50.0,20.0,0.0,0.0,1.1999999996923203,0.0,0.0,0.5,0.0,-0.0,0.5,0.0,-0.0,1.2,0.0,-0.0,0.22999999993014128,0.20000000000000284,,none,0.23999999993014143,0.0,-0.010000000000000142,-0.0
R01_horizontal_empty,90,19.000000000000135,40.930000000191754,50.0,20.0,0.0,0.0,1.199999999760338,0.0,0.0,0.5,0.0,-0.0,0.5,0.0,-0.0,1.2,0.0,-0.0,0.22999999994558848,0.20000000000000284,,none,0.23999999994558863,0.0,-0.010000000000000142,-0.0
R01_horizontal_empty,91,19.200000000000138,41.17000000014937,50.0,20.0,0.0,0.0,1.1999999998133195,0.0,0.0,0.5,0.0,-0.0,0.5,0.0,-0.0,1.2,0.0,-0.0,0.22999999995761797,0.20000000000000284,,none,0.23999999995761812,0.0,-0.010000000000000142,-0.0
R01_horizontal_empty,92,19.40000000000014,41.41000000011636,50.0,20.0,0.0,0.0,1.1999999998545883,0.0,0.0,0.5,0.0,-0.0,0.5,0.0,-0.0,1.2,0.0,-0.0,0.22999999996699003,0.20000000000000284,,none,0.23999999996699017,0.0,-0.010000000000000142,-0.0
R01_horizontal_empty,93,19.600000000000144,41.65000000009064,50.0,20.0,0.0,0.0,1.1999999998867341,0.0,0.0,0.5,0.0,-0.0,0.5,0.0,-0.0,1.2,0.0,-0.0,0.2299999999742802,0.20000000000000284,,none,0.23999999997428034,0.0,-0.010000000000000142,-0.0
R01_horizontal_empty,94,19.800000000000146,41.89000000007061,50.0,20.0,0.0,0.0,1.1999999999117732,0.0,0.0,0.5,0.0,-0.0,0.5,0.0,-0.0,1.2,0.0,-0.0,0.22999999997996454,0.20000000000000284,,none,0.23999999997996468,0.0,-0.010000000000000142,-0.0
R01_horizontal_empty,95,20.00000000000015,42.130000000055006,50.0,20.0,0.0,0.0,1.1999999999312772,0.0,0.0,0.5,0.0,-0.0,0.5,0.0,-0.0,1.2,0.0,-0.0,0.22999999998439832,0.20000000000000284,,none,0.23999999998439847,0.0,-0.010000000000000142,-0.0
R01_horizontal_empty,96,20.200000000000152,42.37000000004285,50.0,20.0,0.0,0.0,1.1999999999464694,0.0,0.0,0.5,0.0,-0.0,0.5,0.0,-0.0,1.2,0.0,-0.0,0.22999999998784446,0.20000000000000284,,none,0.2399999999878446,0.0,-0.010000000000000142,-0.0
R01_horizontal_empty,97,20.400000000000155,42.61000000003339,50.0,20.0,0.0,0.0,1.1999999999583035,0.0,0.0,0.5,0.0,-0.0,0.5,0.0,-0.0,1.2,0.0,-0.0,0.2299999999905374,0.20000000000000284,,none,0.23999999999053756,0.0,-0.010000000000000142,-0.0
R01_horizontal_empty,98,20.600000000000158,42.850000000026014,50.0,20.0,0.0,0.0,1.1999999999675213,0.0,0.0,0.5,0.0,-0.0,0.5,0.0,-0.0,1.2,0.0,-0.0,0.2299999999926264,0.20000000000000284,,none,0.23999999999262656,0.0,-0.010000000000000142,-0.0
R01_horizontal_empty,99,20.80000000000016,43.09000000002027,50.0,20.0,0.0,0.0,1.199999999974701,0.0,0.0,0.5,0.0,-0.0,0.5,0.0,-0.0,1.2,0.0,-0.0,0.22999999999425355,0.20000000000000284,,none,0.2399999999942537,0.0,-0.010000000000000142,-0.0
R01_horizontal_empty,100,21.000000000000163,43.330000000015794,50.0,20.0,0.0,0.0,1.1999999999802937,0.0,0.0,0.5,0.0,-0.0,0.5,0.0,-0.0,1.2,0.0,-0.0,0.22999999999552542,0.20000000000000284,,none,0.23999999999552557,0.0,-0.010000000000000142,-0.0
R01_horizontal_empty,101,21.200000000000166,43.5700000000123,50.0,20.0,0.0,0.0,1.19999999998465,0.0,0.0,0.5,0.0,-0.0,0.5,0.0,-0.0,1.2,0.0,-0.0,0.22999999999650597,0.20000000000000284,,none,0.23999999999650612,0.0,-0.010000000000000142,-0.0
R01_horizontal_empty,102,21.40000000000017,43.81000000000958,50.0,20.0,0.0,0.0,1.1999999999880433,0.0,0.0,0.5,0.0,-0.0,0.5,0.0,-0.0,1.2,0.0,-0.0,0.22999999999728046,0.20000000000000284,,none,0.2399999999972806,0.0,-0.010000000000000142,-0.0
R01_horizontal_empty,103,21.600000000000172,44.050000000007465,50.0,20.0,0.0,0.0,1.1999999999906865,0.0,0.0,0.5,0.0,-0.0,0.5,0.0,-0.0,1.2,0.0,-0.0,0.22999999999788442,0.20000000000000284,,none,0.23999999999788457,0.0,-0.010000000000000142,-0.0
R01_horizontal_empty,104,21.800000000000175,44.29000000000582,50.0,20.0,0.0,0.0,1.1999999999927455,0.0,0.0,0.5,0.0,-0.0,0.5,0.0,-0.0,1.2,0.0,-0.0,0.22999999999835338,0.20000000000000284,,none,0.23999999999835353,0.0,-0.010000000000000142,-0.0
R01_horizontal_empty,105,22.000000000000178,44.530000000004534,50.0,20.0,0.0,0.0,1.1999999999943491,0.0,0.0,0.5,0.0,-0.0,0.5,0.0,-0.0,1.2,0.0,-0.0,0.22999999999871576,0.20000000000000284,,none,0.2399999999987159,0.0,-0.010000000000000142,-0.0
R01_horizontal_empty,106,22.20000000000018,44.770000000003535,50.0,20.0,0.0,0.0,1.1999999999955986,0.0,0.0,0.5,0.0,-0.0,0.5,0.0,-0.0,1.2,0.0,-0.0,0.22999999999899998,0.20000000000000284,,none,0.23999999999900012,0.0,-0.010000000000000142,-0.0
R01_horizontal_empty,107,22.400000000000183,45.010000000002755,50.0,20.0,0.0,0.0,1.1999999999965714,0.0,0.0,0.5,0.0,-0.0,0.5,0.0,-0.0,1.2,0.0,-0.0,0.22999999999922024,0.20000000000000284,,none,0.2399999999992204,0.0,-0.010000000000000142,-0.0
R01_horizontal_empty,108,22.600000000000186,45.250000000002146,50.0,20.0,0.0,0.0,1.1999999999973292,0.0,0.0,0.5,0.0,-0.0,0.5,0.0,-0.0,1.2,0.0,-0.0,0.22999999999939078,0.20000000000000284,,none,0.23999999999939092,0.0,-0.010000000000000142,-0.0
R01_horizontal_empty,109,22.80000000000019,45.49000000000168,50.0,20.0,0.0,0.0,1.1999999999979196,0.0,0.0,0.5,0.0,-0.0,0.5,0.0,-0.0,1.2,0.0,-0.0,0.22999999999953288,0.20000000000000284,,none,0.23999999999953303,0.0,-0.010000000000000142,-0.0
R01_horizontal_empty,110,23.000000000000192,45.730000000001304,50.0,20.0,0.0,0.0,1.1999999999983795,0.0,0.0,0.5,0.0,-0.0,0.5,0.0,-0.0,1.2,0.0,-0.0,0.22999999999962525,0.20000000000000284,,none,0.2399999999996254,0.0,-0.010000000000000142,-0.0
R01_horizontal_empty,111,23.200000000000195,45.97000000000102,50.0,20.0,0.0,0.0,1.1999999999987376,0.0,0.0,0.5,0.0,-0.0,0.5,0.0,-0.0,1.2,0.0,-0.0,0.22999999999971762,0.20000000000000284,,none,0.23999999999971777,0.0,-0.010000000000000142,-0.0
R01_horizontal_empty,112,23.400000000000198,46.210000000000804,50.0,20.0,0.0,0.0,1.1999999999990165,0.0,0.0,0.5,0.0,-0.0,0.5,0.0,-0.0,1.2,0.0,-0.0,0.22999999999978157,0.20000000000000284,,none,0.23999999999978172,0.0,-0.010000000000000142,-0.0
R01_horizontal_empty,113,23.6000000000002,46.45000000000063,50.0,20.0,0.0,0.0,1.199999999999234,0.0,0.0,0.5,0.0,-0.0,0.5,0.0,-0.0,1.2,0.0,-0.0,0.2299999999998242,0.20000000000000284,,none,0.23999999999982435,0.0,-0.010000000000000142,-0.0
R01_horizontal_empty,114,23.800000000000203,46.69000000000049,50.0,20.0,0.0,0.0,1.199999999999403,0.0,0.0,0.5,0.0,-0.0,0.5,0.0,-0.0,1.2,0.0,-0.0,0.22999999999985973,0.20000000000000284,,none,0.23999999999985988,0.0,-0.010000000000000142,-0.0
R01_horizontal_empty,115,24.000000000000206,46.93000000000038,50.0,20.0,0.0,0.0,1.1999999999995352,0.0,0.0,0.5,0.0,-0.0,0.5,0.0,-0.0,1.2,0.0,-0.0,0.22999999999989526,0.20000000000000284,,none,0.2399999999998954,0.0,-0.010000000000000142,-0.0
R01_horizontal_empty,116,24.20000000000021,47.17000000000031,50.0,20.0,0.0,0.0,1.199999999999638,0.0,0.0,0.5,0.0,-0.0,0.5,0.0,-0.0,1.2,0.0,-0.0,0.22999999999992368,0.20000000000000284,,none,0.23999999999992383,0.0,-0.010000000000000142,-0.0
R01_horizontal_empty,117,24.40000000000021,47.410000000000245,50.0,20.0,0.0,0.0,1.1999999999997182,0.0,0.0,0.5,0.0,-0.0,0.5,0.0,-0.0,1.2,0.0,-0.0,0.2299999999999379,0.20000000000000284,,none,0.23999999999993804,0.0,-0.010000000000000142,-0.0
R01_horizontal_empty,118,24.600000000000215,47.6500000000002,50.0,20.0,0.0,0.0,1.1999999999997806,0.0,0.0,0.5,0.0,-0.0,0.5,0.0,-0.0,1.2,0.0,-0.0,0.2299999999999521,0.20000000000000284,,none,0.23999999999995225,0.0,-0.010000000000000142,-0.0
R01_horizontal_empty,119,24.800000000000217,47.89000000000015,50.0,20.0,0.0,0.0,1.1999999999998292,0.0,0.0,0.5,0.0,-0.0,0.5,0.0,-0.0,1.2,0.0,-0.0,0.2299999999999521,0.20000000000000284,,none,0.23999999999995225,0.0,-0.010000000000000142,-0.0
R01_horizontal_empty,120,25.00000000000022,48.13000000000013,50.0,20.0,0.0,0.0,1.1999999999998672,0.0,0.0,0.5,0.0,-0.0,0.5,0.0,-0.0,1.2,0.0,-0.0,0.22999999999998053,0.20000000000000284,,none,0.23999999999998067,0.0,-0.010000000000000142,-0.0
R01_horizontal_empty,121,25.200000000000223,48.37000000000011,50.0,20.0,0.0,0.0,1.1999999999998965,0.0,0.0,0.5,0.0,-0.0,0.5,0.0,-0.0,1.2,0.0,-0.0,0.22999999999998053,0.20000000000000284,,none,0.23999999999998067,0.0,-0.010000000000000142,-0.0
R01_horizontal_empty,122,25.400000000000226,48.61000000000009,50.0,20.0,0.0,0.0,1.1999999999999194,0.0,0.0,0.5,0.0,-0.0,0.5,0.0,-0.0,1.2,0.0,-0.0,0.22999999999998053,0.20000000000000284,,none,0.23999999999998067,0.0,-0.010000000000000142,-0.0
R01_horizontal_empty,123,25.60000000000023,48.85000000000007,50.0,20.0,0.0,0.0,1.1999999999999371,0.0,0.0,0.5,0.0,-0.0,0.5,0.0,-0.0,1.2,0.0,-0.0,0.22999999999998053,0.20000000000000284,,none,0.23999999999998067,0.0,-0.010000000000000142,-0.0
R01_horizontal_empty,124,25.80000000000023,49.09000000000005,50.0,20.0,0.0,0.0,1.1999999999999509,0.0,0.0,0.5,0.0,-0.0,0.5,0.0,-0.0,1.2,0.0,-0.0,0.22999999999998053,0.20000000000000284,,none,0.23999999999998067,0.0,-0.010000000000000142,-0.0
R01_horizontal_empty,125,26.000000000000234,49.330000000000034,50.0,20.0,0.0,0.0,1.1999999999999618,0.0,0.0,0.5,0.0,-0.0,0.5,0.0,-0.0,1.2,0.0,-0.0,0.22999999999998053,0.20000000000000284,,none,0.23999999999998067,0.0,-0.010000000000000142,-0.0
R01_horizontal_empty,126,26.200000000000237,49.570000000000014,50.0,20.0,0.0,0.0,1.1999999999999702,0.0,0.0,0.5,0.0,-0.0,0.5,0.0,-0.0,1.2,0.0,-0.0,0.22999999999998053,0.20000000000000284,,none,0.23999999999998067,0.0,-0.010000000000000142,-0.0
R01_horizontal_empty,127,26.40000000000024,49.81000000000001,50.0,20.0,0.0,0.0,1.1999999999999769,0.0,0.0,0.5,0.0,-0.0,0.5,0.0,-0.0,1.2,0.0,-0.0,0.22999999999999474,0.20000000000000284,,none,0.23999999999999488,0.0,-0.010000000000000142,-0.0
R01_horizontal_empty,128,26.600000000000243,50.05000000000002,50.0,20.0,0.0,0.0,1.199999999999982,0.0,0.0,0.5,0.0,-0.0,0.5,0.0,-0.0,1.2,0.0,-0.0,0.23000000000000895,0.20000000000000284,,none,0.2400000000000091,0.0,-0.010000000000000142,-0.0
R01_horizontal_empty,129,26.800000000000246,50.29000000000003,50.0,20.0,0.0,0.0,1.199999999999986,0.0,0.0,0.5,0.0,-0.0,0.5,0.0,-0.0,1.2,0.0,-0.0,0.23000000000000895,0.20000000000000284,,none,0.2400000000000091,0.0,-0.010000000000000142,-0.0
R01_horizontal_empty,130,27.00000000000025,50.53000000000004,50.0,20.0,0.0,0.0,1.199999999999989,0.0,0.0,0.5,0.0,-0.0,0.5,0.0,-0.0,1.2,0.0,-0.0,0.23000000000000895,0.20000000000000284,,none,0.2400000000000091,0.0,-0.010000000000000142,-0.0
R01_horizontal_empty,131,27.20000000000025,50.770000000000046,50.0,20.0,0.0,0.0,1.1999999999999915,0.0,0.0,0.5,0.0,-0.0,0.5,0.0,-0.0,1.2,0.0,-0.0,0.23000000000000895,0.20000000000000284,,none,0.2400000000000091,0.0,-0.010000000000000142,-0.0
R01_horizontal_empty,132,27.400000000000254,51.010000000000055,50.0,20.0,0.0,0.0,1.1999999999999933,0.0,0.0,0.5,0.0,-0.0,0.5,0.0,-0.0,1.2,0.0,-0.0,0.23000000000000895,0.20000000000000284,,none,0.2400000000000091,0.0,-0.010000000000000142,-0.0
R01_horizontal_empty,133,27.600000000000257,51.250000000000064,50.0,20.0,0.0,0.0,1.1999999999999948,0.0,0.0,0.5,0.0,-0.0,0.5,0.0,-0.0,1.2,0.0,-0.0,0.23000000000000895,0.20000000000000284,,none,0.2400000000000091,0.0,-0.010000000000000142,-0.0
R01_horizontal_empty,134,27.80000000000026,51.49000000000007,50.0,20.0,0.0,0.0,1.1999999999999957,0.0,0.0,0.5,0.0,-0.0,0.5,0.0,-0.0,1.2,0.0,-0.0,0.23000000000000895,0.20000000000000284,,none,0.2400000000000091,0.0,-0.010000000000000142,-0.0
R01_horizontal_empty,135,28.000000000000263,51.73000000000008,50.0,20.0,0.0,0.0,1.1999999999999966,0.0,0.0,0.5,0.0,-0.0,0.5,0.0,-0.0,1.2,0.0,-0.0,0.23000000000000895,0.20000000000000284,,none,0.2400000000000091,0.0,-0.010000000000000142,-0.0
R01_horizontal_empty,136,28.200000000000266,51.97000000000009,50.0,20.0,0.0,0.0,1.1999999999999975,0.0,0.0,0.5,0.0,-0.0,0.5,0.0,-0.0,1.2,0.0,-0.0,0.23000000000000895,0.20000000000000284,,none,0.2400000000000091,0.0,-0.010000000000000142,-0.0
R01_horizontal_empty,137,28.40000000000027,52.2100000000001,50.0,20.0,0.0,0.0,1.1999999999999984,0.0,0.0,0.5,0.0,-0.0,0.5,0.0,-0.0,1.2,0.0,-0.0,0.23000000000000895,0.20000000000000284,,none,0.2400000000000091,0.0,-0.010000000000000142,-0.0
R01_horizontal_empty,138,28.60000000000027,52.45000000000011,50.0,20.0,0.0,0.0,1.1999999999999984,0.0,0.0,0.5,0.0,-0.0,0.5,0.0,-0.0,1.2,0.0,-0.0,0.23000000000000895,0.20000000000000284,,none,0.2400000000000091,0.0,-0.010000000000000142,-0.0
R01_horizontal_empty,139,28.800000000000274,52.69000000000012,50.0,20.0,0.0,0.0,1.1999999999999984,0.0,0.0,0.5,0.0,-0.0,0.5,0.0,-0.0,1.2,0.0,-0.0,0.23000000000000895,0.20000000000000284,,none,0.2400000000000091,0.0,-0.010000000000000142,-0.0
R01_horizontal_empty,140,29.000000000000277,52.93000000000013,50.0,20.0,0.0,0.0,1.1999999999999984,0.0,0.0,0.5,0.0,-0.0,0.5,0.0,-0.0,1.2,0.0,-0.0,0.23000000000000895,0.20000000000000284,,none,0.2400000000000091,0.0,-0.010000000000000142,-0.0
R01_horizontal_empty,141,29.20000000000028,53.17000000000014,50.0,20.0,0.0,0.0,1.1999999999999984,0.0,0.0,0.5,0.0,-0.0,0.5,0.0,-0.0,1.2,0.0,-0.0,0.23000000000000895,0.20000000000000284,,none,0.2400000000000091,0.0,-0.010000000000000142,-0.0
R01_horizontal_empty,142,29.400000000000283,53.410000000000146,50.0,20.0,0.0,0.0,1.1999999999999984,0.0,0.0,0.5,0.0,-0.0,0.5,0.0,-0.0,1.2,0.0,-0.0,0.23000000000000895,0.20000000000000284,,none,0.2400000000000091,0.0,-0.010000000000000142,-0.0
R01_horizontal_empty,143,29.600000000000286,53.650000000000155,50.0,20.0,0.0,0.0,1.1999999999999984,0.0,0.0,0.5,0.0,-0.0,0.5,0.0,-0.0,1.2,0.0,-0.0,0.23000000000000895,0.20000000000000284,,none,0.2400000000000091,0.0,-0.010000000000000142,-0.0
R01_horizontal_empty,144,29.80000000000029,53.890000000000164,50.0,20.0,0.0,0.0,1.1999999999999984,0.0,0.0,0.5,0.0,-0.0,0.5,0.0,-0.0,1.2,0.0,-0.0,0.23000000000000895,0.20000000000000284,,none,0.2400000000000091,0.0,-0.010000000000000142,-0.0
R01_horizontal_empty,145,30.00000000000029,54.13000000000017,50.0,20.0,0.0,0.0,1.1999999999999984,0.0,0.0,0.5,0.0,-0.0,0.5,0.0,-0.0,1.2,0.0,-0.0,0.23000000000000895,0.20000000000000284,,none,0.2400000000000091,0.0,-0.010000000000000142,-0.0
R01_horizontal_empty,146,30.200000000000294,54.37000000000018,50.0,20.0,0.0,0.0,1.1999999999999984,0.0,0.0,0.5,0.0,-0.0,0.5,0.0,-0.0,1.2,0.0,-0.0,0.23000000000000895,0.20000000000000284,,none,0.2400000000000091,0.0,-0.010000000000000142,-0.0
R01_horizontal_empty,147,30.400000000000297,54.61000000000019,50.0,20.0,0.0,0.0,1.1999999999999984,0.0,0.0,0.5,0.0,-0.0,0.5,0.0,-0.0,1.2,0.0,-0.0,0.23000000000000895,0.20000000000000284,,none,0.2400000000000091,0.0,-0.010000000000000142,-0.0
R01_horizontal_empty,148,30.6000000000003,54.8500000000002,50.0,20.0,0.0,0.0,1.1999999999999984,0.0,0.0,0.5,0.0,-0.0,0.5,0.0,-0.0,1.2,0.0,-0.0,0.23000000000000895,0.20000000000000284,,none,0.2400000000000091,0.0,-0.010000000000000142,-0.0
R01_horizontal_empty,149,30.800000000000303,55.09000000000021,50.0,20.0,0.0,0.0,1.1999999999999984,0.0,0.0,0.5,0.0,-0.0,0.5,0.0,-0.0,1.2,0.0,-0.0,0.23000000000000895,0.20000000000000284,,none,0.2400000000000091,0.0,-0.010000000000000142,-0.0
R01_horizontal_empty,150,31.000000000000306,55.33000000000022,50.0,20.0,0.0,0.0,1.1999999999999984,0.0,0.0,0.5,0.0,-0.0,0.5,0.0,-0.0,1.2,0.0,-0.0,0.23000000000000895,0.20000000000000284,,none,0.2400000000000091,0.0,-0.010000000000000142,-0.0
R01_horizontal_empty,151,31.20000000000031,55.57000000000023,50.0,20.0,0.0,0.0,1.1999999999999984,0.0,0.0,0.5,0.0,-0.0,0.5,0.0,-0.0,1.2,0.0,-0.0,0.23000000000000895,0.20000000000000284,,none,0.2400000000000091,0.0,-0.010000000000000142,-0.0
R01_horizontal_empty,152,31.40000000000031,55.81000000000024,50.0,20.0,0.0,0.0,1.1999999999999984,0.0,0.0,0.5,0.0,-0.0,0.5,0.0,-0.0,1.2,0.0,-0.0,0.23000000000000895,0.20000000000000284,,none,0.2400000000000091,0.0,-0.010000000000000142,-0.0
R01_horizontal_empty,153,31.600000000000314,56.050000000000246,50.0,20.0,0.0,0.0,1.1999999999999984,0.0,0.0,0.5,0.0,-0.0,0.5,0.0,-0.0,1.2,0.0,-0.0,0.23000000000000895,0.20000000000000284,,none,0.2400000000000091,0.0,-0.010000000000000142,-0.0
R01_horizontal_empty,154,31.800000000000317,56.290000000000255,50.0,20.0,0.0,0.0,1.1999999999999984,0.0,0.0,0.5,0.0,-0.0,0.5,0.0,-0.0,1.2,0.0,-0.0,0.23000000000000895,0.20000000000000284,,none,0.2400000000000091,0.0,-0.010000000000000142,-0.0
R01_horizontal_empty,155,32.00000000000032,56.530000000000264,50.0,20.0,0.0,0.0,1.1999999999999984,0.0,0.0,0.5,0.0,-0.0,0.5,0.0,-0.0,1.2,0.0,-0.0,0.23000000000000895,0.20000000000000284,,none,0.2400000000000091,0.0,-0.010000000000000142,-0.0
R01_horizontal_empty,156,32.20000000000031,56.77000000000027,50.0,20.0,0.0,0.0,1.1999999999999984,0.0,0.0,0.5,0.0,-0.0,0.5,0.0,-0.0,1.2,0.0,-0.0,0.23000000000000967,0.19999999999998863,,none,0.2400000000000091,0.0,-0.009999999999999431,-0.0
R01_horizontal_empty,157,32.4000000000003,57.01000000000028,50.0,20.0,0.0,0.0,1.1999999999999984,0.0,0.0,0.5,0.0,-0.0,0.5,0.0,-0.0,1.2,0.0,-0.0,0.23000000000000967,0.19999999999998863,,none,0.2400000000000091,0.0,-0.009999999999999431,-0.0
R01_horizontal_empty,158,32.600000000000286,57.25000000000029,50.0,20.0,0.0,0.0,1.1999999999999984,0.0,0.0,0.5,0.0,-0.0,0.5,0.0,-0.0,1.2,0.0,-0.0,0.23000000000000967,0.19999999999998863,,none,0.2400000000000091,0.0,-0.009999999999999431,-0.0
R01_horizontal_empty,159,32.800000000000274,57.4900000000003,50.0,20.0,0.0,0.0,1.1999999999999984,0.0,0.0,0.5,0.0,-0.0,0.5,0.0,-0.0,1.2,0.0,-0.0,0.23000000000000967,0.19999999999998863,,none,0.2400000000000091,0.0,-0.009999999999999431,-0.0
R01_horizontal_empty,160,33.00000000000026,57.73000000000031,50.0,20.0,0.0,0.0,1.1999999999999984,0.0,0.0,0.5,0.0,-0.0,0.5,0.0,-0.0,1.2,0.0,-0.0,0.23000000000000967,0.19999999999998863,,none,0.2400000000000091,0.0,-0.009999999999999431,-0.0
R01_horizontal_empty,161,33.20000000000025,57.97000000000032,50.0,20.0,0.0,0.0,1.1999999999999984,0.0,0.0,0.5,0.0,-0.0,0.5,0.0,-0.0,1.2,0.0,-0.0,0.23000000000000967,0.19999999999998863,,none,0.2400000000000091,0.0,-0.009999999999999431,-0.0
R01_horizontal_empty,162,33.40000000000024,58.21000000000033,50.0,20.0,0.0,0.0,1.1999999999999984,0.0,0.0,0.5,0.0,-0.0,0.5,0.0,-0.0,1.2,0.0,-0.0,0.23000000000000967,0.19999999999998863,,none,0.2400000000000091,0.0,-0.009999999999999431,-0.0
R01_horizontal_empty,163,33.60000000000023,58.45000000000034,50.0,20.0,0.0,0.0,1.1999999999999984,0.0,0.0,0.5,0.0,-0.0,0.5,0.0,-0.0,1.2,0.0,-0.0,0.23000000000000967,0.19999999999998863,,none,0.2400000000000091,0.0,-0.009999999999999431,-0.0
R01_horizontal_empty,164,33.80000000000022,58.690000000000346,50.0,20.0,0.0,0.0,1.1999999999999984,0.0,0.0,0.5,0.0,-0.0,0.5,0.0,-0.0,1.2,0.0,-0.0,0.23000000000000967,0.19999999999998863,,none,0.2400000000000091,0.0,-0.009999999999999431,-0.0
R01_horizontal_empty,165,34.000000000000206,58.930000000000355,50.0,20.0,0.0,0.0,1.1999999999999984,0.0,0.0,0.5,0.0,-0.0,0.5,0.0,-0.0,1.2,0.0,-0.0,0.23000000000000967,0.19999999999998863,,none,0.2400000000000091,0.0,-0.009999999999999431,-0.0
R01_horizontal_empty,166,34.200000000000195,59.170000000000364,50.0,20.0,0.0,0.0,1.1999999999999984,0.0,0.0,0.5,0.0,-0.0,0.5,0.0,-0.0,1.2,0.0,-0.0,0.23000000000000967,0.19999999999998863,,none,0.2400000000000091,0.0,-0.009999999999999431,-0.0
R01_horizontal_empty,167,34.40000000000018,59.41000000000037,50.0,20.0,0.0,0.0,1.1999999999999984,0.0,0.0,0.5,0.0,-0.0,0.5,0.0,-0.0,1.2,0.0,-0.0,0.23000000000000967,0.19999999999998863,,none,0.2400000000000091,0.0,-0.009999999999999431,-0.0
R01_horizontal_empty,168,34.60000000000017,59.65000000000038,50.0,20.0,0.0,0.0,1.1999999999999984,0.0,0.0,0.5,0.0,-0.0,0.5,0.0,-0.0,1.2,0.0,-0.0,0.23000000000000967,0.19999999999998863,,none,0.2400000000000091,0.0,-0.009999999999999431,-0.0
R01_horizontal_empty,169,34.80000000000016,59.89000000000039,50.0,20.0,0.0,0.0,1.1999999999999984,0.0,0.0,0.5,0.0,-0.0,0.5,0.0,-0.0,1.2,0.0,-0.0,0.23000000000000967,0.19999999999998863,,none,0.2400000000000091,0.0,-0.009999999999999431,-0.0
R01_horizontal_empty,170,35.00000000000015,60.1300000000004,50.0,20.0,0.0,0.0,1.1999999999999984,0.0,0.0,0.5,0.0,-0.0,0.5,0.0,-0.0,1.2,0.0,-0.0,0.23000000000000967,0.19999999999998863,,none,0.2400000000000091,0.0,-0.009999999999999431,-0.0
R01_horizontal_empty,171,35.20000000000014,60.37000000000041,50.0,20.0,0.0,0.0,1.1999999999999984,0.0,0.0,0.5,0.0,-0.0,0.5,0.0,-0.0,1.2,0.0,-0.0,0.23000000000000967,0.19999999999998863,,none,0.2400000000000091,0.0,-0.009999999999999431,-0.0
R01_horizontal_empty,172,35.40000000000013,60.61000000000042,50.0,20.0,0.0,0.0,1.1999999999999984,0.0,0.0,0.5,0.0,-0.0,0.5,0.0,-0.0,1.2,0.0,-0.0,0.23000000000000967,0.19999999999998863,,none,0.2400000000000091,0.0,-0.009999999999999431,-0.0
R01_horizontal_empty,173,35.600000000000115,60.85000000000043,50.0,20.0,0.0,0.0,1.1999999999999984,0.0,0.0,0.5,0.0,-0.0,0.5,0.0,-0.0,1.2,0.0,-0.0,0.23000000000000967,0.19999999999998863,,none,0.2400000000000091,0.0,-0.009999999999999431,-0.0
R01_horizontal_empty,174,35.800000000000104,61.09000000000044,50.0,20.0,0.0,0.0,1.1999999999999984,0.0,0.0,0.5,0.0,-0.0,0.5,0.0,-0.0,1.2,0.0,-0.0,0.23000000000000967,0.19999999999998863,,none,0.2400000000000091,0.0,-0.009999999999999431,-0.0
R01_horizontal_empty,175,36.00000000000009,61.330000000000446,50.0,20.0,0.0,0.0,1.1999999999999984,0.0,0.0,0.5,0.0,-0.0,0.5,0.0,-0.0,1.2,0.0,-0.0,0.23000000000000967,0.19999999999998863,,none,0.2400000000000091,0.0,-0.009999999999999431,-0.0
R01_horizontal_empty,176,36.20000000000008,61.570000000000455,50.0,20.0,0.0,0.0,1.1999999999999984,0.0,0.0,0.5,0.0,-0.0,0.5,0.0,-0.0,1.2,0.0,-0.0,0.23000000000000967,0.19999999999998863,,none,0.2400000000000091,0.0,-0.009999999999999431,-0.0
R01_horizontal_empty,177,36.40000000000007,61.810000000000464,50.0,20.0,0.0,0.0,1.1999999999999984,0.0,0.0,0.5,0.0,-0.0,0.5,0.0,-0.0,1.2,0.0,-0.0,0.23000000000000967,0.19999999999998863,,none,0.2400000000000091,0.0,-0.009999999999999431,-0.0
R01_horizontal_empty,178,36.60000000000006,62.05000000000047,50.0,20.0,0.0,0.0,1.1999999999999984,0.0,0.0,0.5,0.0,-0.0,0.5,0.0,-0.0,1.2,0.0,-0.0,0.23000000000000967,0.19999999999998863,,none,0.2400000000000091,0.0,-0.009999999999999431,-0.0
R01_horizontal_empty,179,36.80000000000005,62.29000000000048,50.0,20.0,0.0,0.0,1.1999999999999984,0.0,0.0,0.5,0.0,-0.0,0.5,0.0,-0.0,1.2,0.0,-0.0,0.23000000000000967,0.19999999999998863,,none,0.2400000000000091,0.0,-0.009999999999999431,-0.0
R01_horizontal_empty,180,37.000000000000036,62.53000000000049,50.0,20.0,0.0,0.0,1.1999999999999984,0.0,0.0,0.5,0.0,-0.0,0.5,0.0,-0.0,1.2,0.0,-0.0,0.23000000000000967,0.19999999999998863,,none,0.2400000000000091,0.0,-0.009999999999999431,-0.0
R01_horizontal_empty,181,37.200000000000024,62.7700000000005,50.0,20.0,0.0,0.0,1.1999999999999984,0.0,0.0,0.5,0.0,-0.0,0.5,0.0,-0.0,1.2,0.0,-0.0,0.23000000000000967,0.19999999999998863,,none,0.2400000000000091,0.0,-0.009999999999999431,-0.0
R01_horizontal_empty,182,37.40000000000001,63.01000000000051,50.0,20.0,0.0,0.0,1.1999999999999984,0.0,0.0,0.5,0.0,-0.0,0.5,0.0,-0.0,1.2,0.0,-0.0,0.23000000000000967,0.19999999999998863,,none,0.2400000000000091,0.0,-0.009999999999999431,-0.0
R01_horizontal_empty,183,37.6,63.25000000000052,50.0,20.0,0.0,0.0,1.1999999999999984,0.0,0.0,0.5,0.0,-0.0,0.5,0.0,-0.0,1.2,0.0,-0.0,0.23000000000000967,0.19999999999998863,,none,0.2400000000000091,0.0,-0.009999999999999431,-0.0
R01_horizontal_empty,184,37.79999999999999,63.49000000000053,50.0,20.0,0.0,0.0,1.1999999999999984,0.0,0.0,0.5,0.0,-0.0,0.5,0.0,-0.0,1.2,0.0,-0.0,0.23000000000000967,0.19999999999998863,,none,0.2400000000000091,0.0,-0.009999999999999431,-0.0
R01_horizontal_empty,185,37.99999999999998,63.73000000000054,50.0,20.0,0.0,0.0,1.1999999999999984,0.0,0.0,0.5,0.0,-0.0,0.5,0.0,-0.0,1.2,0.0,-0.0,0.23000000000000967,0.19999999999998863,,none,0.2400000000000091,0.0,-0.009999999999999431,-0.0
R01_horizontal_empty,186,38.19999999999997,63.970000000000546,50.0,20.0,0.0,0.0,1.1999999999999984,0.0,0.0,0.5,0.0,-0.0,0.5,0.0,-0.0,1.2,0.0,-0.0,0.23000000000000967,0.19999999999998863,,none,0.2400000000000091,0.0,-0.009999999999999431,-0.0
R01_horizontal_empty,187,38.399999999999956,64.21000000000055,50.0,20.0,0.0,0.0,1.1999999999999984,0.0,0.0,0.5,0.0,-0.0,0.5,0.0,-0.0,1.2,0.0,-0.0,0.23000000000000256,0.19999999999998863,,none,0.240000000000002,0.0,-0.009999999999999431,-0.0
R01_horizontal_empty,188,38.599999999999945,64.45000000000056,50.0,20.0,0.0,0.0,1.1999999999999984,0.0,0.0,0.5,0.0,-0.0,0.5,0.0,-0.0,1.2,0.0,-0.0,0.23000000000000967,0.19999999999998863,,none,0.2400000000000091,0.0,-0.009999999999999431,-0.0
R01_horizontal_empty,189,38.79999999999993,64.69000000000057,50.0,20.0,0.0,0.0,1.1999999999999984,0.0,0.0,0.5,0.0,-0.0,0.5,0.0,-0.0,1.2,0.0,-0.0,0.23000000000000967,0.19999999999998863,,none,0.2400000000000091,0.0,-0.009999999999999431,-0.0
R01_horizontal_empty,190,38.99999999999992,64.93000000000058,50.0,20.0,0.0,0.0,1.1999999999999984,0.0,0.0,0.5,0.0,-0.0,0.5,0.0,-0.0,1.2,0.0,-0.0,0.23000000000000967,0.19999999999998863,,none,0.2400000000000091,0.0,-0.009999999999999431,-0.0
R01_horizontal_empty,191,39.19999999999991,65.17000000000058,50.0,20.0,0.0,0.0,1.1999999999999984,0.0,0.0,0.5,0.0,-0.0,0.5,0.0,-0.0,1.2,0.0,-0.0,0.23000000000000967,0.19999999999998863,,none,0.2400000000000091,0.0,-0.009999999999999431,-0.0
R01_horizontal_empty,192,39.3999999999999,65.4100000000006,50.0,20.0,0.0,0.0,1.1999999999999984,0.0,0.0,0.5,0.0,-0.0,0.5,0.0,-0.0,1.2,0.0,-0.0,0.23000000000000967,0.19999999999998863,,none,0.2400000000000091,0.0,-0.009999999999999431,-0.0
R01_horizontal_empty,193,39.59999999999989,65.6500000000006,50.0,20.0,0.0,0.0,1.1999999999999984,0.0,0.0,0.5,0.0,-0.0,0.5,0.0,-0.0,1.2,0.0,-0.0,0.23000000000000967,0.19999999999998863,,none,0.2400000000000091,0.0,-0.009999999999999431,-0.0
R01_horizontal_empty,194,39.799999999999876,65.89000000000061,50.0,20.0,0.0,0.0,1.1999999999999984,0.0,0.0,0.5,0.0,-0.0,0.5,0.0,-0.0,1.2,0.0,-0.0,0.23000000000000967,0.19999999999998863,,none,0.2400000000000091,0.0,-0.009999999999999431,-0.0
R01_horizontal_empty,195,39.999999999999865,66.13000000000062,50.0,20.0,0.0,0.0,1.1999999999999984,0.0,0.0,0.5,0.0,-0.0,0.5,0.0,-0.0,1.2,0.0,-0.0,0.23000000000000967,0.19999999999998863,,none,0.2400000000000091,0.0,-0.009999999999999431,-0.0
R01_horizontal_empty,196,40.199999999999854,66.37000000000063,50.0,20.0,0.0,0.0,1.1999999999999984,0.0,0.0,0.5,0.0,-0.0,0.5,0.0,-0.0,1.2,0.0,-0.0,0.23000000000000967,0.19999999999998863,,none,0.2400000000000091,0.0,-0.009999999999999431,-0.0
R01_horizontal_empty,197,40.39999999999984,66.61000000000064,50.0,20.0,0.0,0.0,1.1999999999999984,0.0,0.0,0.5,0.0,-0.0,0.5,0.0,-0.0,1.2,0.0,-0.0,0.23000000000000967,0.19999999999998863,,none,0.2400000000000091,0.0,-0.009999999999999431,-0.0
R01_horizontal_empty,198,40.59999999999983,66.85000000000065,50.0,20.0,0.0,0.0,1.1999999999999984,0.0,0.0,0.5,0.0,-0.0,0.5,0.0,-0.0,1.2,0.0,-0.0,0.23000000000000967,0.19999999999998863,,none,0.2400000000000091,0.0,-0.009999999999999431,-0.0
R01_horizontal_empty,199,40.79999999999982,67.09000000000066,50.0,20.0,0.0,0.0,1.1999999999999984,0.0,0.0,0.5,0.0,-0.0,0.5,0.0,-0.0,1.2,0.0,-0.0,0.23000000000000967,0.19999999999998863,,none,0.2400000000000091,0.0,-0.009999999999999431,-0.0
R01_horizontal_empty,200,40.99999999999981,67.33000000000067,50.0,20.0,0.0,0.0,1.1999999999999984,0.0,0.0,0.5,0.0,-0.0,0.5,0.0,-0.0,1.2,0.0,-0.0,0.23000000000000967,0.19999999999998863,,none,0.2400000000000091,0.0,-0.009999999999999431,-0.0
R01_horizontal_empty,201,41.1999999999998,67.57000000000068,50.0,20.0,0.0,0.0,1.1999999999999984,0.0,0.0,0.5,0.0,-0.0,0.5,0.0,-0.0,1.2,0.0,-0.0,0.23000000000000967,0.19999999999998863,,none,0.2400000000000091,0.0,-0.009999999999999431,-0.0
R01_horizontal_empty,202,41.399999999999785,67.81000000000068,50.0,20.0,0.0,0.0,1.1999999999999984,0.0,0.0,0.5,0.0,-0.0,0.5,0.0,-0.0,1.2,0.0,-0.0,0.23000000000000967,0.19999999999998863,,none,0.2400000000000091,0.0,-0.009999999999999431,-0.0
R01_horizontal_empty,203,41.599999999999774,68.0500000000007,50.0,20.0,0.0,0.0,1.1999999999999984,0.0,0.0,0.5,0.0,-0.0,0.5,0.0,-0.0,1.2,0.0,-0.0,0.23000000000000967,0.19999999999998863,,none,0.2400000000000091,0.0,-0.009999999999999431,-0.0
R01_horizontal_empty,204,41.79999999999976,68.2900000000007,50.0,20.0,0.0,0.0,1.1999999999999984,0.0,0.0,0.5,0.0,-0.0,0.5,0.0,-0.0,1.2,0.0,-0.0,0.23000000000000967,0.19999999999998863,,none,0.2400000000000091,0.0,-0.009999999999999431,-0.0
R01_horizontal_empty,205,41.99999999999975,68.53000000000071,50.0,20.0,0.0,0.0,1.1999999999999984,0.0,0.0,0.5,0.0,-0.0,0.5,0.0,-0.0,1.2,0.0,-0.0,0.23000000000000967,0.19999999999998863,,none,0.2400000000000091,0.0,-0.009999999999999431,-0.0
R01_horizontal_empty,206,42.19999999999974,68.77000000000072,50.0,20.0,0.0,0.0,1.1999999999999984,0.0,0.0,0.5,0.0,-0.0,0.5,0.0,-0.0,1.2,0.0,-0.0,0.23000000000000967,0.19999999999998863,,none,0.2400000000000091,0.0,-0.009999999999999431,-0.0
R01_horizontal_empty,207,42.39999999999973,69.01000000000073,50.0,20.0,0.0,0.0,1.1999999999999984,0.0,0.0,0.5,0.0,-0.0,0.5,0.0,-0.0,1.2,0.0,-0.0,0.23000000000000967,0.19999999999998863,,none,0.2400000000000091,0.0,-0.009999999999999431,-0.0
R01_horizontal_empty,208,42.59999999999972,69.25000000000074,50.0,20.0,0.0,0.0,1.1999999999999984,0.0,0.0,0.5,0.0,-0.0,0.5,0.0,-0.0,1.2,0.0,-0.0,0.23000000000000967,0.19999999999998863,,none,0.2400000000000091,0.0,-0.009999999999999431,-0.0
R01_horizontal_empty,209,42.799999999999706,69.49000000000075,50.0,20.0,0.0,0.0,1.1999999999999984,0.0,0.0,0.5,0.0,-0.0,0.5,0.0,-0.0,1.2,0.0,-0.0,0.23000000000000967,0.19999999999998863,,none,0.2400000000000091,0.0,-0.009999999999999431,-0.0
R01_horizontal_empty,210,42.999999999999694,69.73000000000076,50.0,20.0,0.0,0.0,1.1999999999999984,0.0,0.0,0.5,0.0,-0.0,0.5,0.0,-0.0,1.2,0.0,-0.0,0.23000000000000967,0.19999999999998863,,none,0.2400000000000091,0.0,-0.009999999999999431,-0.0
R01_horizontal_empty,211,43.19999999999968,69.97000000000077,50.0,20.0,0.0,0.0,1.1999999999999984,0.0,0.0,0.5,0.0,-0.0,0.5,0.0,-0.0,1.2,0.0,-0.0,0.23000000000000967,0.19999999999998863,,none,0.2400000000000091,0.0,-0.009999999999999431,-0.0
R01_horizontal_empty,212,43.39999999999967,70.21000000000078,50.0,20.0,0.0,0.0,1.1999999999999984,0.0,0.0,0.5,0.0,-0.0,0.5,0.0,-0.0,1.2,0.0,-0.0,0.23000000000000967,0.19999999999998863,,none,0.2400000000000091,0.0,-0.009999999999999431,-0.0
R01_horizontal_empty,213,43.59999999999966,70.45000000000078,50.0,20.0,0.0,0.0,1.1999999999999984,0.0,0.0,0.5,0.0,-0.0,0.5,0.0,-0.0,1.2,0.0,-0.0,0.23000000000000967,0.19999999999998863,,none,0.2400000000000091,0.0,-0.009999999999999431,-0.0
R01_horizontal_empty,214,43.79999999999965,70.6900000000008,50.0,20.0,0.0,0.0,1.1999999999999984,0.0,0.0,0.5,0.0,-0.0,0.5,0.0,-0.0,1.2,0.0,-0.0,0.23000000000000967,0.19999999999998863,,none,0.2400000000000091,0.0,-0.009999999999999431,-0.0
R01_horizontal_empty,215,43.99999999999964,70.9300000000008,50.0,20.0,0.0,0.0,1.1999999999999984,0.0,0.0,0.5,0.0,-0.0,0.5,0.0,-0.0,1.2,0.0,-0.0,0.23000000000000967,0.19999999999998863,,none,0.2400000000000091,0.0,-0.009999999999999431,-0.0
R01_horizontal_empty,216,44.199999999999626,71.17000000000081,50.0,20.0,0.0,0.0,1.1999999999999984,0.0,0.0,0.5,0.0,-0.0,0.5,0.0,-0.0,1.2,0.0,-0.0,0.23000000000000967,0.19999999999998863,,none,0.2400000000000091,0.0,-0.009999999999999431,-0.0
R01_horizontal_empty,217,44.399999999999615,71.41000000000082,50.0,20.0,0.0,0.0,1.1999999999999984,0.0,0.0,0.5,0.0,-0.0,0.5,0.0,-0.0,1.2,0.0,-0.0,0.23000000000000967,0.19999999999998863,,none,0.2400000000000091,0.0,-0.009999999999999431,-0.0
R01_horizontal_empty,218,44.5999999999996,71.65000000000083,50.0,20.0,0.0,0.0,1.1999999999999984,0.0,0.0,0.5,0.0,-0.0,0.5,0.0,-0.0,1.2,0.0,-0.0,0.23000000000000967,0.19999999999998863,,none,0.2400000000000091,0.0,-0.009999999999999431,-0.0
R01_horizontal_empty,219,44.79999999999959,71.89000000000084,50.0,20.0,0.0,0.0,1.1999999999999984,0.0,0.0,0.5,0.0,-0.0,0.5,0.0,-0.0,1.2,0.0,-0.0,0.23000000000000967,0.19999999999998863,,none,0.2400000000000091,0.0,-0.009999999999999431,-0.0
R01_horizontal_empty,220,44.99999999999958,72.13000000000085,50.0,20.0,0.0,0.0,1.1999999999999984,0.0,0.0,0.5,0.0,-0.0,0.5,0.0,-0.0,1.2,0.0,-0.0,0.23000000000000967,0.19999999999998863,,none,0.2400000000000091,0.0,-0.009999999999999431,-0.0
R01_horizontal_empty,221,45.19999999999957,72.37000000000086,50.0,20.0,0.0,0.0,1.1999999999999984,0.0,0.0,0.5,0.0,-0.0,0.5,0.0,-0.0,1.2,0.0,-0.0,0.23000000000000967,0.19999999999998863,,none,0.2400000000000091,0.0,-0.009999999999999431,-0.0
R01_horizontal_empty,222,45.39999999999956,72.61000000000087,50.0,20.0,0.0,0.0,1.1999999999999984,0.0,0.0,0.5,0.0,-0.0,0.5,0.0,-0.0,1.2,0.0,-0.0,0.23000000000000967,0.19999999999998863,,none,0.2400000000000091,0.0,-0.009999999999999431,-0.0
R01_horizontal_empty,223,45.59999999999955,72.85000000000088,50.0,20.0,0.0,0.0,1.1999999999999984,0.0,0.0,0.5,0.0,-0.0,0.5,0.0,-0.0,1.2,0.0,-0.0,0.23000000000000967,0.19999999999998863,,none,0.2400000000000091,0.0,-0.009999999999999431,-0.0
R01_horizontal_empty,224,45.799999999999535,73.09000000000088,50.0,20.0,0.0,0.0,1.1999999999999984,0.0,0.0,0.5,0.0,-0.0,0.5,0.0,-0.0,1.2,0.0,-0.0,0.23000000000000967,0.19999999999998863,,none,0.2400000000000091,0.0,-0.009999999999999431,-0.0
R01_horizontal_empty,225,45.999999999999524,73.3300000000009,50.0,20.0,0.0,0.0,1.1999999999999984,0.0,0.0,0.5,0.0,-0.0,0.5,0.0,-0.0,1.2,0.0,-0.0,0.23000000000000967,0.19999999999998863,,none,0.2400000000000091,0.0,-0.009999999999999431,-0.0
R01_horizontal_empty,226,46.19999999999951,73.5700000000009,50.0,20.0,0.0,0.0,1.1999999999999984,0.0,0.0,0.5,0.0,-0.0,0.5,0.0,-0.0,1.2,0.0,-0.0,0.23000000000000967,0.19999999999998863,,none,0.2400000000000091,0.0,-0.009999999999999431,-0.0
R01_horizontal_empty,227,46.3999999999995,73.81000000000091,50.0,20.0,0.0,0.0,1.1999999999999984,0.0,0.0,0.5,0.0,-0.0,0.5,0.0,-0.0,1.2,0.0,-0.0,0.23000000000000967,0.19999999999998863,,none,0.2400000000000091,0.0,-0.009999999999999431,-0.0
R01_horizontal_empty,228,46.59999999999949,74.05000000000092,50.0,20.0,0.0,0.0,1.1999999999999984,0.0,0.0,0.5,0.0,-0.0,0.5,0.0,-0.0,1.2,0.0,-0.0,0.23000000000000967,0.19999999999998863,,none,0.2400000000000091,0.0,-0.009999999999999431,-0.0
R01_horizontal_empty,229,46.79999999999948,74.29000000000093,50.0,20.0,0.0,0.0,1.1999999999999984,0.0,0.0,0.5,0.0,-0.0,0.5,0.0,-0.0,1.2,0.0,-0.0,0.23000000000000967,0.19999999999998863,,none,0.2400000000000091,0.0,-0.009999999999999431,-0.0
R01_horizontal_empty,230,46.99999999999947,74.53000000000094,50.0,20.0,0.0,0.0,1.1999999999999984,0.0,0.0,0.5,0.0,-0.0,0.5,0.0,-0.0,1.2,0.0,-0.0,0.23000000000000967,0.19999999999998863,,none,0.2400000000000091,0.0,-0.009999999999999431,-0.0
R01_horizontal_empty,231,47.199999999999456,74.77000000000095,50.0,20.0,0.0,0.0,1.1999999999999984,0.0,0.0,0.5,0.0,-0.0,0.5,0.0,-0.0,1.2,0.0,-0.0,0.23000000000000967,0.19999999999998863,,none,0.2400000000000091,0.0,-0.009999999999999431,-0.0
R01_horizontal_empty,232,47.399999999999444,75.01000000000096,50.0,20.0,0.0,0.0,1.1999999999999984,0.0,0.0,0.5,0.0,-0.0,0.5,0.0,-0.0,1.2,0.0,-0.0,0.23000000000000967,0.19999999999998863,,none,0.2400000000000091,0.0,-0.009999999999999431,-0.0
R01_horizontal_empty,233,47.59999999999943,75.25000000000097,50.0,20.0,0.0,0.0,1.1999999999999984,0.0,0.0,0.5,0.0,-0.0,0.5,0.0,-0.0,1.2,0.0,-0.0,0.23000000000000967,0.19999999999998863,,none,0.2400000000000091,0.0,-0.009999999999999431,-0.0
R01_horizontal_empty,234,47.79999999999942,75.49000000000098,50.0,20.0,0.0,0.0,1.1999999999999984,0.0,0.0,0.5,0.0,-0.0,0.5,0.0,-0.0,1.2,0.0,-0.0,0.23000000000000967,0.19999999999998863,,none,0.2400000000000091,0.0,-0.009999999999999431,-0.0
R01_horizontal_empty,235,47.99999999999941,75.73000000000098,50.0,20.0,0.0,0.0,1.1999999999999984,0.0,0.0,0.5,0.0,-0.0,0.5,0.0,-0.0,1.2,0.0,-0.0,0.23000000000000967,0.19999999999998863,,none,0.2400000000000091,0.0,-0.009999999999999431,-0.0
R01_horizontal_empty,236,48.1999999999994,75.970000000001,50.0,20.0,0.0,0.0,1.1999999999999984,0.0,0.0,0.5,0.0,-0.0,0.5,0.0,-0.0,1.2,0.0,-0.0,0.23000000000000967,0.19999999999998863,,none,0.2400000000000091,0.0,-0.009999999999999431,-0.0
R01_horizontal_empty,237,48.39999999999939,76.210000000001,50.0,20.0,0.0,0.0,1.1999999999999984,0.0,0.0,0.5,0.0,-0.0,0.5,0.0,-0.0,1.2,0.0,-0.0,0.23000000000000967,0.19999999999998863,,none,0.2400000000000091,0.0,-0.009999999999999431,-0.0
R01_horizontal_empty,238,48.599999999999376,76.45000000000101,50.0,20.0,0.0,0.0,1.1999999999999984,0.0,0.0,0.5,0.0,-0.0,0.5,0.0,-0.0,1.2,0.0,-0.0,0.23000000000000967,0.19999999999998863,,none,0.2400000000000091,0.0,-0.009999999999999431,-0.0
R01_horizontal_empty,239,48.799999999999365,76.69000000000102,50.0,20.0,0.0,0.0,1.1999999999999984,0.0,0.0,0.5,0.0,-0.0,0.5,0.0,-0.0,1.2,0.0,-0.0,0.23000000000000967,0.19999999999998863,,none,0.2400000000000091,0.0,-0.009999999999999431,-0.0
R01_horizontal_empty,240,48.99999999999935,76.93000000000103,50.0,20.0,0.0,0.0,1.1999999999999984,0.0,0.0,0.5,0.0,-0.0,0.5,0.0,-0.0,1.2,0.0,-0.0,0.23000000000000967,0.19999999999998863,,none,0.2400000000000091,0.0,-0.009999999999999431,-0.0
R01_horizontal_empty,241,49.19999999999934,77.17000000000104,50.0,20.0,0.0,0.0,1.1999999999999984,0.0,0.0,0.5,0.0,-0.0,0.5,0.0,-0.0,1.2,0.0,-0.0,0.23000000000000967,0.19999999999998863,,none,0.2400000000000091,0.0,-0.009999999999999431,-0.0
R01_horizontal_empty,242,49.39999999999933,77.41000000000105,50.0,20.0,0.0,0.0,1.1999999999999984,0.0,0.0,0.5,0.0,-0.0,0.5,0.0,-0.0,1.2,0.0,-0.0,0.23000000000000967,0.19999999999998863,,none,0.2400000000000091,0.0,-0.009999999999999431,-0.0
R01_horizontal_empty,243,49.59999999999932,77.65000000000106,50.0,20.0,0.0,0.0,1.1999999999999984,0.0,0.0,0.5,0.0,-0.0,0.5,0.0,-0.0,1.2,0.0,-0.0,0.23000000000000967,0.19999999999998863,,none,0.2400000000000091,0.0,-0.009999999999999431,-0.0
R01_horizontal_empty,244,49.79999999999931,77.89000000000107,50.0,20.0,0.0,0.0,1.1999999999999984,0.0,0.0,0.5,0.0,-0.0,0.5,0.0,-0.0,1.2,0.0,-0.0,0.23000000000000967,0.19999999999998863,,none,0.2400000000000091,0.0,-0.009999999999999431,-0.0
R01_horizontal_empty,245,49.89166666666508,78.0,50.0,20.0,0.0,0.0,1.1999999999999984,0.0,0.0,0.5,0.0,-0.0,0.5,0.0,-0.0,1.2,0.0,-0.0,100.10541666666565,0.09166666666577328,,goal_success,0.10999999999893362,100.0,-0.004583333333288664,-0.0
R02_deeper_empty,0,1.0,20.289870481880357,50.0,12.07729879516809,0.0,-0.260602391747341,0.3,0.0,0.0,,,,,,,,,,,,,,,,,
R02_deeper_empty,1,1.2000000000000002,20.357506927652445,50.0,12.095335180707314,0.0,-0.260602391747341,0.4000000000000001,0.0,-1.8274162703890707e-17,0.5,0.0,-2.220446049250313e-16,0.5,0.0,-2.220446049250313e-16,1.2,0.0,-5.551115123125783e-17,0.015000000000000277,0.20000000000000018,,none,0.07000000000000028,0.0,-0.010000000000000009,-0.045
R02_deeper_empty,2,1.4000000000000004,20.444468072216555,50.0,12.118524819257743,0.0,-0.260602391747341,0.5000000000000001,0.0,-3.053250669169922e-17,0.5,0.0,-2.220446049250313e-16,0.5,0.0,-2.220446049250313e-16,1.2,0.0,-5.551115123125783e-17,0.0799999999999963,0.20000000000000018,,none,0.0899999999999963,0.0,-0.010000000000000009,-0.0
R02_deeper_empty,3,1.6000000000000005,20.55075391557269,50.0,12.146867710819379,0.0,-0.260602391747341,0.6000000000000002,0.0,-3.875542775015341e-17,0.5,0.0,-2.220446049250313e-16,0.5,0.0,-2.220446049250313e-16,1.2,0.0,-5.551115123125783e-17,0.09999999999999942,0.20000000000000018,,none,0.10999999999999943,0.0,-0.010000000000000009,-0.0
R02_deeper_empty,4,1.8000000000000007,20.67636445772085,50.0,12.180363855392223,0.0,-0.260602391747341,0.7000000000000003,0.0,-4.427137923599987e-17,0.5,0.0,-2.220446049250313e-16,0.5,0.0,-2.220446049250313e-16,1.2,0.0,-5.551115123125783e-17,0.11999999999999544,0.20000000000000018,,none,0.12999999999999545,0.0,-0.010000000000000009,-0.0
R02_deeper_empty,5,2.000000000000001,20.82129969866104,50.0,12.219013252976273,0.0,-0.260602391747341,0.8000000000000004,0.0,-4.7971490252258535e-17,0.5,0.0,-2.220446049250313e-16,0.5,0.0,-2.220446049250313e-16,1.2,0.0,-5.551115123125783e-17,0.13999999999999857,0.20000000000000018,,none,0.14999999999999858,0.0,-0.010000000000000009,-0.0
R02_deeper_empty,6,2.2,20.98484343180104,50.0,12.262624915146938,0.0,-0.260602391747341,0.888426543021342,0.0,-3.21793692356032e-17,0.5,0.0,0.0,0.5,0.0,0.0,1.2,0.0,0.0,0.15925876558293145,0.1999999999999993,,none,0.1692587655829314,0.0,-0.009999999999999966,-9.860761315262648e-34
R02_deeper_empty,7,2.3999999999999995,21.16349763682832,50.0,12.310266036487548,0.0,-0.260602391747341,0.9573049522659207,0.0,-3.986014635701545e-17,0.5,0.0,-2.220446049250313e-16,0.5,0.0,-2.220446049250313e-16,1.2,0.0,-5.551115123125783e-17,0.17489727260433857,0.1999999999999993,,none,0.18489727260433853,0.0,-0.009999999999999966,-9.860761315262648e-34
R02_deeper_empty,8,2.5999999999999988,21.35392189676186,50.0,12.361045839136493,0.0,-0.260602391747341,1.010956662464731,0.0,-4.501242663237466e-17,0.5,0.0,-2.220446049250313e-16,0.5,0.0,-2.220446049250313e-16,1.2,0.0,-5.551115123125783e-17,0.18707863184094525,0.1999999999999993,,none,0.1970786318409452,0.0,-0.009999999999999966,-0.0
R02_deeper_empty,9,2.799999999999998,21.553514248435324,50.0,12.414270466249416,0.0,-0.260602391747341,1.0527477845133824,0.0,-4.8468586291252326e-17,0.5,0.0,-2.220446049250313e-16,0.5,0.0,-2.220446049250313e-16,1.2,0.0,-5.551115123125783e-17,0.1965671023610776,0.1999999999999993,,none,0.20656710236107756,0.0,-0.009999999999999966,-0.0
R02_deeper_empty,10,2.9999999999999973,21.76024793520205,50.0,12.46939944938721,0.0,-0.260602391747341,1.0853002954326707,0.0,-3.2512822228208194e-17,0.5,0.0,0.0,0.5,0.0,0.0,1.2,0.0,0.0,0.20395799126457154,0.1999999999999993,,none,0.2139579912645715,0.0,-0.009999999999999966,-9.860761315262648e-34
R02_deeper_empty,11,3.1999999999999966,21.9725442481249,50.0,12.52601179949997,0.0,-0.260602391747341,1.1106565413338159,0.0,-2.1809664571005917e-17,0.5,0.0,0.0,0.5,0.0,0.0,1.2,0.0,0.0,0.2097150032790916,0.1999999999999993,,none,0.21971500327909155,0.0,-0.009999999999999966,-0.0
R02_deeper_empty,12,3.399999999999996,22.189173477701118,50.0,12.58377959405363,0.0,-0.260602391747341,1.130407374312368,0.0,-3.290412824059843e-17,0.5,0.0,-2.220446049250313e-16,0.5,0.0,-2.220446049250313e-16,1.2,0.0,-5.551115123125783e-17,0.21419933361715043,0.1999999999999993,,none,0.2241993336171504,0.0,-0.009999999999999966,-9.860761315262648e-34
R02_deeper_empty,13,3.599999999999995,22.409177761828552,50.0,12.64244740315428,0.0,-0.260602391747341,1.1457919625857067,0.0,-2.2072153407408575e-17,0.5,0.0,0.0,0.5,0.0,0.0,1.2,0.0,0.0,0.21769232938133404,0.1999999999999993,,none,0.227692329381334,0.0,-0.009999999999999966,-9.860761315262648e-34
R02_deeper_empty,14,3.7999999999999945,22.631810989491026,50.0,12.701816263864275,0.0,-0.260602391747341,1.1577755359670006,0.0,-1.4806043560183914e-17,0.5,0.0,0.0,0.5,0.0,0.0,1.2,0.0,0.0,0.2204131412949673,0.1999999999999993,,none,0.23041314129496726,0.0,-0.009999999999999966,-0.0
R02_deeper_empty,15,3.999999999999994,22.856491989717032,50.0,12.761731197257879,0.0,-0.260602391747341,1.1671099444304183,0.0,8.342239802680617e-18,0.5,0.0,2.220446049250313e-16,0.5,0.0,2.220446049250313e-16,1.2,0.0,5.551115123125783e-17,0.2225324732292629,0.1999999999999993,,none,0.23253247322926285,0.0,-0.009999999999999966,-9.860761315262648e-34
R02_deeper_empty,16,4.199999999999993,23.082768068884853,50.0,12.822071485035966,0.0,-0.260602391747341,1.1743808292149132,0.0,4.2144316140001086e-17,0.5,0.0,4.440892098500626e-16,0.5,0.0,4.440892098500626e-16,1.2,0.0,1.1102230246251565e-16,0.22418329217240346,0.1999999999999993,,none,0.2341832921724034,0.0,-0.009999999999999966,-9.860761315262648e-34
R02_deeper_empty,17,4.399999999999992,23.310286608702818,50.0,12.88274309565409,0.0,-0.260602391747341,1.1800443659839095,0.0,6.481881488225082e-17,0.5,0.0,4.440892098500626e-16,0.5,0.0,4.440892098500626e-16,1.2,0.0,1.1102230246251565e-16,0.22546917058479982,0.1999999999999993,,none,0.23546917058479977,0.0,-0.009999999999999966,-0.0
R02_deeper_empty,18,4.599999999999992,23.538772942920588,50.0,12.94367278477883,0.0,-0.260602391747341,1.1844558853085145,0.0,8.002891286799605e-17,0.5,0.0,4.440892098500626e-16,0.5,0.0,4.440892098500626e-16,1.2,0.0,1.1102230246251565e-16,0.22647078454031605,0.1999999999999993,,none,0.236470784540316,0.0,-0.009999999999999966,-0.0
R02_deeper_empty,19,4.799999999999991,23.76801312475534,50.0,13.004803499934763,0.0,-0.260602391747341,1.1878921661247526,0.0,9.023187626603133e-17,0.5,0.0,4.440892098500626e-16,0.5,0.0,4.440892098500626e-16,1.2,0.0,1.1102230246251565e-16,0.22725097534700983,0.1999999999999993,,none,0.23725097534700978,0.0,-0.009999999999999966,-0.0
R02_deeper_empty,20,4.99999999999999,23.99784050386024,50.0,13.066090801029404,0.0,-0.260602391747341,1.1905688008574147,0.0,9.707604401558887e-17,0.5,0.0,4.440892098500626e-16,0.5,0.0,4.440892098500626e-16,1.2,0.0,1.1102230246251565e-16,0.2278586922138695,0.1999999999999993,,none,0.23785869221386946,0.0,-0.009999999999999966,-0.0
R02_deeper_empty,21,5.1999999999999895,24.228125270673612,50.0,13.127500072179636,0.0,-0.260602391747341,1.1926537216992266,0.0,1.0166712509239678e-16,0.5,0.0,4.440892098500626e-16,0.5,0.0,4.440892098500626e-16,1.2,0.0,1.1102230246251565e-16,0.2283320633265527,0.1999999999999993,,none,0.23833206332655266,0.0,-0.009999999999999966,-0.0
R02_deeper_empty,22,5.399999999999989,24.45876631216075,50.0,13.18900434990954,0.0,-0.260602391747341,1.194277736684752,0.0,1.0474683123419705e-16,0.5,0.0,4.440892098500626e-16,0.5,0.0,4.440892098500626e-16,1.2,0.0,1.1102230246251565e-16,0.2287007880115775,0.1999999999999993,,none,0.23870078801157746,0.0,-0.009999999999999966,-0.0
R02_deeper_empty,23,5.599999999999988,24.689684867977242,50.0,13.250582631460603,0.0,-0.260602391747341,1.1955427365928148,0.0,1.2508686682535918e-16,0.5,0.0,6.661338147750939e-16,0.5,0.0,6.661338147750939e-16,1.2,0.0,1.6653345369377348e-16,0.22898800007355452,0.1999999999999993,,none,0.23898800007355447,0.0,-0.009999999999999966,-9.860761315262648e-34
R02_deeper_empty,24,5.799999999999987,24.920819589041123,50.0,13.312218557077637,0.0,-0.260602391747341,1.1965280875788973,0.0,1.2045683967180193e-16,0.5,0.0,4.440892098500626e-16,0.5,0.0,4.440892098500626e-16,1.2,0.0,1.1102230246251565e-16,0.2292117192111343,0.1999999999999993,,none,0.23921171921113427,0.0,-0.009999999999999966,-9.860761315262648e-34
R02_deeper_empty,25,5.999999999999987,25.152122688488525,50.0,13.373899383596944,0.0,-0.260602391747341,1.1972956106115746,0.0,1.1735100842574902e-16,0.5,0.0,4.440892098500626e-16,0.5,0.0,4.440892098500626e-16,1.2,0.0,1.1102230246251565e-16,0.22938598157385376,0.1999999999999993,,none,0.2393859815738537,0.0,-0.009999999999999966,-0.0
R02_deeper_empty,26,6.199999999999986,25.383556943523512,50.0,13.435615184939609,0.0,-0.260602391747341,1.1978934601230797,0.0,1.1526761076758465e-16,0.5,0.0,4.440892098500626e-16,0.5,0.0,4.440892098500626e-16,1.2,0.0,1.1102230246251565e-16,0.2295217203908047,0.1999999999999993,,none,0.23952172039080466,0.0,-0.009999999999999966,-0.0
R02_deeper_empty,27,6.399999999999985,25.615093360058065,50.0,13.497358229348823,0.0,-0.260602391747341,1.1983591452207114,0.0,1.1387006355456045e-16,0.5,0.0,4.440892098500626e-16,0.5,0.0,4.440892098500626e-16,1.2,0.0,1.1102230246251565e-16,0.22962745192189066,0.1999999999999993,,none,0.2396274519218906,0.0,-0.009999999999999966,-0.0
R02_deeper_empty,28,6.5999999999999845,25.846709353621595,50.0,13.559122494299096,0.0,-0.260602391747341,1.1987218830100428,0.0,1.129325861579733e-16,0.5,0.0,4.440892098500626e-16,0.5,0.0,4.440892098500626e-16,1.2,0.0,1.1102230246251565e-16,0.22970980976853445,0.1999999999999993,,none,0.2397098097685344,0.0,-0.009999999999999966,-0.0
R02_deeper_empty,29,6.799999999999984,26.078387332410156,50.0,13.620903288642713,0.0,-0.260602391747341,1.1990044316775397,0.0,1.123037244916758e-16,0.5,0.0,4.440892098500626e-16,0.5,0.0,4.440892098500626e-16,1.2,0.0,1.1102230246251565e-16,0.22977396106601394,0.1999999999999993,,none,0.2397739610660139,0.0,-0.009999999999999966,-0.0
R02_deeper_empty,30,6.999999999999983,26.310113593575828,50.0,13.682696958286895,0.0,-0.260602391747341,1.1992245183402814,0.0,1.1188188285925013e-16,0.5,0.0,4.440892098500626e-16,0.5,0.0,4.440892098500626e-16,1.2,0.0,1.1102230246251565e-16,0.22982393066980028,0.1999999999999993,,none,0.23982393066980023,0.0,-0.009999999999999966,-0.0
R02_deeper_empty,31,7.199999999999982,26.54187746350937,50.0,13.74450065693584,0.0,-0.260602391747341,1.199395951246145,0.0,1.2987307337325486e-16,0.5,0.0,6.661338147750939e-16,0.5,0.0,6.661338147750939e-16,1.2,0.0,1.6653345369377348e-16,0.22986285367529807,0.1999999999999993,,none,0.23986285367529803,0.0,-0.009999999999999966,-9.860761315262648e-34
R02_deeper_empty,32,7.399999999999982,26.77367062817746,50.0,13.806312167513997,0.0,-0.260602391747341,1.1995294861039445,0.0,1.4194159906411522e-16,0.5,0.0,6.661338147750939e-16,0.5,0.0,6.661338147750939e-16,1.2,0.0,1.6653345369377348e-16,0.2298931721137601,0.1999999999999993,,none,0.23989317211376004,0.0,-0.009999999999999966,-0.0
R02_deeper_empty,33,7.599999999999981,27.005486611499837,50.0,13.868129763066632,0.0,-0.260602391747341,1.1996335008971237,0.0,1.5003718963871226e-16,0.5,0.0,6.661338147750939e-16,0.5,0.0,6.661338147750939e-16,1.2,0.0,1.6653345369377348e-16,0.22991678816545918,0.1999999999999993,,none,0.23991678816545914,0.0,-0.009999999999999966,-0.0
R02_deeper_empty,34,7.79999999999998,27.237320369039704,50.0,13.929952098410595,0.0,-0.260602391747341,1.1997145215188432,0.0,1.7374189029150407e-16,0.5,0.0,8.881784197001252e-16,0.5,0.0,8.881784197001252e-16,1.2,0.0,2.220446049250313e-16,0.22993518350263092,0.1999999999999993,,none,0.23993518350263088,0.0,-0.009999999999999966,-9.860761315262648e-34
R02_deeper_empty,35,7.99999999999998,27.469167971515553,50.0,13.991778125737488,0.0,-0.260602391747341,1.1997776312068325,0.0,1.7136888702448778e-16,0.5,0.0,6.661338147750939e-16,0.5,0.0,6.661338147750939e-16,1.2,0.0,1.6653345369377348e-16,0.22994951224960208,0.1999999999999993,,none,0.23994951224960204,0.0,-0.009999999999999966,-9.860761315262648e-34
R02_deeper_empty,36,8.199999999999982,27.701026358277815,50.0,14.05360702887409,0.0,-0.260602391747341,1.1998267894659715,0.0,1.6977707180413377e-16,0.5,0.0,6.661338147750939e-16,0.5,0.0,6.661338147750939e-16,1.2,0.0,1.6653345369377348e-16,0.22996067339268725,0.20000000000000195,,none,0.23996067339268734,0.0,-0.010000000000000097,-0.0
R02_deeper_empty,37,8.399999999999984,27.932893145283572,50.0,14.115438172075624,0.0,-0.260602391747341,1.199865080487819,0.0,1.5043511634539503e-16,0.5,0.0,4.440892098500626e-16,0.5,0.0,4.440892098500626e-16,1.2,0.0,1.1102230246251565e-16,0.22996936718253166,0.20000000000000284,,none,0.2399693671825318,0.0,-0.010000000000000142,-9.860761315262648e-34
R02_deeper_empty,38,8.599999999999987,28.164766475521585,50.0,14.177271060139095,0.0,-0.260602391747341,1.1998949066529396,0.0,1.3746049489477123e-16,0.5,0.0,4.440892098500626e-16,0.5,0.0,4.440892098500626e-16,1.2,0.0,1.1102230246251565e-16,0.2299761390678988,0.20000000000000284,,none,0.23997613906789894,0.0,-0.010000000000000142,-0.0
R02_deeper_empty,39,8.79999999999999,28.39664490250334,50.0,14.239105307334228,0.0,-0.260602391747341,1.1999181392563771,0.0,1.2875709351707178e-16,0.5,0.0,4.440892098500626e-16,0.5,0.0,4.440892098500626e-16,1.2,0.0,1.1102230246251565e-16,0.2299814139172419,0.20000000000000284,,none,0.23998141391724204,0.0,-0.010000000000000142,-0.0
R02_deeper_empty,40,8.999999999999993,28.628527299510264,50.0,14.30094061320274,0.0,-0.260602391747341,1.1999362359127963,0.0,1.229188348958387e-16,0.5,0.0,4.440892098500626e-16,0.5,0.0,4.440892098500626e-16,1.2,0.0,1.1102230246251565e-16,0.22998552267487113,0.20000000000000284,,none,0.23998552267487128,0.0,-0.010000000000000142,-0.0
R02_deeper_empty,41,9.199999999999996,28.860412788903346,50.0,14.362776743707563,0.0,-0.260602391747341,1.199950332007297,0.0,1.0072835692057162e-16,0.5,0.0,2.220446049250313e-16,0.5,0.0,2.220446049250313e-16,1.2,0.0,5.551115123125783e-17,0.22998872312439786,0.20000000000000284,,none,0.239988723124398,0.0,-0.010000000000000142,-9.860761315262648e-34
R02_deeper_empty,42,9.399999999999999,29.092300687060046,50.0,14.424613516549352,0.0,-0.260602391747341,1.1999613119295307,0.0,1.0411710371335207e-16,0.5,0.0,4.440892098500626e-16,0.5,0.0,4.440892098500626e-16,1.2,0.0,1.1102230246251565e-16,0.22999121606220782,0.20000000000000284,,none,0.23999121606220797,0.0,-0.010000000000000142,-9.860761315262648e-34
R02_deeper_empty,43,9.600000000000001,29.32419046148377,50.0,14.486450789729012,0.0,-0.260602391747341,1.1999698645603503,0.0,1.0639028167212342e-16,0.5,0.0,4.440892098500626e-16,0.5,0.0,4.440892098500626e-16,1.2,0.0,1.1102230246251565e-16,0.22999315789534833,0.20000000000000284,,none,0.23999315789534847,0.0,-0.010000000000000142,-0.0
R02_deeper_empty,44,9.800000000000004,29.556081697394994,50.0,14.548288452638673,0.0,-0.260602391747341,1.1999765264922269,0.0,1.261892965848757e-16,0.5,0.0,6.661338147750939e-16,0.5,0.0,6.661338147750939e-16,1.2,0.0,1.6653345369377348e-16,0.22999467045450714,0.20000000000000284,,none,0.2399946704545073,0.0,-0.010000000000000142,-9.860761315262648e-34
R02_deeper_empty,45,10.000000000000007,29.787974071708003,50.0,14.61012641912214,0.0,-0.260602391747341,1.1999817156950894,0.0,1.3947051440880339e-16,0.5,0.0,6.661338147750939e-16,0.5,0.0,6.661338147750939e-16,1.2,0.0,1.6653345369377348e-16,0.22999584863771147,0.20000000000000284,,none,0.23999584863771162,0.0,-0.010000000000000142,-0.0
R02_deeper_empty,46,10.20000000000001,30.019867332760455,50.0,14.67196462206946,0.0,-0.260602391747341,1.1999857577397763,0.0,1.3010541852787888e-16,0.5,0.0,4.440892098500626e-16,0.5,0.0,4.440892098500626e-16,1.2,0.0,1.1102230246251565e-16,0.22999676636424268,0.20000000000000284,,none,0.23999676636424283,0.0,-0.010000000000000142,-9.860761315262648e-34
R02_deeper_empty,47,10.400000000000013,30.251761284524097,50.0,14.733803009206431,0.0,-0.260602391747341,1.1999889062243672,0.0,1.2382329394316458e-16,0.5,0.0,4.440892098500626e-16,0.5,0.0,4.440892098500626e-16,1.2,0.0,1.1102230246251565e-16,0.2299974812123203,0.20000000000000284,,none,0.23999748121232045,0.0,-0.010000000000000142,-0.0
R02_deeper_empty,48,10.600000000000016,30.483655774305923,50.0,14.795641539814918,0.0,-0.260602391747341,1.1999913586849376,0.0,1.3788339522155966e-16,0.5,0.0,6.661338147750939e-16,0.5,0.0,6.661338147750939e-16,1.2,0.0,1.6653345369377348e-16,0.22999803803154392,0.20000000000000284,,none,0.23999803803154407,0.0,-0.010000000000000142,-9.860761315262648e-34
R02_deeper_empty,49,10.800000000000018,30.71555068316821,50.0,14.857480182178195,0.0,-0.260602391747341,1.199993268988983,0.0,1.2904077588120144e-16,0.5,0.0,4.440892098500626e-16,0.5,0.0,4.440892098500626e-16,1.2,0.0,1.1102230246251565e-16,0.22999847175676322,0.20000000000000284,,none,0.23999847175676337,0.0,-0.010000000000000142,-9.860761315262648e-34
R02_deeper_empty,50,11.000000000000021,30.947445918466368,50.0,14.919318911591036,0.0,-0.260602391747341,1.1999947569890712,0.0,1.231091295790548e-16,0.5,0.0,4.440892098500626e-16,0.5,0.0,4.440892098500626e-16,1.2,0.0,1.1102230246251565e-16,0.22999880959993177,0.20000000000000284,,none,0.23999880959993192,0.0,-0.010000000000000142,-0.0
R02_deeper_empty,51,11.200000000000024,31.179341408036414,50.0,14.981157708809713,0.0,-0.260602391747341,1.1999959160423999,0.0,1.1913016966915725e-16,0.5,0.0,4.440892098500626e-16,0.5,0.0,4.440892098500626e-16,1.2,0.0,1.1102230246251565e-16,0.2299990727573423,0.20000000000000284,,none,0.23999907275734245,0.0,-0.010000000000000142,-0.0
R02_deeper_empty,52,11.400000000000027,31.411237095667378,50.0,15.042996558844637,0.0,-0.260602391747341,1.199996818868031,0.0,9.818691289624862e-17,0.5,0.0,2.220446049250313e-16,0.5,0.0,2.220446049250313e-16,1.2,0.0,5.551115123125783e-17,0.22999927773949266,0.20000000000000284,,none,0.2399992777394928,0.0,-0.010000000000000142,-9.860761315262648e-34
R02_deeper_empty,53,11.60000000000003,31.64313293757466,50.0,15.104835450019912,0.0,-0.260602391747341,1.1999975221092882,0.0,1.0241229810443196e-16,0.5,0.0,4.440892098500626e-16,0.5,0.0,4.440892098500626e-16,1.2,0.0,1.1102230246251565e-16,0.22999943740699322,0.20000000000000284,,none,0.23999943740699337,0.0,-0.010000000000000142,-9.860761315262648e-34
R02_deeper_empty,54,11.800000000000033,31.875028899652957,50.0,15.16667437324079,0.0,-0.260602391747341,1.1999980698875623,0.0,8.697253204033265e-17,0.5,0.0,2.220446049250313e-16,0.5,0.0,2.220446049250313e-16,1.2,0.0,5.551115123125783e-17,0.2299995617773952,0.20000000000000284,,none,0.23999956177739534,0.0,-0.010000000000000142,-9.860761315262648e-34
R02_deeper_empty,55,12.000000000000036,32.106924955336495,50.0,15.228513321423065,0.0,-0.260602391747341,1.1999984965704886,0.0,7.661550684734116e-17,0.5,0.0,2.220446049250313e-16,0.5,0.0,2.220446049250313e-16,1.2,0.0,5.551115123125783e-17,0.22999965865365155,0.20000000000000284,,none,0.2399996586536517,0.0,-0.010000000000000142,-0.0
R02_deeper_empty,56,12.200000000000038,32.33882108393231,50.0,15.290352289048617,0.0,-0.260602391747341,1.1999988289281747,0.0,5.13938314413195e-17,0.5,0.0,0.0,0.5,0.0,0.0,1.2,0.0,0.0,0.2299997341138514,0.20000000000000284,,none,0.23999973411385156,0.0,-0.010000000000000142,-9.860761315262648e-34
R02_deeper_empty,57,12.400000000000041,32.570717269321946,50.0,15.352191271819185,0.0,-0.260602391747341,1.1999990878127575,0.0,5.274924508482028e-17,0.5,0.0,2.220446049250313e-16,0.5,0.0,2.220446049250313e-16,1.2,0.0,5.551115123125783e-17,0.22999979289234104,0.20000000000000284,,none,0.2399997928923412,0.0,-0.010000000000000142,-9.860761315262648e-34
R02_deeper_empty,58,12.600000000000044,32.8026134989502,50.0,15.414030266386721,0.0,-0.260602391747341,1.199999289466669,0.0,3.5384296496893635e-17,0.5,0.0,0.0,0.5,0.0,0.0,1.2,0.0,0.0,0.22999983867686566,0.20000000000000284,,none,0.2399998386768658,0.0,-0.010000000000000142,-9.860761315262648e-34
R02_deeper_empty,59,12.800000000000047,33.034509763037406,50.0,15.475869270143308,0.0,-0.260602391747341,1.1999994465416843,0.0,4.201001781550031e-17,0.5,0.0,2.220446049250313e-16,0.5,0.0,2.220446049250313e-16,1.2,0.0,5.551115123125783e-17,0.22999987433998612,0.20000000000000284,,none,0.23999987433998626,0.0,-0.010000000000000142,-9.860761315262648e-34
R02_deeper_empty,60,13.00000000000005,33.266406053965845,50.0,15.537708281057558,0.0,-0.260602391747341,1.199999568892698,0.0,2.818040189642861e-17,0.5,0.0,0.0,0.5,0.0,0.0,1.2,0.0,0.0,0.22999990211918728,0.20000000000000284,,none,0.23999990211918742,0.0,-0.010000000000000142,-9.860761315262648e-34
R02_deeper_empty,61,13.200000000000053,33.49830236580182,50.0,15.599547297547153,0.0,-0.260602391747341,1.1999996641960191,0.0,1.8903468561520762e-17,0.5,0.0,0.0,0.5,0.0,0.0,1.2,0.0,0.0,0.2299999237573381,0.20000000000000284,,none,0.23999992375733825,0.0,-0.010000000000000142,-0.0
R02_deeper_empty,62,13.400000000000055,33.730198693923384,50.0,15.661386318379568,0.0,-0.260602391747341,1.199999738430982,0.0,3.0954646288537197e-17,0.5,0.0,2.220446049250313e-16,0.5,0.0,2.220446049250313e-16,1.2,0.0,5.551115123125783e-17,0.22999994061202997,0.20000000000000284,,none,0.23999994061203012,0.0,-0.010000000000000142,-9.860761315262648e-34
R02_deeper_empty,63,13.600000000000058,33.962095034730346,50.0,15.723225342594757,0.0,-0.260602391747341,1.1999997962550921,0.0,2.076443711125767e-17,0.5,0.0,0.0,0.5,0.0,0.0,1.2,0.0,0.0,0.22999995374070678,0.20000000000000284,,none,0.23999995374070693,0.0,-0.010000000000000142,-9.860761315262648e-34
R02_deeper_empty,64,13.800000000000061,34.19399138541838,50.0,15.7850643694449,0.0,-0.260602391747341,1.1999998412962367,0.0,1.3928824917861788e-17,0.5,0.0,0.0,0.5,0.0,0.0,1.2,0.0,0.0,0.22999996396708652,0.20000000000000284,,none,0.23999996396708667,0.0,-0.010000000000000142,-0.0
R02_deeper_empty,65,14.000000000000064,34.42588774380312,50.0,15.846903398347498,0.0,-0.260602391747341,1.1999998763802995,0.0,9.343482924815794e-18,0.5,0.0,0.0,0.5,0.0,0.0,1.2,0.0,0.0,0.22999997193275376,0.20000000000000284,,none,0.2399999719327539,0.0,-0.010000000000000142,-0.0
R02_deeper_empty,66,14.200000000000067,34.65778410818309,50.0,15.908742428848822,0.0,-0.260602391747341,1.1999999037084563,0.0,6.267626571597815e-18,0.5,0.0,0.0,0.5,0.0,0.0,1.2,0.0,0.0,0.22999997813747583,0.20000000000000284,,none,0.23999997813747598,0.0,-0.010000000000000142,-0.0
R02_deeper_empty,67,14.40000000000007,34.889680477232936,50.0,15.970581460595447,0.0,-0.260602391747341,1.1999999249952773,0.0,4.204336130016896e-18,0.5,0.0,0.0,0.5,0.0,0.0,1.2,0.0,0.0,0.2299999829705449,0.20000000000000284,,none,0.23999998297054503,0.0,-0.010000000000000142,-0.0
R02_deeper_empty,68,14.600000000000072,35.12157684992031,50.0,16.032420493312078,0.0,-0.260602391747341,1.199999941576298,0.0,2.8202768770984977e-18,0.5,0.0,0.0,0.5,0.0,0.0,1.2,0.0,0.0,0.22999998673518504,0.20000000000000284,,none,0.2399999867351852,0.0,-0.010000000000000142,-0.0
R02_deeper_empty,69,14.800000000000075,35.35347322544107,50.0,16.09425952678428,0.0,-0.260602391747341,1.1999999544918132,0.0,-1.638231547343045e-17,0.5,0.0,-2.220446049250313e-16,0.5,0.0,-2.220446049250313e-16,1.2,0.0,-5.551115123125783e-17,0.2299999896675878,0.20000000000000284,,none,0.23999998966758795,0.0,-0.010000000000000142,-9.860761315262648e-34
R02_deeper_empty,70,15.000000000000078,35.58536960316886,50.0,16.156098560845024,0.0,-0.260602391747341,1.1999999645521422,0.0,-2.926345187922198e-17,0.5,0.0,-2.220446049250313e-16,0.5,0.0,-2.220446049250313e-16,1.2,0.0,-5.551115123125783e-17,0.22999999195174112,0.20000000000000284,,none,0.23999999195174126,0.0,-0.010000000000000142,-0.0
R02_deeper_empty,71,15.200000000000081,35.81726598261578,50.0,16.2179375953642,0.0,-0.260602391747341,1.199999972388471,0.0,-3.7904143306493626e-17,0.5,0.0,-2.220446049250313e-16,0.5,0.0,-2.220446049250313e-16,1.2,0.0,-5.551115123125783e-17,0.22999999373094723,0.20000000000000284,,none,0.23999999373094738,0.0,-0.010000000000000142,-0.0
R02_deeper_empty,72,15.400000000000084,36.04916236340178,50.0,16.279776630240466,0.0,-0.260602391747341,1.199999978492451,0.0,-6.197449867454687e-17,0.5,0.0,-4.440892098500626e-16,0.5,0.0,-4.440892098500626e-16,1.2,0.0,-1.1102230246251565e-16,0.2299999951168182,0.20000000000000284,,none,0.23999999511681835,0.0,-0.010000000000000142,-9.860761315262648e-34
R02_deeper_empty,73,15.600000000000087,36.28105874523083,50.0,16.34161566539488,0.0,-0.260602391747341,1.1999999832470465,0.0,-9.639510271156464e-17,0.5,0.0,-6.661338147750939e-16,0.5,0.0,-6.661338147750939e-16,1.2,0.0,-1.6653345369377348e-16,0.22999999619632447,0.20000000000000284,,none,0.23999999619632462,0.0,-0.010000000000000142,-9.860761315262648e-34
R02_deeper_empty,74,15.80000000000009,36.51295512787235,50.0,16.403454700765952,0.0,-0.260602391747341,1.199999986950561,0.0,-1.1948451104128693e-16,0.5,0.0,-6.661338147750939e-16,0.5,0.0,-6.661338147750939e-16,1.2,0.0,-1.6653345369377348e-16,0.22999999703718074,0.20000000000000284,,none,0.2399999970371809,0.0,-0.010000000000000142,-0.0
R02_deeper_empty,75,16.000000000000092,36.74485151114674,50.0,16.46529373630579,0.0,-0.260602391747341,1.1999999898353528,0.0,-1.3497293118764172e-16,0.5,0.0,-6.661338147750939e-16,0.5,0.0,-6.661338147750939e-16,1.2,0.0,-1.6653345369377348e-16,0.22999999769216614,0.20000000000000284,,none,0.2399999976921663,0.0,-0.010000000000000142,-0.0
R02_deeper_empty,76,16.200000000000095,36.97674789491409,50.0,16.527132771977087,0.0,-0.260602391747341,1.1999999920824145,0.0,-1.453625936339161e-16,0.5,0.0,-6.661338147750939e-16,0.5,0.0,-6.661338147750939e-16,1.2,0.0,-1.6653345369377348e-16,0.22999999820235004,0.20000000000000284,,none,0.23999999820235018,0.0,-0.010000000000000142,-0.0
R02_deeper_empty,77,16.400000000000098,37.208644279065425,50.0,16.588971807750774,0.0,-0.260602391747341,1.1999999938327262,0.0,-1.1578367406143083e-16,0.5,0.0,-2.220446049250313e-16,0.5,0.0,-2.220446049250313e-16,1.2,0.0,-5.551115123125783e-17,0.2299999985997566,0.20000000000000284,,none,0.23999999859975674,0.0,-0.010000000000000142,-3.944304526105059e-33
R02_deeper_empty,78,16.6000000000001,37.44054066351585,50.0,16.65081084360422,0.0,-0.260602391747341,1.199999995196103,0.0,-1.1421623981871843e-16,0.5,0.0,-4.440892098500626e-16,0.5,0.0,-4.440892098500626e-16,1.2,0.0,-1.1102230246251565e-16,0.22999999890929743,0.20000000000000284,,none,0.23999999890929757,0.0,-0.010000000000000142,-9.860761315262648e-34
R02_deeper_empty,79,16.800000000000104,37.67243704819925,50.0,16.71264987951979,0.0,-0.260602391747341,1.199999996258083,0.0,-1.1316480187123052e-16,0.5,0.0,-4.440892098500626e-16,0.5,0.0,-4.440892098500626e-16,1.2,0.0,-1.1102230246251565e-16,0.229999999150413,0.20000000000000284,,none,0.23999999915041315,0.0,-0.010000000000000142,-0.0
R02_deeper_empty,80,17.000000000000107,37.90433343306413,50.0,16.774488915483754,0.0,-0.260602391747341,1.1999999970852948,0.0,-1.307336579489852e-16,0.5,0.0,-6.661338147750939e-16,0.5,0.0,-6.661338147750939e-16,1.2,0.0,-1.6653345369377348e-16,0.22999999933823786,0.20000000000000284,,none,0.239999999338238,0.0,-0.010000000000000142,-9.860761315262648e-34
R02_deeper_empty,81,17.20000000000011,38.136229818070355,50.0,16.836327951485416,0.0,-0.260602391747341,1.199999997729638,0.0,-1.7906720628397434e-16,0.5,0.0,-1.1102230246251565e-15,0.5,0.0,-1.1102230246251565e-15,1.2,0.0,-2.7755575615628914e-16,0.2299999994845173,0.20000000000000284,,none,0.23999999948451745,0.0,-0.010000000000000142,-3.944304526105059e-33
R02_deeper_empty,82,17.400000000000112,38.36812620318669,50.0,16.89816698751644,0.0,-0.260602391747341,1.1999999982315388,0.0,-1.9321528208382208e-16,0.5,0.0,-8.881784197001252e-16,0.5,0.0,-8.881784197001252e-16,1.2,0.0,-2.220446049250313e-16,0.22999999959848125,0.20000000000000284,,none,0.2399999995984814,0.0,-0.010000000000000142,-9.860761315262648e-34
R02_deeper_empty,83,17.600000000000115,38.60002258838879,50.0,16.960006023570333,0.0,-0.260602391747341,1.199999998622486,0.0,-2.0270583892795029e-16,0.5,0.0,-8.881784197001252e-16,0.5,0.0,-8.881784197001252e-16,1.2,0.0,-2.220446049250313e-16,0.22999999968723514,0.20000000000000284,,none,0.2399999996872353,0.0,-0.010000000000000142,-0.0
R02_deeper_empty,84,17.800000000000118,38.83191897365769,50.0,17.02184505964204,0.0,-0.260602391747341,1.199999998927008,0.0,-2.0907212297150894e-16,0.5,0.0,-8.881784197001252e-16,0.5,0.0,-8.881784197001252e-16,1.2,0.0,-2.220446049250313e-16,0.22999999975638516,0.20000000000000284,,none,0.2399999997563853,0.0,-0.010000000000000142,-0.0
R02_deeper_empty,85,18.00000000000012,39.063815358978644,50.0,17.083684095727623,0.0,-0.260602391747341,1.1999999991642103,0.0,-2.133426387261609e-16,0.5,0.0,-8.881784197001252e-16,0.5,0.0,-8.881784197001252e-16,1.2,0.0,-2.220446049250313e-16,0.2299999998102443,0.20000000000000284,,none,0.23999999981024445,0.0,-0.010000000000000142,-0.0
R02_deeper_empty,86,18.200000000000124,39.295711744340124,50.0,17.145523131824014,0.0,-0.260602391747341,1.1999999993489752,0.0,-2.5275563443233765e-16,0.5,0.0,-1.3322676295501878e-15,0.5,0.0,-1.3322676295501878e-15,1.2,0.0,-3.3306690738754696e-16,0.22999999985218764,0.20000000000000284,,none,0.23999999985218778,0.0,-0.010000000000000142,-3.944304526105059e-33
R02_deeper_empty,87,18.400000000000126,39.527608129733174,50.0,17.207362167928828,0.0,-0.260602391747341,1.199999999492895,0.0,-3.1574227423979714e-16,0.5,0.0,-1.7763568394002505e-15,0.5,0.0,-1.7763568394002505e-15,1.2,0.0,-4.440892098500626e-16,0.2299999998848655,0.20000000000000284,,none,0.23999999988486564,0.0,-0.010000000000000142,-3.944304526105059e-33
R02_deeper_empty,88,18.60000000000013,39.75950451515082,50.0,17.269201204040197,0.0,-0.260602391747341,1.1999999996049988,0.0,-3.3971967238206454e-16,0.5,0.0,-1.5543122344752192e-15,0.5,0.0,-1.5543122344752192e-15,1.2,0.0,-3.885780586188048e-16,0.22999999991031714,0.20000000000000284,,none,0.23999999991031729,0.0,-0.010000000000000142,-9.860761315262648e-34
R02_deeper_empty,89,18.800000000000132,39.99140090058762,50.0,17.33104024015668,0.0,-0.260602391747341,1.1999999996923203,0.0,-3.923520832345912e-16,0.5,0.0,-1.9984014443252818e-15,0.5,0.0,-1.9984014443252818e-15,1.2,0.0,-4.996003610813204e-16,0.22999999993014128,0.20000000000000284,,none,0.23999999993014143,0.0,-0.010000000000000142,-3.944304526105059e-33
R02_deeper_empty,90,19.000000000000135,40.22329728603935,50.0,17.39287927627714,0.0,-0.260602391747341,1.199999999760338,0.0,-4.093838443966718e-16,0.5,0.0,-1.7763568394002505e-15,0.5,0.0,-1.7763568394002505e-15,1.2,0.0,-4.440892098500626e-16,0.22999999994558848,0.20000000000000284,,none,0.23999999994558863,0.0,-0.010000000000000142,-9.860761315262648e-34
R02_deeper_empty,91,19.200000000000138,40.45519367150269,50.0,17.454718312400697,0.0,-0.260602391747341,1.1999999998133195,0.0,-4.208087830067746e-16,0.5,0.0,-1.7763568394002505e-15,0.5,0.0,-1.7763568394002505e-15,1.2,0.0,-4.440892098500626e-16,0.22999999995761797,0.20000000000000284,,none,0.23999999995761812,0.0,-0.010000000000000142,-0.0
R02_deeper_empty,92,19.40000000000014,40.68709005697509,50.0,17.51655734852667,0.0,-0.260602391747341,1.1999999998545883,0.0,-4.284726541122024e-16,0.5,0.0,-1.7763568394002505e-15,0.5,0.0,-1.7763568394002505e-15,1.2,0.0,-4.440892098500626e-16,0.22999999996698292,0.20000000000000284,,none,0.23999999996698307,0.0,-0.010000000000000142,-0.0
R02_deeper_empty,93,19.600000000000144,40.91898644245454,50.0,17.57839638465453,0.0,-0.260602391747341,1.1999999998867341,0.0,-4.336135937990619e-16,0.5,0.0,-1.7763568394002505e-15,0.5,0.0,-1.7763568394002505e-15,1.2,0.0,-4.440892098500626e-16,0.2299999999742802,0.20000000000000284,,none,0.23999999997428034,0.0,-0.010000000000000142,-0.0
R02_deeper_empty,94,19.800000000000146,41.15088282793948,50.0,17.64023542078385,0.0,-0.260602391747341,1.1999999999117732,0.0,-4.0051382076127136e-16,0.5,0.0,-1.3322676295501878e-15,0.5,0.0,-1.3322676295501878e-15,1.2,0.0,-3.3306690738754696e-16,0.22999999997997164,0.20000000000000284,,none,0.2399999999799718,0.0,-0.010000000000000142,-3.944304526105059e-33
R02_deeper_empty,95,20.00000000000015,41.38277921342871,50.0,17.70207445691431,0.0,-0.260602391747341,1.1999999999312772,0.0,-3.60036265738386e-16,0.5,0.0,-1.1102230246251565e-15,0.5,0.0,-1.1102230246251565e-15,1.2,0.0,-2.7755575615628914e-16,0.22999999998439832,0.20000000000000284,,none,0.23999999998439847,0.0,-0.010000000000000142,-9.860761315262648e-34
R02_deeper_empty,96,20.200000000000152,41.614675598921266,50.0,17.763913493045656,0.0,-0.260602391747341,1.1999999999464694,0.0,-3.328838428725037e-16,0.5,0.0,-1.1102230246251565e-15,0.5,0.0,-1.1102230246251565e-15,1.2,0.0,-2.7755575615628914e-16,0.22999999998784446,0.20000000000000284,,none,0.2399999999878446,0.0,-0.010000000000000142,-0.0
R02_deeper_empty,97,20.400000000000155,41.846571984416414,50.0,17.8257525291777,0.0,-0.260602391747341,1.1999999999583035,0.0,-3.3294410735376574e-16,0.5,0.0,-1.3322676295501878e-15,0.5,0.0,-1.3322676295501878e-15,1.2,0.0,-3.3306690738754696e-16,0.2299999999905303,0.20000000000000284,,none,0.23999999999053045,0.0,-0.010000000000000142,-9.860761315262648e-34
R02_deeper_empty,98,20.600000000000158,42.07846836991359,50.0,17.887591565310277,0.0,-0.260602391747341,1.1999999999675213,0.0,-3.1471037018145903e-16,0.5,0.0,-1.1102230246251565e-15,0.5,0.0,-1.1102230246251565e-15,1.2,0.0,-2.7755575615628914e-16,0.2299999999926264,0.20000000000000284,,none,0.23999999999262656,0.0,-0.010000000000000142,-9.860761315262648e-34
R02_deeper_empty,99,20.80000000000016,42.310364755412344,50.0,17.949430601443275,0.0,-0.260602391747341,1.199999999974701,0.0,-3.024791437190921e-16,0.5,0.0,-1.1102230246251565e-15,0.5,0.0,-1.1102230246251565e-15,1.2,0.0,-2.7755575615628914e-16,0.22999999999426066,0.20000000000000284,,none,0.2399999999942608,0.0,-0.010000000000000142,-0.0
R02_deeper_empty,100,21.000000000000163,42.542261140912316,50.0,18.011269637576603,0.0,-0.260602391747341,1.1999999999802937,0.0,-3.3082273855738163e-16,0.5,0.0,-1.5543122344752192e-15,0.5,0.0,-1.5543122344752192e-15,1.2,0.0,-3.885780586188048e-16,0.22999999999552542,0.20000000000000284,,none,0.23999999999552557,0.0,-0.010000000000000142,-3.944304526105059e-33
R02_deeper_empty,101,21.200000000000166,42.774157526413255,50.0,18.07310867371018,0.0,-0.260602391747341,1.19999999998465,0.0,-3.3156151455874023e-16,0.5,0.0,-1.3322676295501878e-15,0.5,0.0,-1.3322676295501878e-15,1.2,0.0,-3.3306690738754696e-16,0.22999999999652018,0.20000000000000284,,none,0.23999999999652033,0.0,-0.010000000000000142,-9.860761315262648e-34
R02_deeper_empty,102,21.40000000000017,43.00605391191493,50.0,18.134947709843964,0.0,-0.260602391747341,1.1999999999880433,0.0,-3.8687957505319862e-16,0.5,0.0,-1.9984014443252818e-15,0.5,0.0,-1.9984014443252818e-15,1.2,0.0,-4.996003610813204e-16,0.22999999999728046,0.20000000000000284,,none,0.2399999999972806,0.0,-0.010000000000000142,-8.874685183736382e-33
R02_deeper_empty,103,21.600000000000172,43.237950297417186,50.0,18.1967867459779,0.0,-0.260602391747341,1.1999999999906865,0.0,-4.057128752337824e-16,0.5,0.0,-1.7763568394002505e-15,0.5,0.0,-1.7763568394002505e-15,1.2,0.0,-4.440892098500626e-16,0.22999999999788442,0.20000000000000284,,none,0.23999999999788457,0.0,-0.010000000000000142,-9.860761315262648e-34
R02_deeper_empty,104,21.800000000000175,43.46984668291989,50.0,18.258625782111956,0.0,-0.260602391747341,1.1999999999927455,0.0,-4.0007212702773345e-16,0.5,0.0,-1.5543122344752192e-15,0.5,0.0,-1.5543122344752192e-15,1.2,0.0,-3.885780586188048e-16,0.2299999999983605,0.20000000000000284,,none,0.23999999999836064,0.0,-0.010000000000000142,-9.860761315262648e-34
R02_deeper_empty,105,22.000000000000178,43.70174306842296,50.0,18.320464818246105,0.0,-0.260602391747341,1.1999999999943491,0.0,-3.9628830212813135e-16,0.5,0.0,-1.5543122344752192e-15,0.5,0.0,-1.5543122344752192e-15,1.2,0.0,-3.885780586188048e-16,0.22999999999872286,0.20000000000000284,,none,0.239999999998723,0.0,-0.010000000000000142,-0.0
R02_deeper_empty,106,22.20000000000018,43.9336394539263,50.0,18.38230385438033,0.0,-0.260602391747341,1.1999999999955986,0.0,-3.937501050046548e-16,0.5,0.0,-1.5543122344752192e-15,0.5,0.0,-1.5543122344752192e-15,1.2,0.0,-3.885780586188048e-16,0.22999999999899998,0.20000000000000284,,none,0.23999999999900012,0.0,-0.010000000000000142,-0.0
R02_deeper_empty,107,22.400000000000183,44.165535839429836,50.0,18.44414289051461,0.0,-0.260602391747341,1.1999999999965714,0.0,-4.1032164012704667e-16,0.5,0.0,-1.7763568394002505e-15,0.5,0.0,-1.7763568394002505e-15,1.2,0.0,-4.440892098500626e-16,0.22999999999922024,0.20000000000000284,,none,0.2399999999992204,0.0,-0.010000000000000142,-9.860761315262648e-34
R02_deeper_empty,108,22.600000000000186,44.39743222493355,50.0,18.505981926648932,0.0,-0.260602391747341,1.1999999999973292,0.0,-3.8488953280421643e-16,0.5,0.0,-1.3322676295501878e-15,0.5,0.0,-1.3322676295501878e-15,1.2,0.0,-3.3306690738754696e-16,0.22999999999939078,0.20000000000000284,,none,0.23999999999939092,0.0,-0.010000000000000142,-3.944304526105059e-33
R02_deeper_empty,109,22.80000000000019,44.6293286104374,50.0,18.56782096278329,0.0,-0.260602391747341,1.1999999999979196,0.0,-3.861037883074482e-16,0.5,0.0,-1.5543122344752192e-15,0.5,0.0,-1.5543122344752192e-15,1.2,0.0,-3.885780586188048e-16,0.22999999999953288,0.20000000000000284,,none,0.23999999999953303,0.0,-0.010000000000000142,-9.860761315262648e-34
R02_deeper_empty,110,23.000000000000192,44.86122499594134,50.0,18.629659998917674,0.0,-0.260602391747341,1.1999999999983795,0.0,-3.869183132675733e-16,0.5,0.0,-1.5543122344752192e-15,0.5,0.0,-1.5543122344752192e-15,1.2,0.0,-3.885780586188048e-16,0.22999999999963236,0.20000000000000284,,none,0.2399999999996325,0.0,-0.010000000000000142,-0.0
R02_deeper_empty,111,23.200000000000195,45.093121381445364,50.0,18.691499035052082,0.0,-0.260602391747341,1.1999999999987376,0.0,-4.057388609035487e-16,0.5,0.0,-1.7763568394002505e-15,0.5,0.0,-1.7763568394002505e-15,1.2,0.0,-4.440892098500626e-16,0.22999999999971762,0.20000000000000284,,none,0.23999999999971777,0.0,-0.010000000000000142,-9.860761315262648e-34
R02_deeper_empty,112,23.400000000000198,45.32501776694945,50.0,18.753338071186505,0.0,-0.260602391747341,1.1999999999990165,0.0,-4.0008955826570093e-16,0.5,0.0,-1.5543122344752192e-15,0.5,0.0,-1.5543122344752192e-15,1.2,0.0,-3.885780586188048e-16,0.22999999999977447,0.20000000000000284,,none,0.23999999999977462,0.0,-0.010000000000000142,-9.860761315262648e-34
R02_deeper_empty,113,23.6000000000002,45.55691415245358,50.0,18.815177107320938,0.0,-0.260602391747341,1.199999999999234,0.0,-3.9629999503656173e-16,0.5,0.0,-1.5543122344752192e-15,0.5,0.0,-1.5543122344752192e-15,1.2,0.0,-3.885780586188048e-16,0.2299999999998242,0.20000000000000284,,none,0.23999999999982435,0.0,-0.010000000000000142,-0.0
R02_deeper_empty,114,23.800000000000203,45.788810537957744,50.0,18.877016143455382,0.0,-0.260602391747341,1.199999999999403,0.0,-4.120321113343291e-16,0.5,0.0,-1.7763568394002505e-15,0.5,0.0,-1.7763568394002505e-15,1.2,0.0,-4.440892098500626e-16,0.22999999999985973,0.20000000000000284,,none,0.23999999999985988,0.0,-0.010000000000000142,-9.860761315262648e-34
R02_deeper_empty,115,24.000000000000206,46.020706923461944,50.0,18.938855179589837,0.0,-0.260602391747341,1.1999999999995352,0.0,-4.2258524563433084e-16,0.5,0.0,-1.7763568394002505e-15,0.5,0.0,-1.7763568394002505e-15,1.2,0.0,-4.440892098500626e-16,0.22999999999989526,0.20000000000000284,,none,0.2399999999998954,0.0,-0.010000000000000142,-0.0
R02_deeper_empty,116,24.20000000000021,46.252603308966165,50.0,19.000694215724295,0.0,-0.260602391747341,1.199999999999638,0.0,-4.1139014600408887e-16,0.5,0.0,-1.5543122344752192e-15,0.5,0.0,-1.5543122344752192e-15,1.2,0.0,-3.885780586188048e-16,0.22999999999992368,0.20000000000000284,,none,0.23999999999992383,0.0,-0.010000000000000142,-9.860761315262648e-34
R02_deeper_empty,117,24.40000000000021,46.4844996944704,50.0,19.062533251858753,0.0,-0.260602391747341,1.1999999999997182,0.0,-4.22154614038572e-16,0.5,0.0,-1.7763568394002505e-15,0.5,0.0,-1.7763568394002505e-15,1.2,0.0,-4.440892098500626e-16,0.2299999999999308,0.20000000000000284,,none,0.23999999999993094,0.0,-0.010000000000000142,-9.860761315262648e-34
R02_deeper_empty,118,24.600000000000215,46.71639607997466,50.0,19.124372287993225,0.0,-0.260602391747341,1.1999999999997806,0.0,-4.659237656013251e-16,0.5,0.0,-2.220446049250313e-15,0.5,0.0,-2.220446049250313e-15,1.2,0.0,-5.551115123125783e-16,0.2299999999999592,0.20000000000000284,,none,0.23999999999995936,0.0,-0.010000000000000142,-3.944304526105059e-33
R02_deeper_empty,119,24.800000000000217,46.948292465478914,50.0,19.186211324127697,0.0,-0.260602391747341,1.1999999999998292,0.0,-4.587358724390398e-16,0.5,0.0,-1.7763568394002505e-15,0.5,0.0,-1.7763568394002505e-15,1.2,0.0,-4.440892098500626e-16,0.2299999999999592,0.20000000000000284,,none,0.23999999999995936,0.0,-0.010000000000000142,-3.944304526105059e-33
R02_deeper_empty,120,25.00000000000022,47.18018885098318,50.0,19.24805036026217,0.0,-0.260602391747341,1.1999999999998672,0.0,-4.1736589427711327e-16,0.5,0.0,-1.3322676295501878e-15,0.5,0.0,-1.3322676295501878e-15,1.2,0.0,-3.3306690738754696e-16,0.2299999999999592,0.20000000000000284,,none,0.23999999999995936,0.0,-0.010000000000000142,-3.944304526105059e-33
R02_deeper_empty,121,25.200000000000223,47.412085236487464,50.0,19.309889396396642,0.0,-0.260602391747341,1.1999999999998965,0.0,-3.713406695248886e-16,0.5,0.0,-1.1102230246251565e-15,0.5,0.0,-1.1102230246251565e-15,1.2,0.0,-2.7755575615628914e-16,0.22999999999998763,0.20000000000000284,,none,0.23999999999998778,0.0,-0.010000000000000142,-9.860761315262648e-34
R02_deeper_empty,122,25.400000000000226,47.64398162199175,50.0,19.371728432531114,0.0,-0.260602391747341,1.1999999999999194,0.0,-3.770151843909237e-16,0.5,0.0,-1.5543122344752192e-15,0.5,0.0,-1.5543122344752192e-15,1.2,0.0,-3.885780586188048e-16,0.22999999999998053,0.20000000000000284,,none,0.23999999999998067,0.0,-0.010000000000000142,-3.944304526105059e-33
R02_deeper_empty,123,25.60000000000023,47.875878007496034,50.0,19.433567468665586,0.0,-0.260602391747341,1.1999999999999371,0.0,-4.17369985439692e-16,0.5,0.0,-1.9984014443252818e-15,0.5,0.0,-1.9984014443252818e-15,1.2,0.0,-4.996003610813204e-16,0.22999999999998763,0.20000000000000284,,none,0.23999999999998778,0.0,-0.010000000000000142,-3.944304526105059e-33
R02_deeper_empty,124,25.80000000000023,48.10777439300032,50.0,19.49540650480006,0.0,-0.260602391747341,1.1999999999999509,0.0,-4.80988390108071e-16,0.5,0.0,-2.4424906541753444e-15,0.5,0.0,-2.4424906541753444e-15,1.2,0.0,-6.106226635438361e-16,0.22999999999998053,0.20000000000000284,,none,0.23999999999998067,0.0,-0.010000000000000142,-3.944304526105059e-33
R02_deeper_empty,125,26.000000000000234,48.339670778504605,50.0,19.55724554093453,0.0,-0.26060239174734107,1.1999999999999618,0.0,-5.784862281669423e-16,0.5,0.0,-3.1086244689504383e-15,0.5,0.0,-3.1086244689504383e-15,1.2,0.0,-7.771561172376096e-16,0.22999999999998763,0.20000000000000284,,none,0.23999999999998778,0.0,-0.010000000000000142,-8.874685183736382e-33
R02_deeper_empty,126,26.200000000000237,48.57156716400889,50.0,19.619084577069003,0.0,-0.2606023917473413,1.1999999999999702,0.0,-6.621621308224443e-16,0.5,0.0,-3.3306690738754696e-15,0.5,0.0,-3.3306690738754696e-15,1.2,0.0,-8.326672684688674e-16,0.22999999999998053,0.20000000000000284,,none,0.23999999999998067,0.0,-0.010000000000000142,-9.860761315262648e-34
R02_deeper_empty,127,26.40000000000024,48.803463549513175,50.0,19.680923613203475,0.0,-0.2606023917473415,1.1999999999999769,0.0,-6.817437641362811e-16,0.5,0.0,-2.886579864025407e-15,0.5,0.0,-2.886579864025407e-15,1.2,0.0,-7.216449660063518e-16,0.22999999999998763,0.20000000000000284,,none,0.23999999999998778,0.0,-0.010000000000000142,-3.944304526105059e-33
R02_deeper_empty,128,26.600000000000243,49.03535993501746,50.0,19.742762649337948,0.0,-0.26060239174734173,1.199999999999982,0.0,-6.583308365518451e-16,0.5,0.0,-2.4424906541753444e-15,0.5,0.0,-2.4424906541753444e-15,1.2,0.0,-6.106226635438361e-16,0.22999999999998053,0.20000000000000284,,none,0.23999999999998067,0.0,-0.010000000000000142,-3.944304526105059e-33
R02_deeper_empty,129,26.800000000000246,49.267256320521746,50.0,19.80460168547242,0.0,-0.26060239174734195,1.199999999999986,0.0,-6.060770736505822e-16,0.5,0.0,-1.9984014443252818e-15,0.5,0.0,-1.9984014443252818e-15,1.2,0.0,-4.996003610813204e-16,0.22999999999998763,0.20000000000000284,,none,0.23999999999998778,0.0,-0.010000000000000142,-3.944304526105059e-33
R02_deeper_empty,130,27.00000000000025,49.49915270602603,50.0,19.8664407216069,0.0,-0.2606023917473421,1.199999999999989,0.0,-5.344768221611373e-16,0.5,0.0,-1.5543122344752192e-15,0.5,0.0,-1.5543122344752192e-15,1.2,0.0,-3.885780586188048e-16,0.22999999999998763,0.20000000000000284,,none,0.23999999999998778,0.0,-0.010000000000000142,-3.944304526105059e-33
R02_deeper_empty,131,27.20000000000025,49.731049091530316,50.0,19.928279757741386,0.0,-0.2606023917473421,1.1999999999999915,0.0,-4.133505829812143e-16,0.5,0.0,-6.661338147750939e-16,0.5,0.0,-6.661338147750939e-16,1.2,0.0,-1.6653345369377348e-16,0.22999999999998763,0.20000000000000284,,none,0.23999999999998778,0.0,-0.010000000000000142,-1.5777218104420236e-32
R02_deeper_empty,132,27.400000000000254,49.9629454770346,50.0,19.990118793875872,0.0,-0.2606023917473421,1.1999999999999933,0.0,-2.2245388924410735e-16,0.5,0.0,6.661338147750939e-16,0.5,0.0,6.661338147750939e-16,1.2,0.0,1.6653345369377348e-16,0.22999999999998763,0.20000000000000284,,none,0.23999999999998778,0.0,-0.010000000000000142,-3.549874073494553e-32
R02_deeper_empty,133,27.600000000000257,50.19484186253889,50.0,20.05195783001036,0.0,-0.2606023917473421,1.1999999999999948,0.0,1.5244961505951464e-17,0.5,0.0,1.9984014443252818e-15,0.5,0.0,1.9984014443252818e-15,1.2,0.0,4.996003610813204e-16,0.22999999999998763,0.20000000000000284,,none,0.23999999999998778,0.0,-0.010000000000000142,-3.549874073494553e-32
R02_deeper_empty,134,27.80000000000026,50.42673824804317,50.0,20.113796866144845,0.0,-0.2606023917473421,1.1999999999999957,0.0,2.6606462776986516e-16,0.5,0.0,3.1086244689504383e-15,0.5,0.0,3.1086244689504383e-15,1.2,0.0,7.771561172376096e-16,0.22999999999998763,0.20000000000000284,,none,0.23999999999998778,0.0,-0.010000000000000142,-2.465190328815662e-32
R02_deeper_empty,135,28.000000000000263,50.65863463354746,50.0,20.175635902279332,0.0,-0.2606023917473421,1.1999999999999966,0.0,5.439599253781542e-16,0.5,0.0,4.440892098500626e-15,0.5,0.0,4.440892098500626e-15,1.2,0.0,1.1102230246251565e-15,0.22999999999999118,0.20000000000000284,,none,0.23999999999999133,0.0,-0.010000000000000142,-3.549874073494553e-32
R02_deeper_empty,136,28.200000000000266,50.89053101905174,50.0,20.23747493841382,0.0,-0.2606023917473419,1.1999999999999975,0.0,8.400176093066537e-16,0.5,0.0,5.773159728050814e-15,0.5,0.0,5.773159728050814e-15,1.2,0.0,1.4432899320127035e-15,0.22999999999998763,0.20000000000000284,,none,0.23999999999998778,0.0,-0.010000000000000142,-3.549874073494553e-32
R02_deeper_empty,137,28.40000000000027,51.12242740455603,50.0,20.299313974548305,0.0,-0.2606023917473417,1.1999999999999984,0.0,1.0751620065911923e-15,0.5,0.0,6.217248937900877e-15,0.5,0.0,6.217248937900877e-15,1.2,0.0,1.5543122344752192e-15,0.22999999999998763,0.20000000000000284,,none,0.23999999999998778,0.0,-0.010000000000000142,-3.944304526105059e-33
R02_deeper_empty,138,28.60000000000027,51.35432379006031,50.0,20.36115301068279,0.0,-0.26060239174734146,1.1999999999999984,0.0,1.2694456523759821e-15,0.5,0.0,6.661338147750939e-15,0.5,0.0,6.661338147750939e-15,1.2,0.0,1.6653345369377348e-15,0.22999999999998763,0.20000000000000284,,none,0.23999999999998778,0.0,-0.010000000000000142,-3.944304526105059e-33
R02_deeper_empty,139,28.800000000000274,51.5862201755646,50.0,20.422992046817278,0.0,-0.26060239174734123,1.1999999999999984,0.0,1.4545939890546278e-15,0.5,0.0,7.327471962526033e-15,0.5,0.0,7.327471962526033e-15,1.2,0.0,1.8318679906315083e-15,0.22999999999998763,0.20000000000000284,,none,0.23999999999998778,0.0,-0.010000000000000142,-8.874685183736382e-33
R02_deeper_empty,140,29.000000000000277,51.818116561068884,50.0,20.484831082951764,0.0,-0.260602391747341,1.1999999999999984,0.0,1.615340179861419e-15,0.5,0.0,7.771561172376096e-15,0.5,0.0,7.771561172376096e-15,1.2,0.0,1.942890293094024e-15,0.22999999999999118,0.20000000000000284,,none,0.23999999999999133,0.0,-0.010000000000000142,-3.944304526105059e-33
R02_deeper_empty,141,29.20000000000028,52.05001294657317,50.0,20.54667011908625,0.0,-0.2606023917473406,1.1999999999999984,0.0,1.7779915263218252e-15,0.5,0.0,8.43769498715119e-15,0.5,0.0,8.43769498715119e-15,1.2,0.0,2.1094237467877974e-15,0.22999999999998763,0.20000000000000284,,none,0.23999999999998778,0.0,-0.010000000000000142,-8.874685183736382e-33
R02_deeper_empty,142,29.400000000000283,52.281909332077454,50.0,20.608509155220737,0.0,-0.2606023917473402,1.1999999999999984,0.0,1.868824204095358e-15,0.5,0.0,8.215650382226158e-15,0.5,0.0,8.215650382226158e-15,1.2,0.0,2.0539125955565396e-15,0.22999999999998763,0.20000000000000284,,none,0.23999999999998778,0.0,-0.010000000000000142,-9.860761315262648e-34
R02_deeper_empty,143,29.600000000000286,52.51380571758174,50.0,20.670348191355224,0.0,-0.26060239174733973,1.1999999999999984,0.0,1.9114807788224448e-15,0.5,0.0,7.993605777301127e-15,0.5,0.0,7.993605777301127e-15,1.2,0.0,1.9984014443252818e-15,0.22999999999998763,0.20000000000000284,,none,0.23999999999998778,0.0,-0.010000000000000142,-9.860761315262648e-34
R02_deeper_empty,144,29.80000000000029,52.745702103086025,50.0,20.732187227489696,0.0,-0.2606023917473393,1.1999999999999984,0.0,1.921820729652465e-15,0.5,0.0,7.771561172376096e-15,0.5,0.0,7.771561172376096e-15,1.2,0.0,1.942890293094024e-15,0.22999999999998408,0.20000000000000284,,none,0.23999999999998423,0.0,-0.010000000000000142,-9.860761315262648e-34
R02_deeper_empty,145,30.00000000000029,52.97759848859031,50.0,20.79402626362417,0.0,-0.26060239174733885,1.1999999999999984,0.0,1.7460151617997023e-15,0.5,0.0,5.551115123125783e-15,0.5,0.0,5.551115123125783e-15,1.2,0.0,1.3877787807814457e-15,0.22999999999998408,0.20000000000000284,,none,0.23999999999998423,0.0,-0.010000000000000142,-9.860761315262648e-32
R02_deeper_empty,146,30.200000000000294,53.209494874094595,50.0,20.85586529975864,0.0,-0.26060239174733857,1.1999999999999984,0.0,1.4453428169144258e-15,0.5,0.0,3.3306690738754696e-15,0.5,0.0,3.3306690738754696e-15,1.2,0.0,8.326672684688674e-16,0.22999999999998408,0.20000000000000284,,none,0.23999999999998423,0.0,-0.010000000000000142,-9.860761315262648e-32
R02_deeper_empty,147,30.400000000000297,53.44139125959888,50.0,20.917704335893113,0.0,-0.26060239174733835,1.1999999999999984,0.0,1.115732082539155e-15,0.5,0.0,1.7763568394002505e-15,0.5,0.0,1.7763568394002505e-15,1.2,0.0,4.440892098500626e-16,0.22999999999998408,0.20000000000000284,,none,0.23999999999998423,0.0,-0.010000000000000142,-4.831773044478697e-32
R02_deeper_empty,148,30.6000000000003,53.673287645103166,50.0,20.979543372027585,0.0,-0.2606023917473381,1.1999999999999984,0.0,7.849835827499401e-16,0.5,0.0,4.440892098500626e-16,0.5,0.0,4.440892098500626e-16,1.2,0.0,1.1102230246251565e-16,0.22999999999998763,0.20000000000000284,,none,0.23999999999998778,0.0,-0.010000000000000142,-3.549874073494553e-32
R02_deeper_empty,149,30.800000000000303,53.90518403060745,50.0,21.041382408162058,0.0,-0.26060239174733796,1.1999999999999984,0.0,4.53471867701698e-16,0.5,0.0,-8.881784197001252e-16,0.5,0.0,-8.881784197001252e-16,1.2,0.0,-2.220446049250313e-16,0.22999999999998408,0.20000000000000284,,none,0.23999999999998423,0.0,-0.010000000000000142,-3.549874073494553e-32
R02_deeper_empty,150,31.000000000000306,54.137080416111736,50.0,21.10322144429653,0.0,-0.26060239174733796,1.1999999999999984,0.0,1.397223490728446e-16,0.5,0.0,-1.9984014443252818e-15,0.5,0.0,-1.9984014443252818e-15,1.2,0.0,-4.996003610813204e-16,0.22999999999998408,0.20000000000000284,,none,0.23999999999998423,0.0,-0.010000000000000142,-2.465190328815662e-32
R02_deeper_empty,151,31.20000000000031,54.36897680161602,50.0,21.165060480431002,0.0,-0.26060239174733796,1.1999999999999984,0.0,-1.0728976543882645e-16,0.5,0.0,-2.4424906541753444e-15,0.5,0.0,-2.4424906541753444e-15,1.2,0.0,-6.106226635438361e-16,0.22999999999998053,0.20000000000000284,,none,0.23999999999998067,0.0,-0.010000000000000142,-3.944304526105059e-33
R02_deeper_empty,152,31.40000000000031,54.60087318712031,50.0,21.226899516565474,0.0,-0.26060239174733796,1.1999999999999984,0.0,-3.095342990890427e-16,0.5,0.0,-2.886579864025407e-15,0.5,0.0,-2.886579864025407e-15,1.2,0.0,-7.216449660063518e-16,0.22999999999998763,0.20000000000000284,,none,0.23999999999998778,0.0,-0.010000000000000142,-3.944304526105059e-33
R02_deeper_empty,153,31.600000000000314,54.83276957262459,50.0,21.288738552699947,0.0,-0.26060239174733796,1.1999999999999984,0.0,-4.817486521726326e-16,0.5,0.0,-3.3306690738754696e-15,0.5,0.0,-3.3306690738754696e-15,1.2,0.0,-8.326672684688674e-16,0.22999999999998408,0.20000000000000284,,none,0.23999999999998423,0.0,-0.010000000000000142,-3.944304526105059e-33
R02_deeper_empty,154,31.800000000000317,55.06466595812888,50.0,21.35057758883442,0.0,-0.26060239174733807,1.1999999999999984,0.0,-6.338187015545085e-16,0.5,0.0,-3.774758283725532e-15,0.5,0.0,-3.774758283725532e-15,1.2,0.0,-9.43689570931383e-16,0.22999999999998408,0.20000000000000284,,none,0.23999999999998423,0.0,-0.010000000000000142,-3.944304526105059e-33
R02_deeper_empty,155,32.00000000000032,55.29656234363316,50.0,21.41241662496889,0.0,-0.2606023917473383,1.1999999999999984,0.0,-7.541017500154018e-16,0.5,0.0,-3.9968028886505635e-15,0.5,0.0,-3.9968028886505635e-15,1.2,0.0,-9.992007221626409e-16,0.22999999999998763,0.20000000000000284,,none,0.23999999999998778,0.0,-0.010000000000000142,-9.860761315262648e-34
R02_deeper_empty,156,32.20000000000031,55.52845872913745,50.0,21.474255661103363,0.0,-0.2606023917473385,1.1999999999999984,0.0,-7.982395281423089e-16,0.5,0.0,-3.552713678800501e-15,0.5,0.0,-3.552713678800501e-15,1.2,0.0,-8.881784197001252e-16,0.2299999999999848,0.19999999999998863,,none,0.23999999999998423,0.0,-0.009999999999999431,-3.944304526105059e-33
R02_deeper_empty,157,32.4000000000003,55.76035511464173,50.0,21.536094697237836,0.0,-0.26060239174733874,1.1999999999999984,0.0,-7.912989103983103e-16,0.5,0.0,-3.1086244689504383e-15,0.5,0.0,-3.1086244689504383e-15,1.2,0.0,-7.771561172376096e-16,0.2299999999999848,0.19999999999998863,,none,0.23999999999998423,0.0,-0.009999999999999431,-3.944304526105059e-33
R02_deeper_empty,158,32.600000000000286,55.99225150014602,50.0,21.597933733372308,0.0,-0.26060239174733896,1.1999999999999984,0.0,-7.683689677732028e-16,0.5,0.0,-2.886579864025407e-15,0.5,0.0,-2.886579864025407e-15,1.2,0.0,-7.216449660063518e-16,0.2299999999999848,0.19999999999998863,,none,0.23999999999998423,0.0,-0.009999999999999431,-9.860761315262648e-34
R02_deeper_empty,159,32.800000000000274,56.224147885650304,50.0,21.65977276950678,0.0,-0.2606023917473392,1.1999999999999984,0.0,-7.1643919212478e-16,0.5,0.0,-2.4424906541753444e-15,0.5,0.0,-2.4424906541753444e-15,1.2,0.0,-6.106226635438361e-16,0.2299999999999848,0.19999999999998863,,none,0.23999999999998423,0.0,-0.009999999999999431,-3.944304526105059e-33
R02_deeper_empty,160,33.00000000000026,56.45604427115459,50.0,21.721611805641253,0.0,-0.2606023917473394,1.1999999999999984,0.0,-6.45056271916518e-16,0.5,0.0,-1.9984014443252818e-15,0.5,0.0,-1.9984014443252818e-15,1.2,0.0,-4.996003610813204e-16,0.2299999999999848,0.19999999999998863,,none,0.23999999999998423,0.0,-0.009999999999999431,-3.944304526105059e-33
R02_deeper_empty,161,33.20000000000025,56.687940656658874,50.0,21.783450841775725,0.0,-0.2606023917473396,1.1999999999999984,0.0,-5.788983070956164e-16,0.5,0.0,-1.7763568394002505e-15,0.5,0.0,-1.7763568394002505e-15,1.2,0.0,-4.440892098500626e-16,0.2299999999999848,0.19999999999998863,,none,0.23999999999998423,0.0,-0.009999999999999431,-9.860761315262648e-34
R02_deeper_empty,162,33.40000000000024,56.91983704216316,50.0,21.845289877910197,0.0,-0.2606023917473397,1.1999999999999984,0.0,-4.97971089836594e-16,0.5,0.0,-1.3322676295501878e-15,0.5,0.0,-1.3322676295501878e-15,1.2,0.0,-3.3306690738754696e-16,0.22999999999998835,0.19999999999998863,,none,0.23999999999998778,0.0,-0.009999999999999431,-3.944304526105059e-33
R02_deeper_empty,163,33.60000000000023,57.151733427667445,50.0,21.90712891404467,0.0,-0.2606023917473397,1.1999999999999984,0.0,-4.8023328004837e-16,0.5,0.0,-1.7763568394002505e-15,0.5,0.0,-1.7763568394002505e-15,1.2,0.0,-4.440892098500626e-16,0.22999999999998125,0.19999999999998863,,none,0.23999999999998067,0.0,-0.009999999999999431,-3.944304526105059e-33
R02_deeper_empty,164,33.80000000000022,57.38362981317173,50.0,21.96896795017914,0.0,-0.2606023917473397,1.1999999999999984,0.0,-5.231572107542861e-16,0.5,0.0,-2.4424906541753444e-15,0.5,0.0,-2.4424906541753444e-15,1.2,0.0,-6.106226635438361e-16,0.22999999999998835,0.19999999999998863,,none,0.23999999999998778,0.0,-0.009999999999999431,-8.874685183736382e-33
R02_deeper_empty,165,34.000000000000206,57.615526198676015,50.0,22.030806986313614,0.0,-0.2606023917473398,1.1999999999999984,0.0,-5.884989926080885e-16,0.5,0.0,-2.886579864025407e-15,0.5,0.0,-2.886579864025407e-15,1.2,0.0,-7.216449660063518e-16,0.2299999999999848,0.19999999999998863,,none,0.23999999999998423,0.0,-0.009999999999999431,-3.944304526105059e-33
R02_deeper_empty,166,34.200000000000195,57.8474225841803,50.0,22.0926460224481,0.0,-0.26060239174734,1.1999999999999984,0.0,-6.506045500368232e-16,0.5,0.0,-3.1086244689504383e-15,0.5,0.0,-3.1086244689504383e-15,1.2,0.0,-7.771561172376096e-16,0.22999999999998835,0.19999999999998863,,none,0.23999999999998778,0.0,-0.009999999999999431,-9.860761315262648e-34
R02_deeper_empty,167,34.40000000000018,58.079318969684586,50.0,22.154485058582587,0.0,-0.2606023917473401,1.1999999999999984,0.0,-4.729751266579827e-16,0.5,0.0,-4.440892098500626e-16,0.5,0.0,-4.440892098500626e-16,1.2,0.0,-1.1102230246251565e-16,0.22999999999998835,0.19999999999998863,,none,0.23999999999998778,0.0,-0.009999999999999431,-1.4199496293978212e-31
R02_deeper_empty,168,34.60000000000017,58.31121535518887,50.0,22.216324094717073,0.0,-0.2606023917473401,1.1999999999999984,0.0,-1.7107933592815558e-16,0.5,0.0,1.7763568394002505e-15,0.5,0.0,1.7763568394002505e-15,1.2,0.0,4.440892098500626e-16,0.2299999999999919,0.19999999999998863,,none,0.23999999999999133,0.0,-0.009999999999999431,-9.860761315262648e-32
R02_deeper_empty,169,34.80000000000016,58.543111740693156,50.0,22.27816313085156,0.0,-0.2606023917473401,1.1999999999999984,0.0,1.776262510100149e-16,0.5,0.0,3.552713678800501e-15,0.5,0.0,3.552713678800501e-15,1.2,0.0,8.881784197001252e-16,0.22999999999998835,0.19999999999998863,,none,0.23999999999998778,0.0,-0.009999999999999431,-6.310887241768095e-32
R02_deeper_empty,170,35.00000000000015,58.77500812619744,50.0,22.340002166986046,0.0,-0.2606023917473401,1.1999999999999984,0.0,5.760061032569915e-16,0.5,0.0,5.551115123125783e-15,0.5,0.0,5.551115123125783e-15,1.2,0.0,1.3877787807814457e-15,0.22999999999998835,0.19999999999998863,,none,0.23999999999998778,0.0,-0.009999999999999431,-7.987216665362745e-32
R02_deeper_empty,171,35.20000000000014,59.00690451170173,50.0,22.401841203120533,0.0,-0.2606023917473399,1.1999999999999984,0.0,1.0077075495689792e-15,0.5,0.0,7.549516567451064e-15,0.5,0.0,7.549516567451064e-15,1.2,0.0,1.887379141862766e-15,0.22999999999998835,0.19999999999998863,,none,0.23999999999998778,0.0,-0.009999999999999431,-7.987216665362745e-32
R02_deeper_empty,172,35.40000000000013,59.23880089720601,50.0,22.463680239255012,0.0,-0.2606023917473397,1.1999999999999984,0.0,1.3886645353621476e-15,0.5,0.0,8.659739592076221e-15,0.5,0.0,8.659739592076221e-15,1.2,0.0,2.1649348980190553e-15,0.2299999999999848,0.19999999999998863,,none,0.23999999999998423,0.0,-0.009999999999999431,-2.465190328815662e-32
R02_deeper_empty,173,35.600000000000115,59.4706972827103,50.0,22.525519275389485,0.0,-0.26060239174733946,1.1999999999999984,0.0,1.6259370618325348e-15,0.5,0.0,8.43769498715119e-15,0.5,0.0,8.43769498715119e-15,1.2,0.0,2.1094237467877974e-15,0.22999999999998835,0.19999999999998863,,none,0.23999999999998778,0.0,-0.009999999999999431,-9.860761315262648e-34
R02_deeper_empty,174,35.800000000000104,59.70259366821458,50.0,22.587358311523957,0.0,-0.26060239174733923,1.1999999999999984,0.0,1.6571807964913574e-15,0.5,0.0,6.8833827526759706e-15,0.5,0.0,6.8833827526759706e-15,1.2,0.0,1.7208456881689926e-15,0.2299999999999848,0.19999999999998863,,none,0.23999999999998423,0.0,-0.009999999999999431,-4.831773044478697e-32
R02_deeper_empty,175,36.00000000000009,59.93449005371887,50.0,22.64919734765843,0.0,-0.260602391747339,1.1999999999999984,0.0,1.5684941784219615e-15,0.5,0.0,5.551115123125783e-15,0.5,0.0,5.551115123125783e-15,1.2,0.0,1.3877787807814457e-15,0.2299999999999848,0.19999999999998863,,none,0.23999999999998423,0.0,-0.009999999999999431,-3.549874073494553e-32
R02_deeper_empty,176,36.20000000000008,60.16638643922315,50.0,22.7110363837929,0.0,-0.2606023917473388,1.1999999999999984,0.0,1.381083883099441e-15,0.5,0.0,3.9968028886505635e-15,0.5,0.0,3.9968028886505635e-15,1.2,0.0,9.992007221626409e-16,0.2299999999999848,0.19999999999998863,,none,0.23999999999998423,0.0,-0.009999999999999431,-4.831773044478697e-32
R02_deeper_empty,177,36.40000000000007,60.39828282472744,50.0,22.772875419927374,0.0,-0.26060239174733857,1.1999999999999984,0.0,1.145723715206543e-15,0.5,0.0,2.6645352591003757e-15,0.5,0.0,2.6645352591003757e-15,1.2,0.0,6.661338147750939e-16,0.2299999999999848,0.19999999999998863,,none,0.23999999999998423,0.0,-0.009999999999999431,-3.549874073494553e-32
R02_deeper_empty,178,36.60000000000006,60.630179210231724,50.0,22.834714456061846,0.0,-0.26060239174733835,1.1999999999999984,0.0,8.599245165573247e-16,0.5,0.0,1.1102230246251565e-15,0.5,0.0,1.1102230246251565e-15,1.2,0.0,2.7755575615628914e-16,0.2299999999999848,0.19999999999998863,,none,0.23999999999998423,0.0,-0.009999999999999431,-4.831773044478697e-32
R02_deeper_empty,179,36.80000000000005,60.86207559573601,50.0,22.89655349219632,0.0,-0.2606023917473381,1.1999999999999984,0.0,5.585648803930228e-16,0.5,0.0,-2.220446049250313e-16,0.5,0.0,-2.220446049250313e-16,1.2,0.0,-5.551115123125783e-17,0.2299999999999848,0.19999999999998863,,none,0.23999999999998423,0.0,-0.009999999999999431,-3.549874073494553e-32
R02_deeper_empty,180,37.000000000000036,61.093971981240294,50.0,22.95839252833079,0.0,-0.2606023917473381,1.1999999999999984,0.0,2.284931096871338e-16,0.5,0.0,-1.7763568394002505e-15,0.5,0.0,-1.7763568394002505e-15,1.2,0.0,-4.440892098500626e-16,0.2299999999999848,0.19999999999998863,,none,0.23999999999998423,0.0,-0.009999999999999431,-4.831773044478697e-32
R02_deeper_empty,181,37.200000000000024,61.32586836674458,50.0,23.020231564465263,0.0,-0.2606023917473381,1.1999999999999984,0.0,-4.7742166060296336e-17,0.5,0.0,-2.4424906541753444e-15,0.5,0.0,-2.4424906541753444e-15,1.2,0.0,-6.106226635438361e-16,0.22999999999998835,0.19999999999998863,,none,0.23999999999998778,0.0,-0.009999999999999431,-8.874685183736382e-33
R02_deeper_empty,182,37.40000000000001,61.557764752248865,50.0,23.082070600599735,0.0,-0.2606023917473381,1.1999999999999984,0.0,-2.8786381597477936e-16,0.5,0.0,-3.1086244689504383e-15,0.5,0.0,-3.1086244689504383e-15,1.2,0.0,-7.771561172376096e-16,0.2299999999999848,0.19999999999998863,,none,0.23999999999998423,0.0,-0.009999999999999431,-8.874685183736382e-33
R02_deeper_empty,183,37.6,61.78966113775315,50.0,23.143909636734207,0.0,-0.2606023917473381,1.1999999999999984,0.0,-5.037603752363801e-16,0.5,0.0,-3.774758283725532e-15,0.5,0.0,-3.774758283725532e-15,1.2,0.0,-9.43689570931383e-16,0.2299999999999848,0.19999999999998863,,none,0.23999999999998423,0.0,-0.009999999999999431,-8.874685183736382e-33
R02_deeper_empty,184,37.79999999999999,62.021557523257435,50.0,23.20574867286868,0.0,-0.2606023917473383,1.1999999999999984,0.0,-7.034066964339597e-16,0.5,0.0,-4.440892098500626e-15,0.5,0.0,-4.440892098500626e-15,1.2,0.0,-1.1102230246251565e-15,0.2299999999999848,0.19999999999998863,,none,0.23999999999998423,0.0,-0.009999999999999431,-8.874685183736382e-33
R02_deeper_empty,185,37.99999999999998,62.25345390876172,50.0,23.267587709003152,0.0,-0.2606023917473385,1.1999999999999984,0.0,-8.373298381284015e-16,0.5,0.0,-4.440892098500626e-15,0.5,0.0,-4.440892098500626e-15,1.2,0.0,-1.1102230246251565e-15,0.2299999999999848,0.19999999999998863,,none,0.23999999999998423,0.0,-0.009999999999999431,-0.0
R02_deeper_empty,186,38.19999999999997,62.485350294266006,50.0,23.329426745137624,0.0,-0.26060239174733874,1.1999999999999984,0.0,-9.088915801069707e-16,0.5,0.0,-4.218847493575595e-15,0.5,0.0,-4.218847493575595e-15,1.2,0.0,-1.0547118733938987e-15,0.2299999999999848,0.19999999999998863,,none,0.23999999999998423,0.0,-0.009999999999999431,-9.860761315262648e-34
R02_deeper_empty,187,38.399999999999956,62.71724667977029,50.0,23.391265781272097,0.0,-0.26060239174733896,1.1999999999999984,0.0,-9.568953362163177e-16,0.5,0.0,-4.218847493575595e-15,0.5,0.0,-4.218847493575595e-15,1.2,0.0,-1.0547118733938987e-15,0.2299999999999848,0.19999999999998863,,none,0.23999999999998423,0.0,-0.009999999999999431,-0.0
R02_deeper_empty,188,38.599999999999945,62.949143065274576,50.0,23.45310481740657,0.0,-0.2606023917473392,1.1999999999999984,0.0,-9.708221867479038e-16,0.5,0.0,-3.9968028886505635e-15,0.5,0.0,-3.9968028886505635e-15,1.2,0.0,-9.992007221626409e-16,0.2299999999999848,0.19999999999998863,,none,0.23999999999998423,0.0,-0.009999999999999431,-9.860761315262648e-34
R02_deeper_empty,189,38.79999999999993,63.18103945077886,50.0,23.51494385354104,0.0,-0.2606023917473394,1.1999999999999984,0.0,-9.801643452505546e-16,0.5,0.0,-3.9968028886505635e-15,0.5,0.0,-3.9968028886505635e-15,1.2,0.0,-9.992007221626409e-16,0.22999999999998835,0.19999999999998863,,none,0.23999999999998778,0.0,-0.009999999999999431,-0.0
R02_deeper_empty,190,38.99999999999992,63.41293583628315,50.0,23.576782889675513,0.0,-0.2606023917473396,1.1999999999999984,0.0,-9.6815692069329e-16,0.5,0.0,-3.774758283725532e-15,0.5,0.0,-3.774758283725532e-15,1.2,0.0,-9.43689570931383e-16,0.2299999999999848,0.19999999999998863,,none,0.23999999999998423,0.0,-0.009999999999999431,-9.860761315262648e-34
R02_deeper_empty,191,39.19999999999991,63.64483222178743,50.0,23.63862192580999,0.0,-0.26060239174733985,1.1999999999999984,0.0,-9.601023168782943e-16,0.5,0.0,-3.774758283725532e-15,0.5,0.0,-3.774758283725532e-15,1.2,0.0,-9.43689570931383e-16,0.2299999999999848,0.19999999999998863,,none,0.23999999999998423,0.0,-0.009999999999999431,-0.0
R02_deeper_empty,192,39.3999999999999,63.87672860729172,50.0,23.700460961944476,0.0,-0.26060239174734007,1.1999999999999984,0.0,-8.816026221121207e-16,0.5,0.0,-2.886579864025407e-15,0.5,0.0,-2.886579864025407e-15,1.2,0.0,-7.216449660063518e-16,0.22999999999998835,0.19999999999998863,,none,0.23999999999998778,0.0,-0.009999999999999431,-1.5777218104420236e-32
R02_deeper_empty,193,39.59999999999989,64.10862499279601,50.0,23.762299998078962,0.0,-0.2606023917473403,1.1999999999999984,0.0,-5.548324331811439e-16,0.5,0.0,4.440892098500626e-16,0.5,0.0,4.440892098500626e-16,1.2,0.0,1.1102230246251565e-16,0.229999999999999,0.19999999999998863,,none,0.23999999999999844,0.0,-0.009999999999999431,-2.2186712959340957e-31
R02_deeper_empty,194,39.799999999999876,64.3405213783003,50.0,23.82413903421345,0.0,-0.2606023917473403,1.1999999999999984,0.0,-9.807023788956565e-17,0.5,0.0,3.3306690738754696e-15,0.5,0.0,3.3306690738754696e-15,1.2,0.0,8.326672684688674e-16,0.22999999999998835,0.19999999999998863,,none,0.23999999999998778,0.0,-0.009999999999999431,-1.6664686622793874e-31
R02_deeper_empty,195,39.999999999999865,64.57241776380458,50.0,23.885978070347935,0.0,-0.2606023917473403,1.1999999999999984,0.0,4.276166861304707e-16,0.5,0.0,5.995204332975845e-15,0.5,0.0,5.995204332975845e-15,1.2,0.0,1.4988010832439613e-15,0.22999999999998658,0.19999999999998863,,none,0.239999999999986,0.0,-0.009999999999999431,-1.4199496293978212e-31
R02_deeper_empty,196,40.199999999999854,64.80431414930887,50.0,23.94781710648242,0.0,-0.2606023917473401,1.1999999999999984,0.0,9.995384526278558e-16,0.5,0.0,8.659739592076221e-15,0.5,0.0,8.659739592076221e-15,1.2,0.0,2.1649348980190553e-15,0.22999999999999013,0.19999999999998863,,none,0.23999999999998956,0.0,-0.009999999999999431,-1.4199496293978212e-31
R02_deeper_empty,197,40.39999999999984,65.03621053481315,50.0,24.009656142616908,0.0,-0.2606023917473399,1.1999999999999984,0.0,1.5476521535342134e-15,0.5,0.0,1.0658141036401503e-14,0.5,0.0,1.0658141036401503e-14,1.2,0.0,2.6645352591003757e-15,0.22999999999998835,0.19999999999998863,,none,0.23999999999998778,0.0,-0.009999999999999431,-7.987216665362745e-32
R02_deeper_empty,198,40.59999999999983,65.26810692031744,50.0,24.07149517875139,0.0,-0.2606023917473395,1.1999999999999984,0.0,2.0797953576015024e-15,0.5,0.0,1.2656542480726785e-14,0.5,0.0,1.2656542480726785e-14,1.2,0.0,3.164135620181696e-15,0.22999999999998835,0.19999999999998863,,none,0.23999999999998778,0.0,-0.009999999999999431,-7.987216665362745e-32
R02_deeper_empty,199,40.79999999999982,65.50000330582172,50.0,24.133334214885863,0.0,-0.26060239174733907,1.1999999999999984,0.0,2.473306382309459e-15,0.5,0.0,1.3100631690576847e-14,0.5,0.0,1.3100631690576847e-14,1.2,0.0,3.2751579226442118e-15,0.2299999999999848,0.19999999999998863,,none,0.23999999999998423,0.0,-0.009999999999999431,-3.944304526105059e-33
R02_deeper_empty,200,40.99999999999981,65.731899691326,50.0,24.195173251020336,0.0,-0.2606023917473386,1.1999999999999984,0.0,2.536258555533201e-15,0.5,0.0,1.0658141036401503e-14,0.5,0.0,1.0658141036401503e-14,1.2,0.0,2.6645352591003757e-15,0.22999999999998658,0.19999999999998863,,none,0.239999999999986,0.0,-0.009999999999999431,-1.1931521191467803e-31
R02_deeper_empty,201,41.1999999999998,65.96379607683029,50.0,24.257012287154808,0.0,-0.2606023917473382,1.1999999999999984,0.0,2.377471206384972e-15,0.5,0.0,8.215650382226158e-15,0.5,0.0,8.215650382226158e-15,1.2,0.0,2.0539125955565396e-15,0.2299999999999848,0.19999999999998863,,none,0.23999999999998423,0.0,-0.009999999999999431,-1.1931521191467803e-31
R02_deeper_empty,202,41.399999999999785,66.19569246233458,50.0,24.31885132328928,0.0,-0.26060239174733774,1.1999999999999984,0.0,2.0699405530989696e-15,0.5,0.0,5.773159728050814e-15,0.5,0.0,5.773159728050814e-15,1.2,0.0,1.4432899320127035e-15,0.2299999999999848,0.19999999999998863,,none,0.23999999999998423,0.0,-0.009999999999999431,-1.1931521191467803e-31
R02_deeper_empty,203,41.599999999999774,66.42758884783886,50.0,24.380690359423753,0.0,-0.2606023917473373,1.1999999999999984,0.0,1.64435843855105e-15,0.5,0.0,3.1086244689504383e-15,0.5,0.0,3.1086244689504383e-15,1.2,0.0,7.771561172376096e-16,0.2299999999999848,0.19999999999998863,,none,0.23999999999998423,0.0,-0.009999999999999431,-1.4199496293978212e-31
R02_deeper_empty,204,41.79999999999976,66.65948523334315,50.0,24.442529395558225,0.0,-0.26060239174733707,1.1999999999999984,0.0,1.1578613362183957e-15,0.5,0.0,6.661338147750939e-16,0.5,0.0,6.661338147750939e-16,1.2,0.0,1.6653345369377348e-16,0.22999999999998658,0.19999999999998863,,none,0.239999999999986,0.0,-0.009999999999999431,-1.1931521191467803e-31
R02_deeper_empty,205,41.99999999999975,66.89138161884743,50.0,24.504368431692697,0.0,-0.26060239174733685,1.1999999999999984,0.0,6.853248293691152e-16,0.5,0.0,-1.1102230246251565e-15,0.5,0.0,-1.1102230246251565e-15,1.2,0.0,-2.7755575615628914e-16,0.2299999999999848,0.19999999999998863,,none,0.23999999999998423,0.0,-0.009999999999999431,-6.310887241768095e-32
R02_deeper_empty,206,42.19999999999974,67.12327800435172,50.0,24.56620746782717,0.0,-0.2606023917473368,1.1999999999999984,0.0,2.2215311720196855e-16,0.5,0.0,-2.886579864025407e-15,0.5,0.0,-2.886579864025407e-15,1.2,0.0,-7.216449660063518e-16,0.2299999999999848,0.19999999999998863,,none,0.23999999999998423,0.0,-0.009999999999999431,-6.310887241768095e-32
R02_deeper_empty,207,42.39999999999973,67.355174389856,50.0,24.62804650396164,0.0,-0.2606023917473368,1.1999999999999984,0.0,-1.6164002160963727e-16,0.5,0.0,-3.774758283725532e-15,0.5,0.0,-3.774758283725532e-15,1.2,0.0,-9.43689570931383e-16,0.22999999999998658,0.19999999999998863,,none,0.239999999999986,0.0,-0.009999999999999431,-1.5777218104420236e-32
R02_deeper_empty,208,42.59999999999972,67.58707077536029,50.0,24.689885540096114,0.0,-0.2606023917473368,1.1999999999999984,0.0,-4.921858585765166e-16,0.5,0.0,-4.6629367034256575e-15,0.5,0.0,-4.6629367034256575e-15,1.2,0.0,-1.1657341758564144e-15,0.2299999999999848,0.19999999999998863,,none,0.23999999999998423,0.0,-0.009999999999999431,-1.5777218104420236e-32
R02_deeper_empty,209,42.799999999999706,67.81896716086457,50.0,24.751724576230586,0.0,-0.26060239174733696,1.1999999999999984,0.0,-7.870133016004353e-16,0.5,0.0,-5.551115123125783e-15,0.5,0.0,-5.551115123125783e-15,1.2,0.0,-1.3877787807814457e-15,0.22999999999998302,0.19999999999998863,,none,0.23999999999998245,0.0,-0.009999999999999431,-1.5777218104420236e-32
R02_deeper_empty,210,42.999999999999694,68.05086354636886,50.0,24.81356361236506,0.0,-0.2606023917473372,1.1999999999999984,0.0,-1.0213324508864425e-15,0.5,0.0,-5.995204332975845e-15,0.5,0.0,-5.995204332975845e-15,1.2,0.0,-1.4988010832439613e-15,0.22999999999998658,0.19999999999998863,,none,0.239999999999986,0.0,-0.009999999999999431,-3.944304526105059e-33
R02_deeper_empty,211,43.19999999999968,68.28275993187314,50.0,24.87540264849953,0.0,-0.2606023917473374,1.1999999999999984,0.0,-1.1785141932962866e-15,0.5,0.0,-5.995204332975845e-15,0.5,0.0,-5.995204332975845e-15,1.2,0.0,-1.4988010832439613e-15,0.2299999999999848,0.19999999999998863,,none,0.23999999999998423,0.0,-0.009999999999999431,-0.0
R02_deeper_empty,212,43.39999999999967,68.51465631737743,50.0,24.937241684634003,0.0,-0.2606023917473376,1.1999999999999984,0.0,-1.302226175411337e-15,0.5,0.0,-6.217248937900877e-15,0.5,0.0,-6.217248937900877e-15,1.2,0.0,-1.5543122344752192e-15,0.22999999999998658,0.19999999999998863,,none,0.239999999999986,0.0,-0.009999999999999431,-9.860761315262648e-34
R02_deeper_empty,213,43.59999999999966,68.74655270288171,50.0,24.999080720768475,0.0,-0.26060239174733785,1.1999999999999984,0.0,-1.4034865770336888e-15,0.5,0.0,-6.439293542825908e-15,0.5,0.0,-6.439293542825908e-15,1.2,0.0,-1.609823385706477e-15,0.2299999999999848,0.19999999999998863,,none,0.23999999999998423,0.0,-0.009999999999999431,-9.860761315262648e-34
R02_deeper_empty,214,43.79999999999965,68.978449088386,50.0,25.060919756902948,0.0,-0.26060239174733807,1.1999999999999984,0.0,-1.489686414666924e-15,0.5,0.0,-6.661338147750939e-15,0.5,0.0,-6.661338147750939e-15,1.2,0.0,-1.6653345369377348e-15,0.2299999999999848,0.19999999999998863,,none,0.23999999999998423,0.0,-0.009999999999999431,-9.860761315262648e-34
R02_deeper_empty,215,43.99999999999964,69.21034547389029,50.0,25.12275879303742,0.0,-0.2606023917473383,1.1999999999999984,0.0,-1.565783596598747e-15,0.5,0.0,-6.8833827526759706e-15,0.5,0.0,-6.8833827526759706e-15,1.2,0.0,-1.7208456881689926e-15,0.22999999999998658,0.19999999999998863,,none,0.239999999999986,0.0,-0.009999999999999431,-9.860761315262648e-34
R02_deeper_empty,216,44.199999999999626,69.44224185939457,50.0,25.184597829171892,0.0,-0.2606023917473385,1.1999999999999984,0.0,-1.6351038973795703e-15,0.5,0.0,-7.105427357601002e-15,0.5,0.0,-7.105427357601002e-15,1.2,0.0,-1.7763568394002505e-15,0.2299999999999848,0.19999999999998863,,none,0.23999999999998423,0.0,-0.009999999999999431,-9.860761315262648e-34
R02_deeper_empty,217,44.399999999999615,69.67413824489886,50.0,25.246436865306364,0.0,-0.2606023917473389,1.1999999999999984,0.0,-1.7181524157690397e-15,0.5,0.0,-7.549516567451064e-15,0.5,0.0,-7.549516567451064e-15,1.2,0.0,-1.887379141862766e-15,0.2299999999999848,0.19999999999998863,,none,0.23999999999998423,0.0,-0.009999999999999431,-3.944304526105059e-33
R02_deeper_empty,218,44.5999999999996,69.90603463040314,50.0,25.308275901440837,0.0,-0.26060239174733935,1.1999999999999984,0.0,-1.755587361197321e-15,0.5,0.0,-7.327471962526033e-15,0.5,0.0,-7.327471962526033e-15,1.2,0.0,-1.8318679906315083e-15,0.22999999999998658,0.19999999999998863,,none,0.239999999999986,0.0,-0.009999999999999431,-9.860761315262648e-34
R02_deeper_empty,219,44.79999999999959,70.13793101590743,50.0,25.37011493757531,0.0,-0.2606023917473398,1.1999999999999984,0.0,-1.7441504702043714e-15,0.5,0.0,-6.8833827526759706e-15,0.5,0.0,-6.8833827526759706e-15,1.2,0.0,-1.7208456881689926e-15,0.2299999999999848,0.19999999999998863,,none,0.23999999999998423,0.0,-0.009999999999999431,-3.944304526105059e-33
R02_deeper_empty,220,44.99999999999958,70.36982740141171,50.0,25.431953973709795,0.0,-0.26060239174734023,1.1999999999999984,0.0,-1.7182044187133245e-15,0.5,0.0,-6.661338147750939e-15,0.5,0.0,-6.661338147750939e-15,1.2,0.0,-1.6653345369377348e-15,0.22999999999998835,0.19999999999998863,,none,0.23999999999998778,0.0,-0.009999999999999431,-9.860761315262648e-34
R02_deeper_empty,221,45.19999999999957,70.601723786916,50.0,25.493793009844282,0.0,-0.26060239174734046,1.1999999999999984,0.0,-1.2256715264609552e-15,0.5,0.0,-8.881784197001252e-16,0.5,0.0,-8.881784197001252e-16,1.2,0.0,-2.220446049250313e-16,0.22999999999998835,0.19999999999998863,,none,0.23999999999998778,0.0,-0.009999999999999431,-6.6658746491175495e-31
R02_deeper_empty,222,45.39999999999956,70.83362017242028,50.0,25.55563204597877,0.0,-0.2606023917473406,1.1999999999999984,0.0,-4.749737594016067e-16,0.5,0.0,4.218847493575595e-15,0.5,0.0,4.218847493575595e-15,1.2,0.0,1.0547118733938987e-15,0.22999999999999013,0.19999999999998863,,none,0.23999999999998956,0.0,-0.009999999999999431,-5.216342735773941e-31
R02_deeper_empty,223,45.59999999999955,71.06551655792457,50.0,25.617471082113255,0.0,-0.2606023917473406,1.1999999999999984,0.0,4.489015092611225e-16,0.5,0.0,9.325873406851315e-15,0.5,0.0,9.325873406851315e-15,1.2,0.0,2.3314683517128287e-15,0.22999999999998835,0.19999999999998863,,none,0.23999999999998778,0.0,-0.009999999999999431,-5.216342735773941e-31
R02_deeper_empty,224,45.799999999999535,71.29741294342885,50.0,25.67931011824774,0.0,-0.2606023917473404,1.1999999999999984,0.0,1.452396258395982e-15,0.5,0.0,1.3988810110276972e-14,0.5,0.0,1.3988810110276972e-14,1.2,0.0,3.497202527569243e-15,0.22999999999998835,0.19999999999998863,,none,0.23999999999998778,0.0,-0.009999999999999431,-4.348595740030828e-31
R02_deeper_empty,225,45.999999999999524,71.52930932893314,50.0,25.741149154382228,0.0,-0.26060239174734,1.1999999999999984,0.0,2.4544774222276238e-15,0.5,0.0,1.7985612998927536e-14,0.5,0.0,1.7985612998927536e-14,1.2,0.0,4.496403249731884e-15,0.22999999999999013,0.19999999999998863,,none,0.23999999999998956,0.0,-0.009999999999999431,-3.194886666145098e-31
R02_deeper_empty,226,46.19999999999951,71.76120571443742,50.0,25.802988190516707,0.0,-0.2606023917473394,1.1999999999999984,0.0,3.4190620248727102e-15,0.5,0.0,2.1538326677728037e-14,0.5,0.0,2.1538326677728037e-14,1.2,0.0,5.384581669432009e-15,0.22999999999998658,0.19999999999998863,,none,0.239999999999986,0.0,-0.009999999999999431,-2.524354896707238e-31
R02_deeper_empty,227,46.3999999999995,71.99310209994171,50.0,25.86482722665118,0.0,-0.2606023917473387,1.1999999999999984,0.0,4.047833095165984e-15,0.5,0.0,2.1316282072803006e-14,0.5,0.0,2.1316282072803006e-14,1.2,0.0,5.329070518200751e-15,0.2299999999999848,0.19999999999998863,,none,0.23999999999998423,0.0,-0.009999999999999431,-9.860761315262648e-34
R02_deeper_empty,228,46.59999999999949,72.224998485446,50.0,25.926666262785652,0.0,-0.2606023917473378,1.1999999999999984,0.0,4.158953189649139e-15,0.5,0.0,1.7541523789077473e-14,0.5,0.0,1.7541523789077473e-14,1.2,0.0,4.385380947269368e-15,0.2299999999999848,0.19999999999998863,,none,0.23999999999998423,0.0,-0.009999999999999431,-2.8497600201109053e-31
R02_deeper_empty,229,46.79999999999948,72.45689487095028,50.0,25.988505298920124,0.0,-0.26060239174733696,1.1999999999999984,0.0,3.849735349000369e-15,0.5,0.0,1.2878587085651816e-14,0.5,0.0,1.2878587085651816e-14,1.2,0.0,3.219646771412954e-15,0.2299999999999857,0.19999999999998863,,none,0.23999999999998511,0.0,-0.009999999999999431,-4.348595740030828e-31
R02_deeper_empty,230,46.99999999999947,72.68879125645456,50.0,26.050344335054596,0.0,-0.2606023917473363,1.1999999999999984,0.0,3.27682816424731e-15,0.5,0.0,8.43769498715119e-15,0.5,0.0,8.43769498715119e-15,1.2,0.0,2.1094237467877974e-15,0.2299999999999857,0.19999999999998863,,none,0.23999999999998511,0.0,-0.009999999999999431,-3.944304526105059e-31
R02_deeper_empty,231,47.199999999999456,72.92068764195885,50.0,26.11218337118907,0.0,-0.2606023917473357,1.1999999999999984,0.0,2.581860141221738e-15,0.5,0.0,4.6629367034256575e-15,0.5,0.0,4.6629367034256575e-15,1.2,0.0,1.1657341758564144e-15,0.2299999999999848,0.19999999999998863,,none,0.23999999999998423,0.0,-0.009999999999999431,-2.8497600201109053e-31
R02_deeper_empty,232,47.399999999999444,73.15258402746313,50.0,26.17402240732354,0.0,-0.26060239174733524,1.1999999999999984,0.0,1.8232876324919336e-15,0.5,0.0,1.1102230246251565e-15,0.5,0.0,1.1102230246251565e-15,1.2,0.0,2.7755575615628914e-16,0.2299999999999857,0.19999999999998863,,none,0.23999999999998511,0.0,-0.009999999999999431,-2.524354896707238e-31
R02_deeper_empty,233,47.59999999999943,73.38448041296742,50.0,26.235861443458013,0.0,-0.26060239174733496,1.1999999999999984,0.0,1.0585974360910108e-15,0.5,0.0,-1.9984014443252818e-15,0.5,0.0,-1.9984014443252818e-15,1.2,0.0,-4.996003610813204e-16,0.2299999999999848,0.19999999999998863,,none,0.23999999999998423,0.0,-0.009999999999999431,-1.9327092177914789e-31
R02_deeper_empty,234,47.79999999999942,73.6163767984717,50.0,26.297700479592486,0.0,-0.2606023917473348,1.1999999999999984,0.0,3.26351808274769e-16,0.5,0.0,-4.6629367034256575e-15,0.5,0.0,-4.6629367034256575e-15,1.2,0.0,-1.1657341758564144e-15,0.2299999999999857,0.19999999999998863,,none,0.23999999999998511,0.0,-0.009999999999999431,-1.4199496293978212e-31
R02_deeper_empty,235,47.99999999999941,73.84827318397599,50.0,26.359539515726958,0.0,-0.2606023917473348,1.1999999999999984,0.0,-3.293074515360102e-16,0.5,0.0,-6.661338147750939e-15,0.5,0.0,-6.661338147750939e-15,1.2,0.0,-1.6653345369377348e-15,0.2299999999999857,0.19999999999998863,,none,0.23999999999998511,0.0,-0.009999999999999431,-7.987216665362745e-32
R02_deeper_empty,236,48.1999999999994,74.08016956948028,50.0,26.42137855186143,0.0,-0.26060239174733496,1.1999999999999984,0.0,-9.153182635935501e-16,0.5,0.0,-8.43769498715119e-15,0.5,0.0,-8.43769498715119e-15,1.2,0.0,-2.1094237467877974e-15,0.2299999999999848,0.19999999999998863,,none,0.23999999999998423,0.0,-0.009999999999999431,-6.310887241768095e-32
R02_deeper_empty,237,48.39999999999939,74.31206595498456,50.0,26.483217587995902,0.0,-0.2606023917473352,1.1999999999999984,0.0,-1.3997862729285417e-15,0.5,0.0,-9.547918011776346e-15,0.5,0.0,-9.547918011776346e-15,1.2,0.0,-2.3869795029440866e-15,0.2299999999999857,0.19999999999998863,,none,0.23999999999998511,0.0,-0.009999999999999431,-2.465190328815662e-32
R02_deeper_empty,238,48.599999999999376,74.54396234048885,50.0,26.545056624130375,0.0,-0.2606023917473355,1.1999999999999984,0.0,-1.7978650094214276e-15,0.5,0.0,-1.0436096431476471e-14,0.5,0.0,-1.0436096431476471e-14,1.2,0.0,-2.609024107869118e-15,0.2299999999999848,0.19999999999998863,,none,0.23999999999998423,0.0,-0.009999999999999431,-1.5777218104420236e-32
R02_deeper_empty,239,48.799999999999365,74.77585872599313,50.0,26.606895660264847,0.0,-0.26060239174733596,1.1999999999999984,0.0,-2.119719490474863e-15,0.5,0.0,-1.1102230246251565e-14,0.5,0.0,-1.1102230246251565e-14,1.2,0.0,-2.7755575615628914e-15,0.2299999999999848,0.19999999999998863,,none,0.23999999999998423,0.0,-0.009999999999999431,-8.874685183736382e-33
R02_deeper_empty,240,48.99999999999935,75.00775511149742,50.0,26.66873469639932,0.0,-0.2606023917473364,1.1999999999999984,0.0,-2.3721684295906857e-15,0.5,0.0,-1.1546319456101628e-14,0.5,0.0,-1.1546319456101628e-14,1.2,0.0,-2.886579864025407e-15,0.2299999999999857,0.19999999999998863,,none,0.23999999999998511,0.0,-0.009999999999999431,-3.944304526105059e-33
R02_deeper_empty,241,49.19999999999934,75.2396514970017,50.0,26.73057373253379,0.0,-0.26060239174733685,1.1999999999999984,0.0,-2.5963341584944635e-15,0.5,0.0,-1.2212453270876722e-14,0.5,0.0,-1.2212453270876722e-14,1.2,0.0,-3.0531133177191805e-15,0.2299999999999857,0.19999999999998863,,none,0.23999999999998511,0.0,-0.009999999999999431,-8.874685183736382e-33
R02_deeper_empty,242,49.39999999999933,75.47154788250599,50.0,26.792412768668264,0.0,-0.26060239174733735,1.1999999999999984,0.0,-2.819801617521956e-15,0.5,0.0,-1.3100631690576847e-14,0.5,0.0,-1.3100631690576847e-14,1.2,0.0,-3.2751579226442118e-15,0.2299999999999848,0.19999999999998863,,none,0.23999999999998423,0.0,-0.009999999999999431,-1.5777218104420236e-32
R02_deeper_empty,243,49.59999999999932,75.70344426801027,50.0,26.854251804802736,0.0,-0.260602391747338,1.1999999999999984,0.0,-3.0610748384582634e-15,0.5,0.0,-1.4210854715202004e-14,0.5,0.0,-1.4210854715202004e-14,1.2,0.0,-3.552713678800501e-15,0.2299999999999848,0.19999999999998863,,none,0.23999999999998423,0.0,-0.009999999999999431,-2.465190328815662e-32
R02_deeper_empty,244,49.79999999999931,75.93534065351456,50.0,26.91609084093721,0.0,-0.2606023917473387,1.1999999999999984,0.0,-3.2777438738075874e-15,0.5,0.0,-1.4876988529977098e-14,0.5,0.0,-1.4876988529977098e-14,1.2,0.0,-3.7192471324942744e-15,0.2299999999999857,0.19999999999998863,,none,0.23999999999998511,0.0,-0.009999999999999431,-8.874685183736382e-33
R02_deeper_empty,245,49.9999999999993,76.16723703901884,50.0,26.97792987707168,0.0,-0.26060239174733935,1.1999999999999984,0.0,-3.4961825361755135e-15,0.5,0.0,-1.5765166949677223e-14,0.5,0.0,-1.5765166949677223e-14,1.2,0.0,-3.941291737419306e-15,0.22999999999998524,0.19999999999998863,,none,0.23999999999998467,0.0,-0.009999999999999431,-1.5777218104420236e-32
R02_deeper_empty,246,50.199999999999285,76.39913342452313,50.0,27.03976891320616,0.0,-0.26060239174734,1.1999999999999984,0.0,-3.7523565932071794e-15,0.5,0.0,-1.709743457922741e-14,0.5,0.0,-1.709743457922741e-14,1.2,0.0,-4.274358644806853e-15,0.22999999999998746,0.19999999999998863,,none,0.2399999999999869,0.0,-0.009999999999999431,-3.549874073494553e-32
R02_deeper_empty,247,50.399999999999274,76.63102981002741,50.0,27.101607949340647,0.0,-0.2606023917473407,1.1999999999999984,0.0,-3.485618745470163e-15,0.5,0.0,-1.176836406102666e-14,0.5,0.0,-1.176836406102666e-14,1.2,0.0,-2.942091015256665e-15,0.2299999999999888,0.19999999999998863,,none,0.23999999999998822,0.0,-0.009999999999999431,-5.679798517591285e-31
R02_deeper_empty,248,50.59999999999926,76.8629261955317,50.0,27.163446985475133,0.0,-0.26060239174734123,1.1999999999999984,0.0,-2.1736923892614345e-15,0.5,0.0,1.9984014443252818e-15,0.5,0.0,1.9984014443252818e-15,1.2,0.0,4.996003610813204e-16,0.2299999999999888,0.19999999999998863,,none,0.23999999999998822,0.0,-0.009999999999999431,-3.7904766495869615e-30
R02_deeper_empty,249,50.79999999999925,77.09482258103598,50.0,27.22528602160962,0.0,-0.26060239174734146,1.1999999999999984,0.0,-6.928072927959327e-17,0.5,0.0,1.687538997430238e-14,0.5,0.0,1.687538997430238e-14,1.2,0.0,4.218847493575595e-15,0.2299999999999888,0.19999999999998863,,none,0.23999999999998822,0.0,-0.009999999999999431,-4.4264957544214025e-30
R02_deeper_empty,250,50.99999999999924,77.32671896654027,50.0,27.287125057744106,0.0,-0.2606023917473412,1.1999999999999984,0.0,2.621554106426569e-15,0.5,0.0,3.241851231905457e-14,0.5,0.0,3.241851231905457e-14,1.2,0.0,8.104628079763643e-15,0.22999999999998924,0.19999999999998863,,none,0.23999999999998867,0.0,-0.009999999999999431,-4.831773044478697e-30
R02_deeper_empty,251,51.19999999999923,77.55861535204455,50.0,27.348964093878593,0.0,-0.2606023917473403,1.1999999999999984,0.0,5.7423110777080954e-15,0.5,0.0,4.8405723873656825e-14,0.5,0.0,4.8405723873656825e-14,1.2,0.0,1.2101430968414206e-14,0.2299999999999888,0.19999999999998863,,none,0.23999999999998822,0.0,-0.009999999999999431,-5.111818665832157e-30
R02_deeper_empty,252,51.39999999999922,77.79051173754884,50.0,27.410803130013072,0.0,-0.26060239174733874,1.1999999999999984,0.0,9.224557306966004e-15,0.5,0.0,6.52811138479592e-14,0.5,0.0,6.52811138479592e-14,1.2,0.0,1.63202784619898e-14,0.22999999999998702,0.19999999999998863,,none,0.23999999999998645,0.0,-0.009999999999999431,-5.695575735695705e-30
R02_deeper_empty,253,51.599999999999206,78.02240812305313,50.0,27.472642166147544,0.0,-0.26060239174733657,1.1999999999999984,0.0,1.210867975122548e-14,0.5,0.0,7.194245199571014e-14,0.5,0.0,7.194245199571014e-14,1.2,0.0,1.7985612998927536e-14,0.22999999999998524,0.19999999999998863,,none,0.23999999999998467,0.0,-0.009999999999999431,-8.874685183736383e-31
R02_deeper_empty,254,51.63891565420076,78.0675301207975,50.0,27.484674698879374,0.0,-0.26060239174733607,1.1999999999999984,0.0,1.2424188757701429e-14,0.5,0.0,6.550315845288424e-14,0.5,0.0,6.550315845288424e-14,1.2,0.0,1.637578961322106e-14,100.04475300233179,0.03891565420155274,,goal_success,0.04669878504186031,100.0,-0.001945782710077637,-8.292900266135887e-31
R03_shallower_empty,0,1.0,20.289870481880357,50.0,27.92270120483191,0.0,0.260602391747341,0.3,0.0,0.0,,,,,,,,,,,,,,,,,
R03_shallower_empty,1,1.2000000000000002,20.357506927652445,50.0,27.904664819292684,0.0,0.260602391747341,0.4000000000000001,0.0,1.8274162703890707e-17,0.5,0.0,2.220446049250313e-16,0.5,0.0,2.220446049250313e-16,1.2,0.0,5.551115123125783e-17,0.015000000000000277,0.20000000000000018,,none,0.07000000000000028,0.0,-0.010000000000000009,-0.045
R03_shallower_empty,2,1.4000000000000004,20.444468072216555,50.0,27.881475180742257,0.0,0.260602391747341,0.5000000000000001,0.0,1.225834398780851e-17,0.5,0.0,0.0,0.5,0.0,0.0,1.2,0.0,0.0,0.0799999999999963,0.20000000000000018,,none,0.0899999999999963,0.0,-0.010000000000000009,-9.860761315262648e-34
R03_shallower_empty,3,1.6000000000000005,20.55075391557269,50.0,27.853132289180618,0.0,0.260602391747341,0.6000000000000002,0.0,2.6497083762344897e-17,0.5,0.0,2.220446049250313e-16,0.5,0.0,2.220446049250313e-16,1.2,0.0,5.551115123125783e-17,0.09999999999999942,0.20000000000000018,,none,0.10999999999999943,0.0,-0.010000000000000009,-9.860761315262648e-34
R03_shallower_empty,4,1.8000000000000007,20.67636445772085,50.0,27.819636144607774,0.0,0.260602391747341,0.7000000000000003,0.0,1.777429547365497e-17,0.5,0.0,0.0,0.5,0.0,0.0,1.2,0.0,0.0,0.12000000000000255,0.20000000000000018,,none,0.13000000000000256,0.0,-0.010000000000000009,-9.860761315262648e-34
R03_shallower_empty,5,2.000000000000001,20.82129969866104,50.0,27.78098674702373,0.0,0.260602391747341,0.8000000000000004,0.0,1.1923032074712862e-17,0.5,0.0,0.0,0.5,0.0,0.0,1.2,0.0,0.0,0.13999999999999146,0.20000000000000018,,none,0.14999999999999147,0.0,-0.010000000000000009,-0.0
R03_shallower_empty,6,2.2,20.98484343180104,50.0,27.73737508485306,0.0,0.260602391747341,0.888426543021342,0.0,2.6272155876972536e-17,0.5,0.0,2.220446049250313e-16,0.5,0.0,2.220446049250313e-16,1.2,0.0,5.551115123125783e-17,0.15925876558293145,0.1999999999999993,,none,0.1692587655829314,0.0,-0.009999999999999966,-9.860761315262648e-34
R03_shallower_empty,7,2.3999999999999995,21.16349763682832,50.0,27.689733963512445,0.0,0.260602391747341,0.9573049522659207,0.0,3.5897576113287934e-17,0.5,0.0,2.220446049250313e-16,0.5,0.0,2.220446049250313e-16,1.2,0.0,5.551115123125783e-17,0.17489727260433857,0.1999999999999993,,none,0.18489727260433853,0.0,-0.009999999999999966,-0.0
R03_shallower_empty,8,2.5999999999999988,21.35392189676186,50.0,27.638954160863502,0.0,0.260602391747341,1.010956662464731,0.0,5.806001375612245e-18,0.5,0.0,-2.220446049250313e-16,0.5,0.0,-2.220446049250313e-16,1.2,0.0,-5.551115123125783e-17,0.18707863184095236,0.1999999999999993,,none,0.1970786318409523,0.0,-0.009999999999999966,-3.944304526105059e-33
R03_shallower_empty,9,2.799999999999998,21.553514248435324,50.0,27.58572953375058,0.0,0.260602391747341,1.0527477845133824,0.0,-1.437948565579858e-17,0.5,0.0,-2.220446049250313e-16,0.5,0.0,-2.220446049250313e-16,1.2,0.0,-5.551115123125783e-17,0.1965671023610776,0.1999999999999993,,none,0.20656710236107756,0.0,-0.009999999999999966,-0.0
R03_shallower_empty,10,2.9999999999999973,21.76024793520205,50.0,27.53060055061278,0.0,0.260602391747341,1.0853002954326707,0.0,-2.79199497307846e-17,0.5,0.0,-2.220446049250313e-16,0.5,0.0,-2.220446049250313e-16,1.2,0.0,-5.551115123125783e-17,0.20395799126456443,0.1999999999999993,,none,0.21395799126456438,0.0,-0.009999999999999966,-0.0
R03_shallower_empty,11,3.1999999999999966,21.9725442481249,50.0,27.47398820050002,0.0,0.260602391747341,1.1106565413338159,0.0,-5.5277082148543667e-17,0.5,0.0,-4.440892098500626e-16,0.5,0.0,-4.440892098500626e-16,1.2,0.0,-1.1102230246251565e-16,0.2097150032790916,0.1999999999999993,,none,0.21971500327909155,0.0,-0.009999999999999966,-9.860761315262648e-34
R03_shallower_empty,12,3.399999999999996,22.189173477701118,50.0,27.416220405946362,0.0,0.260602391747341,1.130407374312368,0.0,-7.362829993788286e-17,0.5,0.0,-4.440892098500626e-16,0.5,0.0,-4.440892098500626e-16,1.2,0.0,-1.1102230246251565e-16,0.21419933361715754,0.1999999999999993,,none,0.2241993336171575,0.0,-0.009999999999999966,-0.0
R03_shallower_empty,13,3.599999999999995,22.409177761828552,50.0,27.35755259684571,0.0,0.260602391747341,1.1457919625857067,0.0,-8.593833262731579e-17,0.5,0.0,-4.440892098500626e-16,0.5,0.0,-4.440892098500626e-16,1.2,0.0,-1.1102230246251565e-16,0.21769232938132693,0.1999999999999993,,none,0.22769232938132689,0.0,-0.009999999999999966,-0.0
R03_shallower_empty,14,3.7999999999999945,22.631810989491026,50.0,27.298183736135716,0.0,0.260602391747341,1.1577755359670006,0.0,-1.1247008927153563e-16,0.5,0.0,-6.661338147750939e-16,0.5,0.0,-6.661338147750939e-16,1.2,0.0,-1.6653345369377348e-16,0.2204131412949744,0.1999999999999993,,none,0.23041314129497437,0.0,-0.009999999999999966,-9.860761315262648e-34
R03_shallower_empty,15,3.999999999999994,22.856491989717032,50.0,27.238268802742112,0.0,0.260602391747341,1.1671099444304183,0.0,-1.3026764338198608e-16,0.5,0.0,-6.661338147750939e-16,0.5,0.0,-6.661338147750939e-16,1.2,0.0,-1.6653345369377348e-16,0.2225324732292558,0.1999999999999993,,none,0.23253247322925574,0.0,-0.009999999999999966,-0.0
R03_shallower_empty,16,4.199999999999993,23.082768068884853,50.0,27.177928514964027,0.0,0.260602391747341,1.1743808292149132,0.0,-1.6048044009952098e-16,0.5,0.0,-8.881784197001252e-16,0.5,0.0,-8.881784197001252e-16,1.2,0.0,-2.220446049250313e-16,0.22418329217240346,0.1999999999999993,,none,0.2341832921724034,0.0,-0.009999999999999966,-9.860761315262648e-34
R03_shallower_empty,17,4.399999999999992,23.310286608702818,50.0,27.117256904345908,0.0,0.260602391747341,1.1800443659839095,0.0,-1.8074724307147996e-16,0.5,0.0,-8.881784197001252e-16,0.5,0.0,-8.881784197001252e-16,1.2,0.0,-2.220446049250313e-16,0.22546917058479982,0.1999999999999993,,none,0.23546917058479977,0.0,-0.009999999999999966,-0.0
R03_shallower_empty,18,4.599999999999992,23.538772942920588,50.0,27.056327215221167,0.0,0.260602391747341,1.1844558853085145,0.0,-1.7606809133411192e-16,0.5,0.0,-6.661338147750939e-16,0.5,0.0,-6.661338147750939e-16,1.2,0.0,-1.6653345369377348e-16,0.22647078454031605,0.1999999999999993,,none,0.236470784540316,0.0,-0.009999999999999966,-9.860761315262648e-34
R03_shallower_empty,19,4.799999999999991,23.76801312475534,50.0,26.995196500065234,0.0,0.260602391747341,1.1878921661247526,0.0,-1.7292930722141506e-16,0.5,0.0,-6.661338147750939e-16,0.5,0.0,-6.661338147750939e-16,1.2,0.0,-1.6653345369377348e-16,0.22725097534700983,0.1999999999999993,,none,0.23725097534700978,0.0,-0.009999999999999966,-0.0
R03_shallower_empty,20,4.99999999999999,23.99784050386024,50.0,26.933909198970593,0.0,0.260602391747341,1.1905688008574147,0.0,-1.7082380471602722e-16,0.5,0.0,-6.661338147750939e-16,0.5,0.0,-6.661338147750939e-16,1.2,0.0,-1.6653345369377348e-16,0.2278586922138695,0.1999999999999993,,none,0.23785869221386946,0.0,-0.009999999999999966,-0.0
R03_shallower_empty,21,5.1999999999999895,24.228125270673612,50.0,26.87249992782036,0.0,0.260602391747341,1.1926537216992266,0.0,-1.8768559223225795e-16,0.5,0.0,-8.881784197001252e-16,0.5,0.0,-8.881784197001252e-16,1.2,0.0,-2.220446049250313e-16,0.2283320633265598,0.1999999999999993,,none,0.23833206332655976,0.0,-0.009999999999999966,-9.860761315262648e-34
R03_shallower_empty,22,5.399999999999989,24.45876631216075,50.0,26.810995650090454,0.0,0.260602391747341,1.194277736684752,0.0,-1.807223494852791e-16,0.5,0.0,-6.661338147750939e-16,0.5,0.0,-6.661338147750939e-16,1.2,0.0,-1.6653345369377348e-16,0.2287007880115704,0.1999999999999993,,none,0.23870078801157035,0.0,-0.009999999999999966,-9.860761315262648e-34
R03_shallower_empty,23,5.599999999999988,24.689684867977242,50.0,26.74941736853939,0.0,0.260602391747341,1.1955427365928148,0.0,-1.9432555537182101e-16,0.5,0.0,-8.881784197001252e-16,0.5,0.0,-8.881784197001252e-16,1.2,0.0,-2.220446049250313e-16,0.22898800007355452,0.1999999999999993,,none,0.23898800007355447,0.0,-0.009999999999999966,-9.860761315262648e-34
R03_shallower_empty,24,5.799999999999987,24.920819589041123,50.0,26.687781442922358,0.0,0.260602391747341,1.1965280875788973,0.0,-2.034506124152668e-16,0.5,0.0,-8.881784197001252e-16,0.5,0.0,-8.881784197001252e-16,1.2,0.0,-2.220446049250313e-16,0.2292117192111343,0.1999999999999993,,none,0.23921171921113427,0.0,-0.009999999999999966,-0.0
R03_shallower_empty,25,5.999999999999987,25.152122688488525,50.0,26.626100616403054,0.0,0.260602391747341,1.1972956106115746,0.0,-1.9129755577568394e-16,0.5,0.0,-6.661338147750939e-16,0.5,0.0,-6.661338147750939e-16,1.2,0.0,-1.6653345369377348e-16,0.22938598157386086,0.1999999999999993,,none,0.23938598157386082,0.0,-0.009999999999999966,-9.860761315262648e-34
R03_shallower_empty,26,6.199999999999986,25.383556943523512,50.0,26.56438481506039,0.0,0.260602391747341,1.1978934601230797,0.0,-1.6487109897190495e-16,0.5,0.0,-4.440892098500626e-16,0.5,0.0,-4.440892098500626e-16,1.2,0.0,-1.1102230246251565e-16,0.2295217203907976,0.1999999999999993,,none,0.23952172039079755,0.0,-0.009999999999999966,-9.860761315262648e-34
R03_shallower_empty,27,6.399999999999985,25.615093360058065,50.0,26.502641770651174,0.0,0.260602391747341,1.1983591452207114,0.0,-1.4714418019982268e-16,0.5,0.0,-4.440892098500626e-16,0.5,0.0,-4.440892098500626e-16,1.2,0.0,-1.1102230246251565e-16,0.22962745192189776,0.1999999999999993,,none,0.23962745192189772,0.0,-0.009999999999999966,-0.0
R03_shallower_empty,28,6.5999999999999845,25.846709353621595,50.0,26.4408775057009,0.0,0.260602391747341,1.1987218830100428,0.0,-1.5352709121282967e-16,0.5,0.0,-6.661338147750939e-16,0.5,0.0,-6.661338147750939e-16,1.2,0.0,-1.6653345369377348e-16,0.22970980976852734,0.1999999999999993,,none,0.2397098097685273,0.0,-0.009999999999999966,-9.860761315262648e-34
R03_shallower_empty,29,6.799999999999984,26.078387332410156,50.0,26.379096711357285,0.0,0.260602391747341,1.1990044316775397,0.0,-1.5780876037102056e-16,0.5,0.0,-6.661338147750939e-16,0.5,0.0,-6.661338147750939e-16,1.2,0.0,-1.6653345369377348e-16,0.22977396106601394,0.1999999999999993,,none,0.2397739610660139,0.0,-0.009999999999999966,-0.0
R03_shallower_empty,30,6.999999999999983,26.310113593575828,50.0,26.31730304171311,0.0,0.260602391747341,1.1992245183402814,0.0,-1.424067496903752e-16,0.5,0.0,-4.440892098500626e-16,0.5,0.0,-4.440892098500626e-16,1.2,0.0,-1.1102230246251565e-16,0.22982393066980028,0.1999999999999993,,none,0.23982393066980023,0.0,-0.009999999999999966,-9.860761315262648e-34
R03_shallower_empty,31,7.199999999999982,26.54187746350937,50.0,26.255499343064162,0.0,0.260602391747341,1.199395951246145,0.0,-1.138008881783605e-16,0.5,0.0,-2.220446049250313e-16,0.5,0.0,-2.220446049250313e-16,1.2,0.0,-5.551115123125783e-17,0.22986285367529807,0.1999999999999993,,none,0.23986285367529803,0.0,-0.009999999999999966,-9.860761315262648e-34
R03_shallower_empty,32,7.399999999999982,26.77367062817746,50.0,26.193687832486003,0.0,0.260602391747341,1.1995294861039445,0.0,-1.3116034588457387e-16,0.5,0.0,-6.661338147750939e-16,0.5,0.0,-6.661338147750939e-16,1.2,0.0,-1.6653345369377348e-16,0.2298931721137601,0.1999999999999993,,none,0.23989317211376004,0.0,-0.009999999999999966,-3.944304526105059e-33
R03_shallower_empty,33,7.599999999999981,27.005486611499837,50.0,26.13187023693337,0.0,0.260602391747341,1.1996335008971237,0.0,-1.4280510397569396e-16,0.5,0.0,-6.661338147750939e-16,0.5,0.0,-6.661338147750939e-16,1.2,0.0,-1.6653345369377348e-16,0.22991678816545918,0.1999999999999993,,none,0.23991678816545914,0.0,-0.009999999999999966,-0.0
R03_shallower_empty,34,7.79999999999998,27.237320369039704,50.0,26.070047901589405,0.0,0.260602391747341,1.1997145215188432,0.0,-1.5061643041777358e-16,0.5,0.0,-6.661338147750939e-16,0.5,0.0,-6.661338147750939e-16,1.2,0.0,-1.6653345369377348e-16,0.22993518350263092,0.1999999999999993,,none,0.23993518350263088,0.0,-0.009999999999999966,-0.0
R03_shallower_empty,35,7.99999999999998,27.469167971515553,50.0,26.008221874262514,0.0,0.260602391747341,1.1997776312068325,0.0,-1.5585628343208921e-16,0.5,0.0,-6.661338147750939e-16,0.5,0.0,-6.661338147750939e-16,1.2,0.0,-1.6653345369377348e-16,0.22994951224960208,0.1999999999999993,,none,0.23994951224960204,0.0,-0.009999999999999966,-0.0
R03_shallower_empty,36,8.199999999999982,27.701026358277815,50.0,25.94639297112591,0.0,0.260602391747341,1.1998267894659715,0.0,-1.4109702435118972e-16,0.5,0.0,-4.440892098500626e-16,0.5,0.0,-4.440892098500626e-16,1.2,0.0,-1.1102230246251565e-16,0.22996067339268725,0.20000000000000195,,none,0.23996067339268734,0.0,-0.010000000000000097,-9.860761315262648e-34
R03_shallower_empty,37,8.399999999999984,27.932893145283572,50.0,25.884561827924376,0.0,0.260602391747341,1.199865080487819,0.0,-1.311964845699426e-16,0.5,0.0,-4.440892098500626e-16,0.5,0.0,-4.440892098500626e-16,1.2,0.0,-1.1102230246251565e-16,0.22996936718253166,0.20000000000000284,,none,0.2399693671825318,0.0,-0.010000000000000142,-0.0
R03_shallower_empty,38,8.599999999999987,28.164766475521585,50.0,25.822728939860905,0.0,0.260602391747341,1.1998949066529396,0.0,-1.2455518317244163e-16,0.5,0.0,-4.440892098500626e-16,0.5,0.0,-4.440892098500626e-16,1.2,0.0,-1.1102230246251565e-16,0.2299761390678988,0.20000000000000284,,none,0.23997613906789894,0.0,-0.010000000000000142,-0.0
R03_shallower_empty,39,8.79999999999999,28.39664490250334,50.0,25.760894692665765,0.0,0.260602391747341,1.1999181392563771,0.0,-1.2010018524030945e-16,0.5,0.0,-4.440892098500626e-16,0.5,0.0,-4.440892098500626e-16,1.2,0.0,-1.1102230246251565e-16,0.229981413917249,0.20000000000000284,,none,0.23998141391724914,0.0,-0.010000000000000142,-0.0
R03_shallower_empty,40,8.999999999999993,28.628527299510264,50.0,25.699059386797256,0.0,0.260602391747341,1.1999362359127963,0.0,-1.5366008934518623e-16,0.5,0.0,-8.881784197001252e-16,0.5,0.0,-8.881784197001252e-16,1.2,0.0,-2.220446049250313e-16,0.22998552267487113,0.20000000000000284,,none,0.23998552267487128,0.0,-0.010000000000000142,-3.944304526105059e-33
R03_shallower_empty,41,9.199999999999996,28.860412788903346,50.0,25.637223256292433,0.0,0.260602391747341,1.199950332007297,0.0,-1.5789797577763483e-16,0.5,0.0,-6.661338147750939e-16,0.5,0.0,-6.661338147750939e-16,1.2,0.0,-1.6653345369377348e-16,0.22998872312439075,0.20000000000000284,,none,0.2399887231243909,0.0,-0.010000000000000142,-9.860761315262648e-34
R03_shallower_empty,42,9.399999999999999,29.092300687060046,50.0,25.57538648345065,0.0,0.260602391747341,1.1999613119295307,0.0,-1.6074075826304855e-16,0.5,0.0,-6.661338147750939e-16,0.5,0.0,-6.661338147750939e-16,1.2,0.0,-1.6653345369377348e-16,0.22999121606220782,0.20000000000000284,,none,0.23999121606220797,0.0,-0.010000000000000142,-0.0
R03_shallower_empty,43,9.600000000000001,29.32419046148377,50.0,25.513549210270995,0.0,0.260602391747341,1.1999698645603503,0.0,-1.4437353959557596e-16,0.5,0.0,-4.440892098500626e-16,0.5,0.0,-4.440892098500626e-16,1.2,0.0,-1.1102230246251565e-16,0.22999315789534833,0.20000000000000284,,none,0.23999315789534847,0.0,-0.010000000000000142,-9.860761315262648e-34
R03_shallower_empty,44,9.800000000000004,29.556081697394994,50.0,25.45171154736133,0.0,0.260602391747341,1.1999765264922269,0.0,-1.1512021468323872e-16,0.5,0.0,-2.220446049250313e-16,0.5,0.0,-2.220446049250313e-16,1.2,0.0,-5.551115123125783e-17,0.22999467045450003,0.20000000000000284,,none,0.23999467045450018,0.0,-0.010000000000000142,-9.860761315262648e-34
R03_shallower_empty,45,10.000000000000007,29.787974071708003,50.0,25.38987358087786,0.0,0.260602391747341,1.1999817156950894,0.0,-1.137711899736667e-16,0.5,0.0,-4.440892098500626e-16,0.5,0.0,-4.440892098500626e-16,1.2,0.0,-1.1102230246251565e-16,0.22999584863771858,0.20000000000000284,,none,0.23999584863771872,0.0,-0.010000000000000142,-9.860761315262648e-34
R03_shallower_empty,46,10.20000000000001,30.019867332760455,50.0,25.328035377930536,0.0,0.260602391747341,1.1999857577397763,0.0,-1.1286626156704449e-16,0.5,0.0,-4.440892098500626e-16,0.5,0.0,-4.440892098500626e-16,1.2,0.0,-1.1102230246251565e-16,0.22999676636424268,0.20000000000000284,,none,0.23999676636424283,0.0,-0.010000000000000142,-0.0
R03_shallower_empty,47,10.400000000000013,30.251761284524097,50.0,25.266196990793567,0.0,0.260602391747341,1.1999889062243672,0.0,-1.3053339653059704e-16,0.5,0.0,-6.661338147750939e-16,0.5,0.0,-6.661338147750939e-16,1.2,0.0,-1.6653345369377348e-16,0.2299974812123203,0.20000000000000284,,none,0.23999748121232045,0.0,-0.010000000000000142,-9.860761315262648e-34
R03_shallower_empty,48,10.600000000000016,30.483655774305923,50.0,25.204358460185084,0.0,0.260602391747341,1.1999913586849376,0.0,-1.4238454512610324e-16,0.5,0.0,-6.661338147750939e-16,0.5,0.0,-6.661338147750939e-16,1.2,0.0,-1.6653345369377348e-16,0.22999803803154392,0.20000000000000284,,none,0.23999803803154407,0.0,-0.010000000000000142,-0.0
R03_shallower_empty,49,10.800000000000018,30.71555068316821,50.0,25.142519817821807,0.0,0.260602391747341,1.199993268988983,0.0,-1.320601560172248e-16,0.5,0.0,-4.440892098500626e-16,0.5,0.0,-4.440892098500626e-16,1.2,0.0,-1.1102230246251565e-16,0.22999847175676322,0.20000000000000284,,none,0.23999847175676337,0.0,-0.010000000000000142,-9.860761315262648e-34
R03_shallower_empty,50,11.000000000000021,30.947445918466368,50.0,25.080681088408966,0.0,0.260602391747341,1.1999947569890712,0.0,-1.2513453566397761e-16,0.5,0.0,-4.440892098500626e-16,0.5,0.0,-4.440892098500626e-16,1.2,0.0,-1.1102230246251565e-16,0.22999880959993177,0.20000000000000284,,none,0.23999880959993192,0.0,-0.010000000000000142,-0.0
R03_shallower_empty,51,11.200000000000024,31.179341408036414,50.0,25.01884229119029,0.0,0.260602391747341,1.1999959160423999,0.0,-1.0221465331784053e-16,0.5,0.0,-2.220446049250313e-16,0.5,0.0,-2.220446049250313e-16,1.2,0.0,-5.551115123125783e-17,0.2299990727573423,0.20000000000000284,,none,0.23999907275734245,0.0,-0.010000000000000142,-9.860761315262648e-34
R03_shallower_empty,52,11.400000000000027,31.411237095667378,50.0,24.95700344115537,0.0,0.260602391747341,1.199996818868031,0.0,-8.683995153195625e-17,0.5,0.0,-2.220446049250313e-16,0.5,0.0,-2.220446049250313e-16,1.2,0.0,-5.551115123125783e-17,0.22999927773948556,0.20000000000000284,,none,0.2399992777394857,0.0,-0.010000000000000142,-0.0
R03_shallower_empty,53,11.60000000000003,31.64313293757466,50.0,24.895164549980095,0.0,0.260602391747341,1.1999975221092882,0.0,-5.825240887981671e-17,0.5,0.0,0.0,0.5,0.0,0.0,1.2,0.0,0.0,0.22999943740700032,0.20000000000000284,,none,0.23999943740700047,0.0,-0.010000000000000142,-9.860761315262648e-34
R03_shallower_empty,54,11.800000000000033,31.875028899652957,50.0,24.833325626759216,0.0,0.260602391747341,1.1999980698875623,0.0,-2.080166680129541e-17,0.5,0.0,2.220446049250313e-16,0.5,0.0,2.220446049250313e-16,1.2,0.0,5.551115123125783e-17,0.2299995617773952,0.20000000000000284,,none,0.23999956177739534,0.0,-0.010000000000000142,-9.860761315262648e-34
R03_shallower_empty,55,12.000000000000036,32.106924955336495,50.0,24.771486678576938,0.0,0.260602391747341,1.1999984965704886,0.0,4.3203640373304415e-18,0.5,0.0,2.220446049250313e-16,0.5,0.0,2.220446049250313e-16,1.2,0.0,5.551115123125783e-17,0.22999965865365155,0.20000000000000284,,none,0.2399996586536517,0.0,-0.010000000000000142,-0.0
R03_shallower_empty,56,12.200000000000038,32.33882108393231,50.0,24.709647710951387,0.0,0.260602391747341,1.1999988289281747,0.0,2.117227132754207e-17,0.5,0.0,2.220446049250313e-16,0.5,0.0,2.220446049250313e-16,1.2,0.0,5.551115123125783e-17,0.2299997341138514,0.20000000000000284,,none,0.23999973411385156,0.0,-0.010000000000000142,-0.0
R03_shallower_empty,57,12.400000000000041,32.570717269321946,50.0,24.647808728180816,0.0,0.260602391747341,1.1999990878127575,0.0,3.2476563609567686e-17,0.5,0.0,2.220446049250313e-16,0.5,0.0,2.220446049250313e-16,1.2,0.0,5.551115123125783e-17,0.22999979289234104,0.20000000000000284,,none,0.2399997928923412,0.0,-0.010000000000000142,-0.0
R03_shallower_empty,58,12.600000000000044,32.8026134989502,50.0,24.585969733613283,0.0,0.260602391747341,1.199999289466669,0.0,2.1785342218894895e-17,0.5,0.0,0.0,0.5,0.0,0.0,1.2,0.0,0.0,0.22999983867686566,0.20000000000000284,,none,0.2399998386768658,0.0,-0.010000000000000142,-9.860761315262648e-34
R03_shallower_empty,59,12.800000000000047,33.034509763037406,50.0,24.524130729856694,0.0,0.260602391747341,1.1999994465416843,0.0,3.2887812759358566e-17,0.5,0.0,2.220446049250313e-16,0.5,0.0,2.220446049250313e-16,1.2,0.0,5.551115123125783e-17,0.22999987433998612,0.20000000000000284,,none,0.23999987433998626,0.0,-0.010000000000000142,-9.860761315262648e-34
R03_shallower_empty,60,13.00000000000005,33.266406053965845,50.0,24.462291718942442,0.0,0.260602391747341,1.199999568892698,0.0,2.2061208950767488e-17,0.5,0.0,0.0,0.5,0.0,0.0,1.2,0.0,0.0,0.22999990211918728,0.20000000000000284,,none,0.23999990211918742,0.0,-0.010000000000000142,-9.860761315262648e-34
R03_shallower_empty,61,13.200000000000053,33.49830236580182,50.0,24.400452702452842,0.0,0.260602391747341,1.1999996641960191,0.0,1.4798701997320542e-17,0.5,0.0,0.0,0.5,0.0,0.0,1.2,0.0,0.0,0.2299999237573381,0.20000000000000284,,none,0.23999992375733825,0.0,-0.010000000000000142,-0.0
R03_shallower_empty,62,13.400000000000055,33.730198693923384,50.0,24.338613681620426,0.0,0.260602391747341,1.199999738430982,0.0,-4.489548994515142e-17,0.5,0.0,-6.661338147750939e-16,0.5,0.0,-6.661338147750939e-16,1.2,0.0,-1.6653345369377348e-16,0.22999994061202997,0.20000000000000284,,none,0.23999994061203012,0.0,-0.010000000000000142,-8.874685183736382e-33
R03_shallower_empty,63,13.600000000000058,33.962095034730346,50.0,24.276774657405234,0.0,0.260602391747341,1.1999997962550921,0.0,-6.666430763725405e-17,0.5,0.0,-4.440892098500626e-16,0.5,0.0,-4.440892098500626e-16,1.2,0.0,-1.1102230246251565e-16,0.22999995374071389,0.20000000000000284,,none,0.23999995374071403,0.0,-0.010000000000000142,-9.860761315262648e-34
R03_shallower_empty,64,13.800000000000061,34.19399138541838,50.0,24.214935630555093,0.0,0.260602391747341,1.1999998412962367,0.0,-9.954103571180723e-17,0.5,0.0,-6.661338147750939e-16,0.5,0.0,-6.661338147750939e-16,1.2,0.0,-1.6653345369377348e-16,0.22999996396707942,0.20000000000000284,,none,0.23999996396707957,0.0,-0.010000000000000142,-9.860761315262648e-34
R03_shallower_empty,65,14.000000000000064,34.42588774380312,50.0,24.153096601652496,0.0,0.260602391747341,1.1999998763802995,0.0,-1.2159480903438519e-16,0.5,0.0,-6.661338147750939e-16,0.5,0.0,-6.661338147750939e-16,1.2,0.0,-1.6653345369377348e-16,0.22999997193275376,0.20000000000000284,,none,0.2399999719327539,0.0,-0.010000000000000142,-0.0
R03_shallower_empty,66,14.200000000000067,34.65778410818309,50.0,24.091257571151175,0.0,0.260602391747341,1.1999999037084563,0.0,-1.1811436049392138e-16,0.5,0.0,-4.440892098500626e-16,0.5,0.0,-4.440892098500626e-16,1.2,0.0,-1.1102230246251565e-16,0.22999997813747583,0.20000000000000284,,none,0.23999997813747598,0.0,-0.010000000000000142,-9.860761315262648e-34
R03_shallower_empty,67,14.40000000000007,34.889680477232936,50.0,24.029418539404556,0.0,0.260602391747341,1.1999999249952773,0.0,-9.750550612003761e-17,0.5,0.0,-2.220446049250313e-16,0.5,0.0,-2.220446049250313e-16,1.2,0.0,-5.551115123125783e-17,0.2299999829705449,0.20000000000000284,,none,0.23999998297054503,0.0,-0.010000000000000142,-9.860761315262648e-34
R03_shallower_empty,68,14.600000000000072,35.12157684992031,50.0,23.967579506687926,0.0,0.260602391747341,1.199999941576298,0.0,-2.885855829421768e-17,0.5,0.0,4.440892098500626e-16,0.5,0.0,4.440892098500626e-16,1.2,0.0,1.1102230246251565e-16,0.22999998673518504,0.20000000000000284,,none,0.2399999867351852,0.0,-0.010000000000000142,-8.874685183736382e-33
R03_shallower_empty,69,14.800000000000075,35.35347322544107,50.0,23.905740473215722,0.0,0.260602391747341,1.1999999544918132,0.0,3.546411091568563e-17,0.5,0.0,6.661338147750939e-16,0.5,0.0,6.661338147750939e-16,1.2,0.0,1.6653345369377348e-16,0.2299999896675878,0.20000000000000284,,none,0.23999998966758795,0.0,-0.010000000000000142,-9.860761315262648e-34
R03_shallower_empty,70,15.000000000000078,35.58536960316886,50.0,23.84390143915498,0.0,0.260602391747341,1.1999999645521422,0.0,7.861188289109539e-17,0.5,0.0,6.661338147750939e-16,0.5,0.0,6.661338147750939e-16,1.2,0.0,1.6653345369377348e-16,0.229999991951734,0.20000000000000284,,none,0.23999999195173416,0.0,-0.010000000000000142,-0.0
R03_shallower_empty,71,15.200000000000081,35.81726598261578,50.0,23.782062404635802,0.0,0.260602391747341,1.199999972388471,0.0,1.0755549249732297e-16,0.5,0.0,6.661338147750939e-16,0.5,0.0,6.661338147750939e-16,1.2,0.0,1.6653345369377348e-16,0.22999999373095434,0.20000000000000284,,none,0.2399999937309545,0.0,-0.010000000000000142,-0.0
R03_shallower_empty,72,15.400000000000084,36.04916236340178,50.0,23.720223369759537,0.0,0.260602391747341,1.199999978492451,0.0,1.2697092227930892e-16,0.5,0.0,6.661338147750939e-16,0.5,0.0,6.661338147750939e-16,1.2,0.0,1.6653345369377348e-16,0.2299999951168182,0.20000000000000284,,none,0.23999999511681835,0.0,-0.010000000000000142,-0.0
R03_shallower_empty,73,15.600000000000087,36.28105874523083,50.0,23.658384334605124,0.0,0.260602391747341,1.1999999832470465,0.0,1.5826899315317852e-16,0.5,0.0,8.881784197001252e-16,0.5,0.0,8.881784197001252e-16,1.2,0.0,2.220446049250313e-16,0.22999999619632447,0.20000000000000284,,none,0.23999999619632462,0.0,-0.010000000000000142,-9.860761315262648e-34
R03_shallower_empty,74,15.80000000000009,36.51295512787235,50.0,23.59654529923405,0.0,0.260602391747341,1.199999986950561,0.0,1.7926380014616975e-16,0.5,0.0,8.881784197001252e-16,0.5,0.0,8.881784197001252e-16,1.2,0.0,2.220446049250313e-16,0.22999999703718074,0.20000000000000284,,none,0.2399999970371809,0.0,-0.010000000000000142,-0.0
R03_shallower_empty,75,16.000000000000092,36.74485151114674,50.0,23.534706263694215,0.0,0.260602391747341,1.1999999898353528,0.0,1.9334715763006363e-16,0.5,0.0,8.881784197001252e-16,0.5,0.0,8.881784197001252e-16,1.2,0.0,2.220446049250313e-16,0.22999999769216614,0.20000000000000284,,none,0.2399999976921663,0.0,-0.010000000000000142,-0.0
R03_shallower_empty,76,16.200000000000095,36.97674789491409,50.0,23.472867228022917,0.0,0.260602391747341,1.1999999920824145,0.0,2.0279430130160889e-16,0.5,0.0,8.881784197001252e-16,0.5,0.0,8.881784197001252e-16,1.2,0.0,2.220446049250313e-16,0.22999999820235004,0.20000000000000284,,none,0.23999999820235018,0.0,-0.010000000000000142,-0.0
R03_shallower_empty,77,16.400000000000098,37.208644279065425,50.0,23.41102819224923,0.0,0.260602391747341,1.1999999938327262,0.0,1.9085730100042534e-16,0.5,0.0,6.661338147750939e-16,0.5,0.0,6.661338147750939e-16,1.2,0.0,1.6653345369377348e-16,0.2299999985997566,0.20000000000000284,,none,0.23999999859975674,0.0,-0.010000000000000142,-9.860761315262648e-34
R03_shallower_empty,78,16.6000000000001,37.44054066351585,50.0,23.349189156395784,0.0,0.260602391747341,1.199999995196103,0.0,1.8284993791378016e-16,0.5,0.0,6.661338147750939e-16,0.5,0.0,6.661338147750939e-16,1.2,0.0,1.6653345369377348e-16,0.22999999890929743,0.20000000000000284,,none,0.23999999890929757,0.0,-0.010000000000000142,-0.0
R03_shallower_empty,79,16.800000000000104,37.67243704819925,50.0,23.287350120480212,0.0,0.260602391747341,1.199999996258083,0.0,1.957527458397867e-16,0.5,0.0,8.881784197001252e-16,0.5,0.0,8.881784197001252e-16,1.2,0.0,2.220446049250313e-16,0.229999999150413,0.20000000000000284,,none,0.23999999915041315,0.0,-0.010000000000000142,-9.860761315262648e-34
R03_shallower_empty,80,17.000000000000107,37.90433343306413,50.0,23.22551108451625,0.0,0.260602391747341,1.1999999970852948,0.0,2.0440797456509161e-16,0.5,0.0,8.881784197001252e-16,0.5,0.0,8.881784197001252e-16,1.2,0.0,2.220446049250313e-16,0.22999999933823786,0.20000000000000284,,none,0.239999999338238,0.0,-0.010000000000000142,-0.0
R03_shallower_empty,81,17.20000000000011,38.136229818070355,50.0,23.163672048514588,0.0,0.260602391747341,1.199999997729638,0.0,2.650364069888038e-16,0.5,0.0,1.5543122344752192e-15,0.5,0.0,1.5543122344752192e-15,1.2,0.0,3.885780586188048e-16,0.2299999994845173,0.20000000000000284,,none,0.23999999948451745,0.0,-0.010000000000000142,-8.874685183736382e-33
R03_shallower_empty,82,17.400000000000112,38.36812620318669,50.0,23.101833012483564,0.0,0.260602391747341,1.1999999982315388,0.0,2.874319150180752e-16,0.5,0.0,1.3322676295501878e-15,0.5,0.0,1.3322676295501878e-15,1.2,0.0,3.3306690738754696e-16,0.22999999959848125,0.20000000000000284,,none,0.2399999995984814,0.0,-0.010000000000000142,-9.860761315262648e-34
R03_shallower_empty,83,17.600000000000115,38.60002258838879,50.0,23.03999397642967,0.0,0.260602391747341,1.199999998622486,0.0,2.8418070278545754e-16,0.5,0.0,1.1102230246251565e-15,0.5,0.0,1.1102230246251565e-15,1.2,0.0,2.7755575615628914e-16,0.22999999968723514,0.20000000000000284,,none,0.2399999996872353,0.0,-0.010000000000000142,-9.860761315262648e-34
R03_shallower_empty,84,17.800000000000118,38.83191897365769,50.0,22.978154940357964,0.0,0.260602391747341,1.199999998927008,0.0,2.8199978327792186e-16,0.5,0.0,1.1102230246251565e-15,0.5,0.0,1.1102230246251565e-15,1.2,0.0,2.7755575615628914e-16,0.22999999975638516,0.20000000000000284,,none,0.2399999997563853,0.0,-0.010000000000000142,-0.0
R03_shallower_empty,85,18.00000000000012,39.063815358978644,50.0,22.91631590427238,0.0,0.260602391747341,1.1999999991642103,0.0,2.988109809220015e-16,0.5,0.0,1.3322676295501878e-15,0.5,0.0,1.3322676295501878e-15,1.2,0.0,3.3306690738754696e-16,0.2299999998102443,0.20000000000000284,,none,0.23999999981024445,0.0,-0.010000000000000142,-9.860761315262648e-34
R03_shallower_empty,86,18.200000000000124,39.295711744340124,50.0,22.85447686817599,0.0,0.260602391747341,1.1999999993489752,0.0,3.283621277978832e-16,0.5,0.0,1.5543122344752192e-15,0.5,0.0,1.5543122344752192e-15,1.2,0.0,3.885780586188048e-16,0.22999999985218764,0.20000000000000284,,none,0.23999999985218778,0.0,-0.010000000000000142,-9.860761315262648e-34
R03_shallower_empty,87,18.400000000000126,39.527608129733174,50.0,22.792637832071176,0.0,0.260602391747341,1.199999999492895,0.0,3.8473342017321193e-16,0.5,0.0,1.9984014443252818e-15,0.5,0.0,1.9984014443252818e-15,1.2,0.0,4.996003610813204e-16,0.2299999998848655,0.20000000000000284,,none,0.23999999988486564,0.0,-0.010000000000000142,-3.944304526105059e-33
R03_shallower_empty,88,18.60000000000013,39.75950451515082,50.0,22.730798795959807,0.0,0.260602391747341,1.1999999996049988,0.0,4.225473930578346e-16,0.5,0.0,1.9984014443252818e-15,0.5,0.0,1.9984014443252818e-15,1.2,0.0,4.996003610813204e-16,0.22999999991031714,0.20000000000000284,,none,0.23999999991031729,0.0,-0.010000000000000142,-0.0
R03_shallower_empty,89,18.800000000000132,39.99140090058762,50.0,22.668959759843325,0.0,0.260602391747341,1.1999999996923203,0.0,4.661872425336112e-16,0.5,0.0,2.220446049250313e-15,0.5,0.0,2.220446049250313e-15,1.2,0.0,5.551115123125783e-16,0.22999999993014128,0.20000000000000284,,none,0.23999999993014143,0.0,-0.010000000000000142,-9.860761315262648e-34
R03_shallower_empty,90,19.000000000000135,40.22329728603935,50.0,22.607120723722865,0.0,0.260602391747341,1.199999999760338,0.0,4.954609386869434e-16,0.5,0.0,2.220446049250313e-15,0.5,0.0,2.220446049250313e-15,1.2,0.0,5.551115123125783e-16,0.22999999994558848,0.20000000000000284,,none,0.23999999994558863,0.0,-0.010000000000000142,-0.0
R03_shallower_empty,91,19.200000000000138,40.45519367150269,50.0,22.545281687599307,0.0,0.260602391747341,1.1999999998133195,0.0,5.150977911686023e-16,0.5,0.0,2.220446049250313e-15,0.5,0.0,2.220446049250313e-15,1.2,0.0,5.551115123125783e-16,0.22999999995761797,0.20000000000000284,,none,0.23999999995761812,0.0,-0.010000000000000142,-0.0
R03_shallower_empty,92,19.40000000000014,40.68709005697509,50.0,22.483442651473332,0.0,0.260602391747341,1.1999999998545883,0.0,5.282702301174343e-16,0.5,0.0,2.220446049250313e-15,0.5,0.0,2.220446049250313e-15,1.2,0.0,5.551115123125783e-16,0.22999999996697582,0.20000000000000284,,none,0.23999999996697596,0.0,-0.010000000000000142,-0.0
R03_shallower_empty,93,19.600000000000144,40.91898644245454,50.0,22.421603615345475,0.0,0.260602391747341,1.1999999998867341,0.0,5.188321651549089e-16,0.5,0.0,1.9984014443252818e-15,0.5,0.0,1.9984014443252818e-15,1.2,0.0,4.996003610813204e-16,0.2299999999742873,0.20000000000000284,,none,0.23999999997428745,0.0,-0.010000000000000142,-9.860761315262648e-34
R03_shallower_empty,94,19.800000000000146,41.15088282793948,50.0,22.359764579216154,0.0,0.260602391747341,1.1999999999117732,0.0,4.942269300640307e-16,0.5,0.0,1.7763568394002505e-15,0.5,0.0,1.7763568394002505e-15,1.2,0.0,4.440892098500626e-16,0.22999999997997164,0.20000000000000284,,none,0.2399999999799718,0.0,-0.010000000000000142,-9.860761315262648e-34
R03_shallower_empty,95,20.00000000000015,41.38277921342871,50.0,22.297925543085693,0.0,0.260602391747341,1.1999999999312772,0.0,4.594475276655922e-16,0.5,0.0,1.5543122344752192e-15,0.5,0.0,1.5543122344752192e-15,1.2,0.0,3.885780586188048e-16,0.22999999998439832,0.20000000000000284,,none,0.23999999998439847,0.0,-0.010000000000000142,-9.860761315262648e-34
R03_shallower_empty,96,20.200000000000152,41.614675598921266,50.0,22.236086506954347,0.0,0.260602391747341,1.1999999999464694,0.0,4.3611743669514784e-16,0.5,0.0,1.5543122344752192e-15,0.5,0.0,1.5543122344752192e-15,1.2,0.0,3.885780586188048e-16,0.22999999998784446,0.20000000000000284,,none,0.2399999999878446,0.0,-0.010000000000000142,-0.0
R03_shallower_empty,97,20.400000000000155,41.846571984416414,50.0,22.174247470822305,0.0,0.260602391747341,1.1999999999583035,0.0,4.3874172886780577e-16,0.5,0.0,1.7763568394002505e-15,0.5,0.0,1.7763568394002505e-15,1.2,0.0,4.440892098500626e-16,0.2299999999905303,0.20000000000000284,,none,0.23999999999053045,0.0,-0.010000000000000142,-9.860761315262648e-34
R03_shallower_empty,98,20.600000000000158,42.07846836991359,50.0,22.112408434689726,0.0,0.260602391747341,1.1999999999675213,0.0,4.0395378376845323e-16,0.5,0.0,1.3322676295501878e-15,0.5,0.0,1.3322676295501878e-15,1.2,0.0,3.3306690738754696e-16,0.2299999999926193,0.20000000000000284,,none,0.23999999999261945,0.0,-0.010000000000000142,-3.944304526105059e-33
R03_shallower_empty,99,20.80000000000016,42.310364755412344,50.0,22.05056939855673,0.0,0.260602391747341,1.199999999974701,0.0,3.9889212504146285e-16,0.5,0.0,1.5543122344752192e-15,0.5,0.0,1.5543122344752192e-15,1.2,0.0,3.885780586188048e-16,0.22999999999426776,0.20000000000000284,,none,0.2399999999942679,0.0,-0.010000000000000142,-9.860761315262648e-34
R03_shallower_empty,100,21.000000000000163,42.542261140912316,50.0,21.9887303624234,0.0,0.260602391747341,1.1999999999802937,0.0,4.3204507990178104e-16,0.5,0.0,1.9984014443252818e-15,0.5,0.0,1.9984014443252818e-15,1.2,0.0,4.996003610813204e-16,0.22999999999552542,0.20000000000000284,,none,0.23999999999552557,0.0,-0.010000000000000142,-3.944304526105059e-33
R03_shallower_empty,101,21.200000000000166,42.774157526413255,50.0,21.926891326289823,0.0,0.260602391747341,1.19999999998465,0.0,4.3600998398717435e-16,0.5,0.0,1.7763568394002505e-15,0.5,0.0,1.7763568394002505e-15,1.2,0.0,4.440892098500626e-16,0.22999999999652018,0.20000000000000284,,none,0.23999999999652033,0.0,-0.010000000000000142,-9.860761315262648e-34
R03_shallower_empty,102,21.40000000000017,43.00605391191493,50.0,21.86505229015604,0.0,0.260602391747341,1.1999999999880433,0.0,4.934921374933693e-16,0.5,0.0,2.4424906541753444e-15,0.5,0.0,2.4424906541753444e-15,1.2,0.0,6.106226635438361e-16,0.22999999999728046,0.20000000000000284,,none,0.2399999999972806,0.0,-0.010000000000000142,-8.874685183736382e-33
R03_shallower_empty,103,21.600000000000172,43.237950297417186,50.0,21.803213254022104,0.0,0.260602391747341,1.1999999999906865,0.0,5.137771154875599e-16,0.5,0.0,2.220446049250313e-15,0.5,0.0,2.220446049250313e-15,1.2,0.0,5.551115123125783e-16,0.22999999999788442,0.20000000000000284,,none,0.23999999999788457,0.0,-0.010000000000000142,-9.860761315262648e-34
R03_shallower_empty,104,21.800000000000175,43.46984668291989,50.0,21.741374217888048,0.0,0.260602391747341,1.1999999999927455,0.0,5.091101555905574e-16,0.5,0.0,1.9984014443252818e-15,0.5,0.0,1.9984014443252818e-15,1.2,0.0,4.996003610813204e-16,0.22999999999835338,0.20000000000000284,,none,0.23999999999835353,0.0,-0.010000000000000142,-9.860761315262648e-34
R03_shallower_empty,105,22.000000000000178,43.70174306842296,50.0,21.6795351817539,0.0,0.260602391747341,1.1999999999943491,0.0,4.877053870842688e-16,0.5,0.0,1.7763568394002505e-15,0.5,0.0,1.7763568394002505e-15,1.2,0.0,4.440892098500626e-16,0.22999999999872997,0.20000000000000284,,none,0.23999999999873012,0.0,-0.010000000000000142,-9.860761315262648e-34
R03_shallower_empty,106,22.20000000000018,43.9336394539263,50.0,21.617696145619675,0.0,0.260602391747341,1.1999999999955986,0.0,4.916211893214645e-16,0.5,0.0,1.9984014443252818e-15,0.5,0.0,1.9984014443252818e-15,1.2,0.0,4.996003610813204e-16,0.22999999999899998,0.20000000000000284,,none,0.23999999999900012,0.0,-0.010000000000000142,-9.860761315262648e-34
R03_shallower_empty,107,22.400000000000183,44.165535839429836,50.0,21.555857109485395,0.0,0.260602391747341,1.1999999999965714,0.0,4.942479171004371e-16,0.5,0.0,1.9984014443252818e-15,0.5,0.0,1.9984014443252818e-15,1.2,0.0,4.996003610813204e-16,0.22999999999921314,0.20000000000000284,,none,0.2399999999992133,0.0,-0.010000000000000142,-0.0
R03_shallower_empty,108,22.600000000000186,44.39743222493355,50.0,21.49401807335107,0.0,0.260602391747341,1.1999999999973292,0.0,4.777357685144421e-16,0.5,0.0,1.7763568394002505e-15,0.5,0.0,1.7763568394002505e-15,1.2,0.0,4.440892098500626e-16,0.22999999999939788,0.20000000000000284,,none,0.23999999999939803,0.0,-0.010000000000000142,-9.860761315262648e-34
R03_shallower_empty,109,22.80000000000019,44.6293286104374,50.0,21.432179037216713,0.0,0.260602391747341,1.1999999999979196,0.0,4.666593870339469e-16,0.5,0.0,1.7763568394002505e-15,0.5,0.0,1.7763568394002505e-15,1.2,0.0,4.440892098500626e-16,0.22999999999953288,0.20000000000000284,,none,0.23999999999953303,0.0,-0.010000000000000142,-0.0
R03_shallower_empty,110,23.000000000000192,44.86122499594134,50.0,21.37034000108233,0.0,0.260602391747341,1.1999999999983795,0.0,4.775034914348547e-16,0.5,0.0,1.9984014443252818e-15,0.5,0.0,1.9984014443252818e-15,1.2,0.0,4.996003610813204e-16,0.22999999999963236,0.20000000000000284,,none,0.2399999999996325,0.0,-0.010000000000000142,-9.860761315262648e-34
R03_shallower_empty,111,23.200000000000195,45.093121381445364,50.0,21.30850096494792,0.0,0.260602391747341,1.1999999999987376,0.0,4.847777378197649e-16,0.5,0.0,1.9984014443252818e-15,0.5,0.0,1.9984014443252818e-15,1.2,0.0,4.996003610813204e-16,0.22999999999971052,0.20000000000000284,,none,0.23999999999971067,0.0,-0.010000000000000142,-0.0
R03_shallower_empty,112,23.400000000000198,45.32501776694945,50.0,21.2466619288135,0.0,0.260602391747341,1.1999999999990165,0.0,4.713831537801988e-16,0.5,0.0,1.7763568394002505e-15,0.5,0.0,1.7763568394002505e-15,1.2,0.0,4.440892098500626e-16,0.22999999999978157,0.20000000000000284,,none,0.23999999999978172,0.0,-0.010000000000000142,-9.860761315262648e-34
R03_shallower_empty,113,23.6000000000002,45.55691415245358,50.0,21.184822892679065,0.0,0.260602391747341,1.199999999999234,0.0,4.806722033825381e-16,0.5,0.0,1.9984014443252818e-15,0.5,0.0,1.9984014443252818e-15,1.2,0.0,4.996003610813204e-16,0.2299999999998171,0.20000000000000284,,none,0.23999999999981725,0.0,-0.010000000000000142,-9.860761315262648e-34
R03_shallower_empty,114,23.800000000000203,45.788810537957744,50.0,21.12298385654462,0.0,0.260602391747341,1.199999999999403,0.0,4.869033159752397e-16,0.5,0.0,1.9984014443252818e-15,0.5,0.0,1.9984014443252818e-15,1.2,0.0,4.996003610813204e-16,0.22999999999986684,0.20000000000000284,,none,0.239999999999867,0.0,-0.010000000000000142,-0.0
R03_shallower_empty,115,24.000000000000206,46.020706923461944,50.0,21.061144820410167,0.0,0.260602391747341,1.1999999999995352,0.0,4.91083158456988e-16,0.5,0.0,1.9984014443252818e-15,0.5,0.0,1.9984014443252818e-15,1.2,0.0,4.996003610813204e-16,0.22999999999989526,0.20000000000000284,,none,0.2399999999998954,0.0,-0.010000000000000142,-0.0
R03_shallower_empty,116,24.20000000000021,46.252603308966165,50.0,20.99930578427571,0.0,0.260602391747341,1.199999999999638,0.0,4.938870049470499e-16,0.5,0.0,1.9984014443252818e-15,0.5,0.0,1.9984014443252818e-15,1.2,0.0,4.996003610813204e-16,0.22999999999991658,0.20000000000000284,,none,0.23999999999991672,0.0,-0.010000000000000142,-0.0
R03_shallower_empty,117,24.40000000000021,46.4844996944704,50.0,20.93746674814125,0.0,0.260602391747341,1.1999999999997182,0.0,4.957678306418364e-16,0.5,0.0,1.9984014443252818e-15,0.5,0.0,1.9984014443252818e-15,1.2,0.0,4.996003610813204e-16,0.2299999999999379,0.20000000000000284,,none,0.23999999999993804,0.0,-0.010000000000000142,-0.0
R03_shallower_empty,118,24.600000000000215,46.71639607997466,50.0,20.87562771200678,0.0,0.260602391747341,1.1999999999997806,0.0,5.518519802983571e-16,0.5,0.0,2.6645352591003757e-15,0.5,0.0,2.6645352591003757e-15,1.2,0.0,6.661338147750939e-16,0.2299999999999592,0.20000000000000284,,none,0.23999999999995936,0.0,-0.010000000000000142,-8.874685183736382e-33
R03_shallower_empty,119,24.800000000000217,46.948292465478914,50.0,20.813788675872306,0.0,0.260602391747341,1.1999999999998292,0.0,5.529250118793141e-16,0.5,0.0,2.220446049250313e-15,0.5,0.0,2.220446049250313e-15,1.2,0.0,5.551115123125783e-16,0.2299999999999521,0.20000000000000284,,none,0.23999999999995225,0.0,-0.010000000000000142,-3.944304526105059e-33
R03_shallower_empty,120,25.00000000000022,47.18018885098318,50.0,20.751949639737834,0.0,0.260602391747341,1.1999999999998672,0.0,5.170964781491208e-16,0.5,0.0,1.7763568394002505e-15,0.5,0.0,1.7763568394002505e-15,1.2,0.0,4.440892098500626e-16,0.22999999999996631,0.20000000000000284,,none,0.23999999999996646,0.0,-0.010000000000000142,-3.944304526105059e-33
R03_shallower_empty,121,25.200000000000223,47.412085236487464,50.0,20.69011060360336,0.0,0.260602391747341,1.1999999999998965,0.0,4.747884651309828e-16,0.5,0.0,1.5543122344752192e-15,0.5,0.0,1.5543122344752192e-15,1.2,0.0,3.885780586188048e-16,0.22999999999998053,0.20000000000000284,,none,0.23999999999998067,0.0,-0.010000000000000142,-9.860761315262648e-34
R03_shallower_empty,122,25.400000000000226,47.64398162199175,50.0,20.62827156746889,0.0,0.260602391747341,1.1999999999999194,0.0,4.829564928791294e-16,0.5,0.0,1.9984014443252818e-15,0.5,0.0,1.9984014443252818e-15,1.2,0.0,4.996003610813204e-16,0.22999999999998763,0.20000000000000284,,none,0.23999999999998778,0.0,-0.010000000000000142,-3.944304526105059e-33
R03_shallower_empty,123,25.60000000000023,47.875878007496034,50.0,20.566432531334417,0.0,0.260602391747341,1.1999999999999371,0.0,5.249839472331268e-16,0.5,0.0,2.4424906541753444e-15,0.5,0.0,2.4424906541753444e-15,1.2,0.0,6.106226635438361e-16,0.22999999999998763,0.20000000000000284,,none,0.23999999999998778,0.0,-0.010000000000000142,-3.944304526105059e-33
R03_shallower_empty,124,25.80000000000023,48.10777439300032,50.0,20.504593495199945,0.0,0.2606023917473411,1.1999999999999509,0.0,5.897243710013727e-16,0.5,0.0,2.886579864025407e-15,0.5,0.0,2.886579864025407e-15,1.2,0.0,7.216449660063518e-16,0.22999999999998053,0.20000000000000284,,none,0.23999999999998067,0.0,-0.010000000000000142,-3.944304526105059e-33
R03_shallower_empty,125,26.000000000000234,48.339670778504605,50.0,20.442754459065473,0.0,0.26060239174734134,1.1999999999999618,0.0,6.331523735494011e-16,0.5,0.0,2.886579864025407e-15,0.5,0.0,2.886579864025407e-15,1.2,0.0,7.216449660063518e-16,0.22999999999998763,0.20000000000000284,,none,0.23999999999998778,0.0,-0.010000000000000142,-0.0
R03_shallower_empty,126,26.200000000000237,48.57156716400889,50.0,20.380915422931,0.0,0.26060239174734157,1.1999999999999702,0.0,6.440097996664754e-16,0.5,0.0,2.6645352591003757e-15,0.5,0.0,2.6645352591003757e-15,1.2,0.0,6.661338147750939e-16,0.22999999999998053,0.20000000000000284,,none,0.23999999999998067,0.0,-0.010000000000000142,-9.860761315262648e-34
R03_shallower_empty,127,26.40000000000024,48.803463549513175,50.0,20.319076386796528,0.0,0.2606023917473418,1.1999999999999769,0.0,6.147446568767942e-16,0.5,0.0,2.220446049250313e-15,0.5,0.0,2.220446049250313e-15,1.2,0.0,5.551115123125783e-16,0.22999999999998763,0.20000000000000284,,none,0.23999999999998778,0.0,-0.010000000000000142,-3.944304526105059e-33
R03_shallower_empty,128,26.600000000000243,49.03535993501746,50.0,20.257237350662056,0.0,0.260602391747342,1.199999999999982,0.0,5.585652166003756e-16,0.5,0.0,1.7763568394002505e-15,0.5,0.0,1.7763568394002505e-15,1.2,0.0,4.440892098500626e-16,0.22999999999998053,0.20000000000000284,,none,0.23999999999998067,0.0,-0.010000000000000142,-3.944304526105059e-33
R03_shallower_empty,129,26.800000000000246,49.267256320521746,50.0,20.195398314527583,0.0,0.260602391747342,1.199999999999986,0.0,4.843316130701518e-16,0.5,0.0,1.3322676295501878e-15,0.5,0.0,1.3322676295501878e-15,1.2,0.0,3.3306690738754696e-16,0.22999999999998763,0.20000000000000284,,none,0.23999999999998778,0.0,-0.010000000000000142,-3.944304526105059e-33
R03_shallower_empty,130,27.00000000000025,49.49915270602603,50.0,20.133559278393104,0.0,0.260602391747342,1.199999999999989,0.0,4.710838924279362e-16,0.5,0.0,1.7763568394002505e-15,0.5,0.0,1.7763568394002505e-15,1.2,0.0,4.440892098500626e-16,0.22999999999998408,0.20000000000000284,,none,0.23999999999998423,0.0,-0.010000000000000142,-3.944304526105059e-33
R03_shallower_empty,131,27.20000000000025,49.731049091530316,50.0,20.071720242258618,0.0,0.260602391747342,1.1999999999999915,0.0,4.439231328759122e-16,0.5,0.0,1.5543122344752192e-15,0.5,0.0,1.5543122344752192e-15,1.2,0.0,3.885780586188048e-16,0.22999999999998763,0.20000000000000284,,none,0.23999999999998778,0.0,-0.010000000000000142,-9.860761315262648e-34
R03_shallower_empty,132,27.400000000000254,49.9629454770346,50.0,20.00988120612413,0.0,0.260602391747342,1.1999999999999933,0.0,3.1605866616461364e-16,0.5,0.0,2.220446049250313e-16,0.5,0.0,2.220446049250313e-16,1.2,0.0,5.551115123125783e-17,0.22999999999999118,0.20000000000000284,,none,0.23999999999999133,0.0,-0.010000000000000142,-3.549874073494553e-32
R03_shallower_empty,133,27.600000000000257,50.19484186253889,50.0,19.948042169989645,0.0,0.260602391747342,1.1999999999999948,0.0,1.2064195625570498e-16,0.5,0.0,-1.1102230246251565e-15,0.5,0.0,-1.1102230246251565e-15,1.2,0.0,-2.7755575615628914e-16,0.22999999999998763,0.20000000000000284,,none,0.23999999999998778,0.0,-0.010000000000000142,-3.549874073494553e-32
R03_shallower_empty,134,27.80000000000026,50.42673824804317,50.0,19.886203133855158,0.0,0.260602391747342,1.1999999999999957,0.0,-1.0181476745536425e-16,0.5,0.0,-2.220446049250313e-15,0.5,0.0,-2.220446049250313e-15,1.2,0.0,-5.551115123125783e-16,0.22999999999998763,0.20000000000000284,,none,0.23999999999998778,0.0,-0.010000000000000142,-2.465190328815662e-32
R03_shallower_empty,135,28.000000000000263,50.65863463354746,50.0,19.82436409772067,0.0,0.260602391747342,1.1999999999999966,0.0,-3.606841478737404e-16,0.5,0.0,-3.552713678800501e-15,0.5,0.0,-3.552713678800501e-15,1.2,0.0,-8.881784197001252e-16,0.22999999999999118,0.20000000000000284,,none,0.23999999999999133,0.0,-0.010000000000000142,-3.549874073494553e-32
R03_shallower_empty,136,28.200000000000266,50.89053101905174,50.0,19.762525061586185,0.0,0.26060239174734195,1.1999999999999975,0.0,-6.439792094388166e-16,0.5,0.0,-4.884981308350689e-15,0.5,0.0,-4.884981308350689e-15,1.2,0.0,-1.2212453270876722e-15,0.22999999999998763,0.20000000000000284,,none,0.23999999999998778,0.0,-0.010000000000000142,-3.549874073494553e-32
R03_shallower_empty,137,28.40000000000027,51.12242740455603,50.0,19.7006860254517,0.0,0.26060239174734173,1.1999999999999984,0.0,-9.253849028585526e-16,0.5,0.0,-5.995204332975845e-15,0.5,0.0,-5.995204332975845e-15,1.2,0.0,-1.4988010832439613e-15,0.22999999999998763,0.20000000000000284,,none,0.23999999999998778,0.0,-0.010000000000000142,-2.465190328815662e-32
R03_shallower_empty,138,28.60000000000027,51.35432379006031,50.0,19.638846989317212,0.0,0.2606023917473415,1.1999999999999984,0.0,-1.1507007163292738e-15,0.5,0.0,-6.439293542825908e-15,0.5,0.0,-6.439293542825908e-15,1.2,0.0,-1.609823385706477e-15,0.22999999999998763,0.20000000000000284,,none,0.23999999999998778,0.0,-0.010000000000000142,-3.944304526105059e-33
R03_shallower_empty,139,28.800000000000274,51.5862201755646,50.0,19.577007953182726,0.0,0.2606023917473413,1.1999999999999984,0.0,-1.3566654916237641e-15,0.5,0.0,-7.105427357601002e-15,0.5,0.0,-7.105427357601002e-15,1.2,0.0,-1.7763568394002505e-15,0.22999999999998763,0.20000000000000284,,none,0.23999999999998778,0.0,-0.010000000000000142,-8.874685183736382e-33
R03_shallower_empty,140,29.000000000000277,51.818116561068884,50.0,19.51516891704824,0.0,0.26060239174734107,1.1999999999999984,0.0,-1.5313753900591296e-15,0.5,0.0,-7.549516567451064e-15,0.5,0.0,-7.549516567451064e-15,1.2,0.0,-1.887379141862766e-15,0.22999999999998763,0.20000000000000284,,none,0.23999999999998778,0.0,-0.010000000000000142,-3.944304526105059e-33
R03_shallower_empty,141,29.20000000000028,52.05001294657317,50.0,19.453329880913753,0.0,0.2606023917473408,1.1999999999999984,0.0,-1.68511945613085e-15,0.5,0.0,-7.993605777301127e-15,0.5,0.0,-7.993605777301127e-15,1.2,0.0,-1.9984014443252818e-15,0.22999999999998763,0.20000000000000284,,none,0.23999999999998778,0.0,-0.010000000000000142,-3.944304526105059e-33
R03_shallower_empty,142,29.400000000000283,52.281909332077454,50.0,19.391490844779266,0.0,0.26060239174734035,1.1999999999999984,0.0,-1.8247996009565598e-15,0.5,0.0,-8.43769498715119e-15,0.5,0.0,-8.43769498715119e-15,1.2,0.0,-2.1094237467877974e-15,0.22999999999999118,0.20000000000000284,,none,0.23999999999999133,0.0,-0.010000000000000142,-3.944304526105059e-33
R03_shallower_empty,143,29.600000000000286,52.51380571758174,50.0,19.32965180864478,0.0,0.2606023917473399,1.1999999999999984,0.0,-1.9002231518653383e-15,0.5,0.0,-8.215650382226158e-15,0.5,0.0,-8.215650382226158e-15,1.2,0.0,-2.0539125955565396e-15,0.22999999999998763,0.20000000000000284,,none,0.23999999999998778,0.0,-0.010000000000000142,-9.860761315262648e-34
R03_shallower_empty,144,29.80000000000029,52.745702103086025,50.0,19.267812772510304,0.0,0.26060239174733946,1.1999999999999984,0.0,-1.9142690915302296e-15,0.5,0.0,-7.771561172376096e-15,0.5,0.0,-7.771561172376096e-15,1.2,0.0,-1.942890293094024e-15,0.22999999999998408,0.20000000000000284,,none,0.23999999999998423,0.0,-0.010000000000000142,-3.944304526105059e-33
R03_shallower_empty,145,30.00000000000029,52.97759848859031,50.0,19.20597373637583,0.0,0.260602391747339,1.1999999999999984,0.0,-1.7957719963285645e-15,0.5,0.0,-6.217248937900877e-15,0.5,0.0,-6.217248937900877e-15,1.2,0.0,-1.5543122344752192e-15,0.22999999999998408,0.20000000000000284,,none,0.23999999999998423,0.0,-0.010000000000000142,-4.831773044478697e-32
R03_shallower_empty,146,30.200000000000294,53.209494874094595,50.0,19.14413470024136,0.0,0.2606023917473387,1.1999999999999984,0.0,-1.5335422866849843e-15,0.5,0.0,-3.9968028886505635e-15,0.5,0.0,-3.9968028886505635e-15,1.2,0.0,-9.992007221626409e-16,0.22999999999998408,0.20000000000000284,,none,0.23999999999998423,0.0,-0.010000000000000142,-9.860761315262648e-32
R03_shallower_empty,147,30.400000000000297,53.44139125959888,50.0,19.082295664106887,0.0,0.26060239174733846,1.1999999999999984,0.0,-1.2114447843131175e-15,0.5,0.0,-2.220446049250313e-15,0.5,0.0,-2.220446049250313e-15,1.2,0.0,-5.551115123125783e-16,0.22999999999998408,0.20000000000000284,,none,0.23999999999998423,0.0,-0.010000000000000142,-6.310887241768095e-32
R03_shallower_empty,148,30.6000000000003,53.673287645103166,50.0,19.020456627972415,0.0,0.26060239174733824,1.1999999999999984,0.0,-8.857361752072842e-16,0.5,0.0,-8.881784197001252e-16,0.5,0.0,-8.881784197001252e-16,1.2,0.0,-2.220446049250313e-16,0.22999999999998763,0.20000000000000284,,none,0.23999999999998778,0.0,-0.010000000000000142,-3.549874073494553e-32
R03_shallower_empty,149,30.800000000000303,53.90518403060745,50.0,18.958617591837942,0.0,0.260602391747338,1.1999999999999984,0.0,-5.576052286603917e-16,0.5,0.0,4.440892098500626e-16,0.5,0.0,4.440892098500626e-16,1.2,0.0,1.1102230246251565e-16,0.22999999999998408,0.20000000000000284,,none,0.23999999999998423,0.0,-0.010000000000000142,-3.549874073494553e-32
R03_shallower_empty,150,31.000000000000306,54.137080416111736,50.0,18.89677855570347,0.0,0.260602391747338,1.1999999999999984,0.0,-2.2784937343296426e-16,0.5,0.0,1.7763568394002505e-15,0.5,0.0,1.7763568394002505e-15,1.2,0.0,4.440892098500626e-16,0.22999999999998408,0.20000000000000284,,none,0.23999999999998423,0.0,-0.010000000000000142,-3.549874073494553e-32
R03_shallower_empty,151,31.20000000000031,54.36897680161602,50.0,18.834939519568998,0.0,0.260602391747338,1.1999999999999984,0.0,2.989982289139059e-17,0.5,0.0,2.220446049250313e-15,0.5,0.0,2.220446049250313e-15,1.2,0.0,5.551115123125783e-16,0.22999999999998053,0.20000000000000284,,none,0.23999999999998067,0.0,-0.010000000000000142,-3.944304526105059e-33
R03_shallower_empty,152,31.40000000000031,54.60087318712031,50.0,18.773100483434526,0.0,0.260602391747338,1.1999999999999984,0.0,2.393468119655753e-16,0.5,0.0,2.6645352591003757e-15,0.5,0.0,2.6645352591003757e-15,1.2,0.0,6.661338147750939e-16,0.22999999999998763,0.20000000000000284,,none,0.23999999999998778,0.0,-0.010000000000000142,-3.944304526105059e-33
R03_shallower_empty,153,31.600000000000314,54.83276957262459,50.0,18.711261447300053,0.0,0.260602391747338,1.1999999999999984,0.0,4.163925861968529e-16,0.5,0.0,3.1086244689504383e-15,0.5,0.0,3.1086244689504383e-15,1.2,0.0,7.771561172376096e-16,0.22999999999998408,0.20000000000000284,,none,0.23999999999998423,0.0,-0.010000000000000142,-3.944304526105059e-33
R03_shallower_empty,154,31.800000000000317,55.06466595812888,50.0,18.64942241116558,0.0,0.26060239174733807,1.1999999999999984,0.0,5.717035623088886e-16,0.5,0.0,3.552713678800501e-15,0.5,0.0,3.552713678800501e-15,1.2,0.0,8.881784197001252e-16,0.22999999999998408,0.20000000000000284,,none,0.23999999999998423,0.0,-0.010000000000000142,-3.944304526105059e-33
R03_shallower_empty,155,32.00000000000032,55.29656234363316,50.0,18.58758337503111,0.0,0.2606023917473383,1.1999999999999984,0.0,7.124347934460964e-16,0.5,0.0,3.9968028886505635e-15,0.5,0.0,3.9968028886505635e-15,1.2,0.0,9.992007221626409e-16,0.22999999999998763,0.20000000000000284,,none,0.23999999999998778,0.0,-0.010000000000000142,-3.944304526105059e-33
R03_shallower_empty,156,32.20000000000031,55.52845872913745,50.0,18.525744338896637,0.0,0.2606023917473385,1.1999999999999984,0.0,7.702892523990118e-16,0.5,0.0,3.552713678800501e-15,0.5,0.0,3.552713678800501e-15,1.2,0.0,8.881784197001252e-16,0.2299999999999848,0.19999999999998863,,none,0.23999999999998423,0.0,-0.009999999999999431,-3.944304526105059e-33
R03_shallower_empty,157,32.4000000000003,55.76035511464173,50.0,18.463905302762164,0.0,0.26060239174733874,1.1999999999999984,0.0,7.725498109091999e-16,0.5,0.0,3.1086244689504383e-15,0.5,0.0,3.1086244689504383e-15,1.2,0.0,7.771561172376096e-16,0.2299999999999848,0.19999999999998863,,none,0.23999999999998423,0.0,-0.009999999999999431,-3.944304526105059e-33
R03_shallower_empty,158,32.600000000000286,55.99225150014602,50.0,18.402066266627692,0.0,0.26060239174733896,1.1999999999999984,0.0,7.557920352634454e-16,0.5,0.0,2.886579864025407e-15,0.5,0.0,2.886579864025407e-15,1.2,0.0,7.216449660063518e-16,0.2299999999999848,0.19999999999998863,,none,0.23999999999998423,0.0,-0.009999999999999431,-9.860761315262648e-34
R03_shallower_empty,159,32.800000000000274,56.224147885650304,50.0,18.34022723049322,0.0,0.2606023917473392,1.1999999999999984,0.0,7.080025612643557e-16,0.5,0.0,2.4424906541753444e-15,0.5,0.0,2.4424906541753444e-15,1.2,0.0,6.106226635438361e-16,0.2299999999999848,0.19999999999998863,,none,0.23999999999998423,0.0,-0.009999999999999431,-3.944304526105059e-33
R03_shallower_empty,160,33.00000000000026,56.45604427115459,50.0,18.278388194358747,0.0,0.2606023917473394,1.1999999999999984,0.0,6.393969634786423e-16,0.5,0.0,1.9984014443252818e-15,0.5,0.0,1.9984014443252818e-15,1.2,0.0,4.996003610813204e-16,0.2299999999999848,0.19999999999998863,,none,0.23999999999998423,0.0,-0.009999999999999431,-3.944304526105059e-33
R03_shallower_empty,161,33.20000000000025,56.687940656658874,50.0,18.216549158224275,0.0,0.2606023917473396,1.1999999999999984,0.0,5.751020319563007e-16,0.5,0.0,1.7763568394002505e-15,0.5,0.0,1.7763568394002505e-15,1.2,0.0,4.440892098500626e-16,0.2299999999999848,0.19999999999998863,,none,0.23999999999998423,0.0,-0.009999999999999431,-9.860761315262648e-34
R03_shallower_empty,162,33.40000000000024,56.91983704216316,50.0,18.154710122089803,0.0,0.2606023917473397,1.1999999999999984,0.0,4.954245410680318e-16,0.5,0.0,1.3322676295501878e-15,0.5,0.0,1.3322676295501878e-15,1.2,0.0,3.3306690738754696e-16,0.22999999999998835,0.19999999999998863,,none,0.23999999999998778,0.0,-0.009999999999999431,-3.944304526105059e-33
R03_shallower_empty,163,33.60000000000023,57.151733427667445,50.0,18.09287108595533,0.0,0.2606023917473397,1.1999999999999984,0.0,4.785250501670568e-16,0.5,0.0,1.7763568394002505e-15,0.5,0.0,1.7763568394002505e-15,1.2,0.0,4.440892098500626e-16,0.22999999999998125,0.19999999999998863,,none,0.23999999999998067,0.0,-0.009999999999999431,-3.944304526105059e-33
R03_shallower_empty,164,33.80000000000022,57.38362981317173,50.0,18.03103204982086,0.0,0.2606023917473397,1.1999999999999984,0.0,5.220113268177855e-16,0.5,0.0,2.4424906541753444e-15,0.5,0.0,2.4424906541753444e-15,1.2,0.0,6.106226635438361e-16,0.22999999999998835,0.19999999999998863,,none,0.23999999999998778,0.0,-0.009999999999999431,-8.874685183736382e-33
R03_shallower_empty,165,34.000000000000206,57.615526198676015,50.0,17.969193013686386,0.0,0.2606023917473398,1.1999999999999984,0.0,5.87730331428294e-16,0.5,0.0,2.886579864025407e-15,0.5,0.0,2.886579864025407e-15,1.2,0.0,7.216449660063518e-16,0.2299999999999848,0.19999999999998863,,none,0.23999999999998423,0.0,-0.009999999999999431,-3.944304526105059e-33
R03_shallower_empty,166,34.200000000000195,57.8474225841803,50.0,17.9073539775519,0.0,0.26060239174734,1.1999999999999984,0.0,6.5008893061804725e-16,0.5,0.0,3.1086244689504383e-15,0.5,0.0,3.1086244689504383e-15,1.2,0.0,7.771561172376096e-16,0.22999999999998835,0.19999999999998863,,none,0.23999999999998778,0.0,-0.009999999999999431,-9.860761315262648e-34
R03_shallower_empty,167,34.40000000000018,58.079318969684586,50.0,17.845514941417413,0.0,0.2606023917473401,1.1999999999999984,0.0,4.726292481460878e-16,0.5,0.0,4.440892098500626e-16,0.5,0.0,4.440892098500626e-16,1.2,0.0,1.1102230246251565e-16,0.22999999999998835,0.19999999999998863,,none,0.23999999999998778,0.0,-0.009999999999999431,-1.4199496293978212e-31
R03_shallower_empty,168,34.60000000000017,58.31121535518887,50.0,17.783675905282927,0.0,0.2606023917473401,1.1999999999999984,0.0,1.7084731994769723e-16,0.5,0.0,-1.7763568394002505e-15,0.5,0.0,-1.7763568394002505e-15,1.2,0.0,-4.440892098500626e-16,0.2299999999999919,0.19999999999998863,,none,0.23999999999999133,0.0,-0.009999999999999431,-9.860761315262648e-32
R03_shallower_empty,169,34.80000000000016,58.543111740693156,50.0,17.72183686914844,0.0,0.2606023917473401,1.1999999999999984,0.0,-1.7778188778228254e-16,0.5,0.0,-3.552713678800501e-15,0.5,0.0,-3.552713678800501e-15,1.2,0.0,-8.881784197001252e-16,0.22999999999998835,0.19999999999998863,,none,0.23999999999998778,0.0,-0.009999999999999431,-6.310887241768095e-32
R03_shallower_empty,170,35.00000000000015,58.77500812619744,50.0,17.659997833013954,0.0,0.2606023917473401,1.1999999999999984,0.0,-5.761105047074176e-16,0.5,0.0,-5.551115123125783e-15,0.5,0.0,-5.551115123125783e-15,1.2,0.0,-1.3877787807814457e-15,0.22999999999998835,0.19999999999998863,,none,0.23999999999998778,0.0,-0.009999999999999431,-7.987216665362745e-32
R03_shallower_empty,171,35.20000000000014,59.00690451170173,50.0,17.598158796879467,0.0,0.2606023917473399,1.1999999999999984,0.0,-1.007777582265573e-15,0.5,0.0,-7.549516567451064e-15,0.5,0.0,-7.549516567451064e-15,1.2,0.0,-1.887379141862766e-15,0.22999999999998835,0.19999999999998863,,none,0.23999999999998778,0.0,-0.009999999999999431,-7.987216665362745e-32
R03_shallower_empty,172,35.40000000000013,59.23880089720601,50.0,17.536319760744988,0.0,0.2606023917473397,1.1999999999999984,0.0,-1.3887115134316303e-15,0.5,0.0,-8.659739592076221e-15,0.5,0.0,-8.659739592076221e-15,1.2,0.0,-2.1649348980190553e-15,0.2299999999999848,0.19999999999998863,,none,0.23999999999998423,0.0,-0.009999999999999431,-2.465190328815662e-32
R03_shallower_empty,173,35.600000000000115,59.4706972827103,50.0,17.474480724610515,0.0,0.26060239174733946,1.1999999999999984,0.0,-1.6259685748131803e-15,0.5,0.0,-8.43769498715119e-15,0.5,0.0,-8.43769498715119e-15,1.2,0.0,-2.1094237467877974e-15,0.22999999999998835,0.19999999999998863,,none,0.23999999999998778,0.0,-0.009999999999999431,-9.860761315262648e-34
R03_shallower_empty,174,35.800000000000104,59.70259366821458,50.0,17.412641688476043,0.0,0.26060239174733923,1.1999999999999984,0.0,-1.6572019354602446e-15,0.5,0.0,-6.8833827526759706e-15,0.5,0.0,-6.8833827526759706e-15,1.2,0.0,-1.7208456881689926e-15,0.2299999999999848,0.19999999999998863,,none,0.23999999999998423,0.0,-0.009999999999999431,-4.831773044478697e-32
R03_shallower_empty,175,36.00000000000009,59.93449005371887,50.0,17.35080265234157,0.0,0.260602391747339,1.1999999999999984,0.0,-1.5685083584835252e-15,0.5,0.0,-5.551115123125783e-15,0.5,0.0,-5.551115123125783e-15,1.2,0.0,-1.3877787807814457e-15,0.2299999999999848,0.19999999999998863,,none,0.23999999999998423,0.0,-0.009999999999999431,-3.549874073494553e-32
R03_shallower_empty,176,36.20000000000008,60.16638643922315,50.0,17.2889636162071,0.0,0.2606023917473388,1.1999999999999984,0.0,-1.3810933951123982e-15,0.5,0.0,-3.9968028886505635e-15,0.5,0.0,-3.9968028886505635e-15,1.2,0.0,-9.992007221626409e-16,0.2299999999999848,0.19999999999998863,,none,0.23999999999998423,0.0,-0.009999999999999431,-4.831773044478697e-32
R03_shallower_empty,177,36.40000000000007,60.39828282472744,50.0,17.227124580072626,0.0,0.26060239174733857,1.1999999999999984,0.0,-1.145730095883389e-15,0.5,0.0,-2.6645352591003757e-15,0.5,0.0,-2.6645352591003757e-15,1.2,0.0,-6.661338147750939e-16,0.2299999999999848,0.19999999999998863,,none,0.23999999999998423,0.0,-0.009999999999999431,-3.549874073494553e-32
R03_shallower_empty,178,36.60000000000006,60.630179210231724,50.0,17.165285543938154,0.0,0.26060239174733835,1.1999999999999984,0.0,-8.599287967277992e-16,0.5,0.0,-1.1102230246251565e-15,0.5,0.0,-1.1102230246251565e-15,1.2,0.0,-2.7755575615628914e-16,0.2299999999999848,0.19999999999998863,,none,0.23999999999998423,0.0,-0.009999999999999431,-4.831773044478697e-32
R03_shallower_empty,179,36.80000000000005,60.86207559573601,50.0,17.10344650780368,0.0,0.2606023917473381,1.1999999999999984,0.0,-5.585677515397261e-16,0.5,0.0,2.220446049250313e-16,0.5,0.0,2.220446049250313e-16,1.2,0.0,5.551115123125783e-17,0.2299999999999848,0.19999999999998863,,none,0.23999999999998423,0.0,-0.009999999999999431,-3.549874073494553e-32
R03_shallower_empty,180,37.000000000000036,61.093971981240294,50.0,17.04160747166921,0.0,0.2606023917473381,1.1999999999999984,0.0,-2.284950356579429e-16,0.5,0.0,1.7763568394002505e-15,0.5,0.0,1.7763568394002505e-15,1.2,0.0,4.440892098500626e-16,0.2299999999999848,0.19999999999998863,,none,0.23999999999998423,0.0,-0.009999999999999431,-4.831773044478697e-32
R03_shallower_empty,181,37.200000000000024,61.32586836674458,50.0,16.979768435534737,0.0,0.2606023917473381,1.1999999999999984,0.0,4.774087411532075e-17,0.5,0.0,2.4424906541753444e-15,0.5,0.0,2.4424906541753444e-15,1.2,0.0,6.106226635438361e-16,0.22999999999998835,0.19999999999998863,,none,0.23999999999998778,0.0,-0.009999999999999431,-8.874685183736382e-33
R03_shallower_empty,182,37.40000000000001,61.557764752248865,50.0,16.917929399400265,0.0,0.2606023917473381,1.1999999999999984,0.0,2.878629493355696e-16,0.5,0.0,3.1086244689504383e-15,0.5,0.0,3.1086244689504383e-15,1.2,0.0,7.771561172376096e-16,0.2299999999999848,0.19999999999998863,,none,0.23999999999998423,0.0,-0.009999999999999431,-8.874685183736382e-33
R03_shallower_empty,183,37.6,61.78966113775315,50.0,16.856090363265793,0.0,0.2606023917473381,1.1999999999999984,0.0,5.037597938931077e-16,0.5,0.0,3.774758283725532e-15,0.5,0.0,3.774758283725532e-15,1.2,0.0,9.43689570931383e-16,0.2299999999999848,0.19999999999998863,,none,0.23999999999998423,0.0,-0.009999999999999431,-8.874685183736382e-33
R03_shallower_empty,184,37.79999999999999,62.021557523257435,50.0,16.79425132713132,0.0,0.2606023917473383,1.1999999999999984,0.0,7.034063064677586e-16,0.5,0.0,4.440892098500626e-15,0.5,0.0,4.440892098500626e-15,1.2,0.0,1.1102230246251565e-15,0.2299999999999848,0.19999999999998863,,none,0.23999999999998423,0.0,-0.009999999999999431,-8.874685183736382e-33
R03_shallower_empty,185,37.99999999999998,62.25345390876172,50.0,16.732412290996848,0.0,0.2606023917473385,1.1999999999999984,0.0,8.373295765383131e-16,0.5,0.0,4.440892098500626e-15,0.5,0.0,4.440892098500626e-15,1.2,0.0,1.1102230246251565e-15,0.2299999999999848,0.19999999999998863,,none,0.23999999999998423,0.0,-0.009999999999999431,-0.0
R03_shallower_empty,186,38.19999999999997,62.485350294266006,50.0,16.670573254862376,0.0,0.26060239174733874,1.1999999999999984,0.0,9.08891404631829e-16,0.5,0.0,4.218847493575595e-15,0.5,0.0,4.218847493575595e-15,1.2,0.0,1.0547118733938987e-15,0.2299999999999848,0.19999999999998863,,none,0.23999999999998423,0.0,-0.009999999999999431,-9.860761315262648e-34
R03_shallower_empty,187,38.399999999999956,62.71724667977029,50.0,16.608734218727903,0.0,0.26060239174733896,1.1999999999999984,0.0,9.568952185072504e-16,0.5,0.0,4.218847493575595e-15,0.5,0.0,4.218847493575595e-15,1.2,0.0,1.0547118733938987e-15,0.2299999999999848,0.19999999999998863,,none,0.23999999999998423,0.0,-0.009999999999999431,-0.0
R03_shallower_empty,188,38.599999999999945,62.949143065274576,50.0,16.54689518259343,0.0,0.2606023917473392,1.1999999999999984,0.0,9.708221077884319e-16,0.5,0.0,3.9968028886505635e-15,0.5,0.0,3.9968028886505635e-15,1.2,0.0,9.992007221626409e-16,0.2299999999999848,0.19999999999998863,,none,0.23999999999998423,0.0,-0.009999999999999431,-9.860761315262648e-34
R03_shallower_empty,189,38.79999999999993,63.18103945077886,50.0,16.48505614645896,0.0,0.2606023917473394,1.1999999999999984,0.0,9.801642922843867e-16,0.5,0.0,3.9968028886505635e-15,0.5,0.0,3.9968028886505635e-15,1.2,0.0,9.992007221626409e-16,0.22999999999998835,0.19999999999998863,,none,0.23999999999998778,0.0,-0.009999999999999431,-0.0
R03_shallower_empty,190,38.99999999999992,63.41293583628315,50.0,16.423217110324487,0.0,0.2606023917473396,1.1999999999999984,0.0,9.681568851634813e-16,0.5,0.0,3.774758283725532e-15,0.5,0.0,3.774758283725532e-15,1.2,0.0,9.43689570931383e-16,0.2299999999999848,0.19999999999998863,,none,0.23999999999998423,0.0,-0.009999999999999431,-9.860761315262648e-34
R03_shallower_empty,191,39.19999999999991,63.64483222178743,50.0,16.36137807419001,0.0,0.26060239174733985,1.1999999999999984,0.0,9.601022930448293e-16,0.5,0.0,3.774758283725532e-15,0.5,0.0,3.774758283725532e-15,1.2,0.0,9.43689570931383e-16,0.2299999999999848,0.19999999999998863,,none,0.23999999999998423,0.0,-0.009999999999999431,-0.0
R03_shallower_empty,192,39.3999999999999,63.87672860729172,50.0,16.299539038055524,0.0,0.26060239174734007,1.1999999999999984,0.0,8.81602606124586e-16,0.5,0.0,2.886579864025407e-15,0.5,0.0,2.886579864025407e-15,1.2,0.0,7.216449660063518e-16,0.22999999999998835,0.19999999999998863,,none,0.23999999999998778,0.0,-0.009999999999999431,-1.5777218104420236e-32
R03_shallower_empty,193,39.59999999999989,64.10862499279601,50.0,16.237700001921038,0.0,0.2606023917473403,1.1999999999999984,0.0,5.548324224566743e-16,0.5,0.0,-4.440892098500626e-16,0.5,0.0,-4.440892098500626e-16,1.2,0.0,-1.1102230246251565e-16,0.229999999999999,0.19999999999998863,,none,0.23999999999999844,0.0,-0.009999999999999431,-2.2186712959340957e-31
R03_shallower_empty,194,39.799999999999876,64.3405213783003,50.0,16.17586096578655,0.0,0.2606023917473403,1.1999999999999984,0.0,9.807023069557056e-17,0.5,0.0,-3.3306690738754696e-15,0.5,0.0,-3.3306690738754696e-15,1.2,0.0,-8.326672684688674e-16,0.22999999999998835,0.19999999999998863,,none,0.23999999999998778,0.0,-0.009999999999999431,-1.6664686622793874e-31
R03_shallower_empty,195,39.999999999999865,64.57241776380458,50.0,16.114021929652065,0.0,0.2606023917473403,1.1999999999999984,0.0,-4.276166909562166e-16,0.5,0.0,-5.995204332975845e-15,0.5,0.0,-5.995204332975845e-15,1.2,0.0,-1.4988010832439613e-15,0.22999999999998658,0.19999999999998863,,none,0.239999999999986,0.0,-0.009999999999999431,-1.4199496293978212e-31
R03_shallower_empty,196,40.199999999999854,64.80431414930887,50.0,16.05218289351758,0.0,0.2606023917473401,1.1999999999999984,0.0,-9.995384558649755e-16,0.5,0.0,-8.659739592076221e-15,0.5,0.0,-8.659739592076221e-15,1.2,0.0,-2.1649348980190553e-15,0.22999999999999013,0.19999999999998863,,none,0.23999999999998956,0.0,-0.009999999999999431,-1.4199496293978212e-31
R03_shallower_empty,197,40.39999999999984,65.03621053481315,50.0,15.990343857383094,0.0,0.2606023917473399,1.1999999999999984,0.0,-1.54765215570568e-15,0.5,0.0,-1.0658141036401503e-14,0.5,0.0,-1.0658141036401503e-14,1.2,0.0,-2.6645352591003757e-15,0.22999999999998835,0.19999999999998863,,none,0.23999999999998778,0.0,-0.009999999999999431,-7.987216665362745e-32
R03_shallower_empty,198,40.59999999999983,65.26810692031744,50.0,15.928504821248614,0.0,0.2606023917473395,1.1999999999999984,0.0,-2.0432470336503453e-15,0.5,0.0,-1.2212453270876722e-14,0.5,0.0,-1.2212453270876722e-14,1.2,0.0,-3.0531133177191805e-15,0.22999999999998658,0.19999999999998863,,none,0.239999999999986,0.0,-0.009999999999999431,-4.831773044478697e-32
R03_shallower_empty,199,40.79999999999982,65.50000330582172,50.0,15.866665785114135,0.0,0.26060239174733907,1.1999999999999984,0.0,-2.339144719087604e-15,0.5,0.0,-1.176836406102666e-14,0.5,0.0,-1.176836406102666e-14,1.2,0.0,-2.942091015256665e-15,0.22999999999998658,0.19999999999998863,,none,0.239999999999986,0.0,-0.009999999999999431,-3.944304526105059e-33
R03_shallower_empty,200,40.99999999999981,65.731899691326,50.0,15.804826748979655,0.0,0.2606023917473386,1.1999999999999984,0.0,-2.4828109755526677e-15,0.5,0.0,-1.1102230246251565e-14,0.5,0.0,-1.1102230246251565e-14,1.2,0.0,-2.7755575615628914e-15,0.22999999999998835,0.19999999999998863,,none,0.23999999999998778,0.0,-0.009999999999999431,-8.874685183736382e-33
R03_shallower_empty,201,41.1999999999998,65.96379607683029,50.0,15.742987712845176,0.0,0.2606023917473382,1.1999999999999984,0.0,-2.524360092516752e-15,0.5,0.0,-1.0436096431476471e-14,0.5,0.0,-1.0436096431476471e-14,1.2,0.0,-2.609024107869118e-15,0.22999999999998658,0.19999999999998863,,none,0.239999999999986,0.0,-0.009999999999999431,-8.874685183736382e-33
R03_shallower_empty,202,41.399999999999785,66.19569246233458,50.0,15.681148676710697,0.0,0.26060239174733774,1.1999999999999984,0.0,-2.5156829958152248e-15,0.5,0.0,-9.992007221626409e-15,0.5,0.0,-9.992007221626409e-15,1.2,0.0,-2.4980018054066022e-15,0.22999999999998658,0.19999999999998863,,none,0.239999999999986,0.0,-0.009999999999999431,-3.944304526105059e-33
R03_shallower_empty,203,41.599999999999774,66.42758884783886,50.0,15.619309640576217,0.0,0.2606023917473373,1.1999999999999984,0.0,-2.455039894310406e-15,0.5,0.0,-9.325873406851315e-15,0.5,0.0,-9.325873406851315e-15,1.2,0.0,-2.3314683517128287e-15,0.22999999999998835,0.19999999999998863,,none,0.23999999999998778,0.0,-0.009999999999999431,-8.874685183736382e-33
R03_shallower_empty,204,41.79999999999976,66.65948523334315,50.0,15.557470604441738,0.0,0.26060239174733685,1.1999999999999984,0.0,-2.377812058121243e-15,0.5,0.0,-8.881784197001252e-15,0.5,0.0,-8.881784197001252e-15,1.2,0.0,-2.220446049250313e-15,0.22999999999998658,0.19999999999998863,,none,0.239999999999986,0.0,-0.009999999999999431,-3.944304526105059e-33
R03_shallower_empty,205,41.99999999999975,66.89138161884743,50.0,15.495631568307259,0.0,0.2606023917473364,1.1999999999999984,0.0,-2.2894591495552226e-15,0.5,0.0,-8.43769498715119e-15,0.5,0.0,-8.43769498715119e-15,1.2,0.0,-2.1094237467877974e-15,0.22999999999998658,0.19999999999998863,,none,0.239999999999986,0.0,-0.009999999999999431,-3.944304526105059e-33
R03_shallower_empty,206,42.19999999999974,67.12327800435172,50.0,15.43379253217278,0.0,0.26060239174733596,1.1999999999999984,0.0,-2.1936435207379625e-15,0.5,0.0,-7.993605777301127e-15,0.5,0.0,-7.993605777301127e-15,1.2,0.0,-1.9984014443252818e-15,0.22999999999998835,0.19999999999998863,,none,0.23999999999998778,0.0,-0.009999999999999431,-3.944304526105059e-33
R03_shallower_empty,207,42.39999999999973,67.355174389856,50.0,15.3719534960383,0.0,0.2606023917473355,1.1999999999999984,0.0,-2.1110960473230927e-15,0.5,0.0,-7.771561172376096e-15,0.5,0.0,-7.771561172376096e-15,1.2,0.0,-1.942890293094024e-15,0.22999999999998658,0.19999999999998863,,none,0.239999999999986,0.0,-0.009999999999999431,-9.860761315262648e-34
R03_shallower_empty,208,42.59999999999972,67.58707077536029,50.0,15.31011445990382,0.0,0.26060239174733507,1.1999999999999984,0.0,-2.037448878433342e-15,0.5,0.0,-7.549516567451064e-15,0.5,0.0,-7.549516567451064e-15,1.2,0.0,-1.887379141862766e-15,0.22999999999998658,0.19999999999998863,,none,0.239999999999986,0.0,-0.009999999999999431,-9.860761315262648e-34
R03_shallower_empty,209,42.799999999999706,67.81896716086457,50.0,15.248275423769341,0.0,0.2606023917473346,1.1999999999999984,0.0,-1.9697720511801975e-15,0.5,0.0,-7.327471962526033e-15,0.5,0.0,-7.327471962526033e-15,1.2,0.0,-1.8318679906315083e-15,0.22999999999998658,0.19999999999998863,,none,0.239999999999986,0.0,-0.009999999999999431,-9.860761315262648e-34
R03_shallower_empty,210,42.999999999999694,68.05086354636886,50.0,15.186436387634862,0.0,0.2606023917473342,1.1999999999999984,0.0,-1.9061001407427862e-15,0.5,0.0,-7.105427357601002e-15,0.5,0.0,-7.105427357601002e-15,1.2,0.0,-1.7763568394002505e-15,0.22999999999998835,0.19999999999998863,,none,0.23999999999998778,0.0,-0.009999999999999431,-9.860761315262648e-34
R03_shallower_empty,211,43.19999999999968,68.28275993187314,50.0,15.124597351500382,0.0,0.26060239174733374,1.1999999999999984,0.0,-1.84511473631746e-15,0.5,0.0,-6.8833827526759706e-15,0.5,0.0,-6.8833827526759706e-15,1.2,0.0,-1.7208456881689926e-15,0.22999999999998658,0.19999999999998863,,none,0.239999999999986,0.0,-0.009999999999999431,-9.860761315262648e-34
R03_shallower_empty,212,43.39999999999967,68.51465631737743,50.0,15.062758315365903,0.0,0.2606023917473333,1.1999999999999984,0.0,-1.8042056080692966e-15,0.5,0.0,-6.8833827526759706e-15,0.5,0.0,-6.8833827526759706e-15,1.2,0.0,-1.7208456881689926e-15,0.22999999999998835,0.19999999999998863,,none,0.23999999999998778,0.0,-0.009999999999999431,-0.0
R03_shallower_empty,213,43.59999999999966,68.74655270288171,50.0,15.000919279231423,0.0,0.26060239174733285,1.1999999999999984,0.0,-1.7767636850420603e-15,0.5,0.0,-6.8833827526759706e-15,0.5,0.0,-6.8833827526759706e-15,1.2,0.0,-1.7208456881689926e-15,0.22999999999998658,0.19999999999998863,,none,0.239999999999986,0.0,-0.009999999999999431,-0.0
R03_shallower_empty,214,43.79999999999965,68.978449088386,50.0,14.939080243096944,0.0,0.2606023917473324,1.1999999999999984,0.0,-1.7766297522503794e-15,0.5,0.0,-7.105427357601002e-15,0.5,0.0,-7.105427357601002e-15,1.2,0.0,-1.7763568394002505e-15,0.22999999999998658,0.19999999999998863,,none,0.239999999999986,0.0,-0.009999999999999431,-9.860761315262648e-34
R03_shallower_empty,215,43.99999999999964,69.21034547389029,50.0,14.877241206962465,0.0,0.26060239174733196,1.1999999999999984,0.0,-1.7948140725763587e-15,0.5,0.0,-7.327471962526033e-15,0.5,0.0,-7.327471962526033e-15,1.2,0.0,-1.8318679906315083e-15,0.22999999999998658,0.19999999999998863,,none,0.239999999999986,0.0,-0.009999999999999431,-9.860761315262648e-34
R03_shallower_empty,216,44.199999999999626,69.44224185939457,50.0,14.815402170827985,0.0,0.2606023917473315,1.1999999999999984,0.0,-1.825286312825706e-15,0.5,0.0,-7.549516567451064e-15,0.5,0.0,-7.549516567451064e-15,1.2,0.0,-1.887379141862766e-15,0.22999999999998835,0.19999999999998863,,none,0.23999999999998778,0.0,-0.009999999999999431,-9.860761315262648e-34
R03_shallower_empty,217,44.399999999999615,69.67413824489886,50.0,14.753563134693506,0.0,0.2606023917473311,1.1999999999999984,0.0,-1.8640013137287724e-15,0.5,0.0,-7.771561172376096e-15,0.5,0.0,-7.771561172376096e-15,1.2,0.0,-1.942890293094024e-15,0.22999999999998658,0.19999999999998863,,none,0.239999999999986,0.0,-0.009999999999999431,-9.860761315262648e-34
R03_shallower_empty,218,44.5999999999996,69.90603463040314,50.0,14.691724098559027,0.0,0.26060239174733063,1.1999999999999984,0.0,-1.926519737260779e-15,0.5,0.0,-8.215650382226158e-15,0.5,0.0,-8.215650382226158e-15,1.2,0.0,-2.0539125955565396e-15,0.22999999999998835,0.19999999999998863,,none,0.23999999999998778,0.0,-0.009999999999999431,-3.944304526105059e-33
R03_shallower_empty,219,44.79999999999959,70.13793101590743,50.0,14.629885062424547,0.0,0.2606023917473302,1.1999999999999984,0.0,-2.0232797058277214e-15,0.5,0.0,-8.881784197001252e-15,0.5,0.0,-8.881784197001252e-15,1.2,0.0,-2.220446049250313e-15,0.22999999999998658,0.19999999999998863,,none,0.239999999999986,0.0,-0.009999999999999431,-8.874685183736382e-33
R03_shallower_empty,220,44.99999999999958,70.36982740141171,50.0,14.568046026290068,0.0,0.26060239174732974,1.1999999999999984,0.0,-2.1430089695965125e-15,0.5,0.0,-9.547918011776346e-15,0.5,0.0,-9.547918011776346e-15,1.2,0.0,-2.3869795029440866e-15,0.22999999999998658,0.19999999999998863,,none,0.239999999999986,0.0,-0.009999999999999431,-8.874685183736382e-33
R03_shallower_empty,221,45.19999999999957,70.601723786916,50.0,14.506206990155588,0.0,0.2606023917473293,1.1999999999999984,0.0,-2.2781460813911847e-15,0.5,0.0,-1.021405182655144e-14,0.5,0.0,-1.021405182655144e-14,1.2,0.0,-2.55351295663786e-15,0.22999999999998658,0.19999999999998863,,none,0.239999999999986,0.0,-0.009999999999999431,-8.874685183736382e-33
R03_shallower_empty,222,45.39999999999956,70.83362017242028,50.0,14.444367954021109,0.0,0.26060239174732885,1.1999999999999984,0.0,-2.441892970400442e-15,0.5,0.0,-1.1102230246251565e-14,0.5,0.0,-1.1102230246251565e-14,1.2,0.0,-2.7755575615628914e-15,0.22999999999998658,0.19999999999998863,,none,0.239999999999986,0.0,-0.009999999999999431,-1.5777218104420236e-32
R03_shallower_empty,223,45.59999999999955,71.06551655792457,50.0,14.38252891788663,0.0,0.2606023917473284,1.1999999999999984,0.0,-2.6431055164760807e-15,0.5,0.0,-1.2212453270876722e-14,0.5,0.0,-1.2212453270876722e-14,1.2,0.0,-3.0531133177191805e-15,0.22999999999998658,0.19999999999998863,,none,0.239999999999986,0.0,-0.009999999999999431,-2.465190328815662e-32
R03_shallower_empty,224,45.799999999999535,71.29741294342885,50.0,14.32068988175215,0.0,0.26060239174732786,1.1999999999999984,0.0,-2.8694500983932955e-15,0.5,0.0,-1.3322676295501878e-14,0.5,0.0,-1.3322676295501878e-14,1.2,0.0,-3.3306690738754696e-15,0.22999999999998835,0.19999999999998863,,none,0.23999999999998778,0.0,-0.009999999999999431,-2.465190328815662e-32
R03_shallower_empty,225,45.999999999999524,71.52930932893314,50.0,14.25885084561767,0.0,0.2606023917473272,1.1999999999999984,0.0,-3.094379136272326e-15,0.5,0.0,-1.4210854715202004e-14,0.5,0.0,-1.4210854715202004e-14,1.2,0.0,-3.552713678800501e-15,0.22999999999998658,0.19999999999998863,,none,0.239999999999986,0.0,-0.009999999999999431,-1.5777218104420236e-32
R03_shallower_empty,226,46.19999999999951,71.76120571443742,50.0,14.197011809483191,0.0,0.2606023917473265,1.1999999999999984,0.0,-3.3000844617454563e-15,0.5,0.0,-1.4876988529977098e-14,0.5,0.0,-1.4876988529977098e-14,1.2,0.0,-3.7192471324942744e-15,0.22999999999998835,0.19999999999998863,,none,0.23999999999998778,0.0,-0.009999999999999431,-8.874685183736382e-33
R03_shallower_empty,227,46.3999999999995,71.99310209994171,50.0,14.135172773348712,0.0,0.26060239174732586,1.1999999999999984,0.0,-3.5111686461423452e-15,0.5,0.0,-1.5765166949677223e-14,0.5,0.0,-1.5765166949677223e-14,1.2,0.0,-3.941291737419306e-15,0.22999999999998658,0.19999999999998863,,none,0.239999999999986,0.0,-0.009999999999999431,-1.5777218104420236e-32
R03_shallower_empty,228,46.59999999999949,72.224998485446,50.0,14.073333737214233,0.0,0.2606023917473252,1.1999999999999984,0.0,-3.725860979597429e-15,0.5,0.0,-1.6653345369377348e-14,0.5,0.0,-1.6653345369377348e-14,1.2,0.0,-4.163336342344337e-15,0.22999999999998658,0.19999999999998863,,none,0.239999999999986,0.0,-0.009999999999999431,-1.5777218104420236e-32
R03_shallower_empty,229,46.79999999999948,72.45689487095028,50.0,14.011494701079753,0.0,0.2606023917473244,1.1999999999999984,0.0,-3.979521991886676e-15,0.5,0.0,-1.7985612998927536e-14,0.5,0.0,-1.7985612998927536e-14,1.2,0.0,-4.496403249731884e-15,0.22999999999998746,0.19999999999998863,,none,0.2399999999999869,0.0,-0.009999999999999431,-3.549874073494553e-32
R03_shallower_empty,230,46.99999999999947,72.68879125645456,50.0,13.949655664945281,0.0,0.2606023917473235,1.1999999999999984,0.0,-4.241049107247269e-15,0.5,0.0,-1.9095836023552692e-14,0.5,0.0,-1.9095836023552692e-14,1.2,0.0,-4.773959005888173e-15,0.2299999999999857,0.19999999999998863,,none,0.23999999999998511,0.0,-0.009999999999999431,-2.465190328815662e-32
R03_shallower_empty,231,47.199999999999456,72.92068764195885,50.0,13.887816628810809,0.0,0.26060239174732264,1.1999999999999984,0.0,-4.178917891221904e-15,0.5,0.0,-1.6209256159527285e-14,0.5,0.0,-1.6209256159527285e-14,1.2,0.0,-4.052314039881821e-15,0.2299999999999848,0.19999999999998863,,none,0.23999999999998423,0.0,-0.009999999999999431,-1.6664686622793874e-31
R03_shallower_empty,232,47.399999999999444,73.15258402746313,50.0,13.825977592676336,0.0,0.26060239174732175,1.1999999999999984,0.0,-3.917950197870698e-15,0.5,0.0,-1.354472090042691e-14,0.5,0.0,-1.354472090042691e-14,1.2,0.0,-3.3861802251067274e-15,0.2299999999999848,0.19999999999998863,,none,0.23999999999998423,0.0,-0.009999999999999431,-1.4199496293978212e-31
R03_shallower_empty,233,47.59999999999943,73.38448041296742,50.0,13.764138556541864,0.0,0.2606023917473211,1.1999999999999984,0.0,-3.523602607673913e-15,0.5,0.0,-1.0880185641326534e-14,0.5,0.0,-1.0880185641326534e-14,1.2,0.0,-2.7200464103316335e-15,0.2299999999999857,0.19999999999998863,,none,0.23999999999998511,0.0,-0.009999999999999431,-1.4199496293978212e-31
R03_shallower_empty,234,47.79999999999942,73.6163767984717,50.0,13.702299520407392,0.0,0.2606023917473204,1.1999999999999984,0.0,-3.1128801733145164e-15,0.5,0.0,-9.103828801926284e-15,0.5,0.0,-9.103828801926284e-15,1.2,0.0,-2.275957200481571e-15,0.2299999999999848,0.19999999999998863,,none,0.23999999999998423,0.0,-0.009999999999999431,-6.310887241768095e-32
R03_shallower_empty,235,47.99999999999941,73.84827318397599,50.0,13.64046048427292,0.0,0.2606023917473198,1.1999999999999984,0.0,-2.7094476242535497e-15,0.5,0.0,-7.549516567451064e-15,0.5,0.0,-7.549516567451064e-15,1.2,0.0,-1.887379141862766e-15,0.2299999999999857,0.19999999999998863,,none,0.23999999999998511,0.0,-0.009999999999999431,-4.831773044478697e-32
R03_shallower_empty,236,48.1999999999994,74.08016956948028,50.0,13.578621448138447,0.0,0.26060239174731936,1.1999999999999984,0.0,-2.310905144470602e-15,0.5,0.0,-5.995204332975845e-15,0.5,0.0,-5.995204332975845e-15,1.2,0.0,-1.4988010832439613e-15,0.2299999999999848,0.19999999999998863,,none,0.23999999999998423,0.0,-0.009999999999999431,-4.831773044478697e-32
R03_shallower_empty,237,48.39999999999939,74.31206595498456,50.0,13.516782412003975,0.0,0.2606023917473189,1.1999999999999984,0.0,-2.0070137462174948e-15,0.5,0.0,-5.551115123125783e-15,0.5,0.0,-5.551115123125783e-15,1.2,0.0,-1.3877787807814457e-15,0.2299999999999857,0.19999999999998863,,none,0.23999999999998511,0.0,-0.009999999999999431,-3.944304526105059e-33
R03_shallower_empty,238,48.599999999999376,74.54396234048885,50.0,13.454943375869503,0.0,0.2606023917473185,1.1999999999999984,0.0,-1.7483403153794798e-15,0.5,0.0,-4.884981308350689e-15,0.5,0.0,-4.884981308350689e-15,1.2,0.0,-1.2212453270876722e-15,0.2299999999999857,0.19999999999998863,,none,0.23999999999998511,0.0,-0.009999999999999431,-8.874685183736382e-33
R03_shallower_empty,239,48.799999999999365,74.77585872599313,50.0,13.39310433973503,0.0,0.2606023917473182,1.1999999999999984,0.0,-1.538273347990697e-15,0.5,0.0,-4.440892098500626e-15,0.5,0.0,-4.440892098500626e-15,1.2,0.0,-1.1102230246251565e-15,0.2299999999999848,0.19999999999998863,,none,0.23999999999998423,0.0,-0.009999999999999431,-3.944304526105059e-33
R03_shallower_empty,240,48.99999999999935,75.00775511149742,50.0,13.331265303600558,0.0,0.260602391747318,1.1999999999999984,0.0,-1.4339083419122047e-15,0.5,0.0,-4.884981308350689e-15,0.5,0.0,-4.884981308350689e-15,1.2,0.0,-1.2212453270876722e-15,0.2299999999999857,0.19999999999998863,,none,0.23999999999998511,0.0,-0.009999999999999431,-3.944304526105059e-33
R03_shallower_empty,241,49.19999999999934,75.2396514970017,50.0,13.269426267466086,0.0,0.26060239174731775,1.1999999999999984,0.0,-1.4369967430733247e-15,0.5,0.0,-5.773159728050814e-15,0.5,0.0,-5.773159728050814e-15,1.2,0.0,-1.4432899320127035e-15,0.2299999999999848,0.19999999999998863,,none,0.23999999999998423,0.0,-0.009999999999999431,-1.5777218104420236e-32
R03_shallower_empty,242,49.39999999999933,75.47154788250599,50.0,13.207587231331614,0.0,0.26060239174731753,1.1999999999999984,0.0,-1.512165099412079e-15,0.5,0.0,-6.661338147750939e-15,0.5,0.0,-6.661338147750939e-15,1.2,0.0,-1.6653345369377348e-15,0.2299999999999857,0.19999999999998863,,none,0.23999999999998511,0.0,-0.009999999999999431,-1.5777218104420236e-32
R03_shallower_empty,243,49.59999999999932,75.70344426801027,50.0,13.145748195197141,0.0,0.2606023917473173,1.1999999999999984,0.0,-1.6356848302849538e-15,0.5,0.0,-7.549516567451064e-15,0.5,0.0,-7.549516567451064e-15,1.2,0.0,-1.887379141862766e-15,0.2299999999999848,0.19999999999998863,,none,0.23999999999998423,0.0,-0.009999999999999431,-1.5777218104420236e-32
R03_shallower_empty,244,49.79999999999931,75.93534065351456,50.0,13.083909159062669,0.0,0.2606023917473169,1.1999999999999984,0.0,-1.8281870829184974e-15,0.5,0.0,-8.881784197001252e-15,0.5,0.0,-8.881784197001252e-15,1.2,0.0,-2.220446049250313e-15,0.2299999999999857,0.19999999999998863,,none,0.23999999999998511,0.0,-0.009999999999999431,-3.549874073494553e-32
R03_shallower_empty,245,49.9999999999993,76.16723703901884,50.0,13.022070122928197,0.0,0.2606023917473165,1.1999999999999984,0.0,-2.030414620300348e-15,0.5,0.0,-9.769962616701378e-15,0.5,0.0,-9.769962616701378e-15,1.2,0.0,-2.4424906541753444e-15,0.2299999999999848,0.19999999999998863,,none,0.23999999999998423,0.0,-0.009999999999999431,-1.5777218104420236e-32
R03_shallower_empty,246,50.199999999999285,76.39913342452313,50.0,12.960231086793724,0.0,0.26060239174731603,1.1999999999999984,0.0,-2.2574400603656365e-15,0.5,0.0,-1.0880185641326534e-14,0.5,0.0,-1.0880185641326534e-14,1.2,0.0,-2.7200464103316335e-15,0.2299999999999857,0.19999999999998863,,none,0.23999999999998511,0.0,-0.009999999999999431,-2.465190328815662e-32
R03_shallower_empty,247,50.399999999999274,76.63102981002741,50.0,12.898392050659252,0.0,0.2606023917473156,1.1999999999999984,0.0,-2.501099981922385e-15,0.5,0.0,-1.199040866595169e-14,0.5,0.0,-1.199040866595169e-14,1.2,0.0,-2.9976021664879227e-15,0.22999999999998524,0.19999999999998863,,none,0.23999999999998467,0.0,-0.009999999999999431,-2.465190328815662e-32
R03_shallower_empty,248,50.59999999999926,76.8629261955317,50.0,12.83655301452478,0.0,0.2606023917473151,1.1999999999999984,0.0,-2.810740834222912e-15,0.5,0.0,-1.3766765505351941e-14,0.5,0.0,-1.3766765505351941e-14,1.2,0.0,-3.4416913763379853e-15,0.2299999999999848,0.19999999999998863,,none,0.23999999999998423,0.0,-0.009999999999999431,-6.310887241768095e-32
R03_shallower_empty,249,50.79999999999925,77.09482258103598,50.0,12.774713978390308,0.0,0.2606023917473144,1.1999999999999984,0.0,-3.1829159862743093e-15,0.5,0.0,-1.5765166949677223e-14,0.5,0.0,-1.5765166949677223e-14,1.2,0.0,-3.941291737419306e-15,0.2299999999999857,0.19999999999998863,,none,0.23999999999998511,0.0,-0.009999999999999431,-7.987216665362745e-32
R03_shallower_empty,250,50.99999999999924,77.32671896654027,50.0,12.712874942255835,0.0,0.26060239174731376,1.1999999999999984,0.0,-3.597039268579559e-15,0.5,0.0,-1.7763568394002505e-14,0.5,0.0,-1.7763568394002505e-14,1.2,0.0,-4.440892098500626e-15,0.22999999999998524,0.19999999999998863,,none,0.23999999999998467,0.0,-0.009999999999999431,-7.987216665362745e-32
R03_shallower_empty,251,51.19999999999923,77.55861535204455,50.0,12.651035906121363,0.0,0.260602391747313,1.1999999999999984,0.0,-4.1123980892997265e-15,0.5,0.0,-2.0650148258027912e-14,0.5,0.0,-2.0650148258027912e-14,1.2,0.0,-5.162537064506978e-15,0.22999999999998524,0.19999999999998863,,none,0.23999999999998467,0.0,-0.009999999999999431,-1.6664686622793874e-31
R03_shallower_empty,252,51.39999999999922,77.79051173754884,50.0,12.58919686998689,0.0,0.2606023917473121,1.1999999999999984,0.0,-4.732214232068976e-15,0.5,0.0,-2.398081733190338e-14,0.5,0.0,-2.398081733190338e-14,1.2,0.0,-5.995204332975845e-15,0.22999999999998524,0.19999999999998863,,none,0.23999999999998467,0.0,-0.009999999999999431,-2.2186712959340957e-31
R03_shallower_empty,253,51.599999999999206,78.02240812305313,50.0,12.527357833852419,0.0,0.26060239174731104,1.1999999999999984,0.0,-5.513471363745267e-15,0.5,0.0,-2.842170943040401e-14,0.5,0.0,-2.842170943040401e-14,1.2,0.0,-7.105427357601002e-15,0.22999999999998524,0.19999999999998863,,none,0.23999999999998467,0.0,-0.009999999999999431,-3.944304526105059e-31
R03_shallower_empty,254,51.63891565420075,78.06753012079749,50.0,12.515325301120589,0.0,0.2606023917473108,1.1999999999999984,0.0,-5.729687706884516e-15,0.5,0.0,-3.375077994860476e-14,0.5,0.0,-3.375077994860476e-14,1.2,0.0,-8.43769498715119e-15,100.04475300233177,0.038915654201545635,,goal_success,0.04669878504184677,100.0,-0.0019457827100772818,-5.679798517591285e-31
R04_head_on_lateral_offset,0,1.0,20.30000000000001,50.0,20.0,0.0,0.0,0.3,0.0,0.0,,,,,,,,,,,,,,,,,
R04_head_on_lateral_offset,1,1.2000000000000002,20.37000000000001,50.0,20.0,0.0,0.0,0.4000000000000001,0.0,0.0,0.5,0.0,-0.0,0.5,0.0,-0.0,1.2,0.0,-0.0,0.015000000000000277,0.20000000000000018,37.9147742894314,none,0.07000000000000028,0.0,-0.010000000000000009,-0.045
R04_head_on_lateral_offset,2,1.4000000000000004,20.46000000000001,50.0,20.0,0.0,0.0,0.5000000000000001,0.0,0.0,0.5,0.0,-0.0,0.5,0.0,-0.0,1.2,0.0,-0.0,0.0799999999999963,0.20000000000000018,37.74527337159816,none,0.0899999999999963,0.0,-0.010000000000000009,-0.0
R04_head_on_lateral_offset,3,1.6000000000000005,20.570000000000014,50.0,20.0,0.0,0.0,0.6000000000000002,0.0,0.0,0.5,0.0,-0.0,0.5,0.0,-0.0,1.2,0.0,-0.0,0.10000000000000653,0.20000000000000018,37.55583632310184,none,0.11000000000000654,0.0,-0.010000000000000009,-0.0
R04_head_on_lateral_offset,4,1.8000000000000007,20.700000000000014,50.0,20.0,0.0,0.0,0.7000000000000003,0.0,0.0,0.5,0.0,-0.0,0.5,0.0,-0.0,1.2,0.0,-0.0,0.12000000000000255,0.20000000000000018,37.34646495482488,none,0.13000000000000256,0.0,-0.010000000000000009,-0.0
R04_head_on_lateral_offset,5,2.000000000000001,20.850000000000012,50.0,20.0,0.0,0.0,0.8000000000000004,0.0,0.0,0.5,0.0,-0.0,0.5,0.0,-0.0,1.2,0.0,-0.0,0.13999999999999146,0.20000000000000018,37.117161319754146,none,0.14999999999999147,0.0,-0.010000000000000009,-0.0
R04_head_on_lateral_offset,6,2.2,21.019258765582936,50.0,20.0,0.0,0.0,0.888426543021342,0.0,0.0,0.5,0.0,-0.0,0.5,0.0,-0.0,1.2,0.0,-0.0,0.15925876558292434,0.1999999999999993,36.86866667758045,none,0.1692587655829243,0.0,-0.009999999999999966,-0.0
R04_head_on_lateral_offset,7,2.3999999999999995,21.20415603818727,50.0,20.0,0.0,0.0,0.9573049522659207,0.0,0.0,0.5,0.0,-0.0,0.5,0.0,-0.0,1.2,0.0,-0.0,0.17489727260433857,0.1999999999999993,36.60459245338605,none,0.18489727260433853,0.0,-0.009999999999999966,-0.0
R04_head_on_lateral_offset,8,2.5999999999999988,21.401234670028224,50.0,20.0,0.0,0.0,1.010956662464731,0.0,0.0,0.5,0.0,-0.0,0.5,0.0,-0.0,1.2,0.0,-0.0,0.18707863184095236,0.1999999999999993,36.328387082144026,none,0.1970786318409523,0.0,-0.009999999999999966,-0.0
R04_head_on_lateral_offset,9,2.799999999999998,21.6078017723893,50.0,20.0,0.0,0.0,1.0527477845133824,0.0,0.0,0.5,0.0,-0.0,0.5,0.0,-0.0,1.2,0.0,-0.0,0.1965671023610776,0.1999999999999993,36.04273673747741,none,0.20656710236107756,0.0,-0.009999999999999966,-0.0
R04_head_on_lateral_offset,10,2.9999999999999973,21.821759763653873,50.0,20.0,0.0,0.0,1.0853002954326707,0.0,0.0,0.5,0.0,-0.0,0.5,0.0,-0.0,1.2,0.0,-0.0,0.20395799126457154,0.1999999999999993,35.74973383970448,none,0.2139579912645715,0.0,-0.009999999999999966,-0.0
R04_head_on_lateral_offset,11,3.1999999999999966,22.041474766932957,50.0,20.0,0.0,0.0,1.1106565413338159,0.0,0.0,0.5,0.0,-0.0,0.5,0.0,-0.0,1.2,0.0,-0.0,0.2097150032790845,0.1999999999999993,35.45100831869585,none,0.21971500327908444,0.0,-0.009999999999999966,-0.0
R04_head_on_lateral_offset,12,3.399999999999996,22.265674100550115,50.0,20.0,0.0,0.0,1.130407374312368,0.0,0.0,0.5,0.0,-0.0,0.5,0.0,-0.0,1.2,0.0,-0.0,0.21419933361715754,0.1999999999999993,35.1478298620531,none,0.2241993336171575,0.0,-0.009999999999999966,-0.0
R04_head_on_lateral_offset,13,3.599999999999995,22.49336642993144,50.0,20.0,0.0,0.0,1.1457919625857067,0.0,0.0,0.5,0.0,-0.0,0.5,0.0,-0.0,1.2,0.0,-0.0,0.21769232938132693,0.1999999999999993,34.841187561028995,none,0.22769232938132689,0.0,-0.009999999999999966,-0.0
R04_head_on_lateral_offset,14,3.7999999999999945,22.723779571226405,50.0,20.0,0.0,0.0,1.1577755359670006,0.0,0.0,0.5,0.0,-0.0,0.5,0.0,-0.0,1.2,0.0,-0.0,0.2204131412949602,0.1999999999999993,34.531851949851045,none,0.23041314129496016,0.0,-0.009999999999999966,-0.0
R04_head_on_lateral_offset,15,3.999999999999994,22.956312044455668,50.0,20.0,0.0,0.0,1.1671099444304183,0.0,0.0,0.5,0.0,-0.0,0.5,0.0,-0.0,1.2,0.0,-0.0,0.22253247322927,0.1999999999999993,34.22042333020483,none,0.23253247322926995,0.0,-0.009999999999999966,-0.0
R04_head_on_lateral_offset,16,4.199999999999993,23.19049533662807,50.0,20.0,0.0,0.0,1.1743808292149132,0.0,0.0,0.5,0.0,-0.0,0.5,0.0,-0.0,1.2,0.0,-0.0,0.22418329217240346,0.1999999999999993,33.90736941256184,none,0.2341832921724034,0.0,-0.009999999999999966,-0.0
R04_head_on_lateral_offset,17,4.399999999999992,23.425964507212875,50.0,20.0,0.0,0.0,1.1800443659839095,0.0,0.0,0.5,0.0,-0.0,0.5,0.0,-0.0,1.2,0.0,-0.0,0.22546917058479982,0.1999999999999993,33.59305463597913,none,0.23546917058479977,0.0,-0.009999999999999966,-0.0
R04_head_on_lateral_offset,18,4.599999999999992,23.662435291753194,50.0,20.0,0.0,0.0,1.1844558853085145,0.0,0.0,0.5,0.0,-0.0,0.5,0.0,-0.0,1.2,0.0,-0.0,0.22647078454032316,0.1999999999999993,33.277763005999326,none,0.2364707845403231,0.0,-0.009999999999999966,-0.0
R04_head_on_lateral_offset,19,4.799999999999991,23.8996862671002,50.0,20.0,0.0,0.0,1.1878921661247526,0.0,0.0,0.5,0.0,-0.0,0.5,0.0,-0.0,1.2,0.0,-0.0,0.22725097534700273,0.1999999999999993,32.961715883637154,none,0.23725097534700268,0.0,-0.009999999999999966,-0.0
R04_head_on_lateral_offset,20,4.99999999999999,24.13754495931407,50.0,20.0,0.0,0.0,1.1905688008574147,0.0,0.0,0.5,0.0,-0.0,0.5,0.0,-0.0,1.2,0.0,-0.0,0.2278586922138695,0.1999999999999993,32.64508584166916,none,0.23785869221386946,0.0,-0.009999999999999966,-0.0
R04_head_on_lateral_offset,21,5.1999999999999895,24.37587702264062,50.0,20.0,0.0,0.0,1.1926537216992266,0.0,0.0,0.5,0.0,-0.0,0.5,0.0,-0.0,1.2,0.0,-0.0,0.2283320633265527,0.1999999999999993,32.328007457689466,none,0.23833206332655266,0.0,-0.009999999999999966,-0.0
R04_head_on_lateral_offset,22,5.399999999999989,24.6145778106522,50.0,20.0,0.0,0.0,1.194277736684752,0.0,0.0,0.5,0.0,-0.0,0.5,0.0,-0.0,1.2,0.0,-0.0,0.2287007880115775,0.1999999999999993,32.01058572118275,none,0.23870078801157746,0.0,-0.009999999999999966,-0.0
R04_head_on_lateral_offset,23,5.599999999999988,24.85356581072575,50.0,20.0,0.0,0.0,1.1955427365928148,0.0,0.0,0.5,0.0,-0.0,0.5,0.0,-0.0,1.2,0.0,-0.0,0.22898800007355452,0.1999999999999993,31.69290258214332,none,0.23898800007355447,0.0,-0.009999999999999966,-0.0
R04_head_on_lateral_offset,24,5.799999999999987,25.092777529936885,50.0,20.0,0.0,0.0,1.1965280875788973,0.0,0.0,0.5,0.0,-0.0,0.5,0.0,-0.0,1.2,0.0,-0.0,0.2292117192111272,0.1999999999999993,31.375022052144793,none,0.23921171921112716,0.0,-0.009999999999999966,-0.0
R04_head_on_lateral_offset,25,5.999999999999987,25.332163511510743,50.0,20.0,0.0,0.0,1.1972956106115746,0.0,0.0,0.5,0.0,-0.0,0.5,0.0,-0.0,1.2,0.0,-0.0,0.22938598157386086,0.1999999999999993,31.05699417792175,none,0.23938598157386082,0.0,-0.009999999999999966,-0.0
R04_head_on_lateral_offset,26,6.199999999999986,25.57168523190154,50.0,20.0,0.0,0.0,1.1978934601230797,0.0,0.0,0.5,0.0,-0.0,0.5,0.0,-0.0,1.2,0.0,-0.0,0.2295217203907976,0.1999999999999993,30.738858136765685,none,0.23952172039079755,0.0,-0.009999999999999966,-0.0
R04_head_on_lateral_offset,27,6.399999999999985,25.811312683823434,50.0,20.0,0.0,0.0,1.1983591452207114,0.0,0.0,0.5,0.0,-0.0,0.5,0.0,-0.0,1.2,0.0,-0.0,0.22962745192189066,0.1999999999999993,30.420644647920554,none,0.2396274519218906,0.0,-0.009999999999999966,-0.0
R04_head_on_lateral_offset,28,6.5999999999999845,26.05102249359197,50.0,20.0,0.0,0.0,1.1987218830100428,0.0,0.0,0.5,0.0,-0.0,0.5,0.0,-0.0,1.2,0.0,-0.0,0.22970980976854155,0.1999999999999993,30.102377851233094,none,0.2397098097685415,0.0,-0.009999999999999966,-0.0
R04_head_on_lateral_offset,29,6.799999999999984,26.29079645465797,50.0,20.0,0.0,0.0,1.1990044316775397,0.0,0.0,0.5,0.0,-0.0,0.5,0.0,-0.0,1.2,0.0,-0.0,0.22977396106599263,0.1999999999999993,29.784076770872982,none,0.23977396106599258,0.0,-0.009999999999999966,-0.0
R04_head_on_lateral_offset,30,6.999999999999983,26.530620385327772,50.0,20.0,0.0,0.0,1.1992245183402814,0.0,0.0,0.5,0.0,-0.0,0.5,0.0,-0.0,1.2,0.0,-0.0,0.22982393066980739,0.1999999999999993,29.465756455891935,none,0.23982393066980734,0.0,-0.009999999999999966,-0.0
R04_head_on_lateral_offset,31,7.199999999999982,26.770483239003084,50.0,20.0,0.0,0.0,1.199395951246145,0.0,0.0,0.5,0.0,-0.0,0.5,0.0,-0.0,1.2,0.0,-0.0,0.22986285367531228,0.1999999999999993,29.147428869103134,none,0.23986285367531224,0.0,-0.009999999999999966,-0.0
R04_head_on_lateral_offset,32,7.399999999999982,27.010376411116845,50.0,20.0,0.0,0.0,1.1995294861039445,0.0,0.0,0.5,0.0,-0.0,0.5,0.0,-0.0,1.2,0.0,-0.0,0.2298931721137601,0.1999999999999993,28.829103579960417,none,0.23989317211376004,0.0,-0.009999999999999966,-0.0
R04_head_on_lateral_offset,33,7.599999999999981,27.250293199282304,50.0,20.0,0.0,0.0,1.1996335008971237,0.0,0.0,0.5,0.0,-0.0,0.5,0.0,-0.0,1.2,0.0,-0.0,0.22991678816545918,0.1999999999999993,28.510788304808415,none,0.23991678816545914,0.0,-0.009999999999999966,-0.0
R04_head_on_lateral_offset,34,7.79999999999998,27.490228382784924,50.0,20.0,0.0,0.0,1.1997145215188432,0.0,0.0,0.5,0.0,-0.0,0.5,0.0,-0.0,1.2,0.0,-0.0,0.2299351835026167,0.1999999999999993,28.192489328288367,none,0.23993518350261667,0.0,-0.009999999999999966,-0.0
R04_head_on_lateral_offset,35,7.99999999999998,27.730177895034533,50.0,20.0,0.0,0.0,1.1997776312068325,0.0,0.0,0.5,0.0,-0.0,0.5,0.0,-0.0,1.2,0.0,-0.0,0.2299495122496092,0.1999999999999993,27.874211832217302,none,0.23994951224960914,0.0,-0.009999999999999966,-0.0
R04_head_on_lateral_offset,36,8.199999999999982,27.970138568427224,50.0,20.0,0.0,0.0,1.1998267894659715,0.0,0.0,0.5,0.0,-0.0,0.5,0.0,-0.0,1.2,0.0,-0.0,0.22996067339269435,0.20000000000000195,27.55596015244272,none,0.23996067339269445,0.0,-0.010000000000000097,-0.0
R04_head_on_lateral_offset,37,8.399999999999984,28.210107935609745,50.0,20.0,0.0,0.0,1.199865080487819,0.0,0.0,0.5,0.0,-0.0,0.5,0.0,-0.0,1.2,0.0,-0.0,0.22996936718251745,0.20000000000000284,27.237737979645225,none,0.2399693671825176,0.0,-0.010000000000000142,-0.0
R04_head_on_lateral_offset,38,8.599999999999987,28.450084074677648,50.0,20.0,0.0,0.0,1.1998949066529396,0.0,0.0,0.5,0.0,-0.0,0.5,0.0,-0.0,1.2,0.0,-0.0,0.2299761390679059,0.20000000000000284,26.919548516533844,none,0.23997613906790605,0.0,-0.010000000000000142,-0.0
R04_head_on_lateral_offset,39,8.79999999999999,28.690065488594897,50.0,20.0,0.0,0.0,1.1999181392563771,0.0,0.0,0.5,0.0,-0.0,0.5,0.0,-0.0,1.2,0.0,-0.0,0.229981413917249,0.20000000000000284,26.601394601131332,none,0.23998141391724914,0.0,-0.010000000000000142,-0.0
R04_head_on_lateral_offset,40,8.999999999999993,28.93005101126976,50.0,20.0,0.0,0.0,1.1999362359127963,0.0,0.0,0.5,0.0,-0.0,0.5,0.0,-0.0,1.2,0.0,-0.0,0.22998552267486402,0.20000000000000284,26.283278803707145,none,0.23998552267486417,0.0,-0.010000000000000142,-0.0
R04_head_on_lateral_offset,41,9.199999999999996,29.17003973439416,50.0,20.0,0.0,0.0,1.199950332007297,0.0,0.0,0.5,0.0,-0.0,0.5,0.0,-0.0,1.2,0.0,-0.0,0.22998872312439786,0.20000000000000284,25.9652035032497,none,0.239988723124398,0.0,-0.010000000000000142,-0.0
R04_head_on_lateral_offset,42,9.399999999999999,29.41003095045637,50.0,20.0,0.0,0.0,1.1999613119295307,0.0,0.0,0.5,0.0,-0.0,0.5,0.0,-0.0,1.2,0.0,-0.0,0.22999121606221493,0.20000000000000284,25.647170948072272,none,0.23999121606221507,0.0,-0.010000000000000142,-0.0
R04_head_on_lateral_offset,43,9.600000000000001,29.650024108351715,50.0,20.0,0.0,0.0,1.1999698645603503,0.0,0.0,0.5,0.0,-0.0,0.5,0.0,-0.0,1.2,0.0,-0.0,0.22999315789534122,0.20000000000000284,25.32918330413698,none,0.23999315789534137,0.0,-0.010000000000000142,-0.0
R04_head_on_lateral_offset,44,9.800000000000004,29.890018778806212,50.0,20.0,0.0,0.0,1.1999765264922269,0.0,0.0,0.5,0.0,-0.0,0.5,0.0,-0.0,1.2,0.0,-0.0,0.22999467045449293,0.20000000000000284,25.01124269389535,none,0.23999467045449308,0.0,-0.010000000000000142,-0.0
R04_head_on_lateral_offset,45,10.000000000000007,30.13001462744392,50.0,20.0,0.0,0.0,1.1999817156950894,0.0,0.0,0.5,0.0,-0.0,0.5,0.0,-0.0,1.2,0.0,-0.0,0.22999584863771147,0.20000000000000284,24.69335122783228,none,0.23999584863771162,0.0,-0.010000000000000142,-0.0
R04_head_on_lateral_offset,46,10.20000000000001,30.37001139380817,50.0,20.0,0.0,0.0,1.1999857577397763,0.0,0.0,0.5,0.0,-0.0,0.5,0.0,-0.0,1.2,0.0,-0.0,0.2299967663642498,0.20000000000000284,24.375511030424637,none,0.23999676636424994,0.0,-0.010000000000000142,-0.0
R04_head_on_lateral_offset,47,10.400000000000013,30.610008875020494,50.0,20.0,0.0,0.0,1.1999889062243672,0.0,0.0,0.5,0.0,-0.0,0.5,0.0,-0.0,1.2,0.0,-0.0,0.2299974812123274,0.20000000000000284,24.057724261856112,none,0.23999748121232756,0.0,-0.010000000000000142,-0.0
R04_head_on_lateral_offset,48,10.600000000000016,30.850006913052038,50.0,20.0,0.0,0.0,1.1999913586849376,0.0,0.0,0.5,0.0,-0.0,0.5,0.0,-0.0,1.2,0.0,-0.0,0.22999803803154392,0.20000000000000284,23.739993136542747,none,0.23999803803154407,0.0,-0.010000000000000142,-0.0
R04_head_on_lateral_offset,49,10.800000000000018,31.0900053848088,50.0,20.0,0.0,0.0,1.199993268988983,0.0,0.0,0.5,0.0,-0.0,0.5,0.0,-0.0,1.2,0.0,-0.0,0.22999847175676322,0.20000000000000284,23.422319939301183,none,0.23999847175676337,0.0,-0.010000000000000142,-0.0
R04_head_on_lateral_offset,50,11.000000000000021,31.33000419440873,50.0,20.0,0.0,0.0,1.1999947569890712,0.0,0.0,0.5,0.0,-0.0,0.5,0.0,-0.0,1.2,0.0,-0.0,0.22999880959992466,0.20000000000000284,23.104707039819232,none,0.2399988095999248,0.0,-0.010000000000000142,-0.0
R04_head_on_lateral_offset,51,11.200000000000024,31.570003267166065,50.0,20.0,0.0,0.0,1.1999959160423999,0.0,0.0,0.5,0.0,-0.0,0.5,0.0,-0.0,1.2,0.0,-0.0,0.2299990727573352,0.20000000000000284,22.78715690595565,none,0.23999907275733534,0.0,-0.010000000000000142,-0.0
R04_head_on_lateral_offset,52,11.400000000000027,31.81000254490556,50.0,20.0,0.0,0.0,1.199996818868031,0.0,0.0,0.5,0.0,-0.0,0.5,0.0,-0.0,1.2,0.0,-0.0,0.22999927773949266,0.20000000000000284,22.469672116293623,none,0.2399992777394928,0.0,-0.010000000000000142,-0.0
R04_head_on_lateral_offset,53,11.60000000000003,32.05000198231256,50.0,20.0,0.0,0.0,1.1999975221092882,0.0,0.0,0.5,0.0,-0.0,0.5,0.0,-0.0,1.2,0.0,-0.0,0.22999943740700032,0.20000000000000284,22.152255372294775,none,0.23999943740700047,0.0,-0.010000000000000142,-0.0
R04_head_on_lateral_offset,54,11.800000000000033,32.29000154408994,50.0,20.0,0.0,0.0,1.1999980698875623,0.0,0.0,0.5,0.0,-0.0,0.5,0.0,-0.0,1.2,0.0,-0.0,0.22999956177738098,0.20000000000000284,21.83490951034127,none,0.23999956177738113,0.0,-0.010000000000000142,-0.0
R04_head_on_lateral_offset,55,12.000000000000036,32.5300012027436,50.0,20.0,0.0,0.0,1.1999984965704886,0.0,0.0,0.5,0.0,-0.0,0.5,0.0,-0.0,1.2,0.0,-0.0,0.22999965865365865,0.20000000000000284,21.517637513909754,none,0.2399996586536588,0.0,-0.010000000000000142,-0.0
R04_head_on_lateral_offset,56,12.200000000000038,32.77000093685745,50.0,20.0,0.0,0.0,1.1999988289281747,0.0,0.0,0.5,0.0,-0.0,0.5,0.0,-0.0,1.2,0.0,-0.0,0.2299997341138514,0.20000000000000284,21.2004425260889,none,0.23999973411385156,0.0,-0.010000000000000142,-0.0
R04_head_on_lateral_offset,57,12.400000000000041,33.010000729749784,50.0,20.0,0.0,0.0,1.1999990878127575,0.0,0.0,0.5,0.0,-0.0,0.5,0.0,-0.0,1.2,0.0,-0.0,0.22999979289233394,0.20000000000000284,20.883327862629805,none,0.23999979289233409,0.0,-0.010000000000000142,-0.0
R04_head_on_lateral_offset,58,12.600000000000044,33.250000568426664,50.0,20.0,0.0,0.0,1.199999289466669,0.0,0.0,0.5,0.0,-0.0,0.5,0.0,-0.0,1.2,0.0,-0.0,0.22999983867687987,0.20000000000000284,20.56629702570396,none,0.23999983867688002,0.0,-0.010000000000000142,-0.0
R04_head_on_lateral_offset,59,12.800000000000047,33.49000044276665,50.0,20.0,0.0,0.0,1.1999994465416843,0.0,0.0,0.5,0.0,-0.0,0.5,0.0,-0.0,1.2,0.0,-0.0,0.22999987433998612,0.20000000000000284,20.249353718535392,none,0.23999987433998626,0.0,-0.010000000000000142,-0.0
R04_head_on_lateral_offset,60,13.00000000000005,33.73000034488584,50.0,20.0,0.0,0.0,1.199999568892698,0.0,0.0,0.5,0.0,-0.0,0.5,0.0,-0.0,1.2,0.0,-0.0,0.22999990211918728,0.20000000000000284,19.932501861070673,none,0.23999990211918742,0.0,-0.010000000000000142,-0.0
R04_head_on_lateral_offset,61,13.200000000000053,33.97000026864318,50.0,20.0,0.0,0.0,1.1999996641960191,0.0,0.0,0.5,0.0,-0.0,0.5,0.0,-0.0,1.2,0.0,-0.0,0.2299999237573452,0.20000000000000284,19.615745606852947,none,0.23999992375734536,0.0,-0.010000000000000142,-0.0
R04_head_on_lateral_offset,62,13.400000000000055,34.210000209255206,50.0,20.0,0.0,0.0,1.199999738430982,0.0,0.0,0.5,0.0,-0.0,0.5,0.0,-0.0,1.2,0.0,-0.0,0.22999994061202286,0.20000000000000284,19.29908936127204,none,0.239999940612023,0.0,-0.010000000000000142,-0.0
R04_head_on_lateral_offset,63,13.600000000000058,34.45000016299593,50.0,20.0,0.0,0.0,1.1999997962550921,0.0,0.0,0.5,0.0,-0.0,0.5,0.0,-0.0,1.2,0.0,-0.0,0.229999953740721,0.20000000000000284,18.982537801373187,none,0.23999995374072114,0.0,-0.010000000000000142,-0.0
R04_head_on_lateral_offset,64,13.800000000000061,34.69000012696301,50.0,20.0,0.0,0.0,1.1999998412962367,0.0,0.0,0.5,0.0,-0.0,0.5,0.0,-0.0,1.2,0.0,-0.0,0.22999996396707942,0.20000000000000284,18.666095897421403,none,0.23999996396707957,0.0,-0.010000000000000142,-0.0
R04_head_on_lateral_offset,65,14.000000000000064,34.93000009889576,50.0,20.0,0.0,0.0,1.1999998763802995,0.0,0.0,0.5,0.0,-0.0,0.5,0.0,-0.0,1.2,0.0,-0.0,0.22999997193275376,0.20000000000000284,18.349768936435904,none,0.2399999719327539,0.0,-0.010000000000000142,-0.0
R04_head_on_lateral_offset,66,14.200000000000067,35.17000007703323,50.0,20.0,0.0,0.0,1.1999999037084563,0.0,0.0,0.5,0.0,-0.0,0.5,0.0,-0.0,1.2,0.0,-0.0,0.22999997813746872,0.20000000000000284,18.03356254793203,none,0.23999997813746887,0.0,-0.010000000000000142,-0.0
R04_head_on_lateral_offset,67,14.40000000000007,35.410000060003775,50.0,20.0,0.0,0.0,1.1999999249952773,0.0,0.0,0.5,0.0,-0.0,0.5,0.0,-0.0,1.2,0.0,-0.0,0.2299999829705449,0.20000000000000284,17.717482732133885,none,0.23999998297054503,0.0,-0.010000000000000142,-0.0
R04_head_on_lateral_offset,68,14.600000000000072,35.65000004673897,50.0,20.0,0.0,0.0,1.199999941576298,0.0,0.0,0.5,0.0,-0.0,0.5,0.0,-0.0,1.2,0.0,-0.0,0.22999998673519215,0.20000000000000284,17.40153589095276,none,0.2399999867351923,0.0,-0.010000000000000142,-0.0
R04_head_on_lateral_offset,69,14.800000000000075,35.890000036406555,50.0,20.0,0.0,0.0,1.1999999544918132,0.0,0.0,0.5,0.0,-0.0,0.5,0.0,-0.0,1.2,0.0,-0.0,0.2299999896675878,0.20000000000000284,17.085728862062812,none,0.23999998966758795,0.0,-0.010000000000000142,-0.0
R04_head_on_lateral_offset,70,15.000000000000078,36.130000028358296,50.0,20.0,0.0,0.0,1.1999999645521422,0.0,0.0,0.5,0.0,-0.0,0.5,0.0,-0.0,1.2,0.0,-0.0,0.22999999195174112,0.20000000000000284,16.770068956448288,none,0.23999999195174126,0.0,-0.010000000000000142,-0.0
R04_head_on_lateral_offset,71,15.200000000000081,36.37000002208924,50.0,20.0,0.0,0.0,1.199999972388471,0.0,0.0,0.5,0.0,-0.0,0.5,0.0,-0.0,1.2,0.0,-0.0,0.22999999373094723,0.20000000000000284,16.454563999846616,none,0.23999999373094738,0.0,-0.010000000000000142,-0.0
R04_head_on_lateral_offset,72,15.400000000000084,36.61000001720606,50.0,20.0,0.0,0.0,1.199999978492451,0.0,0.0,0.5,0.0,-0.0,0.5,0.0,-0.0,1.2,0.0,-0.0,0.2299999951168182,0.20000000000000284,16.139222378569205,none,0.23999999511681835,0.0,-0.010000000000000142,-0.0
R04_head_on_lateral_offset,73,15.600000000000087,36.85000001340238,50.0,20.0,0.0,0.0,1.1999999832470465,0.0,0.0,0.5,0.0,-0.0,0.5,0.0,-0.0,1.2,0.0,-0.0,0.22999999619631736,0.20000000000000284,15.824053090249214,none,0.2399999961963175,0.0,-0.010000000000000142,-0.0
R04_head_on_lateral_offset,74,15.80000000000009,37.09000001043957,50.0,20.0,0.0,0.0,1.199999986950561,0.0,0.0,0.5,0.0,-0.0,0.5,0.0,-0.0,1.2,0.0,-0.0,0.22999999703718785,0.20000000000000284,15.50906580014392,none,0.239999997037188,0.0,-0.010000000000000142,-0.0
R04_head_on_lateral_offset,75,16.000000000000092,37.330000008131734,50.0,20.0,0.0,0.0,1.1999999898353528,0.0,0.0,0.5,0.0,-0.0,0.5,0.0,-0.0,1.2,0.0,-0.0,0.22999999769216614,0.20000000000000284,15.19427090371047,none,0.2399999976921663,0.0,-0.010000000000000142,-0.0
R04_head_on_lateral_offset,76,16.200000000000095,37.570000006334084,50.0,20.0,0.0,0.0,1.1999999920824145,0.0,0.0,0.5,0.0,-0.0,0.5,0.0,-0.0,1.2,0.0,-0.0,0.22999999820235004,0.20000000000000284,14.879679596280097,none,0.23999999820235018,0.0,-0.010000000000000142,-0.0
R04_head_on_lateral_offset,77,16.400000000000098,37.81000000493384,50.0,20.0,0.0,0.0,1.1999999938327262,0.0,0.0,0.5,0.0,-0.0,0.5,0.0,-0.0,1.2,0.0,-0.0,0.2299999985997566,0.20000000000000284,14.565303950780711,none,0.23999999859975674,0.0,-0.010000000000000142,-0.0
R04_head_on_lateral_offset,78,16.6000000000001,38.05000000384314,50.0,20.0,0.0,0.0,1.199999995196103,0.0,0.0,0.5,0.0,-0.0,0.5,0.0,-0.0,1.2,0.0,-0.0,0.22999999890929743,0.20000000000000284,14.25115700460358,none,0.23999999890929757,0.0,-0.010000000000000142,-0.0
R04_head_on_lateral_offset,79,16.800000000000104,38.29000000299355,50.0,20.0,0.0,0.0,1.199999996258083,0.0,0.0,0.5,0.0,-0.0,0.5,0.0,-0.0,1.2,0.0,-0.0,0.229999999150413,0.20000000000000284,13.937252856881182,none,0.23999999915041315,0.0,-0.010000000000000142,-0.0
R04_head_on_lateral_offset,80,17.000000000000107,38.53000000233179,50.0,20.0,0.0,0.0,1.1999999970852948,0.0,0.0,0.5,0.0,-0.0,0.5,0.0,-0.0,1.2,0.0,-0.0,0.22999999933823786,0.20000000000000284,13.623606777645596,none,0.239999999338238,0.0,-0.010000000000000142,-0.0
R04_head_on_lateral_offset,81,17.20000000000011,38.77000000181631,50.0,20.0,0.0,0.0,1.199999997729638,0.0,0.0,0.5,0.0,-0.0,0.5,0.0,-0.0,1.2,0.0,-0.0,0.2299999994845173,0.20000000000000284,13.310235330575058,none,0.23999999948451745,0.0,-0.010000000000000142,-0.0
R04_head_on_lateral_offset,82,17.400000000000112,39.01000000141479,50.0,20.0,0.0,0.0,1.1999999982315388,0.0,0.0,0.5,0.0,-0.0,0.5,0.0,-0.0,1.2,0.0,-0.0,0.22999999959848125,0.20000000000000284,12.99715651131856,none,0.2399999995984814,0.0,-0.010000000000000142,-0.0
R04_head_on_lateral_offset,83,17.600000000000115,39.25000000110203,50.0,20.0,0.0,0.0,1.199999998622486,0.0,0.0,0.5,0.0,-0.0,0.5,0.0,-0.0,1.2,0.0,-0.0,0.22999999968724225,0.20000000000000284,12.684389903724071,none,0.2399999996872424,0.0,-0.010000000000000142,-0.0
R04_head_on_lateral_offset,84,17.800000000000118,39.490000000858416,50.0,20.0,0.0,0.0,1.199999998927008,0.0,0.0,0.5,0.0,-0.0,0.5,0.0,-0.0,1.2,0.0,-0.0,0.22999999975638516,0.20000000000000284,12.371956856694377,none,0.2399999997563853,0.0,-0.010000000000000142,-0.0
R04_head_on_lateral_offset,85,18.00000000000012,39.73000000066865,50.0,20.0,0.0,0.0,1.1999999991642103,0.0,0.0,0.5,0.0,-0.0,0.5,0.0,-0.0,1.2,0.0,-0.0,0.2299999998102372,0.20000000000000284,12.059880684871585,none,0.23999999981023734,0.0,-0.010000000000000142,-0.0
R04_head_on_lateral_offset,86,18.200000000000124,39.97000000052084,50.0,20.0,0.0,0.0,1.1999999993489752,0.0,0.0,0.5,0.0,-0.0,0.5,0.0,-0.0,1.2,0.0,-0.0,0.22999999985218764,0.20000000000000284,11.748186896921633,none,0.23999999985218778,0.0,-0.010000000000000142,-0.0
R04_head_on_lateral_offset,87,18.400000000000126,40.21000000040571,50.0,20.0,0.0,0.0,1.199999999492895,0.0,0.0,0.5,0.0,-0.0,0.5,0.0,-0.0,1.2,0.0,-0.0,0.2299999998848655,0.20000000000000284,11.436903455875685,none,0.23999999988486564,0.0,-0.010000000000000142,-0.0
R04_head_on_lateral_offset,88,18.60000000000013,40.450000000316024,50.0,20.0,0.0,0.0,1.1999999996049988,0.0,0.0,0.5,0.0,-0.0,0.5,0.0,-0.0,1.2,0.0,-0.0,0.22999999991031714,0.20000000000000284,11.126061076810972,none,0.23999999991031729,0.0,-0.010000000000000142,-0.0
R04_head_on_lateral_offset,89,18.800000000000132,40.690000000246165,50.0,20.0,0.0,0.0,1.1999999996923203,0.0,0.0,0.5,0.0,-0.0,0.5,0.0,-0.0,1.2,0.0,-0.0,0.22999999993014128,0.20000000000000284,10.815693568151703,none,0.23999999993014143,0.0,-0.010000000000000142,-0.0
R04_head_on_lateral_offset,90,19.000000000000135,40.930000000191754,50.0,20.0,0.0,0.0,1.199999999760338,0.0,0.0,0.5,0.0,-0.0,0.5,0.0,-0.0,1.2,0.0,-0.0,0.22999999994558848,0.20000000000000284,10.505838224080739,none,0.23999999994558863,0.0,-0.010000000000000142,-0.0
R04_head_on_lateral_offset,91,19.200000000000138,41.17000000014937,50.0,20.0,0.0,0.0,1.1999999998133195,0.0,0.0,0.5,0.0,-0.0,0.5,0.0,-0.0,1.2,0.0,-0.0,0.22999999995761797,0.20000000000000284,10.196536277024476,none,0.23999999995761812,0.0,-0.010000000000000142,-0.0
R04_head_on_lateral_offset,92,19.40000000000014,41.41000000011636,50.0,20.0,0.0,0.0,1.1999999998545883,0.0,0.0,0.5,0.0,-0.0,0.5,0.0,-0.0,1.2,0.0,-0.0,0.22999999996699003,0.20000000000000284,9.887833420969246,none,0.23999999996699017,0.0,-0.010000000000000142,-0.0
R04_head_on_lateral_offset,93,19.600000000000144,41.65000000009064,50.0,20.0,0.0,0.0,1.1999999998867341,0.0,0.0,0.5,0.0,-0.0,0.5,0.0,-0.0,1.2,0.0,-0.0,0.2299999999742802,0.20000000000000284,9.579780418566008,none,0.23999999997428034,0.0,-0.010000000000000142,-0.0
R04_head_on_lateral_offset,94,19.800000000000146,41.89000000007061,50.0,20.0,0.0,0.0,1.1999999999117732,0.0,0.0,0.5,0.0,-0.0,0.5,0.0,-0.0,1.2,0.0,-0.0,0.22999999997996454,0.20000000000000284,9.27243380767966,none,0.23999999997996468,0.0,-0.010000000000000142,-0.0
R04_head_on_lateral_offset,95,20.00000000000015,42.130000000055006,50.0,20.0,0.0,0.0,1.1999999999312772,0.0,0.0,0.5,0.0,-0.0,0.5,0.0,-0.0,1.2,0.0,-0.0,0.22999999998439832,0.20000000000000284,8.965856726364976,none,0.23999999998439847,0.0,-0.010000000000000142,-0.0
R04_head_on_lateral_offset,96,20.200000000000152,42.37000000004285,50.0,20.0,0.0,0.0,1.1999999999464694,0.0,0.0,0.5,0.0,-0.0,0.5,0.0,-0.0,1.2,0.0,-0.0,0.22999999998784446,0.20000000000000284,8.660119879359959,none,0.2399999999878446,0.0,-0.010000000000000142,-0.0
R04_head_on_lateral_offset,97,20.400000000000155,42.61000000003339,50.0,20.0,0.0,0.0,1.1999999999583035,0.0,0.0,0.5,0.0,-0.0,0.5,0.0,-0.0,1.2,0.0,-0.0,0.2299999999905374,0.20000000000000284,8.35530267427864,none,0.23999999999053756,0.0,-0.010000000000000142,-0.0
R04_head_on_lateral_offset,98,20.600000000000158,42.850000000026014,50.0,20.0,0.0,0.0,1.1999999999675213,0.0,0.0,0.5,0.0,-0.0,0.5,0.0,-0.0,1.2,0.0,-0.0,0.2299999999926264,0.20000000000000284,8.051494562010525,none,0.23999999999262656,0.0,-0.010000000000000142,-0.0
R04_head_on_lateral_offset,99,20.80000000000016,43.09000000002027,50.0,20.0,0.0,0.0,1.199999999974701,0.0,0.0,0.5,0.0,-0.0,0.5,0.0,-0.0,1.2,0.0,-0.0,0.22999999999425355,0.20000000000000284,7.748796623709612,none,0.2399999999942537,0.0,-0.010000000000000142,-0.0
R04_head_on_lateral_offset,100,21.000000000000163,43.330000000015794,50.0,20.0,0.0,0.0,1.1999999999802937,0.0,0.0,0.5,0.0,-0.0,0.5,0.0,-0.0,1.2,0.0,-0.0,0.22999999999552542,0.20000000000000284,7.447323456581387,none,0.23999999999552557,0.0,-0.010000000000000142,-0.0
R04_head_on_lateral_offset,101,21.200000000000166,43.5700000000123,50.0,20.0,0.0,0.0,1.19999999998465,0.0,0.0,0.5,0.0,-0.0,0.5,0.0,-0.0,1.2,0.0,-0.0,0.22999999999650597,0.20000000000000284,7.14720542294838,none,0.23999999999650612,0.0,-0.010000000000000142,-0.0
R04_head_on_lateral_offset,102,21.40000000000017,43.81000000000958,50.0,20.0,0.0,0.0,1.1999999999880433,0.0,0.0,0.5,0.0,-0.0,0.5,0.0,-0.0,1.2,0.0,-0.0,0.22999999999728046,0.20000000000000284,6.848591342409584,none,0.2399999999972806,0.0,-0.010000000000000142,-0.0
R04_head_on_lateral_offset,103,21.600000000000172,44.050000000007465,50.0,20.0,0.0,0.0,1.1999999999906865,0.0,0.0,0.5,0.0,-0.0,0.5,0.0,-0.0,1.2,0.0,-0.0,0.22999999999788442,0.20000000000000284,6.5516517260552,none,0.23999999999788457,0.0,-0.010000000000000142,-0.0
R04_head_on_lateral_offset,104,21.800000000000175,44.29000000000582,50.0,20.0,0.0,0.0,1.1999999999927455,0.0,0.0,0.5,0.0,-0.0,0.5,0.0,-0.0,1.2,0.0,-0.0,0.22999999999835338,0.20000000000000284,6.256582675544886,none,0.23999999999835353,0.0,-0.010000000000000142,-0.0
R04_head_on_lateral_offset,105,22.000000000000178,44.530000000004534,50.0,20.0,0.0,0.0,1.1999999999943491,0.0,0.0,0.5,0.0,-0.0,0.5,0.0,-0.0,1.2,0.0,-0.0,0.22999999999871576,0.20000000000000284,5.963610599418125,none,0.2399999999987159,0.0,-0.010000000000000142,-0.0
R04_head_on_lateral_offset,106,22.20000000000018,44.770000000003535,50.0,20.0,0.0,0.0,1.1999999999955986,0.0,0.0,0.5,0.0,-0.0,0.5,0.0,-0.0,1.2,0.0,-0.0,0.22999999999899998,0.20000000000000284,5.672997935350507,none,0.23999999999900012,0.0,-0.010000000000000142,-0.0
R04_head_on_lateral_offset,107,22.400000000000183,45.010000000002755,50.0,20.0,0.0,0.0,1.1999999999965714,0.0,0.0,0.5,0.0,-0.0,0.5,0.0,-0.0,1.2,0.0,-0.0,0.22999999999922024,0.20000000000000284,5.385050111168431,none,0.2399999999992204,0.0,-0.010000000000000142,-0.0
R04_head_on_lateral_offset,108,22.600000000000186,45.250000000002146,50.0,20.0,0.0,0.0,1.1999999999973292,0.0,0.0,0.5,0.0,-0.0,0.5,0.0,-0.0,1.2,0.0,-0.0,0.22999999999939078,0.20000000000000284,5.10012402981209,none,0.23999999999939092,0.0,-0.010000000000000142,-0.0
R04_head_on_lateral_offset,109,22.80000000000019,45.49000000000168,50.0,20.0,0.0,0.0,1.1999999999979196,0.0,0.0,0.5,0.0,-0.0,0.5,0.0,-0.0,1.2,0.0,-0.0,0.22999999999953288,0.20000000000000284,4.818638423506968,none,0.23999999999953303,0.0,-0.010000000000000142,-0.0
R04_head_on_lateral_offset,110,23.000000000000192,45.730000000001304,50.0,20.0,0.0,0.0,1.1999999999983795,0.0,0.0,0.5,0.0,-0.0,0.5,0.0,-0.0,1.2,0.0,-0.0,0.22999999999962525,0.20000000000000284,4.541086487225611,none,0.2399999999996254,0.0,-0.010000000000000142,-0.0
R04_head_on_lateral_offset,111,23.200000000000195,45.97000000000102,50.0,20.0,0.0,0.0,1.1999999999987376,0.0,0.0,0.5,0.0,-0.0,0.5,0.0,-0.0,1.2,0.0,-0.0,0.22999999999971762,0.20000000000000284,4.2680512635589665,none,0.23999999999971777,0.0,-0.010000000000000142,-0.0
R04_head_on_lateral_offset,112,23.400000000000198,46.210000000000804,50.0,20.0,0.0,0.0,1.1999999999990165,0.0,0.0,0.5,0.0,-0.0,0.5,0.0,-0.0,1.2,0.0,-0.0,0.22999999999978157,0.20000000000000284,4.000224294361866,none,0.23999999999978172,0.0,-0.010000000000000142,-0.0
R04_head_on_lateral_offset,113,23.6000000000002,46.45000000000063,50.0,20.0,0.0,0.0,1.199999999999234,0.0,0.0,0.5,0.0,-0.0,0.5,0.0,-0.0,1.2,0.0,-0.0,0.2299999999998242,0.20000000000000284,3.7384280480304235,none,0.23999999999982435,0.0,-0.010000000000000142,-0.0
R04_head_on_lateral_offset,114,23.800000000000203,46.69000000000049,50.0,20.0,0.0,0.0,1.199999999999403,0.0,0.0,0.5,0.0,-0.0,0.5,0.0,-0.0,1.2,0.0,-0.0,0.22999999999985973,0.20000000000000284,3.4836425188448747,none,0.23999999999985988,0.0,-0.010000000000000142,-0.0
R04_head_on_lateral_offset,115,24.000000000000206,46.93000000000038,50.0,20.0,0.0,0.0,1.1999999999995352,0.0,0.0,0.5,0.0,-0.0,0.5,0.0,-0.0,1.2,0.0,-0.0,0.22999999999989526,0.20000000000000284,3.237036080083404,none,0.2399999999998954,0.0,-0.010000000000000142,-0.0
R04_head_on_lateral_offset,116,24.20000000000021,47.17000000000031,50.0,20.0,0.0,0.0,1.199999999999638,0.0,0.0,0.5,0.0,-0.0,0.5,0.0,-0.0,1.2,0.0,-0.0,0.22999999999992368,0.20000000000000284,2.9999999999986815,none,0.23999999999992383,0.0,-0.010000000000000142,-0.0
R04_head_on_lateral_offset,117,24.40000000000021,47.410000000000245,50.0,20.0,0.0,0.0,1.1999999999997182,0.0,0.0,0.5,0.0,-0.0,0.5,0.0,-0.0,1.2,0.0,-0.0,0.2299999999999379,0.20000000000000284,2.7741847679256533,none,0.23999999999993804,0.0,-0.010000000000000142,-0.0
R04_head_on_lateral_offset,118,24.600000000000215,47.6500000000002,50.0,20.0,0.0,0.0,1.1999999999997806,0.0,0.0,0.5,0.0,-0.0,0.5,0.0,-0.0,1.2,0.0,-0.0,0.2299999999999521,0.20000000000000284,2.5615342258494027,none,0.23999999999995225,0.0,-0.010000000000000142,-0.0
R04_head_on_lateral_offset,119,24.800000000000217,47.89000000000015,50.0,20.0,0.0,0.0,1.1999999999998292,0.0,0.0,0.5,0.0,-0.0,0.5,0.0,-0.0,1.2,0.0,-0.0,0.2299999999999521,0.20000000000000284,2.364310164753686,none,0.23999999999995225,0.0,-0.010000000000000142,-0.0
R04_head_on_lateral_offset,120,25.00000000000022,48.13000000000013,50.0,20.0,0.0,0.0,1.1999999999998672,0.0,0.0,0.5,0.0,-0.0,0.5,0.0,-0.0,1.2,0.0,-0.0,0.22999999999998053,0.20000000000000284,2.18509547254295,none,0.23999999999998067,0.0,-0.010000000000000142,-0.0
R04_head_on_lateral_offset,121,25.200000000000223,48.37000000000011,50.0,20.0,0.0,0.0,1.1999999999998965,0.0,0.0,0.5,0.0,-0.0,0.5,0.0,-0.0,1.2,0.0,-0.0,0.22999999999998053,0.20000000000000284,2.0267588009798345,none,0.23999999999998067,0.0,-0.010000000000000142,-0.0
R04_head_on_lateral_offset,122,25.400000000000226,48.61000000000009,50.0,20.0,0.0,0.0,1.1999999999999194,0.0,0.0,0.5,0.0,-0.0,0.5,0.0,-0.0,1.2,0.0,-0.0,0.22999999999998053,0.20000000000000284,1.8923602514211568,none,0.23999999999998067,0.0,-0.010000000000000142,-0.0
R04_head_on_lateral_offset,123,25.60000000000023,48.85000000000007,50.0,20.0,0.0,0.0,1.1999999999999371,0.0,0.0,0.5,0.0,-0.0,0.5,0.0,-0.0,1.2,0.0,-0.0,0.22999999999998053,0.20000000000000284,1.7849800637319775,none,0.23999999999998067,0.0,-0.010000000000000142,-0.0
R04_head_on_lateral_offset,124,25.80000000000023,49.09000000000005,50.0,20.0,0.0,0.0,1.1999999999999509,0.0,0.0,0.5,0.0,-0.0,0.5,0.0,-0.0,1.2,0.0,-0.0,0.22999999999998053,0.20000000000000284,1.7074662712772537,none,0.23999999999998067,0.0,-0.010000000000000142,-0.0
R04_head_on_lateral_offset,125,26.000000000000234,49.330000000000034,50.0,20.0,0.0,0.0,1.1999999999999618,0.0,0.0,0.5,0.0,-0.0,0.5,0.0,-0.0,1.2,0.0,-0.0,0.22999999999998053,0.20000000000000284,1.6621254953934277,none,0.23999999999998067,0.0,-0.010000000000000142,-0.0
R04_head_on_lateral_offset,126,26.200000000000237,49.570000000000014,50.0,20.0,0.0,0.0,1.1999999999999702,0.0,0.0,0.5,0.0,-0.0,0.5,0.0,-0.0,1.2,0.0,-0.0,0.22999999999998053,0.20000000000000284,1.65,none,0.23999999999998067,0.0,-0.010000000000000142,-0.0
R04_head_on_lateral_offset,127,26.40000000000024,49.81000000000001,50.0,20.0,0.0,0.0,1.1999999999999769,0.0,0.0,0.5,0.0,-0.0,0.5,0.0,-0.0,1.2,0.0,-0.0,0.22999999999999474,0.20000000000000284,1.650416637735527,none,0.23999999999999488,0.0,-0.010000000000000142,-0.0
R04_head_on_lateral_offset,128,26.600000000000243,50.05000000000002,50.0,20.0,0.0,0.0,1.199999999999982,0.0,0.0,0.5,0.0,-0.0,0.5,0.0,-0.0,1.2,0.0,-0.0,0.23000000000000895,0.20000000000000284,1.6727305536552919,none,0.2400000000000091,0.0,-0.010000000000000142,-0.0
R04_head_on_lateral_offset,129,26.800000000000246,50.29000000000003,50.0,20.0,0.0,0.0,1.199999999999986,0.0,0.0,0.5,0.0,-0.0,0.5,0.0,-0.0,1.2,0.0,-0.0,0.23000000000000895,0.20000000000000284,1.72832746796086,none,0.2400000000000091,0.0,-0.010000000000000142,-0.0
R04_head_on_lateral_offset,130,27.00000000000025,50.53000000000004,50.0,20.0,0.0,0.0,1.199999999999989,0.0,0.0,0.5,0.0,-0.0,0.5,0.0,-0.0,1.2,0.0,-0.0,0.23000000000000895,0.20000000000000284,1.8154541538306064,none,0.2400000000000091,0.0,-0.010000000000000142,-0.0
R04_head_on_lateral_offset,131,27.20000000000025,50.770000000000046,50.0,20.0,0.0,0.0,1.1999999999999915,0.0,0.0,0.5,0.0,-0.0,0.5,0.0,-0.0,1.2,0.0,-0.0,0.23000000000000895,0.20000000000000284,1.9316002194058601,none,0.2400000000000091,0.0,-0.010000000000000142,-0.0
R04_head_on_lateral_offset,132,27.400000000000254,51.010000000000055,50.0,20.0,0.0,0.0,1.1999999999999933,0.0,0.0,0.5,0.0,-0.0,0.5,0.0,-0.0,1.2,0.0,-0.0,0.23000000000000895,0.20000000000000284,2.07381366315484,none,0.2400000000000091,0.0,-0.010000000000000142,-0.0
R04_head_on_lateral_offset,133,27.600000000000257,51.250000000000064,50.0,20.0,0.0,0.0,1.1999999999999948,0.0,0.0,0.5,0.0,-0.0,0.5,0.0,-0.0,1.2,0.0,-0.0,0.23000000000000895,0.20000000000000284,2.23899707439376,none,0.2400000000000091,0.0,-0.010000000000000142,-0.0
R04_head_on_lateral_offset,134,27.80000000000026,51.49000000000007,50.0,20.0,0.0,0.0,1.1999999999999957,0.0,0.0,0.5,0.0,-0.0,0.5,0.0,-0.0,1.2,0.0,-0.0,0.23000000000000895,0.20000000000000284,2.424135662639619,none,0.2400000000000091,0.0,-0.010000000000000142,-0.0
R04_head_on_lateral_offset,135,28.000000000000263,51.73000000000008,50.0,20.0,0.0,0.0,1.1999999999999966,0.0,0.0,0.5,0.0,-0.0,0.5,0.0,-0.0,1.2,0.0,-0.0,0.23000000000000895,0.20000000000000284,2.6264431342607497,none,0.2400000000000091,0.0,-0.010000000000000142,-0.0
R04_head_on_lateral_offset,136,28.200000000000266,51.97000000000009,50.0,20.0,0.0,0.0,1.1999999999999975,0.0,0.0,0.5,0.0,-0.0,0.5,0.0,-0.0,1.2,0.0,-0.0,0.23000000000000895,0.20000000000000284,2.8434353458722526,none,0.2400000000000091,0.0,-0.010000000000000142,-0.0
R04_head_on_lateral_offset,137,28.40000000000027,52.2100000000001,50.0,20.0,0.0,0.0,1.1999999999999984,0.0,0.0,0.5,0.0,-0.0,0.5,0.0,-0.0,1.2,0.0,-0.0,0.23000000000000895,0.20000000000000284,3.072951503239896,none,0.2400000000000091,0.0,-0.010000000000000142,-0.0
R04_head_on_lateral_offset,138,28.60000000000027,52.45000000000011,50.0,20.0,0.0,0.0,1.1999999999999984,0.0,0.0,0.5,0.0,-0.0,0.5,0.0,-0.0,1.2,0.0,-0.0,0.23000000000000895,0.20000000000000284,3.31314271709685,none,0.2400000000000091,0.0,-0.010000000000000142,-0.0
R04_head_on_lateral_offset,139,28.800000000000274,52.69000000000012,50.0,20.0,0.0,0.0,1.1999999999999984,0.0,0.0,0.5,0.0,-0.0,0.5,0.0,-0.0,1.2,0.0,-0.0,0.23000000000000895,0.20000000000000284,3.5624433838991734,none,0.2400000000000091,0.0,-0.010000000000000142,-0.0
R04_head_on_lateral_offset,140,29.000000000000277,52.93000000000013,50.0,20.0,0.0,0.0,1.1999999999999984,0.0,0.0,0.5,0.0,-0.0,0.5,0.0,-0.0,1.2,0.0,-0.0,0.23000000000000895,0.20000000000000284,3.819535762524151,none,0.2400000000000091,0.0,-0.010000000000000142,-0.0
R04_head_on_lateral_offset,141,29.20000000000028,53.17000000000014,50.0,20.0,0.0,0.0,1.1999999999999984,0.0,0.0,0.5,0.0,-0.0,0.5,0.0,-0.0,1.2,0.0,-0.0,0.23000000000000895,0.20000000000000284,4.083313905897356,none,0.2400000000000091,0.0,-0.010000000000000142,-0.0
R04_head_on_lateral_offset,142,29.400000000000283,53.410000000000146,50.0,20.0,0.0,0.0,1.1999999999999984,0.0,0.0,0.5,0.0,-0.0,0.5,0.0,-0.0,1.2,0.0,-0.0,0.23000000000000895,0.20000000000000284,4.352850164612343,none,0.2400000000000091,0.0,-0.010000000000000142,-0.0
R04_head_on_lateral_offset,143,29.600000000000286,53.650000000000155,50.0,20.0,0.0,0.0,1.1999999999999984,0.0,0.0,0.5,0.0,-0.0,0.5,0.0,-0.0,1.2,0.0,-0.0,0.23000000000000895,0.20000000000000284,4.627365640482479,none,0.2400000000000091,0.0,-0.010000000000000142,-0.0
R04_head_on_lateral_offset,144,29.80000000000029,53.890000000000164,50.0,20.0,0.0,0.0,1.1999999999999984,0.0,0.0,0.5,0.0,-0.0,0.5,0.0,-0.0,1.2,0.0,-0.0,0.23000000000000895,0.20000000000000284,4.906204919919265,none,0.2400000000000091,0.0,-0.010000000000000142,-0.0
R04_head_on_lateral_offset,145,30.00000000000029,54.13000000000017,50.0,20.0,0.0,0.0,1.1999999999999984,0.0,0.0,0.5,0.0,-0.0,0.5,0.0,-0.0,1.2,0.0,-0.0,0.23000000000000895,0.20000000000000284,5.188814877332403,none,0.2400000000000091,0.0,-0.010000000000000142,-0.0
R04_head_on_lateral_offset,146,30.200000000000294,54.37000000000018,50.0,20.0,0.0,0.0,1.1999999999999984,0.0,0.0,0.5,0.0,-0.0,0.5,0.0,-0.0,1.2,0.0,-0.0,0.23000000000000895,0.20000000000000284,5.474727100772977,none,0.2400000000000091,0.0,-0.010000000000000142,-0.0
R04_head_on_lateral_offset,147,30.400000000000297,54.61000000000019,50.0,20.0,0.0,0.0,1.1999999999999984,0.0,0.0,0.5,0.0,-0.0,0.5,0.0,-0.0,1.2,0.0,-0.0,0.23000000000000895,0.20000000000000284,5.763543420829503,none,0.2400000000000091,0.0,-0.010000000000000142,-0.0
R04_head_on_lateral_offset,148,30.6000000000003,54.8500000000002,50.0,20.0,0.0,0.0,1.1999999999999984,0.0,0.0,0.5,0.0,-0.0,0.5,0.0,-0.0,1.2,0.0,-0.0,0.23000000000000895,0.20000000000000284,6.054924037424579,none,0.2400000000000091,0.0,-0.010000000000000142,-0.0
R04_head_on_lateral_offset,149,30.800000000000303,55.09000000000021,50.0,20.0,0.0,0.0,1.1999999999999984,0.0,0.0,0.5,0.0,-0.0,0.5,0.0,-0.0,1.2,0.0,-0.0,0.23000000000000895,0.20000000000000284,6.348577790737064,none,0.2400000000000091,0.0,-0.010000000000000142,-0.0
R04_head_on_lateral_offset,150,31.000000000000306,55.33000000000022,50.0,20.0,0.0,0.0,1.1999999999999984,0.0,0.0,0.5,0.0,-0.0,0.5,0.0,-0.0,1.2,0.0,-0.0,0.23000000000000895,0.20000000000000284,6.644254186603753,none,0.2400000000000091,0.0,-0.010000000000000142,-0.0
R04_head_on_lateral_offset,151,31.20000000000031,55.57000000000023,50.0,20.0,0.0,0.0,1.1999999999999984,0.0,0.0,0.5,0.0,-0.0,0.5,0.0,-0.0,1.2,0.0,-0.0,0.23000000000000895,0.20000000000000284,6.941736850626253,none,0.2400000000000091,0.0,-0.010000000000000142,-0.0
R04_head_on_lateral_offset,152,31.40000000000031,55.81000000000024,50.0,20.0,0.0,0.0,1.1999999999999984,0.0,0.0,0.5,0.0,-0.0,0.5,0.0,-0.0,1.2,0.0,-0.0,0.23000000000000895,0.20000000000000284,7.240838143047224,none,0.2400000000000091,0.0,-0.010000000000000142,-0.0
R04_head_on_lateral_offset,153,31.600000000000314,56.050000000000246,50.0,20.0,0.0,0.0,1.1999999999999984,0.0,0.0,0.5,0.0,-0.0,0.5,0.0,-0.0,1.2,0.0,-0.0,0.23000000000000895,0.20000000000000284,7.541394716243163,none,0.2400000000000091,0.0,-0.010000000000000142,-0.0
R04_head_on_lateral_offset,154,31.800000000000317,56.290000000000255,50.0,20.0,0.0,0.0,1.1999999999999984,0.0,0.0,0.5,0.0,-0.0,0.5,0.0,-0.0,1.2,0.0,-0.0,0.23000000000000895,0.20000000000000284,7.84326383826977,none,0.2400000000000091,0.0,-0.010000000000000142,-0.0
R04_head_on_lateral_offset,155,32.00000000000032,56.530000000000264,50.0,20.0,0.0,0.0,1.1999999999999984,0.0,0.0,0.5,0.0,-0.0,0.5,0.0,-0.0,1.2,0.0,-0.0,0.23000000000000895,0.20000000000000284,8.146320340007515,none,0.2400000000000091,0.0,-0.010000000000000142,-0.0
R04_head_on_lateral_offset,156,32.20000000000031,56.77000000000027,50.0,20.0,0.0,0.0,1.1999999999999984,0.0,0.0,0.5,0.0,-0.0,0.5,0.0,-0.0,1.2,0.0,-0.0,0.23000000000000967,0.19999999999998863,8.450454071115393,none,0.2400000000000091,0.0,-0.009999999999999431,-0.0
R04_head_on_lateral_offset,157,32.4000000000003,57.01000000000028,50.0,20.0,0.0,0.0,1.1999999999999984,0.0,0.0,0.5,0.0,-0.0,0.5,0.0,-0.0,1.2,0.0,-0.0,0.23000000000000967,0.19999999999998863,8.75556777227505,none,0.2400000000000091,0.0,-0.009999999999999431,-0.0
R04_head_on_lateral_offset,158,32.600000000000286,57.25000000000029,50.0,20.0,0.0,0.0,1.1999999999999984,0.0,0.0,0.5,0.0,-0.0,0.5,0.0,-0.0,1.2,0.0,-0.0,0.23000000000000967,0.19999999999998863,9.061575289073504,none,0.2400000000000091,0.0,-0.009999999999999431,-0.0
R04_head_on_lateral_offset,159,32.800000000000274,57.4900000000003,50.0,20.0,0.0,0.0,1.1999999999999984,0.0,0.0,0.5,0.0,-0.0,0.5,0.0,-0.0,1.2,0.0,-0.0,0.23000000000000967,0.19999999999998863,9.368400067176442,none,0.2400000000000091,0.0,-0.009999999999999431,-0.0
R04_head_on_lateral_offset,160,33.00000000000026,57.73000000000031,50.0,20.0,0.0,0.0,1.1999999999999984,0.0,0.0,0.5,0.0,-0.0,0.5,0.0,-0.0,1.2,0.0,-0.0,0.23000000000000967,0.19999999999998863,9.675973879891513,none,0.2400000000000091,0.0,-0.009999999999999431,-0.0
R04_head_on_lateral_offset,161,33.20000000000025,57.97000000000032,50.0,20.0,0.0,0.0,1.1999999999999984,0.0,0.0,0.5,0.0,-0.0,0.5,0.0,-0.0,1.2,0.0,-0.0,0.23000000000000967,0.19999999999998863,9.984235748388679,none,0.2400000000000091,0.0,-0.009999999999999431,-0.0
R04_head_on_lateral_offset,162,33.40000000000024,58.21000000000033,50.0,20.0,0.0,0.0,1.1999999999999984,0.0,0.0,0.5,0.0,-0.0,0.5,0.0,-0.0,1.2,0.0,-0.0,0.23000000000000967,0.19999999999998863,10.293131022197333,none,0.2400000000000091,0.0,-0.009999999999999431,-0.0
R04_head_on_lateral_offset,163,33.60000000000023,58.45000000000034,50.0,20.0,0.0,0.0,1.1999999999999984,0.0,0.0,0.5,0.0,-0.0,0.5,0.0,-0.0,1.2,0.0,-0.0,0.23000000000000967,0.19999999999998863,10.60261059350868,none,0.2400000000000091,0.0,-0.009999999999999431,-0.0
R04_head_on_lateral_offset,164,33.80000000000022,58.690000000000346,50.0,20.0,0.0,0.0,1.1999999999999984,0.0,0.0,0.5,0.0,-0.0,0.5,0.0,-0.0,1.2,0.0,-0.0,0.23000000000000967,0.19999999999998863,10.912630223571858,none,0.2400000000000091,0.0,-0.009999999999999431,-0.0
R04_head_on_lateral_offset,165,34.000000000000206,58.930000000000355,50.0,20.0,0.0,0.0,1.1999999999999984,0.0,0.0,0.5,0.0,-0.0,0.5,0.0,-0.0,1.2,0.0,-0.0,0.23000000000000967,0.19999999999998863,11.223149963317072,none,0.2400000000000091,0.0,-0.009999999999999431,-0.0
R04_head_on_lateral_offset,166,34.200000000000195,59.170000000000364,50.0,20.0,0.0,0.0,1.1999999999999984,0.0,0.0,0.5,0.0,-0.0,0.5,0.0,-0.0,1.2,0.0,-0.0,0.23000000000000967,0.19999999999998863,11.534133653453855,none,0.2400000000000091,0.0,-0.009999999999999431,-0.0
R04_head_on_lateral_offset,167,34.40000000000018,59.41000000000037,50.0,20.0,0.0,0.0,1.1999999999999984,0.0,0.0,0.5,0.0,-0.0,0.5,0.0,-0.0,1.2,0.0,-0.0,0.23000000000000967,0.19999999999998863,11.845548491823457,none,0.2400000000000091,0.0,-0.009999999999999431,-0.0
R04_head_on_lateral_offset,168,34.60000000000017,59.65000000000038,50.0,20.0,0.0,0.0,1.1999999999999984,0.0,0.0,0.5,0.0,-0.0,0.5,0.0,-0.0,1.2,0.0,-0.0,0.23000000000000967,0.19999999999998863,12.157364657847456,none,0.2400000000000091,0.0,-0.009999999999999431,-0.0
R04_head_on_lateral_offset,169,34.80000000000016,59.89000000000039,50.0,20.0,0.0,0.0,1.1999999999999984,0.0,0.0,0.5,0.0,-0.0,0.5,0.0,-0.0,1.2,0.0,-0.0,0.23000000000000967,0.19999999999998863,12.469554985601697,none,0.2400000000000091,0.0,-0.009999999999999431,-0.0
R04_head_on_lateral_offset,170,35.00000000000015,60.1300000000004,50.0,20.0,0.0,0.0,1.1999999999999984,0.0,0.0,0.5,0.0,-0.0,0.5,0.0,-0.0,1.2,0.0,-0.0,0.23000000000000967,0.19999999999998863,12.782094678428635,none,0.2400000000000091,0.0,-0.009999999999999431,-0.0
R04_head_on_lateral_offset,171,35.20000000000014,60.37000000000041,50.0,20.0,0.0,0.0,1.1999999999999984,0.0,0.0,0.5,0.0,-0.0,0.5,0.0,-0.0,1.2,0.0,-0.0,0.23000000000000967,0.19999999999998863,13.094961059140076,none,0.2400000000000091,0.0,-0.009999999999999431,-0.0
R04_head_on_lateral_offset,172,35.40000000000013,60.61000000000042,50.0,20.0,0.0,0.0,1.1999999999999984,0.0,0.0,0.5,0.0,-0.0,0.5,0.0,-0.0,1.2,0.0,-0.0,0.23000000000000967,0.19999999999998863,13.408133350802718,none,0.2400000000000091,0.0,-0.009999999999999431,-0.0
R04_head_on_lateral_offset,173,35.600000000000115,60.85000000000043,50.0,20.0,0.0,0.0,1.1999999999999984,0.0,0.0,0.5,0.0,-0.0,0.5,0.0,-0.0,1.2,0.0,-0.0,0.23000000000000967,0.19999999999998863,13.721592483877666,none,0.2400000000000091,0.0,-0.009999999999999431,-0.0
R04_head_on_lateral_offset,174,35.800000000000104,61.09000000000044,50.0,20.0,0.0,0.0,1.1999999999999984,0.0,0.0,0.5,0.0,-0.0,0.5,0.0,-0.0,1.2,0.0,-0.0,0.23000000000000967,0.19999999999998863,14.035320926132158,none,0.2400000000000091,0.0,-0.009999999999999431,-0.0
R04_head_on_lateral_offset,175,36.00000000000009,61.330000000000446,50.0,20.0,0.0,0.0,1.1999999999999984,0.0,0.0,0.5,0.0,-0.0,0.5,0.0,-0.0,1.2,0.0,-0.0,0.23000000000000967,0.19999999999998863,14.34930253228093,none,0.2400000000000091,0.0,-0.009999999999999431,-0.0
R04_head_on_lateral_offset,176,36.20000000000008,61.570000000000455,50.0,20.0,0.0,0.0,1.1999999999999984,0.0,0.0,0.5,0.0,-0.0,0.5,0.0,-0.0,1.2,0.0,-0.0,0.23000000000000967,0.19999999999998863,14.663522410765372,none,0.2400000000000091,0.0,-0.009999999999999431,-0.0
R04_head_on_lateral_offset,177,36.40000000000007,61.810000000000464,50.0,20.0,0.0,0.0,1.1999999999999984,0.0,0.0,0.5,0.0,-0.0,0.5,0.0,-0.0,1.2,0.0,-0.0,0.23000000000000967,0.19999999999998863,14.977966805456438,none,0.2400000000000091,0.0,-0.009999999999999431,-0.0
R04_head_on_lateral_offset,178,36.60000000000006,62.05000000000047,50.0,20.0,0.0,0.0,1.1999999999999984,0.0,0.0,0.5,0.0,-0.0,0.5,0.0,-0.0,1.2,0.0,-0.0,0.23000000000000967,0.19999999999998863,15.29262299038495,none,0.2400000000000091,0.0,-0.009999999999999431,-0.0
R04_head_on_lateral_offset,179,36.80000000000005,62.29000000000048,50.0,20.0,0.0,0.0,1.1999999999999984,0.0,0.0,0.5,0.0,-0.0,0.5,0.0,-0.0,1.2,0.0,-0.0,0.23000000000000967,0.19999999999998863,15.607479175870813,none,0.2400000000000091,0.0,-0.009999999999999431,-0.0
R04_head_on_lateral_offset,180,37.000000000000036,62.53000000000049,50.0,20.0,0.0,0.0,1.1999999999999984,0.0,0.0,0.5,0.0,-0.0,0.5,0.0,-0.0,1.2,0.0,-0.0,0.23000000000000967,0.19999999999998863,15.922524424648953,none,0.2400000000000091,0.0,-0.009999999999999431,-0.0
R04_head_on_lateral_offset,181,37.200000000000024,62.7700000000005,50.0,20.0,0.0,0.0,1.1999999999999984,0.0,0.0,0.5,0.0,-0.0,0.5,0.0,-0.0,1.2,0.0,-0.0,0.23000000000000967,0.19999999999998863,16.237748576781996,none,0.2400000000000091,0.0,-0.009999999999999431,-0.0
R04_head_on_lateral_offset,182,37.40000000000001,63.01000000000051,50.0,20.0,0.0,0.0,1.1999999999999984,0.0,0.0,0.5,0.0,-0.0,0.5,0.0,-0.0,1.2,0.0,-0.0,0.23000000000000967,0.19999999999998863,16.553142182312573,none,0.2400000000000091,0.0,-0.009999999999999431,-0.0
R04_head_on_lateral_offset,183,37.6,63.25000000000052,50.0,20.0,0.0,0.0,1.1999999999999984,0.0,0.0,0.5,0.0,-0.0,0.5,0.0,-0.0,1.2,0.0,-0.0,0.23000000000000967,0.19999999999998863,16.86869644074741,none,0.2400000000000091,0.0,-0.009999999999999431,-0.0
R04_head_on_lateral_offset,184,37.79999999999999,63.49000000000053,50.0,20.0,0.0,0.0,1.1999999999999984,0.0,0.0,0.5,0.0,-0.0,0.5,0.0,-0.0,1.2,0.0,-0.0,0.23000000000000967,0.19999999999998863,17.184403146584057,none,0.2400000000000091,0.0,-0.009999999999999431,-0.0
R04_head_on_lateral_offset,185,37.99999999999998,63.73000000000054,50.0,20.0,0.0,0.0,1.1999999999999984,0.0,0.0,0.5,0.0,-0.0,0.5,0.0,-0.0,1.2,0.0,-0.0,0.23000000000000967,0.19999999999998863,17.50025464019273,none,0.2400000000000091,0.0,-0.009999999999999431,-0.0
R04_head_on_lateral_offset,186,38.19999999999997,63.970000000000546,50.0,20.0,0.0,0.0,1.1999999999999984,0.0,0.0,0.5,0.0,-0.0,0.5,0.0,-0.0,1.2,0.0,-0.0,0.23000000000000967,0.19999999999998863,17.81624376345324,none,0.2400000000000091,0.0,-0.009999999999999431,-0.0
R04_head_on_lateral_offset,187,38.399999999999956,64.21000000000055,50.0,20.0,0.0,0.0,1.1999999999999984,0.0,0.0,0.5,0.0,-0.0,0.5,0.0,-0.0,1.2,0.0,-0.0,0.23000000000000256,0.19999999999998863,18.132363819621915,none,0.240000000000002,0.0,-0.009999999999999431,-0.0
R04_head_on_lateral_offset,188,38.599999999999945,64.45000000000056,50.0,20.0,0.0,0.0,1.1999999999999984,0.0,0.0,0.5,0.0,-0.0,0.5,0.0,-0.0,1.2,0.0,-0.0,0.23000000000000967,0.19999999999998863,18.448608536968333,none,0.2400000000000091,0.0,-0.009999999999999431,-0.0
R04_head_on_lateral_offset,189,38.79999999999993,64.69000000000057,50.0,20.0,0.0,0.0,1.1999999999999984,0.0,0.0,0.5,0.0,-0.0,0.5,0.0,-0.0,1.2,0.0,-0.0,0.23000000000000967,0.19999999999998863,18.76497203577768,none,0.2400000000000091,0.0,-0.009999999999999431,-0.0
R04_head_on_lateral_offset,190,38.99999999999992,64.93000000000058,50.0,20.0,0.0,0.0,1.1999999999999984,0.0,0.0,0.5,0.0,-0.0,0.5,0.0,-0.0,1.2,0.0,-0.0,0.23000000000000967,0.19999999999998863,19.081448798362803,none,0.2400000000000091,0.0,-0.009999999999999431,-0.0
R04_head_on_lateral_offset,191,39.19999999999991,65.17000000000058,50.0,20.0,0.0,0.0,1.1999999999999984,0.0,0.0,0.5,0.0,-0.0,0.5,0.0,-0.0,1.2,0.0,-0.0,0.23000000000000967,0.19999999999998863,19.398033641772507,none,0.2400000000000091,0.0,-0.009999999999999431,-0.0
R04_head_on_lateral_offset,192,39.3999999999999,65.4100000000006,50.0,20.0,0.0,0.0,1.1999999999999984,0.0,0.0,0.5,0.0,-0.0,0.5,0.0,-0.0,1.2,0.0,-0.0,0.23000000000000967,0.19999999999998863,19.71472169291886,none,0.2400000000000091,0.0,-0.009999999999999431,-0.0
R04_head_on_lateral_offset,193,39.59999999999989,65.6500000000006,50.0,20.0,0.0,0.0,1.1999999999999984,0.0,0.0,0.5,0.0,-0.0,0.5,0.0,-0.0,1.2,0.0,-0.0,0.23000000000000967,0.19999999999998863,20.031508365878434,none,0.2400000000000091,0.0,-0.009999999999999431,-0.0
R04_head_on_lateral_offset,194,39.799999999999876,65.89000000000061,50.0,20.0,0.0,0.0,1.1999999999999984,0.0,0.0,0.5,0.0,-0.0,0.5,0.0,-0.0,1.2,0.0,-0.0,0.23000000000000967,0.19999999999998863,20.348389341150007,none,0.2400000000000091,0.0,-0.009999999999999431,-0.0
R04_head_on_lateral_offset,195,39.999999999999865,66.13000000000062,50.0,20.0,0.0,0.0,1.1999999999999984,0.0,0.0,0.5,0.0,-0.0,0.5,0.0,-0.0,1.2,0.0,-0.0,0.23000000000000967,0.19999999999998863,20.66536054667593,none,0.2400000000000091,0.0,-0.009999999999999431,-0.0
R04_head_on_lateral_offset,196,40.199999999999854,66.37000000000063,50.0,20.0,0.0,0.0,1.1999999999999984,0.0,0.0,0.5,0.0,-0.0,0.5,0.0,-0.0,1.2,0.0,-0.0,0.23000000000000967,0.19999999999998863,20.982418140455326,none,0.2400000000000091,0.0,-0.009999999999999431,-0.0
R04_head_on_lateral_offset,197,40.39999999999984,66.61000000000064,50.0,20.0,0.0,0.0,1.1999999999999984,0.0,0.0,0.5,0.0,-0.0,0.5,0.0,-0.0,1.2,0.0,-0.0,0.23000000000000967,0.19999999999998863,21.299558494596337,none,0.2400000000000091,0.0,-0.009999999999999431,-0.0
R04_head_on_lateral_offset,198,40.59999999999983,66.85000000000065,50.0,20.0,0.0,0.0,1.1999999999999984,0.0,0.0,0.5,0.0,-0.0,0.5,0.0,-0.0,1.2,0.0,-0.0,0.23000000000000967,0.19999999999998863,21.61677818067097,none,0.2400000000000091,0.0,-0.009999999999999431,-0.0
R04_head_on_lateral_offset,199,40.79999999999982,67.09000000000066,50.0,20.0,0.0,0.0,1.1999999999999984,0.0,0.0,0.5,0.0,-0.0,0.5,0.0,-0.0,1.2,0.0,-0.0,0.23000000000000967,0.19999999999998863,21.93407395625059,none,0.2400000000000091,0.0,-0.009999999999999431,-0.0
R04_head_on_lateral_offset,200,40.99999999999981,67.33000000000067,50.0,20.0,0.0,0.0,1.1999999999999984,0.0,0.0,0.5,0.0,-0.0,0.5,0.0,-0.0,1.2,0.0,-0.0,0.23000000000000967,0.19999999999998863,22.251442752513036,none,0.2400000000000091,0.0,-0.009999999999999431,-0.0
R04_head_on_lateral_offset,201,41.1999999999998,67.57000000000068,50.0,20.0,0.0,0.0,1.1999999999999984,0.0,0.0,0.5,0.0,-0.0,0.5,0.0,-0.0,1.2,0.0,-0.0,0.23000000000000967,0.19999999999998863,22.56888166282348,none,0.2400000000000091,0.0,-0.009999999999999431,-0.0
R04_head_on_lateral_offset,202,41.399999999999785,67.81000000000068,50.0,20.0,0.0,0.0,1.1999999999999984,0.0,0.0,0.5,0.0,-0.0,0.5,0.0,-0.0,1.2,0.0,-0.0,0.23000000000000967,0.19999999999998863,22.886387932201373,none,0.2400000000000091,0.0,-0.009999999999999431,-0.0
R04_head_on_lateral_offset,203,41.599999999999774,68.0500000000007,50.0,20.0,0.0,0.0,1.1999999999999984,0.0,0.0,0.5,0.0,-0.0,0.5,0.0,-0.0,1.2,0.0,-0.0,0.23000000000000967,0.19999999999998863,23.203958947594572,none,0.2400000000000091,0.0,-0.009999999999999431,-0.0
R04_head_on_lateral_offset,204,41.79999999999976,68.2900000000007,50.0,20.0,0.0,0.0,1.1999999999999984,0.0,0.0,0.5,0.0,-0.0,0.5,0.0,-0.0,1.2,0.0,-0.0,0.23000000000000967,0.19999999999998863,23.52159222888962,none,0.2400000000000091,0.0,-0.009999999999999431,-0.0
R04_head_on_lateral_offset,205,41.99999999999975,68.53000000000071,50.0,20.0,0.0,0.0,1.1999999999999984,0.0,0.0,0.5,0.0,-0.0,0.5,0.0,-0.0,1.2,0.0,-0.0,0.23000000000000967,0.19999999999998863,23.839285420594322,none,0.2400000000000091,0.0,-0.009999999999999431,-0.0
R04_head_on_lateral_offset,206,42.19999999999974,68.77000000000072,50.0,20.0,0.0,0.0,1.1999999999999984,0.0,0.0,0.5,0.0,-0.0,0.5,0.0,-0.0,1.2,0.0,-0.0,0.23000000000000967,0.19999999999998863,24.157036284134797,none,0.2400000000000091,0.0,-0.009999999999999431,-0.0
R04_head_on_lateral_offset,207,42.39999999999973,69.01000000000073,50.0,20.0,0.0,0.0,1.1999999999999984,0.0,0.0,0.5,0.0,-0.0,0.5,0.0,-0.0,1.2,0.0,-0.0,0.23000000000000967,0.19999999999998863,24.47484269071493,none,0.2400000000000091,0.0,-0.009999999999999431,-0.0
R04_head_on_lateral_offset,208,42.59999999999972,69.25000000000074,50.0,20.0,0.0,0.0,1.1999999999999984,0.0,0.0,0.5,0.0,-0.0,0.5,0.0,-0.0,1.2,0.0,-0.0,0.23000000000000967,0.19999999999998863,24.792702614691073,none,0.2400000000000091,0.0,-0.009999999999999431,-0.0
R04_head_on_lateral_offset,209,42.799999999999706,69.49000000000075,50.0,20.0,0.0,0.0,1.1999999999999984,0.0,0.0,0.5,0.0,-0.0,0.5,0.0,-0.0,1.2,0.0,-0.0,0.23000000000000967,0.19999999999998863,25.110614127419243,none,0.2400000000000091,0.0,-0.009999999999999431,-0.0
R04_head_on_lateral_offset,210,42.999999999999694,69.73000000000076,50.0,20.0,0.0,0.0,1.1999999999999984,0.0,0.0,0.5,0.0,-0.0,0.5,0.0,-0.0,1.2,0.0,-0.0,0.23000000000000967,0.19999999999998863,25.42857539153609,none,0.2400000000000091,0.0,-0.009999999999999431,-0.0
R04_head_on_lateral_offset,211,43.19999999999968,69.97000000000077,50.0,20.0,0.0,0.0,1.1999999999999984,0.0,0.0,0.5,0.0,-0.0,0.5,0.0,-0.0,1.2,0.0,-0.0,0.23000000000000967,0.19999999999998863,25.746584655638532,none,0.2400000000000091,0.0,-0.009999999999999431,-0.0
R04_head_on_lateral_offset,212,43.39999999999967,70.21000000000078,50.0,20.0,0.0,0.0,1.1999999999999984,0.0,0.0,0.5,0.0,-0.0,0.5,0.0,-0.0,1.2,0.0,-0.0,0.23000000000000967,0.19999999999998863,26.06464024933008,none,0.2400000000000091,0.0,-0.009999999999999431,-0.0
R04_head_on_lateral_offset,213,43.59999999999966,70.45000000000078,50.0,20.0,0.0,0.0,1.1999999999999984,0.0,0.0,0.5,0.0,-0.0,0.5,0.0,-0.0,1.2,0.0,-0.0,0.23000000000000967,0.19999999999998863,26.382740578604782,none,0.2400000000000091,0.0,-0.009999999999999431,-0.0
R04_head_on_lateral_offset,214,43.79999999999965,70.6900000000008,50.0,20.0,0.0,0.0,1.1999999999999984,0.0,0.0,0.5,0.0,-0.0,0.5,0.0,-0.0,1.2,0.0,-0.0,0.23000000000000967,0.19999999999998863,26.700884121542334,none,0.2400000000000091,0.0,-0.009999999999999431,-0.0
R04_head_on_lateral_offset,215,43.99999999999964,70.9300000000008,50.0,20.0,0.0,0.0,1.1999999999999984,0.0,0.0,0.5,0.0,-0.0,0.5,0.0,-0.0,1.2,0.0,-0.0,0.23000000000000967,0.19999999999998863,27.019069424290237,none,0.2400000000000091,0.0,-0.009999999999999431,-0.0
R04_head_on_lateral_offset,216,44.199999999999626,71.17000000000081,50.0,20.0,0.0,0.0,1.1999999999999984,0.0,0.0,0.5,0.0,-0.0,0.5,0.0,-0.0,1.2,0.0,-0.0,0.23000000000000967,0.19999999999998863,27.33729509731098,none,0.2400000000000091,0.0,-0.009999999999999431,-0.0
R04_head_on_lateral_offset,217,44.399999999999615,71.41000000000082,50.0,20.0,0.0,0.0,1.1999999999999984,0.0,0.0,0.5,0.0,-0.0,0.5,0.0,-0.0,1.2,0.0,-0.0,0.23000000000000967,0.19999999999998863,27.655559811874106,none,0.2400000000000091,0.0,-0.009999999999999431,-0.0
R04_head_on_lateral_offset,218,44.5999999999996,71.65000000000083,50.0,20.0,0.0,0.0,1.1999999999999984,0.0,0.0,0.5,0.0,-0.0,0.5,0.0,-0.0,1.2,0.0,-0.0,0.23000000000000967,0.19999999999998863,27.973862296774787,none,0.2400000000000091,0.0,-0.009999999999999431,-0.0
R04_head_on_lateral_offset,219,44.79999999999959,71.89000000000084,50.0,20.0,0.0,0.0,1.1999999999999984,0.0,0.0,0.5,0.0,-0.0,0.5,0.0,-0.0,1.2,0.0,-0.0,0.23000000000000967,0.19999999999998863,28.292201335262085,none,0.2400000000000091,0.0,-0.009999999999999431,-0.0
R04_head_on_lateral_offset,220,44.99999999999958,72.13000000000085,50.0,20.0,0.0,0.0,1.1999999999999984,0.0,0.0,0.5,0.0,-0.0,0.5,0.0,-0.0,1.2,0.0,-0.0,0.23000000000000967,0.19999999999998863,28.610575762161464,none,0.2400000000000091,0.0,-0.009999999999999431,-0.0
R04_head_on_lateral_offset,221,45.19999999999957,72.37000000000086,50.0,20.0,0.0,0.0,1.1999999999999984,0.0,0.0,0.5,0.0,-0.0,0.5,0.0,-0.0,1.2,0.0,-0.0,0.23000000000000967,0.19999999999998863,28.928984461177368,none,0.2400000000000091,0.0,-0.009999999999999431,-0.0
R04_head_on_lateral_offset,222,45.39999999999956,72.61000000000087,50.0,20.0,0.0,0.0,1.1999999999999984,0.0,0.0,0.5,0.0,-0.0,0.5,0.0,-0.0,1.2,0.0,-0.0,0.23000000000000967,0.19999999999998863,29.247426362362965,none,0.2400000000000091,0.0,-0.009999999999999431,-0.0
R04_head_on_lateral_offset,223,45.59999999999955,72.85000000000088,50.0,20.0,0.0,0.0,1.1999999999999984,0.0,0.0,0.5,0.0,-0.0,0.5,0.0,-0.0,1.2,0.0,-0.0,0.23000000000000967,0.19999999999998863,29.565900439745047,none,0.2400000000000091,0.0,-0.009999999999999431,-0.0
R04_head_on_lateral_offset,224,45.799999999999535,73.09000000000088,50.0,20.0,0.0,0.0,1.1999999999999984,0.0,0.0,0.5,0.0,-0.0,0.5,0.0,-0.0,1.2,0.0,-0.0,0.23000000000000967,0.19999999999998863,29.884405709093166,none,0.2400000000000091,0.0,-0.009999999999999431,-0.0
R04_head_on_lateral_offset,225,45.999999999999524,73.3300000000009,50.0,20.0,0.0,0.0,1.1999999999999984,0.0,0.0,0.5,0.0,-0.0,0.5,0.0,-0.0,1.2,0.0,-0.0,0.23000000000000967,0.19999999999998863,30.20294122582292,none,0.2400000000000091,0.0,-0.009999999999999431,-0.0
R04_head_on_lateral_offset,226,46.19999999999951,73.5700000000009,50.0,20.0,0.0,0.0,1.1999999999999984,0.0,0.0,0.5,0.0,-0.0,0.5,0.0,-0.0,1.2,0.0,-0.0,0.23000000000000967,0.19999999999998863,30.52150608302405,none,0.2400000000000091,0.0,-0.009999999999999431,-0.0
R04_head_on_lateral_offset,227,46.3999999999995,73.81000000000091,50.0,20.0,0.0,0.0,1.1999999999999984,0.0,0.0,0.5,0.0,-0.0,0.5,0.0,-0.0,1.2,0.0,-0.0,0.23000000000000967,0.19999999999998863,30.840099409604854,none,0.2400000000000091,0.0,-0.009999999999999431,-0.0
R04_head_on_lateral_offset,228,46.59999999999949,74.05000000000092,50.0,20.0,0.0,0.0,1.1999999999999984,0.0,0.0,0.5,0.0,-0.0,0.5,0.0,-0.0,1.2,0.0,-0.0,0.23000000000000967,0.19999999999998863,31.158720368544913,none,0.2400000000000091,0.0,-0.009999999999999431,-0.0
R04_head_on_lateral_offset,229,46.79999999999948,74.29000000000093,50.0,20.0,0.0,0.0,1.1999999999999984,0.0,0.0,0.5,0.0,-0.0,0.5,0.0,-0.0,1.2,0.0,-0.0,0.23000000000000967,0.19999999999998863,31.477368155248918,none,0.2400000000000091,0.0,-0.009999999999999431,-0.0
R04_head_on_lateral_offset,230,46.99999999999947,74.53000000000094,50.0,20.0,0.0,0.0,1.1999999999999984,0.0,0.0,0.5,0.0,-0.0,0.5,0.0,-0.0,1.2,0.0,-0.0,0.23000000000000967,0.19999999999998863,31.796041995994855,none,0.2400000000000091,0.0,-0.009999999999999431,-0.0
R04_head_on_lateral_offset,231,47.199999999999456,74.77000000000095,50.0,20.0,0.0,0.0,1.1999999999999984,0.0,0.0,0.5,0.0,-0.0,0.5,0.0,-0.0,1.2,0.0,-0.0,0.23000000000000967,0.19999999999998863,32.11474114647024,none,0.2400000000000091,0.0,-0.009999999999999431,-0.0
R04_head_on_lateral_offset,232,47.399999999999444,75.01000000000096,50.0,20.0,0.0,0.0,1.1999999999999984,0.0,0.0,0.5,0.0,-0.0,0.5,0.0,-0.0,1.2,0.0,-0.0,0.23000000000000967,0.19999999999998863,32.43346489039072,none,0.2400000000000091,0.0,-0.009999999999999431,-0.0
R04_head_on_lateral_offset,233,47.59999999999943,75.25000000000097,50.0,20.0,0.0,0.0,1.1999999999999984,0.0,0.0,0.5,0.0,-0.0,0.5,0.0,-0.0,1.2,0.0,-0.0,0.23000000000000967,0.19999999999998863,32.752212538195614,none,0.2400000000000091,0.0,-0.009999999999999431,-0.0
R04_head_on_lateral_offset,234,47.79999999999942,75.49000000000098,50.0,20.0,0.0,0.0,1.1999999999999984,0.0,0.0,0.5,0.0,-0.0,0.5,0.0,-0.0,1.2,0.0,-0.0,0.23000000000000967,0.19999999999998863,33.07098342581557,none,0.2400000000000091,0.0,-0.009999999999999431,-0.0
R04_head_on_lateral_offset,235,47.99999999999941,75.73000000000098,50.0,20.0,0.0,0.0,1.1999999999999984,0.0,0.0,0.5,0.0,-0.0,0.5,0.0,-0.0,1.2,0.0,-0.0,0.23000000000000967,0.19999999999998863,33.38977691350758,none,0.2400000000000091,0.0,-0.009999999999999431,-0.0
R04_head_on_lateral_offset,236,48.1999999999994,75.970000000001,50.0,20.0,0.0,0.0,1.1999999999999984,0.0,0.0,0.5,0.0,-0.0,0.5,0.0,-0.0,1.2,0.0,-0.0,0.23000000000000967,0.19999999999998863,33.708592384753246,none,0.2400000000000091,0.0,-0.009999999999999431,-0.0
R04_head_on_lateral_offset,237,48.39999999999939,76.210000000001,50.0,20.0,0.0,0.0,1.1999999999999984,0.0,0.0,0.5,0.0,-0.0,0.5,0.0,-0.0,1.2,0.0,-0.0,0.23000000000000967,0.19999999999998863,34.027429245216254,none,0.2400000000000091,0.0,-0.009999999999999431,-0.0
R04_head_on_lateral_offset,238,48.599999999999376,76.45000000000101,50.0,20.0,0.0,0.0,1.1999999999999984,0.0,0.0,0.5,0.0,-0.0,0.5,0.0,-0.0,1.2,0.0,-0.0,0.23000000000000967,0.19999999999998863,34.346286921755414,none,0.2400000000000091,0.0,-0.009999999999999431,-0.0
R04_head_on_lateral_offset,239,48.799999999999365,76.69000000000102,50.0,20.0,0.0,0.0,1.1999999999999984,0.0,0.0,0.5,0.0,-0.0,0.5,0.0,-0.0,1.2,0.0,-0.0,0.23000000000000967,0.19999999999998863,34.665164861489814,none,0.2400000000000091,0.0,-0.009999999999999431,-0.0
R04_head_on_lateral_offset,240,48.99999999999935,76.93000000000103,50.0,20.0,0.0,0.0,1.1999999999999984,0.0,0.0,0.5,0.0,-0.0,0.5,0.0,-0.0,1.2,0.0,-0.0,0.23000000000000967,0.19999999999998863,34.984062530912986,none,0.2400000000000091,0.0,-0.009999999999999431,-0.0
R04_head_on_lateral_offset,241,49.19999999999934,77.17000000000104,50.0,20.0,0.0,0.0,1.1999999999999984,0.0,0.0,0.5,0.0,-0.0,0.5,0.0,-0.0,1.2,0.0,-0.0,0.23000000000000967,0.19999999999998863,35.302979415053,none,0.2400000000000091,0.0,-0.009999999999999431,-0.0
R04_head_on_lateral_offset,242,49.39999999999933,77.41000000000105,50.0,20.0,0.0,0.0,1.1999999999999984,0.0,0.0,0.5,0.0,-0.0,0.5,0.0,-0.0,1.2,0.0,-0.0,0.23000000000000967,0.19999999999998863,35.62191501667588,none,0.2400000000000091,0.0,-0.009999999999999431,-0.0
R04_head_on_lateral_offset,243,49.59999999999932,77.65000000000106,50.0,20.0,0.0,0.0,1.1999999999999984,0.0,0.0,0.5,0.0,-0.0,0.5,0.0,-0.0,1.2,0.0,-0.0,0.23000000000000967,0.19999999999998863,35.9408688555296,none,0.2400000000000091,0.0,-0.009999999999999431,-0.0
R04_head_on_lateral_offset,244,49.79999999999931,77.89000000000107,50.0,20.0,0.0,0.0,1.1999999999999984,0.0,0.0,0.5,0.0,-0.0,0.5,0.0,-0.0,1.2,0.0,-0.0,0.23000000000000967,0.19999999999998863,36.25984046762644,none,0.2400000000000091,0.0,-0.009999999999999431,-0.0
R04_head_on_lateral_offset,245,49.89166666666508,78.0,50.0,20.0,0.0,0.0,1.1999999999999984,0.0,0.0,0.5,0.0,-0.0,0.5,0.0,-0.0,1.2,0.0,-0.0,100.10541666666565,0.09166666666577328,36.578829404561326,goal_success,0.10999999999893362,100.0,-0.004583333333288664,-0.0
R05_crossing,0,1.0,20.30000000000001,50.0,20.0,0.0,0.0,0.3,0.0,0.0,,,,,,,,,,,,,,,,,
R05_crossing,1,1.2000000000000002,20.37000000000001,50.0,20.0,0.0,0.0,0.4000000000000001,0.0,0.0,0.5,0.0,-0.0,0.5,0.0,-0.0,1.2,0.0,-0.0,0.015000000000000277,0.20000000000000018,31.218808697893714,none,0.07000000000000028,0.0,-0.010000000000000009,-0.045
R05_crossing,2,1.4000000000000004,20.46000000000001,50.0,20.0,0.0,0.0,0.5000000000000001,0.0,0.0,0.5,0.0,-0.0,0.5,0.0,-0.0,1.2,0.0,-0.0,0.0799999999999963,0.20000000000000018,31.103739383929195,none,0.0899999999999963,0.0,-0.010000000000000009,-0.0
R05_crossing,3,1.6000000000000005,20.570000000000014,50.0,20.0,0.0,0.0,0.6000000000000002,0.0,0.0,0.5,0.0,-0.0,0.5,0.0,-0.0,1.2,0.0,-0.0,0.10000000000000653,0.20000000000000018,30.970496592719556,none,0.11000000000000654,0.0,-0.010000000000000009,-0.0
R05_crossing,4,1.8000000000000007,20.700000000000014,50.0,20.0,0.0,0.0,0.7000000000000003,0.0,0.0,0.5,0.0,-0.0,0.5,0.0,-0.0,1.2,0.0,-0.0,0.12000000000000255,0.20000000000000018,30.81905966919139,none,0.13000000000000256,0.0,-0.010000000000000009,-0.0
R05_crossing,5,2.000000000000001,20.850000000000012,50.0,20.0,0.0,0.0,0.8000000000000004,0.0,0.0,0.5,0.0,-0.0,0.5,0.0,-0.0,1.2,0.0,-0.0,0.13999999999999146,0.20000000000000018,30.64941405713542,none,0.14999999999999147,0.0,-0.010000000000000009,-0.0
R05_crossing,6,2.2,21.019258765582936,50.0,20.0,0.0,0.0,0.888426543021342,0.0,0.0,0.5,0.0,-0.0,0.5,0.0,-0.0,1.2,0.0,-0.0,0.15925876558292434,0.1999999999999993,30.46222661959137,none,0.1692587655829243,0.0,-0.009999999999999966,-0.0
R05_crossing,7,2.3999999999999995,21.20415603818727,50.0,20.0,0.0,0.0,0.9573049522659207,0.0,0.0,0.5,0.0,-0.0,0.5,0.0,-0.0,1.2,0.0,-0.0,0.17489727260433857,0.1999999999999993,30.26079292699034,none,0.18489727260433853,0.0,-0.009999999999999966,-0.0
R05_crossing,8,2.5999999999999988,21.401234670028224,50.0,20.0,0.0,0.0,1.010956662464731,0.0,0.0,0.5,0.0,-0.0,0.5,0.0,-0.0,1.2,0.0,-0.0,0.18707863184095236,0.1999999999999993,30.04826393924975,none,0.1970786318409523,0.0,-0.009999999999999966,-0.0
R05_crossing,9,2.799999999999998,21.6078017723893,50.0,20.0,0.0,0.0,1.0527477845133824,0.0,0.0,0.5,0.0,-0.0,0.5,0.0,-0.0,1.2,0.0,-0.0,0.1965671023610776,0.1999999999999993,29.827096083438168,none,0.20656710236107756,0.0,-0.009999999999999966,-0.0
R05_crossing,10,2.9999999999999973,21.821759763653873,50.0,20.0,0.0,0.0,1.0853002954326707,0.0,0.0,0.5,0.0,-0.0,0.5,0.0,-0.0,1.2,0.0,-0.0,0.20395799126457154,0.1999999999999993,29.599203912495568,none,0.2139579912645715,0.0,-0.009999999999999966,-0.0
R05_crossing,11,3.1999999999999966,22.041474766932957,50.0,20.0,0.0,0.0,1.1106565413338159,0.0,0.0,0.5,0.0,-0.0,0.5,0.0,-0.0,1.2,0.0,-0.0,0.2097150032790845,0.1999999999999993,29.366079391876195,none,0.21971500327908444,0.0,-0.009999999999999966,-0.0
R05_crossing,12,3.399999999999996,22.265674100550115,50.0,20.0,0.0,0.0,1.130407374312368,0.0,0.0,0.5,0.0,-0.0,0.5,0.0,-0.0,1.2,0.0,-0.0,0.21419933361715754,0.1999999999999993,29.128885036970942,none,0.2241993336171575,0.0,-0.009999999999999966,-0.0
R05_crossing,13,3.599999999999995,22.49336642993144,50.0,20.0,0.0,0.0,1.1457919625857067,0.0,0.0,0.5,0.0,-0.0,0.5,0.0,-0.0,1.2,0.0,-0.0,0.21769232938132693,0.1999999999999993,28.888526590394857,none,0.22769232938132689,0.0,-0.009999999999999966,-0.0
R05_crossing,14,3.7999999999999945,22.723779571226405,50.0,20.0,0.0,0.0,1.1577755359670006,0.0,0.0,0.5,0.0,-0.0,0.5,0.0,-0.0,1.2,0.0,-0.0,0.2204131412949602,0.1999999999999993,28.64570970787389,none,0.23041314129496016,0.0,-0.009999999999999966,-0.0
R05_crossing,15,3.999999999999994,22.956312044455668,50.0,20.0,0.0,0.0,1.1671099444304183,0.0,0.0,0.5,0.0,-0.0,0.5,0.0,-0.0,1.2,0.0,-0.0,0.22253247322927,0.1999999999999993,28.400984155769493,none,0.23253247322926995,0.0,-0.009999999999999966,-0.0
R05_crossing,16,4.199999999999993,23.19049533662807,50.0,20.0,0.0,0.0,1.1743808292149132,0.0,0.0,0.5,0.0,-0.0,0.5,0.0,-0.0,1.2,0.0,-0.0,0.22418329217240346,0.1999999999999993,28.15477826209434,none,0.2341832921724034,0.0,-0.009999999999999966,-0.0
R05_crossing,17,4.399999999999992,23.425964507212875,50.0,20.0,0.0,0.0,1.1800443659839095,0.0,0.0,0.5,0.0,-0.0,0.5,0.0,-0.0,1.2,0.0,-0.0,0.22546917058479982,0.1999999999999993,27.907425764614068,none,0.23546917058479977,0.0,-0.009999999999999966,-0.0
R05_crossing,18,4.599999999999992,23.662435291753194,50.0,20.0,0.0,0.0,1.1844558853085145,0.0,0.0,0.5,0.0,-0.0,0.5,0.0,-0.0,1.2,0.0,-0.0,0.22647078454032316,0.1999999999999993,27.659186730432147,none,0.2364707845403231,0.0,-0.009999999999999966,-0.0
R05_crossing,19,4.799999999999991,23.8996862671002,50.0,20.0,0.0,0.0,1.1878921661247526,0.0,0.0,0.5,0.0,-0.0,0.5,0.0,-0.0,1.2,0.0,-0.0,0.22725097534700273,0.1999999999999993,27.410263854071133,none,0.23725097534700268,0.0,-0.009999999999999966,-0.0
R05_crossing,20,4.99999999999999,24.13754495931407,50.0,20.0,0.0,0.0,1.1905688008574147,0.0,0.0,0.5,0.0,-0.0,0.5,0.0,-0.0,1.2,0.0,-0.0,0.2278586922138695,0.1999999999999993,27.160815153753383,none,0.23785869221386946,0.0,-0.009999999999999966,-0.0
R05_crossing,21,5.1999999999999895,24.37587702264062,50.0,20.0,0.0,0.0,1.1926537216992266,0.0,0.0,0.5,0.0,-0.0,0.5,0.0,-0.0,1.2,0.0,-0.0,0.2283320633265527,0.1999999999999993,26.91096386110759,none,0.23833206332655266,0.0,-0.009999999999999966,-0.0
R05_crossing,22,5.399999999999989,24.6145778106522,50.0,20.0,0.0,0.0,1.194277736684752,0.0,0.0,0.5,0.0,-0.0,0.5,0.0,-0.0,1.2,0.0,-0.0,0.2287007880115775,0.1999999999999993,26.660806124269676,none,0.23870078801157746,0.0,-0.009999999999999966,-0.0
R05_crossing,23,5.599999999999988,24.85356581072575,50.0,20.0,0.0,0.0,1.1955427365928148,0.0,0.0,0.5,0.0,-0.0,0.5,0.0,-0.0,1.2,0.0,-0.0,0.22898800007355452,0.1999999999999993,26.41041700759361,none,0.23898800007355447,0.0,-0.009999999999999966,-0.0
R05_crossing,24,5.799999999999987,25.092777529936885,50.0,20.0,0.0,0.0,1.1965280875788973,0.0,0.0,0.5,0.0,-0.0,0.5,0.0,-0.0,1.2,0.0,-0.0,0.2292117192111272,0.1999999999999993,26.159855164526192,none,0.23921171921112716,0.0,-0.009999999999999966,-0.0
R05_crossing,25,5.999999999999987,25.332163511510743,50.0,20.0,0.0,0.0,1.1972956106115746,0.0,0.0,0.5,0.0,-0.0,0.5,0.0,-0.0,1.2,0.0,-0.0,0.22938598157386086,0.1999999999999993,25.90916647703728,none,0.23938598157386082,0.0,-0.009999999999999966,-0.0
R05_crossing,26,6.199999999999986,25.57168523190154,50.0,20.0,0.0,0.0,1.1978934601230797,0.0,0.0,0.5,0.0,-0.0,0.5,0.0,-0.0,1.2,0.0,-0.0,0.2295217203907976,0.1999999999999993,25.65838689017336,none,0.23952172039079755,0.0,-0.009999999999999966,-0.0
R05_crossing,27,6.399999999999985,25.811312683823434,50.0,20.0,0.0,0.0,1.1983591452207114,0.0,0.0,0.5,0.0,-0.0,0.5,0.0,-0.0,1.2,0.0,-0.0,0.22962745192189066,0.1999999999999993,25.407544619784375,none,0.2396274519218906,0.0,-0.009999999999999966,-0.0
R05_crossing,28,6.5999999999999845,26.05102249359197,50.0,20.0,0.0,0.0,1.1987218830100428,0.0,0.0,0.5,0.0,-0.0,0.5,0.0,-0.0,1.2,0.0,-0.0,0.22970980976854155,0.1999999999999993,25.1566618721111,none,0.2397098097685415,0.0,-0.009999999999999966,-0.0
R05_crossing,29,6.799999999999984,26.29079645465797,50.0,20.0,0.0,0.0,1.1990044316775397,0.0,0.0,0.5,0.0,-0.0,0.5,0.0,-0.0,1.2,0.0,-0.0,0.22977396106599263,0.1999999999999993,24.90575618325341,none,0.23977396106599258,0.0,-0.009999999999999966,-0.0
R05_crossing,30,6.999999999999983,26.530620385327772,50.0,20.0,0.0,0.0,1.1992245183402814,0.0,0.0,0.5,0.0,-0.0,0.5,0.0,-0.0,1.2,0.0,-0.0,0.22982393066980739,0.1999999999999993,24.65484146265042,none,0.23982393066980734,0.0,-0.009999999999999966,-0.0
R05_crossing,31,7.199999999999982,26.770483239003084,50.0,20.0,0.0,0.0,1.199395951246145,0.0,0.0,0.5,0.0,-0.0,0.5,0.0,-0.0,1.2,0.0,-0.0,0.22986285367531228,0.1999999999999993,24.403928806095326,none,0.23986285367531224,0.0,-0.009999999999999966,-0.0
R05_crossing,32,7.399999999999982,27.010376411116845,50.0,20.0,0.0,0.0,1.1995294861039445,0.0,0.0,0.5,0.0,-0.0,0.5,0.0,-0.0,1.2,0.0,-0.0,0.2298931721137601,0.1999999999999993,24.153027129313934,none,0.23989317211376004,0.0,-0.009999999999999966,-0.0
R05_crossing,33,7.599999999999981,27.250293199282304,50.0,20.0,0.0,0.0,1.1996335008971237,0.0,0.0,0.5,0.0,-0.0,0.5,0.0,-0.0,1.2,0.0,-0.0,0.22991678816545918,0.1999999999999993,23.902143661848008,none,0.23991678816545914,0.0,-0.009999999999999966,-0.0
R05_crossing,34,7.79999999999998,27.490228382784924,50.0,20.0,0.0,0.0,1.1997145215188432,0.0,0.0,0.5,0.0,-0.0,0.5,0.0,-0.0,1.2,0.0,-0.0,0.2299351835026167,0.1999999999999993,23.65128433219323,none,0.23993518350261667,0.0,-0.009999999999999966,-0.0
R05_crossing,35,7.99999999999998,27.730177895034533,50.0,20.0,0.0,0.0,1.1997776312068325,0.0,0.0,0.5,0.0,-0.0,0.5,0.0,-0.0,1.2,0.0,-0.0,0.2299495122496092,0.1999999999999993,23.400454068295346,none,0.23994951224960914,0.0,-0.009999999999999966,-0.0
R05_crossing,36,8.199999999999982,27.970138568427224,50.0,20.0,0.0,0.0,1.1998267894659715,0.0,0.0,0.5,0.0,-0.0,0.5,0.0,-0.0,1.2,0.0,-0.0,0.22996067339269435,0.20000000000000195,23.14965703217673,none,0.23996067339269445,0.0,-0.010000000000000097,-0.0
R05_crossing,37,8.399999999999984,28.210107935609745,50.0,20.0,0.0,0.0,1.199865080487819,0.0,0.0,0.5,0.0,-0.0,0.5,0.0,-0.0,1.2,0.0,-0.0,0.22996936718251745,0.20000000000000284,22.89889680331388,none,0.2399693671825176,0.0,-0.010000000000000142,-0.0
R05_crossing,38,8.599999999999987,28.450084074677648,50.0,20.0,0.0,0.0,1.1998949066529396,0.0,0.0,0.5,0.0,-0.0,0.5,0.0,-0.0,1.2,0.0,-0.0,0.2299761390679059,0.20000000000000284,22.64817652215373,none,0.23997613906790605,0.0,-0.010000000000000142,-0.0
R05_crossing,39,8.79999999999999,28.690065488594897,50.0,20.0,0.0,0.0,1.1999181392563771,0.0,0.0,0.5,0.0,-0.0,0.5,0.0,-0.0,1.2,0.0,-0.0,0.229981413917249,0.20000000000000284,22.39749900263947,none,0.23998141391724914,0.0,-0.010000000000000142,-0.0
R05_crossing,40,8.999999999999993,28.93005101126976,50.0,20.0,0.0,0.0,1.1999362359127963,0.0,0.0,0.5,0.0,-0.0,0.5,0.0,-0.0,1.2,0.0,-0.0,0.22998552267486402,0.20000000000000284,22.146866820656804,none,0.23998552267486417,0.0,-0.010000000000000142,-0.0
R05_crossing,41,9.199999999999996,29.17003973439416,50.0,20.0,0.0,0.0,1.199950332007297,0.0,0.0,0.5,0.0,-0.0,0.5,0.0,-0.0,1.2,0.0,-0.0,0.22998872312439786,0.20000000000000284,21.89628238378572,none,0.239988723124398,0.0,-0.010000000000000142,-0.0
R05_crossing,42,9.399999999999999,29.41003095045637,50.0,20.0,0.0,0.0,1.1999613119295307,0.0,0.0,0.5,0.0,-0.0,0.5,0.0,-0.0,1.2,0.0,-0.0,0.22999121606221493,0.20000000000000284,21.64574798655509,none,0.23999121606221507,0.0,-0.010000000000000142,-0.0
R05_crossing,43,9.600000000000001,29.650024108351715,50.0,20.0,0.0,0.0,1.1999698645603503,0.0,0.0,0.5,0.0,-0.0,0.5,0.0,-0.0,1.2,0.0,-0.0,0.22999315789534122,0.20000000000000284,21.395265854472974,none,0.23999315789534137,0.0,-0.010000000000000142,-0.0
R05_crossing,44,9.800000000000004,29.890018778806212,50.0,20.0,0.0,0.0,1.1999765264922269,0.0,0.0,0.5,0.0,-0.0,0.5,0.0,-0.0,1.2,0.0,-0.0,0.22999467045449293,0.20000000000000284,21.14483817938583,none,0.23999467045449308,0.0,-0.010000000000000142,-0.0
R05_crossing,45,10.000000000000007,30.13001462744392,50.0,20.0,0.0,0.0,1.1999817156950894,0.0,0.0,0.5,0.0,-0.0,0.5,0.0,-0.0,1.2,0.0,-0.0,0.22999584863771147,0.20000000000000284,20.89446714816024,none,0.23999584863771162,0.0,-0.010000000000000142,-0.0
R05_crossing,46,10.20000000000001,30.37001139380817,50.0,20.0,0.0,0.0,1.1999857577397763,0.0,0.0,0.5,0.0,-0.0,0.5,0.0,-0.0,1.2,0.0,-0.0,0.2299967663642498,0.20000000000000284,20.6441549662452,none,0.23999676636424994,0.0,-0.010000000000000142,-0.0
R05_crossing,47,10.400000000000013,30.610008875020494,50.0,20.0,0.0,0.0,1.1999889062243672,0.0,0.0,0.5,0.0,-0.0,0.5,0.0,-0.0,1.2,0.0,-0.0,0.2299974812123274,0.20000000000000284,20.393903877334704,none,0.23999748121232756,0.0,-0.010000000000000142,-0.0
R05_crossing,48,10.600000000000016,30.850006913052038,50.0,20.0,0.0,0.0,1.1999913586849376,0.0,0.0,0.5,0.0,-0.0,0.5,0.0,-0.0,1.2,0.0,-0.0,0.22999803803154392,0.20000000000000284,20.14371618008719,none,0.23999803803154407,0.0,-0.010000000000000142,-0.0
R05_crossing,49,10.800000000000018,31.0900053848088,50.0,20.0,0.0,0.0,1.199993268988983,0.0,0.0,0.5,0.0,-0.0,0.5,0.0,-0.0,1.2,0.0,-0.0,0.22999847175676322,0.20000000000000284,19.893594242654583,none,0.23999847175676337,0.0,-0.010000000000000142,-0.0
R05_crossing,50,11.000000000000021,31.33000419440873,50.0,20.0,0.0,0.0,1.1999947569890712,0.0,0.0,0.5,0.0,-0.0,0.5,0.0,-0.0,1.2,0.0,-0.0,0.22999880959992466,0.20000000000000284,19.643540515615328,none,0.2399988095999248,0.0,-0.010000000000000142,-0.0
R05_crossing,51,11.200000000000024,31.570003267166065,50.0,20.0,0.0,0.0,1.1999959160423999,0.0,0.0,0.5,0.0,-0.0,0.5,0.0,-0.0,1.2,0.0,-0.0,0.2299990727573352,0.20000000000000284,19.39355754378347,none,0.23999907275733534,0.0,-0.010000000000000142,-0.0
R05_crossing,52,11.400000000000027,31.81000254490556,50.0,20.0,0.0,0.0,1.199996818868031,0.0,0.0,0.5,0.0,-0.0,0.5,0.0,-0.0,1.2,0.0,-0.0,0.22999927773949266,0.20000000000000284,19.143647977271605,none,0.2399992777394928,0.0,-0.010000000000000142,-0.0
R05_crossing,53,11.60000000000003,32.05000198231256,50.0,20.0,0.0,0.0,1.1999975221092882,0.0,0.0,0.5,0.0,-0.0,0.5,0.0,-0.0,1.2,0.0,-0.0,0.22999943740700032,0.20000000000000284,18.893814582112963,none,0.23999943740700047,0.0,-0.010000000000000142,-0.0
R05_crossing,54,11.800000000000033,32.29000154408994,50.0,20.0,0.0,0.0,1.1999980698875623,0.0,0.0,0.5,0.0,-0.0,0.5,0.0,-0.0,1.2,0.0,-0.0,0.22999956177738098,0.20000000000000284,18.64406025069253,none,0.23999956177738113,0.0,-0.010000000000000142,-0.0
R05_crossing,55,12.000000000000036,32.5300012027436,50.0,20.0,0.0,0.0,1.1999984965704886,0.0,0.0,0.5,0.0,-0.0,0.5,0.0,-0.0,1.2,0.0,-0.0,0.22999965865365865,0.20000000000000284,18.39438801219542,none,0.2399996586536588,0.0,-0.010000000000000142,-0.0
R05_crossing,56,12.200000000000038,32.77000093685745,50.0,20.0,0.0,0.0,1.1999988289281747,0.0,0.0,0.5,0.0,-0.0,0.5,0.0,-0.0,1.2,0.0,-0.0,0.2299997341138514,0.20000000000000284,18.144801043249434,none,0.23999973411385156,0.0,-0.010000000000000142,-0.0
R05_crossing,57,12.400000000000041,33.010000729749784,50.0,20.0,0.0,0.0,1.1999990878127575,0.0,0.0,0.5,0.0,-0.0,0.5,0.0,-0.0,1.2,0.0,-0.0,0.22999979289233394,0.20000000000000284,17.895302678915932,none,0.23999979289233409,0.0,-0.010000000000000142,-0.0
R05_crossing,58,12.600000000000044,33.250000568426664,50.0,20.0,0.0,0.0,1.199999289466669,0.0,0.0,0.5,0.0,-0.0,0.5,0.0,-0.0,1.2,0.0,-0.0,0.22999983867687987,0.20000000000000284,17.645896424167322,none,0.23999983867688002,0.0,-0.010000000000000142,-0.0
R05_crossing,59,12.800000000000047,33.49000044276665,50.0,20.0,0.0,0.0,1.1999994465416843,0.0,0.0,0.5,0.0,-0.0,0.5,0.0,-0.0,1.2,0.0,-0.0,0.22999987433998612,0.20000000000000284,17.39658596597874,none,0.23999987433998626,0.0,-0.010000000000000142,-0.0
R05_crossing,60,13.00000000000005,33.73000034488584,50.0,20.0,0.0,0.0,1.199999568892698,0.0,0.0,0.5,0.0,-0.0,0.5,0.0,-0.0,1.2,0.0,-0.0,0.22999990211918728,0.20000000000000284,17.147375186155482,none,0.23999990211918742,0.0,-0.010000000000000142,-0.0
R05_crossing,61,13.200000000000053,33.97000026864318,50.0,20.0,0.0,0.0,1.1999996641960191,0.0,0.0,0.5,0.0,-0.0,0.5,0.0,-0.0,1.2,0.0,-0.0,0.2299999237573452,0.20000000000000284,16.898268175015545,none,0.23999992375734536,0.0,-0.010000000000000142,-0.0
R05_crossing,62,13.400000000000055,34.210000209255206,50.0,20.0,0.0,0.0,1.199999738430982,0.0,0.0,0.5,0.0,-0.0,0.5,0.0,-0.0,1.2,0.0,-0.0,0.22999994061202286,0.20000000000000284,16.649269246047353,none,0.239999940612023,0.0,-0.010000000000000142,-0.0
R05_crossing,63,13.600000000000058,34.45000016299593,50.0,20.0,0.0,0.0,1.1999997962550921,0.0,0.0,0.5,0.0,-0.0,0.5,0.0,-0.0,1.2,0.0,-0.0,0.229999953740721,0.20000000000000284,16.400382951666483,none,0.23999995374072114,0.0,-0.010000000000000142,-0.0
R05_crossing,64,13.800000000000061,34.69000012696301,50.0,20.0,0.0,0.0,1.1999998412962367,0.0,0.0,0.5,0.0,-0.0,0.5,0.0,-0.0,1.2,0.0,-0.0,0.22999996396707942,0.20000000000000284,16.151614100201673,none,0.23999996396707957,0.0,-0.010000000000000142,-0.0
R05_crossing,65,14.000000000000064,34.93000009889576,50.0,20.0,0.0,0.0,1.1999998763802995,0.0,0.0,0.5,0.0,-0.0,0.5,0.0,-0.0,1.2,0.0,-0.0,0.22999997193275376,0.20000000000000284,15.902967774248784,none,0.2399999719327539,0.0,-0.010000000000000142,-0.0
R05_crossing,66,14.200000000000067,35.17000007703323,50.0,20.0,0.0,0.0,1.1999999037084563,0.0,0.0,0.5,0.0,-0.0,0.5,0.0,-0.0,1.2,0.0,-0.0,0.22999997813746872,0.20000000000000284,15.654449350542924,none,0.23999997813746887,0.0,-0.010000000000000142,-0.0
R05_crossing,67,14.40000000000007,35.410000060003775,50.0,20.0,0.0,0.0,1.1999999249952773,0.0,0.0,0.5,0.0,-0.0,0.5,0.0,-0.0,1.2,0.0,-0.0,0.2299999829705449,0.20000000000000284,15.406064521512056,none,0.23999998297054503,0.0,-0.010000000000000142,-0.0
R05_crossing,68,14.600000000000072,35.65000004673897,50.0,20.0,0.0,0.0,1.199999941576298,0.0,0.0,0.5,0.0,-0.0,0.5,0.0,-0.0,1.2,0.0,-0.0,0.22999998673519215,0.20000000000000284,15.157819318691876,none,0.2399999867351923,0.0,-0.010000000000000142,-0.0
R05_crossing,69,14.800000000000075,35.890000036406555,50.0,20.0,0.0,0.0,1.1999999544918132,0.0,0.0,0.5,0.0,-0.0,0.5,0.0,-0.0,1.2,0.0,-0.0,0.2299999896675878,0.20000000000000284,14.909720138200166,none,0.23999998966758795,0.0,-0.010000000000000142,-0.0
R05_crossing,70,15.000000000000078,36.130000028358296,50.0,20.0,0.0,0.0,1.1999999645521422,0.0,0.0,0.5,0.0,-0.0,0.5,0.0,-0.0,1.2,0.0,-0.0,0.22999999195174112,0.20000000000000284,14.66177376849067,none,0.23999999195174126,0.0,-0.010000000000000142,-0.0
R05_crossing,71,15.200000000000081,36.37000002208924,50.0,20.0,0.0,0.0,1.199999972388471,0.0,0.0,0.5,0.0,-0.0,0.5,0.0,-0.0,1.2,0.0,-0.0,0.22999999373094723,0.20000000000000284,14.413987420631628,none,0.23999999373094738,0.0,-0.010000000000000142,-0.0
R05_crossing,72,15.400000000000084,36.61000001720606,50.0,20.0,0.0,0.0,1.199999978492451,0.0,0.0,0.5,0.0,-0.0,0.5,0.0,-0.0,1.2,0.0,-0.0,0.2299999951168182,0.20000000000000284,14.166368761382495,none,0.23999999511681835,0.0,-0.010000000000000142,-0.0
R05_crossing,73,15.600000000000087,36.85000001340238,50.0,20.0,0.0,0.0,1.1999999832470465,0.0,0.0,0.5,0.0,-0.0,0.5,0.0,-0.0,1.2,0.0,-0.0,0.22999999619631736,0.20000000000000284,13.918925949375165,none,0.2399999961963175,0.0,-0.010000000000000142,-0.0
R05_crossing,74,15.80000000000009,37.09000001043957,50.0,20.0,0.0,0.0,1.199999986950561,0.0,0.0,0.5,0.0,-0.0,0.5,0.0,-0.0,1.2,0.0,-0.0,0.22999999703718785,0.20000000000000284,13.671667674743547,none,0.239999997037188,0.0,-0.010000000000000142,-0.0
R05_crossing,75,16.000000000000092,37.330000008131734,50.0,20.0,0.0,0.0,1.1999999898353528,0.0,0.0,0.5,0.0,-0.0,0.5,0.0,-0.0,1.2,0.0,-0.0,0.22999999769216614,0.20000000000000284,13.424603202588104,none,0.2399999976921663,0.0,-0.010000000000000142,-0.0
R05_crossing,76,16.200000000000095,37.570000006334084,50.0,20.0,0.0,0.0,1.1999999920824145,0.0,0.0,0.5,0.0,-0.0,0.5,0.0,-0.0,1.2,0.0,-0.0,0.22999999820235004,0.20000000000000284,13.177742420710779,none,0.23999999820235018,0.0,-0.010000000000000142,-0.0
R05_crossing,77,16.400000000000098,37.81000000493384,50.0,20.0,0.0,0.0,1.1999999938327262,0.0,0.0,0.5,0.0,-0.0,0.5,0.0,-0.0,1.2,0.0,-0.0,0.2299999985997566,0.20000000000000284,12.931095892111982,none,0.23999999859975674,0.0,-0.010000000000000142,-0.0
R05_crossing,78,16.6000000000001,38.05000000384314,50.0,20.0,0.0,0.0,1.199999995196103,0.0,0.0,0.5,0.0,-0.0,0.5,0.0,-0.0,1.2,0.0,-0.0,0.22999999890929743,0.20000000000000284,12.684674912805558,none,0.23999999890929757,0.0,-0.010000000000000142,-0.0
R05_crossing,79,16.800000000000104,38.29000000299355,50.0,20.0,0.0,0.0,1.199999996258083,0.0,0.0,0.5,0.0,-0.0,0.5,0.0,-0.0,1.2,0.0,-0.0,0.229999999150413,0.20000000000000284,12.438491575581274,none,0.23999999915041315,0.0,-0.010000000000000142,-0.0
R05_crossing,80,17.000000000000107,38.53000000233179,50.0,20.0,0.0,0.0,1.1999999970852948,0.0,0.0,0.5,0.0,-0.0,0.5,0.0,-0.0,1.2,0.0,-0.0,0.22999999933823786,0.20000000000000284,12.192558840429434,none,0.239999999338238,0.0,-0.010000000000000142,-0.0
R05_crossing,81,17.20000000000011,38.77000000181631,50.0,20.0,0.0,0.0,1.199999997729638,0.0,0.0,0.5,0.0,-0.0,0.5,0.0,-0.0,1.2,0.0,-0.0,0.2299999994845173,0.20000000000000284,11.946890612439828,none,0.23999999948451745,0.0,-0.010000000000000142,-0.0
R05_crossing,82,17.400000000000112,39.01000000141479,50.0,20.0,0.0,0.0,1.1999999982315388,0.0,0.0,0.5,0.0,-0.0,0.5,0.0,-0.0,1.2,0.0,-0.0,0.22999999959848125,0.20000000000000284,11.701501828099618,none,0.2399999995984814,0.0,-0.010000000000000142,-0.0
R05_crossing,83,17.600000000000115,39.25000000110203,50.0,20.0,0.0,0.0,1.199999998622486,0.0,0.0,0.5,0.0,-0.0,0.5,0.0,-0.0,1.2,0.0,-0.0,0.22999999968724225,0.20000000000000284,11.45640855104549,none,0.2399999996872424,0.0,-0.010000000000000142,-0.0
R05_crossing,84,17.800000000000118,39.490000000858416,50.0,20.0,0.0,0.0,1.199999998927008,0.0,0.0,0.5,0.0,-0.0,0.5,0.0,-0.0,1.2,0.0,-0.0,0.22999999975638516,0.20000000000000284,11.21162807847537,none,0.2399999997563853,0.0,-0.010000000000000142,-0.0
R05_crossing,85,18.00000000000012,39.73000000066865,50.0,20.0,0.0,0.0,1.1999999991642103,0.0,0.0,0.5,0.0,-0.0,0.5,0.0,-0.0,1.2,0.0,-0.0,0.2299999998102372,0.20000000000000284,10.967179059600074,none,0.23999999981023734,0.0,-0.010000000000000142,-0.0
R05_crossing,86,18.200000000000124,39.97000000052084,50.0,20.0,0.0,0.0,1.1999999993489752,0.0,0.0,0.5,0.0,-0.0,0.5,0.0,-0.0,1.2,0.0,-0.0,0.22999999985218764,0.20000000000000284,10.723081627717782,none,0.23999999985218778,0.0,-0.010000000000000142,-0.0
R05_crossing,87,18.400000000000126,40.21000000040571,50.0,20.0,0.0,0.0,1.199999999492895,0.0,0.0,0.5,0.0,-0.0,0.5,0.0,-0.0,1.2,0.0,-0.0,0.2299999998848655,0.20000000000000284,10.479357547730181,none,0.23999999988486564,0.0,-0.010000000000000142,-0.0
R05_crossing,88,18.60000000000013,40.450000000316024,50.0,20.0,0.0,0.0,1.1999999996049988,0.0,0.0,0.5,0.0,-0.0,0.5,0.0,-0.0,1.2,0.0,-0.0,0.22999999991031714,0.20000000000000284,10.236030381193926,none,0.23999999991031729,0.0,-0.010000000000000142,-0.0
R05_crossing,89,18.800000000000132,40.690000000246165,50.0,20.0,0.0,0.0,1.1999999996923203,0.0,0.0,0.5,0.0,-0.0,0.5,0.0,-0.0,1.2,0.0,-0.0,0.22999999993014128,0.20000000000000284,9.993125671321868,none,0.23999999993014143,0.0,-0.010000000000000142,-0.0
R05_crossing,90,19.000000000000135,40.930000000191754,50.0,20.0,0.0,0.0,1.199999999760338,0.0,0.0,0.5,0.0,-0.0,0.5,0.0,-0.0,1.2,0.0,-0.0,0.22999999994558848,0.20000000000000284,9.750671150723562,none,0.23999999994558863,0.0,-0.010000000000000142,-0.0
R05_crossing,91,19.200000000000138,41.17000000014937,50.0,20.0,0.0,0.0,1.1999999998133195,0.0,0.0,0.5,0.0,-0.0,0.5,0.0,-0.0,1.2,0.0,-0.0,0.22999999995761797,0.20000000000000284,9.508696975113862,none,0.23999999995761812,0.0,-0.010000000000000142,-0.0
R05_crossing,92,19.40000000000014,41.41000000011636,50.0,20.0,0.0,0.0,1.1999999998545883,0.0,0.0,0.5,0.0,-0.0,0.5,0.0,-0.0,1.2,0.0,-0.0,0.22999999996699003,0.20000000000000284,9.267235986733354,none,0.23999999996699017,0.0,-0.010000000000000142,-0.0
R05_crossing,93,19.600000000000144,41.65000000009064,50.0,20.0,0.0,0.0,1.1999999998867341,0.0,0.0,0.5,0.0,-0.0,0.5,0.0,-0.0,1.2,0.0,-0.0,0.2299999999742802,0.20000000000000284,9.026324011829583,none,0.23999999997428034,0.0,-0.010000000000000142,-0.0
R05_crossing,94,19.800000000000146,41.89000000007061,50.0,20.0,0.0,0.0,1.1999999999117732,0.0,0.0,0.5,0.0,-0.0,0.5,0.0,-0.0,1.2,0.0,-0.0,0.22999999997996454,0.20000000000000284,8.786000197259257,none,0.23999999997996468,0.0,-0.010000000000000142,-0.0
R05_crossing,95,20.00000000000015,42.130000000055006,50.0,20.0,0.0,0.0,1.1999999999312772,0.0,0.0,0.5,0.0,-0.0,0.5,0.0,-0.0,1.2,0.0,-0.0,0.22999999998439832,0.20000000000000284,8.546307392109403,none,0.23999999998439847,0.0,-0.010000000000000142,-0.0
R05_crossing,96,20.200000000000152,42.37000000004285,50.0,20.0,0.0,0.0,1.1999999999464694,0.0,0.0,0.5,0.0,-0.0,0.5,0.0,-0.0,1.2,0.0,-0.0,0.22999999998784446,0.20000000000000284,8.307292581222294,none,0.2399999999878446,0.0,-0.010000000000000142,-0.0
R05_crossing,97,20.400000000000155,42.61000000003339,50.0,20.0,0.0,0.0,1.1999999999583035,0.0,0.0,0.5,0.0,-0.0,0.5,0.0,-0.0,1.2,0.0,-0.0,0.2299999999905374,0.20000000000000284,8.069007378672746,none,0.23999999999053756,0.0,-0.010000000000000142,-0.0
R05_crossing,98,20.600000000000158,42.850000000026014,50.0,20.0,0.0,0.0,1.1999999999675213,0.0,0.0,0.5,0.0,-0.0,0.5,0.0,-0.0,1.2,0.0,-0.0,0.2299999999926264,0.20000000000000284,7.831508590619144,none,0.23999999999262656,0.0,-0.010000000000000142,-0.0
R05_crossing,99,20.80000000000016,43.09000000002027,50.0,20.0,0.0,0.0,1.199999999974701,0.0,0.0,0.5,0.0,-0.0,0.5,0.0,-0.0,1.2,0.0,-0.0,0.22999999999425355,0.20000000000000284,7.59485885856815,none,0.2399999999942537,0.0,-0.010000000000000142,-0.0
R05_crossing,100,21.000000000000163,43.330000000015794,50.0,20.0,0.0,0.0,1.1999999999802937,0.0,0.0,0.5,0.0,-0.0,0.5,0.0,-0.0,1.2,0.0,-0.0,0.22999999999552542,0.20000000000000284,7.359127396000968,none,0.23999999999552557,0.0,-0.010000000000000142,-0.0
R05_crossing,101,21.200000000000166,43.5700000000123,50.0,20.0,0.0,0.0,1.19999999998465,0.0,0.0,0.5,0.0,-0.0,0.5,0.0,-0.0,1.2,0.0,-0.0,0.22999999999650597,0.20000000000000284,7.124390833554186,none,0.23999999999650612,0.0,-0.010000000000000142,-0.0
R05_crossing,102,21.40000000000017,43.81000000000958,50.0,20.0,0.0,0.0,1.1999999999880433,0.0,0.0,0.5,0.0,-0.0,0.5,0.0,-0.0,1.2,0.0,-0.0,0.22999999999728046,0.20000000000000284,6.890734190584407,none,0.2399999999972806,0.0,-0.010000000000000142,-0.0
R05_crossing,103,21.600000000000172,44.050000000007465,50.0,20.0,0.0,0.0,1.1999999999906865,0.0,0.0,0.5,0.0,-0.0,0.5,0.0,-0.0,1.2,0.0,-0.0,0.22999999999788442,0.20000000000000284,6.6582519940306994,none,0.23999999999788457,0.0,-0.010000000000000142,-0.0
R05_crossing,104,21.800000000000175,44.29000000000582,50.0,20.0,0.0,0.0,1.1999999999927455,0.0,0.0,0.5,0.0,-0.0,0.5,0.0,-0.0,1.2,0.0,-0.0,0.22999999999835338,0.20000000000000284,6.427049569079468,none,0.23999999999835353,0.0,-0.010000000000000142,-0.0
R05_crossing,105,22.000000000000178,44.530000000004534,50.0,20.0,0.0,0.0,1.1999999999943491,0.0,0.0,0.5,0.0,-0.0,0.5,0.0,-0.0,1.2,0.0,-0.0,0.22999999999871576,0.20000000000000284,6.197244530286275,none,0.2399999999987159,0.0,-0.010000000000000142,-0.0
R05_crossing,106,22.20000000000018,44.770000000003535,50.0,20.0,0.0,0.0,1.1999999999955986,0.0,0.0,0.5,0.0,-0.0,0.5,0.0,-0.0,1.2,0.0,-0.0,0.22999999999899998,0.20000000000000284,5.968968506555333,none,0.23999999999900012,0.0,-0.010000000000000142,-0.0
R05_crossing,107,22.400000000000183,45.010000000002755,50.0,20.0,0.0,0.0,1.1999999999965714,0.0,0.0,0.5,0.0,-0.0,0.5,0.0,-0.0,1.2,0.0,-0.0,0.22999999999922024,0.20000000000000284,5.7423691387263815,none,0.2399999999992204,0.0,-0.010000000000000142,-0.0
R05_crossing,108,22.600000000000186,45.250000000002146,50.0,20.0,0.0,0.0,1.1999999999973292,0.0,0.0,0.5,0.0,-0.0,0.5,0.0,-0.0,1.2,0.0,-0.0,0.22999999999939078,0.20000000000000284,5.517612394418135,none,0.23999999999939092,0.0,-0.010000000000000142,-0.0
R05_crossing,109,22.80000000000019,45.49000000000168,50.0,20.0,0.0,0.0,1.1999999999979196,0.0,0.0,0.5,0.0,-0.0,0.5,0.0,-0.0,1.2,0.0,-0.0,0.22999999999953288,0.20000000000000284,5.29488525107627,none,0.23999999999953303,0.0,-0.010000000000000142,-0.0
R05_crossing,110,23.000000000000192,45.730000000001304,50.0,20.0,0.0,0.0,1.1999999999983795,0.0,0.0,0.5,0.0,-0.0,0.5,0.0,-0.0,1.2,0.0,-0.0,0.22999999999962525,0.20000000000000284,5.074398804555571,none,0.2399999999996254,0.0,-0.010000000000000142,-0.0
R05_crossing,111,23.200000000000195,45.97000000000102,50.0,20.0,0.0,0.0,1.1999999999987376,0.0,0.0,0.5,0.0,-0.0,0.5,0.0,-0.0,1.2,0.0,-0.0,0.22999999999971762,0.20000000000000284,4.856391866453331,none,0.23999999999971777,0.0,-0.010000000000000142,-0.0
R05_crossing,112,23.400000000000198,46.210000000000804,50.0,20.0,0.0,0.0,1.1999999999990165,0.0,0.0,0.5,0.0,-0.0,0.5,0.0,-0.0,1.2,0.0,-0.0,0.22999999999978157,0.20000000000000284,4.641135117820356,none,0.23999999999978172,0.0,-0.010000000000000142,-0.0
R05_crossing,113,23.6000000000002,46.45000000000063,50.0,20.0,0.0,0.0,1.199999999999234,0.0,0.0,0.5,0.0,-0.0,0.5,0.0,-0.0,1.2,0.0,-0.0,0.2299999999998242,0.20000000000000284,4.428935888204858,none,0.23999999999982435,0.0,-0.010000000000000142,-0.0
R05_crossing,114,23.800000000000203,46.69000000000049,50.0,20.0,0.0,0.0,1.199999999999403,0.0,0.0,0.5,0.0,-0.0,0.5,0.0,-0.0,1.2,0.0,-0.0,0.22999999999985973,0.20000000000000284,4.220143624717718,none,0.23999999999985988,0.0,-0.010000000000000142,-0.0
R05_crossing,115,24.000000000000206,46.93000000000038,50.0,20.0,0.0,0.0,1.1999999999995352,0.0,0.0,0.5,0.0,-0.0,0.5,0.0,-0.0,1.2,0.0,-0.0,0.22999999999989526,0.20000000000000284,4.015156102107788,none,0.2399999999998954,0.0,-0.010000000000000142,-0.0
R05_crossing,116,24.20000000000021,47.17000000000031,50.0,20.0,0.0,0.0,1.199999999999638,0.0,0.0,0.5,0.0,-0.0,0.5,0.0,-0.0,1.2,0.0,-0.0,0.22999999999992368,0.20000000000000284,3.814426396027461,none,0.23999999999992383,0.0,-0.010000000000000142,-0.0
R05_crossing,117,24.40000000000021,47.410000000000245,50.0,20.0,0.0,0.0,1.1999999999997182,0.0,0.0,0.5,0.0,-0.0,0.5,0.0,-0.0,1.2,0.0,-0.0,0.2299999999999379,0.20000000000000284,3.6184705896267304,none,0.23999999999993804,0.0,-0.010000000000000142,-0.0
R05_crossing,118,24.600000000000215,47.6500000000002,50.0,20.0,0.0,0.0,1.1999999999997806,0.0,0.0,0.5,0.0,-0.0,0.5,0.0,-0.0,1.2,0.0,-0.0,0.2299999999999521,0.20000000000000284,3.4278760971781463,none,0.23999999999995225,0.0,-0.010000000000000142,-0.0
R05_crossing,119,24.800000000000217,47.89000000000015,50.0,20.0,0.0,0.0,1.1999999999998292,0.0,0.0,0.5,0.0,-0.0,0.5,0.0,-0.0,1.2,0.0,-0.0,0.2299999999999521,0.20000000000000284,3.2433103531099126,none,0.23999999999995225,0.0,-0.010000000000000142,-0.0
R05_crossing,120,25.00000000000022,48.13000000000013,50.0,20.0,0.0,0.0,1.1999999999998672,0.0,0.0,0.5,0.0,-0.0,0.5,0.0,-0.0,1.2,0.0,-0.0,0.22999999999998053,0.20000000000000284,3.0655294133305246,none,0.23999999999998067,0.0,-0.010000000000000142,-0.0
R05_crossing,121,25.200000000000223,48.37000000000011,50.0,20.0,0.0,0.0,1.1999999999998965,0.0,0.0,0.5,0.0,-0.0,0.5,0.0,-0.0,1.2,0.0,-0.0,0.22999999999998053,0.20000000000000284,2.8953857304121713,none,0.23999999999998067,0.0,-0.010000000000000142,-0.0
R05_crossing,122,25.400000000000226,48.61000000000009,50.0,20.0,0.0,0.0,1.1999999999999194,0.0,0.0,0.5,0.0,-0.0,0.5,0.0,-0.0,1.2,0.0,-0.0,0.22999999999998053,0.20000000000000284,2.73383398291208,none,0.23999999999998067,0.0,-0.010000000000000142,-0.0
R05_crossing,123,25.60000000000023,48.85000000000007,50.0,20.0,0.0,0.0,1.1999999999999371,0.0,0.0,0.5,0.0,-0.0,0.5,0.0,-0.0,1.2,0.0,-0.0,0.22999999999998053,0.20000000000000284,2.5819333666769833,none,0.23999999999998067,0.0,-0.010000000000000142,-0.0
R05_crossing,124,25.80000000000023,49.09000000000005,50.0,20.0,0.0,0.0,1.1999999999999509,0.0,0.0,0.5,0.0,-0.0,0.5,0.0,-0.0,1.2,0.0,-0.0,0.22999999999998053,0.20000000000000284,2.440844233147549,none,0.23999999999998067,0.0,-0.010000000000000142,-0.0
R05_crossing,125,26.000000000000234,49.330000000000034,50.0,20.0,0.0,0.0,1.1999999999999618,0.0,0.0,0.5,0.0,-0.0,0.5,0.0,-0.0,1.2,0.0,-0.0,0.22999999999998053,0.20000000000000284,2.311816489119608,none,0.23999999999998067,0.0,-0.010000000000000142,-0.0
R05_crossing,126,26.200000000000237,49.570000000000014,50.0,20.0,0.0,0.0,1.1999999999999702,0.0,0.0,0.5,0.0,-0.0,0.5,0.0,-0.0,1.2,0.0,-0.0,0.22999999999998053,0.20000000000000284,2.1961669447430774,none,0.23999999999998067,0.0,-0.010000000000000142,-0.0
R05_crossing,127,26.40000000000024,49.81000000000001,50.0,20.0,0.0,0.0,1.1999999999999769,0.0,0.0,0.5,0.0,-0.0,0.5,0.0,-0.0,1.2,0.0,-0.0,0.22999999999999474,0.20000000000000284,2.095243097371888,none,0.23999999999999488,0.0,-0.010000000000000142,-0.0
R05_crossing,128,26.600000000000243,50.05000000000002,50.0,20.0,0.0,0.0,1.199999999999982,0.0,0.0,0.5,0.0,-0.0,0.5,0.0,-0.0,1.2,0.0,-0.0,0.23000000000000895,0.20000000000000284,2.0103720032146475,none,0.2400000000000091,0.0,-0.010000000000000142,-0.0
R05_crossing,129,26.800000000000246,50.29000000000003,50.0,20.0,0.0,0.0,1.199999999999986,0.0,0.0,0.5,0.0,-0.0,0.5,0.0,-0.0,1.2,0.0,-0.0,0.23000000000000895,0.20000000000000284,1.9427951652037243,none,0.2400000000000091,0.0,-0.010000000000000142,-0.0
R05_crossing,130,27.00000000000025,50.53000000000004,50.0,20.0,0.0,0.0,1.199999999999989,0.0,0.0,0.5,0.0,-0.0,0.5,0.0,-0.0,1.2,0.0,-0.0,0.23000000000000895,0.20000000000000284,1.8935936860200653,none,0.2400000000000091,0.0,-0.010000000000000142,-0.0
R05_crossing,131,27.20000000000025,50.770000000000046,50.0,20.0,0.0,0.0,1.1999999999999915,0.0,0.0,0.5,0.0,-0.0,0.5,0.0,-0.0,1.2,0.0,-0.0,0.23000000000000895,0.20000000000000284,1.8636116753567875,none,0.2400000000000091,0.0,-0.010000000000000142,-0.0
R05_crossing,132,27.400000000000254,51.010000000000055,50.0,20.0,0.0,0.0,1.1999999999999933,0.0,0.0,0.5,0.0,-0.0,0.5,0.0,-0.0,1.2,0.0,-0.0,0.23000000000000895,0.20000000000000284,1.853388830596388,none,0.2400000000000091,0.0,-0.010000000000000142,-0.0
R05_crossing,133,27.600000000000257,51.250000000000064,50.0,20.0,0.0,0.0,1.1999999999999948,0.0,0.0,0.5,0.0,-0.0,0.5,0.0,-0.0,1.2,0.0,-0.0,0.23000000000000895,0.20000000000000284,1.8533872697489602,none,0.2400000000000091,0.0,-0.010000000000000142,-0.0
R05_crossing,134,27.80000000000026,51.49000000000007,50.0,20.0,0.0,0.0,1.1999999999999957,0.0,0.0,0.5,0.0,-0.0,0.5,0.0,-0.0,1.2,0.0,-0.0,0.23000000000000895,0.20000000000000284,1.8631137545984804,none,0.2400000000000091,0.0,-0.010000000000000142,-0.0
R05_crossing,135,28.000000000000263,51.73000000000008,50.0,20.0,0.0,0.0,1.1999999999999966,0.0,0.0,0.5,0.0,-0.0,0.5,0.0,-0.0,1.2,0.0,-0.0,0.23000000000000895,0.20000000000000284,1.892606975874536,none,0.2400000000000091,0.0,-0.010000000000000142,-0.0
R05_crossing,136,28.200000000000266,51.97000000000009,50.0,20.0,0.0,0.0,1.1999999999999975,0.0,0.0,0.5,0.0,-0.0,0.5,0.0,-0.0,1.2,0.0,-0.0,0.23000000000000895,0.20000000000000284,1.941337114303316,none,0.2400000000000091,0.0,-0.010000000000000142,-0.0
R05_crossing,137,28.40000000000027,52.2100000000001,50.0,20.0,0.0,0.0,1.1999999999999984,0.0,0.0,0.5,0.0,-0.0,0.5,0.0,-0.0,1.2,0.0,-0.0,0.23000000000000895,0.20000000000000284,2.008466912147679,none,0.2400000000000091,0.0,-0.010000000000000142,-0.0
R05_crossing,138,28.60000000000027,52.45000000000011,50.0,20.0,0.0,0.0,1.1999999999999984,0.0,0.0,0.5,0.0,-0.0,0.5,0.0,-0.0,1.2,0.0,-0.0,0.23000000000000895,0.20000000000000284,2.092920272093309,none,0.2400000000000091,0.0,-0.010000000000000142,-0.0
R05_crossing,139,28.800000000000274,52.69000000000012,50.0,20.0,0.0,0.0,1.1999999999999984,0.0,0.0,0.5,0.0,-0.0,0.5,0.0,-0.0,1.2,0.0,-0.0,0.23000000000000895,0.20000000000000284,2.1934587622817596,none,0.2400000000000091,0.0,-0.010000000000000142,-0.0
R05_crossing,140,29.000000000000277,52.93000000000013,50.0,20.0,0.0,0.0,1.1999999999999984,0.0,0.0,0.5,0.0,-0.0,0.5,0.0,-0.0,1.2,0.0,-0.0,0.23000000000000895,0.20000000000000284,2.3087566193984133,none,0.2400000000000091,0.0,-0.010000000000000142,-0.0
R05_crossing,141,29.20000000000028,53.17000000000014,50.0,20.0,0.0,0.0,1.1999999999999984,0.0,0.0,0.5,0.0,-0.0,0.5,0.0,-0.0,1.2,0.0,-0.0,0.23000000000000895,0.20000000000000284,2.437466171465039,none,0.2400000000000091,0.0,-0.010000000000000142,-0.0
R05_crossing,142,29.400000000000283,53.410000000000146,50.0,20.0,0.0,0.0,1.1999999999999984,0.0,0.0,0.5,0.0,-0.0,0.5,0.0,-0.0,1.2,0.0,-0.0,0.23000000000000895,0.20000000000000284,2.578269339033717,none,0.2400000000000091,0.0,-0.010000000000000142,-0.0
R05_crossing,143,29.600000000000286,53.650000000000155,50.0,20.0,0.0,0.0,1.1999999999999984,0.0,0.0,0.5,0.0,-0.0,0.5,0.0,-0.0,1.2,0.0,-0.0,0.23000000000000895,0.20000000000000284,2.7299142147835362,none,0.2400000000000091,0.0,-0.010000000000000142,-0.0
R05_crossing,144,29.80000000000029,53.890000000000164,50.0,20.0,0.0,0.0,1.1999999999999984,0.0,0.0,0.5,0.0,-0.0,0.5,0.0,-0.0,1.2,0.0,-0.0,0.23000000000000895,0.20000000000000284,2.8912380268022138,none,0.2400000000000091,0.0,-0.010000000000000142,-0.0
R05_crossing,145,30.00000000000029,54.13000000000017,50.0,20.0,0.0,0.0,1.1999999999999984,0.0,0.0,0.5,0.0,-0.0,0.5,0.0,-0.0,1.2,0.0,-0.0,0.23000000000000895,0.20000000000000284,3.0611789807253937,none,0.2400000000000091,0.0,-0.010000000000000142,-0.0
R05_crossing,146,30.200000000000294,54.37000000000018,50.0,20.0,0.0,0.0,1.1999999999999984,0.0,0.0,0.5,0.0,-0.0,0.5,0.0,-0.0,1.2,0.0,-0.0,0.23000000000000895,0.20000000000000284,3.238779794236582,none,0.2400000000000091,0.0,-0.010000000000000142,-0.0
R05_crossing,147,30.400000000000297,54.61000000000019,50.0,20.0,0.0,0.0,1.1999999999999984,0.0,0.0,0.5,0.0,-0.0,0.5,0.0,-0.0,1.2,0.0,-0.0,0.23000000000000895,0.20000000000000284,3.423185519126021,none,0.2400000000000091,0.0,-0.010000000000000142,-0.0
R05_crossing,148,30.6000000000003,54.8500000000002,50.0,20.0,0.0,0.0,1.1999999999999984,0.0,0.0,0.5,0.0,-0.0,0.5,0.0,-0.0,1.2,0.0,-0.0,0.23000000000000895,0.20000000000000284,3.61363777888705,none,0.2400000000000091,0.0,-0.010000000000000142,-0.0
R05_crossing,149,30.800000000000303,55.09000000000021,50.0,20.0,0.0,0.0,1.1999999999999984,0.0,0.0,0.5,0.0,-0.0,0.5,0.0,-0.0,1.2,0.0,-0.0,0.23000000000000895,0.20000000000000284,3.809467026737859,none,0.2400000000000091,0.0,-0.010000000000000142,-0.0
R05_crossing,150,31.000000000000306,55.33000000000022,50.0,20.0,0.0,0.0,1.1999999999999984,0.0,0.0,0.5,0.0,-0.0,0.5,0.0,-0.0,1.2,0.0,-0.0,0.23000000000000895,0.20000000000000284,4.010083954565978,none,0.2400000000000091,0.0,-0.010000000000000142,-0.0
R05_crossing,151,31.20000000000031,55.57000000000023,50.0,20.0,0.0,0.0,1.1999999999999984,0.0,0.0,0.5,0.0,-0.0,0.5,0.0,-0.0,1.2,0.0,-0.0,0.23000000000000895,0.20000000000000284,4.214970799563654,none,0.2400000000000091,0.0,-0.010000000000000142,-0.0
R05_crossing,152,31.40000000000031,55.81000000000024,50.0,20.0,0.0,0.0,1.1999999999999984,0.0,0.0,0.5,0.0,-0.0,0.5,0.0,-0.0,1.2,0.0,-0.0,0.23000000000000895,0.20000000000000284,4.423673007713253,none,0.2400000000000091,0.0,-0.010000000000000142,-0.0
R05_crossing,153,31.600000000000314,56.050000000000246,50.0,20.0,0.0,0.0,1.1999999999999984,0.0,0.0,0.5,0.0,-0.0,0.5,0.0,-0.0,1.2,0.0,-0.0,0.23000000000000895,0.20000000000000284,4.635791509900516,none,0.2400000000000091,0.0,-0.010000000000000142,-0.0
R05_crossing,154,31.800000000000317,56.290000000000255,50.0,20.0,0.0,0.0,1.1999999999999984,0.0,0.0,0.5,0.0,-0.0,0.5,0.0,-0.0,1.2,0.0,-0.0,0.23000000000000895,0.20000000000000284,4.850975729673323,none,0.2400000000000091,0.0,-0.010000000000000142,-0.0
R05_crossing,155,32.00000000000032,56.530000000000264,50.0,20.0,0.0,0.0,1.1999999999999984,0.0,0.0,0.5,0.0,-0.0,0.5,0.0,-0.0,1.2,0.0,-0.0,0.23000000000000895,0.20000000000000284,5.068917354195964,none,0.2400000000000091,0.0,-0.010000000000000142,-0.0
R05_crossing,156,32.20000000000031,56.77000000000027,50.0,20.0,0.0,0.0,1.1999999999999984,0.0,0.0,0.5,0.0,-0.0,0.5,0.0,-0.0,1.2,0.0,-0.0,0.23000000000000967,0.19999999999998863,5.289344847196796,none,0.2400000000000091,0.0,-0.009999999999999431,-0.0
R05_crossing,157,32.4000000000003,57.01000000000028,50.0,20.0,0.0,0.0,1.1999999999999984,0.0,0.0,0.5,0.0,-0.0,0.5,0.0,-0.0,1.2,0.0,-0.0,0.23000000000000967,0.19999999999998863,5.512018653428392,none,0.2400000000000091,0.0,-0.009999999999999431,-0.0
R05_crossing,158,32.600000000000286,57.25000000000029,50.0,20.0,0.0,0.0,1.1999999999999984,0.0,0.0,0.5,0.0,-0.0,0.5,0.0,-0.0,1.2,0.0,-0.0,0.23000000000000967,0.19999999999998863,5.736727030159955,none,0.2400000000000091,0.0,-0.009999999999999431,-0.0
R05_crossing,159,32.800000000000274,57.4900000000003,50.0,20.0,0.0,0.0,1.1999999999999984,0.0,0.0,0.5,0.0,-0.0,0.5,0.0,-0.0,1.2,0.0,-0.0,0.23000000000000967,0.19999999999998863,5.963282436772172,none,0.2400000000000091,0.0,-0.009999999999999431,-0.0
R05_crossing,160,33.00000000000026,57.73000000000031,50.0,20.0,0.0,0.0,1.1999999999999984,0.0,0.0,0.5,0.0,-0.0,0.5,0.0,-0.0,1.2,0.0,-0.0,0.23000000000000967,0.19999999999998863,6.191518414749174,none,0.2400000000000091,0.0,-0.009999999999999431,-0.0
R05_crossing,161,33.20000000000025,57.97000000000032,50.0,20.0,0.0,0.0,1.1999999999999984,0.0,0.0,0.5,0.0,-0.0,0.5,0.0,-0.0,1.2,0.0,-0.0,0.23000000000000967,0.19999999999998863,6.421286894717083,none,0.2400000000000091,0.0,-0.009999999999999431,-0.0
R05_crossing,162,33.40000000000024,58.21000000000033,50.0,20.0,0.0,0.0,1.1999999999999984,0.0,0.0,0.5,0.0,-0.0,0.5,0.0,-0.0,1.2,0.0,-0.0,0.23000000000000967,0.19999999999998863,6.652455873043106,none,0.2400000000000091,0.0,-0.009999999999999431,-0.0
R05_crossing,163,33.60000000000023,58.45000000000034,50.0,20.0,0.0,0.0,1.1999999999999984,0.0,0.0,0.5,0.0,-0.0,0.5,0.0,-0.0,1.2,0.0,-0.0,0.23000000000000967,0.19999999999998863,6.88490740688702,none,0.2400000000000091,0.0,-0.009999999999999431,-0.0
R05_crossing,164,33.80000000000022,58.690000000000346,50.0,20.0,0.0,0.0,1.1999999999999984,0.0,0.0,0.5,0.0,-0.0,0.5,0.0,-0.0,1.2,0.0,-0.0,0.23000000000000967,0.19999999999998863,7.11853588290227,none,0.2400000000000091,0.0,-0.009999999999999431,-0.0
R05_crossing,165,34.000000000000206,58.930000000000355,50.0,20.0,0.0,0.0,1.1999999999999984,0.0,0.0,0.5,0.0,-0.0,0.5,0.0,-0.0,1.2,0.0,-0.0,0.23000000000000967,0.19999999999998863,7.353246520695825,none,0.2400000000000091,0.0,-0.009999999999999431,-0.0
R05_crossing,166,34.200000000000195,59.170000000000364,50.0,20.0,0.0,0.0,1.1999999999999984,0.0,0.0,0.5,0.0,-0.0,0.5,0.0,-0.0,1.2,0.0,-0.0,0.23000000000000967,0.19999999999998863,7.58895407751962,none,0.2400000000000091,0.0,-0.009999999999999431,-0.0
R05_crossing,167,34.40000000000018,59.41000000000037,50.0,20.0,0.0,0.0,1.1999999999999984,0.0,0.0,0.5,0.0,-0.0,0.5,0.0,-0.0,1.2,0.0,-0.0,0.23000000000000967,0.19999999999998863,7.825581725427838,none,0.2400000000000091,0.0,-0.009999999999999431,-0.0
R05_crossing,168,34.60000000000017,59.65000000000038,50.0,20.0,0.0,0.0,1.1999999999999984,0.0,0.0,0.5,0.0,-0.0,0.5,0.0,-0.0,1.2,0.0,-0.0,0.23000000000000967,0.19999999999998863,8.063060076298568,none,0.2400000000000091,0.0,-0.009999999999999431,-0.0
R05_crossing,169,34.80000000000016,59.89000000000039,50.0,20.0,0.0,0.0,1.1999999999999984,0.0,0.0,0.5,0.0,-0.0,0.5,0.0,-0.0,1.2,0.0,-0.0,0.23000000000000967,0.19999999999998863,8.301326333722567,none,0.2400000000000091,0.0,-0.009999999999999431,-0.0
R05_crossing,170,35.00000000000015,60.1300000000004,50.0,20.0,0.0,0.0,1.1999999999999984,0.0,0.0,0.5,0.0,-0.0,0.5,0.0,-0.0,1.2,0.0,-0.0,0.23000000000000967,0.19999999999998863,8.540323553858459,none,0.2400000000000091,0.0,-0.009999999999999431,-0.0
R05_crossing,171,35.20000000000014,60.37000000000041,50.0,20.0,0.0,0.0,1.1999999999999984,0.0,0.0,0.5,0.0,-0.0,0.5,0.0,-0.0,1.2,0.0,-0.0,0.23000000000000967,0.19999999999998863,8.7800000000004,none,0.2400000000000091,0.0,-0.009999999999999431,-0.0
R05_crossing,172,35.40000000000013,60.61000000000042,50.0,20.0,0.0,0.0,1.1999999999999984,0.0,0.0,0.5,0.0,-0.0,0.5,0.0,-0.0,1.2,0.0,-0.0,0.23000000000000967,0.19999999999998863,9.020308577858659,none,0.2400000000000091,0.0,-0.009999999999999431,-0.0
R05_crossing,173,35.600000000000115,60.85000000000043,50.0,20.0,0.0,0.0,1.1999999999999984,0.0,0.0,0.5,0.0,-0.0,0.5,0.0,-0.0,1.2,0.0,-0.0,0.23000000000000967,0.19999999999998863,9.261206340469004,none,0.2400000000000091,0.0,-0.009999999999999431,-0.0
R05_crossing,174,35.800000000000104,61.09000000000044,50.0,20.0,0.0,0.0,1.1999999999999984,0.0,0.0,0.5,0.0,-0.0,0.5,0.0,-0.0,1.2,0.0,-0.0,0.23000000000000967,0.19999999999998863,9.502654053272423,none,0.2400000000000091,0.0,-0.009999999999999431,-0.0
R05_crossing,175,36.00000000000009,61.330000000000446,50.0,20.0,0.0,0.0,1.1999999999999984,0.0,0.0,0.5,0.0,-0.0,0.5,0.0,-0.0,1.2,0.0,-0.0,0.23000000000000967,0.19999999999998863,9.74461581128482,none,0.2400000000000091,0.0,-0.009999999999999431,-0.0
R05_crossing,176,36.20000000000008,61.570000000000455,50.0,20.0,0.0,0.0,1.1999999999999984,0.0,0.0,0.5,0.0,-0.0,0.5,0.0,-0.0,1.2,0.0,-0.0,0.23000000000000967,0.19999999999998863,9.987058701445093,none,0.2400000000000091,0.0,-0.009999999999999431,-0.0
R05_crossing,177,36.40000000000007,61.810000000000464,50.0,20.0,0.0,0.0,1.1999999999999984,0.0,0.0,0.5,0.0,-0.0,0.5,0.0,-0.0,1.2,0.0,-0.0,0.23000000000000967,0.19999999999998863,10.229952504220934,none,0.2400000000000091,0.0,-0.009999999999999431,-0.0
R05_crossing,178,36.60000000000006,62.05000000000047,50.0,20.0,0.0,0.0,1.1999999999999984,0.0,0.0,0.5,0.0,-0.0,0.5,0.0,-0.0,1.2,0.0,-0.0,0.23000000000000967,0.19999999999998863,10.473269429392765,none,0.2400000000000091,0.0,-0.009999999999999431,-0.0
R05_crossing,179,36.80000000000005,62.29000000000048,50.0,20.0,0.0,0.0,1.1999999999999984,0.0,0.0,0.5,0.0,-0.0,0.5,0.0,-0.0,1.2,0.0,-0.0,0.23000000000000967,0.19999999999998863,10.716983881650558,none,0.2400000000000091,0.0,-0.009999999999999431,-0.0
R05_crossing,180,37.000000000000036,62.53000000000049,50.0,20.0,0.0,0.0,1.1999999999999984,0.0,0.0,0.5,0.0,-0.0,0.5,0.0,-0.0,1.2,0.0,-0.0,0.23000000000000967,0.19999999999998863,10.961072252245748,none,0.2400000000000091,0.0,-0.009999999999999431,-0.0
R05_crossing,181,37.200000000000024,62.7700000000005,50.0,20.0,0.0,0.0,1.1999999999999984,0.0,0.0,0.5,0.0,-0.0,0.5,0.0,-0.0,1.2,0.0,-0.0,0.23000000000000967,0.19999999999998863,11.205512733457603,none,0.2400000000000091,0.0,-0.009999999999999431,-0.0
R05_crossing,182,37.40000000000001,63.01000000000051,50.0,20.0,0.0,0.0,1.1999999999999984,0.0,0.0,0.5,0.0,-0.0,0.5,0.0,-0.0,1.2,0.0,-0.0,0.23000000000000967,0.19999999999998863,11.4502851530744,none,0.2400000000000091,0.0,-0.009999999999999431,-0.0
R05_crossing,183,37.6,63.25000000000052,50.0,20.0,0.0,0.0,1.1999999999999984,0.0,0.0,0.5,0.0,-0.0,0.5,0.0,-0.0,1.2,0.0,-0.0,0.23000000000000967,0.19999999999998863,11.69537082646629,none,0.2400000000000091,0.0,-0.009999999999999431,-0.0
R05_crossing,184,37.79999999999999,63.49000000000053,50.0,20.0,0.0,0.0,1.1999999999999984,0.0,0.0,0.5,0.0,-0.0,0.5,0.0,-0.0,1.2,0.0,-0.0,0.23000000000000967,0.19999999999998863,11.940752424148855,none,0.2400000000000091,0.0,-0.009999999999999431,-0.0
R05_crossing,185,37.99999999999998,63.73000000000054,50.0,20.0,0.0,0.0,1.1999999999999984,0.0,0.0,0.5,0.0,-0.0,0.5,0.0,-0.0,1.2,0.0,-0.0,0.23000000000000967,0.19999999999998863,12.18641385301216,none,0.2400000000000091,0.0,-0.009999999999999431,-0.0
R05_crossing,186,38.19999999999997,63.970000000000546,50.0,20.0,0.0,0.0,1.1999999999999984,0.0,0.0,0.5,0.0,-0.0,0.5,0.0,-0.0,1.2,0.0,-0.0,0.23000000000000967,0.19999999999998863,12.432340149627002,none,0.2400000000000091,0.0,-0.009999999999999431,-0.0
R05_crossing,187,38.399999999999956,64.21000000000055,50.0,20.0,0.0,0.0,1.1999999999999984,0.0,0.0,0.5,0.0,-0.0,0.5,0.0,-0.0,1.2,0.0,-0.0,0.23000000000000256,0.19999999999998863,12.678517384243474,none,0.240000000000002,0.0,-0.009999999999999431,-0.0
R05_crossing,188,38.599999999999945,64.45000000000056,50.0,20.0,0.0,0.0,1.1999999999999984,0.0,0.0,0.5,0.0,-0.0,0.5,0.0,-0.0,1.2,0.0,-0.0,0.23000000000000967,0.19999999999998863,12.92493257427236,none,0.2400000000000091,0.0,-0.009999999999999431,-0.0
R05_crossing,189,38.79999999999993,64.69000000000057,50.0,20.0,0.0,0.0,1.1999999999999984,0.0,0.0,0.5,0.0,-0.0,0.5,0.0,-0.0,1.2,0.0,-0.0,0.23000000000000967,0.19999999999998863,13.171573606191,none,0.2400000000000091,0.0,-0.009999999999999431,-0.0
R05_crossing,190,38.99999999999992,64.93000000000058,50.0,20.0,0.0,0.0,1.1999999999999984,0.0,0.0,0.5,0.0,-0.0,0.5,0.0,-0.0,1.2,0.0,-0.0,0.23000000000000967,0.19999999999998863,13.418429164945879,none,0.2400000000000091,0.0,-0.009999999999999431,-0.0
R05_crossing,191,39.19999999999991,65.17000000000058,50.0,20.0,0.0,0.0,1.1999999999999984,0.0,0.0,0.5,0.0,-0.0,0.5,0.0,-0.0,1.2,0.0,-0.0,0.23000000000000967,0.19999999999998863,13.665488670037515,none,0.2400000000000091,0.0,-0.009999999999999431,-0.0
R05_crossing,192,39.3999999999999,65.4100000000006,50.0,20.0,0.0,0.0,1.1999999999999984,0.0,0.0,0.5,0.0,-0.0,0.5,0.0,-0.0,1.2,0.0,-0.0,0.23000000000000967,0.19999999999998863,13.91274221757106,none,0.2400000000000091,0.0,-0.009999999999999431,-0.0
R05_crossing,193,39.59999999999989,65.6500000000006,50.0,20.0,0.0,0.0,1.1999999999999984,0.0,0.0,0.5,0.0,-0.0,0.5,0.0,-0.0,1.2,0.0,-0.0,0.23000000000000967,0.19999999999998863,14.160180527641417,none,0.2400000000000091,0.0,-0.009999999999999431,-0.0
R05_crossing,194,39.799999999999876,65.89000000000061,50.0,20.0,0.0,0.0,1.1999999999999984,0.0,0.0,0.5,0.0,-0.0,0.5,0.0,-0.0,1.2,0.0,-0.0,0.23000000000000967,0.19999999999998863,14.407794896495766,none,0.2400000000000091,0.0,-0.009999999999999431,-0.0
R05_crossing,195,39.999999999999865,66.13000000000062,50.0,20.0,0.0,0.0,1.1999999999999984,0.0,0.0,0.5,0.0,-0.0,0.5,0.0,-0.0,1.2,0.0,-0.0,0.23000000000000967,0.19999999999998863,14.655577152981051,none,0.2400000000000091,0.0,-0.009999999999999431,-0.0
R05_crossing,196,40.199999999999854,66.37000000000063,50.0,20.0,0.0,0.0,1.1999999999999984,0.0,0.0,0.5,0.0,-0.0,0.5,0.0,-0.0,1.2,0.0,-0.0,0.23000000000000967,0.19999999999998863,14.903519618840408,none,0.2400000000000091,0.0,-0.009999999999999431,-0.0
R05_crossing,197,40.39999999999984,66.61000000000064,50.0,20.0,0.0,0.0,1.1999999999999984,0.0,0.0,0.5,0.0,-0.0,0.5,0.0,-0.0,1.2,0.0,-0.0,0.23000000000000967,0.19999999999998863,15.151615072471879,none,0.2400000000000091,0.0,-0.009999999999999431,-0.0
R05_crossing,198,40.59999999999983,66.85000000000065,50.0,20.0,0.0,0.0,1.1999999999999984,0.0,0.0,0.5,0.0,-0.0,0.5,0.0,-0.0,1.2,0.0,-0.0,0.23000000000000967,0.19999999999998863,15.399856715806022,none,0.2400000000000091,0.0,-0.009999999999999431,-0.0
R05_crossing,199,40.79999999999982,67.09000000000066,50.0,20.0,0.0,0.0,1.1999999999999984,0.0,0.0,0.5,0.0,-0.0,0.5,0.0,-0.0,1.2,0.0,-0.0,0.23000000000000967,0.19999999999998863,15.648238143996961,none,0.2400000000000091,0.0,-0.009999999999999431,-0.0
R05_crossing,200,40.99999999999981,67.33000000000067,50.0,20.0,0.0,0.0,1.1999999999999984,0.0,0.0,0.5,0.0,-0.0,0.5,0.0,-0.0,1.2,0.0,-0.0,0.23000000000000967,0.19999999999998863,15.896753317654726,none,0.2400000000000091,0.0,-0.009999999999999431,-0.0
R05_crossing,201,41.1999999999998,67.57000000000068,50.0,20.0,0.0,0.0,1.1999999999999984,0.0,0.0,0.5,0.0,-0.0,0.5,0.0,-0.0,1.2,0.0,-0.0,0.23000000000000967,0.19999999999998863,16.145396537376207,none,0.2400000000000091,0.0,-0.009999999999999431,-0.0
R05_crossing,202,41.399999999999785,67.81000000000068,50.0,20.0,0.0,0.0,1.1999999999999984,0.0,0.0,0.5,0.0,-0.0,0.5,0.0,-0.0,1.2,0.0,-0.0,0.23000000000000967,0.19999999999998863,16.394162420357755,none,0.2400000000000091,0.0,-0.009999999999999431,-0.0
R05_crossing,203,41.599999999999774,68.0500000000007,50.0,20.0,0.0,0.0,1.1999999999999984,0.0,0.0,0.5,0.0,-0.0,0.5,0.0,-0.0,1.2,0.0,-0.0,0.23000000000000967,0.19999999999998863,16.643045878895478,none,0.2400000000000091,0.0,-0.009999999999999431,-0.0
R05_crossing,204,41.79999999999976,68.2900000000007,50.0,20.0,0.0,0.0,1.1999999999999984,0.0,0.0,0.5,0.0,-0.0,0.5,0.0,-0.0,1.2,0.0,-0.0,0.23000000000000967,0.19999999999998863,16.892042100599337,none,0.2400000000000091,0.0,-0.009999999999999431,-0.0
R05_crossing,205,41.99999999999975,68.53000000000071,50.0,20.0,0.0,0.0,1.1999999999999984,0.0,0.0,0.5,0.0,-0.0,0.5,0.0,-0.0,1.2,0.0,-0.0,0.23000000000000967,0.19999999999998863,17.141146530165184,none,0.2400000000000091,0.0,-0.009999999999999431,-0.0
R05_crossing,206,42.19999999999974,68.77000000000072,50.0,20.0,0.0,0.0,1.1999999999999984,0.0,0.0,0.5,0.0,-0.0,0.5,0.0,-0.0,1.2,0.0,-0.0,0.23000000000000967,0.19999999999998863,17.390354852564585,none,0.2400000000000091,0.0,-0.009999999999999431,-0.0
R05_crossing,207,42.39999999999973,69.01000000000073,50.0,20.0,0.0,0.0,1.1999999999999984,0.0,0.0,0.5,0.0,-0.0,0.5,0.0,-0.0,1.2,0.0,-0.0,0.23000000000000967,0.19999999999998863,17.63966297752654,none,0.2400000000000091,0.0,-0.009999999999999431,-0.0
R05_crossing,208,42.59999999999972,69.25000000000074,50.0,20.0,0.0,0.0,1.1999999999999984,0.0,0.0,0.5,0.0,-0.0,0.5,0.0,-0.0,1.2,0.0,-0.0,0.23000000000000967,0.19999999999998863,17.88906702519754,none,0.2400000000000091,0.0,-0.009999999999999431,-0.0
R05_crossing,209,42.799999999999706,69.49000000000075,50.0,20.0,0.0,0.0,1.1999999999999984,0.0,0.0,0.5,0.0,-0.0,0.5,0.0,-0.0,1.2,0.0,-0.0,0.23000000000000967,0.19999999999998863,18.13856331287775,none,0.2400000000000091,0.0,-0.009999999999999431,-0.0
R05_crossing,210,42.999999999999694,69.73000000000076,50.0,20.0,0.0,0.0,1.1999999999999984,0.0,0.0,0.5,0.0,-0.0,0.5,0.0,-0.0,1.2,0.0,-0.0,0.23000000000000967,0.19999999999998863,18.388148342740912,none,0.2400000000000091,0.0,-0.009999999999999431,-0.0
R05_crossing,211,43.19999999999968,69.97000000000077,50.0,20.0,0.0,0.0,1.1999999999999984,0.0,0.0,0.5,0.0,-0.0,0.5,0.0,-0.0,1.2,0.0,-0.0,0.23000000000000967,0.19999999999998863,18.637818790454528,none,0.2400000000000091,0.0,-0.009999999999999431,-0.0
R05_crossing,212,43.39999999999967,70.21000000000078,50.0,20.0,0.0,0.0,1.1999999999999984,0.0,0.0,0.5,0.0,-0.0,0.5,0.0,-0.0,1.2,0.0,-0.0,0.23000000000000967,0.19999999999998863,18.88757149462475,none,0.2400000000000091,0.0,-0.009999999999999431,-0.0
R05_crossing,213,43.59999999999966,70.45000000000078,50.0,20.0,0.0,0.0,1.1999999999999984,0.0,0.0,0.5,0.0,-0.0,0.5,0.0,-0.0,1.2,0.0,-0.0,0.23000000000000967,0.19999999999998863,19.13740344699761,none,0.2400000000000091,0.0,-0.009999999999999431,-0.0
R05_crossing,214,43.79999999999965,70.6900000000008,50.0,20.0,0.0,0.0,1.1999999999999984,0.0,0.0,0.5,0.0,-0.0,0.5,0.0,-0.0,1.2,0.0,-0.0,0.23000000000000967,0.19999999999998863,19.387311783354438,none,0.2400000000000091,0.0,-0.009999999999999431,-0.0
R05_crossing,215,43.99999999999964,70.9300000000008,50.0,20.0,0.0,0.0,1.1999999999999984,0.0,0.0,0.5,0.0,-0.0,0.5,0.0,-0.0,1.2,0.0,-0.0,0.23000000000000967,0.19999999999998863,19.637293775045226,none,0.2400000000000091,0.0,-0.009999999999999431,-0.0
R05_crossing,216,44.199999999999626,71.17000000000081,50.0,20.0,0.0,0.0,1.1999999999999984,0.0,0.0,0.5,0.0,-0.0,0.5,0.0,-0.0,1.2,0.0,-0.0,0.23000000000000967,0.19999999999998863,19.887346821108643,none,0.2400000000000091,0.0,-0.009999999999999431,-0.0
R05_crossing,217,44.399999999999615,71.41000000000082,50.0,20.0,0.0,0.0,1.1999999999999984,0.0,0.0,0.5,0.0,-0.0,0.5,0.0,-0.0,1.2,0.0,-0.0,0.23000000000000967,0.19999999999998863,20.13746844093214,none,0.2400000000000091,0.0,-0.009999999999999431,-0.0
R05_crossing,218,44.5999999999996,71.65000000000083,50.0,20.0,0.0,0.0,1.1999999999999984,0.0,0.0,0.5,0.0,-0.0,0.5,0.0,-0.0,1.2,0.0,-0.0,0.23000000000000967,0.19999999999998863,20.387656267409696,none,0.2400000000000091,0.0,-0.009999999999999431,-0.0
R05_crossing,219,44.79999999999959,71.89000000000084,50.0,20.0,0.0,0.0,1.1999999999999984,0.0,0.0,0.5,0.0,-0.0,0.5,0.0,-0.0,1.2,0.0,-0.0,0.23000000000000967,0.19999999999998863,20.637908040558504,none,0.2400000000000091,0.0,-0.009999999999999431,-0.0
R05_crossing,220,44.99999999999958,72.13000000000085,50.0,20.0,0.0,0.0,1.1999999999999984,0.0,0.0,0.5,0.0,-0.0,0.5,0.0,-0.0,1.2,0.0,-0.0,0.23000000000000967,0.19999999999998863,20.888221601559298,none,0.2400000000000091,0.0,-0.009999999999999431,-0.0
R05_crossing,221,45.19999999999957,72.37000000000086,50.0,20.0,0.0,0.0,1.1999999999999984,0.0,0.0,0.5,0.0,-0.0,0.5,0.0,-0.0,1.2,0.0,-0.0,0.23000000000000967,0.19999999999998863,21.138594887188038,none,0.2400000000000091,0.0,-0.009999999999999431,-0.0
R05_crossing,222,45.39999999999956,72.61000000000087,50.0,20.0,0.0,0.0,1.1999999999999984,0.0,0.0,0.5,0.0,-0.0,0.5,0.0,-0.0,1.2,0.0,-0.0,0.23000000000000967,0.19999999999998863,21.389025924609467,none,0.2400000000000091,0.0,-0.009999999999999431,-0.0
R05_crossing,223,45.59999999999955,72.85000000000088,50.0,20.0,0.0,0.0,1.1999999999999984,0.0,0.0,0.5,0.0,-0.0,0.5,0.0,-0.0,1.2,0.0,-0.0,0.23000000000000967,0.19999999999998863,21.63951282650554,none,0.2400000000000091,0.0,-0.009999999999999431,-0.0
R05_crossing,224,45.799999999999535,73.09000000000088,50.0,20.0,0.0,0.0,1.1999999999999984,0.0,0.0,0.5,0.0,-0.0,0.5,0.0,-0.0,1.2,0.0,-0.0,0.23000000000000967,0.19999999999998863,21.890053786514006,none,0.2400000000000091,0.0,-0.009999999999999431,-0.0
R05_crossing,225,45.999999999999524,73.3300000000009,50.0,20.0,0.0,0.0,1.1999999999999984,0.0,0.0,0.5,0.0,-0.0,0.5,0.0,-0.0,1.2,0.0,-0.0,0.23000000000000967,0.19999999999998863,22.140647074954437,none,0.2400000000000091,0.0,-0.009999999999999431,-0.0
R05_crossing,226,46.19999999999951,73.5700000000009,50.0,20.0,0.0,0.0,1.1999999999999984,0.0,0.0,0.5,0.0,-0.0,0.5,0.0,-0.0,1.2,0.0,-0.0,0.23000000000000967,0.19999999999998863,22.391291034820895,none,0.2400000000000091,0.0,-0.009999999999999431,-0.0
R05_crossing,227,46.3999999999995,73.81000000000091,50.0,20.0,0.0,0.0,1.1999999999999984,0.0,0.0,0.5,0.0,-0.0,0.5,0.0,-0.0,1.2,0.0,-0.0,0.23000000000000967,0.19999999999998863,22.641984078022148,none,0.2400000000000091,0.0,-0.009999999999999431,-0.0
R05_crossing,228,46.59999999999949,74.05000000000092,50.0,20.0,0.0,0.0,1.1999999999999984,0.0,0.0,0.5,0.0,-0.0,0.5,0.0,-0.0,1.2,0.0,-0.0,0.23000000000000967,0.19999999999998863,22.89272468185187,none,0.2400000000000091,0.0,-0.009999999999999431,-0.0
R05_crossing,229,46.79999999999948,74.29000000000093,50.0,20.0,0.0,0.0,1.1999999999999984,0.0,0.0,0.5,0.0,-0.0,0.5,0.0,-0.0,1.2,0.0,-0.0,0.23000000000000967,0.19999999999998863,23.143511385672557,none,0.2400000000000091,0.0,-0.009999999999999431,-0.0
R05_crossing,230,46.99999999999947,74.53000000000094,50.0,20.0,0.0,0.0,1.1999999999999984,0.0,0.0,0.5,0.0,-0.0,0.5,0.0,-0.0,1.2,0.0,-0.0,0.23000000000000967,0.19999999999998863,23.39434278779844,none,0.2400000000000091,0.0,-0.009999999999999431,-0.0
R05_crossing,231,47.199999999999456,74.77000000000095,50.0,20.0,0.0,0.0,1.1999999999999984,0.0,0.0,0.5,0.0,-0.0,0.5,0.0,-0.0,1.2,0.0,-0.0,0.23000000000000967,0.19999999999998863,23.6452175425635,none,0.2400000000000091,0.0,-0.009999999999999431,-0.0
R05_crossing,232,47.399999999999444,75.01000000000096,50.0,20.0,0.0,0.0,1.1999999999999984,0.0,0.0,0.5,0.0,-0.0,0.5,0.0,-0.0,1.2,0.0,-0.0,0.23000000000000967,0.19999999999998863,23.896134357562065,none,0.2400000000000091,0.0,-0.009999999999999431,-0.0
R05_crossing,233,47.59999999999943,75.25000000000097,50.0,20.0,0.0,0.0,1.1999999999999984,0.0,0.0,0.5,0.0,-0.0,0.5,0.0,-0.0,1.2,0.0,-0.0,0.23000000000000967,0.19999999999998863,24.147091991050218,none,0.2400000000000091,0.0,-0.009999999999999431,-0.0
R05_crossing,234,47.79999999999942,75.49000000000098,50.0,20.0,0.0,0.0,1.1999999999999984,0.0,0.0,0.5,0.0,-0.0,0.5,0.0,-0.0,1.2,0.0,-0.0,0.23000000000000967,0.19999999999998863,24.398089249497307,none,0.2400000000000091,0.0,-0.009999999999999431,-0.0
R05_crossing,235,47.99999999999941,75.73000000000098,50.0,20.0,0.0,0.0,1.1999999999999984,0.0,0.0,0.5,0.0,-0.0,0.5,0.0,-0.0,1.2,0.0,-0.0,0.23000000000000967,0.19999999999998863,24.649124985277492,none,0.2400000000000091,0.0,-0.009999999999999431,-0.0
R05_crossing,236,48.1999999999994,75.970000000001,50.0,20.0,0.0,0.0,1.1999999999999984,0.0,0.0,0.5,0.0,-0.0,0.5,0.0,-0.0,1.2,0.0,-0.0,0.23000000000000967,0.19999999999998863,24.900198094492197,none,0.2400000000000091,0.0,-0.009999999999999431,-0.0
R05_crossing,237,48.39999999999939,76.210000000001,50.0,20.0,0.0,0.0,1.1999999999999984,0.0,0.0,0.5,0.0,-0.0,0.5,0.0,-0.0,1.2,0.0,-0.0,0.23000000000000967,0.19999999999998863,25.15130751491487,none,0.2400000000000091,0.0,-0.009999999999999431,-0.0
R05_crossing,238,48.599999999999376,76.45000000000101,50.0,20.0,0.0,0.0,1.1999999999999984,0.0,0.0,0.5,0.0,-0.0,0.5,0.0,-0.0,1.2,0.0,-0.0,0.23000000000000967,0.19999999999998863,25.402452224050133,none,0.2400000000000091,0.0,-0.009999999999999431,-0.0
R05_crossing,239,48.799999999999365,76.69000000000102,50.0,20.0,0.0,0.0,1.1999999999999984,0.0,0.0,0.5,0.0,-0.0,0.5,0.0,-0.0,1.2,0.0,-0.0,0.23000000000000967,0.19999999999998863,25.65363123730004,none,0.2400000000000091,0.0,-0.009999999999999431,-0.0
R05_crossing,240,48.99999999999935,76.93000000000103,50.0,20.0,0.0,0.0,1.1999999999999984,0.0,0.0,0.5,0.0,-0.0,0.5,0.0,-0.0,1.2,0.0,-0.0,0.23000000000000967,0.19999999999998863,25.904843606230585,none,0.2400000000000091,0.0,-0.009999999999999431,-0.0
R05_crossing,241,49.19999999999934,77.17000000000104,50.0,20.0,0.0,0.0,1.1999999999999984,0.0,0.0,0.5,0.0,-0.0,0.5,0.0,-0.0,1.2,0.0,-0.0,0.23000000000000967,0.19999999999998863,26.156088416932164,none,0.2400000000000091,0.0,-0.009999999999999431,-0.0
R05_crossing,242,49.39999999999933,77.41000000000105,50.0,20.0,0.0,0.0,1.1999999999999984,0.0,0.0,0.5,0.0,-0.0,0.5,0.0,-0.0,1.2,0.0,-0.0,0.23000000000000967,0.19999999999998863,26.407364788468147,none,0.2400000000000091,0.0,-0.009999999999999431,-0.0
R05_crossing,243,49.59999999999932,77.65000000000106,50.0,20.0,0.0,0.0,1.1999999999999984,0.0,0.0,0.5,0.0,-0.0,0.5,0.0,-0.0,1.2,0.0,-0.0,0.23000000000000967,0.19999999999998863,26.65867187140606,none,0.2400000000000091,0.0,-0.009999999999999431,-0.0
R05_crossing,244,49.79999999999931,77.89000000000107,50.0,20.0,0.0,0.0,1.1999999999999984,0.0,0.0,0.5,0.0,-0.0,0.5,0.0,-0.0,1.2,0.0,-0.0,0.23000000000000967,0.19999999999998863,26.910008846426333,none,0.2400000000000091,0.0,-0.009999999999999431,-0.0
R05_crossing,245,49.89166666666508,78.0,50.0,20.0,0.0,0.0,1.1999999999999984,0.0,0.0,0.5,0.0,-0.0,0.5,0.0,-0.0,1.2,0.0,-0.0,100.10541666666565,0.09166666666577328,27.161374923003912,goal_success,0.10999999999893362,100.0,-0.004583333333288664,-0.0
R06_head_on_vertical_offset,0,1.0,20.30000000000001,50.0,20.0,0.0,0.0,0.3,0.0,0.0,,,,,,,,,,,,,,,,,
R06_head_on_vertical_offset,1,1.2000000000000002,20.37000000000001,50.0,20.0,0.0,0.0,0.4000000000000001,0.0,0.0,0.5,0.0,-0.0,0.5,0.0,-0.0,1.2,0.0,-0.0,0.015000000000000277,0.20000000000000018,38.00381175947246,none,0.07000000000000028,0.0,-0.010000000000000009,-0.045
R06_head_on_vertical_offset,2,1.4000000000000004,20.46000000000001,50.0,20.0,0.0,0.0,0.5000000000000001,0.0,0.0,0.5,0.0,-0.0,0.5,0.0,-0.0,1.2,0.0,-0.0,0.0799999999999963,0.20000000000000018,37.834695992185424,none,0.0899999999999963,0.0,-0.010000000000000009,-0.0
R06_head_on_vertical_offset,3,1.6000000000000005,20.570000000000014,50.0,20.0,0.0,0.0,0.6000000000000002,0.0,0.0,0.5,0.0,-0.0,0.5,0.0,-0.0,1.2,0.0,-0.0,0.10000000000000653,0.20000000000000018,37.645693351958634,none,0.11000000000000654,0.0,-0.010000000000000009,-0.0
R06_head_on_vertical_offset,4,1.8000000000000007,20.700000000000014,50.0,20.0,0.0,0.0,0.7000000000000003,0.0,0.0,0.5,0.0,-0.0,0.5,0.0,-0.0,1.2,0.0,-0.0,0.12000000000000255,0.20000000000000018,37.4368070353824,none,0.13000000000000256,0.0,-0.010000000000000009,-0.0
R06_head_on_vertical_offset,5,2.000000000000001,20.850000000000012,50.0,20.0,0.0,0.0,0.8000000000000004,0.0,0.0,0.5,0.0,-0.0,0.5,0.0,-0.0,1.2,0.0,-0.0,0.13999999999999146,0.20000000000000018,37.20804066598807,none,0.14999999999999147,0.0,-0.010000000000000009,-0.0
R06_head_on_vertical_offset,6,2.2,21.019258765582936,50.0,20.0,0.0,0.0,0.888426543021342,0.0,0.0,0.5,0.0,-0.0,0.5,0.0,-0.0,1.2,0.0,-0.0,0.15925876558292434,0.1999999999999993,36.96013550761728,none,0.1692587655829243,0.0,-0.009999999999999966,-0.0
R06_head_on_vertical_offset,7,2.3999999999999995,21.20415603818727,50.0,20.0,0.0,0.0,0.9573049522659207,0.0,0.0,0.5,0.0,-0.0,0.5,0.0,-0.0,1.2,0.0,-0.0,0.17489727260433857,0.1999999999999993,36.69669615489141,none,0.18489727260433853,0.0,-0.009999999999999966,-0.0
R06_head_on_vertical_offset,8,2.5999999999999988,21.401234670028224,50.0,20.0,0.0,0.0,1.010956662464731,0.0,0.0,0.5,0.0,-0.0,0.5,0.0,-0.0,1.2,0.0,-0.0,0.18707863184095236,0.1999999999999993,36.42116430707263,none,0.1970786318409523,0.0,-0.009999999999999966,-0.0
R06_head_on_vertical_offset,9,2.799999999999998,21.6078017723893,50.0,20.0,0.0,0.0,1.0527477845133824,0.0,0.0,0.5,0.0,-0.0,0.5,0.0,-0.0,1.2,0.0,-0.0,0.1965671023610776,0.1999999999999993,36.13622094474572,none,0.20656710236107756,0.0,-0.009999999999999966,-0.0
R06_head_on_vertical_offset,10,2.9999999999999973,21.821759763653873,50.0,20.0,0.0,0.0,1.0853002954326707,0.0,0.0,0.5,0.0,-0.0,0.5,0.0,-0.0,1.2,0.0,-0.0,0.20395799126457154,0.1999999999999993,35.84395449501053,none,0.2139579912645715,0.0,-0.009999999999999966,-0.0
R06_head_on_vertical_offset,11,3.1999999999999966,22.041474766932957,50.0,20.0,0.0,0.0,1.1106565413338159,0.0,0.0,0.5,0.0,-0.0,0.5,0.0,-0.0,1.2,0.0,-0.0,0.2097150032790845,0.1999999999999993,35.545991832077384,none,0.21971500327908444,0.0,-0.009999999999999966,-0.0
R06_head_on_vertical_offset,12,3.399999999999996,22.265674100550115,50.0,20.0,0.0,0.0,1.130407374312368,0.0,0.0,0.5,0.0,-0.0,0.5,0.0,-0.0,1.2,0.0,-0.0,0.21419933361715754,0.1999999999999993,35.24360032354531,none,0.2241993336171575,0.0,-0.009999999999999966,-0.0
R06_head_on_vertical_offset,13,3.599999999999995,22.49336642993144,50.0,20.0,0.0,0.0,1.1457919625857067,0.0,0.0,0.5,0.0,-0.0,0.5,0.0,-0.0,1.2,0.0,-0.0,0.21769232938132693,0.1999999999999993,34.937767320098104,none,0.22769232938132689,0.0,-0.009999999999999966,-0.0
R06_head_on_vertical_offset,14,3.7999999999999945,22.723779571226405,50.0,20.0,0.0,0.0,1.1577755359670006,0.0,0.0,0.5,0.0,-0.0,0.5,0.0,-0.0,1.2,0.0,-0.0,0.2204131412949602,0.1999999999999993,34.62926207346434,none,0.23041314129496016,0.0,-0.009999999999999966,-0.0
R06_head_on_vertical_offset,15,3.999999999999994,22.956312044455668,50.0,20.0,0.0,0.0,1.1671099444304183,0.0,0.0,0.5,0.0,-0.0,0.5,0.0,-0.0,1.2,0.0,-0.0,0.22253247322927,0.1999999999999993,34.318683966330745,none,0.23253247322926995,0.0,-0.009999999999999966,-0.0
R06_head_on_vertical_offset,16,4.199999999999993,23.19049533662807,50.0,20.0,0.0,0.0,1.1743808292149132,0.0,0.0,0.5,0.0,-0.0,0.5,0.0,-0.0,1.2,0.0,-0.0,0.22418329217240346,0.1999999999999993,34.00650007981349,none,0.2341832921724034,0.0,-0.009999999999999966,-0.0
R06_head_on_vertical_offset,17,4.399999999999992,23.425964507212875,50.0,20.0,0.0,0.0,1.1800443659839095,0.0,0.0,0.5,0.0,-0.0,0.5,0.0,-0.0,1.2,0.0,-0.0,0.22546917058479982,0.1999999999999993,33.6930744554901,none,0.23546917058479977,0.0,-0.009999999999999966,-0.0
R06_head_on_vertical_offset,18,4.599999999999992,23.662435291753194,50.0,20.0,0.0,0.0,1.1844558853085145,0.0,0.0,0.5,0.0,-0.0,0.5,0.0,-0.0,1.2,0.0,-0.0,0.22647078454032316,0.1999999999999993,33.37869088807776,none,0.2364707845403231,0.0,-0.009999999999999966,-0.0
R06_head_on_vertical_offset,19,4.799999999999991,23.8996862671002,50.0,20.0,0.0,0.0,1.1878921661247526,0.0,0.0,0.5,0.0,-0.0,0.5,0.0,-0.0,1.2,0.0,-0.0,0.22725097534700273,0.1999999999999993,33.06357067901322,none,0.23725097534700268,0.0,-0.009999999999999966,-0.0
R06_head_on_vertical_offset,20,4.99999999999999,24.13754495931407,50.0,20.0,0.0,0.0,1.1905688008574147,0.0,0.0,0.5,0.0,-0.0,0.5,0.0,-0.0,1.2,0.0,-0.0,0.2278586922138695,0.1999999999999993,32.74788646503555,none,0.23785869221386946,0.0,-0.009999999999999966,-0.0
R06_head_on_vertical_offset,21,5.1999999999999895,24.37587702264062,50.0,20.0,0.0,0.0,1.1926537216992266,0.0,0.0,0.5,0.0,-0.0,0.5,0.0,-0.0,1.2,0.0,-0.0,0.2283320633265527,0.1999999999999993,32.43177298958992,none,0.23833206332655266,0.0,-0.009999999999999966,-0.0
R06_head_on_vertical_offset,22,5.399999999999989,24.6145778106522,50.0,20.0,0.0,0.0,1.194277736684752,0.0,0.0,0.5,0.0,-0.0,0.5,0.0,-0.0,1.2,0.0,-0.0,0.2287007880115775,0.1999999999999993,32.11533549301998,none,0.23870078801157746,0.0,-0.009999999999999966,-0.0
R06_head_on_vertical_offset,23,5.599999999999988,24.85356581072575,50.0,20.0,0.0,0.0,1.1955427365928148,0.0,0.0,0.5,0.0,-0.0,0.5,0.0,-0.0,1.2,0.0,-0.0,0.22898800007355452,0.1999999999999993,31.79865624807458,none,0.23898800007355447,0.0,-0.009999999999999966,-0.0
R06_head_on_vertical_offset,24,5.799999999999987,25.092777529936885,50.0,20.0,0.0,0.0,1.1965280875788973,0.0,0.0,0.5,0.0,-0.0,0.5,0.0,-0.0,1.2,0.0,-0.0,0.2292117192111272,0.1999999999999993,31.481799650847087,none,0.23921171921112716,0.0,-0.009999999999999966,-0.0
R06_head_on_vertical_offset,25,5.999999999999987,25.332163511510743,50.0,20.0,0.0,0.0,1.1972956106115746,0.0,0.0,0.5,0.0,-0.0,0.5,0.0,-0.0,1.2,0.0,-0.0,0.22938598157386086,0.1999999999999993,31.164816186591835,none,0.23938598157386082,0.0,-0.009999999999999966,-0.0
R06_head_on_vertical_offset,26,6.199999999999986,25.57168523190154,50.0,20.0,0.0,0.0,1.1978934601230797,0.0,0.0,0.5,0.0,-0.0,0.5,0.0,-0.0,1.2,0.0,-0.0,0.2295217203907976,0.1999999999999993,30.847745519235865,none,0.23952172039079755,0.0,-0.009999999999999966,-0.0
R06_head_on_vertical_offset,27,6.399999999999985,25.811312683823434,50.0,20.0,0.0,0.0,1.1983591452207114,0.0,0.0,0.5,0.0,-0.0,0.5,0.0,-0.0,1.2,0.0,-0.0,0.22962745192189066,0.1999999999999993,30.530618898390962,none,0.2396274519218906,0.0,-0.009999999999999966,-0.0
R06_head_on_vertical_offset,28,6.5999999999999845,26.05102249359197,50.0,20.0,0.0,0.0,1.1987218830100428,0.0,0.0,0.5,0.0,-0.0,0.5,0.0,-0.0,1.2,0.0,-0.0,0.22970980976854155,0.1999999999999993,30.21346103482218,none,0.2397098097685415,0.0,-0.009999999999999966,-0.0
R06_head_on_vertical_offset,29,6.799999999999984,26.29079645465797,50.0,20.0,0.0,0.0,1.1990044316775397,0.0,0.0,0.5,0.0,-0.0,0.5,0.0,-0.0,1.2,0.0,-0.0,0.22977396106599263,0.1999999999999993,29.8962915619536,none,0.23977396106599258,0.0,-0.009999999999999966,-0.0
R06_head_on_vertical_offset,30,6.999999999999983,26.530620385327772,50.0,20.0,0.0,0.0,1.1992245183402814,0.0,0.0,0.5,0.0,-0.0,0.5,0.0,-0.0,1.2,0.0,-0.0,0.22982393066980739,0.1999999999999993,29.579126174996368,none,0.23982393066980734,0.0,-0.009999999999999966,-0.0
R06_head_on_vertical_offset,31,7.199999999999982,26.770483239003084,50.0,20.0,0.0,0.0,1.199395951246145,0.0,0.0,0.5,0.0,-0.0,0.5,0.0,-0.0,1.2,0.0,-0.0,0.22986285367531228,0.1999999999999993,29.261977519036652,none,0.23986285367531224,0.0,-0.009999999999999966,-0.0
R06_head_on_vertical_offset,32,7.399999999999982,27.010376411116845,50.0,20.0,0.0,0.0,1.1995294861039445,0.0,0.0,0.5,0.0,-0.0,0.5,0.0,-0.0,1.2,0.0,-0.0,0.2298931721137601,0.1999999999999993,28.944855881650597,none,0.23989317211376004,0.0,-0.009999999999999966,-0.0
R06_head_on_vertical_offset,33,7.599999999999981,27.250293199282304,50.0,20.0,0.0,0.0,1.1996335008971237,0.0,0.0,0.5,0.0,-0.0,0.5,0.0,-0.0,1.2,0.0,-0.0,0.22991678816545918,0.1999999999999993,28.627769733330446,none,0.23991678816545914,0.0,-0.009999999999999966,-0.0
R06_head_on_vertical_offset,34,7.79999999999998,27.490228382784924,50.0,20.0,0.0,0.0,1.1997145215188432,0.0,0.0,0.5,0.0,-0.0,0.5,0.0,-0.0,1.2,0.0,-0.0,0.2299351835026167,0.1999999999999993,28.310726149439297,none,0.23993518350261667,0.0,-0.009999999999999966,-0.0
R06_head_on_vertical_offset,35,7.99999999999998,27.730177895034533,50.0,20.0,0.0,0.0,1.1997776312068325,0.0,0.0,0.5,0.0,-0.0,0.5,0.0,-0.0,1.2,0.0,-0.0,0.2299495122496092,0.1999999999999993,27.99373113996088,none,0.23994951224960914,0.0,-0.009999999999999966,-0.0
R06_head_on_vertical_offset,36,8.199999999999982,27.970138568427224,50.0,20.0,0.0,0.0,1.1998267894659715,0.0,0.0,0.5,0.0,-0.0,0.5,0.0,-0.0,1.2,0.0,-0.0,0.22996067339269435,0.20000000000000195,27.676789907507967,none,0.23996067339269445,0.0,-0.010000000000000097,-0.0
R06_head_on_vertical_offset,37,8.399999999999984,28.210107935609745,50.0,20.0,0.0,0.0,1.199865080487819,0.0,0.0,0.5,0.0,-0.0,0.5,0.0,-0.0,1.2,0.0,-0.0,0.22996936718251745,0.20000000000000284,27.359907049533444,none,0.2399693671825176,0.0,-0.010000000000000142,-0.0
R06_head_on_vertical_offset,38,8.599999999999987,28.450084074677648,50.0,20.0,0.0,0.0,1.1998949066529396,0.0,0.0,0.5,0.0,-0.0,0.5,0.0,-0.0,1.2,0.0,-0.0,0.2299761390679059,0.20000000000000284,27.043086717168688,none,0.23997613906790605,0.0,-0.010000000000000142,-0.0
R06_head_on_vertical_offset,39,8.79999999999999,28.690065488594897,50.0,20.0,0.0,0.0,1.1999181392563771,0.0,0.0,0.5,0.0,-0.0,0.5,0.0,-0.0,1.2,0.0,-0.0,0.229981413917249,0.20000000000000284,26.72633274037323,none,0.23998141391724914,0.0,-0.010000000000000142,-0.0
R06_head_on_vertical_offset,40,8.999999999999993,28.93005101126976,50.0,20.0,0.0,0.0,1.1999362359127963,0.0,0.0,0.5,0.0,-0.0,0.5,0.0,-0.0,1.2,0.0,-0.0,0.22998552267486402,0.20000000000000284,26.409648726945566,none,0.23998552267486417,0.0,-0.010000000000000142,-0.0
R06_head_on_vertical_offset,41,9.199999999999996,29.17003973439416,50.0,20.0,0.0,0.0,1.199950332007297,0.0,0.0,0.5,0.0,-0.0,0.5,0.0,-0.0,1.2,0.0,-0.0,0.22998872312439786,0.20000000000000284,26.093038141283568,none,0.239988723124398,0.0,-0.010000000000000142,-0.0
R06_head_on_vertical_offset,42,9.399999999999999,29.41003095045637,50.0,20.0,0.0,0.0,1.1999613119295307,0.0,0.0,0.5,0.0,-0.0,0.5,0.0,-0.0,1.2,0.0,-0.0,0.22999121606221493,0.20000000000000284,25.776504367489697,none,0.23999121606221507,0.0,-0.010000000000000142,-0.0
R06_head_on_vertical_offset,43,9.600000000000001,29.650024108351715,50.0,20.0,0.0,0.0,1.1999698645603503,0.0,0.0,0.5,0.0,-0.0,0.5,0.0,-0.0,1.2,0.0,-0.0,0.22999315789534122,0.20000000000000284,25.460050760409636,none,0.23999315789534137,0.0,-0.010000000000000142,-0.0
R06_head_on_vertical_offset,44,9.800000000000004,29.890018778806212,50.0,20.0,0.0,0.0,1.1999765264922269,0.0,0.0,0.5,0.0,-0.0,0.5,0.0,-0.0,1.2,0.0,-0.0,0.22999467045449293,0.20000000000000284,25.14368068741018,none,0.23999467045449308,0.0,-0.010000000000000142,-0.0
R06_head_on_vertical_offset,45,10.000000000000007,30.13001462744392,50.0,20.0,0.0,0.0,1.1999817156950894,0.0,0.0,0.5,0.0,-0.0,0.5,0.0,-0.0,1.2,0.0,-0.0,0.22999584863771147,0.20000000000000284,24.82739756309311,none,0.23999584863771162,0.0,-0.010000000000000142,-0.0
R06_head_on_vertical_offset,46,10.20000000000001,30.37001139380817,50.0,20.0,0.0,0.0,1.1999857577397763,0.0,0.0,0.5,0.0,-0.0,0.5,0.0,-0.0,1.2,0.0,-0.0,0.2299967663642498,0.20000000000000284,24.511204878669123,none,0.23999676636424994,0.0,-0.010000000000000142,-0.0
R06_head_on_vertical_offset,47,10.400000000000013,30.610008875020494,50.0,20.0,0.0,0.0,1.1999889062243672,0.0,0.0,0.5,0.0,-0.0,0.5,0.0,-0.0,1.2,0.0,-0.0,0.2299974812123274,0.20000000000000284,24.195106227348354,none,0.23999748121232756,0.0,-0.010000000000000142,-0.0
R06_head_on_vertical_offset,48,10.600000000000016,30.850006913052038,50.0,20.0,0.0,0.0,1.1999913586849376,0.0,0.0,0.5,0.0,-0.0,0.5,0.0,-0.0,1.2,0.0,-0.0,0.22999803803154392,0.20000000000000284,23.8791053268197,none,0.23999803803154407,0.0,-0.010000000000000142,-0.0
R06_head_on_vertical_offset,49,10.800000000000018,31.0900053848088,50.0,20.0,0.0,0.0,1.199993268988983,0.0,0.0,0.5,0.0,-0.0,0.5,0.0,-0.0,1.2,0.0,-0.0,0.22999847175676322,0.20000000000000284,23.563206039670987,none,0.23999847175676337,0.0,-0.010000000000000142,-0.0
R06_head_on_vertical_offset,50,11.000000000000021,31.33000419440873,50.0,20.0,0.0,0.0,1.1999947569890712,0.0,0.0,0.5,0.0,-0.0,0.5,0.0,-0.0,1.2,0.0,-0.0,0.22999880959992466,0.20000000000000284,23.247412392432345,none,0.2399988095999248,0.0,-0.010000000000000142,-0.0
R06_head_on_vertical_offset,51,11.200000000000024,31.570003267166065,50.0,20.0,0.0,0.0,1.1999959160423999,0.0,0.0,0.5,0.0,-0.0,0.5,0.0,-0.0,1.2,0.0,-0.0,0.2299990727573352,0.20000000000000284,22.931728593795018,none,0.23999907275733534,0.0,-0.010000000000000142,-0.0
R06_head_on_vertical_offset,52,11.400000000000027,31.81000254490556,50.0,20.0,0.0,0.0,1.199996818868031,0.0,0.0,0.5,0.0,-0.0,0.5,0.0,-0.0,1.2,0.0,-0.0,0.22999927773949266,0.20000000000000284,22.616159052458446,none,0.2399992777394928,0.0,-0.010000000000000142,-0.0
R06_head_on_vertical_offset,53,11.60000000000003,32.05000198231256,50.0,20.0,0.0,0.0,1.1999975221092882,0.0,0.0,0.5,0.0,-0.0,0.5,0.0,-0.0,1.2,0.0,-0.0,0.22999943740700032,0.20000000000000284,22.30070839498383,none,0.23999943740700047,0.0,-0.010000000000000142,-0.0
R06_head_on_vertical_offset,54,11.800000000000033,32.29000154408994,50.0,20.0,0.0,0.0,1.1999980698875623,0.0,0.0,0.5,0.0,-0.0,0.5,0.0,-0.0,1.2,0.0,-0.0,0.22999956177738098,0.20000000000000284,21.985381483976493,none,0.23999956177738113,0.0,-0.010000000000000142,-0.0
R06_head_on_vertical_offset,55,12.000000000000036,32.5300012027436,50.0,20.0,0.0,0.0,1.1999984965704886,0.0,0.0,0.5,0.0,-0.0,0.5,0.0,-0.0,1.2,0.0,-0.0,0.22999965865365865,0.20000000000000284,21.670183436879313,none,0.2399996586536588,0.0,-0.010000000000000142,-0.0
R06_head_on_vertical_offset,56,12.200000000000038,32.77000093685745,50.0,20.0,0.0,0.0,1.1999988289281747,0.0,0.0,0.5,0.0,-0.0,0.5,0.0,-0.0,1.2,0.0,-0.0,0.2299997341138514,0.20000000000000284,21.35511964563144,none,0.23999973411385156,0.0,-0.010000000000000142,-0.0
R06_head_on_vertical_offset,57,12.400000000000041,33.010000729749784,50.0,20.0,0.0,0.0,1.1999990878127575,0.0,0.0,0.5,0.0,-0.0,0.5,0.0,-0.0,1.2,0.0,-0.0,0.22999979289233394,0.20000000000000284,21.040195797428634,none,0.23999979289233409,0.0,-0.010000000000000142,-0.0
R06_head_on_vertical_offset,58,12.600000000000044,33.250000568426664,50.0,20.0,0.0,0.0,1.199999289466669,0.0,0.0,0.5,0.0,-0.0,0.5,0.0,-0.0,1.2,0.0,-0.0,0.22999983867687987,0.20000000000000284,20.725417896811837,none,0.23999983867688002,0.0,-0.010000000000000142,-0.0
R06_head_on_vertical_offset,59,12.800000000000047,33.49000044276665,50.0,20.0,0.0,0.0,1.1999994465416843,0.0,0.0,0.5,0.0,-0.0,0.5,0.0,-0.0,1.2,0.0,-0.0,0.22999987433998612,0.20000000000000284,20.41079228930805,none,0.23999987433998626,0.0,-0.010000000000000142,-0.0
R06_head_on_vertical_offset,60,13.00000000000005,33.73000034488584,50.0,20.0,0.0,0.0,1.199999568892698,0.0,0.0,0.5,0.0,-0.0,0.5,0.0,-0.0,1.2,0.0,-0.0,0.22999990211918728,0.20000000000000284,20.096325686850804,none,0.23999990211918742,0.0,-0.010000000000000142,-0.0
R06_head_on_vertical_offset,61,13.200000000000053,33.97000026864318,50.0,20.0,0.0,0.0,1.1999996641960191,0.0,0.0,0.5,0.0,-0.0,0.5,0.0,-0.0,1.2,0.0,-0.0,0.2299999237573452,0.20000000000000284,19.782025195216704,none,0.23999992375734536,0.0,-0.010000000000000142,-0.0
R06_head_on_vertical_offset,62,13.400000000000055,34.210000209255206,50.0,20.0,0.0,0.0,1.199999738430982,0.0,0.0,0.5,0.0,-0.0,0.5,0.0,-0.0,1.2,0.0,-0.0,0.22999994061202286,0.20000000000000284,19.46789834372812,none,0.239999940612023,0.0,-0.010000000000000142,-0.0
R06_head_on_vertical_offset,63,13.600000000000058,34.45000016299593,50.0,20.0,0.0,0.0,1.1999997962550921,0.0,0.0,0.5,0.0,-0.0,0.5,0.0,-0.0,1.2,0.0,-0.0,0.229999953740721,0.20000000000000284,19.153953117491017,none,0.23999995374072114,0.0,-0.010000000000000142,-0.0
R06_head_on_vertical_offset,64,13.800000000000061,34.69000012696301,50.0,20.0,0.0,0.0,1.1999998412962367,0.0,0.0,0.5,0.0,-0.0,0.5,0.0,-0.0,1.2,0.0,-0.0,0.22999996396707942,0.20000000000000284,18.840197992460848,none,0.23999996396707957,0.0,-0.010000000000000142,-0.0
R06_head_on_vertical_offset,65,14.000000000000064,34.93000009889576,50.0,20.0,0.0,0.0,1.1999998763802995,0.0,0.0,0.5,0.0,-0.0,0.5,0.0,-0.0,1.2,0.0,-0.0,0.22999997193275376,0.20000000000000284,18.526641973657547,none,0.2399999719327539,0.0,-0.010000000000000142,-0.0
R06_head_on_vertical_offset,66,14.200000000000067,35.17000007703323,50.0,20.0,0.0,0.0,1.1999999037084563,0.0,0.0,0.5,0.0,-0.0,0.5,0.0,-0.0,1.2,0.0,-0.0,0.22999997813746872,0.20000000000000284,18.213294636885507,none,0.23999997813746887,0.0,-0.010000000000000142,-0.0
R06_head_on_vertical_offset,67,14.40000000000007,35.410000060003775,50.0,20.0,0.0,0.0,1.1999999249952773,0.0,0.0,0.5,0.0,-0.0,0.5,0.0,-0.0,1.2,0.0,-0.0,0.2299999829705449,0.20000000000000284,17.900166174353505,none,0.23999998297054503,0.0,-0.010000000000000142,-0.0
R06_head_on_vertical_offset,68,14.600000000000072,35.65000004673897,50.0,20.0,0.0,0.0,1.199999941576298,0.0,0.0,0.5,0.0,-0.0,0.5,0.0,-0.0,1.2,0.0,-0.0,0.22999998673519215,0.20000000000000284,17.587267444636506,none,0.2399999867351923,0.0,-0.010000000000000142,-0.0
R06_head_on_vertical_offset,69,14.800000000000075,35.890000036406555,50.0,20.0,0.0,0.0,1.1999999544918132,0.0,0.0,0.5,0.0,-0.0,0.5,0.0,-0.0,1.2,0.0,-0.0,0.2299999896675878,0.20000000000000284,17.27461002747429,none,0.23999998966758795,0.0,-0.010000000000000142,-0.0
R06_head_on_vertical_offset,70,15.000000000000078,36.130000028358296,50.0,20.0,0.0,0.0,1.1999999645521422,0.0,0.0,0.5,0.0,-0.0,0.5,0.0,-0.0,1.2,0.0,-0.0,0.22999999195174112,0.20000000000000284,16.962206283963734,none,0.23999999195174126,0.0,-0.010000000000000142,-0.0
R06_head_on_vertical_offset,71,15.200000000000081,36.37000002208924,50.0,20.0,0.0,0.0,1.199999972388471,0.0,0.0,0.5,0.0,-0.0,0.5,0.0,-0.0,1.2,0.0,-0.0,0.22999999373094723,0.20000000000000284,16.650069422772628,none,0.23999999373094738,0.0,-0.010000000000000142,-0.0
R06_head_on_vertical_offset,72,15.400000000000084,36.61000001720606,50.0,20.0,0.0,0.0,1.199999978492451,0.0,0.0,0.5,0.0,-0.0,0.5,0.0,-0.0,1.2,0.0,-0.0,0.2299999951168182,0.20000000000000284,16.338213573084364,none,0.23999999511681835,0.0,-0.010000000000000142,-0.0
R06_head_on_vertical_offset,73,15.600000000000087,36.85000001340238,50.0,20.0,0.0,0.0,1.1999999832470465,0.0,0.0,0.5,0.0,-0.0,0.5,0.0,-0.0,1.2,0.0,-0.0,0.22999999619631736,0.20000000000000284,16.026653865077087,none,0.2399999961963175,0.0,-0.010000000000000142,-0.0
R06_head_on_vertical_offset,74,15.80000000000009,37.09000001043957,50.0,20.0,0.0,0.0,1.199999986950561,0.0,0.0,0.5,0.0,-0.0,0.5,0.0,-0.0,1.2,0.0,-0.0,0.22999999703718785,0.20000000000000284,15.715406518849248,none,0.239999997037188,0.0,-0.010000000000000142,-0.0
R06_head_on_vertical_offset,75,16.000000000000092,37.330000008131734,50.0,20.0,0.0,0.0,1.1999999898353528,0.0,0.0,0.5,0.0,-0.0,0.5,0.0,-0.0,1.2,0.0,-0.0,0.22999999769216614,0.20000000000000284,15.404488942828452,none,0.2399999976921663,0.0,-0.010000000000000142,-0.0
R06_head_on_vertical_offset,76,16.200000000000095,37.570000006334084,50.0,20.0,0.0,0.0,1.1999999920824145,0.0,0.0,0.5,0.0,-0.0,0.5,0.0,-0.0,1.2,0.0,-0.0,0.22999999820235004,0.20000000000000284,15.093919842844967,none,0.23999999820235018,0.0,-0.010000000000000142,-0.0
R06_head_on_vertical_offset,77,16.400000000000098,37.81000000493384,50.0,20.0,0.0,0.0,1.1999999938327262,0.0,0.0,0.5,0.0,-0.0,0.5,0.0,-0.0,1.2,0.0,-0.0,0.2299999985997566,0.20000000000000284,14.783719343218293,none,0.23999999859975674,0.0,-0.010000000000000142,-0.0
R06_head_on_vertical_offset,78,16.6000000000001,38.05000000384314,50.0,20.0,0.0,0.0,1.199999995196103,0.0,0.0,0.5,0.0,-0.0,0.5,0.0,-0.0,1.2,0.0,-0.0,0.22999999890929743,0.20000000000000284,14.4739091213989,none,0.23999999890929757,0.0,-0.010000000000000142,-0.0
R06_head_on_vertical_offset,79,16.800000000000104,38.29000000299355,50.0,20.0,0.0,0.0,1.199999996258083,0.0,0.0,0.5,0.0,-0.0,0.5,0.0,-0.0,1.2,0.0,-0.0,0.229999999150413,0.20000000000000284,14.164512557931745,none,0.23999999915041315,0.0,-0.010000000000000142,-0.0
R06_head_on_vertical_offset,80,17.000000000000107,38.53000000233179,50.0,20.0,0.0,0.0,1.1999999970852948,0.0,0.0,0.5,0.0,-0.0,0.5,0.0,-0.0,1.2,0.0,-0.0,0.22999999933823786,0.20000000000000284,13.85555490376968,none,0.239999999338238,0.0,-0.010000000000000142,-0.0
R06_head_on_vertical_offset,81,17.20000000000011,38.77000000181631,50.0,20.0,0.0,0.0,1.199999997729638,0.0,0.0,0.5,0.0,-0.0,0.5,0.0,-0.0,1.2,0.0,-0.0,0.2299999994845173,0.20000000000000284,13.547063467269016,none,0.23999999948451745,0.0,-0.010000000000000142,-0.0
R06_head_on_vertical_offset,82,17.400000000000112,39.01000000141479,50.0,20.0,0.0,0.0,1.1999999982315388,0.0,0.0,0.5,0.0,-0.0,0.5,0.0,-0.0,1.2,0.0,-0.0,0.22999999959848125,0.20000000000000284,13.239067823554407,none,0.2399999995984814,0.0,-0.010000000000000142,-0.0
R06_head_on_vertical_offset,83,17.600000000000115,39.25000000110203,50.0,20.0,0.0,0.0,1.199999998622486,0.0,0.0,0.5,0.0,-0.0,0.5,0.0,-0.0,1.2,0.0,-0.0,0.22999999968724225,0.20000000000000284,12.93160004935554,none,0.2399999996872424,0.0,-0.010000000000000142,-0.0
R06_head_on_vertical_offset,84,17.800000000000118,39.490000000858416,50.0,20.0,0.0,0.0,1.199999998927008,0.0,0.0,0.5,0.0,-0.0,0.5,0.0,-0.0,1.2,0.0,-0.0,0.22999999975638516,0.20000000000000284,12.624694986903357,none,0.2399999997563853,0.0,-0.010000000000000142,-0.0
R06_head_on_vertical_offset,85,18.00000000000012,39.73000000066865,50.0,20.0,0.0,0.0,1.1999999991642103,0.0,0.0,0.5,0.0,-0.0,0.5,0.0,-0.0,1.2,0.0,-0.0,0.2299999998102372,0.20000000000000284,12.318390541043668,none,0.23999999981023734,0.0,-0.010000000000000142,-0.0
R06_head_on_vertical_offset,86,18.200000000000124,39.97000000052084,50.0,20.0,0.0,0.0,1.1999999993489752,0.0,0.0,0.5,0.0,-0.0,0.5,0.0,-0.0,1.2,0.0,-0.0,0.22999999985218764,0.20000000000000284,12.012728014394723,none,0.23999999985218778,0.0,-0.010000000000000142,-0.0
R06_head_on_vertical_offset,87,18.400000000000126,40.21000000040571,50.0,20.0,0.0,0.0,1.199999999492895,0.0,0.0,0.5,0.0,-0.0,0.5,0.0,-0.0,1.2,0.0,-0.0,0.2299999998848655,0.20000000000000284,11.7077524861626,none,0.23999999988486564,0.0,-0.010000000000000142,-0.0
R06_head_on_vertical_offset,88,18.60000000000013,40.450000000316024,50.0,20.0,0.0,0.0,1.1999999996049988,0.0,0.0,0.5,0.0,-0.0,0.5,0.0,-0.0,1.2,0.0,-0.0,0.22999999991031714,0.20000000000000284,11.403513241155071,none,0.23999999991031729,0.0,-0.010000000000000142,-0.0
R06_head_on_vertical_offset,89,18.800000000000132,40.690000000246165,50.0,20.0,0.0,0.0,1.1999999996923203,0.0,0.0,0.5,0.0,-0.0,0.5,0.0,-0.0,1.2,0.0,-0.0,0.22999999993014128,0.20000000000000284,11.100064256628064,none,0.23999999993014143,0.0,-0.010000000000000142,-0.0
R06_head_on_vertical_offset,90,19.000000000000135,40.930000000191754,50.0,20.0,0.0,0.0,1.199999999760338,0.0,0.0,0.5,0.0,-0.0,0.5,0.0,-0.0,1.2,0.0,-0.0,0.22999999994558848,0.20000000000000284,10.79746475588935,none,0.23999999994558863,0.0,-0.010000000000000142,-0.0
R06_head_on_vertical_offset,91,19.200000000000138,41.17000000014937,50.0,20.0,0.0,0.0,1.1999999998133195,0.0,0.0,0.5,0.0,-0.0,0.5,0.0,-0.0,1.2,0.0,-0.0,0.22999999995761797,0.20000000000000284,10.495779839109042,none,0.23999999995761812,0.0,-0.010000000000000142,-0.0
R06_head_on_vertical_offset,92,19.40000000000014,41.41000000011636,50.0,20.0,0.0,0.0,1.1999999998545883,0.0,0.0,0.5,0.0,-0.0,0.5,0.0,-0.0,1.2,0.0,-0.0,0.22999999996699003,0.20000000000000284,10.195081203588536,none,0.23999999996699017,0.0,-0.010000000000000142,-0.0
R06_head_on_vertical_offset,93,19.600000000000144,41.65000000009064,50.0,20.0,0.0,0.0,1.1999999998867341,0.0,0.0,0.5,0.0,-0.0,0.5,0.0,-0.0,1.2,0.0,-0.0,0.2299999999742802,0.20000000000000284,9.895447967869885,none,0.23999999997428034,0.0,-0.010000000000000142,-0.0
R06_head_on_vertical_offset,94,19.800000000000146,41.89000000007061,50.0,20.0,0.0,0.0,1.1999999999117732,0.0,0.0,0.5,0.0,-0.0,0.5,0.0,-0.0,1.2,0.0,-0.0,0.22999999997996454,0.20000000000000284,9.596967616583864,none,0.23999999997996468,0.0,-0.010000000000000142,-0.0
R06_head_on_vertical_offset,95,20.00000000000015,42.130000000055006,50.0,20.0,0.0,0.0,1.1999999999312772,0.0,0.0,0.5,0.0,-0.0,0.5,0.0,-0.0,1.2,0.0,-0.0,0.22999999998439832,0.20000000000000284,9.299737085904493,none,0.23999999998439847,0.0,-0.010000000000000142,-0.0
R06_head_on_vertical_offset,96,20.200000000000152,42.37000000004285,50.0,20.0,0.0,0.0,1.1999999999464694,0.0,0.0,0.5,0.0,-0.0,0.5,0.0,-0.0,1.2,0.0,-0.0,0.22999999998784446,0.20000000000000284,9.00386401297397,none,0.2399999999878446,0.0,-0.010000000000000142,-0.0
R06_head_on_vertical_offset,97,20.400000000000155,42.61000000003339,50.0,20.0,0.0,0.0,1.1999999999583035,0.0,0.0,0.5,0.0,-0.0,0.5,0.0,-0.0,1.2,0.0,-0.0,0.2299999999905374,0.20000000000000284,8.709468176765615,none,0.23999999999053756,0.0,-0.010000000000000142,-0.0
R06_head_on_vertical_offset,98,20.600000000000158,42.850000000026014,50.0,20.0,0.0,0.0,1.1999999999675213,0.0,0.0,0.5,0.0,-0.0,0.5,0.0,-0.0,1.2,0.0,-0.0,0.2299999999926264,0.20000000000000284,8.41668316264603,none,0.23999999999262656,0.0,-0.010000000000000142,-0.0
R06_head_on_vertical_offset,99,20.80000000000016,43.09000000002027,50.0,20.0,0.0,0.0,1.199999999974701,0.0,0.0,0.5,0.0,-0.0,0.5,0.0,-0.0,1.2,0.0,-0.0,0.22999999999425355,0.20000000000000284,8.125658288458352,none,0.2399999999942537,0.0,-0.010000000000000142,-0.0
R06_head_on_vertical_offset,100,21.000000000000163,43.330000000015794,50.0,20.0,0.0,0.0,1.1999999999802937,0.0,0.0,0.5,0.0,-0.0,0.5,0.0,-0.0,1.2,0.0,-0.0,0.22999999999552542,0.20000000000000284,7.836560836336799,none,0.23999999999552557,0.0,-0.010000000000000142,-0.0
R06_head_on_vertical_offset,101,21.200000000000166,43.5700000000123,50.0,20.0,0.0,0.0,1.19999999998465,0.0,0.0,0.5,0.0,-0.0,0.5,0.0,-0.0,1.2,0.0,-0.0,0.22999999999650597,0.20000000000000284,7.549578641698908,none,0.23999999999650612,0.0,-0.010000000000000142,-0.0
R06_head_on_vertical_offset,102,21.40000000000017,43.81000000000958,50.0,20.0,0.0,0.0,1.1999999999880433,0.0,0.0,0.5,0.0,-0.0,0.5,0.0,-0.0,1.2,0.0,-0.0,0.22999999999728046,0.20000000000000284,7.2649230988926075,none,0.2399999999972806,0.0,-0.010000000000000142,-0.0
R06_head_on_vertical_offset,103,21.600000000000172,44.050000000007465,50.0,20.0,0.0,0.0,1.1999999999906865,0.0,0.0,0.5,0.0,-0.0,0.5,0.0,-0.0,1.2,0.0,-0.0,0.22999999999788442,0.20000000000000284,6.982832651618004,none,0.23999999999788457,0.0,-0.010000000000000142,-0.0
R06_head_on_vertical_offset,104,21.800000000000175,44.29000000000582,50.0,20.0,0.0,0.0,1.1999999999927455,0.0,0.0,0.5,0.0,-0.0,0.5,0.0,-0.0,1.2,0.0,-0.0,0.22999999999835338,0.20000000000000284,6.703576845098059,none,0.23999999999835353,0.0,-0.010000000000000142,-0.0
R06_head_on_vertical_offset,105,22.000000000000178,44.530000000004534,50.0,20.0,0.0,0.0,1.1999999999943491,0.0,0.0,0.5,0.0,-0.0,0.5,0.0,-0.0,1.2,0.0,-0.0,0.22999999999871576,0.20000000000000284,6.42746102529104,none,0.2399999999987159,0.0,-0.010000000000000142,-0.0
R06_head_on_vertical_offset,106,22.20000000000018,44.770000000003535,50.0,20.0,0.0,0.0,1.1999999999955986,0.0,0.0,0.5,0.0,-0.0,0.5,0.0,-0.0,1.2,0.0,-0.0,0.22999999999899998,0.20000000000000284,6.154831776924615,none,0.23999999999900012,0.0,-0.010000000000000142,-0.0
R06_head_on_vertical_offset,107,22.400000000000183,45.010000000002755,50.0,20.0,0.0,0.0,1.1999999999965714,0.0,0.0,0.5,0.0,-0.0,0.5,0.0,-0.0,1.2,0.0,-0.0,0.22999999999922024,0.20000000000000284,5.886083194653713,none,0.2399999999992204,0.0,-0.010000000000000142,-0.0
R06_head_on_vertical_offset,108,22.600000000000186,45.250000000002146,50.0,20.0,0.0,0.0,1.1999999999973292,0.0,0.0,0.5,0.0,-0.0,0.5,0.0,-0.0,1.2,0.0,-0.0,0.22999999999939078,0.20000000000000284,5.621664076815474,none,0.23999999999939092,0.0,-0.010000000000000142,-0.0
R06_head_on_vertical_offset,109,22.80000000000019,45.49000000000168,50.0,20.0,0.0,0.0,1.1999999999979196,0.0,0.0,0.5,0.0,-0.0,0.5,0.0,-0.0,1.2,0.0,-0.0,0.22999999999953288,0.20000000000000284,5.362086113867024,none,0.23999999999953303,0.0,-0.010000000000000142,-0.0
R06_head_on_vertical_offset,110,23.000000000000192,45.730000000001304,50.0,20.0,0.0,0.0,1.1999999999983795,0.0,0.0,0.5,0.0,-0.0,0.5,0.0,-0.0,1.2,0.0,-0.0,0.22999999999962525,0.20000000000000284,5.107933105876228,none,0.2399999999996254,0.0,-0.010000000000000142,-0.0
R06_head_on_vertical_offset,111,23.200000000000195,45.97000000000102,50.0,20.0,0.0,0.0,1.1999999999987376,0.0,0.0,0.5,0.0,-0.0,0.5,0.0,-0.0,1.2,0.0,-0.0,0.22999999999971762,0.20000000000000284,4.859871174185219,none,0.23999999999971777,0.0,-0.010000000000000142,-0.0
R06_head_on_vertical_offset,112,23.400000000000198,46.210000000000804,50.0,20.0,0.0,0.0,1.1999999999990165,0.0,0.0,0.5,0.0,-0.0,0.5,0.0,-0.0,1.2,0.0,-0.0,0.22999999999978157,0.20000000000000284,4.6186598160709345,none,0.23999999999978172,0.0,-0.010000000000000142,-0.0
R06_head_on_vertical_offset,113,23.6000000000002,46.45000000000063,50.0,20.0,0.0,0.0,1.199999999999234,0.0,0.0,0.5,0.0,-0.0,0.5,0.0,-0.0,1.2,0.0,-0.0,0.2299999999998242,0.20000000000000284,4.385163467590328,none,0.23999999999982435,0.0,-0.010000000000000142,-0.0
R06_head_on_vertical_offset,114,23.800000000000203,46.69000000000049,50.0,20.0,0.0,0.0,1.199999999999403,0.0,0.0,0.5,0.0,-0.0,0.5,0.0,-0.0,1.2,0.0,-0.0,0.22999999999985973,0.20000000000000284,4.1603629644502576,none,0.23999999999985988,0.0,-0.010000000000000142,-0.0
R06_head_on_vertical_offset,115,24.000000000000206,46.93000000000038,50.0,20.0,0.0,0.0,1.1999999999995352,0.0,0.0,0.5,0.0,-0.0,0.5,0.0,-0.0,1.2,0.0,-0.0,0.22999999999989526,0.20000000000000284,3.9453658985934985,none,0.2399999999998954,0.0,-0.010000000000000142,-0.0
R06_head_on_vertical_offset,116,24.20000000000021,47.17000000000031,50.0,20.0,0.0,0.0,1.199999999999638,0.0,0.0,0.5,0.0,-0.0,0.5,0.0,-0.0,1.2,0.0,-0.0,0.22999999999992368,0.20000000000000284,3.7414143418099974,none,0.23999999999992383,0.0,-0.010000000000000142,-0.0
R06_head_on_vertical_offset,117,24.40000000000021,47.410000000000245,50.0,20.0,0.0,0.0,1.1999999999997182,0.0,0.0,0.5,0.0,-0.0,0.5,0.0,-0.0,1.2,0.0,-0.0,0.2299999999999379,0.20000000000000284,3.549887753815385,none,0.23999999999993804,0.0,-0.010000000000000142,-0.0
R06_head_on_vertical_offset,118,24.600000000000215,47.6500000000002,50.0,20.0,0.0,0.0,1.1999999999997806,0.0,0.0,0.5,0.0,-0.0,0.5,0.0,-0.0,1.2,0.0,-0.0,0.2299999999999521,0.20000000000000284,3.3722981693229923,none,0.23999999999995225,0.0,-0.010000000000000142,-0.0
R06_head_on_vertical_offset,119,24.800000000000217,47.89000000000015,50.0,20.0,0.0,0.0,1.1999999999998292,0.0,0.0,0.5,0.0,-0.0,0.5,0.0,-0.0,1.2,0.0,-0.0,0.2299999999999521,0.20000000000000284,3.2102741145672975,none,0.23999999999995225,0.0,-0.010000000000000142,-0.0
R06_head_on_vertical_offset,120,25.00000000000022,48.13000000000013,50.0,20.0,0.0,0.0,1.1999999999998672,0.0,0.0,0.5,0.0,-0.0,0.5,0.0,-0.0,1.2,0.0,-0.0,0.22999999999998053,0.20000000000000284,3.0655294133312787,none,0.23999999999998067,0.0,-0.010000000000000142,-0.0
R06_head_on_vertical_offset,121,25.200000000000223,48.37000000000011,50.0,20.0,0.0,0.0,1.1999999999998965,0.0,0.0,0.5,0.0,-0.0,0.5,0.0,-0.0,1.2,0.0,-0.0,0.22999999999998053,0.20000000000000284,2.93981351575972,none,0.23999999999998067,0.0,-0.010000000000000142,-0.0
R06_head_on_vertical_offset,122,25.400000000000226,48.61000000000009,50.0,20.0,0.0,0.0,1.1999999999999194,0.0,0.0,0.5,0.0,-0.0,0.5,0.0,-0.0,1.2,0.0,-0.0,0.22999999999998053,0.20000000000000284,2.834841693540613,none,0.23999999999998067,0.0,-0.010000000000000142,-0.0
R06_head_on_vertical_offset,123,25.60000000000023,48.85000000000007,50.0,20.0,0.0,0.0,1.1999999999999371,0.0,0.0,0.5,0.0,-0.0,0.5,0.0,-0.0,1.2,0.0,-0.0,0.22999999999998053,0.20000000000000284,2.752206723215805,none,0.23999999999998067,0.0,-0.010000000000000142,-0.0
R06_head_on_vertical_offset,124,25.80000000000023,49.09000000000005,50.0,20.0,0.0,0.0,1.1999999999999509,0.0,0.0,0.5,0.0,-0.0,0.5,0.0,-0.0,1.2,0.0,-0.0,0.22999999999998053,0.20000000000000284,2.693278372805666,none,0.23999999999998067,0.0,-0.010000000000000142,-0.0
R06_head_on_vertical_offset,125,26.000000000000234,49.330000000000034,50.0,20.0,0.0,0.0,1.1999999999999618,0.0,0.0,0.5,0.0,-0.0,0.5,0.0,-0.0,1.2,0.0,-0.0,0.22999999999998053,0.20000000000000284,2.6591021438720044,none,0.23999999999998067,0.0,-0.010000000000000142,-0.0
R06_head_on_vertical_offset,126,26.200000000000237,49.570000000000014,50.0,20.0,0.0,0.0,1.1999999999999702,0.0,0.0,0.5,0.0,-0.0,0.5,0.0,-0.0,1.2,0.0,-0.0,0.22999999999998053,0.20000000000000284,2.65,none,0.23999999999998067,0.0,-0.010000000000000142,-0.0
R06_head_on_vertical_offset,127,26.40000000000024,49.81000000000001,50.0,20.0,0.0,0.0,1.1999999999999769,0.0,0.0,0.5,0.0,-0.0,0.5,0.0,-0.0,1.2,0.0,-0.0,0.22999999999999474,0.20000000000000284,2.650312487793943,none,0.23999999999999488,0.0,-0.010000000000000142,-0.0
R06_head_on_vertical_offset,128,26.600000000000243,50.05000000000002,50.0,20.0,0.0,0.0,1.199999999999982,0.0,0.0,0.5,0.0,-0.0,0.5,0.0,-0.0,1.2,0.0,-0.0,0.23000000000000895,0.20000000000000284,2.6670760510601776,none,0.2400000000000091,0.0,-0.010000000000000142,-0.0
R06_head_on_vertical_offset,129,26.800000000000246,50.29000000000003,50.0,20.0,0.0,0.0,1.199999999999986,0.0,0.0,0.5,0.0,-0.0,0.5,0.0,-0.0,1.2,0.0,-0.0,0.23000000000000895,0.20000000000000284,2.7090762495920573,none,0.2400000000000091,0.0,-0.010000000000000142,-0.0
R06_head_on_vertical_offset,130,27.00000000000025,50.53000000000004,50.0,20.0,0.0,0.0,1.199999999999989,0.0,0.0,0.5,0.0,-0.0,0.5,0.0,-0.0,1.2,0.0,-0.0,0.23000000000000895,0.20000000000000284,2.775542388584008,none,0.2400000000000091,0.0,-0.010000000000000142,-0.0
R06_head_on_vertical_offset,131,27.20000000000025,50.770000000000046,50.0,20.0,0.0,0.0,1.1999999999999915,0.0,0.0,0.5,0.0,-0.0,0.5,0.0,-0.0,1.2,0.0,-0.0,0.23000000000000895,0.20000000000000284,2.8653173071554874,none,0.2400000000000091,0.0,-0.010000000000000142,-0.0
R06_head_on_vertical_offset,132,27.400000000000254,51.010000000000055,50.0,20.0,0.0,0.0,1.1999999999999933,0.0,0.0,0.5,0.0,-0.0,0.5,0.0,-0.0,1.2,0.0,-0.0,0.23000000000000895,0.20000000000000284,2.976950427264653,none,0.2400000000000091,0.0,-0.010000000000000142,-0.0
R06_head_on_vertical_offset,133,27.600000000000257,51.250000000000064,50.0,20.0,0.0,0.0,1.1999999999999948,0.0,0.0,0.5,0.0,-0.0,0.5,0.0,-0.0,1.2,0.0,-0.0,0.23000000000000895,0.20000000000000284,3.1088002870735267,none,0.2400000000000091,0.0,-0.010000000000000142,-0.0
R06_head_on_vertical_offset,134,27.80000000000026,51.49000000000007,50.0,20.0,0.0,0.0,1.1999999999999957,0.0,0.0,0.5,0.0,-0.0,0.5,0.0,-0.0,1.2,0.0,-0.0,0.23000000000000895,0.20000000000000284,3.259132239370899,none,0.2400000000000091,0.0,-0.010000000000000142,-0.0
R06_head_on_vertical_offset,135,28.000000000000263,51.73000000000008,50.0,20.0,0.0,0.0,1.1999999999999966,0.0,0.0,0.5,0.0,-0.0,0.5,0.0,-0.0,1.2,0.0,-0.0,0.23000000000000895,0.20000000000000284,3.4262014195393244,none,0.2400000000000091,0.0,-0.010000000000000142,-0.0
R06_head_on_vertical_offset,136,28.200000000000266,51.97000000000009,50.0,20.0,0.0,0.0,1.1999999999999975,0.0,0.0,0.5,0.0,-0.0,0.5,0.0,-0.0,1.2,0.0,-0.0,0.23000000000000895,0.20000000000000284,3.6083162464702414,none,0.2400000000000091,0.0,-0.010000000000000142,-0.0
R06_head_on_vertical_offset,137,28.40000000000027,52.2100000000001,50.0,20.0,0.0,0.0,1.1999999999999984,0.0,0.0,0.5,0.0,-0.0,0.5,0.0,-0.0,1.2,0.0,-0.0,0.23000000000000895,0.20000000000000284,3.8038820320232447,none,0.2400000000000091,0.0,-0.010000000000000142,-0.0
R06_head_on_vertical_offset,138,28.60000000000027,52.45000000000011,50.0,20.0,0.0,0.0,1.1999999999999984,0.0,0.0,0.5,0.0,-0.0,0.5,0.0,-0.0,1.2,0.0,-0.0,0.23000000000000895,0.20000000000000284,4.011427048838154,none,0.2400000000000091,0.0,-0.010000000000000142,-0.0
R06_head_on_vertical_offset,139,28.800000000000274,52.69000000000012,50.0,20.0,0.0,0.0,1.1999999999999984,0.0,0.0,0.5,0.0,-0.0,0.5,0.0,-0.0,1.2,0.0,-0.0,0.23000000000000895,0.20000000000000284,4.229614682038067,none,0.2400000000000091,0.0,-0.010000000000000142,-0.0
R06_head_on_vertical_offset,140,29.000000000000277,52.93000000000013,50.0,20.0,0.0,0.0,1.1999999999999984,0.0,0.0,0.5,0.0,-0.0,0.5,0.0,-0.0,1.2,0.0,-0.0,0.23000000000000895,0.20000000000000284,4.457245474406619,none,0.2400000000000091,0.0,-0.010000000000000142,-0.0
R06_head_on_vertical_offset,141,29.20000000000028,53.17000000000014,50.0,20.0,0.0,0.0,1.1999999999999984,0.0,0.0,0.5,0.0,-0.0,0.5,0.0,-0.0,1.2,0.0,-0.0,0.23000000000000895,0.20000000000000284,4.693252435569574,none,0.2400000000000091,0.0,-0.010000000000000142,-0.0
R06_head_on_vertical_offset,142,29.400000000000283,53.410000000000146,50.0,20.0,0.0,0.0,1.1999999999999984,0.0,0.0,0.5,0.0,-0.0,0.5,0.0,-0.0,1.2,0.0,-0.0,0.23000000000000895,0.20000000000000284,4.936692294046134,none,0.2400000000000091,0.0,-0.010000000000000142,-0.0
R06_head_on_vertical_offset,143,29.600000000000286,53.650000000000155,50.0,20.0,0.0,0.0,1.1999999999999984,0.0,0.0,0.5,0.0,-0.0,0.5,0.0,-0.0,1.2,0.0,-0.0,0.23000000000000895,0.20000000000000284,5.186734658835443,none,0.2400000000000091,0.0,-0.010000000000000142,-0.0
R06_head_on_vertical_offset,144,29.80000000000029,53.890000000000164,50.0,20.0,0.0,0.0,1.1999999999999984,0.0,0.0,0.5,0.0,-0.0,0.5,0.0,-0.0,1.2,0.0,-0.0,0.23000000000000895,0.20000000000000284,5.442650439999252,none,0.2400000000000091,0.0,-0.010000000000000142,-0.0
R06_head_on_vertical_offset,145,30.00000000000029,54.13000000000017,50.0,20.0,0.0,0.0,1.1999999999999984,0.0,0.0,0.5,0.0,-0.0,0.5,0.0,-0.0,1.2,0.0,-0.0,0.23000000000000895,0.20000000000000284,5.70380039411547,none,0.2400000000000091,0.0,-0.010000000000000142,-0.0
R06_head_on_vertical_offset,146,30.200000000000294,54.37000000000018,50.0,20.0,0.0,0.0,1.1999999999999984,0.0,0.0,0.5,0.0,-0.0,0.5,0.0,-0.0,1.2,0.0,-0.0,0.23000000000000895,0.20000000000000284,5.969624307300554,none,0.2400000000000091,0.0,-0.010000000000000142,-0.0
R06_head_on_vertical_offset,147,30.400000000000297,54.61000000000019,50.0,20.0,0.0,0.0,1.1999999999999984,0.0,0.0,0.5,0.0,-0.0,0.5,0.0,-0.0,1.2,0.0,-0.0,0.23000000000000895,0.20000000000000284,6.239631084580244,none,0.2400000000000091,0.0,-0.010000000000000142,-0.0
R06_head_on_vertical_offset,148,30.6000000000003,54.8500000000002,50.0,20.0,0.0,0.0,1.1999999999999984,0.0,0.0,0.5,0.0,-0.0,0.5,0.0,-0.0,1.2,0.0,-0.0,0.23000000000000895,0.20000000000000284,6.51338985425677,none,0.2400000000000091,0.0,-0.010000000000000142,-0.0
R06_head_on_vertical_offset,149,30.800000000000303,55.09000000000021,50.0,20.0,0.0,0.0,1.1999999999999984,0.0,0.0,0.5,0.0,-0.0,0.5,0.0,-0.0,1.2,0.0,-0.0,0.23000000000000895,0.20000000000000284,6.790522096280434,none,0.2400000000000091,0.0,-0.010000000000000142,-0.0
R06_head_on_vertical_offset,150,31.000000000000306,55.33000000000022,50.0,20.0,0.0,0.0,1.1999999999999984,0.0,0.0,0.5,0.0,-0.0,0.5,0.0,-0.0,1.2,0.0,-0.0,0.23000000000000895,0.20000000000000284,7.070694745686467,none,0.2400000000000091,0.0,-0.010000000000000142,-0.0
R06_head_on_vertical_offset,151,31.20000000000031,55.57000000000023,50.0,20.0,0.0,0.0,1.1999999999999984,0.0,0.0,0.5,0.0,-0.0,0.5,0.0,-0.0,1.2,0.0,-0.0,0.23000000000000895,0.20000000000000284,7.353614191819014,none,0.2400000000000091,0.0,-0.010000000000000142,-0.0
R06_head_on_vertical_offset,152,31.40000000000031,55.81000000000024,50.0,20.0,0.0,0.0,1.1999999999999984,0.0,0.0,0.5,0.0,-0.0,0.5,0.0,-0.0,1.2,0.0,-0.0,0.23000000000000895,0.20000000000000284,7.639021081298846,none,0.2400000000000091,0.0,-0.010000000000000142,-0.0
R06_head_on_vertical_offset,153,31.600000000000314,56.050000000000246,50.0,20.0,0.0,0.0,1.1999999999999984,0.0,0.0,0.5,0.0,-0.0,0.5,0.0,-0.0,1.2,0.0,-0.0,0.23000000000000895,0.20000000000000284,7.92668583062059,none,0.2400000000000091,0.0,-0.010000000000000142,-0.0
R06_head_on_vertical_offset,154,31.800000000000317,56.290000000000255,50.0,20.0,0.0,0.0,1.1999999999999984,0.0,0.0,0.5,0.0,-0.0,0.5,0.0,-0.0,1.2,0.0,-0.0,0.23000000000000895,0.20000000000000284,8.216404758321625,none,0.2400000000000091,0.0,-0.010000000000000142,-0.0
R06_head_on_vertical_offset,155,32.00000000000032,56.530000000000264,50.0,20.0,0.0,0.0,1.1999999999999984,0.0,0.0,0.5,0.0,-0.0,0.5,0.0,-0.0,1.2,0.0,-0.0,0.23000000000000895,0.20000000000000284,8.507996753906975,none,0.2400000000000091,0.0,-0.010000000000000142,-0.0
R06_head_on_vertical_offset,156,32.20000000000031,56.77000000000027,50.0,20.0,0.0,0.0,1.1999999999999984,0.0,0.0,0.5,0.0,-0.0,0.5,0.0,-0.0,1.2,0.0,-0.0,0.23000000000000967,0.19999999999998863,8.801300409309256,none,0.2400000000000091,0.0,-0.009999999999999431,-0.0
R06_head_on_vertical_offset,157,32.4000000000003,57.01000000000028,50.0,20.0,0.0,0.0,1.1999999999999984,0.0,0.0,0.5,0.0,-0.0,0.5,0.0,-0.0,1.2,0.0,-0.0,0.23000000000000967,0.19999999999998863,9.096171547511755,none,0.2400000000000091,0.0,-0.009999999999999431,-0.0
R06_head_on_vertical_offset,158,32.600000000000286,57.25000000000029,50.0,20.0,0.0,0.0,1.1999999999999984,0.0,0.0,0.5,0.0,-0.0,0.5,0.0,-0.0,1.2,0.0,-0.0,0.23000000000000967,0.19999999999998863,9.392481091444658,none,0.2400000000000091,0.0,-0.009999999999999431,-0.0
R06_head_on_vertical_offset,159,32.800000000000274,57.4900000000003,50.0,20.0,0.0,0.0,1.1999999999999984,0.0,0.0,0.5,0.0,-0.0,0.5,0.0,-0.0,1.2,0.0,-0.0,0.23000000000000967,0.19999999999998863,9.690113224059251,none,0.2400000000000091,0.0,-0.009999999999999431,-0.0
R06_head_on_vertical_offset,160,33.00000000000026,57.73000000000031,50.0,20.0,0.0,0.0,1.1999999999999984,0.0,0.0,0.5,0.0,-0.0,0.5,0.0,-0.0,1.2,0.0,-0.0,0.23000000000000967,0.19999999999998863,9.988963797457416,none,0.2400000000000091,0.0,-0.009999999999999431,-0.0
R06_head_on_vertical_offset,161,33.20000000000025,57.97000000000032,50.0,20.0,0.0,0.0,1.1999999999999984,0.0,0.0,0.5,0.0,-0.0,0.5,0.0,-0.0,1.2,0.0,-0.0,0.23000000000000967,0.19999999999998863,10.288938955078846,none,0.2400000000000091,0.0,-0.009999999999999431,-0.0
R06_head_on_vertical_offset,162,33.40000000000024,58.21000000000033,50.0,20.0,0.0,0.0,1.1999999999999984,0.0,0.0,0.5,0.0,-0.0,0.5,0.0,-0.0,1.2,0.0,-0.0,0.23000000000000967,0.19999999999998863,10.58995393626181,none,0.2400000000000091,0.0,-0.009999999999999431,-0.0
R06_head_on_vertical_offset,163,33.60000000000023,58.45000000000034,50.0,20.0,0.0,0.0,1.1999999999999984,0.0,0.0,0.5,0.0,-0.0,0.5,0.0,-0.0,1.2,0.0,-0.0,0.23000000000000967,0.19999999999998863,10.891932037062448,none,0.2400000000000091,0.0,-0.009999999999999431,-0.0
R06_head_on_vertical_offset,164,33.80000000000022,58.690000000000346,50.0,20.0,0.0,0.0,1.1999999999999984,0.0,0.0,0.5,0.0,-0.0,0.5,0.0,-0.0,1.2,0.0,-0.0,0.23000000000000967,0.19999999999998863,11.194803705122611,none,0.2400000000000091,0.0,-0.009999999999999431,-0.0
R06_head_on_vertical_offset,165,34.000000000000206,58.930000000000355,50.0,20.0,0.0,0.0,1.1999999999999984,0.0,0.0,0.5,0.0,-0.0,0.5,0.0,-0.0,1.2,0.0,-0.0,0.23000000000000967,0.19999999999998863,11.49850574969946,none,0.2400000000000091,0.0,-0.009999999999999431,-0.0
R06_head_on_vertical_offset,166,34.200000000000195,59.170000000000364,50.0,20.0,0.0,0.0,1.1999999999999984,0.0,0.0,0.5,0.0,-0.0,0.5,0.0,-0.0,1.2,0.0,-0.0,0.23000000000000967,0.19999999999998863,11.802980650790229,none,0.2400000000000091,0.0,-0.009999999999999431,-0.0
R06_head_on_vertical_offset,167,34.40000000000018,59.41000000000037,50.0,20.0,0.0,0.0,1.1999999999999984,0.0,0.0,0.5,0.0,-0.0,0.5,0.0,-0.0,1.2,0.0,-0.0,0.23000000000000967,0.19999999999998863,12.108175953674566,none,0.2400000000000091,0.0,-0.009999999999999431,-0.0
R06_head_on_vertical_offset,168,34.60000000000017,59.65000000000038,50.0,20.0,0.0,0.0,1.1999999999999984,0.0,0.0,0.5,0.0,-0.0,0.5,0.0,-0.0,1.2,0.0,-0.0,0.23000000000000967,0.19999999999998863,12.414043737218597,none,0.2400000000000091,0.0,-0.009999999999999431,-0.0
R06_head_on_vertical_offset,169,34.80000000000016,59.89000000000039,50.0,20.0,0.0,0.0,1.1999999999999984,0.0,0.0,0.5,0.0,-0.0,0.5,0.0,-0.0,1.2,0.0,-0.0,0.23000000000000967,0.19999999999998863,12.720540145995416,none,0.2400000000000091,0.0,-0.009999999999999431,-0.0
R06_head_on_vertical_offset,170,35.00000000000015,60.1300000000004,50.0,20.0,0.0,0.0,1.1999999999999984,0.0,0.0,0.5,0.0,-0.0,0.5,0.0,-0.0,1.2,0.0,-0.0,0.23000000000000967,0.19999999999998863,13.027624977723926,none,0.2400000000000091,0.0,-0.009999999999999431,-0.0
R06_head_on_vertical_offset,171,35.20000000000014,60.37000000000041,50.0,20.0,0.0,0.0,1.1999999999999984,0.0,0.0,0.5,0.0,-0.0,0.5,0.0,-0.0,1.2,0.0,-0.0,0.23000000000000967,0.19999999999998863,13.335261318753343,none,0.2400000000000091,0.0,-0.009999999999999431,-0.0
R06_head_on_vertical_offset,172,35.40000000000013,60.61000000000042,50.0,20.0,0.0,0.0,1.1999999999999984,0.0,0.0,0.5,0.0,-0.0,0.5,0.0,-0.0,1.2,0.0,-0.0,0.23000000000000967,0.19999999999998863,13.643415221358856,none,0.2400000000000091,0.0,-0.009999999999999431,-0.0
R06_head_on_vertical_offset,173,35.600000000000115,60.85000000000043,50.0,20.0,0.0,0.0,1.1999999999999984,0.0,0.0,0.5,0.0,-0.0,0.5,0.0,-0.0,1.2,0.0,-0.0,0.23000000000000967,0.19999999999998863,13.952055417494662,none,0.2400000000000091,0.0,-0.009999999999999431,-0.0
R06_head_on_vertical_offset,174,35.800000000000104,61.09000000000044,50.0,20.0,0.0,0.0,1.1999999999999984,0.0,0.0,0.5,0.0,-0.0,0.5,0.0,-0.0,1.2,0.0,-0.0,0.23000000000000967,0.19999999999998863,14.261153064398545,none,0.2400000000000091,0.0,-0.009999999999999431,-0.0
R06_head_on_vertical_offset,175,36.00000000000009,61.330000000000446,50.0,20.0,0.0,0.0,1.1999999999999984,0.0,0.0,0.5,0.0,-0.0,0.5,0.0,-0.0,1.2,0.0,-0.0,0.23000000000000967,0.19999999999998863,14.570681518078379,none,0.2400000000000091,0.0,-0.009999999999999431,-0.0
R06_head_on_vertical_offset,176,36.20000000000008,61.570000000000455,50.0,20.0,0.0,0.0,1.1999999999999984,0.0,0.0,0.5,0.0,-0.0,0.5,0.0,-0.0,1.2,0.0,-0.0,0.23000000000000967,0.19999999999998863,14.880616131252838,none,0.2400000000000091,0.0,-0.009999999999999431,-0.0
R06_head_on_vertical_offset,177,36.40000000000007,61.810000000000464,50.0,20.0,0.0,0.0,1.1999999999999984,0.0,0.0,0.5,0.0,-0.0,0.5,0.0,-0.0,1.2,0.0,-0.0,0.23000000000000967,0.19999999999998863,15.190934072780996,none,0.2400000000000091,0.0,-0.009999999999999431,-0.0
R06_head_on_vertical_offset,178,36.60000000000006,62.05000000000047,50.0,20.0,0.0,0.0,1.1999999999999984,0.0,0.0,0.5,0.0,-0.0,0.5,0.0,-0.0,1.2,0.0,-0.0,0.23000000000000967,0.19999999999998863,15.501614166010617,none,0.2400000000000091,0.0,-0.009999999999999431,-0.0
R06_head_on_vertical_offset,179,36.80000000000005,62.29000000000048,50.0,20.0,0.0,0.0,1.1999999999999984,0.0,0.0,0.5,0.0,-0.0,0.5,0.0,-0.0,1.2,0.0,-0.0,0.23000000000000967,0.19999999999998863,15.812636743813352,none,0.2400000000000091,0.0,-0.009999999999999431,-0.0
R06_head_on_vertical_offset,180,37.000000000000036,62.53000000000049,50.0,20.0,0.0,0.0,1.1999999999999984,0.0,0.0,0.5,0.0,-0.0,0.5,0.0,-0.0,1.2,0.0,-0.0,0.23000000000000967,0.19999999999998863,16.123983518365087,none,0.2400000000000091,0.0,-0.009999999999999431,-0.0
R06_head_on_vertical_offset,181,37.200000000000024,62.7700000000005,50.0,20.0,0.0,0.0,1.1999999999999984,0.0,0.0,0.5,0.0,-0.0,0.5,0.0,-0.0,1.2,0.0,-0.0,0.23000000000000967,0.19999999999998863,16.43563746397911,none,0.2400000000000091,0.0,-0.009999999999999431,-0.0
R06_head_on_vertical_offset,182,37.40000000000001,63.01000000000051,50.0,20.0,0.0,0.0,1.1999999999999984,0.0,0.0,0.5,0.0,-0.0,0.5,0.0,-0.0,1.2,0.0,-0.0,0.23000000000000967,0.19999999999998863,16.74758271151426,none,0.2400000000000091,0.0,-0.009999999999999431,-0.0
R06_head_on_vertical_offset,183,37.6,63.25000000000052,50.0,20.0,0.0,0.0,1.1999999999999984,0.0,0.0,0.5,0.0,-0.0,0.5,0.0,-0.0,1.2,0.0,-0.0,0.23000000000000967,0.19999999999998863,17.059804453065283,none,0.2400000000000091,0.0,-0.009999999999999431,-0.0
R06_head_on_vertical_offset,184,37.79999999999999,63.49000000000053,50.0,20.0,0.0,0.0,1.1999999999999984,0.0,0.0,0.5,0.0,-0.0,0.5,0.0,-0.0,1.2,0.0,-0.0,0.23000000000000967,0.19999999999998863,17.37228885580246,none,0.2400000000000091,0.0,-0.009999999999999431,-0.0
R06_head_on_vertical_offset,185,37.99999999999998,63.73000000000054,50.0,20.0,0.0,0.0,1.1999999999999984,0.0,0.0,0.5,0.0,-0.0,0.5,0.0,-0.0,1.2,0.0,-0.0,0.23000000000000967,0.19999999999998863,17.685022983965833,none,0.2400000000000091,0.0,-0.009999999999999431,-0.0
R06_head_on_vertical_offset,186,38.19999999999997,63.970000000000546,50.0,20.0,0.0,0.0,1.1999999999999984,0.0,0.0,0.5,0.0,-0.0,0.5,0.0,-0.0,1.2,0.0,-0.0,0.23000000000000967,0.19999999999998863,17.997994728139407,none,0.2400000000000091,0.0,-0.009999999999999431,-0.0
R06_head_on_vertical_offset,187,38.399999999999956,64.21000000000055,50.0,20.0,0.0,0.0,1.1999999999999984,0.0,0.0,0.5,0.0,-0.0,0.5,0.0,-0.0,1.2,0.0,-0.0,0.23000000000000256,0.19999999999998863,18.311192741034635,none,0.240000000000002,0.0,-0.009999999999999431,-0.0
R06_head_on_vertical_offset,188,38.599999999999945,64.45000000000056,50.0,20.0,0.0,0.0,1.1999999999999984,0.0,0.0,0.5,0.0,-0.0,0.5,0.0,-0.0,1.2,0.0,-0.0,0.23000000000000967,0.19999999999998863,18.624606379103327,none,0.2400000000000091,0.0,-0.009999999999999431,-0.0
R06_head_on_vertical_offset,189,38.79999999999993,64.69000000000057,50.0,20.0,0.0,0.0,1.1999999999999984,0.0,0.0,0.5,0.0,-0.0,0.5,0.0,-0.0,1.2,0.0,-0.0,0.23000000000000967,0.19999999999998863,18.938225649378953,none,0.2400000000000091,0.0,-0.009999999999999431,-0.0
R06_head_on_vertical_offset,190,38.99999999999992,64.93000000000058,50.0,20.0,0.0,0.0,1.1999999999999984,0.0,0.0,0.5,0.0,-0.0,0.5,0.0,-0.0,1.2,0.0,-0.0,0.23000000000000967,0.19999999999998863,19.25204116101414,none,0.2400000000000091,0.0,-0.009999999999999431,-0.0
R06_head_on_vertical_offset,191,39.19999999999991,65.17000000000058,50.0,20.0,0.0,0.0,1.1999999999999984,0.0,0.0,0.5,0.0,-0.0,0.5,0.0,-0.0,1.2,0.0,-0.0,0.23000000000000967,0.19999999999998863,19.566044081042754,none,0.2400000000000091,0.0,-0.009999999999999431,-0.0
R06_head_on_vertical_offset,192,39.3999999999999,65.4100000000006,50.0,20.0,0.0,0.0,1.1999999999999984,0.0,0.0,0.5,0.0,-0.0,0.5,0.0,-0.0,1.2,0.0,-0.0,0.23000000000000967,0.19999999999998863,19.880226093947435,none,0.2400000000000091,0.0,-0.009999999999999431,-0.0
R06_head_on_vertical_offset,193,39.59999999999989,65.6500000000006,50.0,20.0,0.0,0.0,1.1999999999999984,0.0,0.0,0.5,0.0,-0.0,0.5,0.0,-0.0,1.2,0.0,-0.0,0.23000000000000967,0.19999999999998863,20.194579364659905,none,0.2400000000000091,0.0,-0.009999999999999431,-0.0
R06_head_on_vertical_offset,194,39.799999999999876,65.89000000000061,50.0,20.0,0.0,0.0,1.1999999999999984,0.0,0.0,0.5,0.0,-0.0,0.5,0.0,-0.0,1.2,0.0,-0.0,0.23000000000000967,0.19999999999998863,20.509096504662132,none,0.2400000000000091,0.0,-0.009999999999999431,-0.0
R06_head_on_vertical_offset,195,39.999999999999865,66.13000000000062,50.0,20.0,0.0,0.0,1.1999999999999984,0.0,0.0,0.5,0.0,-0.0,0.5,0.0,-0.0,1.2,0.0,-0.0,0.23000000000000967,0.19999999999998863,20.82377054089212,none,0.2400000000000091,0.0,-0.009999999999999431,-0.0
R06_head_on_vertical_offset,196,40.199999999999854,66.37000000000063,50.0,20.0,0.0,0.0,1.1999999999999984,0.0,0.0,0.5,0.0,-0.0,0.5,0.0,-0.0,1.2,0.0,-0.0,0.23000000000000967,0.19999999999998863,21.138594887189775,none,0.2400000000000091,0.0,-0.009999999999999431,-0.0
R06_head_on_vertical_offset,197,40.39999999999984,66.61000000000064,50.0,20.0,0.0,0.0,1.1999999999999984,0.0,0.0,0.5,0.0,-0.0,0.5,0.0,-0.0,1.2,0.0,-0.0,0.23000000000000967,0.19999999999998863,21.453563318046175,none,0.2400000000000091,0.0,-0.009999999999999431,-0.0
R06_head_on_vertical_offset,198,40.59999999999983,66.85000000000065,50.0,20.0,0.0,0.0,1.1999999999999984,0.0,0.0,0.5,0.0,-0.0,0.5,0.0,-0.0,1.2,0.0,-0.0,0.23000000000000967,0.19999999999998863,21.768669944444124,none,0.2400000000000091,0.0,-0.009999999999999431,-0.0
R06_head_on_vertical_offset,199,40.79999999999982,67.09000000000066,50.0,20.0,0.0,0.0,1.1999999999999984,0.0,0.0,0.5,0.0,-0.0,0.5,0.0,-0.0,1.2,0.0,-0.0,0.23000000000000967,0.19999999999998863,22.08390919159983,none,0.2400000000000091,0.0,-0.009999999999999431,-0.0
R06_head_on_vertical_offset,200,40.99999999999981,67.33000000000067,50.0,20.0,0.0,0.0,1.1999999999999984,0.0,0.0,0.5,0.0,-0.0,0.5,0.0,-0.0,1.2,0.0,-0.0,0.23000000000000967,0.19999999999998863,22.399275778434806,none,0.2400000000000091,0.0,-0.009999999999999431,-0.0
R06_head_on_vertical_offset,201,41.1999999999998,67.57000000000068,50.0,20.0,0.0,0.0,1.1999999999999984,0.0,0.0,0.5,0.0,-0.0,0.5,0.0,-0.0,1.2,0.0,-0.0,0.23000000000000967,0.19999999999998863,22.71476469862428,none,0.2400000000000091,0.0,-0.009999999999999431,-0.0
R06_head_on_vertical_offset,202,41.399999999999785,67.81000000000068,50.0,20.0,0.0,0.0,1.1999999999999984,0.0,0.0,0.5,0.0,-0.0,0.5,0.0,-0.0,1.2,0.0,-0.0,0.23000000000000967,0.19999999999998863,23.030371203083767,none,0.2400000000000091,0.0,-0.009999999999999431,-0.0
R06_head_on_vertical_offset,203,41.599999999999774,68.0500000000007,50.0,20.0,0.0,0.0,1.1999999999999984,0.0,0.0,0.5,0.0,-0.0,0.5,0.0,-0.0,1.2,0.0,-0.0,0.23000000000000967,0.19999999999998863,23.346090783768986,none,0.2400000000000091,0.0,-0.009999999999999431,-0.0
R06_head_on_vertical_offset,204,41.79999999999976,68.2900000000007,50.0,20.0,0.0,0.0,1.1999999999999984,0.0,0.0,0.5,0.0,-0.0,0.5,0.0,-0.0,1.2,0.0,-0.0,0.23000000000000967,0.19999999999998863,23.66191915867638,none,0.2400000000000091,0.0,-0.009999999999999431,-0.0
R06_head_on_vertical_offset,205,41.99999999999975,68.53000000000071,50.0,20.0,0.0,0.0,1.1999999999999984,0.0,0.0,0.5,0.0,-0.0,0.5,0.0,-0.0,1.2,0.0,-0.0,0.23000000000000967,0.19999999999998863,23.977852257942555,none,0.2400000000000091,0.0,-0.009999999999999431,-0.0
R06_head_on_vertical_offset,206,42.19999999999974,68.77000000000072,50.0,20.0,0.0,0.0,1.1999999999999984,0.0,0.0,0.5,0.0,-0.0,0.5,0.0,-0.0,1.2,0.0,-0.0,0.23000000000000967,0.19999999999998863,24.29388621095034,none,0.2400000000000091,0.0,-0.009999999999999431,-0.0
R06_head_on_vertical_offset,207,42.39999999999973,69.01000000000073,50.0,20.0,0.0,0.0,1.1999999999999984,0.0,0.0,0.5,0.0,-0.0,0.5,0.0,-0.0,1.2,0.0,-0.0,0.23000000000000967,0.19999999999998863,24.610017334358087,none,0.2400000000000091,0.0,-0.009999999999999431,-0.0
R06_head_on_vertical_offset,208,42.59999999999972,69.25000000000074,50.0,20.0,0.0,0.0,1.1999999999999984,0.0,0.0,0.5,0.0,-0.0,0.5,0.0,-0.0,1.2,0.0,-0.0,0.23000000000000967,0.19999999999998863,24.926242120976422,none,0.2400000000000091,0.0,-0.009999999999999431,-0.0
R06_head_on_vertical_offset,209,42.799999999999706,69.49000000000075,50.0,20.0,0.0,0.0,1.1999999999999984,0.0,0.0,0.5,0.0,-0.0,0.5,0.0,-0.0,1.2,0.0,-0.0,0.23000000000000967,0.19999999999998863,25.242557229423777,none,0.2400000000000091,0.0,-0.009999999999999431,-0.0
R06_head_on_vertical_offset,210,42.999999999999694,69.73000000000076,50.0,20.0,0.0,0.0,1.1999999999999984,0.0,0.0,0.5,0.0,-0.0,0.5,0.0,-0.0,1.2,0.0,-0.0,0.23000000000000967,0.19999999999998863,25.55895947449812,none,0.2400000000000091,0.0,-0.009999999999999431,-0.0
R06_head_on_vertical_offset,211,43.19999999999968,69.97000000000077,50.0,20.0,0.0,0.0,1.1999999999999984,0.0,0.0,0.5,0.0,-0.0,0.5,0.0,-0.0,1.2,0.0,-0.0,0.23000000000000967,0.19999999999998863,25.87544581820811,none,0.2400000000000091,0.0,-0.009999999999999431,-0.0
R06_head_on_vertical_offset,212,43.39999999999967,70.21000000000078,50.0,20.0,0.0,0.0,1.1999999999999984,0.0,0.0,0.5,0.0,-0.0,0.5,0.0,-0.0,1.2,0.0,-0.0,0.23000000000000967,0.19999999999998863,26.19201336141185,none,0.2400000000000091,0.0,-0.009999999999999431,-0.0
R06_head_on_vertical_offset,213,43.59999999999966,70.45000000000078,50.0,20.0,0.0,0.0,1.1999999999999984,0.0,0.0,0.5,0.0,-0.0,0.5,0.0,-0.0,1.2,0.0,-0.0,0.23000000000000967,0.19999999999998863,26.508659336016017,none,0.2400000000000091,0.0,-0.009999999999999431,-0.0
R06_head_on_vertical_offset,214,43.79999999999965,70.6900000000008,50.0,20.0,0.0,0.0,1.1999999999999984,0.0,0.0,0.5,0.0,-0.0,0.5,0.0,-0.0,1.2,0.0,-0.0,0.23000000000000967,0.19999999999998863,26.825381097692286,none,0.2400000000000091,0.0,-0.009999999999999431,-0.0
R06_head_on_vertical_offset,215,43.99999999999964,70.9300000000008,50.0,20.0,0.0,0.0,1.1999999999999984,0.0,0.0,0.5,0.0,-0.0,0.5,0.0,-0.0,1.2,0.0,-0.0,0.23000000000000967,0.19999999999998863,27.142176119071692,none,0.2400000000000091,0.0,-0.009999999999999431,-0.0
R06_head_on_vertical_offset,216,44.199999999999626,71.17000000000081,50.0,20.0,0.0,0.0,1.1999999999999984,0.0,0.0,0.5,0.0,-0.0,0.5,0.0,-0.0,1.2,0.0,-0.0,0.23000000000000967,0.19999999999998863,27.45904198338089,none,0.2400000000000091,0.0,-0.009999999999999431,-0.0
R06_head_on_vertical_offset,217,44.399999999999615,71.41000000000082,50.0,20.0,0.0,0.0,1.1999999999999984,0.0,0.0,0.5,0.0,-0.0,0.5,0.0,-0.0,1.2,0.0,-0.0,0.23000000000000967,0.19999999999998863,27.775976378487403,none,0.2400000000000091,0.0,-0.009999999999999431,-0.0
R06_head_on_vertical_offset,218,44.5999999999996,71.65000000000083,50.0,20.0,0.0,0.0,1.1999999999999984,0.0,0.0,0.5,0.0,-0.0,0.5,0.0,-0.0,1.2,0.0,-0.0,0.23000000000000967,0.19999999999998863,28.09297709132366,none,0.2400000000000091,0.0,-0.009999999999999431,-0.0
R06_head_on_vertical_offset,219,44.79999999999959,71.89000000000084,50.0,20.0,0.0,0.0,1.1999999999999984,0.0,0.0,0.5,0.0,-0.0,0.5,0.0,-0.0,1.2,0.0,-0.0,0.23000000000000967,0.19999999999998863,28.410042002662117,none,0.2400000000000091,0.0,-0.009999999999999431,-0.0
R06_head_on_vertical_offset,220,44.99999999999958,72.13000000000085,50.0,20.0,0.0,0.0,1.1999999999999984,0.0,0.0,0.5,0.0,-0.0,0.5,0.0,-0.0,1.2,0.0,-0.0,0.23000000000000967,0.19999999999998863,28.727169082216115,none,0.2400000000000091,0.0,-0.009999999999999431,-0.0
R06_head_on_vertical_offset,221,45.19999999999957,72.37000000000086,50.0,20.0,0.0,0.0,1.1999999999999984,0.0,0.0,0.5,0.0,-0.0,0.5,0.0,-0.0,1.2,0.0,-0.0,0.23000000000000967,0.19999999999998863,29.044356384043084,none,0.2400000000000091,0.0,-0.009999999999999431,-0.0
R06_head_on_vertical_offset,222,45.39999999999956,72.61000000000087,50.0,20.0,0.0,0.0,1.1999999999999984,0.0,0.0,0.5,0.0,-0.0,0.5,0.0,-0.0,1.2,0.0,-0.0,0.23000000000000967,0.19999999999998863,29.361602042228668,none,0.2400000000000091,0.0,-0.009999999999999431,-0.0
R06_head_on_vertical_offset,223,45.59999999999955,72.85000000000088,50.0,20.0,0.0,0.0,1.1999999999999984,0.0,0.0,0.5,0.0,-0.0,0.5,0.0,-0.0,1.2,0.0,-0.0,0.23000000000000967,0.19999999999998863,29.678904266832046,none,0.2400000000000091,0.0,-0.009999999999999431,-0.0
R06_head_on_vertical_offset,224,45.799999999999535,73.09000000000088,50.0,20.0,0.0,0.0,1.1999999999999984,0.0,0.0,0.5,0.0,-0.0,0.5,0.0,-0.0,1.2,0.0,-0.0,0.23000000000000967,0.19999999999998863,29.99626134007422,none,0.2400000000000091,0.0,-0.009999999999999431,-0.0
R06_head_on_vertical_offset,225,45.999999999999524,73.3300000000009,50.0,20.0,0.0,0.0,1.1999999999999984,0.0,0.0,0.5,0.0,-0.0,0.5,0.0,-0.0,1.2,0.0,-0.0,0.23000000000000967,0.19999999999998863,30.31367161275261,none,0.2400000000000091,0.0,-0.009999999999999431,-0.0
R06_head_on_vertical_offset,226,46.19999999999951,73.5700000000009,50.0,20.0,0.0,0.0,1.1999999999999984,0.0,0.0,0.5,0.0,-0.0,0.5,0.0,-0.0,1.2,0.0,-0.0,0.23000000000000967,0.19999999999998863,30.6311335008664,none,0.2400000000000091,0.0,-0.009999999999999431,-0.0
R06_head_on_vertical_offset,227,46.3999999999995,73.81000000000091,50.0,20.0,0.0,0.0,1.1999999999999984,0.0,0.0,0.5,0.0,-0.0,0.5,0.0,-0.0,1.2,0.0,-0.0,0.23000000000000967,0.19999999999998863,30.948645482438465,none,0.2400000000000091,0.0,-0.009999999999999431,-0.0
R06_head_on_vertical_offset,228,46.59999999999949,74.05000000000092,50.0,20.0,0.0,0.0,1.1999999999999984,0.0,0.0,0.5,0.0,-0.0,0.5,0.0,-0.0,1.2,0.0,-0.0,0.23000000000000967,0.19999999999998863,31.266206094520662,none,0.2400000000000091,0.0,-0.009999999999999431,-0.0
R06_head_on_vertical_offset,229,46.79999999999948,74.29000000000093,50.0,20.0,0.0,0.0,1.1999999999999984,0.0,0.0,0.5,0.0,-0.0,0.5,0.0,-0.0,1.2,0.0,-0.0,0.23000000000000967,0.19999999999998863,31.58381393037027,none,0.2400000000000091,0.0,-0.009999999999999431,-0.0
R06_head_on_vertical_offset,230,46.99999999999947,74.53000000000094,50.0,20.0,0.0,0.0,1.1999999999999984,0.0,0.0,0.5,0.0,-0.0,0.5,0.0,-0.0,1.2,0.0,-0.0,0.23000000000000967,0.19999999999998863,31.901467636786414,none,0.2400000000000091,0.0,-0.009999999999999431,-0.0
R06_head_on_vertical_offset,231,47.199999999999456,74.77000000000095,50.0,20.0,0.0,0.0,1.1999999999999984,0.0,0.0,0.5,0.0,-0.0,0.5,0.0,-0.0,1.2,0.0,-0.0,0.23000000000000967,0.19999999999998863,32.219165911595994,none,0.2400000000000091,0.0,-0.009999999999999431,-0.0
R06_head_on_vertical_offset,232,47.399999999999444,75.01000000000096,50.0,20.0,0.0,0.0,1.1999999999999984,0.0,0.0,0.5,0.0,-0.0,0.5,0.0,-0.0,1.2,0.0,-0.0,0.23000000000000967,0.19999999999998863,32.536907501279345,none,0.2400000000000091,0.0,-0.009999999999999431,-0.0
R06_head_on_vertical_offset,233,47.59999999999943,75.25000000000097,50.0,20.0,0.0,0.0,1.1999999999999984,0.0,0.0,0.5,0.0,-0.0,0.5,0.0,-0.0,1.2,0.0,-0.0,0.23000000000000967,0.19999999999998863,32.85469119872691,none,0.2400000000000091,0.0,-0.009999999999999431,-0.0
R06_head_on_vertical_offset,234,47.79999999999942,75.49000000000098,50.0,20.0,0.0,0.0,1.1999999999999984,0.0,0.0,0.5,0.0,-0.0,0.5,0.0,-0.0,1.2,0.0,-0.0,0.23000000000000967,0.19999999999998863,33.17251584111839,none,0.2400000000000091,0.0,-0.009999999999999431,-0.0
R06_head_on_vertical_offset,235,47.99999999999941,75.73000000000098,50.0,20.0,0.0,0.0,1.1999999999999984,0.0,0.0,0.5,0.0,-0.0,0.5,0.0,-0.0,1.2,0.0,-0.0,0.23000000000000967,0.19999999999998863,33.490380307916766,none,0.2400000000000091,0.0,-0.009999999999999431,-0.0
R06_head_on_vertical_offset,236,48.1999999999994,75.970000000001,50.0,20.0,0.0,0.0,1.1999999999999984,0.0,0.0,0.5,0.0,-0.0,0.5,0.0,-0.0,1.2,0.0,-0.0,0.23000000000000967,0.19999999999998863,33.80828351897001,none,0.2400000000000091,0.0,-0.009999999999999431,-0.0
R06_head_on_vertical_offset,237,48.39999999999939,76.210000000001,50.0,20.0,0.0,0.0,1.1999999999999984,0.0,0.0,0.5,0.0,-0.0,0.5,0.0,-0.0,1.2,0.0,-0.0,0.23000000000000967,0.19999999999998863,34.12622443271384,none,0.2400000000000091,0.0,-0.009999999999999431,-0.0
R06_head_on_vertical_offset,238,48.599999999999376,76.45000000000101,50.0,20.0,0.0,0.0,1.1999999999999984,0.0,0.0,0.5,0.0,-0.0,0.5,0.0,-0.0,1.2,0.0,-0.0,0.23000000000000967,0.19999999999998863,34.44420204446925,none,0.2400000000000091,0.0,-0.009999999999999431,-0.0
R06_head_on_vertical_offset,239,48.799999999999365,76.69000000000102,50.0,20.0,0.0,0.0,1.1999999999999984,0.0,0.0,0.5,0.0,-0.0,0.5,0.0,-0.0,1.2,0.0,-0.0,0.23000000000000967,0.19999999999998863,34.76221538482914,none,0.2400000000000091,0.0,-0.009999999999999431,-0.0
R06_head_on_vertical_offset,240,48.99999999999935,76.93000000000103,50.0,20.0,0.0,0.0,1.1999999999999984,0.0,0.0,0.5,0.0,-0.0,0.5,0.0,-0.0,1.2,0.0,-0.0,0.23000000000000967,0.19999999999998863,35.080263518128646,none,0.2400000000000091,0.0,-0.009999999999999431,-0.0
R06_head_on_vertical_offset,241,49.19999999999934,77.17000000000104,50.0,20.0,0.0,0.0,1.1999999999999984,0.0,0.0,0.5,0.0,-0.0,0.5,0.0,-0.0,1.2,0.0,-0.0,0.23000000000000967,0.19999999999998863,35.39834554099407,none,0.2400000000000091,0.0,-0.009999999999999431,-0.0
R06_head_on_vertical_offset,242,49.39999999999933,77.41000000000105,50.0,20.0,0.0,0.0,1.1999999999999984,0.0,0.0,0.5,0.0,-0.0,0.5,0.0,-0.0,1.2,0.0,-0.0,0.23000000000000967,0.19999999999998863,35.71646058096596,none,0.2400000000000091,0.0,-0.009999999999999431,-0.0
R06_head_on_vertical_offset,243,49.59999999999932,77.65000000000106,50.0,20.0,0.0,0.0,1.1999999999999984,0.0,0.0,0.5,0.0,-0.0,0.5,0.0,-0.0,1.2,0.0,-0.0,0.23000000000000967,0.19999999999998863,36.03460779519169,none,0.2400000000000091,0.0,-0.009999999999999431,-0.0
R06_head_on_vertical_offset,244,49.79999999999931,77.89000000000107,50.0,20.0,0.0,0.0,1.1999999999999984,0.0,0.0,0.5,0.0,-0.0,0.5,0.0,-0.0,1.2,0.0,-0.0,0.23000000000000967,0.19999999999998863,36.3527863691838,none,0.2400000000000091,0.0,-0.009999999999999431,-0.0
R06_head_on_vertical_offset,245,49.89166666666508,78.0,50.0,20.0,0.0,0.0,1.1999999999999984,0.0,0.0,0.5,0.0,-0.0,0.5,0.0,-0.0,1.2,0.0,-0.0,100.10541666666565,0.09166666666577328,36.67099551563999,goal_success,0.10999999999893362,100.0,-0.004583333333288664,-0.0
