case_id,control_step,timestamp_s,north_m,east_m,down_m,yaw_rad,pitch_rad,surge_speed_mps,yaw_rate_rad_s,pitch_rate_rad_s,nominal_a0,nominal_a1,nominal_a2,executed_a0,executed_a1,executed_a2,surge_command_mps,yaw_rate_command_rad_s,pitch_rate_command_rad_s,reward,elapsed_s,minimum_clearance_m,failure_type,reward_progress,reward_goal,reward_time,reward_smoothness
R03_shallower_empty,0,1.0,20.289870481880357,50.0,27.92270120483191,0.0,0.260602391747341,0.3,0.0,0.0,,,,,,,,,,,,,,,,,
R03_shallower_empty,1,1.2000000000000002,20.35755409373499,50.00022673918901,27.904845877015646,0.010000000000000002,0.2526619778900896,0.4000000000000001,0.1,-0.07716507179588081,0.8149673342704773,0.9882357120513916,-0.9809179902076721,0.8149673342704773,0.9882357120513916,-0.9809179902076721,1.3889804005622863,0.345882499217987,-0.24522949755191803,-0.044659406006985175,0.20000000000000018,,none,0.06999892100412808,0.0,-0.010000000000000009,-0.10465832701111324
R03_shallower_empty,2,1.4000000000000004,20.44488980035954,50.002227502318476,27.883218947194635,0.03743382899238276,0.23139270421041086,0.5000000000000001,0.1691280955419221,-0.1314371693015593,0.9768014550209045,0.8856839537620544,-0.9681064486503601,0.9768014550209045,0.8856839537620544,-0.9681064486503601,1.4860808730125428,0.30998938381671903,-0.24202661216259003,0.07922177200414943,0.20000000000000018,,none,0.0899591976314369,0.0,-0.010000000000000009,-0.0007374256272874647
R03_shallower_empty,3,1.6000000000000005,20.552136447483697,50.008275445365875,27.85956690479711,0.07564048270413432,0.20169484593222,0.6000000000000002,0.20986787835699017,-0.1631511279141687,0.9694929718971252,0.8368077874183655,-0.9110967516899109,0.9694929718971252,0.8368077874183655,-0.9110967516899109,1.481695783138275,0.2928827255964279,-0.22777418792247772,0.09960501621476565,0.20000000000000018,,none,0.10971886419695664,0.0,-0.010000000000000009,-0.00011384798219097548
R03_shallower_empty,4,1.8000000000000007,20.679290959505796,50.02077435389484,27.83565923045943,0.12007421559944234,0.1689999415801405,0.7000000000000003,0.23274518476219014,-0.16375258379168994,0.953668475151062,0.7981769442558289,-0.659912645816803,0.953668475151062,0.7981769442558289,-0.659912645816803,1.4722010850906373,0.27936193048954006,-0.16497816145420074,0.11771976913483448,0.20000000000000018,,none,0.12901649337051424,0.0,-0.010000000000000009,-0.0012967242356797472
R03_shallower_empty,5,2.000000000000001,20.82593995523831,50.04208546435004,27.812532020420463,0.16800087000979605,0.14384092348397684,0.8000000000000004,0.2455558199474489,-0.0923761281561801,0.9085688591003418,0.7761710286140442,0.2191157042980194,0.9085688591003418,0.7761710286140442,0.2191157042980194,1.445141315460205,0.27165986001491543,0.05477892607450485,0.1221352323757969,0.20000000000000018,,none,0.14763941389573176,0.0,-0.010000000000000009,-0.015504181519934851
R03_shallower_empty,6,2.2,20.99118271932745,50.074486934227416,27.789316455650066,0.21894874358416577,0.1331958148315936,0.9000000000000005,0.2626356096219821,-0.017558212755614127,0.859746515750885,0.8498252630233765,0.5600584745407104,0.859746515750885,0.8498252630233765,0.5600584745407104,1.415847909450531,0.2974388420581817,0.1400146186351776,0.15311935865272547,0.1999999999999993,,none,0.16560036945347179,0.0,-0.009999999999999966,-0.0024810108007463504
R03_shallower_empty,7,2.3999999999999995,21.173842715888064,50.12034149699212,27.764321364131426,0.27240579201856263,0.1312582470800356,1.0000000000000004,0.2712831112925408,-0.002920696443906288,0.8424298167228699,0.825439989566803,0.10762380808591843,0.8424298167228699,0.825439989566803,0.10762380808591843,1.405457890033722,0.28890399634838104,0.026905952021479607,0.1687235840667983,0.1999999999999993,,none,0.182835416807535,0.0,-0.009999999999999966,-0.0041118327407367525
R03_shallower_empty,8,2.5999999999999988,21.370344029205985,50.18111078423263,27.737373554609228,0.3269671863211202,0.12854199065896793,1.0712948785403835,0.2741172242377187,-0.02274751745072414,0.7041740417480469,0.7996921539306641,-0.25259333848953247,0.7041740417480469,0.7996921539306641,-0.25259333848953247,1.322504425048828,0.2798922538757324,-0.06314833462238312,0.18363252084462642,0.1999999999999993,,none,0.19662320090544227,0.0,-0.009999999999999966,-0.002990680060815888
R03_shallower_empty,9,2.799999999999998,21.572323816013892,50.25582515449669,27.710216195232043,0.38121460438832355,0.1214518911678335,1.098296967838282,0.2687606799390969,-0.04637283399618052,0.4890660047531128,0.7367020845413208,-0.3780551552772522,0.4890660047531128,0.7367020845413208,-0.3780551552772522,1.1934396028518677,0.2578457295894623,-0.09451378881931305,0.19051894942086794,0.1999999999999993,,none,0.20183854709873117,0.0,-0.009999999999999966,-0.0013195976778632712
R03_shallower_empty,10,2.9999999999999973,21.770190850317075,50.341343611176235,27.6850250763725,0.43482730294861244,0.11060876411036039,1.0733654342242176,0.26746403404875896,-0.06095906990580093,0.14253076910972595,0.7566339373588562,-0.3627249002456665,0.14253076910972595,0.7566339373588562,-0.3627249002456665,0.9855184614658354,0.26482187807559965,-0.09068122506141663,0.18477569531488017,0.1999999999999993,,none,0.19719007461524996,0.0,-0.009999999999999966,-0.00241437930036982
R03_shallower_empty,11,3.1999999999999966,21.955213532032552,50.433356781286854,27.663306101231104,0.4888700726201244,0.09884363863541182,1.0077443030002873,0.2725782067437752,-0.0569912406950052,-0.20578938722610474,0.8085693717002869,-0.1956242173910141,-0.20578938722610474,0.8085693717002869,-0.1956242173910141,0.7765263676643371,0.2829992800951004,-0.048906054347753525,0.1706629550473582,0.1999999999999993,,none,0.183701892224569,0.0,-0.009999999999999966,-0.0030389371772108343
R03_shallower_empty,12,3.399999999999996,22.125440948108817,50.529934250674806,27.644974722386742,0.5438025003800555,0.0880456545892243,0.9604421100800654,0.27645395514771054,-0.05140931062896299,-0.17704753577709198,0.8124328851699829,-0.16014038026332855,-0.17704753577709198,0.8124328851699829,-0.16014038026332855,0.7937714785337449,0.284351509809494,-0.04003509506583214,0.15829642752514014,0.1999999999999993,,none,0.16833842999430715,0.0,-0.009999999999999966,-4.20024691670351e-05
R03_shallower_empty,13,3.599999999999995,22.28528712151258,50.632568217582794,27.62911482150948,0.5972347822390501,0.0789141184196138,0.9466271782881418,0.25917144842892764,-0.04071228723969886,-0.0034168825950473547,0.6398718357086182,-0.07566048949956894,-0.0034168825950473547,0.6398718357086182,-0.07566048949956894,0.8979498704429716,0.22395514249801635,-0.018915122374892235,0.14609534823814488,0.1999999999999993,,none,0.1574365836673266,0.0,-0.009999999999999966,-0.0013412354291817558
R03_shallower_empty,14,3.7999999999999945,22.439987881244047,50.743324889071914,27.614842286691065,0.6433341852351991,0.07088086124437568,0.9608251151731619,0.20584202755988248,-0.03969682039317082,0.18475325405597687,0.2776384651660919,-0.15051047503948212,0.18475325405597687,0.2776384651660919,-0.15051047503948212,1.0108519524335862,0.09717346280813216,-0.03762761875987053,0.13831665765470702,0.1999999999999993,,none,0.15176112836265077,0.0,-0.009999999999999966,-0.0034444707079437894
R03_shallower_empty,15,3.999999999999994,22.591409439275534,50.86104116359077,27.601921473232085,0.6746898399355404,0.06402706280853288,0.9615236423943144,0.11184201934588192,-0.02960201117052068,0.10664153844118118,-0.2493872046470642,-0.03612787649035454,0.10664153844118118,-0.2493872046470642,-0.03612787649035454,0.9639849230647086,-0.08728552162647246,-0.009031969122588634,0.1319786827650764,0.1999999999999993,,none,0.14791750027725925,0.0,-0.009999999999999966,-0.005938817512182869
R03_shallower_empty,16,4.199999999999993,22.736116455556605,50.97870666941891,27.59063359289524,0.6870582438047168,0.05609480156300336,0.9094378253128298,0.011955075549950348,-0.04831053703265684,-0.29014673829078674,-0.6415069103240967,-0.3457304835319519,-0.29014673829078674,-0.6415069103240967,-0.3457304835319519,0.7259119570255279,-0.2245274186134338,-0.08643262088298798,0.12261657241875226,0.1999999999999993,,none,0.14075762390713464,0.0,-0.009999999999999966,-0.008141051488382421
R03_shallower_empty,17,4.399999999999992,22.86967087345345,51.088040089591516,27.582043036908527,0.6824143169189264,0.04135509936256315,0.8227875509434679,-0.053463720458742287,-0.09552771924066314,-0.6375452876091003,-0.5336189270019531,-0.7669658660888672,-0.6375452876091003,-0.5336189270019531,-0.7669658660888672,0.5174728274345398,-0.1867666244506836,-0.1917414665222168,0.11299361506872026,0.1999999999999993,,none,0.1291889113993534,0.0,-0.009999999999999966,-0.006195296330633173
R03_shallower_empty,18,4.599999999999992,22.993127696046546,51.18708224222269,27.57723875481892,0.6685115595272125,0.017327662478958554,0.763526901612102,-0.08331403129024367,-0.14129701153294796,-0.5754661560058594,-0.41182732582092285,-0.9382416605949402,-0.5754661560058594,-0.41182732582092285,-0.9382416605949402,0.5547203063964843,-0.14413956403732298,-0.23456041514873505,0.10747680876079432,0.1999999999999993,,none,0.11843725697044505,0.0,-0.009999999999999966,-0.0009604482096507639
R03_shallower_empty,19,4.799999999999991,23.110896236029753,51.27838631250211,27.576884817145594,0.6495005852356548,-0.013818635668669248,0.7283725768044358,-0.10514993635817477,-0.16814261313655712,-0.4924911558628082,-0.4275560975074768,-0.8913819789886475,-0.4924911558628082,-0.4275560975074768,-0.8913819789886475,0.604505306482315,-0.14964463412761686,-0.22284549474716187,0.10157163401366719,0.1999999999999993,,none,0.11175819550702215,0.0,-0.009999999999999966,-0.00018656149335500417
R03_shallower_empty,20,4.99999999999999,23.22558107072478,51.36345447536159,27.581251166533267,0.6258446607591401,-0.04755281664136617,0.7015591837135746,-0.12956885131734622,-0.16912514316275143,-0.4881976246833801,-0.5123625993728638,-0.6845089197158813,-0.4881976246833801,-0.5123625993728638,-0.6845089197158813,0.6070814251899719,-0.1793269097805023,-0.17112722992897034,0.09651602377655488,0.1999999999999993,,none,0.10751616457298496,0.0,-0.009999999999999966,-0.00100014079643012
R03_shallower_empty,21,5.1999999999999895,23.337690977013942,51.44222566404418,27.589944664863715,0.5984026780685955,-0.07828848752613995,0.6728052581404964,-0.14377988775300654,-0.14039682323902145,-0.5475167036056519,-0.49353572726249695,-0.32743021845817566,-0.5475167036056519,-0.49353572726249695,-0.32743021845817566,0.5714899778366089,-0.17273750454187392,-0.08185755461454391,0.09126351740438586,0.1999999999999993,,none,0.10389108546697656,0.0,-0.009999999999999966,-0.0026275680625907328
R03_shallower_empty,22,5.399999999999989,23.44653311820638,51.51420304514305,27.60173476842229,0.5700644885963784,-0.09978993494327962,0.6390519427178111,-0.13989482472177275,-0.07922795706599314,-0.6331313848495483,-0.3770808279514313,0.18165971338748932,-0.6331313848495483,-0.3770808279514313,0.18165971338748932,0.520121169090271,-0.13197828978300094,0.04541492834687233,0.08435597717647791,0.1999999999999993,,none,0.09995726069497124,0.0,-0.009999999999999966,-0.005601283518493365
R03_shallower_empty,23,5.599999999999988,23.551912374422436,51.57988523978931,27.614871668001108,0.5458096141632005,-0.10861073974545095,0.6109618649762759,-0.10526404629961943,-0.01390359723658334,-0.6466905474662781,-0.09913550317287445,0.4768275022506714,-0.6466905474662781,-0.09913550317287445,0.4768275022506714,0.5119856715202331,-0.03469742611050605,0.11920687556266785,0.08301839533457182,0.1999999999999993,,none,0.09630962489536188,0.0,-0.009999999999999966,-0.0032912295607900877
R03_shallower_empty,24,5.799999999999987,23.655836364810856,51.64182815013825,27.62804021590908,0.5315661791954305,-0.10651226467908897,0.6062545920813593,-0.04194283227504843,0.0314686362187207,-0.5172193646430969,0.24881674349308014,0.49569183588027954,-0.5172193646430969,0.24881674349308014,0.49569183588027954,0.5896683812141419,0.08708586022257804,0.12392295897006989,0.08213271016375753,0.1999999999999993,,none,0.09489649848825366,0.0,-0.009999999999999966,-0.0027637883244961614
R03_shallower_empty,25,5.999999999999987,23.761559075223204,51.70372723238224,27.640839955663893,0.5302880879533542,-0.10251229896881112,0.6246525176011533,0.024178356465207676,0.010138663926067971,-0.3508697748184204,0.45403575897216797,-0.13330040872097015,-0.3508697748184204,0.45403575897216797,-0.13330040872097015,0.6894781351089477,0.15891251564025877,-0.03332510218024254,0.07732099595069412,0.1999999999999993,,none,0.09662936143304535,0.0,-0.009999999999999966,-0.009308365482351252
R03_shallower_empty,26,6.199999999999986,23.870252751099933,51.767963351944005,27.653703528226867,0.5383203134118064,-0.10060820569472999,0.6435580186152026,0.05390350913926854,0.008988924814894052,-0.3163798451423645,0.32706859707832336,0.026584474369883537,-0.3163798451423645,0.32706859707832336,0.026584474369883537,0.7101720929145813,0.11447400897741317,0.006646118592470884,0.08844429115021613,0.1999999999999993,,none,0.09930175897600435,0.0,-0.009999999999999966,-0.0008574678257882596
R03_shallower_empty,27,6.399999999999985,23.98075795368581,51.83476769439048,27.66657182271942,0.5491743731924358,-0.09764260029608553,0.6536562084229149,0.05458567381825567,0.019848631533359817,-0.3512708842754364,0.15993060171604156,0.167909175157547,-0.3512708842754364,0.15993060171604156,0.167909175157547,0.6892374694347381,0.05597571060061454,0.04197729378938675,0.08987349078018898,0.1999999999999993,,none,0.10085599408335355,0.0,-0.009999999999999966,-0.0009825033031646059
R03_shallower_empty,28,6.5999999999999845,24.091192277648982,51.903176053341966,27.67907620846451,0.5599890831137144,-0.0946056375394975,0.6515106340190616,0.053633212536641744,0.011174747876055427,-0.42674893140792847,0.14769256114959717,-0.025999581441283226,-0.42674893140792847,0.14769256114959717,-0.025999581441283226,0.6439506411552429,0.05169239640235901,-0.0064998953603208065,0.08984975572992901,0.1999999999999993,,none,0.10071870195235988,0.0,-0.009999999999999966,-0.0008689462224309003
R03_shallower_empty,29,6.799999999999984,24.19989354876973,51.972134026767684,27.691212650533394,0.570642772151458,-0.09394653748395189,0.6419441493251303,0.0529548091968913,-0.0034792717774437334,-0.4862727224826813,0.14734981954097748,-0.1333581954240799,-0.4862727224826813,0.14734981954097748,-0.1333581954240799,0.6082363665103911,0.051572436839342116,-0.033339548856019974,0.08871204741879343,0.1999999999999993,,none,0.09901342884223396,0.0,-0.009999999999999966,-0.0003013814234405649
R03_shallower_empty,30,6.999999999999983,24.30579461182628,52.04084107854349,27.703225104240854,0.5800024211218667,-0.09643567005876685,0.6268403284456036,0.04150467848560688,-0.02015518781019828,-0.5439640283584595,0.051922623068094254,-0.2165418118238449,-0.5439640283584595,0.051922623068094254,-0.2165418118238449,0.5736215829849243,0.018172918073832988,-0.05413545295596123,0.08585594220500636,0.1999999999999993,,none,0.09624302521775974,0.0,-0.009999999999999966,-0.00038708301275340226
R03_shallower_empty,31,7.199999999999982,24.40785034157833,52.10822830103454,27.71537526187263,0.5866032443729243,-0.10228754508703262,0.6032579104278845,0.02569512250524471,-0.03708738068961034,-0.633059024810791,-0.018627924844622612,-0.28635942935943604,-0.633059024810791,-0.018627924844622612,-0.28635942935943604,0.5201645851135254,-0.0065197736956179135,-0.07158985733985901,0.08208215821439056,0.1999999999999993,,none,0.09243795417282996,0.0,-0.009999999999999966,-0.0003557959584394322
R03_shallower_empty,32,7.399999999999982,24.505553029937122,52.173457733351185,27.727953559466055,0.5902318966877639,-0.11185565950183457,0.5793502037302564,0.011649984676660514,-0.057086432111509426,-0.6748154759407043,-0.048484522849321365,-0.3913528025150299,-0.6748154759407043,-0.048484522849321365,-0.3913528025150299,0.4951107144355774,-0.016969582997262478,-0.09783820062875748,0.07783066021317923,0.1999999999999993,,none,0.08810383273441857,0.0,-0.009999999999999966,-0.00027317252123937606
R03_shallower_empty,33,7.599999999999981,24.599271800391026,52.23633672335755,27.7413038485499,0.5911953463640842,-0.1239391232122661,0.5581068487549625,-0.0010577073593431635,-0.06328129713582913,-0.6945745348930359,-0.07700566202402115,-0.303617924451828,-0.6945745348930359,-0.07700566202402115,-0.303617924451828,0.4832552790641784,-0.026951981708407402,-0.075904481112957,0.07386936168904645,0.1999999999999993,,none,0.0840473873814318,0.0,-0.009999999999999966,-0.0001780256923853843
R03_shallower_empty,34,7.79999999999998,24.689978675265902,52.29714003369097,27.755553016946017,0.5892563509251689,-0.13508120143736324,0.5438340287729728,-0.017121515526121674,-0.049200738797502766,-0.6774277687072754,-0.14244142174720764,-0.08203598111867905,-0.6774277687072754,-0.14244142174720764,-0.08203598111867905,0.4935433387756347,-0.04985449761152267,-0.02050899527966976,0.06981470083730122,0.1999999999999993,,none,0.08088818899435068,0.0,-0.009999999999999966,-0.0010734881570494915
R03_shallower_empty,35,7.99999999999998,24.77928004719633,52.3565584639088,27.770568364776974,0.5844668077020563,-0.14210675214672577,0.5394604766278862,-0.02981705229509475,-0.023027452595557402,-0.6265830993652344,-0.15910445153713226,0.12122184783220291,-0.6265830993652344,-0.15910445153713226,0.12122184783220291,0.5240501403808594,-0.05568655803799629,0.030305461958050728,0.06840372887349756,0.1999999999999993,,none,0.07928726051333967,0.0,-0.009999999999999966,-0.0008835316398421478
R03_shallower_empty,36,8.199999999999982,24.869177781326904,52.41563129996276,27.786105995481748,0.578133840521211,-0.14375356085331933,0.5470432918647259,-0.03325360597432837,0.004485695638476325,-0.5437307357788086,-0.11501777172088623,0.24219530820846558,-0.5437307357788086,-0.11501777172088623,0.24219530820846558,0.5737615585327148,-0.040256220102310177,0.060548827052116394,0.06916727270878653,0.20000000000000195,,none,0.07963612726087632,0.0,-0.010000000000000097,-0.0004688545520896936
R03_shallower_empty,37,8.399999999999984,24.961813733066727,52.475656980271644,27.801936981358953,0.5719716193860794,-0.1402440938228128,0.5671418854940375,-0.02871098347976569,0.028778056013917978,-0.43673357367515564,-0.05558442696928978,0.31311294436454773,-0.43673357367515564,-0.05558442696928978,0.31311294436454773,0.6379598557949067,-0.01945454943925142,0.07827823609113693,0.07164789890075289,0.20000000000000284,,none,0.08204809942644431,0.0,-0.010000000000000142,-0.0004002005256912791
R03_shallower_empty,38,8.599999999999987,25.057831357888606,52.537118405585524,27.817659554790968,0.5671478094474587,-0.13355253438160852,0.5829471265361635,-0.020170791397010335,0.03748155448208771,-0.43560442328453064,-0.007910198532044888,0.22086617350578308,-0.43560442328453064,-0.007910198532044888,0.22086617350578308,0.6386373460292816,-0.0027685694862157103,0.05521654337644577,0.07494560615307665,0.20000000000000284,,none,0.085161277628508,0.0,-0.010000000000000142,-0.00021567147543121376
R03_shallower_empty,39,8.79999999999999,25.155990707806655,52.59944593765438,27.832914825119087,0.5649695085403593,-0.12807181612519025,0.5894668180204611,-0.002912944078194173,0.01873830914590408,-0.4792681038379669,0.09215175360441208,-0.07781808823347092,-0.4792681038379669,0.09215175360441208,-0.07781808823347092,0.6124391376972198,0.03225311376154422,-0.01945452205836773,0.07517945561233344,0.20000000000000284,,none,0.08720207960184467,0.0,-0.010000000000000142,-0.0020226239895110867
R03_shallower_empty,40,8.999999999999993,25.25493082798652,52.66218324278102,27.847867509331945,0.5657215215232044,-0.12662876983924237,0.5914844961842824,0.009497683167947527,-0.0026925959264684947,-0.5023435950279236,0.09939038008451462,-0.18544812500476837,-0.5023435950279236,0.09939038008451462,-0.18544812500476837,0.5985938429832458,0.034786633029580113,-0.04636203125119209,0.07766502502995143,0.20000000000000284,,none,0.0879084070463989,0.0,-0.010000000000000142,-0.00024338201644734104
R03_shallower_empty,41,9.199999999999996,25.353582738082498,52.724938415860606,27.862834995966672,0.567284070139572,-0.12847479018348,0.5874521834538625,0.006363989902354475,-0.014851210972532263,-0.5445929765701294,-6.140023469924927e-05,-0.15850655734539032,-0.5445929765701294,-6.140023469924927e-05,-0.15850655734539032,0.5732442140579224,-2.1490082144737243e-05,-0.03962663933634758,0.0772697324792478,0.20000000000000284,,none,0.08751776277759404,0.0,-0.010000000000000142,-0.00024803029834609804
R03_shallower_empty,42,9.399999999999999,25.450803648475,52.78694351290793,27.877942281263465,0.567984100849514,-0.13242418190525596,0.5760456571379267,0.0010377561887480364,-0.023956443570735987,-0.6069092750549316,-0.028044087812304497,-0.17004016041755676,-0.6069092750549316,-0.028044087812304497,-0.17004016041755676,0.535854434967041,-0.009815430734306574,-0.04251004010438919,0.07593756285467938,0.20000000000000284,,none,0.08603355037189431,0.0,-0.010000000000000142,-9.598751721478234e-05
R03_shallower_empty,43,9.600000000000001,25.545933849415075,52.84764517998555,27.893293910378624,0.5677884880746304,-0.13844681821760088,0.5634147016546278,-0.002711315845720668,-0.03540689723341108,-0.6351513862609863,-0.029573554173111916,-0.2349572628736496,-0.6351513862609863,-0.029573554173111916,-0.2349572628736496,0.5189091682434082,-0.01035074396058917,-0.0587393157184124,0.07381800434476016,0.20000000000000284,,none,0.08391828807084067,0.0,-0.010000000000000142,-0.00010028372608037711
R03_shallower_empty,44,9.800000000000004,25.63905830906601,52.90698600219272,27.909100682294305,0.5666913825256333,-0.14615701152487434,0.5525948497823399,-0.007870863783194596,-0.04125431512230499,-0.642548680305481,-0.05252685025334358,-0.21267804503440857,-0.642548680305481,-0.05252685025334358,-0.21267804503440857,0.5144707918167114,-0.01838439758867025,-0.05316951125860214,0.07181183797759885,0.20000000000000284,,none,0.08183339672375212,0.0,-0.010000000000000142,-2.1558746153116994e-05
R03_shallower_empty,45,10.000000000000007,25.7307192504119,52.96517960553607,27.925515637965667,0.5643937634804828,-0.1537175745872673,0.5458019008474626,-0.014598280327607337,-0.034835130368483076,-0.6302220821380615,-0.08087610453367233,-0.0870194137096405,-0.6302220821380615,-0.08087610453367233,-0.0870194137096405,0.521866750717163,-0.028306636586785314,-0.021754853427410126,0.06988369651360067,0.20000000000000284,,none,0.08021861085094173,0.0,-0.010000000000000142,-0.000334914337340915
R03_shallower_empty,46,10.20000000000001,25.821949650495426,53.02271231326114,27.942548605084998,0.5605634570393465,-0.15892255238805605,0.5461155195185512,-0.023066530839595485,-0.01844962547136101,-0.587965726852417,-0.11520616710186005,0.05975549295544624,-0.587965726852417,-0.11520616710186005,0.05975549295544624,0.5472205638885498,-0.040322158485651016,0.01493887323886156,0.06907772893233736,0.20000000000000284,,none,0.07956786945202765,0.0,-0.010000000000000142,-0.0004901405196901446
R03_shallower_empty,47,10.400000000000013,25.914213022248383,53.08032082631611,27.960114635891763,0.5556774332280898,-0.1605877776860609,0.5552643254785786,-0.025602565946660393,0.0003783084377322237,-0.5208326578140259,-0.08791487663984299,0.1549748331308365,-0.5208326578140259,-0.08791487663984299,0.1549748331308365,0.5875004053115844,-0.030770206823945042,0.03874370828270912,0.070016973420015,0.20000000000000284,,none,0.08030334114475579,0.0,-0.010000000000000142,-0.00028636772474064515
R03_shallower_empty,48,10.600000000000016,26.009086392693195,53.13890251342555,27.978094007397075,0.5507512451442064,-0.15843640966324876,0.5733134776416239,-0.02379551274844917,0.019680558463694563,-0.43848302960395813,-0.05746659263968468,0.2360498607158661,-0.43848302960395813,-0.05746659263968468,0.2360498607158661,0.6369101822376251,-0.020113307423889636,0.05901246517896652,0.07224435520017895,0.20000000000000284,,none,0.08252998958743518,0.0,-0.010000000000000142,-0.0002856343872560799
R03_shallower_empty,49,10.800000000000018,26.10771087945474,53.199171417390964,27.996285737018038,0.546541941218748,-0.1534490853356515,0.5956815677417479,-0.018682867318532394,0.02945591481529018,-0.3758397102355957,-0.02361401729285717,0.1975000500679016,-0.3758397102355957,-0.02361401729285717,0.1975000500679016,0.6744961738586426,-0.008264906052500008,0.0493750125169754,0.07572738878959204,0.20000000000000284,,none,0.08585851419399404,0.0,-0.010000000000000142,-0.000131125404401864
R03_shallower_empty,50,11.000000000000021,26.2101041048942,53.261235687194656,28.01446067817674,0.5435845988180565,-0.14802988814534862,0.6144953634828466,-0.011436701254108037,0.025066860718555094,-0.3653561472892761,0.009510580450296402,0.06449340283870697,-0.3653561472892761,0.009510580450296402,0.06449340283870697,0.6807863116264343,0.0033287031576037405,0.016123350709676743,0.07887482004749753,0.20000000000000284,,none,0.0892527782929946,0.0,-0.010000000000000142,-0.0003779582454969322
R03_shallower_empty,51,11.200000000000024,26.31523249000687,53.32463671627347,28.03249464841358,0.5420480799963265,-0.14404964666944428,0.6258149689539348,-0.00445471989048616,0.015459650815743308,-0.39050012826919556,0.027921026572585106,-0.016467269510030746,-0.39050012826919556,0.027921026572585106,-0.016467269510030746,0.6656999230384826,0.009772359300404786,-0.004116817377507687,0.08156017577666451,0.20000000000000284,,none,0.09171069167212664,0.0,-0.010000000000000142,-0.0001505158954619982
R03_shallower_empty,52,11.400000000000027,26.42157602146925,53.38863667017157,28.05034917030466,0.5416379929344303,-0.1420953321280996,0.6280240425090674,1.6828066724113738e-05,0.004880822398432488,-0.44032037258148193,0.02608124166727066,-0.0667019933462143,-0.44032037258148193,0.02608124166727066,-0.0667019933462143,0.6358077764511108,0.009128434583544731,-0.016675498336553574,0.08266293129450024,0.20000000000000284,,none,0.092763110675115,0.0,-0.010000000000000142,-0.00010017938061462707
R03_shallower_empty,53,11.60000000000003,26.527424166144066,53.45233787869227,28.068028413601365,0.5419957708698757,-0.14276915161071202,0.6203066738936655,0.00331255209918554,-0.010462582609311705,-0.5114761590957642,0.028651999309659004,-0.16691043972969055,-0.5114761590957642,0.028651999309659004,-0.16691043972969055,0.5931143045425415,0.010028199758380651,-0.04172760993242264,0.08192888391329406,0.20000000000000284,,none,0.09223111366281245,0.0,-0.010000000000000142,-0.00030222974951824087
R03_shallower_empty,54,11.800000000000033,26.631116716444602,53.51483162209949,28.085650808502614,0.5428578892964188,-0.14712703048616063,0.6039102593234327,0.0051687316498102535,-0.03152846741460499,-0.5897716283798218,0.025574402883648872,-0.2978164255619049,-0.5897716283798218,0.025574402883648872,-0.2978164255619049,0.546137022972107,0.008951041009277105,-0.07445410639047623,0.07967163116023128,0.20000000000000284,,none,0.09013715174496895,0.0,-0.010000000000000142,-0.0004655205847375221
R03_shallower_empty,55,12.000000000000036,26.73157568751845,53.57550552609598,28.10350752253353,0.5437653837843601,-0.15570487302320088,0.5841293631691966,0.003994700150498798,-0.05265746258783127,-0.6426153182983398,0.004578267689794302,-0.38284680247306824,-0.6426153182983398,0.004578267689794302,-0.38284680247306824,0.5144308090209961,0.0016023936914280057,-0.09571170061826706,0.07676534962748949,0.20000000000000284,,none,0.08697461879258839,0.0,-0.010000000000000142,-0.0002092691650987521
R03_shallower_empty,56,12.200000000000038,26.82838174818459,53.634053006076165,28.12190292912442,0.5438579594232814,-0.1670063650880549,0.5630619631245332,-0.002573869717174127,-0.059817783645348684,-0.6852827072143555,-0.04559584707021713,-0.2976330518722534,-0.6852827072143555,-0.04559584707021713,-0.2976330518722534,0.4888303756713867,-0.015958546474575997,-0.07440826296806335,0.0731199519593531,0.20000000000000284,,none,0.08335193858255963,0.0,-0.010000000000000142,-0.00023198662320638396
R03_shallower_empty,57,12.400000000000041,26.922057224928427,53.69061581536105,28.140990954237292,0.5421631855863216,-0.178144607374018,0.5484333830248896,-0.013546834721162528,-0.05214308252784065,-0.671851396560669,-0.10258937627077103,-0.14601783454418182,-0.671851396560669,-0.10258937627077103,-0.14601783454418182,0.4968891620635986,-0.03590628169476986,-0.036504458636045456,0.06965444724693383,0.20000000000000284,,none,0.08018276397897495,0.0,-0.010000000000000142,-0.000528316732040972
R03_shallower_empty,58,12.600000000000044,27.014077203955353,53.74582597459837,28.160812451646848,0.5382002916094847,-0.18641144568135035,0.5430927572778769,-0.0252035376885093,-0.03204043959897936,-0.626208484172821,-0.13987493515014648,0.035689663141965866,-0.626208484172821,-0.13987493515014648,0.035689663141965866,0.5242749094963074,-0.04895622730255127,0.008922415785491467,0.06764441390300989,0.20000000000000284,,none,0.0783742359643611,0.0,-0.010000000000000142,-0.00072982206135107
R03_shallower_empty,59,12.800000000000047,27.106489418649282,53.80064203438867,28.181347150669193,0.5322590953744287,-0.19041166432870354,0.5504765329080801,-0.03357729349711064,-0.009649365323739346,-0.5391775369644165,-0.1446867734193802,0.143906369805336,-0.5391775369644165,-0.1446867734193802,0.143906369805336,0.5764934778213501,-0.050640370696783066,0.035976592451334,0.06807713471597933,0.20000000000000284,,none,0.07846330261919121,0.0,-0.010000000000000142,-0.0003861679032117452
R03_shallower_empty,60,13.00000000000005,27.20145056101969,53.856142906705934,28.202568104674885,0.5256340803512103,-0.18992940661669572,0.5688523184344277,-0.032736246562055246,0.012781337207357406,-0.44400012493133545,-0.08863559365272522,0.23395217955112457,-0.44400012493133545,-0.08863559365272522,0.23395217955112457,0.6335999250411988,-0.031022457778453826,0.05848804488778114,0.070134527789364,0.20000000000000284,,none,0.08054070223671062,0.0,-0.010000000000000142,-0.0004061744473464701
R03_shallower_empty,61,13.200000000000053,27.301231106005865,53.913585756242746,28.22448879541942,0.5191554476980735,-0.18585636120283897,0.6016298518458875,-0.03209817175794841,0.026886043234139914,-0.3047959506511688,-0.08799421787261963,0.22250796854496002,-0.3047959506511688,-0.08799421787261963,0.22250796854496002,0.7171224296092986,-0.03079797625541687,0.055626992136240005,0.07429258781686225,0.20000000000000284,,none,0.08468277148617176,0.0,-0.010000000000000142,-0.00039018366930935853
R03_shallower_empty,62,13.400000000000055,27.406952263097573,53.973569401947216,28.24697575803388,0.5132409322706963,-0.1798196452864491,0.6330450695687584,-0.02740100838645209,0.03301888293055784,-0.2604375183582306,-0.05094191059470177,0.18206271529197693,-0.2604375183582306,-0.05094191059470177,0.18206271529197693,0.7437374889850616,-0.01782966870814562,0.04551567882299423,0.07977600147120632,0.20000000000000284,,none,0.08987552872122251,0.0,-0.010000000000000142,-9.95272500160474e-05
R03_shallower_empty,63,13.600000000000058,27.517734003666916,54.03564578476094,28.269667488649116,0.5085796064082825,-0.17420895749679097,0.6558823550828164,-0.01978618086946681,0.023784027343593125,-0.2727496922016144,-0.012198744341731071,0.01986519992351532,-0.2727496922016144,-0.012198744341731071,0.01986519992351532,0.7363501846790313,-0.004269560519605874,0.00496629998087883,0.08379256789011971,0.20000000000000284,,none,0.094351781021075,0.0,-0.010000000000000142,-0.0005592131309551475
R03_shallower_empty,64,13.800000000000061,27.631463388554195,54.09877873498822,28.292297625933113,0.505129495704337,-0.17075452032016245,0.6640476595356469,-0.01507035838091961,0.011673143461460787,-0.3453027606010437,-0.015602849423885345,-0.05202009528875351,-0.3453027606010437,-0.015602849423885345,-0.05202009528875351,0.6928183436393738,-0.00546099729835987,-0.013005023822188377,0.08674849326612347,0.20000000000000284,,none,0.09695735389279037,0.0,-0.010000000000000142,-0.00020886062666675316
R03_shallower_empty,65,14.000000000000064,27.74526630256711,54.16153578580443,28.314634362795797,0.5031442639874825,-0.17033965563423326,0.655030739955331,-0.0055030483071005915,-0.006178979554253665,-0.4612343907356262,0.03997747600078583,-0.17022393643856049,-0.4612343907356262,0.03997747600078583,-0.17022393643856049,0.6232593655586243,0.013992116600275039,-0.04255598410964012,0.0863867026032033,0.20000000000000284,,none,0.0969967318732543,0.0,-0.010000000000000142,-0.0006100292700508558
R03_shallower_empty,66,14.200000000000067,27.856557516289026,54.222748518711185,28.336672512610864,0.5028635552588674,-0.17419304544661016,0.63503521908451,0.0021213119083322257,-0.030520309103274555,-0.5590326189994812,0.050449591130018234,-0.3204810917377472,-0.5590326189994812,0.050449591130018234,-0.3204810917377472,0.5645804286003113,0.01765735689550638,-0.0801202729344368,0.08402442627810544,0.20000000000000284,,none,0.09466945370541424,0.0,-0.010000000000000142,-0.0006450274273086579
R03_shallower_empty,67,14.40000000000007,27.963524195762933,54.28160963381596,28.358644922950937,0.5032266827883839,-0.18290101716290885,0.6068314121580582,0.0015528113543523475,-0.054734389388557424,-0.6542425155639648,0.0011268178932368755,-0.4163002371788025,-0.6542425155639648,0.0011268178932368755,-0.4163002371788025,0.5074544906616211,0.0003943862626329064,-0.10407505929470062,0.08020686487519699,0.20000000000000284,,none,0.09062044425512994,0.0,-0.010000000000000142,-0.0004135793799328148
R03_shallower_empty,68,14.600000000000072,28.064847184900028,54.33739398201405,28.380759135086517,0.5032005874399988,-0.1956863958743082,0.5723909862832414,-0.0015778094996734783,-0.07183083610737556,-0.7482680678367615,-0.022734368219971657,-0.4266720414161682,-0.7482680678367615,-0.022734368219971657,-0.4266720414161682,0.45103915929794314,-0.00795702887699008,-0.10666801035404205,0.07513527284447702,0.20000000000000284,,none,0.0853256275445986,0.0,-0.010000000000000142,-0.0001903547001214365
R03_shallower_empty,69,14.800000000000075,28.16043880303179,54.38996461314655,28.403227849103473,0.5021382828953695,-0.21101250978037936,0.5428441539578839,-0.008521861742545192,-0.08075749909570934,-0.7687749266624451,-0.06477615237236023,-0.39578890800476074,-0.7687749266624451,-0.06477615237236023,-0.39578890800476074,0.43873504400253294,-0.02267165333032608,-0.09894722700119019,0.06984758171543526,0.20000000000000284,,none,0.07991041793149378,0.0,-0.010000000000000142,-6.28362160583868e-05
R03_shallower_empty,70,15.000000000000078,28.25161139513384,54.439878496895815,28.42633539891804,0.49920242038608165,-0.22627629796036175,0.5228954782803883,-0.019973641112301547,-0.07250255873208625,-0.7456570863723755,-0.1237393170595169,-0.22272635996341705,-0.7456570863723755,-0.1237393170595169,-0.22272635996341705,0.45260574817657473,-0.04330876097083092,-0.05568158999085426,0.06494673160325176,0.20000000000000284,,none,0.0756259663005352,0.0,-0.010000000000000142,-0.0006792346972832864
R03_shallower_empty,71,15.200000000000081,28.340222250143242,54.48793028323234,28.450208665506906,0.4942306753649906,-0.23782157050399985,0.5134505785006219,-0.02905904120302357,-0.04502142375194585,-0.6997146606445312,-0.13592064380645752,0.04390589892864227,-0.6997146606445312,-0.13592064380645752,0.04390589892864227,0.48017120361328125,-0.04757222533226013,0.010976474732160568,0.06154511203909781,0.20000000000000284,,none,0.07301214909279707,0.0,-0.010000000000000142,-0.0014670370536991274
R03_shallower_empty,72,15.400000000000084,28.428739179276167,54.535249936682426,28.474873643267795,0.4872216731467508,-0.2426201209737059,0.5198264594234284,-0.0401918961224704,-0.005911780326342923,-0.5961799025535583,-0.1796489953994751,0.29512542486190796,-0.5961799025535583,-0.1796489953994751,0.29512542486190796,0.542292058467865,-0.06287714838981628,0.07378135621547699,0.06112978093323327,0.20000000000000284,,none,0.07264463823475609,0.0,-0.010000000000000142,-0.001514857301522672
R03_shallower_empty,73,15.600000000000087,28.52142875392917,54.5838211145172,28.500729211611887,0.477725498697576,-0.24080305193493012,0.5563734179111414,-0.053748114280776776,0.021980244816511132,-0.3580872118473053,-0.23248976469039917,0.3152616322040558,-0.3580872118473053,-0.23248976469039917,0.3152616322040558,0.6851476728916168,-0.0813714176416397,0.07881540805101395,0.06483881387558217,0.20000000000000284,,none,0.07603652873784483,0.0,-0.010000000000000142,-0.0011977148622625223
R03_shallower_empty,74,15.80000000000009,28.621924477984265,54.63514968689943,28.52806805022583,0.4667676803427118,-0.23371957679319313,0.6025562081256602,-0.0556841499820134,0.04697095334842111,-0.22452901303768158,-0.17036908864974976,0.3915765881538391,-0.22452901303768158,-0.17036908864974976,0.3915765881538391,0.765282592177391,-0.05962918102741241,0.09789414703845978,0.07209393603793132,0.20000000000000284,,none,0.08264435090518418,0.0,-0.010000000000000142,-0.0005504148672527132
R03_shallower_empty,75,16.000000000000092,28.731302544229806,54.68953968568981,28.556535242996063,0.4566153131010361,-0.22428545401790495,0.6495239826952044,-0.04652950902431009,0.04734228693898481,-0.14163953065872192,-0.07964352518320084,0.19239579141139984,-0.14163953065872192,-0.07964352518320084,0.19239579141139984,0.8150162816047668,-0.02787523381412029,0.04809894785284996,0.07923590584408276,0.20000000000000284,,none,0.09033140152300945,0.0,-0.010000000000000142,-0.0010954956789265514
R03_shallower_empty,76,16.200000000000095,28.848114707054126,54.74631539200523,28.58559193158758,0.4488059413065893,-0.2165798719769526,0.6799468934164725,-0.03261309130104274,0.030949090978996213,-0.18809518218040466,-0.012159470468759537,-0.009820318780839443,-0.18809518218040466,-0.012159470468759537,-0.009820318780839443,0.7871428906917572,-0.004255814664065837,-0.002455079695209861,0.08589262062856493,0.20000000000000284,,none,0.09684469223697079,0.0,-0.010000000000000142,-0.0009520716084057119
R03_shallower_empty,77,16.400000000000098,28.968991377015286,54.804088290231554,28.614750022063564,0.4432509214663682,-0.21290921716056896,0.6906488393037358,-0.02361527387860212,0.007523079033282549,-0.28607091307640076,-0.015087301842868328,-0.1608470231294632,-0.28607091307640076,-0.015087301842868328,-0.1608470231294632,0.7283574521541596,-0.005280555645003914,-0.0402117557823658,0.0897709840214812,0.20000000000000284,,none,0.10041932165083267,0.0,-0.010000000000000142,-0.0006483376293513293
R03_shallower_empty,78,16.6000000000001,29.089718435201913,54.86110063262338,28.643618251125147,0.43945022651043036,-0.21383263611660586,0.6760130202480469,-0.015038135796559236,-0.015055516630750686,-0.4592611789703369,0.0069696297869086266,-0.24425433576107025,-0.4592611789703369,0.0069696297869086266,-0.24425433576107025,0.6244432926177979,0.002439370425418019,-0.06106358394026756,0.0895253425732948,0.20000000000000284,,none,0.10027410569797013,0.0,-0.010000000000000142,-0.0007487631246751919
R03_shallower_empty,79,16.800000000000104,29.206559666352966,54.915851017218344,28.67197857602883,0.43720995409937746,-0.22003037141760806,0.6465055826581119,-0.007902409052434917,-0.04468840162719595,-0.5957745313644409,0.0189655851572752,-0.42028355598449707,-0.5957745313644409,0.0189655851572752,-0.42028355598449707,0.5425352811813354,0.006637954805046319,-0.10507088899612427,0.08580692915088205,0.20000000000000284,,none,0.09680225084487404,0.0,-0.010000000000000142,-0.0009953216939918468
R03_shallower_empty,80,17.000000000000107,29.31726354140682,54.9674862339761,28.699983924245103,0.4356368922121075,-0.2318163355827743,0.608518530549399,-0.007833410268417978,-0.07117494545338814,-0.7088832259178162,-0.02197946421802044,-0.5005847215652466,-0.7088832259178162,-0.02197946421802044,-0.5005847215652466,0.47467006444931026,-0.007692812476307153,-0.12514618039131165,0.08082858396362987,0.20000000000000284,,none,0.09124695098454083,0.0,-0.010000000000000142,-0.00041836702091082174
R03_shallower_empty,81,17.20000000000011,29.421061588721205,55.01566090225468,28.727931940015093,0.433041709679345,-0.24817234281644024,0.5712108996040722,-0.017397563473385554,-0.09089855558551307,-0.7670726776123047,-0.10538941621780396,-0.5243562459945679,-0.7670726776123047,-0.10538941621780396,-0.5243562459945679,0.4397563934326172,-0.03688629567623138,-0.13108906149864197,0.0747056680391995,0.20000000000000284,,none,0.08492383439429574,0.0,-0.010000000000000142,-0.00021816635509610446
R03_shallower_empty,82,17.400000000000112,29.51866255499056,55.060515128989195,28.756217940150464,0.4278862467336969,-0.2673016349393833,0.5409913233157803,-0.03298243221213997,-0.0997288268446167,-0.7758136987686157,-0.184969961643219,-0.47088855504989624,-0.7758136987686157,-0.184969961643219,-0.47088855504989624,0.43451178073883057,-0.06473948657512664,-0.11772213876247406,0.0689672927716564,0.20000000000000284,,none,0.07915265802437688,0.0,-0.010000000000000142,-0.00018536525272033088
R03_shallower_empty,83,17.600000000000115,29.611633572159565,55.102490682628584,28.785206684179474,0.4196782613402029,-0.28621405636950004,0.5204593380210393,-0.04796796033891684,-0.09011963370838988,-0.7531428337097168,-0.2242964208126068,-0.28215649724006653,-0.7531428337097168,-0.2242964208126068,-0.28215649724006653,0.44811429977416994,-0.07850374728441238,-0.07053912431001663,0.06396703998870518,0.20000000000000284,,none,0.07472064655187438,0.0,-0.010000000000000142,-0.0007536065631690647
R03_shallower_empty,84,17.800000000000118,29.701626358667003,55.142130222827504,28.814969698530895,0.4100879741720081,-0.3002391728993589,0.5075740018084661,-0.047937227668748694,-0.05293420280059054,-0.7297130823135376,-0.13678458333015442,0.09135197848081589,-0.7297130823135376,-0.13678458333015442,0.09135197848081589,0.46217215061187744,-0.047874604165554044,0.022837994620203972,0.058829819215603214,0.20000000000000284,,none,0.07178413634331093,0.0,-0.010000000000000142,-0.0029543171277075786
R03_shallower_empty,85,18.00000000000012,29.79092777518926,55.18046627917188,28.84543138520798,0.4011356264330341,-0.30532470097218545,0.5107269672222076,-0.042031374698401375,-0.0017768173378445717,-0.6302724480628967,-0.08570601791143417,0.40986329317092896,-0.6302724480628967,-0.08570601791143417,0.40986329317092896,0.5218365311622619,-0.02999710626900196,0.10246582329273224,0.05865705457912922,0.20000000000000284,,none,0.07093599292254993,0.0,-0.010000000000000142,-0.002278938343420569
R03_shallower_empty,86,18.200000000000124,29.88520615838938,55.21991480682116,28.877604117116327,0.3909679940270687,-0.30410602123511693,0.5584636165457948,-0.05841045569926829,0.012860405168723783,-0.2888915538787842,-0.2622453272342682,0.1707458198070526,-0.2888915538787842,-0.2622453272342682,0.1707458198070526,0.7266650676727295,-0.09178586453199386,0.04268645495176315,0.060779040410954735,0.20000000000000284,,none,0.07487672458531591,0.0,-0.010000000000000142,-0.004097684174361032
R03_shallower_empty,87,18.400000000000126,29.988122137620614,55.26163695837267,28.912140521655513,0.3795784399175858,-0.2976232780105009,0.6024526664751076,-0.05569011766005091,0.04922613672371851,-0.2375844269990921,-0.14327692985534668,0.49331218004226685,-0.2375844269990921,-0.14327692985534668,0.49331218004226685,0.7574493438005447,-0.050146925449371334,0.12332804501056671,0.06951280647888125,0.20000000000000284,,none,0.08192950563086043,0.0,-0.010000000000000142,-0.002416699151979036
R03_shallower_empty,88,18.60000000000013,30.102265018942784,55.306420731724735,28.949073815091367,0.36839251558229014,-0.28764830957347176,0.6747141971318552,-0.056135553156272604,0.05043261519294486,0.048882950097322464,-0.1629806011915207,0.21156415343284607,0.048882950097322464,-0.1629806011915207,0.21156415343284607,0.9293297700583933,-0.05704321041703224,0.05289103835821152,0.07806782318492939,0.20000000000000284,,none,0.09130449805098806,0.0,-0.010000000000000142,-0.0032366748660585245
R03_shallower_empty,89,18.800000000000132,30.22978646851616,55.35485941679093,28.988644941855235,0.35813024478559746,-0.27697972288432937,0.7424582000507262,-0.047163388161007076,0.05584529709458249,0.1352602243423462,-0.08251697570085526,0.26749855279922485,0.1352602243423462,-0.08251697570085526,0.26749855279922485,0.9811561346054076,-0.028880941495299337,0.06687463819980621,0.09218956699054884,0.20000000000000284,,none,0.10253084870186058,0.0,-0.010000000000000142,-0.0003412817113115932
R03_shallower_empty,90,19.000000000000135,30.369947935311238,55.4066023457952,29.03022129924811,0.349586753556467,-0.2660622012259618,0.8054333197622713,-0.03889473378530765,0.0535062163380242,0.21221326291561127,-0.06298805773258209,0.1949596256017685,0.21221326291561127,-0.06298805773258209,0.1949596256017685,1.0273279577493668,-0.02204582020640373,0.04873990640044212,0.10302362959627677,0.20000000000000284,,none,0.11325493049110946,0.0,-0.010000000000000142,-0.00023130089483255678
R03_shallower_empty,91,19.200000000000138,30.52078336780134,55.46098796893092,29.07300023327025,0.3429976205267454,-0.25554889985643997,0.8518833498925671,-0.027830508726469007,0.05175852137485952,0.19258560240268707,-0.01510029286146164,0.19278907775878906,0.19258560240268707,-0.01510029286146164,0.19278907775878906,1.0155513614416123,-0.0052851025015115734,0.048197269439697266,0.11235967357724656,0.20000000000000284,,none,0.12241333746443672,0.0,-0.010000000000000142,-5.366388719001969e-05
R03_shallower_empty,92,19.40000000000014,30.678824670660187,55.51699427323621,29.115936418601034,0.33855823863984214,-0.2462279218131646,0.8777247293791512,-0.017353001361204927,0.04217367062092179,0.11462928354740143,0.011419597081840038,0.09057105332612991,0.11462928354740143,0.011419597081840038,0.09057105332612991,0.9687775701284409,0.003996858978644013,0.02264276333153248,0.11837807573839625,0.20000000000000284,,none,0.12872265607301614,0.0,-0.010000000000000142,-0.00034458033461974997
R03_shallower_empty,93,19.600000000000144,30.840300878929792,55.57359269368846,29.158308953837306,0.3360257107232127,-0.24008963180976237,0.8847136426131055,-0.008629750464474121,0.02081875261691919,0.015565464273095131,0.026129964739084244,-0.09078337997198105,0.015565464273095131,0.026129964739084244,-0.09078337997198105,0.909339278563857,0.009145487658679485,-0.022695844992995262,0.12095492000074852,0.20000000000000284,,none,0.13181330931440272,0.0,-0.010000000000000142,-0.0008583893136540538
R03_shallower_empty,94,19.800000000000146,31.002032050566346,55.629940760288896,29.200005362919384,0.3345778393722872,-0.23840463960569153,0.8782769403534951,-0.006043861837935758,-0.0022315276758317765,-0.07400494068861008,-0.002213243395090103,-0.19680295884609222,-0.07400494068861008,-0.002213243395090103,-0.19680295884609222,0.8555970355868339,-0.0007746351882815361,-0.049200739711523056,0.12163852621971222,0.20000000000000284,,none,0.13203985313965205,0.0,-0.010000000000000142,-0.00040132691993969747
R03_shallower_empty,95,20.00000000000015,31.160723396797945,55.6850250393378,29.24099251767824,0.3337622256961449,-0.2410141763763275,0.8520380760491616,-0.002387830523092726,-0.022347682577705627,-0.2340255230665207,0.014462885446846485,-0.2533522844314575,-0.2340255230665207,0.014462885446846485,-0.2533522844314575,0.7595846861600876,0.00506200990639627,-0.06333807110786438,0.11871976309556166,0.20000000000000284,,none,0.12930141322119937,0.0,-0.010000000000000142,-0.0005816501256375639
R03_shallower_empty,96,20.200000000000152,31.312413521605404,55.737600269205906,29.280960317779346,0.3336397968750842,-0.24787216545074767,0.804628626440343,0.0009146350156546713,-0.04455819843120751,-0.4373665452003479,0.021840056404471397,-0.35926494002342224,-0.4373665452003479,0.021840056404471397,-0.35926494002342224,0.6375800728797912,0.007644019741564988,-0.08981623500585556,0.1120538742773084,0.20000000000000284,,none,0.12310626396827473,0.0,-0.010000000000000142,-0.0010523896909661954
R03_shallower_empty,97,20.400000000000155,31.45310465892138,55.78639788472939,29.31946830053789,0.3342285224096868,-0.25924840511239794,0.7366940072807787,0.004688205766756213,-0.06747681853226911,-0.6711259484291077,0.03536444157361984,-0.4567109942436218,-0.6711259484291077,0.03536444157361984,-0.4567109942436218,0.4973244309425354,0.012377554550766945,-0.11417774856090546,0.10219881355199051,0.20000000000000284,,none,0.11348525557349376,0.0,-0.010000000000000142,-0.0012864420215031092
R03_shallower_empty,98,20.600000000000158,31.5809018423043,55.8308524687215,29.35644419300849,0.3353887619087261,-0.27546700994474005,0.669192512633525,0.006758175324027958,-0.09280057469171205,-0.7810848951339722,0.03136034682393074,-0.577609658241272,-0.7810848951339722,0.03136034682393074,-0.577609658241272,0.4313490629196167,0.010976121388375759,-0.144402414560318,0.09168558602736657,0.20000000000000284,,none,0.1022200558211992,0.0,-0.010000000000000142,-0.0005344697938324885
R03_shallower_empty,99,20.80000000000016,31.698159202497102,55.871728927639424,29.39280999099632,0.33477922052506875,-0.2947599930525127,0.6267569763785583,-0.011479047114479446,-0.09961560647249697,-0.704609751701355,-0.13897360861301422,-0.4540099799633026,-0.704609751701355,-0.13897360861301422,-0.4540099799633026,0.47723414897918703,-0.04864076301455497,-0.11350249499082565,0.08179872738107444,0.20000000000000284,,none,0.09280150706923962,0.0,-0.010000000000000142,-0.001002779688165041
R03_shallower_empty,100,21.000000000000163,31.80913349349225,55.91012408424724,29.42963878009414,0.3307809530798465,-0.3123368847846192,0.6049682497410919,-0.02731041489870997,-0.0777977274873107,-0.6196749210357666,-0.17019930481910706,-0.13335904479026794,-0.6196749210357666,-0.17019930481910706,-0.13335904479026794,0.52819504737854,-0.059569756686687465,-0.033339761197566986,0.07468214223706794,0.20000000000000284,,none,0.08690226207288987,0.0,-0.010000000000000142,-0.002220119835821781
R03_shallower_empty,101,21.200000000000166,31.91670945504356,55.94670736481626,29.467063688657085,0.32451376516447267,-0.3219757062534696,0.591958723378159,-0.03479718530581246,-0.022740182210628318,-0.5898011922836304,-0.14300818741321564,0.3577990233898163,-0.5898011922836304,-0.14300818741321564,0.3577990233898163,0.5461192846298217,-0.05005286559462547,0.08944975584745407,0.06873178552756545,0.20000000000000284,,none,0.08358914641704018,0.0,-0.010000000000000142,-0.004857360889474589
R03_shallower_empty,102,21.40000000000017,32.02591899530452,55.9829783476461,29.50565553656676,0.31649387561259024,-0.3244172686705074,0.6204435169120429,-0.044658464220255156,-0.0031518196303138906,-0.2986491620540619,-0.18500755727291107,0.14705237746238708,-0.2986491620540619,-0.18500755727291107,0.14705237746238708,0.7208105027675629,-0.06475264504551888,0.03676309436559677,0.07199099546885389,0.20000000000000284,,none,0.08460994747975548,0.0,-0.010000000000000142,-0.0026189520109014455
R03_shallower_empty,103,21.600000000000172,32.14252597939156,56.02054581673428,29.546740144092954,0.3066467652302215,-0.3215273730110448,0.6694047683837223,-0.053171045168030624,0.02958350979546615,-0.09679809957742691,-0.20147715508937836,0.385151207447052,-0.09679809957742691,-0.20147715508937836,0.385151207447052,0.8419211402535438,-0.07051700428128242,0.096287801861763,0.07840170773949762,0.20000000000000284,,none,0.09035583077780274,0.0,-0.010000000000000142,-0.001954123038304979
R03_shallower_empty,104,21.800000000000175,32.27080351007751,56.060407797294985,29.59095613767691,0.29614690986115344,-0.3140176058594372,0.7413997181755397,-0.05192167381874186,0.04439762012077575,0.15845997631549835,-0.14107385277748108,0.2983364462852478,0.15845997631549835,-0.14107385277748108,0.2983364462852478,0.995075985789299,-0.04937584847211837,0.07458411157131195,0.088189910264127,0.20000000000000284,,none,0.09971675120401358,0.0,-0.010000000000000142,-0.001526840939886439
R03_shallower_empty,105,22.000000000000178,32.41277975658219,56.1029738540697,29.638336527289216,0.2869789489652831,-0.30477851588685057,0.8114016141424084,-0.04061046272691703,0.04774126836211448,0.2634254992008209,-0.050176504999399185,0.21821828186511993,0.2634254992008209,-0.050176504999399185,0.21821828186511993,1.0580552995204926,-0.017561776749789714,0.054554570466279984,0.10034497469859358,0.20000000000000284,,none,0.11085895488054831,0.0,-0.010000000000000142,-0.0005139801819545878
R03_shallower_empty,106,22.20000000000018,32.566196636109794,56.14764678080662,29.68777319781618,0.2802877462565612,-0.29548723752070033,0.8589821803054655,-0.02730444110063862,0.04535162319511772,0.21105611324310303,-0.0005455985083244741,0.16192911565303802,0.21105611324310303,-0.0005455985083244741,0.16192911565303802,1.0266336679458619,-0.0001909594779135659,0.040482278913259506,0.11013236790750927,0.20000000000000284,,none,0.12029985290146072,0.0,-0.010000000000000142,-0.00016748499395131212
R03_shallower_empty,107,22.400000000000183,32.72683351207298,56.19347555954858,29.737866819584145,0.2759487601929981,-0.28768056675841347,0.883811526686103,-0.016871734140718863,0.033600749451253145,0.11883073300123215,0.012533820234239101,0.03862467780709267,0.11883073300123215,0.012533820234239101,0.03862467780709267,0.9712984398007392,0.004386837081983685,0.009656169451773167,0.11589665475538924,0.20000000000000284,,none,0.1263742662823475,0.0,-0.010000000000000142,-0.0004776115269581119
R03_shallower_empty,108,22.600000000000186,32.89076268088355,56.23963279660759,29.78771314418137,0.27319825001591286,-0.28225553793944264,0.890366094730545,-0.011070599939069153,0.0215572583720898,0.0224355049431324,0.0021436703391373158,-0.01193433441221714,0.0224355049431324,0.0021436703391373158,-0.01193433441221714,0.9134613029658794,0.0007502846186980605,-0.002983583603054285,0.11895349116381435,0.20000000000000284,,none,0.12919261534229065,0.0,-0.010000000000000142,-0.00023912417847616124
R03_shallower_empty,109,22.80000000000019,33.055393186559535,56.285591547448185,29.83695193204088,0.2714184381638677,-0.2791076448837522,0.8884833042140867,-0.007031914850293345,0.010737182816619995,-0.030251270160079002,0.0034218670334666967,-0.04524289444088936,-0.030251270160079002,0.0034218670334666967,-0.04524289444088936,0.8818492379039526,0.0011976534617133437,-0.01131072361022234,0.1197118079069425,0.20000000000000284,,none,0.12978954771151763,0.0,-0.010000000000000142,-7.773980457498865e-05
R03_shallower_empty,110,23.000000000000192,33.219206082478465,56.33107631873266,29.885562039280266,0.2703946582888563,-0.2783746926553907,0.8801421013026605,-0.003474041332330704,-0.0024162820196081576,-0.08208061009645462,0.010787955485284328,-0.11687560379505157,-0.08208061009645462,0.010787955485284328,-0.11687560379505157,0.8507516339421273,0.003775784419849515,-0.029218900948762894,0.11886356828978617,0.20000000000000284,,none,0.12902100398552108,0.0,-0.010000000000000142,-0.00015743569573476522
R03_shallower_empty,111,23.200000000000195,33.380575008752956,56.37576511101046,29.93355265183234,0.2700600810093456,-0.28044044879620716,0.8625285389980755,-0.00012420881547650859,-0.01713214286591266,-0.1658889204263687,0.01914769969880581,-0.18847373127937317,-0.1658889204263687,0.01914769969880581,-0.18847373127937317,0.8004666477441786,0.006701694894582033,-0.04711843281984329,0.116545035405281,0.20000000000000284,,none,0.12678943560653977,0.0,-0.010000000000000142,-0.0002444002012586372
R03_shallower_empty,112,23.400000000000198,33.53775706516396,56.419280926169755,29.98091665947695,0.27015124162673737,-0.28538174527346205,0.8370021427604789,0.0009545116729315594,-0.031219086931132494,-0.2549014091491699,0.009007440879940987,-0.23969537019729614,-0.2549014091491699,0.009007440879940987,-0.23969537019729614,0.7470591545104981,0.003152604307979345,-0.059923842549324036,0.11279406033574385,0.20000000000000284,,none,0.12300705442156357,0.0,-0.010000000000000142,-0.00021299408581956918
R03_shallower_empty,113,23.6000000000002,33.68991324560735,56.46142581053616,30.027814945076813,0.2702301848594789,-0.2924048848781578,0.8112450926127697,-8.660986713124053e-05,-0.038466100661403865,-0.2991843521595001,-0.006308821961283684,-0.21293292939662933,-0.2991843521595001,-0.006308821961283684,-0.21293292939662933,0.7204893887042999,-0.002208087686449289,-0.05323323234915733,0.10837513591948146,0.20000000000000284,,none,0.11843337182321534,0.0,-0.010000000000000142,-5.823590373373655e-05
R03_shallower_empty,114,23.800000000000203,33.83771766962575,56.50234273546278,30.074604874159043,0.269737695967755,-0.29973816852526003,0.7930376650189551,-0.004505245829849656,-0.03511900675301022,-0.2851945459842682,-0.038597241044044495,-0.11319473385810852,-0.2851945459842682,-0.038597241044044495,-0.11319473385810852,0.7288832724094391,-0.013509034365415572,-0.02829868346452713,0.1041287404084601,0.20000000000000284,,none,0.11435245969511953,0.0,-0.010000000000000142,-0.00022371928665929528
R03_shallower_empty,115,24.000000000000206,33.983326091950865,56.54249023128383,30.12180819975632,0.2680658453301228,-0.3056947858112007,0.7895867966403396,-0.01167302408134341,-0.025195130099629818,-0.20428739488124847,-0.07508199661970139,-0.019893579185009003,-0.20428739488124847,-0.07508199661970139,-0.019893579185009003,0.7774275630712508,-0.026278698816895485,-0.004973394796252251,0.10169270039011162,0.20000000000000284,,none,0.11202434458915889,0.0,-0.010000000000000142,-0.0003316441990471186
R03_shallower_empty,116,24.20000000000021,34.12995603745599,56.58252262614495,30.170114535859984,0.26458439818965307,-0.3091868020932114,0.8045891092039701,-0.02233765274580793,-0.01080929514479452,-0.07091635465621948,-0.12591087818145752,0.07401802390813828,-0.07091635465621948,-0.12591087818145752,0.07401802390813828,0.8574501872062683,-0.044068807363510126,0.01850450597703457,0.10174353049322697,0.20000000000000284,,none,0.11232734646856812,0.0,-0.010000000000000142,-0.0005838159753410033
R03_shallower_empty,117,24.40000000000021,34.28139809323778,56.62314252758604,30.220294584335342,0.2592546953671675,-0.30970420284860317,0.8400346805890363,-0.03035509938669877,0.00448272579977348,0.10821361094713211,-0.13340608775615692,0.14257219433784485,0.10821361094713211,-0.13340608775615692,0.14257219433784485,0.9649281665682792,-0.04669213071465492,0.03564304858446121,0.10499691558486098,0.20000000000000284,,none,0.11573378352539976,0.0,-0.010000000000000142,-0.000736867940538637
R03_shallower_empty,118,24.600000000000215,34.43992837124408,56.664666928220186,30.27258220920043,0.25312447741385086,-0.3075894128786782,0.8783431472213883,-0.0309055896194202,0.01581133501359472,0.1888735443353653,-0.09150661528110504,0.15558189153671265,0.1888735443353653,-0.09150661528110504,0.15558189153671265,1.0133241266012192,-0.032027315348386765,0.03889547288417816,0.11090864651766752,0.20000000000000284,,none,0.12107726337504943,0.0,-0.010000000000000142,-0.00016861685738176147
R03_shallower_empty,119,24.800000000000217,34.60494714744018,56.7068139649786,30.326380902953456,0.24707574927797238,-0.3042934523022939,0.906446866925041,-0.029674480600985795,0.017054568096189125,0.17578521370887756,-0.07761676609516144,0.07835154235363007,0.17578521370887756,-0.07761676609516144,0.07835154235363007,1.0054711282253266,-0.0271658681333065,0.019587885588407516,0.11596478704339737,0.20000000000000284,,none,0.12609136222627626,0.0,-0.010000000000000142,-0.00012657518287874757
R03_shallower_empty,120,25.00000000000022,34.7745436510747,56.749076939017385,30.380941477955126,0.24152045828250696,-0.3008618399272999,0.9237520073114237,-0.026144485579907412,0.017247048386894517,0.14121194183826447,-0.05414704978466034,0.07055705040693283,0.14121194183826447,-0.05414704978466034,0.07055705040693283,0.9847271651029585,-0.018951467424631118,0.017639262601733208,0.11963144907259246,0.20000000000000284,,none,0.12966758692891744,0.0,-0.010000000000000142,-3.6137856324837126e-05
R03_shallower_empty,121,25.200000000000223,34.94692705545046,56.7910873604143,30.43570236588854,0.2367276382683029,-0.29810707283204835,0.9326991983922458,-0.022089350657352354,0.010787481071855155,0.10704147070646286,-0.03950360789895058,-0.009500331245362759,0.10704147070646286,-0.03950360789895058,-0.009500331245362759,0.9642248824238777,-0.013826262764632702,-0.0023750828113406897,0.12168610157801749,0.20000000000000284,,none,0.13184192629491065,0.0,-0.010000000000000142,-0.0001558247168930152
R03_shallower_empty,122,25.400000000000226,35.12061560531401,56.832623010825536,30.49040912442878,0.23296420440079885,-0.29665322526525434,0.9349679252411303,-0.01600366686937099,0.0042441652399343825,0.07160308212041855,-0.010294171050190926,-0.036356206983327866,0.07160308212041855,-0.010294171050190926,-0.036356206983327866,0.9429618492722511,-0.0036029598675668237,-0.009089051745831966,0.12271808620047293,0.20000000000000284,,none,0.13277469237343809,0.0,-0.010000000000000142,-5.660617296500354e-05
R03_shallower_empty,123,25.60000000000023,35.29430154178641,56.87357614292221,30.544934998385834,0.23036175149012156,-0.29677815205408886,0.9311447619979701,-0.01044018282055599,-0.004810947959959571,0.029456228017807007,0.0025612730532884598,-0.09304966777563095,0.029456228017807007,0.0025612730532884598,-0.09304966777563095,0.9176737368106842,0.0008964455686509609,-0.023262416943907738,0.12246671275000752,0.20000000000000284,,none,0.13256982811501672,0.0,-0.010000000000000142,-0.00010311536500905828
R03_shallower_empty,124,25.80000000000023,35.466880125952585,56.91390483463788,30.599284726861782,0.22902768851753658,-0.29867250826724023,0.9229835561143376,-0.0034288891084573395,-0.01347928070134131,-0.009621144272387028,0.031022626906633377,-0.12457045167684555,-0.009621144272387028,0.031022626906633377,-0.12457045167684555,0.8942273134365677,0.010857919417321681,-0.031142612919211388,0.12129382181854936,0.20000000000000284,,none,0.13136043480866988,0.0,-0.010000000000000142,-6.661299012037611e-05
R03_shallower_empty,125,26.000000000000234,35.637974736396174,56.95375788183324,30.65367363070994,0.22884800027043486,-0.3020522599665917,0.9163452606931098,0.0012773004609905251,-0.019838910119429974,-0.011741605587303638,0.031048664823174477,-0.13119132816791534,-0.011741605587303638,0.031048664823174477,-0.13119132816791534,0.8929550366476178,0.010867032688111067,-0.032797832041978836,0.11970671631156579,0.20000000000000284,,none,0.12970768297235935,0.0,-0.010000000000000142,-9.66660793423127e-07
R03_shallower_empty,126,26.200000000000237,35.808155426031576,56.99342740423973,30.708502201832236,0.22921809176370533,-0.30602866029247716,0.9151412250031343,0.0023432720421978793,-0.01991905277601244,0.0181646179407835,0.012901104055345058,-0.08032943308353424,0.0181646179407835,0.012901104055345058,-0.08032943308353424,0.91089877076447,0.0045153864193707705,-0.02008235827088356,0.11830504490850102,0.20000000000000284,,none,0.12838125787928334,0.0,-0.010000000000000142,-7.62129707821713e-05
R03_shallower_empty,127,26.40000000000024,35.9786302122174,57.033230909159556,30.76417155482518,0.22945381712640522,-0.3096021359477712,0.9215410732511464,0.0001772360269919989,-0.01610329777356039,0.07348520308732986,-0.01210418064147234,-0.03331196308135986,0.07348520308732986,-0.01210418064147234,-0.03331196308135986,0.944091121852398,-0.004236463224515319,-0.008327990770339966,0.11783264020826659,0.20000000000000284,,none,0.12795056568604934,0.0,-0.010000000000000142,-0.00011792547778261089
R03_shallower_empty,128,26.600000000000243,36.150738731909705,57.07341068151577,30.820992286997708,0.22911086982222634,-0.3123532328358119,0.9343160348782502,-0.003341501333982962,-0.011736776440094054,0.1322149634361267,-0.030033085495233536,-0.011356724426150322,0.1322149634361267,-0.030033085495233536,-0.011356724426150322,0.9793289780616761,-0.010511579923331738,-0.0028391811065375805,0.11848605729031592,0.20000000000000284,,none,0.12857111054800185,0.0,-0.010000000000000142,-8.505325768579078e-05
R03_shallower_empty,129,26.800000000000246,36.32537274722918,57.114050304933464,30.8790878917181,0.22803693209648174,-0.3141142270186862,0.949732476317935,-0.007113574251758358,-0.006284131976516213,0.173421248793602,-0.04228534549474716,0.01930656097829342,0.173421248793602,-0.04228534549474716,0.01930656097829342,1.004052749276161,-0.014799870923161505,0.004826640244573355,0.1198670506337807,0.20000000000000284,,none,0.12992281689177787,0.0,-0.010000000000000142,-5.576625799703472e-05
R03_shallower_empty,130,27.00000000000025,36.50276474289715,57.15506294396642,30.938337458864062,0.22625156753960204,-0.3149636554484808,0.9642757752863521,-0.01048589874117125,-0.002495687890416952,0.1925325095653534,-0.0495932400226593,0.02089587226510048,0.1925325095653534,-0.0495932400226593,0.02089587226510048,1.015519505739212,-0.017357634007930754,0.00522396806627512,0.12151515442471932,0.20000000000000284,,none,0.13152357785514113,0.0,-0.010000000000000142,-8.423430421666891e-06
R03_shallower_empty,131,27.20000000000025,36.68253354038269,57.19623699862073,30.99846485179581,0.224013849733378,-0.31530343610008105,0.9749989978458795,-0.011792779530324067,-0.0010138081148013411,0.18797096610069275,-0.041302260011434555,0.008023184724152088,0.18797096610069275,-0.041302260011434555,0.008023184724152088,1.0127825796604155,-0.014455791004002093,0.002005796181038022,0.12289288103790591,0.20000000000000284,,none,0.13289798612016313,0.0,-0.010000000000000142,-5.1050822570680895e-06
R03_shallower_empty,132,27.400000000000254,36.863917699691974,57.237341077444924,31.059159397460245,0.2217048157065342,-0.31563601282114945,0.9810789020971171,-0.011332269448411921,-0.0022209747733295737,0.17083603143692017,-0.029696842655539513,-0.018723201006650925,0.17083603143692017,-0.029696842655539513,-0.018723201006650925,1.002501618862152,-0.010393894929438829,-0.004680800251662731,0.12370118717749021,0.20000000000000284,,none,0.1337240603944423,0.0,-0.010000000000000142,-2.2873216951943362e-05
R03_shallower_empty,133,27.600000000000257,37.04606278011451,57.278196376514366,31.120186400507684,0.2196771026481476,-0.3164252620362411,0.9827734816125845,-0.009112188920263282,-0.005429677032461934,0.1479073017835617,-0.013109611347317696,-0.04787200689315796,0.1479073017835617,-0.013109611347317696,-0.04787200689315796,0.9887443810701371,-0.004588363971561193,-0.01196800172328949,0.12385389007968543,0.20000000000000284,,none,0.13388690039509754,0.0,-0.010000000000000142,-3.301031541197042e-05
R03_shallower_empty,134,27.80000000000026,37.22826672469939,57.318724368241085,31.181445258968356,0.21817119739134821,-0.3179606498896764,0.9817943333819743,-0.006168713786720411,-0.009609190944560215,0.1305737942457199,-0.0004881098575424403,-0.07250289618968964,0.1305737942457199,-0.0004881098575424403,-0.07250289618968964,0.978344276547432,-0.00017083845013985408,-0.01812572404742241,0.1234402533301263,0.20000000000000284,,none,0.13346158199994562,0.0,-0.010000000000000142,-2.132866981917632e-05
R03_shallower_empty,135,28.000000000000263,37.41019087564479,57.35895734093756,31.24299412517659,0.2172293784175491,-0.3202908620620166,0.9804944128828675,-0.0034540784056087733,-0.013406711142049454,0.12652350962162018,0.005935695953667164,-0.08457944542169571,0.12652350962162018,0.005935695953667164,-0.08457944542169571,0.9759141057729721,0.0020774935837835073,-0.021144861355423927,0.1226943172912562,0.20000000000000284,,none,0.13269838755381613,0.0,-0.010000000000000142,-4.070262559788309e-06
R03_shallower_empty,136,28.200000000000266,37.59192900625212,57.39901264011274,31.30502048468042,0.21668928247929906,-0.32323482958438604,0.9811201298547547,-0.002052516869021745,-0.01584889624358514,0.13887476921081543,0.0022954975720494986,-0.08330120146274567,0.13887476921081543,0.0022954975720494986,-0.08330120146274567,0.9833248615264891,0.0008034241502173244,-0.020825300365686417,0.1219174324559871,0.20000000000000284,,none,0.13192078122729356,0.0,-0.010000000000000142,-3.3487713063162363e-06
R03_shallower_empty,137,28.40000000000027,37.773952561111905,57.439042255562704,31.367784922646408,0.2162320172444667,-0.3264583299457145,0.9852644027659285,-0.002487361200277512,-0.016348455516340926,0.1664447784423828,-0.009638391435146332,-0.06946559995412827,0.1664447784423828,-0.009638391435146332,-0.06946559995412827,0.9998668670654296,-0.003373437002301216,-0.017366399988532066,0.12140730151215372,0.20000000000000284,,none,0.13142918045185326,0.0,-0.010000000000000142,-2.1878939699400724e-05
R03_shallower_empty,138,28.60000000000027,37.9569331285839,57.47917582680579,31.43154052905979,0.21552075190167072,-0.32956325020548527,0.9931857189521031,-0.004475449713961531,-0.01481623105657951,0.20182783901691437,-0.024361565709114075,-0.04677616059780121,0.20182783901691437,-0.024361565709114075,-0.04677616059780121,1.0210967034101486,-0.008526547998189925,-0.011694040149450302,0.12136390178619047,0.20000000000000284,,none,0.13140357265608316,0.0,-0.010000000000000142,-3.967086989254076e-05
R03_shallower_empty,139,28.800000000000274,38.14153250213596,57.51948202624899,31.49646050992265,0.21431201147711787,-0.3322245327671358,1.0041986540989454,-0.007392124349889858,-0.012008233718243501,0.2383384108543396,-0.038101110607385635,-0.025145677849650383,0.2383384108543396,-0.038101110607385635,-0.025145677849650383,1.0430030465126037,-0.013335388712584972,-0.006286419462412596,0.12183130426145572,0.20000000000000284,,none,0.13187109775613237,0.0,-0.010000000000000142,-3.9793494676509184e-05
R03_shallower_empty,140,29.000000000000277,38.32845118109012,57.559998785198246,31.5626781549937,0.21248980532037123,-0.33424017890846347,1.0190821759737643,-0.010588989069487202,-0.008418766359789017,0.28587448596954346,-0.04886626452207565,-0.004418249242007732,0.28587448596954346,-0.04886626452207565,-0.004418249242007732,1.071524691581726,-0.017103192582726478,-0.001104562310501933,0.12282564215321838,0.20000000000000284,,none,0.13288174601867553,0.0,-0.010000000000000142,-5.610386545700385e-05
R03_shallower_empty,141,29.20000000000028,38.518572008912976,57.60078145010277,31.630350930597295,0.21000171713304516,-0.3354128653176903,1.0388416212676963,-0.014032365065740996,-0.0036662923721067983,0.3474409878253937,-0.06013965979218483,0.024071011692285538,0.3474409878253937,-0.06013965979218483,0.024071011692285538,1.1084645926952361,-0.021048880927264688,0.006017752923071384,0.12448420369157305,0.20000000000000284,,none,0.13457878692317848,0.0,-0.010000000000000142,-9.458323160529554e-05
R03_shallower_empty,142,29.400000000000283,38.71278728466199,57.64186815752172,31.69959161948131,0.20684303910000484,-0.335596373880738,1.0624733795537868,-0.017307563121869915,0.0014459000709184345,0.40956759452819824,-0.0685182437300682,0.04745175316929817,0.40956759452819824,-0.0685182437300682,0.04745175316929817,1.145740556716919,-0.02398138530552387,0.011862938292324543,0.1268947546013917,0.20000000000000284,,none,0.13698428610141633,0.0,-0.010000000000000142,-8.953150002448035e-05
R03_shallower_empty,143,29.600000000000286,38.911686402134876,57.68323003254056,31.770382760686193,0.20315487676974606,-0.33485041310834923,1.0876905980013947,-0.019415206778861063,0.005693560856129475,0.460906982421875,-0.06774263083934784,0.057395823299884796,0.460906982421875,-0.06774263083934784,0.057395823299884796,1.176544189453125,-0.02370992079377174,0.014348955824971199,0.12983300505376458,0.20000000000000284,,none,0.13988770943087303,0.0,-0.010000000000000142,-5.470437710831361e-05
R03_shallower_empty,144,29.80000000000029,39.115535651427095,57.72479474932916,31.84261142314849,0.199075640371044,-0.33334900051743327,1.1133548066738699,-0.021239648757066895,0.009066356933510133,0.5063056349754333,-0.07130653411149979,0.06375621259212494,0.5063056349754333,-0.07130653411149979,0.06375621259212494,1.20378338098526,-0.024957286939024922,0.015939053148031235,0.13300367832531104,0.20000000000000284,,none,0.1430459621975544,0.0,-0.010000000000000142,-4.228387224321617e-05
R03_shallower_empty,145,30.00000000000029,39.324513416099435,57.76647313857257,31.9161586220875,0.19456055466271477,-0.33122943992173876,1.139692299506279,-0.023723965053983866,0.011914578183203205,0.5541553497314453,-0.0822463408112526,0.07087342441082001,0.5541553497314453,-0.0822463408112526,0.07087342441082001,1.2324932098388672,-0.028786219283938406,0.017718356102705002,0.13633584931355613,0.20000000000000284,,none,0.1463850478990949,0.0,-0.010000000000000142,-4.919858553863676e-05
R03_shallower_empty,146,30.200000000000294,39.539211357889,57.808264516387204,31.991063502399925,0.19003021407211512,-0.32856049531255943,1.1708239781956293,-0.02172974546569723,0.014574396987438983,0.6341955661773682,-0.05047472566366196,0.07997708022594452,0.6341955661773682,-0.05047472566366196,0.07997708022594452,1.280517339706421,-0.017666153982281683,0.01999427005648613,0.14003502605461687,0.20000000000000284,,none,0.15018500102115695,0.0,-0.010000000000000142,-0.0001499749665399408
R03_shallower_empty,147,30.400000000000297,39.76035481529413,57.8503099693499,32.06742738503131,0.18579968615695122,-0.32551535020092576,1.204637704003585,-0.020656429651353017,0.015785753980253364,0.7063022255897522,-0.05276957154273987,0.07301647216081619,0.7063022255897522,-0.05276957154273987,0.07301647216081619,1.3237813353538512,-0.018469350039958952,0.018254118040204048,0.14440031432234177,0.20000000000000284,,none,0.15450537605661907,0.0,-0.010000000000000142,-0.00010506173427717203
R03_shallower_empty,148,30.6000000000003,39.988537985056055,57.89272412288707,32.145325618467965,0.18184060221614257,-0.32202738769639455,1.2417728431000363,-0.01905510204585777,0.018862012986703463,0.787699282169342,-0.04512028768658638,0.10052184015512466,0.787699282169342,-0.04512028768658638,0.10052184015512466,1.3726195693016052,-0.015792100690305233,0.025130460038781166,0.14908831872365158,0.20000000000000284,,none,0.15923712947628843,0.0,-0.010000000000000142,-0.0001488107526367058
R03_shallower_empty,149,30.800000000000303,40.22416227611196,57.935639675321994,32.224723257428266,0.1787472689702676,-0.3181912359625236,1.2796311729568732,-0.012381240319362085,0.0194548240945859,0.8550434708595276,0.003479965962469578,0.08265114575624466,0.8550434708595276,0.003479965962469578,0.08265114575624466,1.4130260825157166,0.0012179880868643522,0.020662786439061165,0.15410379505396735,0.20000000000000284,,none,0.1642481267764353,0.0,-0.010000000000000142,-0.00014433172246780106
R03_shallower_empty,150,31.000000000000306,40.46694539365463,57.97925102066403,32.305475001983325,0.176979331386444,-0.31471402743573323,1.314245947850796,-0.005794573530506658,0.015607253142587305,0.893686830997467,0.02179136872291565,0.031068461015820503,0.893686830997467,0.02179136872291565,0.031068461015820503,1.4362120985984803,0.007626979053020477,0.007767115253955126,0.1588820239924847,0.20000000000000284,,none,0.16897181179486154,0.0,-0.010000000000000142,-8.978780237671494e-05
R03_shallower_empty,151,31.20000000000031,40.71615826412725,58.02371472728865,32.38745047410098,0.1763135302935609,-0.31165418247248844,1.345201499627855,-0.0012090490312885868,0.015034374439127885,0.923790454864502,0.023242302238941193,0.0554681122303009,0.923790454864502,0.023242302238941193,0.0554681122303009,1.4542742729187013,0.008134805783629417,0.013867028057575226,0.16298784954898302,0.20000000000000284,,none,0.17301792307613084,0.0,-0.010000000000000142,-3.00735271476827e-05
R03_shallower_empty,152,31.40000000000031,40.97108505428557,58.06916538295265,32.470415974090244,0.17681595998991673,-0.30839015025925665,1.3726389913352477,0.005711726183672458,0.0174257122245687,0.9488596320152283,0.05661167576909065,0.08919402211904526,0.9488596320152283,0.05661167576909065,0.08919402211904526,1.469315779209137,0.019814086519181727,0.022298505529761314,0.16639574727505746,0.20000000000000284,,none,0.17645333558967025,0.0,-0.010000000000000142,-5.758831461265685e-05
R03_shallower_empty,153,31.600000000000314,41.23099602554188,58.115834455972596,32.554027367787114,0.17880423919416488,-0.3049013498240198,1.3961409105122395,0.013578170809767835,0.017459728329164013,0.9649176597595215,0.08459287881851196,0.07011616975069046,0.9649176597595215,0.08459287881851196,0.07011616975069046,1.478950595855713,0.029607507586479186,0.017529042437672615,0.1692773761557489,0.20000000000000284,,none,0.1793054716043514,0.0,-0.010000000000000142,-2.8095448602363516e-05
R03_shallower_empty,154,31.800000000000317,41.4950979608718,58.163975356620234,32.63796450245732,0.1819392927363193,-0.30106290717672707,1.4156440853375656,0.017478403518425764,0.02068184662969219,0.9739401340484619,0.07264528423547745,0.10899003595113754,0.9739401340484619,0.07264528423547745,0.10899003595113754,1.4843640804290772,0.025425849482417107,0.027247508987784386,0.17147738573118823,0.20000000000000284,,none,0.18151209228182807,0.0,-0.010000000000000142,-3.4706550639708176e-05
R03_shallower_empty,155,32.00000000000032,41.76269913981164,58.213793547649814,32.72185044459716,0.18656501121591035,-0.2967793027537107,1.4319116058872954,0.02798676460917041,0.022051004013908918,0.9820511341094971,0.14114141464233398,0.09936366230249405,0.9820511341094971,0.14114141464233398,0.09936366230249405,1.4892306804656983,0.049399495124816895,0.024840915575623512,0.173107934162477,0.20000000000000284,,none,0.18320493766792367,0.0,-0.010000000000000142,-9.700350544653014e-05
R03_shallower_empty,156,32.20000000000031,42.033109642438156,58.26561885146705,32.80538099031642,0.19213115838039266,-0.2923212875796254,1.444729825361566,0.027696578410660776,0.02249563576843753,0.9831586480140686,0.07744362950325012,0.0936066210269928,0.9831586480140686,0.07744362950325012,0.0936066210269928,1.489895188808441,0.02710527032613754,0.0234016552567482,0.17425537516762482,0.19999999999998863,,none,0.18433721072648268,0.0,-0.009999999999999431,-8.183555885843074e-05
R03_shallower_empty,157,32.4000000000003,42.305798613981096,58.319524336322715,32.88828342739,0.1984701514453387,-0.2871396600644699,1.455427262982116,0.035132877332591364,0.028842291071283176,0.9885333180427551,0.14367346465587616,0.16709910333156586,0.9885333180427551,0.14367346465587616,0.16709910333156586,1.4931199908256532,0.05028571262955665,0.041774775832891464,0.17489044742577528,0.19999999999998863,,none,0.1850867758877257,0.0,-0.009999999999999431,-0.0001963284619509853
R03_shallower_empty,158,32.600000000000286,42.58033274618679,58.375641226267106,32.97024252145661,0.2043987935164171,-0.28229439924694977,1.463699811349867,0.024923058847877322,0.02025736425751726,0.988080620765686,0.011767611838877201,0.011055948212742805,0.988080620765686,0.011767611838877201,0.011055948212742805,1.4928483724594117,0.00411866414360702,0.0027639870531857014,0.17471923249868487,0.19999999999998863,,none,0.18555420900271713,0.0,-0.009999999999999431,-0.0008349765040328305
R03_shallower_empty,159,32.800000000000274,42.85644539925881,58.433596051074,33.05115361404754,0.20937835137404193,-0.2752414772481154,1.4709880831515243,0.024876061895359187,0.04816821122931566,0.9944475293159485,0.07080084830522537,0.42016690969467163,0.9944475293159485,0.07080084830522537,0.42016690969467163,1.496668517589569,0.02478029690682888,0.10504172742366791,0.17246695787331315,0.19999999999998863,,none,0.18588490266004953,0.0,-0.009999999999999431,-0.003417944786736949
R03_shallower_empty,160,33.00000000000026,43.13413809461032,58.49303469925126,33.13016946057504,0.2112626283521276,-0.26854753785815055,1.4764653878271357,-0.0038669288207608633,0.02083155066103681,0.9929413795471191,-0.1783888339996338,-0.13948781788349152,0.9929413795471191,-0.1783888339996338,-0.13948781788349152,1.4957648277282716,-0.06243609189987182,-0.03487195447087288,0.16916579677623622,0.19999999999998863,,none,0.18667202038333386,0.0,-0.009999999999999431,-0.007506223607098216
R03_shallower_empty,161,33.20000000000025,43.413279335261805,58.5530424819043,33.20746981684698,0.21317812518982984,-0.25802853871358805,1.4812952621663982,0.021137323172722773,0.07990599176590896,0.9971891045570374,0.2059660404920578,0.8011243939399719,0.9971891045570374,0.2059660404920578,0.8011243939399719,1.4983134627342225,0.07208811417222022,0.20028109848499298,0.15677463747138556,0.19999999999998863,,none,0.18742459838627923,0.0,-0.009999999999999431,-0.02064996091489424
R03_shallower_empty,162,33.40000000000024,43.69400196889314,58.61361233576698,33.28123939091988,0.20883385455326872,-0.24635924572541676,1.4836718645870417,-0.05857230364116061,0.039809050291252555,0.986743152141571,-0.6314154863357544,-0.16758355498313904,0.986743152141571,-0.6314154863357544,-0.16758355498313904,1.4920458912849426,-0.22099542021751403,-0.04189588874578476,0.1463844811379262,0.19999999999998863,,none,0.18917872173194894,0.0,-0.009999999999999431,-0.03279424059402329
R03_shallower_empty,163,33.60000000000023,43.97649448106473,58.672426896082484,33.35193693950102,0.20417556116166247,-0.23193262291113587,1.4870436866854484,0.007043869438133486,0.09992614396093906,0.9982073307037354,0.40213990211486816,0.8897033929824829,0.9982073307037354,0.40213990211486816,0.8897033929824829,1.4989243984222411,0.14074896574020385,0.22242584824562073,0.1376161225842548,0.19999999999998863,,none,0.19134059975873186,0.0,-0.009999999999999431,-0.043724477174477645
R03_shallower_empty,164,33.80000000000022,44.260639770650734,58.73055652143574,33.41781008974498,0.19591327549362333,-0.2162444653727589,1.4871575938471142,-0.08468912043833174,0.059967146721661806,0.9792649149894714,-0.7877328395843506,-0.0858268216252327,0.9792649149894714,-0.7877328395843506,-0.0858268216252327,1.487558948993683,-0.27570649385452267,-0.021456705406308174,0.13672653641554744,0.19999999999998863,,none,0.19408283953883654,0.0,-0.009999999999999431,-0.047356303123289666
R03_shallower_empty,165,34.000000000000206,44.54666570679239,58.785571992501296,33.479403739512286,0.18692877593581092,-0.19855680701542247,1.4898623273473597,-0.010730171619490365,0.11291848682537882,0.9989875555038452,0.3999282121658325,0.8832665681838989,0.9989875555038452,0.3999282121658325,0.8832665681838989,1.499392533302307,0.13997487425804137,0.22081664204597473,0.14027161721093434,0.19999999999998863,,none,0.19727301230223304,0.0,-0.009999999999999431,-0.047001395091299275
R03_shallower_empty,166,34.200000000000195,44.83447203872043,58.838785178982384,33.53534237718444,0.17539517740222024,-0.1808364209368294,1.4900029415531246,-0.09867233633782374,0.06769395346490359,0.9841639995574951,-0.7970128059387207,-0.09783761203289032,0.9841639995574951,-0.7970128059387207,-0.09783761203289032,1.4904983997344972,-0.2789544820785522,-0.02445940300822258,0.14293546951219735,0.19999999999998863,,none,0.20084452853361512,0.0,-0.009999999999999431,-0.047909059021418336
R03_shallower_empty,167,34.40000000000018,45.12412149827995,58.887976347644326,33.58649004516376,0.16397738566145756,-0.16205925346082306,1.4921121381882152,-0.021334541643186523,0.11640626728226956,0.9992399215698242,0.38930150866508484,0.8626664876937866,0.9992399215698242,0.38930150866508484,0.8626664876937866,1.4995439529418946,0.13625552803277968,0.21566662192344666,0.1479352874359116,0.19999999999998863,,none,0.2045380286769145,0.0,-0.009999999999999431,-0.046602741241003456
R03_shallower_empty,168,34.60000000000017,45.41538171803487,58.934668217837185,33.63169286240486,0.15082862125717564,-0.14382218024022825,1.4921685044607813,-0.10394774987228135,0.06949981118374467,0.9872785210609436,-0.7779338359832764,-0.10432309657335281,0.9872785210609436,-0.7779338359832764,-0.10432309657335281,1.492367112636566,-0.2722768425941467,-0.026080774143338203,0.15240578527244264,0.19999999999998863,,none,0.20835879089203502,0.0,-0.009999999999999431,-0.04595300561959295
R03_shallower_empty,169,34.80000000000016,45.70822523017076,58.97686463650766,33.67200243476563,0.1382806069592814,-0.12541652354937627,1.4938242274989688,-0.027308689941615883,0.11139882137419953,0.9994303584098816,0.3681645095348358,0.7871032357215881,0.9994303584098816,0.3681645095348358,0.7871032357215881,1.499658215045929,0.12885757833719252,0.19677580893039703,0.15992453600678594,0.19999999999998863,,none,0.21209113581996775,0.0,-0.009999999999999431,-0.04216659981318239
R03_shallower_empty,170,35.00000000000015,46.00234213773031,59.01617382930233,33.70664507727588,0.12455614967403743,-0.10912061861150656,1.4937096316798433,-0.10414473897891599,0.05575417305375031,0.9888430833816528,-0.7448925971984863,-0.23052838444709778,0.9888430833816528,-0.7448925971984863,-0.23052838444709778,1.4933058500289917,-0.2607124090194702,-0.057632096111774445,0.16018435792020858,0.19999999999998863,,none,0.21567600447239244,0.0,-0.009999999999999431,-0.04549164655218444
R03_shallower_empty,171,35.20000000000014,46.29762959175413,59.050869611516475,33.73710947514899,0.11241823458880645,-0.0935443240635854,1.4950288139604262,-0.023325750515683644,0.09690707254433377,0.9994616508483887,0.40387970209121704,0.7230548858642578,0.9994616508483887,0.40387970209121704,0.7230548858642578,1.4996769905090332,0.14135789573192595,0.18076372146606445,0.16423900712405431,0.19999999999998863,,none,0.2188212391842157,0.0,-0.009999999999999431,-0.044582232060161944
R03_shallower_empty,172,35.40000000000013,46.59376499506803,59.082878696912,33.76269199437449,0.10032196165856964,-0.07977578584211222,1.4945998959595617,-0.09242868109182503,0.04471224150133934,0.9884809851646423,-0.6663962602615356,-0.24657754600048065,0.9884809851646423,-0.6663962602615356,-0.24657754600048065,1.4930885910987854,-0.23323869109153747,-0.06164438650012016,0.16997974313697253,0.19999999999998863,,none,0.22169570840762987,0.0,-0.009999999999999431,-0.04171596527065791
R03_shallower_empty,173,35.600000000000115,46.8906695304743,59.11076960287842,33.784847195201365,0.08979962568932774,-0.06730218569152255,1.4957142936559977,-0.01837603691289321,0.0775488594450941,0.9994015097618103,0.37862837314605713,0.5778381824493408,0.9994015097618103,0.37862837314605713,0.5778381824493408,1.499640905857086,0.13251993060112,0.1444595456123352,0.17865446927760384,0.19999999999998863,,none,0.2240916099896353,0.0,-0.009999999999999431,-0.035437140712032016
R03_shallower_empty,174,35.800000000000104,47.18810634576666,59.13638656026379,33.803214966402294,0.07981846605213777,-0.05764426393770418,1.4953500273318336,-0.07701586712505502,0.02313178102458504,0.9901108741760254,-0.5614439249038696,-0.35101234912872314,0.9901108741760254,-0.5614439249038696,-0.35101234912872314,1.4940665245056153,-0.19650537371635435,-0.08775308728218079,0.18117821674271872,0.19999999999998863,,none,0.22610992777238437,0.0,-0.009999999999999431,-0.034931711029666204
R03_shallower_empty,175,36.00000000000009,47.48600386179572,59.1585993277464,33.81945562903993,0.07153141643839543,-0.049884612035435386,1.49627813562203,-0.010842151370012973,0.05226868537758682,0.9992472529411316,0.3542829751968384,0.4465620815753937,0.9992472529411316,0.3542829751968384,0.4465620815753937,1.499548351764679,0.12399904131889343,0.11164052039384842,0.18796344015827235,0.19999999999998863,,none,0.22745872418823154,0.0,-0.009999999999999431,-0.029495284029959754
R03_shallower_empty,176,36.20000000000008,47.784198201019386,59.17911666061277,33.833393017404084,0.06397402326087498,-0.0453960171162607,1.495986239057984,-0.06095478415292681,-0.0032019095644460222,0.9915962219238281,-0.4659101366996765,-0.4649340510368347,0.9915962219238281,-0.4659101366996765,-0.4649340510368347,1.494957733154297,-0.16306854784488678,-0.11623351275920868,0.18832842322497398,0.19999999999998863,,none,0.22840043280187672,0.0,-0.009999999999999431,-0.030072009576903317
R03_shallower_empty,177,36.40000000000007,48.08263827871367,59.19710091749775,33.84666673379603,0.058894898726236794,-0.041883463045114165,1.496742537088178,0.005179024270177999,0.03541675596822582,0.999012291431427,0.39982542395591736,0.45643773674964905,0.999012291431427,0.39982542395591736,0.45643773674964905,1.4994073748588561,0.13993889838457108,0.11410943418741226,0.18663897948746358,0.19999999999998863,,none,0.22860856009545216,0.0,-0.009999999999999431,-0.03196958060798916
R03_shallower_empty,178,36.60000000000006,48.38119213663081,59.21428512753212,33.85858693463868,0.05402456487275377,-0.03941091202237378,1.496144201147365,-0.04974289030110759,-0.007459645286849672,0.9900599122047424,-0.4618755877017975,-0.37931299209594727,0.9900599122047424,-0.4618755877017975,-0.37931299209594727,1.4940359473228455,-0.16165645569562911,-0.09482824802398682,0.18986908016195214,0.19999999999998863,,none,0.22869084134898543,0.0,-0.009999999999999431,-0.028821761187033862
R03_shallower_empty,179,36.80000000000005,48.679878105767585,59.22956666694625,33.87024900477863,0.050442942939235944,-0.03726046305527636,1.4968634049378453,0.009464222465273467,0.026411278611612347,0.9989959001541138,0.37174192070961,0.3817182183265686,0.9989959001541138,0.37174192070961,0.3817182183265686,1.4993975400924682,0.13010967224836348,0.09542955458164215,0.19295492402539005,0.19999999999998863,,none,0.22843825413434615,0.0,-0.009999999999999431,-0.02548333010895668
R03_shallower_empty,180,37.000000000000036,48.9786479413415,59.24435938019853,33.88107439078674,0.04643095808036794,-0.03676207781261338,1.4964735986010456,-0.045445516246327075,-0.01807452485749355,0.991833508014679,-0.44952648878097534,-0.4348903298377991,0.991833508014679,-0.44952648878097534,-0.4348903298377991,1.4951001048088073,-0.15733427107334136,-0.10872258245944977,0.1913042309737438,0.19999999999998863,,none,0.22813188339821266,0.0,-0.009999999999999431,-0.026827652424469425
R03_shallower_empty,181,37.200000000000024,49.27750843286718,59.2576219094131,33.892188376187185,0.04492091134212155,-0.03595776333194063,1.497107278836165,0.025033067959497682,0.02302034359098151,0.9989001154899597,0.4818463623523712,0.42703497409820557,0.9989001154899597,0.4818463623523712,0.42703497409820557,1.4993400692939758,0.16864622682332991,0.10675874352455139,0.18523040658624798,0.19999999999998863,,none,0.22743881767294027,0.0,-0.009999999999999431,-0.032208411086692854
R03_shallower_empty,182,37.40000000000001,49.576357188628414,59.27109040093271,33.90254668460852,0.04257833574519063,-0.034296962774175856,1.4962482606825072,-0.0433079515772313,-0.004349471185265057,0.9887024760246277,-0.5216155052185059,-0.2404821366071701,0.9887024760246277,-0.5216155052185059,-0.2404821366071701,1.4932214856147765,-0.18256542682647703,-0.060120534151792526,0.18777521434074076,0.19999999999998863,,none,0.2268275904328192,0.0,-0.009999999999999431,-0.029052376092079002
R03_shallower_empty,183,37.6,49.87526697554967,59.283160129971996,33.912656896184835,0.04041278804770204,-0.032246066971130534,1.4969610945273404,0.017099552442394923,0.022811316768924148,0.9991213083267212,0.40054577589035034,0.31262579560279846,0.9991213083267212,0.40054577589035034,0.31262579560279846,1.4994727849960328,0.1401910215616226,0.07815644890069962,0.19323328477659996,0.19999999999998863,,none,0.22636165207892844,0.0,-0.009999999999999431,-0.023128367302329065
R03_shallower_empty,184,37.79999999999999,50.17423619147856,59.295098764613684,33.92205049343443,0.0370239229626163,-0.032054943038566826,1.496606488646639,-0.04621609402393872,-0.01783644952309841,0.9922617077827454,-0.5006669759750366,-0.4026551842689514,0.9922617077827454,-0.5006669759750366,-0.4026551842689514,1.4953570246696473,-0.1752334415912628,-0.10066379606723785,0.1893694941032409,0.19999999999998863,,none,0.22584666127145425,0.0,-0.009999999999999431,-0.026477167168213942
R03_shallower_empty,185,37.99999999999998,50.47327419365808,59.30565973805488,33.93177981555824,0.03671623644341553,-0.031512100711359486,1.4971921412296667,0.03692975606142937,0.02038417862194065,0.9987595081329346,0.5895034074783325,0.39306312799453735,0.9987595081329346,0.5895034074783325,0.39306312799453735,1.4992557048797608,0.20632619261741636,0.09826578199863434,0.17859284158351124,0.19999999999998863,,none,0.2250264679603049,0.0,-0.009999999999999431,-0.03643362637679424
R03_shallower_empty,186,38.19999999999997,50.77224755254421,59.31689375373133,33.94072899269639,0.035321939045854255,-0.028756608617729728,1.4960449834545444,-0.04471886208747883,0.008096840717830853,0.9866715669631958,-0.6031229496002197,-0.06776353716850281,0.9866715669631958,-0.6031229496002197,-0.06776353716850281,1.4920029401779176,-0.2110930323600769,-0.016940884292125702,0.18153278908193782,0.19999999999998863,,none,0.22423008830684665,0.0,-0.009999999999999431,-0.0326972992249094
R03_shallower_empty,187,38.399999999999956,51.071262050209015,59.32678975200289,33.94887376934656,0.03325463100145931,-0.024890595561927995,1.496811949674457,0.01922623090045809,0.028988669720210542,0.999190628528595,0.4272176921367645,0.28623855113983154,0.999190628528595,0.4272176921367645,0.28623855113983154,1.499514377117157,0.14952619224786756,0.07155963778495789,0.19027556336441395,0.19999999999998863,,none,0.2240170842332958,0.0,-0.009999999999999431,-0.023741520868882413
R03_shallower_empty,188,38.599999999999945,51.37034729037866,59.33654378499459,33.95581209286417,0.029168415300546965,-0.02275753212239706,1.496454627249217,-0.054529414441796806,-0.0050895547082898075,0.9919926524162292,-0.5852005481719971,-0.29812097549438477,0.9919926524162292,-0.5852005481719971,-0.29812097549438477,1.4951955914497375,-0.20482019186019895,-0.07453024387359619,0.1864304561288833,0.19999999999998863,,none,0.22376082733964608,0.0,-0.009999999999999431,-0.027330371210763378
R03_shallower_empty,189,38.79999999999993,51.669523497119926,59.3445465507916,33.962498435606186,0.027661340633203416,-0.020915184301790037,1.4970953870833785,0.033553939971709426,0.021508345404165883,0.9989218711853027,0.6121156811714172,0.3028259575366974,0.9989218711853027,0.6121156811714172,0.3028259575366974,1.4993531227111816,0.21424048840999602,0.07570648938417435,0.1774595624264215,0.19999999999998863,,none,0.22335459009524783,0.0,-0.009999999999999431,-0.0358950276688269
R03_shallower_empty,190,38.99999999999992,51.968651164587016,59.35293806986275,33.96820391835353,0.025194088521027645,-0.017535274834329054,1.495958067803424,-0.051998373163863354,0.01293678871579305,0.986584484577179,-0.6463344097137451,-0.018117377534508705,0.986584484577179,-0.6463344097137451,-0.018117377534508705,1.4919506907463074,-0.22621704339981077,-0.004529344383627176,0.17898809817213124,0.19999999999998863,,none,0.22272516750580706,0.0,-0.009999999999999431,-0.03373706933367641
R03_shallower_empty,191,39.19999999999991,52.26781006453876,59.35972368148944,33.972873586718826,0.023059216825628233,-0.012985451665223057,1.496731606537248,0.024857051903800095,0.03118599751540607,0.9990953207015991,0.5184691548347473,0.2734885513782501,0.9990953207015991,0.5184691548347473,0.2734885513782501,1.4994571924209594,0.18146420419216155,0.06837213784456253,0.18385007465071615,0.19999999999998863,,none,0.22268923230636517,0.0,-0.009999999999999431,-0.02883915765564958
R03_shallower_empty,192,39.3999999999999,52.566970620253585,59.36648475707577,33.97601109775368,0.01892774797485917,-0.008649828072272527,1.4958486693999933,-0.059949421910851355,0.01350300785685638,0.9878960251808167,-0.6647815108299255,-0.0901174247264862,0.9878960251808167,-0.6647815108299255,-0.0901174247264862,1.49273761510849,-0.23267352879047393,-0.02252935618162155,0.18187523020663654,0.19999999999998863,,none,0.2225235675641386,0.0,-0.009999999999999431,-0.030648337357502626
R03_shallower_empty,193,39.59999999999989,52.86617732173882,59.37126308476067,33.97804338481596,0.016373261518432276,-0.004384869517829897,1.4966351738987145,0.02859338501550333,0.02805015699066598,0.9990107417106628,0.6017026305198669,0.23077066242694855,0.9990107417106628,0.6017026305198669,0.23077066242694855,1.4994064450263977,0.21059592068195343,0.05769266560673714,0.1784952090159808,0.19999999999998863,,none,0.22263670464980123,0.0,-0.009999999999999431,-0.03414149563382101
R03_shallower_empty,194,39.799999999999876,53.165293579078806,59.37611963807819,33.97861807238621,0.012821888476437731,0.00017587359042539716,1.4950082114719803,-0.05787316849958134,0.018292695361130967,0.9821259379386902,-0.6683679819107056,-0.006359754130244255,0.9821259379386902,-0.6683679819107056,-0.006359754130244255,1.4892755627632142,-0.23392879366874694,-0.0015899385325610638,0.1789356561118389,0.19999999999998863,,none,0.22232756194413383,0.0,-0.009999999999999431,-0.03339190583229551
R03_shallower_empty,195,39.999999999999865,53.46437977678147,59.37910705926032,33.97794402513109,0.010366814814944593,0.004598640788040604,1.495968685643778,0.02709883294747416,0.025399347252349987,0.9989215731620789,0.5718703866004944,0.15952186286449432,0.9989215731620789,0.5718703866004944,0.15952186286449432,1.4993529438972473,0.20015463531017302,0.03988046571612358,0.181123009062883,0.19999999999998863,,none,0.22244280936181582,0.0,-0.009999999999999431,-0.03131980029893339
R03_shallower_empty,196,40.199999999999854,53.76336596590471,59.382153358923404,33.975913041629006,0.006887994996481906,0.00861389021046186,1.4942042337222738,-0.055680394366589225,0.015499313892663059,0.9799785614013672,-0.6409776210784912,-0.018695345148444176,0.9799785614013672,-0.6409776210784912,-0.018695345148444176,1.4879871368408204,-0.2243421673774719,-0.004673836287111044,0.18200458120700594,0.19999999999998863,,none,0.22206699122015294,0.0,-0.009999999999999431,-0.030062410013147564
R03_shallower_empty,197,40.39999999999984,54.06230482215126,59.383431297903776,33.972818091275116,0.0048760046935341205,0.012294506642041386,1.495321671398656,0.029336544784991165,0.02089981396540946,0.9987649917602539,0.5785211324691772,0.12761732935905457,0.9987649917602539,0.5785211324691772,0.12761732935905457,1.4992589950561523,0.20248239636421203,0.03190433233976364,0.1818500628306202,0.19999999999998863,,none,0.2220288136024493,0.0,-0.009999999999999431,-0.030178750771829674
R03_shallower_empty,198,40.59999999999983,54.36110560348992,59.384910589895384,33.96856116579044,0.0019395311874298073,0.016048015394497444,1.4931321705921807,-0.05253091757703726,0.01693416507910487,0.9756956696510315,-0.626717209815979,0.03541368618607521,0.9756956696510315,-0.626717209815979,0.03541368618607521,1.485417401790619,-0.21935102343559262,0.008853421546518803,0.18222596864202728,0.19999999999998863,,none,0.2214586319850511,0.0,-0.009999999999999431,-0.029232663343024413
R03_shallower_empty,199,40.79999999999982,54.65982425027589,59.38477088818324,33.96323729913325,0.00019616285343320165,0.019677370979225162,1.4944683347115952,0.028955584963911273,0.019189412453188483,0.998627245426178,0.5571411848068237,0.09513958543539047,0.998627245426178,0.5571411848068237,0.09513958543539047,1.4991763472557067,0.1949994146823883,0.023784896358847618,0.18323980577010449,0.19999999999998863,,none,0.22135208054465494,0.0,-0.009999999999999431,-0.02811227477455101
R03_shallower_empty,200,40.99999999999981,54.95839118250286,59.38486503645633,33.956797933063804,-0.0025624124808510517,0.02341793393179273,1.4920139610782386,-0.05054906178611459,0.01828442602792891,0.972276508808136,-0.6072985529899597,0.06576139479875565,0.972276508808136,-0.6072985529899597,0.06576139479875565,1.4833659052848815,-0.2125544935464859,0.01644034869968891,0.18357351289272605,0.19999999999998863,,none,0.22072305974003825,0.0,-0.009999999999999431,-0.027149546847312755
R03_shallower_empty,201,41.1999999999998,55.25685951345221,59.383422834225875,33.949247923155625,-0.0040958266628379775,0.02720865595604808,1.4935871724633296,0.029203925950188978,0.0195289911635403,0.9985507130622864,0.5477582812309265,0.08826009184122086,0.9985507130622864,0.5477582812309265,0.08826009184122086,1.4991304278373718,0.19171539843082427,0.022065022960305214,0.18389649188701054,0.19999999999998863,,none,0.22060354819617345,0.0,-0.009999999999999431,-0.026707056309163466
R03_shallower_empty,202,41.399999999999785,55.555159576029595,59.38227026443017,33.94051997092648,-0.006533648408823993,0.03138983744459041,1.4908445327670352,-0.04777986420880946,0.02208981413101283,0.9686346054077148,-0.5847102403640747,0.1092318594455719,0.9686346054077148,-0.5847102403640747,0.1092318594455719,1.481180763244629,-0.20464858412742615,0.027307964861392975,0.1842988907378708,0.19999999999998863,,none,0.2199752855566146,0.0,-0.009999999999999431,-0.02567639481874437
R03_shallower_empty,203,41.599999999999774,55.85334075078013,59.379671192824006,33.93054125329705,-0.008097894034067942,0.03535311774902609,1.4926662960075792,0.026536195944647796,0.017861665106041924,0.9984755516052246,0.5084826350212097,0.03698411583900452,0.9984755516052246,0.5084826350212097,0.03698411583900452,1.4990853309631347,0.1779689222574234,0.00924602895975113,0.18587675711203608,0.19999999999998863,,none,0.2199003747384225,0.0,-0.009999999999999431,-0.02402361762638698
R03_shallower_empty,204,41.79999999999976,56.1513878402853,59.37732706416306,33.9194504865397,-0.010244464739799463,0.03909281760667375,1.4900835823705292,-0.04277770447967407,0.019418030025355835,0.9683055281639099,-0.5257645845413208,0.09035764634609222,0.9683055281639099,-0.5257645845413208,0.09035764634609222,1.480983316898346,-0.18401760458946226,0.022589411586523056,0.18778316767188752,0.19999999999998863,,none,0.21925169317680826,0.0,-0.009999999999999431,-0.021468525504921315
R03_shallower_empty,205,41.99999999999975,56.449339648207655,59.37371417152804,33.90728144884153,-0.011419136495718178,0.04230416487089056,1.492046583139474,0.025857910842694978,0.013166612819728623,0.9982721209526062,0.47347337007522583,0.0017127732280641794,0.9982721209526062,0.47347337007522583,0.0017127732280641794,1.4989632725715638,0.16571567952632904,0.00042819330701604486,0.18887969537079388,0.19999999999998863,,none,0.21902434337398802,0.0,-0.009999999999999431,-0.020144648003194692
R03_shallower_empty,206,42.19999999999974,56.74719755643662,59.37045167150506,33.89424146143421,-0.012773868952116399,0.04533223540400839,1.4896770805175372,-0.03483109631520255,0.01683742302478852,0.9688801169395447,-0.4528462290763855,0.09726951271295547,0.9688801169395447,-0.4528462290763855,0.09726951271295547,1.4813280701637268,-0.15849618017673492,0.02431737817823887,0.1908409997079218,0.19999999999998863,,none,0.218202259310587,0.0,-0.009999999999999431,-0.017361259602665782
R03_shallower_empty,207,42.39999999999973,57.044987111020895,59.36622608897238,33.88029581297419,-0.013372256494043435,0.048008159820514956,1.4916879724870709,0.024384158711926975,0.010406519269909917,0.9979556798934937,0.41441771388053894,-0.010790549218654633,0.9979556798934937,0.41441771388053894,-0.010790549218654633,1.4987734079360961,0.14504619985818862,-0.002697637304663658,0.19248490104200555,0.19999999999998863,,none,0.21777828328398385,0.0,-0.009999999999999431,-0.015293382241978879
R03_shallower_empty,208,42.59999999999972,57.342757274361745,59.362442698771034,33.86565267795429,-0.013949201630451448,0.05034755192160863,1.4899353116200167,-0.02633118724610722,0.012806513811466483,0.9729329347610474,-0.370494544506073,0.07078778743743896,0.9729329347610474,-0.370494544506073,0.07078778743743896,1.4837597608566284,-0.12967309057712553,0.01769694685935974,0.19437355831968176,0.19999999999998863,,none,0.21684092664270338,0.0,-0.009999999999999431,-0.012467368323022195
R03_shallower_empty,209,42.799999999999706,57.64051550010341,59.35805527925505,33.850314894303345,-0.013523908278743496,0.05238971562183038,1.4918290005439072,0.026595061849694096,0.007978975443392843,0.9975024461746216,0.38412025570869446,-0.007432109676301479,0.9975024461746216,0.38412025570869446,-0.007432109676301479,1.498501467704773,0.13444208949804304,-0.0018580274190753698,0.19466455783191658,0.19999999999998863,,none,0.2161878680298912,0.0,-0.009999999999999431,-0.011523310197975185
R03_shallower_empty,210,42.999999999999694,57.93825562321765,59.35433450245323,33.83440025995778,-0.013228754028745876,0.05462911890452131,1.490135077476314,-0.02012241637858026,0.013963967669181109,0.9736108183860779,-0.32947978377342224,0.1046379879117012,0.9736108183860779,-0.32947978377342224,0.1046379879117012,1.4841664910316468,-0.11531792432069778,0.0261594969779253,0.194623568706713,0.19999999999998863,,none,0.21507067936672541,0.0,-0.009999999999999431,-0.010447110660012986
R03_shallower_empty,211,43.19999999999968,58.23597717400976,59.35027264165458,33.817739256405964,-0.012331128028273798,0.05702919451486322,1.4919316745612452,0.02564888676287823,0.010312035110043995,0.9971033930778503,0.3397611081600189,0.011482186615467072,0.9971033930778503,0.3397611081600189,0.011482186615467072,1.4982620358467102,0.11891638785600661,0.002870546653866768,0.1951958483425325,0.19999999999998863,,none,0.21433811385886514,0.0,-0.009999999999999431,-0.009142265516333197
R03_shallower_empty,212,43.39999999999967,58.533662561736826,59.34690120365016,33.80035045011244,-0.01200076806944046,0.05996354218045352,1.4902666479459818,-0.018981489383807608,0.018420319034539667,0.9739997982978821,-0.3140689730644226,0.1397697925567627,0.9739997982978821,-0.3140689730644226,0.1397697925567627,1.4843998789787292,-0.1099241405725479,0.034942448139190674,0.1943745218367019,0.19999999999998863,,none,0.21326422705757864,0.0,-0.009999999999999431,-0.00888970522087732
R03_shallower_empty,213,43.59999999999966,58.83130648689351,59.34312936132041,33.78198979997924,-0.012018330895431055,0.06302496487776842,1.4919888976682354,0.016157435372864126,0.012630302320894548,0.9967621564865112,0.2507414221763611,0.003328286809846759,0.9967621564865112,0.2507414221763611,0.003328286809846759,1.4980572938919068,0.08775949776172637,0.0008320717024616897,0.1958903310104066,0.19999999999998863,,none,0.2126532348506629,0.0,-0.009999999999999431,-0.006762903840256869
R03_shallower_empty,214,43.79999999999965,59.12895183521214,59.33971855879817,33.76279186128516,-0.01203888388470389,0.06591467405563295,1.490896869935308,-0.014083687535671343,0.016011916701466896,0.9784151315689087,-0.21630163490772247,0.09161032736301422,0.9784151315689087,-0.21630163490772247,0.09161032736301422,1.4870490789413453,-0.07570557221770285,0.022902581840753555,0.19721434323359954,0.19999999999998863,,none,0.21173953421715908,0.0,-0.009999999999999431,-0.0045251909835600955
R03_shallower_empty,215,43.99999999999964,59.426582184724836,59.3359876082913,33.74271896270067,-0.012046376458518786,0.068559955538291,1.4923342818801173,0.012039828669793072,0.01083135760054343,0.9956650733947754,0.1864895075559616,0.001100038643926382,0.9956650733947754,0.1864895075559616,0.001100038643926382,1.4973990440368652,0.06527132764458655,0.0002750096609815955,0.19760942991596953,0.19999999999998863,,none,0.21102403746205312,0.0,-0.009999999999999431,-0.0034146075460841654
R03_shallower_empty,216,44.199999999999626,59.72421321073264,59.33258731173685,33.721878342056485,-0.011429190630511668,0.07152693283805718,1.4914977456220246,-0.004612855237789001,0.018277219711960006,0.9809169769287109,-0.11013080179691315,0.13379816710948944,0.9809169769287109,-0.11013080179691315,0.13379816710948944,1.4885501861572266,-0.0385457806289196,0.03344954177737236,0.19791683264049492,0.19999999999998863,,none,0.21003303079185898,0.0,-0.009999999999999431,-0.002116198151364611
R03_shallower_empty,217,44.399999999999615,60.02178721806421,59.32912658308728,33.69999629546716,-0.011547542061899186,0.07531447766789043,1.4924351956124038,0.0028656824741052234,0.019505642208303187,0.9928972125053406,0.05172739177942276,0.08803512156009674,0.9928972125053406,0.05172739177942276,0.08803512156009674,1.4957383275032043,0.018104587122797965,0.022008780390024185,0.1987243277018596,0.19999999999998863,,none,0.20929304484606348,0.0,-0.009999999999999431,-0.0005687171442044392
R03_shallower_empty,218,44.5999999999996,60.31931240272846,59.325662034561866,33.67684407323503,-0.012153934860327373,0.08041435204024157,1.4920342158551096,-0.008102906359694836,0.03065292893122556,0.9843689203262329,-0.08700981736183167,0.21347035467624664,0.9843689203262329,-0.08700981736183167,0.21347035467624664,1.4906213521957397,-0.03045343607664108,0.05336758866906166,0.1979856952639431,0.19999999999998863,,none,0.20868679011743652,0.0,-0.009999999999999431,-0.0007010948534939854
R03_shallower_empty,219,44.79999999999959,60.616658427188426,59.3217262565878,33.651894332104845,-0.014610329034255139,0.08723774957442182,1.4921360244661093,-0.015875233945257583,0.037095471092593736,0.987491250038147,-0.09060797095298767,0.200893372297287,0.987491250038147,-0.09060797095298767,0.200893372297287,1.4924947500228882,-0.03171278983354568,0.05022334307432175,0.19849713395051719,0.19999999999998863,,none,0.20850075147327374,0.0,-0.009999999999999431,-3.617522757122238e-06
R03_shallower_empty,220,44.99999999999958,60.91379730867729,59.31680647705161,33.62479795932872,-0.018887848843855696,0.09459437226560224,1.4920022533860473,-0.026127266965521798,0.036514540630658315,0.9858848452568054,-0.13433623313903809,0.14132314920425415,0.9858848452568054,-0.13433623313903809,0.14132314920425415,1.4915309071540832,-0.047017681598663326,0.03533078730106354,0.19859132928288337,0.19999999999998863,,none,0.20870059634147253,0.0,-0.009999999999999431,-0.00010926705858974373
R03_shallower_empty,221,45.19999999999957,61.21073691914728,59.31042042866255,33.595684425897566,-0.02412090882496065,0.100248366418599,1.4923077645878917,-0.026198001568455476,0.02118108558453344,0.9889737367630005,-0.07526324689388275,-0.04025466740131378,0.9889737367630005,-0.07526324689388275,-0.04025466740131378,1.4933842420578003,-0.02634213641285896,-0.010063666850328445,0.198236256909274,0.19999999999998863,,none,0.20896565015803148,0.0,-0.009999999999999431,-0.0007293932487580524
R03_shallower_empty,222,45.39999999999956,61.50755773264374,59.3025494387176,33.56533286438391,-0.028654794898519815,0.1029425870912416,1.4924142774207108,-0.019635477535803803,0.0068418698676241995,0.9879826307296753,-0.017894629389047623,-0.08950774371623993,0.9879826307296753,-0.017894629389047623,-0.08950774371623993,1.4927895784378051,-0.006263120286166667,-0.022376935929059982,0.19861452168297217,0.19999999999998863,,none,0.20872888180481297,0.0,-0.009999999999999431,-0.00011436012184138617
R03_shallower_empty,223,45.59999999999955,61.804266648299176,59.29352306649488,33.53451085641298,-0.03194764244964969,0.10379996628097314,1.492025748861399,-0.013737527321089746,0.0020900661509013355,0.9844279289245605,-0.00491246348246932,-0.030370453372597694,0.9844279289245605,-0.00491246348246932,-0.030370453372597694,1.4906567573547362,-0.0017193622188642619,-0.007592613343149424,0.19775636015984427,0.19999999999998863,,none,0.20782992799275846,0.0,-0.009999999999999431,-7.356783291474902e-05
R03_shallower_empty,224,45.799999999999535,62.10080824315738,59.28364038466596,33.50349358587205,-0.034673186091210666,0.1046840091660634,1.491242777056339,-0.013533301615001802,0.006423733570880624,0.9808065891265869,-0.037477582693099976,0.06101753190159798,0.9808065891265869,-0.037477582693099976,0.06101753190159798,1.4884839534759522,-0.01311715394258499,0.015254382975399494,0.19639571725568938,0.19999999999998863,,none,0.20658422455456105,0.0,-0.009999999999999431,-0.00018850729887223157
R03_shallower_empty,225,45.999999999999524,62.3971149741347,59.27291191162089,33.472081490642346,-0.037888467829573134,0.10665418875326478,1.4904004195451148,-0.01826303508504086,0.01279765866151919,0.9790539145469666,-0.07971640676259995,0.10314284265041351,0.9790539145469666,-0.07971640676259995,0.10314284265041351,1.48743234872818,-0.027900742366909977,0.02578571066260338,0.19534694433585928,0.19999999999998863,,none,0.20541817897451153,0.0,-0.009999999999999431,-7.123463865280983e-05
R03_shallower_empty,226,46.19999999999951,62.693146690064985,59.2610904751131,33.43994272403175,-0.04214854312355759,0.10959048754052246,1.489693404158658,-0.02391195775094195,0.016301262120596047,0.9786703586578369,-0.1012076660990715,0.09376201033592224,0.9786703586578369,-0.1012076660990715,0.09376201033592224,1.4872022151947022,-0.035422683134675025,0.02344050258398056,0.19452098355044176,0.19999999999998863,,none,0.2045319839775992,0.0,-0.009999999999999431,-1.1000427158003313e-05
R03_shallower_empty,227,46.3999999999995,62.988877945317526,59.24786038877728,33.40686974578884,-0.04744712298543475,0.11297642152442972,1.4890305402014536,-0.028712056726127918,0.01746999049486833,0.977824866771698,-0.10998041927814484,0.07940596342086792,0.977824866771698,-0.10998041927814484,0.07940596342086792,1.4866949200630188,-0.03849314674735069,0.01985149085521698,0.19386603339533964,0.19999999999998863,,none,0.20387170883809702,0.0,-0.009999999999999431,-5.675442757954175e-06
R03_shallower_empty,228,46.59999999999949,63.28426210647984,59.23294657191839,33.37278972137888,-0.05358629458423648,0.11646761035669423,1.488189183788372,-0.03240157941282851,0.017443866776166776,0.9753744006156921,-0.11405618488788605,0.06956253945827484,0.9753744006156921,-0.11405618488788605,0.06956253945827484,1.4852246403694154,-0.03991966471076011,0.01739063486456871,0.1933148013724511,0.19999999999998863,,none,0.20331719156535044,0.0,-0.009999999999999431,-2.3901928998926183e-06
R03_shallower_empty,229,46.79999999999948,63.579217896047616,59.216134335795175,33.337708384801125,-0.06041073125286007,0.11989307387860192,1.4869757894667242,-0.03560160117832065,0.016855140803136878,0.971167266368866,-0.12034925073385239,0.06262201070785522,0.971167266368866,-0.12034925073385239,0.06262201070785522,1.4827003598213195,-0.042122237756848334,0.015655502676963806,0.19277155255216638,0.19999999999998863,,none,0.20277366202407876,0.0,-0.009999999999999431,-2.109471912957739e-06
R03_shallower_empty,230,46.99999999999947,63.87364722156709,59.1972440146455,33.30167226118979,-0.06784278874862329,0.12314522465466839,1.4853799682970645,-0.03850048452930824,0.01574968529614038,0.9662617444992065,-0.126878559589386,0.05398846045136452,0.9662617444992065,-0.126878559589386,0.05398846045136452,1.479757046699524,-0.04440749585628509,0.01349711511284113,0.1921893264684334,0.19999999999998863,,none,0.20219215115261235,0.0,-0.009999999999999431,-2.8246841795201427e-06
R03_shallower_empty,231,47.199999999999456,64.16744146780887,59.1761174266306,33.264756207555926,-0.0758328590865528,0.12616853350288987,1.4832981794623317,-0.04119698335072934,0.014572153895063665,0.9599382281303406,-0.13340456783771515,0.04869086295366287,0.9599382281303406,-0.13340456783771515,0.04869086295366287,1.4759629368782043,-0.0466915987432003,0.012172715738415718,0.1915382551070287,0.19999999999998863,,none,0.2015404679106716,0.0,-0.009999999999999431,-2.2128036434446165e-06
R03_shallower_empty,232,47.399999999999444,64.46047260486725,59.15261342912381,33.2270436832692,-0.08434140072291312,0.12897028878420685,1.480649384145247,-0.0436997956912022,0.013524370501347357,0.9521937966346741,-0.13942782580852509,0.04555727168917656,0.9521937966346741,-0.13942782580852509,0.04555727168917656,1.4713162779808044,-0.04879973903298378,0.01138931792229414,0.19079537449865644,0.19999999999998863,,none,0.2007974960036556,0.0,-0.009999999999999431,-2.1215049997372337e-06
R03_shallower_empty,233,47.59999999999943,64.75259305968567,59.12660753446811,33.188614745900466,-0.09333049378904562,0.131578108076121,1.4773438865900055,-0.04601652291047297,0.012621845830459092,0.9428281188011169,-0.14496366679668427,0.04313113912940025,0.9428281188011169,-0.14496366679668427,0.04313113912940025,1.4656968712806702,-0.05073728337883949,0.010782784782350063,0.18994917059902788,0.19999999999998863,,none,0.19995165555054584,0.0,-0.009999999999999431,-2.4849515185154657e-06
R03_shallower_empty,234,47.79999999999942,65.04363685967546,59.09799708008925,33.14954540404265,-0.10271295340263548,0.13400443174255067,1.4733053368766211,-0.047682507714093124,0.011710108598536629,0.9317923188209534,-0.1459350287914276,0.039409101009368896,0.9317923188209534,-0.1459350287914276,0.039409101009368896,1.459075391292572,-0.05107726007699966,0.009852275252342224,0.18898860696816688,0.19999999999998863,,none,0.1989913386880282,0.0,-0.009999999999999431,-2.7317198618795336e-06
R03_shallower_empty,235,47.99999999999941,65.33341151027948,59.06671594411659,33.10991469688635,-0.11241892790340907,0.13625330130971308,1.468341356574706,-0.04925845771795898,0.010843875206880906,0.9180843830108643,-0.14991356432437897,0.036315057426691055,0.9180843830108643,-0.14991356432437897,0.036315057426691055,1.4508506298065185,-0.05246974751353264,0.009078764356672764,0.1878864589463334,0.19999999999998863,,none,0.19789072513342987,0.0,-0.009999999999999431,-4.266187097039798e-06
R03_shallower_empty,236,48.1999999999994,65.62170490514899,59.032716289129645,33.069803919269276,-0.12242630271648694,0.13832120189782118,1.4624416989006903,-0.050706175702639314,0.009905831185367846,0.9027568101882935,-0.1533033400774002,0.0319775715470314,0.9027568101882935,-0.1533033400774002,0.0319775715470314,1.441654086112976,-0.05365616902709007,0.00799439288675785,0.1866296739856266,0.19999999999998863,,none,0.1966349787626669,0.0,-0.009999999999999431,-5.304777040864573e-06
R03_shallower_empty,237,48.39999999999939,65.90828264651213,58.99596580309777,33.029302289132985,-0.13272209674836172,0.14018368225118866,1.4553972391349475,-0.05214343795589116,0.00880215646851345,0.8842931389808655,-0.15734893083572388,0.02621285989880562,0.8842931389808655,-0.15734893083572388,0.02621285989880562,1.4305758833885194,-0.055072125792503354,0.006553214974701405,0.18519709670493914,0.19999999999998863,,none,0.1952049068221271,0.0,-0.009999999999999431,-7.810117188540577e-06
R03_shallower_empty,238,48.599999999999376,66.19285321685273,58.9564463392154,32.98851902036132,-0.14333578582237258,0.1417807021884584,1.4468363501316497,-0.05386378963384292,0.007282574047165284,0.8611196875572205,-0.1639123558998108,0.016744574531912804,0.8611196875572205,-0.1639123558998108,0.016744574531912804,1.4166718125343323,-0.05736932456493377,0.004186143632978201,0.1835414326493175,0.19999999999998863,,none,0.19355482736586183,0.0,-0.009999999999999431,-1.3394716544896726e-05
R03_shallower_empty,239,48.799999999999365,66.47511031186744,58.91414490828132,32.947586667658186,-0.15424744936091317,0.14304034525688075,1.4369383659699424,-0.055155490103644365,0.005451839369782021,0.8367708921432495,-0.1651073396205902,0.006885514594614506,0.8367708921432495,-0.1651073396205902,0.006885514594614506,1.4020625352859497,-0.05778756886720657,0.0017213786486536264,0.18164881155020407,0.19999999999998863,,none,0.19166264140794453,0.0,-0.009999999999999431,-1.3829857741031616e-05
R03_shallower_empty,240,48.99999999999935,66.7547218598153,58.86908104432396,32.90665671620791,-0.1653897907056846,0.1439377662921918,1.4252445589034628,-0.05618995553736578,0.0036576028450979537,0.8067351579666138,-0.16656534373760223,6.055459380149841e-06,0.8067351579666138,-0.16656534373760223,6.055459380149841e-06,1.3840410947799682,-0.058297870308160776,1.5138648450374603e-06,0.17947607600483007,0.19999999999998863,,none,0.18949510796606006,0.0,-0.009999999999999431,-1.9031961230562158e-05
R03_shallower_empty,241,49.19999999999934,67.03124710589873,58.82130980917983,32.865897840259045,-0.1768345339273728,0.14446192248598472,1.411094029921109,-0.05811256902761367,0.0017292958639514395,0.768723726272583,-0.17722928524017334,-0.008799945935606956,0.768723726272583,-0.17722928524017334,-0.008799945935606956,1.3612342357635498,-0.06203024983406066,-0.002199986483901739,0.17694595371129118,0.19999999999998863,,none,0.18697867639625798,0.0,-0.009999999999999431,-3.2722684967374795e-05
R03_shallower_empty,242,49.39999999999933,67.30413918505536,58.770878853057845,32.825501312738616,-0.1887824010790276,0.14454757091036682,1.3940971337219914,-0.0611380700472563,-0.0006904360797653382,0.7236801385879517,-0.19229453802108765,-0.022484350949525833,0.7236801385879517,-0.19229453802108765,-0.022484350949525833,1.334208083152771,-0.06730308830738067,-0.005621087737381458,0.1740058704301429,0.19999999999998863,,none,0.18405473342161116,0.0,-0.009999999999999431,-4.8862991468817745e-05
R03_shallower_empty,243,49.59999999999932,67.57277116601607,58.7178257367523,32.785686318986286,-0.2013256422138951,0.14414324457610206,1.3738733664350395,-0.06407312573709696,-0.0031662265810679965,0.6710239052772522,-0.20015384256839752,-0.032844431698322296,0.6710239052772522,-0.20015384256839752,-0.032844431698322296,1.3026143431663513,-0.07005384489893912,-0.008211107924580574,0.1706184411275178,0.19999999999998863,,none,0.18067727670446843,0.0,-0.009999999999999431,-5.883557695119529e-05
R03_shallower_empty,244,49.79999999999931,67.83639043770069,58.66225838736992,32.74668115134531,-0.21423321657647743,0.14335968647767178,1.3495006244581547,-0.06493747198892964,-0.004564003740173081,0.6060376167297363,-0.19056782126426697,-0.029648933559656143,0.6060376167297363,-0.19056782126426697,-0.029648933559656143,1.2636225700378418,-0.06669873744249344,-0.007412233389914036,0.1666824123164801,0.19999999999998863,,none,0.1767689187307191,0.0,-0.009999999999999431,-8.650641423956912e-05
R03_shallower_empty,245,49.9999999999993,68.09393107356524,58.60444219093893,32.70870549327427,-0.227618956202187,0.14240864035784134,1.3186534894256317,-0.06864080363581447,-0.004919652184365879,0.5166045427322388,-0.21767722070217133,-0.022577406838536263,0.5166045427322388,-0.21767722070217133,-0.022577406838536263,1.2099627256393433,-0.07618702724575996,-0.005644351709634066,0.1619776781729684,0.19999999999998863,,none,0.1721533421880217,0.0,-0.009999999999999431,-0.00017566401505386472
R03_shallower_empty,246,50.199999999999285,68.3439534622663,58.544634830947736,32.67199307515045,-0.2424159203989491,0.1412024554593825,1.280028710318833,-0.07857973933607075,-0.006986423920822989,0.40655532479286194,-0.28237760066986084,-0.044791415333747864,0.40655532479286194,-0.28237760066986084,-0.044791415333747864,1.1439331948757172,-0.0988321602344513,-0.011197853833436966,0.15633874161654526,0.19999999999998863,,none,0.16667455025075384,0.0,-0.009999999999999431,-0.00033580863420914385
R03_shallower_empty,247,50.399999999999274,68.58488056299403,58.48291247053934,32.63688187522688,-0.2598833562672698,0.1389920115667229,1.233910195230443,-0.09486704295915524,-0.014548091077873202,0.285683810710907,-0.36587268114089966,-0.11982554942369461,0.285683810710907,-0.36587268114089966,-0.11982554942369461,1.0714102864265442,-0.12805543839931488,-0.029956387355923653,0.14973620574745672,0.19999999999998863,,none,0.1602804352006153,0.0,-0.009999999999999431,-0.0005442294531591518
R03_shallower_empty,248,50.59999999999926,68.81526523896606,58.419237117326404,32.60390615158732,-0.2799417901583775,0.1346703619675961,1.1814594509734588,-0.10495682746060843,-0.027678745615448013,0.16107958555221558,-0.35861894488334656,-0.217739537358284,0.16107958555221558,-0.35861894488334656,-0.217739537358284,0.9966477513313292,-0.1255166307091713,-0.054434884339571,0.14243720697921508,0.19999999999998863,,none,0.15294052655222146,0.0,-0.009999999999999431,-0.0005033195730069385
R03_shallower_empty,249,50.79999999999925,69.03278910137308,58.354226196106175,32.573881823452275,-0.3011779805858502,0.12773996629780768,1.1119329407969567,-0.10723348482511492,-0.0406477364042052,-0.05507618188858032,-0.3196359872817993,-0.26829782128334045,-0.05507618188858032,-0.3196359872817993,-0.26829782128334045,0.8669542908668517,-0.11187259554862976,-0.06707445532083511,0.13282365980183095,0.19999999999998863,,none,0.143839642338925,0.0,-0.009999999999999431,-0.0010159825370946018
R03_shallower_empty,250,50.99999999999924,69.23343747344768,58.28950906408234,32.54777319660924,-0.32343605930006625,0.11795683363196749,1.0144152739623127,-0.11477862409811418,-0.056024631487220554,-0.40441614389419556,-0.3718664050102234,-0.3494316041469574,-0.40441614389419556,-0.3718664050102234,-0.3494316041469574,0.6573503136634826,-0.13015324175357817,-0.08735790103673935,0.11918622000708112,0.19999999999998863,,none,0.13181320233331917,0.0,-0.009999999999999431,-0.0026269823262386185
R03_shallower_empty,251,51.19999999999923,69.41445252721948,58.22645762289133,32.52622767773443,-0.3478055667184837,0.10512558446464931,0.9156443169047258,-0.12792556340289601,-0.0711480090690652,-0.5886482000350952,-0.4420425295829773,-0.4078587591648102,-0.5886482000350952,-0.4420425295829773,-0.4078587591648102,0.5468110799789428,-0.15471488535404204,-0.10196468979120255,0.10698334735809595,0.19999999999998863,,none,0.11782894478636408,0.0,-0.009999999999999431,-0.0008455974282686896
R03_shallower_empty,252,51.39999999999922,69.57766320756654,58.16489300782114,32.5091076397139,-0.3742579677900279,0.09002621489836234,0.8406874859992864,-0.13599058545471587,-0.07923608701031326,-0.5390417575836182,-0.43549874424934387,-0.3828681707382202,-0.5390417575836182,-0.43549874424934387,-0.3828681707382202,0.576574945449829,-0.15242456048727035,-0.09571704268455505,0.09499772277611936,0.19999999999998863,,none,0.10506028577150062,0.0,-0.009999999999999431,-6.256299538183185e-05
R03_shallower_empty,253,51.599999999999206,69.72869255558045,58.10332364933775,32.49562650330512,-0.39942244944561395,0.07511597066294481,0.7979123218871033,-0.11707955793217532,-0.07052305760777654,-0.4213453233242035,-0.22441382706165314,-0.2110745906829834,-0.4213453233242035,-0.22441382706165314,-0.2110745906829834,0.6471928060054779,-0.07854483947157859,-0.05276864767074585,0.08428264280000279,0.19999999999998863,,none,0.09604108934099642,0.0,-0.009999999999999431,-0.0017584465409942007
R03_shallower_empty,254,51.799999999999194,69.86994709426436,58.041877863956664,32.48502688980887,-0.4206351124244186,0.06278503178482463,0.7484951864167944,-0.09659127653547535,-0.05402945625091018,-0.5427125096321106,-0.15669317543506622,-0.08168276399374008,-0.5427125096321106,-0.15669317543506622,-0.08168276399374008,0.5743724942207336,-0.05484261140227317,-0.02042069099843502,0.07803146278127733,0.19999999999998863,,none,0.0887526292889369,0.0,-0.009999999999999431,-0.0007211665076601393
R03_shallower_empty,255,51.99999999999918,70.00308156249548,57.98087343545816,32.47650069306397,-0.4381809266610432,0.05427801933420379,0.7198125427837954,-0.08010912772798234,-0.03265189786771299,-0.4687526226043701,-0.1329248547554016,0.04363533481955528,-0.4687526226043701,-0.1329248547554016,0.04363533481955528,0.6187484264373779,-0.04652369916439056,0.01090883370488882,0.07239081126517435,0.19999999999998863,,none,0.08282560374211911,0.0,-0.009999999999999431,-0.00043479247694532734
R03_shallower_empty,256,52.19999999999917,70.1308454269528,57.9198478961472,32.469156468496045,-0.45248891872126656,0.050213160568399653,0.6989830075522827,-0.06417197810546424,-0.009724714832888927,-0.4573507606983185,-0.090563103556633,0.1479746550321579,-0.4573507606983185,-0.090563103556633,0.1479746550321579,0.6255895435810088,-0.031697086244821544,0.036993663758039474,0.06875960352616074,0.19999999999998863,,none,0.07901582780939975,0.0,-0.009999999999999431,-0.0002562242832395814
R03_shallower_empty,257,52.39999999999916,70.25429690373784,57.85888098647667,32.462295953043245,-0.4648239505501362,0.04994583289589151,0.6804576810848669,-0.05952833241838232,0.005875637347645232,-0.47469472885131836,-0.1430458426475525,0.15065696835517883,-0.47469472885131836,-0.1430458426475525,0.15065696835517883,0.615183162689209,-0.05006604492664337,0.03766424208879471,0.06619331947883123,0.19999999999998863,,none,0.07625456839760147,0.0,-0.009999999999999431,-6.124891877081318e-05
R03_shallower_empty,258,52.59999999999915,70.3738762448312,57.79800280771125,32.45548184980297,-0.4771927185750405,0.05176131543917349,0.6638996921037974,-0.06383477094695422,0.011830378405652585,-0.4907380938529968,-0.20745696127414703,0.09585706144571304,-0.4907380938529968,-0.20745696127414703,0.09585706144571304,0.6055571436882019,-0.07260993644595146,0.02396426536142826,0.06392780529568526,0.19999999999998863,,none,0.07407598952689654,0.0,-0.009999999999999431,-0.00014818423121184865
R03_shallower_empty,259,52.79999999999914,70.49008352120745,57.73696202016497,32.44853030118623,-0.490287039363248,0.054028907640111416,0.6511823335432806,-0.06687899345239867,0.010914568338588889,-0.4893794059753418,-0.20880617201328278,0.03619374334812164,-0.4893794059753418,-0.20880617201328278,0.03619374334812164,0.6063723564147949,-0.07308216020464897,0.00904843583703041,0.06230353618110235,0.19999999999998863,,none,0.07237480373967742,0.0,-0.009999999999999431,-7.126755857563728e-05
R03_shallower_empty,260,52.999999999999126,70.60369674536983,57.6753584969208,32.441408704028426,-0.5033202066884257,0.05599351106993444,0.6435456905854308,-0.06369282199479225,0.00888447442622801,-0.4722703993320465,-0.16342973709106445,0.018991129472851753,-0.4722703993320465,-0.16342973709106445,0.018991129472851753,0.616637760400772,-0.05720040798187256,0.004747782368212938,0.061117989695664,0.19999999999998863,,none,0.07117094307323768,0.0,-0.009999999999999431,-5.29533775742453e-05
R03_shallower_empty,261,53.199999999999115,70.71522391019315,57.61304501274025,32.43413647135313,-0.5155711577705291,0.057712579731137324,0.6364132852145586,-0.05915844543197249,0.00834674121437313,-0.4811965823173523,-0.14262518286705017,0.029004041105508804,-0.4811965823173523,-0.14262518286705017,0.029004041105508804,0.6112820506095886,-0.04991881400346756,0.007251010276377201,0.06020631149865037,0.19999999999998863,,none,0.07021856679102001,0.0,-0.009999999999999431,-1.2255292370210238e-05
R03_shallower_empty,262,53.3999999999991,70.82470616129056,57.550157671401784,32.426736892454244,-0.527133044621077,0.05936246556025027,0.6287064494717507,-0.05664952105987126,0.008165757820839056,-0.4974146783351898,-0.14724892377853394,0.031187882646918297,-0.4974146783351898,-0.14724892377853394,0.031187882646918297,0.6015511929988862,-0.051537123322486875,0.007796970661729574,0.059228057251779806,0.19999999999998863,,none,0.069233840747426,0.0,-0.009999999999999431,-5.783495646766237e-06
R03_shallower_empty,263,53.59999999999909,70.93208954053604,57.48684639163025,32.41922794246339,-0.5382697898796258,0.06095317047308103,0.6205200882458424,-0.054853312053603574,0.00777104115839367,-0.5138746500015259,-0.14626629650592804,0.02786693163216114,-0.5138746500015259,-0.14626629650592804,0.02786693163216114,0.5916752099990845,-0.051193203777074814,0.006966732908040285,0.058174589962582395,0.19999999999998863,,none,0.06818024846136694,0.0,-0.009999999999999431,-5.658498785117428e-06
R03_shallower_empty,264,53.79999999999908,71.03737834644262,57.4232061049487,32.41162614861773,-0.5490260478006391,0.06245131858223831,0.612487041167107,-0.05285953817687085,0.00724973114309395,-0.5263627171516418,-0.1394195854663849,0.024749862030148506,-0.5263627171516418,-0.1394195854663849,0.024749862030148506,0.5841823697090149,-0.04879685491323471,0.0061874655075371265,0.05709576900237752,0.19999999999998863,,none,0.06710001991029912,0.0,-0.009999999999999431,-4.250907922171976e-06
R03_shallower_empty,265,53.99999999999907,71.14064770583502,57.35929013500725,32.40394511415155,-0.5593422525117517,0.0638573864047865,0.604794616183329,-0.05048172504761831,0.006841700416239098,-0.5371831059455872,-0.1303899735212326,0.02404104918241501,-0.5371831059455872,-0.1303899735212326,0.02404104918241501,0.5776901364326477,-0.04563649073243141,0.006010262295603752,0.056031806366233755,0.19999999999998863,,none,0.0660357887086569,0.0,-0.009999999999999431,-3.9823424237057235e-06
R03_shallower_empty,266,54.19999999999906,71.24195681641336,57.29516673047821,32.39619731680987,-0.5691734640352923,0.0651953706703139,0.5970475989812457,-0.04801621595813293,0.006559417911519059,-0.5504153966903687,-0.12283509969711304,0.023936860263347626,-0.5504153966903687,-0.12283509969711304,0.023936860263347626,0.5697507619857788,-0.04299228489398956,0.005984215065836906,0.05497231500220678,0.19999999999998863,,none,0.06497695861204988,0.0,-0.009999999999999431,-4.643609843673069e-06
R03_shallower_empty,267,54.39999999999905,71.3413350206026,57.23092359018486,32.38839507572024,-0.5785021231079135,0.06646998565669199,0.5892445626087175,-0.045462824262904614,0.0062128526269924576,-0.5637494325637817,-0.11502804607152939,0.02202664688229561,-0.5637494325637817,-0.11502804607152939,0.02202664688229561,0.561750340461731,-0.040259816125035285,0.005506661720573902,0.05390112149398835,0.19999999999998863,,none,0.06390596940427073,0.0,-0.009999999999999431,-4.847910282947121e-06
R03_shallower_empty,268,54.599999999999035,71.43887191056601,57.166607224259906,32.38054578201095,-0.5873450297551788,0.06768957731360103,0.5820645364536682,-0.0431412217230069,0.005999169285875469,-0.5720574855804443,-0.1097443625330925,0.022254999727010727,-0.5720574855804443,-0.1097443625330925,0.022254999727010727,0.5567655086517334,-0.03841052688658237,0.005563749931752682,0.052860109877360985,0.19999999999998863,,none,0.06286204974139409,0.0,-0.009999999999999431,-1.939864033674299e-06
R03_shallower_empty,269,54.799999999999024,71.53470439862225,57.10222201642131,32.37264924439722,-0.5957637416665273,0.06889355493894332,0.5754729902692669,-0.04119275370203512,0.006037702698745079,-0.5795875191688538,-0.10634968429803848,0.024464886635541916,-0.5795875191688538,-0.10634968429803848,0.024464886635541916,0.5522474884986877,-0.03722238950431347,0.006116221658885479,0.05187959627788298,0.19999999999998863,,none,0.061881058454808624,0.0,-0.009999999999999431,-1.4621769262124218e-06
R03_shallower_empty,270,54.99999999999901,71.6289074389688,57.03779831955251,32.364704536914054,-0.6038491210108744,0.07011731556556305,0.5688580423981277,-0.03976839393912231,0.006188535293366931,-0.5907498598098755,-0.1053314208984375,0.0259835384786129,-0.5907498598098755,-0.1053314208984375,0.0259835384786129,0.5455500841140747,-0.03686599731445312,0.006495884619653225,0.05092892323798682,0.19999999999998863,,none,0.0609314820582334,0.0,-0.009999999999999431,-2.5588202471527046e-06
R03_shallower_empty,271,55.199999999999,71.7214861432921,56.973398007149875,32.35671394670706,-0.6117011504941308,0.07135760014234585,0.5620434167297508,-0.038823144479502754,0.006212503953166786,-0.6032801866531372,-0.1054200679063797,0.025045378133654594,-0.6032801866531372,-0.1054200679063797,0.025045378133654594,0.5380318880081176,-0.03689702376723289,0.006261344533413649,0.04997192178427633,0.19999999999998863,,none,0.059975079726154235,0.0,-0.009999999999999431,-3.157941878476692e-06
R03_shallower_empty,272,55.39999999999899,71.81243427243832,56.90907868464901,32.34868270354415,-0.619378872231352,0.07258629049683893,0.5551129115477815,-0.038014984058458295,0.006084078998818349,-0.6155115365982056,-0.10390916466712952,0.023289557546377182,-0.6155115365982056,-0.10390916466712952,0.023289557546377182,0.5306930780410766,-0.036368207633495325,0.0058223893865942955,0.04900370541562987,0.19999999999998863,,none,0.05900680484874954,0.0,-0.009999999999999431,-3.099433120236153e-06
R03_shallower_empty,273,55.59999999999898,71.90174888480226,56.84489159071477,32.34061867900052,-0.6268865782512173,0.07378320612907882,0.5480419411378754,-0.03712886319552367,0.0058990248788898525,-0.6281213760375977,-0.10092350840568542,0.02208777144551277,-0.6281213760375977,-0.10092350840568542,0.02208777144551277,0.5231271743774414,-0.035323227941989895,0.005521942861378193,0.0480243956745197,0.19999999999998863,,none,0.058027783004195754,0.0,-0.009999999999999431,-3.3873296766195883e-06
R03_shallower_empty,274,55.79999999999897,71.9894344693882,56.78088330400385,32.33253086967081,-0.634218498548967,0.0749310637444577,0.5409288926042091,-0.03625611866149243,0.005601942421889077,-0.6402235627174377,-0.0985078290104866,0.01998632773756981,-0.6402235627174377,-0.0985078290104866,0.01998632773756981,0.5158658623695374,-0.034477740153670305,0.004996581934392452,0.047038158859613384,0.19999999999998863,,none,0.05704129314951345,0.0,-0.009999999999999431,-3.1342899006348012e-06
R03_shallower_empty,275,55.999999999998956,72.07551730732025,56.71708409337667,32.324428153253024,-0.6413713998880338,0.07601475694279757,0.5339370126438129,-0.03534180656200993,0.005260708416941077,-0.6511651277542114,-0.09565350413322449,0.01826152391731739,-0.6511651277542114,-0.09565350413322449,0.01826152391731739,0.5093009233474731,-0.03347872644662857,0.004565380979329348,0.04605735554540831,0.19999999999998863,,none,0.05605997234469129,0.0,-0.009999999999999431,-2.61679928354526e-06
R03_shallower_empty,276,56.199999999998944,72.16003579683327,56.65351472323391,32.31631885920183,-0.6483413658498594,0.07703368704429499,0.5270583469321296,-0.03442681602315105,0.004951869807874585,-0.6619647145271301,-0.09303529560565948,0.01729021593928337,-0.6619647145271301,-0.09303529560565948,0.01729021593928337,0.502821171283722,-0.03256235346198082,0.004322553984820843,0.04508855559405578,0.19999999999998863,,none,0.055091044184646165,0.0,-0.009999999999999431,-2.488590590956144e-06
R03_shallower_empty,277,56.39999999999893,72.24302556884977,56.5901963731914,32.308210657383235,-0.655135932342841,0.07799700628753535,0.5202710141752861,-0.033582486167814465,0.004700284634768371,-0.6727405786514282,-0.09103430807590485,0.016750533133745193,-0.6727405786514282,-0.09103430807590485,0.016750533133745193,0.49635565280914307,-0.031862007826566695,0.004187633283436298,0.044131207628610364,0.19999999999998863,,none,0.0541336159177348,0.0,-0.009999999999999431,-2.408289125003238e-06
R03_shallower_empty,278,56.59999999999892,72.32451915929433,56.52714949878345,32.30011001741102,-0.6617715566564173,0.07891551963412152,0.5135708253704647,-0.03283043887895287,0.004499948215476953,-0.6833958029747009,-0.08942286670207977,0.016366902738809586,-0.6833958029747009,-0.08942286670207977,0.016366902738809586,0.48996251821517944,-0.031298003345727916,0.004091725684702396,0.043185233280882376,0.19999999999998863,,none,0.05318755883530102,0.0,-0.009999999999999431,-2.3255544192091195e-06
R03_shallower_empty,279,56.79999999999891,72.40454695844328,56.464393418940304,32.2920225794823,-0.6682482047976204,0.0797883620331313,0.5069474654559092,-0.03199872865111021,0.0042475026339638955,-0.6939835548400879,-0.08658275753259659,0.014932392165064812,-0.6939835548400879,-0.08658275753259659,0.014932392165064812,0.4836098670959472,-0.030303965136408803,0.003733098041266203,0.04225046137508501,0.19999999999998863,,none,0.052252905865689314,0.0,-0.009999999999999431,-2.4444906048754626e-06
R03_shallower_empty,280,56.9999999999989,72.48312496797293,56.40195874610833,32.28395689236378,-0.674560097754496,0.08057917238230837,0.500229104231026,-0.031181774842280383,0.0037017354109420437,-0.7057387232780457,-0.08433451503515244,0.010358534753322601,-0.7057387232780457,-0.08433451503515244,0.010358534753322601,0.4765567660331726,-0.02951708026230335,0.0025896336883306503,0.041315473530394664,0.19999999999998863,,none,0.05131875670541319,0.0,-0.009999999999999431,-3.2831750191004288e-06
R03_shallower_empty,281,57.19999999999889,72.56027616483873,56.3398686146865,32.275926295647125,-0.6807348147823684,0.08120999680111828,0.49365999147811185,-0.030608596006710488,0.0026832706136227383,-0.7158107757568359,-0.08411610871553421,0.0024318404030054808,-0.7158107757568359,-0.08411610871553421,0.0024318404030054808,0.4705135345458984,-0.029440638050436972,0.0006079601007513702,0.04038187523648495,0.19999999999998863,,none,0.050385161764999964,0.0,-0.009999999999999431,-3.2865285155860807e-06
R03_shallower_empty,282,57.399999999998876,72.63607047039439,56.278103015859905,32.26794723341561,-0.686786189993865,0.08158849402404811,0.4876166852586091,-0.029954458541910048,0.0012125500346549711,-0.7227951288223267,-0.08177580684423447,-0.00713726133108139,-0.7227951288223267,-0.08177580684423447,-0.00713726133108139,0.466322922706604,-0.028621532395482062,-0.0017843153327703476,0.03947364519565653,0.19999999999998863,,none,0.04947656171382775,0.0,-0.009999999999999431,-2.9165181717908623e-06
R03_shallower_empty,283,57.599999999998865,72.71063132608155,56.216599030786575,32.26003634419492,-0.6926345664103892,0.0816937368229469,0.4824052516106917,-0.028629191210389055,-6.391471606047164e-05,-0.7265956401824951,-0.07408203929662704,-0.01065979152917862,-0.7265956401824951,-0.07408203929662704,-0.01065979152917862,0.4640426158905029,-0.025928713753819464,-0.002664947882294655,0.038619290807700886,0.19999999999998863,,none,0.04862101173099376,0.0,-0.009999999999999431,-1.7209232934378705e-06
R03_shallower_empty,284,57.79999999999885,72.78409744833502,56.1552904474058,32.25220460441897,-0.698181376698371,0.08161287885697693,0.4778791708220165,-0.026964388115227823,-0.0006969527751879758,-0.7301143407821655,-0.06734869629144669,-0.007947539910674095,-0.7301143407821655,-0.06734869629144669,-0.007947539910674095,0.4619313955307007,-0.02357204370200634,-0.001986884977668524,0.03782619224942667,0.19999999999998863,,none,0.047827493758841655,0.0,-0.009999999999999431,-1.3015094155522516e-06
R03_shallower_empty,285,57.99999999999884,72.85656185899171,56.09415222367484,32.24445622102234,-0.7034236035539212,0.08147540655796708,0.473586713923953,-0.02556346798919904,-0.0006791146750520599,-0.7358964681625366,-0.06488238275051117,-0.002571064978837967,-0.7358964681625366,-0.06488238275051117,-0.002571064978837967,0.458462119102478,-0.022708833962678907,-0.0006427662447094917,0.037072809963062794,0.19999999999998863,,none,0.04707417840670658,0.0,-0.009999999999999431,-1.3684436443540255e-06
R03_shallower_empty,286,58.19999999999883,72.92805069823416,56.0332078201122,32.23679089319501,-0.7084400513316341,0.08136852218518176,0.46915303933769126,-0.024668466199938007,-0.00041001140453139384,-0.7441152334213257,-0.06527066975831985,0.0005533452495001256,-0.7441152334213257,-0.06527066975831985,0.0005533452495001256,0.45353085994720455,-0.022844734415411946,0.0001383363123750314,0.03632802397521035,0.19999999999998863,,none,0.04632957319137887,0.0,-0.009999999999999431,-1.5492161690890952e-06
R03_shallower_empty,287,58.39999999999882,72.99854971857825,55.97250337139221,32.22920739462314,-0.7133168085725174,0.08130680604116393,0.4644834079632652,-0.024139011299927918,-0.00022136810772721574,-0.7532836198806763,-0.06588613986968994,0.000652110087685287,-0.7532836198806763,-0.06588613986968994,0.000652110087685287,0.4480298280715942,-0.023060148954391478,0.00016302752192132175,0.035573946743929934,0.19999999999998863,,none,0.04557563570129375,0.0,-0.009999999999999431,-1.6889573643850963e-06
R03_shallower_empty,288,58.59999999999881,73.06804168229563,55.91207940896002,32.221705444600815,-0.7180995328136126,0.08126496498253546,0.4596737966778889,-0.023719825225040545,-0.00019874740419614583,-0.7621216773986816,-0.06533044576644897,-0.0006106141372583807,-0.7621216773986816,-0.06533044576644897,-0.0006106141372583807,0.44272699356079104,-0.02286565601825714,-0.00015265353431459516,0.03481100755171455,0.19999999999998863,,none,0.044812607842295904,0.0,-0.009999999999999431,-1.6002905819241525e-06
R03_shallower_empty,289,58.799999999998796,73.13652645102032,55.85195892244645,32.214285556409294,-0.7227928474289526,0.08121506311889527,0.45486666374165025,-0.023248820612891012,-0.0002931556679539341,-0.7701190114021301,-0.06368303298950195,-0.0019421199103817344,-0.7701190114021301,-0.06368303298950195,-0.0019421199103817344,0.4379285931587219,-0.02228906154632568,-0.0004855299775954336,0.03404885204087178,0.19999999999998863,,none,0.0440502209254241,0.0,-0.009999999999999431,-1.3688845528844502e-06
R03_shallower_empty,290,58.999999999998785,73.20402291160622,55.792148863620554,32.206948214915826,-0.727381734899889,0.08114315971453363,0.4501674484276054,-0.022682721097382078,-0.00041657615594813325,-0.7773172855377197,-0.061511967331171036,-0.0026722729671746492,-0.7773172855377197,-0.061511967331171036,-0.0026722729671746492,0.4336096286773682,-0.021529188565909862,-0.0006680682417936623,0.033297603346097514,0.19999999999998863,,none,0.04329874458209915,0.0,-0.009999999999999431,-1.141236002204522e-06
R03_shallower_empty,291,59.199999999998774,73.27056141117626,55.73264733863042,32.19969324459656,-0.7318515543807578,0.08105014329324087,0.4456163873088723,-0.022062239497628956,-0.0005067887229854215,-0.7840323448181152,-0.05942255258560181,-0.0027624540962278843,-0.7840323448181152,-0.05942255258560181,-0.0027624540962278843,0.4295805931091309,-0.020797893404960632,-0.0006906135240569711,0.032563451577622575,0.19999999999998863,,none,0.04256444089377709,0.0,-0.009999999999999431,-9.893161550853056e-07
R03_shallower_empty,292,59.39999999999876,73.33617380553267,55.67345130745317,32.192519818525724,-0.7362002324417856,0.08094329923549556,0.44119345705507257,-0.02146923587958824,-0.0005578066277382942,-0.7906514406204224,-0.05788823217153549,-0.002647060202434659,-0.7906514406204224,-0.05788823217153549,-0.002647060202434659,0.4256091356277466,-0.02026088126003742,-0.0006617650506086648,0.03184741429839177,0.19999999999998863,,none,0.04184833789607367,0.0,-0.009999999999999431,-9.235976824773049e-07
R03_shallower_empty,293,59.59999999999875,73.40088841459648,55.61455957857151,32.185426706525014,-0.7404349186697142,0.08083106608353323,0.4368785623355437,-0.02091909090461939,-0.0005640540246892707,-0.7972084879875183,-0.05656591057777405,-0.002307137008756399,-0.7972084879875183,-0.05656591057777405,-0.002307137008756399,0.421674907207489,-0.019798068702220915,-0.0005767842521890998,0.03114803611758974,0.19999999999998863,,none,0.04114893329663616,0.0,-0.009999999999999431,-8.971790469853626e-07
R03_shallower_empty,294,59.79999999999874,73.46472999077334,55.555972409478265,32.17841223568691,-0.7445654748617474,0.08072113902702896,0.43265422394695097,-0.02042380108014808,-0.0005372376912168567,-0.8037172555923462,-0.05547016113996506,-0.0019303777953609824,-0.8037172555923462,-0.05547016113996506,-0.0019303777953609824,0.41776964664459226,-0.01941455639898777,-0.0004825944488402456,0.030464048281263006,0.19999999999998863,,none,0.04046492241466382,0.0,-0.009999999999999431,-8.741334013798785e-07
R03_shallower_empty,295,59.99999999999873,73.5277198319253,55.4976913204435,32.17147446699514,-0.7486024195361887,0.08061863749037342,0.4285026603146358,-0.019979158442996473,-0.0004912442105133916,-0.8102091550827026,-0.054494619369506836,-0.0015900959260761738,-0.8102091550827026,-0.054494619369506836,-0.0015900959260761738,0.4138745069503784,-0.019073116779327392,-0.00039752398151904345,0.029794118176009934,0.19999999999998863,,none,0.03979498242065915,0.0,-0.009999999999999431,-8.6424464978726e-07
R03_shallower_empty,296,60.19999999999872,73.58987695883387,55.43971818145133,32.16461133002232,-0.7525554276031364,0.08052575688392306,0.4244206147435791,-0.019580936286957413,-0.00044132432300377,-0.8166043162345886,-0.053627099841833115,-0.0013584132539108396,-0.8166043162345886,-0.053627099841833115,-0.0013584132539108396,0.4100374102592468,-0.01876948494464159,-0.0003396033134777099,0.029137463541239465,0.19999999999998863,,none,0.0391382976283019,0.0,-0.009999999999999431,-8.34087063001372e-07
R03_shallower_empty,297,60.399999999998705,73.65121889258202,55.382054773655774,32.157821254527434,-0.7564308506923816,0.08042571656822545,0.42039958149295076,-0.019201865243865177,-0.0005508256996574135,-0.8229477405548096,-0.05265553668141365,-0.00309582008048892,-0.8229477405548096,-0.05265553668141365,-0.00309582008048892,0.4062313556671142,-0.018429437838494777,-0.00077395502012223,0.02849295209918853,0.19999999999998863,,none,0.038493836130179204,0.0,-0.009999999999999431,-8.840309912418993e-07
R03_shallower_empty,298,60.599999999998694,73.7117689788733,55.32469683285968,32.15110412783017,-0.7602197688564315,0.08029365027189567,0.4165248813422629,-0.018723379904630154,-0.0007544872626998778,-0.8285462260246277,-0.05070964992046356,-0.004677941557019949,-0.8285462260246277,-0.05070964992046356,-0.004677941557019949,0.4028722643852234,-0.017748377472162246,-0.0011694853892549872,0.027862514145208107,0.19999999999998863,,none,0.03786326679767171,0.0,-0.009999999999999431,-7.526524641741223e-07
R03_shallower_empty,299,60.79999999999868,73.77156036289992,55.26763207599408,32.14446024818835,-0.76390176674488,0.08012024970787747,0.4128376586682888,-0.018140528567907436,-0.000963746480506911,-0.8335906267166138,-0.04843674600124359,-0.005560603458434343,-0.8335906267166138,-0.04843674600124359,-0.005560603458434343,0.3998456239700317,-0.016952861100435257,-0.0013901508646085858,0.027250078038038222,0.19999999999998863,,none,0.037250705861289646,0.0,-0.009999999999999431,-6.278232519904732e-07
R03_shallower_empty,300,60.99999999999867,73.83063392247004,55.2108423271095,32.137889133674776,-0.7674558651518683,0.07991325877627888,0.40939183797125595,-0.017452325467429204,-0.0010961812110252406,-0.8379160165786743,-0.04585709795355797,-0.005464165937155485,-0.8379160165786743,-0.04585709795355797,-0.005464165937155485,0.3972503900527954,-0.016049984283745287,-0.0013660414842888713,0.026659571447179304,0.19999999999998863,,none,0.03666007890481282,0.0,-0.009999999999999431,-5.074576340850963e-07
R03_shallower_empty,301,61.19999999999866,73.88903330152348,55.15430780239092,32.131388923826236,-0.7708697832625991,0.07968842969335112,0.40616767739663295,-0.016740505604104713,-0.001148189728873382,-0.8419879078865051,-0.043685831129550934,-0.00501666683703661,-0.8419879078865051,-0.043685831129550934,-0.00501666683703661,0.3948072552680969,-0.015290040895342825,-0.0012541667092591524,0.02609287528426555,0.19999999999998863,,none,0.03609330518334275,0.0,-0.009999999999999431,-4.298990777685781e-07
R03_shallower_empty,302,61.39999999999865,73.94679668866401,55.09801352002878,32.12495709205463,-0.7741458271178716,0.07945944946343195,0.40311319480576013,-0.01607043617656925,-0.0011420735477580195,-0.8460822701454163,-0.04201441630721092,-0.004518442787230015,-0.8460822701454163,-0.04201441630721092,-0.004518442787230015,0.3923506379127502,-0.014705045707523822,-0.0011296106968075037,0.025547397841949628,0.19999999999998863,,none,0.035547793955089446,0.0,-0.009999999999999431,-3.9611314038678905e-07
R03_shallower_empty,303,61.59999999999864,74.00395454076578,55.041950346276515,32.11859096206848,-0.777294865263776,0.07923586744035532,0.40018296624983557,-0.015465536646029775,-0.0010971337983087099,-0.8502362966537476,-0.04066554829478264,-0.004022242967039347,-0.8502362966537476,-0.04066554829478264,-0.004022242967039347,0.38985822200775144,-0.014232941903173922,-0.0010055607417598367,0.025019332286892564,0.19999999999998863,,none,0.035019718718800164,0.0,-0.009999999999999431,-3.8643190816857204e-07
R03_shallower_empty,304,61.799999999998626,74.06053071328428,54.98611354160259,32.11228788905604,-0.7803303172987852,0.07902366830462255,0.39734300883994267,-0.014929392931960753,-0.0010299232291637282,-0.8544394373893738,-0.03953400254249573,-0.003571877023205161,-0.8544394373893738,-0.03953400254249573,-0.003571877023205161,0.3873363375663757,-0.013836900889873504,-0.0008929692558012903,0.024505502419461454,0.19999999999998863,,none,0.03450588541180721,0.0,-0.009999999999999431,-3.8299234632729475e-07
R03_shallower_empty,305,61.999999999998614,74.11654441872979,54.93050091015296,32.10604529224622,-0.7832654346905485,0.07882676364608626,0.3945747422977669,-0.014457358302738529,-0.0009454873038833094,-0.8586322069168091,-0.03855857253074646,-0.0030937339179217815,-0.8586322069168091,-0.03855857253074646,-0.0030937339179217815,0.38482067584991453,-0.01349550038576126,-0.0007734334794804454,0.024003776413576604,0.19999999999998863,,none,0.03400415160159298,0.0,-0.009999999999999431,-3.7518801694282524e-07
R03_shallower_empty,306,62.1999999999986,74.17201190131514,54.87511133834961,32.099860572374354,-0.7861129226155458,0.07864866766243672,0.39186692735259576,-0.014048348104017951,-0.0008431832069332471,-0.8627902269363403,-0.03775689750909805,-0.0025388787034898996,-0.8627902269363403,-0.03775689750909805,-0.0025388787034898996,0.3823258638381958,-0.013214914128184319,-0.0006347196758724749,0.02351295265767869,0.19999999999998863,,none,0.03351331745123076,0.0,-0.009999999999999431,-3.6479355264279763e-07
R03_shallower_empty,307,62.39999999999859,74.22694653147492,54.819944829201575,32.093731164513386,-0.7888854281424356,0.07849101427415502,0.3892021681560667,-0.013702754596629826,-0.0007410485774203281,-0.866978645324707,-0.037138696759939194,-0.002131721470504999,-0.866978645324707,-0.037138696759939194,-0.002131721470504999,0.37981281280517576,-0.012998543865978717,-0.0005329303676262498,0.023031834664631937,0.19999999999998863,,none,0.03303219648058686,0.0,-0.009999999999999431,-3.618159554928159e-07
R03_shallower_empty,308,62.59999999999858,74.28135934865425,54.765002091927634,32.08765470405352,-0.791594251590285,0.07835277489814045,0.38657510505984455,-0.013407716913925519,-0.000648333157124854,-0.8711357116699219,-0.03659006580710411,-0.00183763331733644,-0.8711357116699219,-0.03659006580710411,-0.00183763331733644,0.37731857299804683,-0.012806523032486437,-0.00045940832933411,0.02255937301978225,0.19999999999998863,,none,0.032559726393468935,0.0,-0.009999999999999431,-3.533736872552145e-07
R03_shallower_empty,309,62.79999999999857,74.33526040466133,54.710283494419116,32.08162903843113,-0.7942481806827909,0.07823163741328021,0.3839856269113299,-0.013150928212074496,-0.0005690195679606332,-0.8752307891845703,-0.03607906773686409,-0.0016296138055622578,-0.8752307891845703,-0.03607906773686409,-0.0016296138055622578,0.3748615264892578,-0.01262767370790243,-0.00040740345139056444,0.022095110737188402,0.19999999999998863,,none,0.032095452218207754,0.0,-0.009999999999999431,-3.414810199209404e-07
R03_shallower_empty,310,62.99999999999856,74.38865944667775,54.65578866651915,32.07565222491894,-0.7968538531005348,0.07812485888341095,0.3814362007515597,-0.012922976702988505,-0.0005036896555144401,-0.8792446255683899,-0.035595666617155075,-0.0014822714729234576,-0.8792446255683899,-0.035595666617155075,-0.0014822714729234576,0.372453224658966,-0.012458483316004276,-0.0003705678682308644,0.021638865326090443,0.19999999999998863,,none,0.031639192651468306,0.0,-0.009999999999999431,-3.273253784319443e-07
R03_shallower_empty,311,63.199999999998546,74.44156625904246,54.60151637309355,32.06972250901196,-0.7994163375974972,0.07802978997720715,0.37893017921856914,-0.01271736523238579,-0.0004509726915844553,-0.8831664323806763,-0.035138268023729324,-0.001374208484776318,-0.8831664323806763,-0.035138268023729324,-0.001374208484776318,0.37010014057159424,-0.012298393808305262,-0.0003435521211940795,0.021190585147618794,0.19999999999998863,,none,0.031190897176813337,0.0,-0.009999999999999431,-3.120291951114196e-07
R03_shallower_empty,312,63.399999999998535,74.49399078290921,54.547464541348646,32.06383829412874,-0.8019396703823379,0.0779441425553878,0.37647079836488784,-0.012530078447599126,-0.0004086884926871232,-0.8869915008544922,-0.03470984846353531,-0.0012901064474135637,-0.8869915008544922,-0.03470984846353531,-0.0012901064474135637,0.36780509948730467,-0.012148446962237358,-0.00032252661185339093,0.020750261607491674,0.19999999999998863,,none,0.030750558042797138,0.0,-0.009999999999999431,-2.9643530603251674e-07
R03_shallower_empty,313,63.59999999999852,74.5459431113659,54.49363035987864,32.05799810983186,-0.8044272505117577,0.07786609600193839,0.37406076069752764,-0.012358643893310397,-0.00037436407783100046,-0.8907184600830078,-0.034312326461076736,-0.001217686920426786,-0.8907184600830078,-0.034312326461076736,-0.001217686920426786,0.3655689239501953,-0.012009314261376858,-0.0003044217301066965,0.020317882610644242,0.19999999999998863,,none,0.0303181636805121,0.0,-0.009999999999999431,-2.810698684269089e-07
R03_shallower_empty,314,63.79999999999851,74.59743342836931,54.440010399371474,32.052200581706515,-0.8068821260217566,0.07779428950266763,0.3717020843246797,-0.012201923262860067,-0.00034585002322332466,-0.8943479657173157,-0.03395021706819534,-0.0011509894393384457,-0.8943479657173157,-0.03395021706819534,-0.0011509894393384457,0.3633912205696106,-0.011882575973868369,-0.0002877473598346114,0.01989341378541249,0.19999999999998863,,none,0.02989367996307024,0.0,-0.009999999999999431,-2.6617765831737943e-07
R03_shallower_empty,315,63.9999999999985,74.6484722081531,54.38660045512033,32.046444405424175,-0.8093065873991079,0.07772655233900388,0.3693998593660256,-0.012053850756494238,-0.0003325258576650949,-0.8978534936904907,-0.03357750177383423,-0.001221501617692411,-0.8978534936904907,-0.03357750177383423,-0.001221501617692411,0.3612879037857055,-0.011752125620841979,-0.00030537540442310274,0.01947692347776839,0.19999999999998863,,none,0.029477172130068396,0.0,-0.009999999999999431,-2.4865230057319357e-07
R03_shallower_empty,316,64.1999999999985,74.69907098635966,54.333394896480094,32.040728391224114,-0.8117003856414541,0.07765839395763773,0.36716592501226186,-0.011896026875313725,-0.00034789926044501705,-0.9011756777763367,-0.033069804310798645,-0.0015169016551226377,-0.9011756777763367,-0.033069804310798645,-0.0015169016551226377,0.359294593334198,-0.011574431508779525,-0.00037922541378065944,0.019068750151969863,0.19999999999999574,,none,0.029068977790469575,0.0,-0.009999999999999787,-2.276384999266924e-07
R03_shallower_empty,317,64.39999999999849,74.74924264946709,54.280386667353234,32.03505154560592,-0.8140604941658355,0.077586279786031,0.365007827146127,-0.011718442898092672,-0.00037146621119601286,-0.9043271541595459,-0.03244737908244133,-0.001677952939644456,-0.9043271541595459,-0.03244737908244133,-0.001677952939644456,0.3574037075042724,-0.011356582678854464,-0.000419488234911114,0.018669195096832257,0.19999999999998863,,none,0.02866940199991319,0.0,-0.009999999999999431,-2.0690308150134608e-07
R03_shallower_empty,318,64.59999999999847,74.7990004433831,54.22756845911244,32.02941296581047,-0.8163844533291285,0.07751017890412533,0.36292249397524834,-0.011534976614682425,-0.0003882756761025453,-0.9073753952980042,-0.031888943165540695,-0.0016901122871786356,-0.9073753952980042,-0.031888943165540695,-0.0016901122871786356,0.3555747628211975,-0.011161130107939243,-0.0004225280717946589,0.01827814881358748,0.19999999999998863,,none,0.028278340889038134,0.0,-0.009999999999999431,-1.920754512241274e-07
R03_shallower_empty,319,64.79999999999846,74.84835692218469,54.17493359856812,32.02381174367132,-0.8186725739370788,0.07743185242967611,0.3609035639907918,-0.011359458304775052,-0.00039451854265106173,-0.9103503227233887,-0.03143373504281044,-0.0016289581544697285,-0.9103503227233887,-0.03143373504281044,-0.0016289581544697285,0.3537898063659668,-0.011001807264983654,-0.0004072395386174321,0.01789516183318886,0.19999999999998863,,none,0.02789534305613728,0.0,-0.009999999999999431,-1.8122294898503918e-07
R03_shallower_empty,320,64.99999999999845,74.89732366496793,54.12247610105557,32.018246921781106,-0.8209271627230549,0.07735324692914397,0.3589454969592818,-0.011198556729567629,-0.0003917454695816401,-0.9132563471794128,-0.031059114262461662,-0.001544379279948771,-0.9132563471794128,-0.031059114262461662,-0.001544379279948771,0.3520461916923523,-0.010870689991861582,-0.00038609481998719275,0.017519762585741894,0.19999999999998863,,none,0.027519934435190407,0.0,-0.009999999999999431,-1.7184944908189864e-07
R03_shallower_empty,321,65.19999999999844,74.94591137181875,54.07019044790899,32.0127174932118,-0.8231513299064322,0.07727587173711706,0.3570441987730499,-0.011054009638961507,-0.00038268903541718754,-0.916091799736023,-0.030741337686777115,-0.0014569394988939166,-0.916091799736023,-0.030741337686777115,-0.0014569394988939166,0.3503449201583862,-0.01075946819037199,-0.00036423487472347915,0.017151562546439354,0.19999999999998863,,none,0.02715172551481615,0.0,-0.009999999999999431,-1.6296837736303025e-07
R03_shallower_empty,322,65.39999999999843,74.9941300167735,54.01807140056384,32.007222421031315,-0.8253483124255059,0.07720072442636643,0.35519655945338774,-0.010925501247495327,-0.0003697586379809985,-0.9188560843467712,-0.030467547476291656,-0.0013736422406509519,-0.9188560843467712,-0.030467547476291656,-0.0013736422406509519,0.34868634939193727,-0.01066364161670208,-0.00034341056016273797,0.016790240331917346,0.19999999999998863,,none,0.026790394795295214,0.0,-0.009999999999999431,-1.5446337843616595e-07
R03_shallower_empty,323,65.59999999999842,75.04198897060391,53.96611388917532,32.00176066044425,-0.8275212286582266,0.07712837750031709,0.3534001565332521,-0.010812200568019115,-0.0003548353898445618,-0.9215492010116577,-0.030232369899749756,-0.001297706039622426,-0.9215492010116577,-0.030232369899749756,-0.001297706039622426,0.34707047939300534,-0.010581329464912415,-0.0003244265099056065,0.016435514253349718,0.19999999999998863,,none,0.026435660532392546,0.0,-0.009999999999999431,-1.462790433964803e-07
R03_shallower_empty,324,65.7999999999984,75.08949709876,53.91431293880715,31.99633117641219,-0.8296730076755011,0.07705908407302983,0.35165310307156517,-0.01071306171422099,-0.00033927190508527256,-0.9241711497306824,-0.030031565576791763,-0.0012302336981520057,-0.9241711497306824,-0.030031565576791763,-0.0012302336981520057,0.3454973101615906,-0.010511047951877116,-0.0003075584245380014,0.01608713065632369,0.19999999999998863,,none,0.026087269046122685,0.0,-0.009999999999999431,-1.383897995635433e-07
R03_shallower_empty,325,65.9999999999984,75.13666207383261,53.8626639755142,31.99093317135182,-0.8318206983182463,0.07698606414645831,0.34994631583752595,-0.010760285453306834,-0.00038730695229740084,-0.9267793297767639,-0.031018607318401337,-0.0019407490035519004,-0.9267793297767639,-0.031018607318401337,-0.0019407490035519004,0.34393240213394166,-0.010856512561440467,-0.0004851872508879751,0.015744373566345667,0.19999999999998863,,none,0.025744539200076133,0.0,-0.009999999999999431,-1.656337310333017e-07
R03_shallower_empty,326,66.19999999999838,75.18348982048744,53.8111619985666,31.985566647953476,-0.8339812937464075,0.07689823018254399,0.3482791708514886,-0.01083968451011412,-0.000483762796188399,-0.9293251037597656,-0.03143278509378433,-0.0027212377171963453,-0.9293251037597656,-0.03143278509378433,-0.0027212377171963453,0.3424049377441406,-0.011001474782824516,-0.0006803094292990863,0.01540614492589361,0.19999999999998863,,none,0.025406290159313727,0.0,-0.009999999999999431,-1.4523342068551907e-07
R03_shallower_empty,327,66.39999999999837,75.22998708707239,53.75980000228881,31.980232117714102,-0.8361624312849396,0.07678724768607205,0.34667126318524644,-0.01096243886224721,-0.0006160887431120205,-0.931657075881958,-0.03203592449426651,-0.003542909398674965,-0.931657075881958,-0.03203592449426651,-0.003542909398674965,0.3410057544708252,-0.011212573572993278,-0.0008857273496687412,0.015072370757249032,0.19999999999998863,,none,0.02507250029755781,0.0,-0.009999999999999431,-1.2954030934480696e-07
R03_shallower_empty,328,66.59999999999836,75.27616168930562,53.70856894408784,31.974930378414346,-0.8383703653318676,0.07664807024028569,0.34512579162122836,-0.011106075679694863,-0.0007644999416343572,-0.9338662028312683,-0.03256789222359657,-0.004267660900950432,-0.9338662028312683,-0.03256789222359657,-0.004267660900950432,0.339680278301239,-0.0113987622782588,-0.001066915225237608,0.014743275546967364,0.19999999999998863,,none,0.02474338931689246,0.0,-0.009999999999999431,-1.1376992566536348e-07
R03_shallower_empty,329,66.79999999999835,75.32202108930893,53.657459699023825,31.96966240359951,-0.840606214254179,0.07648090511425266,0.34363811663265964,-0.011242157069719861,-0.0008971532221013425,-0.9360062479972839,-0.032912708818912506,-0.004669835325330496,-0.9360062479972839,-0.032912708818912506,-0.004669835325330496,0.33839625120162964,-0.011519448086619376,-0.001167458831332624,0.014418489171777928,0.19999999999998863,,none,0.024418586380498652,0.0,-0.009999999999999431,-9.720872129235104e-08
R03_shallower_empty,330,66.99999999999834,75.36757208091251,53.60646382895736,31.964429035304107,-0.8428700950240083,0.07629010607299881,0.34220352540913535,-0.011385822541551092,-0.0010028693507983016,-0.9380854964256287,-0.0333673357963562,-0.00487314211204648,-0.9380854964256287,-0.0333673357963562,-0.00487314211204648,0.3371487021446228,-0.011678567528724669,-0.00121828552801162,0.014097722601269892,0.19999999999998863,,none,0.02409781402713662,0.0,-0.009999999999999431,-9.142586729836768e-08
R03_shallower_empty,331,67.19999999999833,75.41282058376099,53.55557368783576,31.959230835505245,-0.845163594724586,0.07608124187060455,0.34081542968888934,-0.011537725515497935,-0.0010799621759593893,-0.9401259422302246,-0.03384930267930031,-0.0049482122994959354,-0.9401259422302246,-0.03384930267930031,-0.0049482122994959354,0.3359244346618652,-0.011847255937755107,-0.0012370530748739839,0.013780800837595758,0.19999999999998863,,none,0.023780888864529004,0.0,-0.009999999999999431,-8.802693381583516e-08
R03_shallower_empty,332,67.39999999999831,75.45777165551249,53.50478236259311,31.954068060807828,-0.8474886232706204,0.07585962285243908,0.33946947243619147,-0.01170030621446678,-0.0011322844671732455,-0.9421217441558838,-0.034375984221696854,-0.004955603275448084,-0.9421217441558838,-0.034375984221696854,-0.004955603275448084,0.3347269535064697,-0.012031594477593898,-0.001238900818862021,0.013467597837435643,0.19999999999998863,,none,0.023467683050903076,0.0,-0.009999999999999431,-8.521346800183238e-08
R03_shallower_empty,333,67.5999999999983,75.50242968338706,53.45408343689405,31.948940691755187,-0.8498472737249645,0.07562959208799219,0.33816214912604375,-0.011873169591676577,-0.0011655183358889602,-0.9440737366676331,-0.03492974489927292,-0.004932953976094723,-0.9440737366676331,-0.03492974489927292,-0.004932953976094723,0.33355575799942017,-0.01222541071474552,-0.0012332384940236807,0.013158056875502906,0.19999999999998863,,none,0.02315813922427523,0.0,-0.009999999999999431,-8.234877289431831e-08
R03_shallower_empty,334,67.79999999999829,75.54679984732901,53.4034694956481,31.943848277011284,-0.8522366678021025,0.07539783106462822,0.3369091982629544,-0.012010426134566063,-0.001153032924947295,-0.9458426833152771,-0.035114604979753494,-0.004510366357862949,-0.9458426833152771,-0.035114604979753494,-0.004510366357862949,0.33249439001083375,-0.012290111742913723,-0.0011275915894657373,0.012852856468906783,0.19999999999998863,,none,0.022852923307421946,0.0,-0.009999999999999431,-6.683851573298371e-08
R03_shallower_empty,335,67.99999999999828,75.59088889691428,53.352931756809404,31.938789643442817,-0.8546528424684736,0.0751734896011759,0.3357165622442933,-0.012141445575284258,-0.0010947727846286417,-0.9474762082099915,-0.03545263409614563,-0.003904227865859866,-0.9474762082099915,-0.03545263409614563,-0.003904227865859866,0.3315142750740051,-0.01240842193365097,-0.0009760569664649665,0.012553125559188784,0.19999999999998863,,none,0.02255318856061095,0.0,-0.009999999999999431,-6.300142273336331e-08
R03_shallower_empty,336,68.19999999999827,75.63470329129395,53.30246181679876,31.933763097249674,-0.8570967605888146,0.07496345204545063,0.33457475768427286,-0.012286781629100123,-0.0010118524872202233,-0.9490807056427002,-0.03595123067498207,-0.0033715481404215097,-0.9490807056427002,-0.03595123067498207,-0.0033715481404215097,0.3305515766143799,-0.012582930736243725,-0.0008428870351053774,0.01225913290894624,0.19999999999998863,,none,0.02225919504411067,0.0,-0.009999999999999431,-6.213516499778849e-08
R03_shallower_empty,337,68.39999999999826,75.67824826650964,53.25205237617935,31.928766748898287,-0.8595708287908514,0.0747709803817933,0.3334770617543776,-0.012442187433697929,-0.0009198020071157773,-0.9506511688232422,-0.03645387291908264,-0.0029289284721016884,-0.9506511688232422,-0.03645387291908264,-0.0029289284721016884,0.32960929870605465,-0.012758855521678924,-0.0007322321180254221,0.011970530324714972,0.19999999999998863,,none,0.02197058862303436,0.0,-0.009999999999999431,-5.8298319955521525e-08
R03_shallower_empty,338,68.59999999999825,75.72152814473782,53.20169690684476,31.92379866818262,-0.8620770675292535,0.07459764970931661,0.33241846708982586,-0.012607723475346411,-0.0008209548424918455,-0.952185869216919,-0.03698581084609032,-0.0024781418032944202,-0.952185869216919,-0.03698581084609032,-0.0024781418032944202,0.3286884784698486,-0.01294503379613161,-0.0006195354508236051,0.011686948898351056,0.19999999999998863,,none,0.021687005727788033,0.0,-0.009999999999999431,-5.682943754630344e-08
R03_shallower_empty,339,68.79999999999824,75.76454571262575,53.151390252131144,31.918856956513608,-0.8646222535564195,0.07444674447112175,0.3313841788879686,-0.012827567147509308,-0.0006974091926382765,-0.953766942024231,-0.03793011233210564,-0.0017826482653617859,-0.953766942024231,-0.03793011233210564,-0.0017826482653617859,0.3277398347854614,-0.013275539316236972,-0.00044566206634044647,0.011407733031966702,0.19999999999998863,,none,0.02140781053612173,0.0,-0.009999999999999431,-7.75041555963656e-08
R03_shallower_empty,340,68.99999999999822,75.80730070611385,53.10112961730547,31.913939711655054,-0.8672234545350794,0.07432342356864893,0.33035182601722207,-0.01315943008252935,-0.0005471266487714226,-0.9554761648178101,-0.03953046351671219,-0.0009635926107876003,-0.9554761648178101,-0.03953046351671219,-0.0009635926107876003,0.32671430110931393,-0.013835662230849265,-0.00024089815269690007,0.011131849974696616,0.19999999999998863,,none,0.021131973043068797,0.0,-0.009999999999999431,-1.230683727490378e-07
R03_shallower_empty,341,69.19999999999821,75.8497924301031,53.05091119130123,31.909044565833543,-0.8698855157695852,0.074237399962142,0.32934701493113705,-0.01344003316810336,-0.00032951112894360666,-0.9569891095161438,-0.04003375396132469,0.00045568306813947856,-0.9569891095161438,-0.04003375396132469,0.00045568306813947856,0.3258065342903137,-0.014011813886463642,0.00011392076703486964,0.010859904185497626,0.19999999999998863,,none,0.02085999531842475,0.0,-0.009999999999999431,-9.113292769296688e-08
R03_shallower_empty,342,69.3999999999982,75.89202270296651,53.00072853897219,31.90416817331969,-0.8726057663176714,0.0741980244848376,0.32838192771590213,-0.013739873318058987,-8.283561279702565e-05,-0.9583643078804016,-0.041002437472343445,0.0016792456153780222,-0.9583643078804016,-0.041002437472343445,0.0016792456153780222,0.324981415271759,-0.014350853115320205,0.00041981140384450555,0.010593606559602979,0.19999999999998863,,none,0.02059369309207426,0.0,-0.009999999999999431,-8.65324718516371e-08
R03_shallower_empty,343,69.59999999999819,75.93399343559697,52.95057486750475,31.89930689585274,-0.875388837162607,0.07420366394498738,0.32744911095951745,-0.014066237050422408,0.00012366614729906921,-0.9597294926643372,-0.042089324444532394,0.002177806803956628,-0.9597294926643372,-0.042089324444532394,0.002177806803956628,0.3241623044013977,-0.014731263555586337,0.000544451700989157,0.010333295775039695,0.19999999999998863,,none,0.020333361647359993,0.0,-0.009999999999999431,-6.587232086720241e-08
R03_shallower_empty,344,69.79999999999818,75.9757058603677,52.90044379228331,31.894457567510397,-0.8782355769881336,0.07424679449619945,0.32654815871181136,-0.014377687165428176,0.00029474511846041656,-0.9610439538955688,-0.04289235547184944,0.0025734007358551025,-0.9610439538955688,-0.04289235547184944,0.0025734007358551025,0.3233736276626587,-0.015012324415147304,0.0006433501839637756,0.01007823928210842,0.19999999999998863,,none,0.020078289865342214,0.0,-0.009999999999999431,-5.058323436399792e-08
R03_shallower_empty,345,69.99999999999817,76.01716133014753,52.850328507245294,31.889617503195808,-0.8811562593599311,0.07431943807403728,0.3256832216257391,-0.014797495536013838,0.00042209247180431393,-0.9622740149497986,-0.04472266510128975,0.0027263450901955366,-0.9622740149497986,-0.04472266510128975,0.0027263450901955366,0.32263559103012085,-0.01565293278545141,0.0006815862725488842,0.009827940037364797,0.19999999999998863,,none,0.019828037766874473,0.0,-0.009999999999999431,-9.772951024558598e-08
R03_shallower_empty,346,70.19999999999816,76.05836083388418,52.80022066367489,31.884784515925418,-0.8841750903848966,0.07441285748234534,0.324859635766967,-0.015349230380061012,0.0005057930842269292,-0.9634038209915161,-0.04706712067127228,0.0027053942903876305,-0.9634038209915161,-0.04706712067127228,0.0027053942903876305,0.32195770740509033,-0.016473492234945295,0.0006763485725969076,0.009582064896441972,0.19999999999998863,,none,0.019582200363892355,0.0,-0.009999999999999431,-1.3546745095072253e-07
R03_shallower_empty,347,70.39999999999814,76.09930355708994,52.750111182505314,31.879957003295413,-0.8873265836163391,0.07451993286498466,0.32406708178389043,-0.01610847738010573,0.0005608138213894854,-0.9645425081253052,-0.050444524735212326,0.0026917150244116783,-0.9645425081253052,-0.050444524735212326,0.0026917150244116783,0.3212744951248169,-0.017655583657324312,0.0006729287561029196,0.009339633654874606,0.19999999999998863,,none,0.01933988772794848,0.0,-0.009999999999999431,-2.5407307444186287e-07
R03_shallower_empty,348,70.59999999999813,76.13998507594735,52.69999174815815,31.875133866439718,-0.8906411429229962,0.0746401968660306,0.32328789214045955,-0.016972029630658237,0.000636148224411487,-0.9657626748085022,-0.053519077599048615,0.0031586240511387587,-0.9657626748085022,-0.053519077599048615,0.0031586240511387587,0.3205423951148987,-0.018731677159667014,0.0007896560127846897,0.009099532002963337,0.19999999999998863,,none,0.019099755196684498,0.0,-0.009999999999999431,-2.2319372173094346e-07
R03_shallower_empty,349,70.79999999999812,76.18039809820466,52.64985517458285,31.870314152200052,-0.8941410314483514,0.07477183456496568,0.3225133727117933,-0.01795292537154817,0.0006771392644294984,-0.9670261144638062,-0.05700480565428734,0.0030426643788814545,-0.9670261144638062,-0.05700480565428734,0.0030426643788814545,0.3197843313217163,-0.019951681979000567,0.0007606660947203636,0.008860661435139583,0.19999999999998863,,none,0.01886093663566868,0.0,-0.009999999999999431,-2.7520052966525866e-07
R03_shallower_empty,350,70.99999999999811,76.22053365902264,52.59969438576077,31.865497309227628,-0.8978409908427337,0.07490927879696575,0.3217414237674059,-0.01897001070611358,0.0006958898232863083,-0.9682976007461548,-0.060121458023786545,0.0029363902285695076,-0.9682976007461548,-0.060121458023786545,0.0029363902285695076,0.3190214395523071,-0.02104251030832529,0.0007340975571423769,0.008622478685779538,0.19999999999998863,,none,0.01862270551565004,0.0,-0.009999999999999431,-2.2682987107060584e-07
R03_shallower_empty,351,71.1999999999981,76.26038199994395,52.54950193179047,31.860683495660975,-0.9017642525051478,0.07502931913634565,0.32097277363534127,-0.02017201098615511,0.0005179266780519546,-0.9695593118667603,-0.06463231146335602,0.0006211753352545202,-0.9695593118667603,-0.06463231146335602,0.0006211753352545202,0.31826441287994384,-0.022621309012174604,0.00015529383381363004,0.008383724968167564,0.19999999999998863,,none,0.018384270966841143,0.0,-0.009999999999999431,-5.459986741472557e-07
R03_shallower_empty,352,71.39999999999809,76.29993354590913,52.499267930540476,31.85587476344541,-0.9059163780376861,0.07510045257820085,0.3202260784461923,-0.021266734846358243,0.00021615250295005536,-0.9706748723983765,-0.0671355351805687,-0.001595072913914919,-0.9706748723983765,-0.0671355351805687,-0.001595072913914919,0.31759507656097413,-0.023497437313199043,-0.0003987682284787297,0.00814386761181574,0.19999999999998863,,none,0.01814411605902677,0.0,-0.009999999999999431,-2.4844721160125e-07
R03_shallower_empty,353,71.59999999999808,76.33918189807196,52.44898020904847,31.851074545134285,-0.9102680846808008,0.07509905486061585,0.3195208113058582,-0.022181393622859664,-0.00019885081943307498,-0.9716070294380188,-0.06870051473379135,-0.004177987575531006,-0.9716070294380188,-0.06870051473379135,-0.004177987575531006,0.3170357823371887,-0.02404518015682697,-0.0010444968938827515,0.007901509078881517,0.19999999999998863,,none,0.017901708869398902,0.0,-0.009999999999999431,-1.997905179550218e-07
R03_shallower_empty,354,71.79999999999806,76.37812611259078,52.39862383232681,31.846287296047684,-0.914761608767993,0.07500201938970183,0.3188926959391204,-0.02271372533248001,-0.0007313679945637631,-0.9722008109092712,-0.0679955706000328,-0.007265881169587374,-0.9722008109092712,-0.0679955706000328,-0.007265881169587374,0.31667951345443723,-0.02379844971001148,-0.0018164702923968434,0.00765706027492701,0.19999999999998863,,none,0.017657267967116752,0.0,-0.009999999999999431,-2.0769219031075305e-07
R03_shallower_empty,355,71.99999999999805,76.41677012679406,52.348184272062326,31.84151868378285,-0.9193348595209678,0.07478782790177525,0.3183348832646066,-0.02299740148532669,-0.0013629448475642324,-0.9727176427841187,-0.06735841184854507,-0.010599598288536072,-0.9727176427841187,-0.06735841184854507,-0.010599598288536072,0.3163694143295288,-0.023575444146990775,-0.002649899572134018,0.007410037931629717,0.19999999999998863,,none,0.01741027366675496,0.0,-0.009999999999999431,-2.357351258125461e-07
R03_shallower_empty,356,72.19999999999804,76.45511951429654,52.29764999422045,31.83677564690069,-0.9239434816436874,0.07444111114503571,0.3178402515579358,-0.02308241245314799,-0.002052268312358555,-0.9731709957122803,-0.06644468009471893,-0.013827569782733917,-0.9731709957122803,-0.06644468009471893,-0.013827569782733917,0.3160974025726318,-0.023255638033151626,-0.0034568924456834793,0.007159017042075771,0.19999999999998863,,none,0.017159246246766457,0.0,-0.009999999999999431,-2.2920469125553566e-07
R03_shallower_empty,357,72.39999999999803,76.49318078835768,52.24701209815499,31.832065932029483,-0.9285527453976585,0.07395431603973304,0.3174005021981335,-0.023015284527830346,-0.0027621768344988744,-0.9735816121101379,-0.06536713987588882,-0.016834987327456474,-0.9735816121101379,-0.06536713987588882,-0.016834987327456474,0.31585103273391724,-0.022878498956561088,-0.004208746831864119,0.006902888515605027,0.19999999999998863,,none,0.01690309600078521,0.0,-0.009999999999999431,-2.0748518075382195e-07
R03_shallower_empty,358,72.59999999999802,76.530960940176,52.19626401993177,31.827397631306557,-0.9331354722332947,0.0733269131765135,0.3170079931237314,-0.022826232692238047,-0.0034593088580416862,-0.9739583730697632,-0.06411715596914291,-0.019519377499818802,-0.9739583730697632,-0.06411715596914291,-0.019519377499818802,0.31562497615814206,-0.02244100458920002,-0.0048798443749547005,0.006640982367797636,0.19999999999998863,,none,0.016641160574980773,0.0,-0.009999999999999431,-1.7820718370593902e-07
R03_shallower_empty,359,72.79999999999801,76.5684672154023,52.14540119386216,31.822778763159604,-0.9376700462058773,0.0725643208255311,0.3166558229620711,-0.022541004707333046,-0.00411704126669883,-0.974308431148529,-0.06274228543043137,-0.02182917110621929,-0.974308431148529,-0.06274228543043137,-0.02182917110621929,0.31541494131088255,-0.021959799900650976,-0.005457292776554823,0.006373063001443366,0.19999999999998863,,none,0.016373209960566015,0.0,-0.009999999999999431,-1.469591232178963e-07
R03_shallower_empty,360,72.999999999998,76.60570696619422,52.09442074238517,31.81821693176942,-0.9421395691893165,0.07167657537673942,0.31633798352588754,-0.022181333590251,-0.004715320807250127,-0.9746365547180176,-0.061281248927116394,-0.023737704381346703,-0.9746365547180176,-0.061281248927116394,-0.023737704381346703,0.31521806716918943,-0.021448437124490738,-0.005934426095336676,0.006099260608389868,0.19999999999998863,,none,0.01609937830422936,0.0,-0.009999999999999431,-1.1769584006282585e-07
R03_shallower_empty,361,73.19999999999798,76.64268775950555,52.043321169462914,31.81371871685892,-0.9465233041925457,0.07069365174334585,0.31605086213910855,-0.021692834674705494,-0.005085978968419551,-0.9749346971511841,-0.05913550779223442,-0.02336505427956581,-0.9749346971511841,-0.05913550779223442,-0.02336505427956581,0.3150391817092895,-0.020697427727282044,-0.005841263569891453,0.005820372418247719,0.19999999999998863,,none,0.015820469057487685,0.0,-0.009999999999999431,-9.663924053472661e-08
R03_shallower_empty,362,73.39999999999797,76.67941759375286,51.992102657246335,31.80928778703904,-0.9508005180626035,0.06968051905099071,0.3157886563180697,-0.021122304933519083,-0.005048195686460981,-0.9752253890037537,-0.05702784284949303,-0.01988482102751732,-0.9752253890037537,-0.05702784284949303,-0.01988482102751732,0.3148647665977478,-0.01995974499732256,-0.00497120525687933,0.0055388297787452995,0.19999999999998863,,none,0.015539162554279784,0.0,-0.009999999999999431,-3.3277553505350887e-07
R03_shallower_empty,363,73.59999999999796,76.71590479958341,51.94076638229332,31.804923417375548,-0.9549637496685415,0.06869900062985365,0.31555298923542985,-0.02055292534624447,-0.0047866976677318354,-0.9754623174667358,-0.05540774017572403,-0.01701538823544979,-0.9754623174667358,-0.05540774017572403,-0.01701538823544979,0.3147226095199585,-0.019392709061503408,-0.004253847058862448,0.005259451959352603,0.19999999999998863,,none,0.0152596702495984,0.0,-0.009999999999999431,-2.1829024636633997e-07
R03_shallower_empty,364,73.79999999999795,76.75215788595494,51.88931329822701,31.800621881907958,-0.9590150749710689,0.06778675363545958,0.31534616882025235,-0.020001861443655792,-0.004367376567133244,-0.9756376147270203,-0.053939905017614365,-0.014051728881895542,-0.9756376147270203,-0.053939905017614365,-0.014051728881895542,0.3146174311637878,-0.018878966756165027,-0.0035129322204738855,0.004984727312355776,0.19999999999998863,,none,0.014984946683274103,0.0,-0.009999999999999431,-2.1937091889511277e-07
R03_shallower_empty,365,73.99999999999794,76.7881847280357,51.837744508703615,31.796377551090004,-0.9629659913765116,0.06696833419402418,0.3151617389853434,-0.01954196506608562,-0.0038554052017635613,-0.9758135080337524,-0.053156688809394836,-0.011248675175011158,-0.9758135080337524,-0.053156688809394836,-0.011248675175011158,0.31451189517974854,-0.018604841083288193,-0.0028121687937527895,0.0047165380730777185,0.19999999999998863,,none,0.014716708102600506,0.0,-0.009999999999999431,-1.7002952335698485e-07
R03_shallower_empty,366,74.19999999999793,76.82399152411466,51.786061532979616,31.79218373575283,-0.966837564958141,0.06625698432860495,0.31499297108814817,-0.019199576616310603,-0.0032999576158876586,-0.9760028123855591,-0.052862562239170074,-0.008672521449625492,-0.9760028123855591,-0.052862562239170074,-0.008672521449625492,0.3143983125686645,-0.018501896783709525,-0.002168130362406373,0.004455529618024353,0.19999999999998863,,none,0.01445566479631566,0.0,-0.009999999999999431,-1.3517829187487118e-07
R03_shallower_empty,367,74.39999999999792,76.85958254572922,51.734266063515065,31.788033294087832,-0.9706540375913562,0.06565770084687841,0.3148337226844235,-0.018981580141145572,-0.0027354260274038205,-0.9762123227119446,-0.052963919937610626,-0.00634035374969244,-0.9762123227119446,-0.052963919937610626,-0.00634035374969244,0.3142726063728332,-0.018537371978163717,-0.00158508843742311,0.0042018236647839114,0.19999999999998863,,none,0.014201933528266153,0.0,-0.009999999999999431,-1.0986348281012692e-07
R03_shallower_empty,368,74.5999999999979,76.89496016580289,51.68235979043796,31.78391905221548,-0.9744399969946075,0.06516971314702087,0.3146788218261992,-0.018885272604116755,-0.002185871010844077,-0.9764449596405029,-0.053397223353385925,-0.004264203831553459,-0.9764449596405029,-0.053397223353385925,-0.004264203831553459,0.3141330242156982,-0.018689028173685073,-0.0010660509578883648,0.003955164164612829,0.19999999999998863,,none,0.013955255210017725,0.0,-0.009999999999999431,-9.104540546480203e-08
R03_shallower_empty,369,74.7999999999979,76.93012501359378,51.63034425989881,31.779834091270583,-0.9782189144219872,0.06478821769107038,0.31452423200325513,-0.01890259600266959,-0.0016681074609723662,-0.9767007827758789,-0.05410827323794365,-0.0024522736202925444,-0.9767007827758789,-0.05410827323794365,-0.0024522736202925444,0.3139795303344726,-0.018937895633280275,-0.0006130684050731361,0.0037150615581679394,0.19999999999998863,,none,0.013715138640737479,0.0,-0.009999999999999431,-7.708257010806342e-08
R03_shallower_empty,370,74.99999999999788,76.96507680949111,51.57821982766337,31.775771859442976,-0.9820124916289308,0.06450612993726725,0.3143777745932851,-0.01902402401986024,-0.0011888888517200917,-0.976897120475769,-0.055061303079128265,-0.0008495689835399389,-0.976897120475769,-0.055061303079128265,-0.0008495689835399389,0.3138617277145386,-0.01927145607769489,-0.00021239224588498473,0.003481131963714112,0.19999999999998863,,none,0.013481202273244008,0.0,-0.009999999999999431,-7.03095304650965e-08
R03_shallower_empty,371,75.19999999999787,76.99981445178598,51.52598574166251,31.771726272257926,-0.9858403148267262,0.06431508085959066,0.31423645008912243,-0.019238074911948008,-0.0007543529571530032,-0.977102518081665,-0.05621212348341942,0.0005243773921392858,-0.977102518081665,-0.05621212348341942,0.0005243773921392858,0.31373848915100094,-0.019674243219196794,0.00013109434803482145,0.0032528982602441957,0.19999999999998863,,none,0.01325296334633208,0.0,-0.009999999999999431,-6.508608845365475e-08
R03_shallower_empty,372,75.39999999999786,77.03433554749746,51.473641099975,31.767691854225315,-0.9897196391221651,0.06420559220227301,0.3140971472907196,-0.019532943737189983,-0.00036953723190550876,-0.9773228168487549,-0.05752512440085411,0.0016583841061219573,-0.9773228168487549,-0.05752512440085411,0.0016583841061219573,0.31360630989074706,-0.020133793540298938,0.0004145960265304893,0.00302958922886848,0.19999999999998863,,none,0.013029650398351578,0.0,-0.009999999999999431,-6.116948366646851e-08
R03_shallower_empty,373,75.59999999999785,77.0686365834941,51.421184881267045,31.76366379227258,-0.9936652733759426,0.06416739636397893,0.31395766414626397,-0.01989603273149959,-3.745056992762457e-05,-0.9775563478469849,-0.05895969644188881,0.0025569498538970947,-0.9775563478469849,-0.05895969644188881,0.0025569498538970947,0.3134661912918091,-0.020635893754661083,0.0006392374634742737,0.0028104102111986035,0.19999999999998863,,none,0.012810468610279457,0.0,-0.009999999999999431,-5.839908142254887e-08
R03_shallower_empty,374,75.79999999999784,77.10271314478469,51.368615912403776,31.75963796110501,-0.9976895299268141,0.06418982597248213,0.31381651467603816,-0.02031495829776928,0.00024077663127745186,-0.9778013825416565,-0.06048170477151871,0.003230864182114601,-0.9778013825416565,-0.06048170477151871,0.003230864182114601,0.31331917047500607,-0.021168596670031545,0.0008077160455286503,0.0025945806262278265,0.19999999999998863,,none,0.012594637240464834,0.0,-0.009999999999999431,-5.6614237576649296e-08
R03_shallower_empty,375,75.99999999999783,77.13656011165659,51.31593285910064,31.755610927802167,-1.0018023301874817,0.06426215421037722,0.31367279439081697,-0.020778134642035796,0.0004655635273792336,-0.978056013584137,-0.062062691897153854,0.003694433718919754,-0.978056013584137,-0.062062691897153854,0.003694433718919754,0.31316639184951783,-0.021721942164003846,0.0009236084297299385,0.0023813472765739766,0.19999999999998863,,none,0.012381402861652901,0.0,-0.009999999999999431,-5.558507949345037e-08
R03_shallower_empty,376,76.19999999999781,77.17017183289715,51.26313423326015,31.75157993901033,-1.0060113485632431,0.06437387307967851,0.31352602802603574,-0.02127462831677683,0.0006385845468178924,-0.9783185124397278,-0.06367521733045578,0.003964587580412626,-0.9783185124397278,-0.06367521733045578,0.003964587580412626,0.3130088925361633,-0.02228632606565952,0.0009911468951031566,0.0021699951863239013,0.19999999999998863,,none,0.012170050028863955,0.0,-0.009999999999999431,-5.484254062223127e-08
R03_shallower_empty,377,76.3999999999978,77.20354227793398,51.21021841266166,31.747542894117075,-1.010322180340218,0.06451491083256436,0.31337608256060673,-0.021794506184240916,0.000762456718837292,-0.9785870909690857,-0.0652967244386673,0.004059476777911186,-0.9785870909690857,-0.0652967244386673,0.004059476777911186,0.3128477454185486,-0.022853853553533553,0.0010148691944777966,0.001959855695491476,0.19999999999998863,,none,0.011959909903964672,0.0,-0.009999999999999431,-5.420847376428912e-08
R03_shallower_empty,378,76.59999999999779,77.23666516878433,51.15718366674339,31.743498307715647,-1.0147385566471638,0.06467579607383116,0.3132230757465023,-0.022328973972113392,0.0008405126102086596,-0.978860080242157,-0.06690871715545654,0.003998263739049435,-0.978860080242157,-0.06690871715545654,0.003998263739049435,0.3126839518547058,-0.023418051004409787,0.0009995659347623587,0.0017503130811448767,0.19999999999998863,,none,0.011750366616958274,0.0,-0.009999999999999431,-5.353581396640508e-08
R03_shallower_empty,379,76.79999999999778,77.26953409151804,51.10402818639417,31.739445264157688,-1.0192625685146084,0.06484778107864722,0.31306730485937007,-0.022870341736982172,0.0008766162978827552,-0.9791359305381775,-0.06849565356969833,0.0038007369730621576,-0.9791359305381775,-0.06849565356969833,0.0038007369730621576,0.3125184416770935,-0.023973478749394414,0.0009501842432655394,0.001540808649056831,0.19999999999998863,,none,0.011540861318604101,0.0,-0.009999999999999431,-5.266954783885174e-08
R03_shallower_empty,380,76.99999999999777,77.30214258914619,51.05075011586935,31.735383366544962,-1.0238948765255111,0.0650229224147249,0.3129091832940406,-0.02341191957356168,0.0008749245687584213,-0.9794132709503174,-0.07004424184560776,0.00348590943031013,-0.9794132709503174,-0.07004424184560776,0.00348590943031013,0.31235203742980955,-0.024515484645962714,0.0008714773575775325,0.0013308431200818505,0.19999999999998863,,none,0.011330894603275965,0.0,-0.009999999999999431,-5.148319468330654e-08
R03_shallower_empty,381,77.19999999999776,77.33448423745186,50.997347586271104,31.731312682785077,-1.0286349239783785,0.06519412450633065,0.31274918327068657,-0.023948139949218215,0.0008397476375981554,-0.9796909689903259,-0.07154510915279388,0.0030722725205123425,-0.9796909689903259,-0.07154510915279388,0.0030722725205123425,0.31218541860580445,-0.025040788203477857,0.0007680681301280856,0.001119976820537539,0.19999999999998863,,none,0.011120026836824337,0.0,-0.009999999999999431,-5.001628736703572e-08
R03_shallower_empty,382,77.39999999999775,77.36655270650638,50.943818745384355,31.727233690255982,-1.0334811494155935,0.06535515592265652,0.31258783073646756,-0.02447444661477602,0.0007754152656721498,-0.9799678325653076,-0.07299112528562546,0.002577304607257247,-0.9799678325653076,-0.07299112528562546,0.002577304607257247,0.31201930046081544,-0.02554689384996891,0.0006443261518143117,0.0009078295469659871,0.19999999999998863,,none,0.010907877799152033,0.0,-0.009999999999999431,-4.825218661425848e-08
R03_shallower_empty,383,77.59999999999773,77.39834180865174,50.89016178538927,31.7231472206769,-1.0384311628651017,0.06550064679454479,0.3124256460526069,-0.02498705268776137,0.000686216385482752,-0.9802430272102356,-0.0743759498000145,0.0020178286358714104,-0.9802430272102356,-0.0743759498000145,0.0020178286358714104,0.31185418367385864,-0.02603158243000507,0.0005044571589678526,0.0006940787498159167,0.19999999999998863,,none,0.010694124879503164,0.0,-0.009999999999999431,-4.612968781615994e-08
R03_shallower_empty,384,77.79999999999772,77.42984553449367,50.836374969205444,31.719054406309365,-1.0434819366365105,0.06562606218245784,0.31226313732330496,-0.02548328400169781,0.0005762273805738053,-0.9805157780647278,-0.07569842040538788,0.001408417709171772,-0.9805157780647278,-0.07569842040538788,0.001408417709171772,0.3116905331611633,-0.026494447141885757,0.000352104427292943,0.000478456545131363,0.19999999999998863,,none,0.01047850043919496,0.0,-0.009999999999999431,-4.389406416567543e-08
R03_shallower_empty,385,77.99999999999771,77.46105834104208,50.782456252343444,31.714956515130034,-1.0486285788193885,0.06573170917868466,0.3121054043676891,-0.025948104258305783,0.0004869699285352848,-0.9807506203651428,-0.07684360444545746,0.00122036540415138,-0.9807506203651428,-0.07684360444545746,0.00122036540415138,0.3115496277809143,-0.02689526155591011,0.000305091351037845,0.00026092215932912505,0.19999999999998863,,none,0.010260950198549779,0.0,-0.009999999999999431,-2.803922122235591e-08
R03_shallower_empty,386,78.1999999999977,77.49197573715335,50.72840252285271,31.71085433219622,-1.053864350102253,0.06583114414162913,0.3119627838954157,-0.026377262827973702,0.0005059492283834992,-0.9808995723724365,-0.07786215096712112,0.002178492257371545,-0.9808995723724365,-0.07786215096712112,0.002178492257371545,0.3114602565765381,-0.02725175283849239,0.0005446230643428862,4.2086710294675754e-05,0.19999999999998863,,none,0.01004212626290979,0.0,-0.009999999999999431,-3.955261568263101e-08
R03_shallower_empty,387,78.39999999999769,77.52259372230192,50.67421034277399,31.706747444843632,-1.0591897773136119,0.06594364825492784,0.3118324568374746,-0.02684198324198723,0.0006111620028449208,-0.981044590473175,-0.07939696311950684,0.003302210010588169,-0.981044590473175,-0.07939696311950684,0.003302210010588169,0.311373245716095,-0.02778893709182739,0.0008255525026470423,-0.00017680064071120942,0.19999999999998863,,none,0.009823272147691853,0.0,-0.009999999999999431,-7.278840363093777e-08
R03_shallower_empty,388,78.59999999999768,77.552907572565,50.61987678613721,31.702634467106297,-1.0646136625393425,0.06608176746226678,0.31171078844345024,-0.027357978387869075,0.0007588953845753185,-0.9811965227127075,-0.08116975426673889,0.004239717964082956,-0.9811965227127075,-0.08116975426673889,0.004239717964082956,0.3112820863723755,-0.02840941399335861,0.001059929491020739,-0.0003948550189705524,0.19999999999998863,,none,0.009605225876889278,0.0,-0.009999999999999431,-8.089586039959369e-08
R03_shallower_empty,389,78.79999999999767,77.58291164893262,50.565399304226744,31.698513527727695,-1.0701458892682925,0.0662503126028952,0.3115949158601658,-0.027921794036119288,0.000914805085407294,-0.981355607509613,-0.08305906504392624,0.0049299998208880424,-0.981355607509613,-0.08305906504392624,0.0049299998208880424,0.31118663549423214,-0.029070672765374183,0.0012324999552220106,-0.0006117470186563053,0.19999999999998863,,none,0.00938833440718767,0.0,-0.009999999999999431,-8.142584454474012e-08
R03_shallower_empty,390,78.99999999999766,77.61259946937531,50.51077550471308,31.69438271361546,-1.0757990326314084,0.06644654765324699,0.311483320650381,-0.028561430131647678,0.0010382419631022742,-0.9815164804458618,-0.08532802015542984,0.005159069783985615,-0.9815164804458618,-0.08532802015542984,0.005159069783985615,0.3110901117324829,-0.029864807054400443,0.0012897674459964037,-0.000827574265978123,0.19999999999998863,,none,0.00917253026423026,0.0,-0.009999999999999431,-1.0453020895258291e-07
R03_shallower_empty,391,79.19999999999764,77.64196349954254,50.45600276852294,31.69024060161117,-1.0815953417679958,0.06665704626828296,0.3113753655627286,-0.029342771429596022,0.001064746533984657,-0.9816750288009644,-0.08838542550802231,0.004475018009543419,-0.9816750288009644,-0.08838542550802231,0.004475018009543419,0.3109949827194214,-0.030934898927807805,0.0011187545023858547,-0.001042987779374099,0.19999999999998863,,none,0.008957209036463354,0.0,-0.009999999999999431,-1.9681583802168627e-07
R03_shallower_empty,392,79.39999999999763,77.67099470066893,50.40107823063174,31.68608689006391,-1.0875534495711954,0.06686253858274396,0.3112676053016923,-0.03017554066668946,0.000995403039645135,-0.9818534851074219,-0.09106417745351791,0.0034164113458245993,-0.9818534851074219,-0.09106417745351791,0.0034164113458245993,0.31088790893554685,-0.03187246210873127,0.0008541028364561498,-0.0012590776450564767,0.19999999999998863,,none,0.0087410889190771,0.0,-0.009999999999999431,-1.6656413414561684e-07
R03_shallower_empty,393,79.59999999999762,77.69968321707618,50.34599912243779,31.681922438453913,-1.0936788217998996,0.06704664442492685,0.3111596094061593,-0.031014917657320853,0.000856150840236514,-0.9820348620414734,-0.09350086748600006,0.0022895948495715857,-0.9820348620414734,-0.09350086748600006,0.0022895948495715857,0.31077908277511596,-0.03272530362010002,0.0005723987123928964,-0.0014772178361345547,0.19999999999998863,,none,0.008522926965291333,0.0,-0.009999999999999431,-1.4480142645663386e-07
R03_shallower_empty,394,79.79999999999761,77.72801938414088,50.29076311105808,31.67774904203588,-1.0999477406104747,0.0671947629619947,0.31105004642590955,-0.031628057975538006,0.0006412329242991397,-0.9822266697883606,-0.09393555670976639,0.0008131915819831192,-0.9822266697883606,-0.09393555670976639,0.0008131915819831192,0.31066399812698364,-0.03287744484841823,0.0002032978954957798,-0.0016982292874860958,0.19999999999998863,,none,0.008301818822744167,0.0,-0.009999999999999431,-4.811023083140839e-08
R03_shallower_empty,395,79.9999999999976,77.75599607574127,50.235368981867055,31.673569404187372,-1.1062984219689476,0.06729184085564266,0.3109426544427865,-0.0318611848067986,0.00035139140841039876,-0.9823929071426392,-0.09238921105861664,-0.0009568572859279811,-0.9823929071426392,-0.09238921105861664,-0.0009568572859279811,0.3105642557144165,-0.03233622387051582,-0.00023921432148199528,-0.0019229633586054452,0.19999999999998863,,none,0.008077147679248498,0.0,-0.009999999999999431,-1.1103785451161297e-07
R03_shallower_empty,396,80.19999999999759,77.78361079603326,50.17981627944094,31.66938690479935,-1.1126541619769268,0.06733048517129578,0.3108480139450537,-0.03170777759624524,5.722324443171898e-05,-0.982475757598877,-0.08970052003860474,-0.0021687953267246485,-0.982475757598877,-0.08970052003860474,-0.0021687953267246485,0.3105145454406738,-0.03139518201351166,-0.0005421988316811621,-0.002151413617500804,0.19999999999998863,,none,0.007848760476846905,0.0,-0.009999999999999431,-1.7409434827843033e-07
R03_shallower_empty,397,80.39999999999758,77.81086598412125,50.12410509201757,31.665204861120667,-1.1189424371191836,0.06731560060412504,0.31077300660774004,-0.031212316778541943,-0.00018761539323439066,-0.9824854731559753,-0.08629349619150162,-0.0027460777200758457,-0.9824854731559753,-0.08629349619150162,-0.0027460777200758457,0.3105087161064148,-0.030202723667025564,-0.0006865194300189614,-0.002382986763325456,0.19999999999998863,,none,0.007617252059890944,0.0,-0.009999999999999431,-2.3882321696904713e-07
R03_shallower_empty,398,80.59999999999756,77.83776781869639,50.06823641368517,31.66102599805603,-1.1251198528527557,0.06725777867403371,0.3107190556364261,-0.030607430892356874,-0.00037637692426798695,-0.9824517369270325,-0.083928182721138,-0.0030440539121627808,-0.9824517369270325,-0.083928182721138,-0.0030440539121627808,0.3105289578437805,-0.029374863952398297,-0.0007610134780406952,-0.002616526703927305,0.19999999999998863,,none,0.007383586988787272,0.0,-0.009999999999999431,-1.1369271514554986e-07
R03_shallower_empty,399,80.79999999999755,77.86432373627483,50.012212447326725,31.65685246979403,-1.1311660665891017,0.06716462370978868,0.3106789130256957,-0.029907463140038126,-0.0005426413451589402,-0.9824375510215759,-0.08137471228837967,-0.003525743493810296,-0.9824375510215759,-0.08137471228837967,-0.003525743493810296,0.31053746938705445,-0.028481149300932884,-0.000881435873452574,-0.0028517053164282035,0.19999999999998863,,none,0.007148429732318107,0.0,-0.009999999999999431,-1.35048746879048e-07
R03_shallower_empty,400,80.99999999999754,77.8905417796329,49.95603681977322,31.652686194797553,-1.1370619323370292,0.0670394881961201,0.31064815057644,-0.029111208188086733,-0.0006970741677483573,-0.9824337363243103,-0.07853911817073822,-0.004047038499265909,-0.9824337363243103,-0.07853911817073822,-0.004047038499265909,0.3105397582054138,-0.027488691359758375,-0.0010117596248164773,-0.003088112802258019,0.19999999999998863,,none,0.006912053444882105,0.0,-0.009999999999999431,-1.6624714069261969e-07
R03_shallower_empty,401,81.19999999999753,77.91643080287172,49.899713844510686,31.648528929313898,-1.1427949268814837,0.06688604324961808,0.3106266948556326,-0.02828128842677114,-0.0008275419239514412,-0.9824148416519165,-0.07597192376852036,-0.004373576492071152,-0.9824148416519165,-0.07597192376852036,-0.004373576492071152,0.3105510950088501,-0.026590173318982124,-0.001093394123017788,-0.0033254397176038053,0.19999999999998863,,none,0.0066746942318189895,0.0,-0.009999999999999431,-1.3394942336337775e-07
R03_shallower_empty,402,81.39999999999752,77.94199994548424,49.84324823996186,31.644382191052955,-1.1483619811374066,0.06670855501761871,0.31061074914992853,-0.02745177469990028,-0.0009389440053412677,-0.9824090600013733,-0.07360424846410751,-0.004663785453885794,-0.9824090600013733,-0.07360424846410751,-0.004663785453885794,0.310554563999176,-0.02576148696243763,-0.0011659463634714484,-0.003563500181590484,0.19999999999998863,,none,0.00643661362122927,0.0,-0.009999999999999431,-1.1380282032253958e-07
R03_shallower_empty,403,81.59999999999751,77.96725811060583,49.786645291152354,31.640247322898126,-1.153764284952529,0.06650994805600967,0.31059638363984216,-0.02663297639582729,-0.0010395434186743528,-0.982423722743988,-0.07132720947265625,-0.004978133365511894,-0.982423722743988,-0.07132720947265625,-0.004978133365511894,0.31054576635360714,-0.024964523315429685,-0.0012445333413779736,-0.0038021418483098696,0.19999999999998863,,none,0.006197963830413045,0.0,-0.009999999999999431,-1.0567872348308128e-07
R03_shallower_empty,404,81.7999999999975,77.99221400276885,49.72991043288845,31.636125519694875,-1.1590041537508484,0.06629363494765651,0.31058359685904124,-0.025826496120307813,-0.0011176972030272386,-0.9824357628822327,-0.0690946951508522,-0.005107800010591745,-0.9824357628822327,-0.0690946951508522,-0.005107800010591745,0.3105385422706604,-0.02418314330279827,-0.0012769500026479363,-0.004041219897797013,0.19999999999998863,,none,0.005958880123774435,0.0,-0.009999999999999431,-1.0002157201670793e-07
R03_shallower_empty,405,81.99999999999748,78.01687622074105,49.673048926913346,31.63201769601578,-1.1640850136436902,0.06606527740944212,0.31057214258093047,-0.025041284332137242,-0.0011625012888062927,-0.9824470281600952,-0.06697505712509155,-0.005015191622078419,-0.9824470281600952,-0.06697505712509155,-0.005015191622078419,0.31053178310394286,-0.023441269993782043,-0.0012537979055196047,-0.004280451492958641,0.19999999999998863,,none,0.005719638538412397,0.0,-0.009999999999999431,-9.00313716071773e-08
R03_shallower_empty,406,82.19999999999747,78.0412531480246,49.61606587093243,31.62792436375448,-1.169011991997803,0.06583213836747227,0.3105616629864015,-0.024285465390034542,-0.0011684414221947881,-0.982458770275116,-0.0649866983294487,-0.004722182173281908,-0.982458770275116,-0.0649866983294487,-0.004722182173281908,0.3105247378349304,-0.022745344415307043,-0.001180545543320477,-0.0045194546361780105,0.19999999999998863,,none,0.005480626155083712,0.0,-0.009999999999999431,-8.079126229118983e-08
R03_shallower_empty,407,82.39999999999746,78.06535285097445,49.55896618510762,31.623845565121975,-1.1737917147161756,0.06560210460584487,0.31055177658077554,-0.023565988843240564,-0.001134457562418498,-0.982471764087677,-0.06314263492822647,-0.004260836634784937,-0.982471764087677,-0.06314263492822647,-0.004260836634784937,0.3105169415473938,-0.022099922224879262,-0.0010652091586962342,-0.004757785204788569,0.19999999999998863,,none,0.005242287066778317,0.0,-0.009999999999999431,-7.227156745566454e-08
R03_shallower_empty,408,82.59999999999745,78.08918299258524,49.50175459534415,31.619780859317597,-1.1784321305439116,0.06538292617877475,0.3105420676157774,-0.022889180569836683,-0.0010627326268650742,-0.98248690366745,-0.061457309871912,-0.0036663191858679056,-0.98248690366745,-0.061457309871912,-0.0036663191858679056,0.31050785779953,-0.0215100584551692,-0.0009165797964669764,-0.004994993136592039,0.19999999999998863,,none,0.0050050707434223796,0.0,-0.009999999999999431,-6.388001498767764e-08
R03_shallower_empty,409,82.79999999999744,78.11275075565683,49.444435618481485,31.615729349264154,-1.1829423586546497,0.06518167403835035,0.3105321015678024,-0.022260485383087527,-0.0009577047438435172,-0.9825050234794617,-0.05994115024805069,-0.0029747639782726765,-0.9825050234794617,-0.05994115024805069,-0.0029747639782726765,0.310496985912323,-0.02097940258681774,-0.0007436909945681691,-0.005230662310171423,0.19999999999998863,,none,0.0047693932361667635,0.0,-0.009999999999999431,-5.554633875533396e-08
R03_shallower_empty,410,82.99999999999743,78.13606277598217,49.387013550570764,31.61168973612527,-1.187332519856983,0.06500438003872284,0.3105214134766121,-0.02168453602517649,-0.0008252206010924716,-0.9825270771980286,-0.05860266461968422,-0.0022210385650396347,-0.9825270771980286,-0.05860266461968422,-0.0022210385650396347,0.31048375368118286,-0.020510932616889476,-0.0005552596412599087,-0.00546443656627885,0.19999999999998863,,none,0.00453561063636343,0.0,-0.009999999999999431,-4.7202642847990645e-08
R03_shallower_empty,411,83.19999999999742,78.1591250860599,49.3294924595426,31.607660391149913,-1.1916135175367562,0.06485583514462573,0.3105095146738495,-0.02116462643242266,-0.0006717922560423389,-0.982554018497467,-0.057443469762802124,-0.0014366144314408302,-0.982554018497467,-0.057443469762802124,-0.0014366144314408302,0.31046758890151976,-0.02010521441698074,-0.00035915360786020756,-0.005696036193174013,0.19999999999998863,,none,0.004304003002420842,0.0,-0.009999999999999431,-3.91955954241914e-08
R03_shallower_empty,412,83.3999999999974,78.18194307485908,49.27187617857067,31.603639435533157,-1.1957967998895032,0.06473951446341655,0.3104959375538525,-0.020702990649582184,-0.0005040568011170645,-0.9825865030288696,-0.056463778018951416,-0.0006490590749308467,-0.9825865030288696,-0.056463778018951416,-0.0006490590749308467,0.3104480981826782,-0.019762322306632996,-0.00016226476873271167,-0.005925263687610634,0.19999999999998863,,none,0.004074767934280743,0.0,-0.009999999999999431,-3.1621891946345084e-08
R03_shallower_empty,413,83.5999999999974,78.20452146260523,49.214168299642616,31.599624821659855,-1.1998941248583772,0.06465759015343957,0.31048024672929814,-0.020300588171126767,-0.00032842378409745206,-0.9826250672340393,-0.05565891042351723,0.00011784397065639496,-0.9826250672340393,-0.05565891042351723,0.00011784397065639496,0.3104249596595764,-0.01948061864823103,2.946099266409874e-05,-0.006152004215282524,0.19999999999998863,,none,0.0038480205335034157,0.0,-0.009999999999999431,-2.474878650862738e-08
R03_shallower_empty,414,83.79999999999738,78.22686428994042,49.156372171620376,31.595614411412683,-1.2039173205727531,0.06461101029226617,0.31046203981476056,-0.019957246670324995,-0.00015076499575359517,-0.9826701879501343,-0.05502178519964218,0.0008449906599707901,-0.9826701879501343,-0.05502178519964218,0.0008449906599707901,0.3103978872299194,-0.019257624819874763,0.00021124766499269754,-0.006376221045572604,0.19999999999998863,,none,0.003623797688561581,0.0,-0.009999999999999431,-1.8734134753992715e-08
R03_shallower_empty,415,83.99999999999737,78.24897492138061,49.098490900176515,31.59160604779154,-1.207878066556598,0.06459962392143244,0.3104409796608475,-0.01967173241788962,2.3748202845150667e-05,-0.9827220439910889,-0.054542697966098785,0.00151740456931293,-0.9827220439910889,-0.054542697966098785,0.00151740456931293,0.31036677360534665,-0.019089944288134573,0.0003793511423282325,-0.0065979477195392666,0.19999999999998863,,none,0.0034020659675420006,0.0,-0.009999999999999431,-1.3687081836090563e-08
R03_shallower_empty,416,84.19999999999736,78.27085594915674,49.04052760531095,31.5875976076959,-1.211788453574985,0.06462372247295563,0.3104141393457322,-0.019448930386721536,0.00020367611972908718,-0.9828007221221924,-0.05427122861146927,0.002281250199303031,-0.9828007221221924,-0.05427122861146927,0.002281250199303031,0.31031956672668454,-0.01899493001401424,0.0005703125498257577,-0.006817269263768209,0.19999999999998863,,none,0.0031827440031513277,0.0,-0.009999999999999431,-1.3266920105437647e-08
R03_shallower_empty,417,84.39999999999735,78.29250912323556,48.98248556480745,31.583586740766705,-1.2156600505771726,0.06469460083671852,0.3103797133484767,-0.01927978792641672,0.0004839809063126644,-0.9829026460647583,-0.05410036817193031,0.004220615141093731,-0.9829026460647583,-0.05410036817193031,0.004220615141093731,0.310258412361145,-0.018935128860175607,0.0010551537852734327,-0.007034059737383899,0.19999999999998863,,none,0.002966016276978678,0.0,-0.009999999999999431,-7.601436314628942e-08
R03_shallower_empty,418,84.59999999999734,78.31393538447098,48.92436807625093,31.57956996484682,-1.2195081955155662,0.0648356618141832,0.3103368961402065,-0.01920713715637973,0.0008956047228062915,-0.9830232858657837,-0.05445456504821777,0.006937457714229822,-0.9830232858657837,-0.05445456504821777,0.006937457714229822,0.3101860284805298,-0.01905909776687622,0.0017343644285574555,-0.007247181026191346,0.19999999999998863,,none,0.0027529693986672044,0.0,-0.009999999999999431,-1.5042485911935956e-07
R03_shallower_empty,419,84.79999999999733,78.33513452924323,48.86617818382923,31.575542336990722,-1.2233553497197915,0.06506789232452984,0.3102856532135583,-0.019260391126574065,0.0013894771459632676,-0.9831581711769104,-0.05533973127603531,0.009583334438502789,-0.9831581711769104,-0.05533973127603531,0.009583334438502789,0.31010509729385377,-0.019368905946612357,0.002395833609625697,-0.007455178682266487,0.19999999999998863,,none,0.0025449773652717056,0.0,-0.009999999999999431,-1.5604753876151834e-07
R03_shallower_empty,420,84.99999999999731,78.3561049516692,48.80791845634171,31.571497925551387,-1.2272265662488022,0.06540219149884666,0.31022630555134306,-0.019438360580506842,0.0019139825503599343,-0.9833046793937683,-0.05657430365681648,0.011931037530303001,-0.9833046793937683,-0.05657430365681648,0.011931037530303001,0.310017192363739,-0.019801006279885767,0.0029827593825757504,-0.007657230037356093,0.19999999999998863,,none,0.0023429111095119026,0.0,-0.009999999999999431,-1.4114686856485717e-07
R03_shallower_empty,421,85.1999999999973,78.37684362210679,48.749590957025234,31.567430412096968,-1.2311464077870151,0.06584083136298191,0.31015892134104345,-0.019737508016843607,0.002433276808947564,-0.9834641814231873,-0.05813450366258621,0.013965739868581295,-0.9834641814231873,-0.05813450366258621,0.013965739868581295,0.30992149114608764,-0.02034707628190517,0.0034914349671453238,-0.007853093441244083,0.19999999999998863,,none,0.0021470385523265634,0.0,-0.009999999999999431,-1.3199357121575564e-07
R03_shallower_empty,422,85.39999999999729,78.39734610887302,48.691197306566735,31.563333541360727,-1.2351387348320837,0.0663801855675232,0.3100832690820186,-0.02015434534518703,0.0029233298677986534,-0.9836388230323792,-0.060010652989149094,0.015687614679336548,-0.9836388230323792,-0.060010652989149094,0.015687614679336548,0.3098167061805725,-0.02100372854620218,0.003921903669834137,-0.008042945293325774,0.19999999999998863,,none,0.0019571850124506796,0.0,-0.009999999999999431,-1.303057770227385e-07
R03_shallower_empty,423,85.59999999999728,78.4176066112614,48.632738743564765,31.559201424276857,-1.2392264591763116,0.06701272518293998,0.3099990024257015,-0.02068304958353416,0.003368512786537459,-0.9838298559188843,-0.06217252090573311,0.017102621495723724,-0.9838298559188843,-0.06217252090573311,0.017102621495723724,0.3097020864486694,-0.021760382317006586,0.004275655373930931,-0.008227253246898948,0.19999999999998863,,none,0.0017728810013153407,0.0,-0.009999999999999431,-1.3424821485807924e-07
R03_shallower_empty,424,85.79999999999727,78.43761834032824,48.574215580818745,31.555028224439038,-1.2434257003857607,0.06775148953894967,0.3099123977153367,-0.02126546572372911,0.0039735305023639875,-0.9839879274368286,-0.06414927542209625,0.02082546427845955,-0.9839879274368286,-0.06414927542209625,0.02082546427845955,0.3096072435379028,-0.02245224639773369,0.005206366069614887,-0.008406395933332242,0.19999999999998863,,none,0.0015939599087353429,0.0,-0.009999999999999431,-3.5584206815431064e-07
R03_shallower_empty,425,85.99999999999726,78.45737358541342,48.515627737898434,31.550806514779563,-1.2477604269464913,0.06862595259540462,0.3098203983270555,-0.02202458495896902,0.004715200303877572,-0.9841729402542114,-0.06734694540500641,0.024905959144234657,-0.9841729402542114,-0.06734694540500641,0.024905959144234657,0.30949623584747316,-0.023571430891752242,0.006226489786058664,-0.008578614239278911,0.19999999999998863,,none,0.0014219239559487562,0.0,-0.009999999999999431,-5.381952282363517e-07
R03_shallower_empty,426,86.19999999999725,78.4768623617361,48.45697634924542,31.546527367197722,-1.2522574369056119,0.06965828014208846,0.30971003728794544,-0.02288096885623559,0.00554549568232834,-0.984464704990387,-0.07036002725362778,0.02894950471818447,-0.984464704990387,-0.07036002725362778,0.02894950471818447,0.30932117700576783,-0.02462600953876972,0.007237376179546118,-0.00874230658833597,0.19999999999998863,,none,0.0012582036926573892,0.0,-0.009999999999999431,-5.102809939275255e-07
R03_shallower_empty,427,86.39999999999723,78.49607285298052,48.39826411540108,31.542180883103406,-1.2569348703826664,0.07086325146609863,0.3095755703644789,-0.023822409406303393,0.00643702301597838,-0.984830379486084,-0.07354505360126495,0.033014699816703796,-0.984830379486084,-0.07354505360126495,0.033014699816703796,0.3091017723083496,-0.025740768760442734,0.008253674954175949,-0.008896744998932005,0.19999999999998863,,none,0.0011037910795046457,0.0,-0.009999999999999431,-5.360784372194367e-07
R03_shallower_empty,428,86.59999999999722,78.51499205929977,48.339493658593824,31.53775652731248,-1.261818132336434,0.0722465036553102,0.30942162292724273,-0.024926959996468316,0.007328321576970198,-0.985201358795166,-0.0776505321264267,0.03657802939414978,-0.985201358795166,-0.0776505321264267,0.03657802939414978,0.3088791847229004,-0.027177686244249342,0.009144507348537445,-0.009041308321329624,0.19999999999998863,,none,0.0009592854766147241,0.0,-0.009999999999999431,-5.93797944916652e-07
R03_shallower_empty,429,86.79999999999721,78.53360633385616,48.28066592939068,31.53324363605152,-1.2669068713129157,0.07380523905917091,0.30925939545001174,-0.025887996323823957,0.008193801143732833,-0.9855203628540039,-0.07956081628799438,0.03982950374484062,-0.9855203628540039,-0.07956081628799438,0.03982950374484062,0.30868778228759763,-0.027846285700798033,0.009957375936210155,-0.009175603034826897,0.19999999999998863,,none,0.0008246834258649471,0.0,-0.009999999999999431,-2.8646069241383685e-07
R03_shallower_empty,430,86.9999999999972,78.5519032208424,48.221780951211535,31.528631781480428,-1.272196088680321,0.07553244846210175,0.3090926237047839,-0.026925946870098843,0.009016300957742331,-0.9858250021934509,-0.08297418057918549,0.042769186198711395,-0.9858250021934509,-0.08297418057918549,0.042769186198711395,0.30850499868392944,-0.029040963202714917,0.010692296549677849,-0.009300610795855964,0.19999999999998863,,none,0.0006997969160202899,0.0,-0.009999999999999431,-4.0771187682225873e-07
R03_shallower_empty,431,87.19999999999719,78.56986972052108,48.162838382607575,31.523911161662976,-1.27770697806457,0.07741318819119547,0.3089215612111753,-0.028094846817306673,0.009736792763440385,-0.9861353039741516,-0.08707627654075623,0.04481971263885498,-0.9861353039741516,-0.08707627654075623,0.04481971263885498,0.308318817615509,-0.030476696789264675,0.011204928159713745,-0.009416467889905076,0.19999999999998863,,none,0.0005839546728374501,0.0,-0.009999999999999431,-4.2256274309537823e-07
R03_shallower_empty,432,87.39999999999718,78.58749139839837,48.10383766594977,31.51907316714426,-1.2834646748866405,0.07942668963451749,0.30874563066113925,-0.02938489061880603,0.010351863686896886,-0.986457109451294,-0.09146741032600403,0.046420738101005554,-0.986457109451294,-0.09146741032600403,0.046420738101005554,0.30812573432922363,-0.03201359361410141,0.011605184525251389,-0.00952457122247115,0.19999999999998863,,none,0.0004758677554725921,0.0,-0.009999999999999431,-4.389779443103592e-07
R03_shallower_empty,433,87.59999999999717,78.60475234814315,48.044778211574084,31.514110472969833,-1.2894926442718027,0.08155423458295083,0.3085635127156228,-0.03078897703978897,0.01088351515105222,-0.9867969751358032,-0.09614303708076477,0.047867413610219955,-0.9867969751358032,-0.09614303708076477,0.047867413610219955,0.30792181491851806,-0.03365006297826767,0.011966853402554989,-0.009626308705048292,0.19999999999998863,,none,0.0003741726922363853,0.0,-0.009999999999999431,-4.813972852460435e-07
R03_shallower_empty,434,87.79999999999715,78.62163526365663,47.98565952277347,31.50901681662795,-1.2958130024742907,0.08378135493986935,0.30837414807325614,-0.0323006685790155,0.01135235210993513,-0.9871551394462585,-0.10108862817287445,0.049230776727199554,-0.9871551394462585,-0.10108862817287445,0.049230776727199554,0.30770691633224484,-0.035381019860506055,0.012307694181799889,-0.009722780847195595,0.19999999999998863,,none,0.0002777480710420832,0.0,-0.009999999999999431,-5.289182382475777e-07
R03_shallower_empty,435,87.99999999999714,78.63812137511114,47.92648106590969,31.503786961681328,-1.3024562210959811,0.08608607743826624,0.3081776840402948,-0.03400319777082829,0.0116708664062684,-0.9875242710113525,-0.10706404596567154,0.0492795929312706,-0.9875242710113525,-0.10706404596567154,0.0492795929312706,0.30748543739318845,-0.03747241608798504,0.01231989823281765,-0.009815221626973757,0.19999999999998863,,none,0.00018549525820432677,0.0,-0.009999999999999431,-7.168851786520936e-07
R03_shallower_empty,436,88.19999999999713,78.65418996056957,47.867241940635445,31.498417505113537,-1.3094543861911694,0.0884324060189956,0.30797474924522417,-0.03584001221541368,0.011783900039992867,-0.9879004955291748,-0.11309389024972916,0.04805690795183182,-0.9879004955291748,-0.11309389024972916,0.04805690795183182,0.3072597026824951,-0.039582861587405205,0.012014226987957954,-0.009905311468083905,0.19999999999998863,,none,9.544844242626027e-05,0.0,-0.009999999999999431,-7.599105107347626e-07
R03_shallower_empty,437,88.39999999999712,78.66981885413838,47.80794110145218,31.49290732431918,-1.316824315287971,0.09078756212539545,0.3077649004459346,-0.03771775315148659,0.01176879917811099,-0.9882908463478088,-0.1186971366405487,0.04695211350917816,-0.9882908463478088,-0.1186971366405487,0.04695211350917816,0.3070254921913147,-0.04154399782419205,0.01173802837729454,-0.00999539732289951,0.19999999999998863,,none,5.258063392687973e-06,0.0,-0.009999999999999431,-6.553862927671794e-07
R03_shallower_empty,438,88.59999999999711,78.68498412232962,47.74857619279353,31.487257719899663,-1.3246491976490458,0.09308521434599935,0.307558963492212,-0.04033389172342356,0.011247047524207113,-0.988611102104187,-0.13047073781490326,0.040735527873039246,-0.988611102104187,-0.13047073781490326,0.040735527873039246,0.3068333387374878,-0.04566475823521614,0.010183881968259811,-0.010091267516405086,0.19999999999998863,,none,-8.772019269898124e-05,0.0,-0.009999999999999431,-3.5473237066740994e-06
R03_shallower_empty,439,88.7999999999971,78.69965487333741,47.689140653813595,31.481475772491912,-1.333076121785428,0.09520200068815227,0.3073700276066406,-0.04368293199903333,0.010013768325721607,-0.9888261556625366,-0.14430634677410126,0.030002934858202934,-0.9888261556625366,-0.14430634677410126,0.030002934858202934,0.306704306602478,-0.05050722137093544,0.0075007337145507336,-0.010196288269056164,0.19999999999998863,,none,-0.0001901550915341943,0.0,-0.009999999999999431,-6.133177522538238e-06
R03_shallower_empty,440,88.99999999999709,78.71379421920403,47.629625267987805,31.475575088245122,-1.3421267287276821,0.09708026002383212,0.3071984850482495,-0.04660304787507622,0.008856080153116888,-0.9890099167823792,-0.15015235543251038,0.025988304987549782,-0.9890099167823792,-0.15015235543251038,0.025988304987549782,0.3065940499305725,-0.05255332440137863,0.0064970762468874454,-0.010310245650222882,0.19999999999998863,,none,-0.000309239113455817,0.0,-0.009999999999999431,-1.0065367676340142e-06
R03_shallower_empty,441,89.19999999999708,78.72736776272068,47.570025613822715,31.46956923329147,-1.351705703487377,0.09877006929178002,0.30701358679301005,-0.04900561769334064,0.008099068595041503,-0.9893965125083923,-0.15400370955467224,0.026226069778203964,-0.9893965125083923,-0.15400370955467224,0.026226069778203964,0.3063620924949646,-0.05390129834413528,0.006556517444550991,-0.010444510100858033,0.19999999999998863,,none,-0.00044420932252009493,0.0,-0.009999999999999431,-3.007783385067936e-07
R03_shallower_empty,442,89.39999999999706,78.74034578740255,47.51034277426986,31.463467970443663,-1.3617349933482021,0.10033778692833954,0.3068138580047213,-0.05112736455269113,0.0076146206788236465,-0.9898164868354797,-0.15843090415000916,0.026509873569011688,-0.9898164868354797,-0.15843090415000916,0.026509873569011688,0.3061101078987121,-0.0554508164525032,0.006627468392252922,-0.010590689043421909,0.19999999999998863,,none,-0.0005902919039222354,0.0,-0.009999999999999431,-3.9713950024139466e-07
R03_shallower_empty,443,89.59999999999705,78.75270207904319,47.45057887076647,31.457277862846844,-1.3721764477232188,0.10181606516710087,0.3066085462068213,-0.0531358029129292,0.007199452958827868,-0.9901914596557617,-0.16350962221622467,0.025413887575268745,-0.9901914596557617,-0.16350962221622467,0.025413887575268745,0.30588512420654296,-0.05722836777567863,0.006353471893817186,-0.010744453350444194,0.19999999999998863,,none,-0.0007439106471025525,0.0,-0.009999999999999431,-5.427033422106958e-07
R03_shallower_empty,444,89.79999999999704,78.76441228558826,47.39073571274569,31.451004338737132,-1.3830103111305982,0.10320803614744307,0.30640388217469494,-0.055057958054747856,0.006753842563404348,-0.9905287623405457,-0.168499156832695,0.02338331565260887,-0.9905287623405457,-0.168499156832695,0.02338331565260887,0.3056827425956726,-0.05897470489144325,0.005845828913152218,-0.010904405050554646,0.19999999999998863,,none,-0.0009038224015327501,0.0,-0.009999999999999431,-5.826490224642573e-07
R03_shallower_empty,445,89.99999999999703,78.77545381429061,47.33081512521223,31.444652843571482,-1.3941933676809293,0.10451109638527269,0.30620411841678175,-0.05665243174035562,0.006310197412912297,-0.9908329248428345,-0.17114704847335815,0.02162475325167179,-0.9908329248428345,-0.17114704847335815,0.02162475325167179,0.3055002450942993,-0.05990146696567535,0.005406188312917948,-0.011070108735102842,0.19999999999998863,,none,-0.0010699048073696815,0.0,-0.009999999999999431,-2.0392773372963914e-07
R03_shallower_empty,446,90.19999999999702,78.78580818397884,47.27081972362691,31.43822858201923,-1.4056343796929593,0.10573509568049903,0.30601165817083187,-0.05768022356416891,0.00595645700421037,-0.9911108016967773,-0.17078439891338348,0.020942581817507744,-0.9911108016967773,-0.17078439891338348,0.020942581817507744,0.30533351898193356,-0.059774539619684215,0.005235645454376936,-0.011241552946274172,0.19999999999998863,,none,-0.0012415394645124422,0.0,-0.009999999999999431,-1.3481762297928857e-08
R03_shallower_empty,447,90.39999999999701,78.79546250065185,47.210753663147536,31.431735879094738,-1.4172605588515677,0.10689342426075416,0.30582489478200725,-0.05851839492720441,0.005649931657285916,-0.9913886189460754,-0.17207521200180054,0.020101318135857582,-0.9913886189460754,-0.17207521200180054,0.020101318135857582,0.3051668286323547,-0.060226324200630184,0.0050253295339643955,-0.011417334800769318,0.19999999999998863,,none,-0.0014172857786611814,0.0,-0.009999999999999431,-4.9022108705998324e-08
R03_shallower_empty,448,90.599999999997,78.80440641916667,47.150621828968156,31.425178623298343,-1.4290522954389342,0.10798357455885946,0.3056464427818776,-0.05933725346233332,0.00527949145448029,-0.9916372299194336,-0.1743023693561554,0.018098603934049606,-0.9916372299194336,-0.1743023693561554,0.018098603934049606,0.30501766204833985,-0.06100582927465439,0.004524650983512402,-0.011596620397949042,0.19999999999998863,,none,-0.0015964397399201857,0.0,-0.009999999999999431,-1.806580294250876e-07
R03_shallower_empty,449,90.79999999999698,78.81263016519246,47.09042915821687,31.41856127870884,-1.4410056336573873,0.10899127052185374,0.3054767812450831,-0.06013593219281574,0.004831252043545445,-0.9918683767318726,-0.17646682262420654,0.01567152515053749,-0.9918683767318726,-0.17646682262420654,0.01567152515053749,0.30487897396087643,-0.06176338791847229,0.003917881287634373,-0.011779727885013101,0.19999999999998863,,none,-0.001779515305049273,0.0,-0.009999999999999431,-2.1257996439705275e-07
R03_shallower_empty,450,90.99999999999697,78.82012420858435,47.03018102199191,31.41188914418204,-1.4531159460394227,0.10990554911281375,0.30531386411857575,-0.060908930625823685,0.004347959680144764,-0.9921002984046936,-0.1785258799791336,0.013452648185193539,-0.9921002984046936,-0.1785258799791336,0.013452648185193539,0.3047398209571838,-0.06248405799269676,0.0033631620462983847,-0.011967430670471476,0.19999999999998863,,none,-0.0019672463320752342,0.0,-0.009999999999999431,-1.8433839681074664e-07
R03_shallower_empty,451,91.19999999999696,78.82687925796704,46.96988351781788,31.40516797217655,-1.4653795375535172,0.11072319580383026,0.30515548890472693,-0.061669649058758755,0.0038649144199097625,-0.9923375844955444,-0.18062786757946014,0.011522481217980385,-0.9923375844955444,-0.18062786757946014,0.011522481217980385,0.30459744930267335,-0.06321975365281104,0.002880620304495096,-0.012160104921475935,0.19999999999998863,,none,-0.002159940917454861,0.0,-0.009999999999999431,-1.6400402164317222e-07
R03_shallower_empty,452,91.39999999999695,78.83288607302353,46.90954342978739,31.398403800274323,-1.4777996027345224,0.11143413154793555,0.30499989256834226,-0.062470632514440814,0.003287930389487182,-0.9925805926322937,-0.18315081298351288,0.008448874577879906,-0.9925805926322937,-0.18315081298351288,0.008448874577879906,0.3044516444206238,-0.0641027845442295,0.0021122186444699764,-0.012358066975281265,0.19999999999998863,,none,-0.0023577495479969457,0.0,-0.009999999999999431,-3.1742728488853846e-07
R03_shallower_empty,453,91.59999999999694,78.83813514668232,46.849167876269675,31.39160374056606,-1.4903796228780057,0.11201514658776626,0.30484715651661703,-0.06326936810542642,0.0025758868328430414,-0.9928183555603027,-0.18541982769966125,0.0044998652301728725,-0.9928183555603027,-0.18541982769966125,0.0044998652301728725,0.30430898666381834,-0.06489693969488143,0.0011249663075432181,-0.012562083362266574,0.19999999999998863,,none,-0.0025616673695907366,0.0,-0.009999999999999431,-4.1599267640621707e-07
R03_shallower_empty,454,91.79999999999693,78.84261738483559,46.788764689792494,31.38477629224406,-1.5030973769710518,0.1124506085565906,0.3046923950362629,-0.06386340051772665,0.0018346034865251895,-0.9930881857872009,-0.18592528998851776,0.0012964059133082628,-0.9930881857872009,-0.18592528998851776,0.0012964059133082628,0.3041470885276794,-0.06507385149598122,0.0003241014783270657,-0.01277310200699732,0.19999999999998863,,none,-0.002772890197956457,0.0,-0.009999999999999431,-2.1180904143221323e-07
R03_shallower_empty,455,91.99999999999692,78.84632593552804,46.728343069160104,31.377930398430532,-1.515907615602632,0.11274371211446955,0.3045309960740312,-0.06421266191680888,0.0011481687740633392,-0.9933961629867554,-0.18549813330173492,-0.0010022759670391679,-0.9933961629867554,-0.18549813330173492,-0.0010022759670391679,0.3039623022079468,-0.06492434665560722,-0.00025056899175979197,-0.012991570003959344,0.19999999999998863,,none,-0.0029914587789363623,0.0,-0.009999999999999431,-1.1122502355092576e-07
R03_shallower_empty,456,92.1999999999969,78.8492566142909,46.66791284736696,31.371074501343273,-1.528778078358854,0.1129046770971742,0.30436524126661396,-0.06447238990968993,0.000509609366267719,-0.993698000907898,-0.18571895360946655,-0.0031662944238632917,-0.993698000907898,-0.18571895360946655,-0.0031662944238632917,0.3037811994552612,-0.06500163376331329,-0.0007915736059658229,-0.01321666224672425,0.19999999999998863,,none,-0.0032165657898524103,0.0,-0.009999999999999431,-9.645687240843653e-08
R03_shallower_empty,457,92.3999999999969,78.85140658808511,46.60748355638593,31.3642164442262,-1.541697887828436,0.11293958581458675,0.3041984574235997,-0.06470795054739978,-0.00011355426102161565,-0.9939820170402527,-0.18625128269195557,-0.0055334619246423244,-0.9939820170402527,-0.18625128269195557,-0.0055334619246423244,0.3036107897758484,-0.06518794894218445,-0.0013833654811605811,-0.013447659745471078,0.19999999999998863,,none,-0.003447540395043802,0.0,-0.009999999999999431,-1.193504278449158e-07
R03_shallower_empty,458,92.59999999999688,78.85277354617739,46.54706434828776,31.357363754641653,-1.5546625158894753,0.11285166816762472,0.3040327062103143,-0.06492218330929339,-0.0007199203131075338,-0.9942522048950195,-0.18673920631408691,-0.007822013460099697,-0.9942522048950195,-0.18673920631408691,-0.007822013460099697,0.3034486770629883,-0.06535872220993041,-0.0019555033650249243,-0.013684170877757753,0.19999999999998863,,none,-0.0036840599069769553,0.0,-0.009999999999999431,-1.1097078136683165e-07
R03_shallower_empty,459,92.79999999999687,78.85335553763822,46.48666421061092,31.350523680687907,-1.5676679366907613,0.11264599100424676,0.30386892152157197,-0.0651173174180669,-0.0012936120899482786,-0.9945136308670044,-0.18718554079532623,-0.009850461035966873,-0.9945136308670044,-0.18718554079532623,-0.009850461035966873,0.30329182147979733,-0.06551493927836417,-0.0024626152589917183,-0.013925903138220381,0.19999999999998863,,none,-0.003925815495069429,0.0,-0.009999999999999431,-8.764315152025651e-08
R03_shallower_empty,460,92.99999999999686,78.85315078589326,46.42629231661635,31.34370305777788,-1.5807180742671565,0.11233105750566658,0.3037057831586639,-0.06536536310706575,-0.0018163258830095803,-0.9947817325592041,-0.18820229172706604,-0.011525807902216911,-0.9947817325592041,-0.18820229172706604,-0.011525807902216911,0.3031309604644775,-0.0658708021044731,-0.002881451975554228,-0.014172396726497775,0.19999999999998863,,none,-0.0041723184775364075,0.0,-0.009999999999999431,-7.824896193615871e-08
R03_shallower_empty,461,93.19999999999685,78.85215657360415,46.36595882342601,31.33690805225243,-1.5938507586546473,0.11192537530971497,0.3035368867290617,-0.06591970029521868,-0.002210766993938288,-0.9950970411300659,-0.19156932830810547,-0.012058055028319359,-0.9950970411300659,-0.19156932830810547,-0.012058055028319359,0.3029417753219604,-0.06704926490783691,-0.0030145137570798397,-0.014422979465371305,0.19999999999998863,,none,-0.00442274507253515,0.0,-0.009999999999999431,-2.3439283672321842e-07
R03_shallower_empty,462,93.39999999999684,78.85036767796302,46.305674349989,31.33014346557711,-1.6070952036486925,0.11145188044239046,0.3033670944484547,-0.06648234317169896,-0.0025022151875486753,-0.9953852891921997,-0.19322523474693298,-0.012384379282593727,-0.9953852891921997,-0.19322523474693298,-0.012384379282593727,0.3027688264846802,-0.06762883216142654,-0.0030960948206484318,-0.01467582478745869,0.19999999999998863,,none,-0.004675766155447292,0.0,-0.009999999999999431,-5.8632011968040576e-08
R03_shallower_empty,463,93.59999999999683,78.84777890338452,46.245448763550776,31.323412681625605,-1.620427318584604,0.11093117035619948,0.30320283424719585,-0.06681382254031226,-0.002690680980752411,-0.9956265687942505,-0.19282649457454681,-0.012298859655857086,-0.9956265687942505,-0.19282649457454681,-0.012298859655857086,0.3026240587234497,-0.06748927310109137,-0.0030747149139642715,-0.014930087985606114,0.19999999999998863,,none,-0.004930083495143123,0.0,-0.009999999999999431,-4.4904635599501975e-09
R03_shallower_empty,464,93.79999999999681,78.84438748965566,46.185291703900845,31.31671753438267,-1.6338039100001818,0.11039657556059912,0.3030430333816854,-0.06694240066401386,-0.0026577490588813118,-0.9958667159080505,-0.19201257824897766,-0.010362576693296432,-0.9958667159080505,-0.19201257824897766,-0.010362576693296432,0.30247997045516967,-0.06720440238714218,-0.002590644173324108,-0.015184133892920438,0.19999999999998863,,none,-0.005184044506478358,0.0,-0.009999999999999431,-8.938644264794293e-08
R03_shallower_empty,465,93.9999999999968,78.84019477639512,46.125212703062786,31.31005751113708,-1.647107241901845,0.10988468134660052,0.30289080132440904,-0.06615059672778319,-0.0024749692232810885,-0.9960759878158569,-0.18439185619354248,-0.008410085923969746,-0.9960759878158569,-0.18439185619354248,-0.008410085923969746,0.30235440731048585,-0.06453714966773987,-0.0021025214809924364,-0.015436342084666028,0.19999999999998863,,none,-0.005435103456274959,0.0,-0.009999999999999431,-1.238628391637981e-06
R03_shallower_empty,466,94.19999999999679,78.83521150881977,46.06522017444195,31.303430476119317,-1.6601803317900934,0.10940751651569193,0.30274802254356215,-0.06469036037598819,-0.0023091750185683132,-0.9962584376335144,-0.1763281673192978,-0.007885354571044445,-0.9962584376335144,-0.1763281673192978,-0.007885354571044445,0.30224493741989134,-0.061714858561754224,-0.0019713386427611113,-0.01568262307015136,0.19999999999998863,,none,-0.005681316435968142,0.0,-0.009999999999999431,-1.3066341837864732e-06
R03_shallower_empty,467,94.39999999999678,78.82945577917249,46.00532108065186,31.29683449381797,-1.6729449116749735,0.10894621741994236,0.3026161728207692,-0.0630770350331079,-0.0023041915441056543,-0.9964140057563782,-0.17082738876342773,-0.009176147170364857,-0.9964140057563782,-0.17082738876342773,-0.009176147170364857,0.3021515965461731,-0.0597895860671997,-0.002294036792591214,-0.015923359178184566,0.19999999999998863,,none,-0.005922720199951215,0.0,-0.009999999999999431,-6.389782339206313e-07
R03_shallower_empty,468,94.59999999999677,78.82294800582422,45.945520992212266,31.290269320710152,-1.685384647182281,0.10846757964812595,0.30249663096450835,-0.06144344402623668,-0.0024697109527163997,-0.9965409636497498,-0.1660420000553131,-0.011227949522435665,-0.9965409636497498,-0.1660420000553131,-0.011227949522435665,0.3020754218101501,-0.05811470001935958,-0.0028069873806089163,-0.016161644616906584,0.19999999999998863,,none,-0.0061611020977814235,0.0,-0.009999999999999431,-5.425191257280721e-07
R03_shallower_empty,469,94.79999999999676,78.815708948249,45.88582450219346,31.28373656424749,-1.6974971754214552,0.10794710983165001,0.30238807547253405,-0.05980530512706255,-0.00271639462836352,-0.9966573715209961,-0.16133512556552887,-0.012876233085989952,-0.9966573715209961,-0.16133512556552887,-0.012876233085989952,0.30200557708740233,-0.0564672939479351,-0.003219058271497488,-0.016398940016063686,0.19999999999998863,,none,-0.006398442314925035,0.0,-0.009999999999999431,-4.977011392190596e-07
R03_shallower_empty,470,94.99999999999675,78.8077593337536,45.82623570568899,31.2772388292133,-1.7092846865771105,0.10737694595677062,0.3022884966446093,-0.05819144341593721,-0.0029664010973452087,-0.9967706203460693,-0.1568654328584671,-0.013903342187404633,-0.9967706203460693,-0.1568654328584671,-0.013903342187404633,0.3019376277923584,-0.05490290150046348,-0.003475835546851158,-0.01663623107313171,0.19999999999998863,,none,-0.006635810154506316,0.0,-0.009999999999999431,-4.209186259630099e-07
R03_shallower_empty,471,95.19999999999673,78.79911903142508,45.76675830817705,31.270778759562894,-1.720781032321495,0.10676415918732696,0.30219782328197436,-0.05687149846628434,-0.003147794918984201,-0.9968694448471069,-0.15480533242225647,-0.014069673605263233,-0.9968694448471069,-0.15480533242225647,-0.014069673605263233,0.30187833309173584,-0.054181866347789764,-0.0035174184013158083,-0.016873450309681307,0.19999999999998863,,none,-0.006873364680757277,0.0,-0.009999999999999431,-8.562892459694841e-08
R03_shallower_empty,472,95.39999999999672,78.78980510423152,45.70739598143627,31.264358318941323,-1.7320295643176051,0.10612182917544162,0.3021150116818917,-0.055701969090057354,-0.0032665542892595916,-0.9969612956047058,-0.15233953297138214,-0.014034193940460682,-0.9969612956047058,-0.15233953297138214,-0.014034193940460682,0.3018232226371765,-0.05331883653998375,-0.0035085484851151705,-0.017110728214324605,0.19999999999998863,,none,-0.007110606417079168,0.0,-0.009999999999999431,-1.217972460043626e-07
R03_shallower_empty,473,95.59999999999671,78.77983273997054,45.64815250149114,31.257978719381363,-1.743052499937544,0.10546341739666722,0.3020385373337737,-0.05460971077380192,-0.0033139883840232888,-0.9970515370368958,-0.14966866374015808,-0.013642576523125172,-0.9970515370368958,-0.14966866374015808,-0.013642576523125172,0.30176907777786255,-0.05238403230905533,-0.003410644130781293,-0.017347027603466795,0.19999999999998863,,none,-0.007346881702464003,0.0,-0.009999999999999431,-1.4590100335887258e-07
R03_shallower_empty,474,95.7999999999967,78.76921611837187,45.58903168854956,31.251640393258292,-1.7538644219516832,0.10480143768008014,0.301967347146169,-0.053586619874052256,-0.0033063820707588875,-0.9971391558647156,-0.1471482366323471,-0.013163531199097633,-0.9971391558647156,-0.1471482366323471,-0.013163531199097633,0.30171650648117065,-0.05150188282132148,-0.0032908827997744083,-0.017581601331211907,0.19999999999998863,,none,-0.007581469536926733,0.0,-0.009999999999999431,-1.3179428574499123e-07
R03_shallower_empty,475,95.99999999999669,78.75796881973218,45.53003731746762,31.245343126318303,-1.764467668540732,0.10414598444399639,0.3019004310879406,-0.05252580014976279,-0.0032522316174385833,-0.9972255825996399,-0.1438976675271988,-0.012567560188472271,-0.9972255825996399,-0.1438976675271988,-0.012567560188472271,0.30166465044021606,-0.050364183634519576,-0.0031418900471180677,-0.01781399164576096,0.19999999999998863,,none,-0.007813773068750862,0.0,-0.009999999999999431,-2.1857701066720427e-07
R03_shallower_empty,476,96.19999999999668,78.74610491299167,45.471172871816634,31.23908610858867,-1.7748437084469268,0.10350844420634489,0.3018372474962761,-0.051325096143704646,-0.003132216328457316,-0.9973089694976807,-0.13965268433094025,-0.011550651863217354,-0.9973089694976807,-0.13965268433094025,-0.011550651863217354,0.3016146183013916,-0.048878439515829084,-0.0028876629658043385,-0.01804361405970105,0.19999999999998863,,none,-0.008043232840936554,0.0,-0.009999999999999431,-3.812187650651007e-07
R03_shallower_empty,477,96.39999999999667,78.7336396102279,45.41244101990657,31.232867783961964,-1.7849785137122798,0.10290023266991352,0.3017804340540618,-0.050114220387588636,-0.002962677222368344,-0.9973662495613098,-0.1361338198184967,-0.010468839667737484,-0.9973662495613098,-0.1361338198184967,-0.010468839667737484,0.3015802502632141,-0.04764683693647384,-0.002617209916934371,-0.01826949510798799,0.19999999999998863,,none,-0.00826922398786678,0.0,-0.009999999999999431,-2.7112012177825734e-07
R03_shallower_empty,478,96.59999999999665,78.72058758121827,45.35384366925309,31.226686284742613,-1.7949079670537493,0.10231311787541844,0.30173189512820453,-0.04924576837841679,-0.002912269927553825,-0.9973985552787781,-0.13564610481262207,-0.011238222941756248,-0.9973985552787781,-0.13564610481262207,-0.011238222941756248,0.30156086683273314,-0.04747613668441772,-0.002809555735439062,-0.01849166279558843,0.19999999999998863,,none,-0.008491646178384826,0.0,-0.009999999999999431,-1.661720417352533e-08
R03_shallower_empty,479,96.79999999999664,78.70696029885661,45.29538253530961,31.220541098124453,-1.8046781152276472,0.10171123736896849,0.3016932643071871,-0.04851108644245173,-0.0030929195492907994,-0.9974047541618347,-0.1343258172273636,-0.01384410634636879,-0.9974047541618347,-0.1343258172273636,-0.01384410634636879,0.30155714750289914,-0.04701403602957725,-0.0034610265865921974,-0.01871223293863333,0.19999999999998863,,none,-0.008712062262112852,0.0,-0.009999999999999431,-1.7067652104747754e-07
R03_shallower_empty,480,96.99999999999663,78.69276740922702,45.23705926562614,31.21443405930884,-1.814306373450582,0.10106126626465506,0.3016624777375469,-0.04782333194135282,-0.0033847929538741335,-0.997409999370575,-0.1326340138912201,-0.015918156132102013,-0.997409999370575,-0.1326340138912201,-0.015918156132102013,0.301554000377655,-0.04642190486192703,-0.003979539033025503,-0.018933024991480595,0.19999999999998863,,none,-0.008932881713310081,0.0,-0.009999999999999431,-1.4327817108202024e-07
R03_shallower_empty,481,97.19999999999662,78.67801792747116,45.178875684637646,31.20836838954813,-1.8237995509039353,0.100350736883884,0.30163747717529393,-0.04715854749067394,-0.0036969718835556365,-0.997417688369751,-0.1308683604001999,-0.017332376912236214,-0.997417688369751,-0.1308683604001999,-0.017332376912236214,0.3015493869781494,-0.04580392614006996,-0.004333094228059053,-0.01915554198001802,0.19999999999998863,,none,-0.009155439627782869,0.0,-0.009999999999999431,-1.0235223572047092e-07
R03_shallower_empty,482,97.39999999999661,78.6627206098635,45.12083377515779,31.202347650510802,-1.8331613758159182,0.09958022145277114,0.3016167858801247,-0.04650868207766123,-0.003986370418853304,-0.9974268674850464,-0.12909846007823944,-0.01830429397523403,-0.9974268674850464,-0.12909846007823944,-0.01830429397523403,0.30154387950897216,-0.0451844610273838,-0.004576073493808508,-0.019380112978463603,0.19999999999998863,,none,-0.009380031433380509,0.0,-0.009999999999999431,-8.154508366359226e-08
R03_shallower_empty,483,97.5999999999966,78.6468840591657,45.06293561697277,31.19637519671118,-1.8423946738450498,0.09875588265636771,0.30159937215857097,-0.04587226505506182,-0.004238048530175186,-0.9974366426467896,-0.12735842168331146,-0.019003557041287422,-0.9974366426467896,-0.12735842168331146,-0.019003557041287422,0.30153801441192624,-0.04457544758915901,-0.0047508892603218555,-0.01960649689333185,0.19999999999998863,,none,-0.009606426557372316,0.0,-0.009999999999999431,-7.033596010314058e-08
R03_shallower_empty,484,97.79999999999659,78.6305167422425,45.005183334993184,31.190453968549743,-1.8515022001044552,0.09788550984137567,0.30158451935532093,-0.045249904911434276,-0.004449725496705318,-0.9974463582038879,-0.12566208839416504,-0.01952422596514225,-0.9974463582038879,-0.12566208839416504,-0.01952422596514225,0.3015321850776672,-0.043981730937957764,-0.0048810564912855625,-0.019834267109223834,0.19999999999998863,,none,-0.009834204134481439,0.0,-0.009999999999999431,-6.297474296368399e-08
R03_shallower_empty,485,97.99999999999658,78.61362697880672,44.94757906318793,31.18458644861076,-1.8604869125184267,0.0969768483839854,0.30157170086723833,-0.04464296441939102,-0.0046237712258642765,-0.9974557757377625,-0.12401774525642395,-0.01991368643939495,-0.9974557757377625,-0.12401774525642395,-0.01991368643939495,0.3015265345573425,-0.04340621083974838,-0.004978421609848738,-0.020062967515731812,0.19999999999998863,,none,-0.01006291040308227,0.0,-0.009999999999999431,-5.711265011171252e-08
R03_shallower_empty,486,98.19999999999656,78.59622292235238,44.89012492362279,31.17877468166394,-1.8693520458496689,0.09603703882761741,0.30156051441137327,-0.04405284618796948,-0.004763772427368711,-0.9974648356437683,-0.12242963165044785,-0.020196203142404556,-0.9974648356437683,-0.12242963165044785,-0.020196203142404556,0.301521098613739,-0.04285037107765674,-0.005049050785601139,-0.02029216983963805,0.19999999999998863,,none,-0.01029211779958672,0.0,-0.009999999999999431,-5.2040051897253585e-08
R03_shallower_empty,487,98.39999999999655,78.57831253934465,44.83282301739169,31.173020315068726,-1.8781012257112717,0.09507243008306959,0.301550622918155,-0.04348197878530116,-0.004874006649152866,-0.9974737167358398,-0.1209106594324112,-0.020394517108798027,-0.9974737167358398,-0.1209106594324112,-0.020394517108798027,0.3015157699584961,-0.042318730801343914,-0.005098629277199507,-0.020521489083791998,0.19999999999998863,,none,-0.010521442150114524,0.0,-0.009999999999999431,-4.6933678044605574e-08
R03_shallower_empty,488,98.59999999999654,78.55990340410095,44.775675565395694,31.167324782467066,-1.8867494325054368,0.0940820399338211,0.3015408704605149,-0.04303386365721617,-0.005018969009628593,-0.9974891543388367,-0.12034498900175095,-0.0212574265897274,-0.9974891543388367,-0.12034498900175095,-0.0212574265897274,0.301506507396698,-0.04212074615061283,-0.00531435664743185,-0.02075067609023274,0.19999999999998863,,none,-0.010750654793550751,0.0,-0.009999999999999431,-2.1296682559748816e-08
R03_shallower_empty,489,98.79999999999653,78.54100199057387,44.71868508740383,31.1616898914335,-1.895314636831159,0.09305639247572667,0.30153098121794436,-0.04264731390941751,-0.005222188862159399,-0.9975064396858215,-0.11959899216890335,-0.02254514768719673,-0.9975064396858215,-0.11959899216890335,-0.02254514768719673,0.30149613618850707,-0.04185964725911617,-0.005636286921799183,-0.02098014003777402,0.19999999999998863,,none,-0.010980095737060935,0.0,-0.009999999999999431,-4.4300713654132905e-08
R03_shallower_empty,490,98.99999999999652,78.5216139117511,44.661854251138536,31.15611823453342,-1.9038122726616318,0.09197781470196473,0.3015205506017931,-0.04235135115049715,-0.005539660958459147,-0.997527003288269,-0.11928077787160873,-0.024746276438236237,-0.997527003288269,-0.11928077787160873,-0.024746276438236237,0.30148379802703856,-0.04174827225506306,-0.006186569109559059,-0.021210619413810094,0.19999999999998863,,none,-0.011210520480791075,0.0,-0.009999999999999431,-9.893301958802114e-08
R03_shallower_empty,491,99.1999999999965,78.50174378523502,44.605185939039615,31.150613667695918,-1.9122608150951168,0.0908247721310878,0.3015090341918283,-0.04214930168153357,-0.005959147955730025,-0.9975525736808777,-0.11925025284290314,-0.027255721390247345,-0.9975525736808777,-0.11925025284290314,-0.027255721390247345,0.30146845579147336,-0.0417375884950161,-0.006813930347561836,-0.021443259274966327,0.19999999999998863,,none,-0.011443133296975105,0.0,-0.009999999999999431,-1.2597799179059343e-07
R03_shallower_empty,492,99.3999999999965,78.48139516107592,44.54868336872028,31.14518124186784,-1.9206806244758876,0.08958008110092364,0.3014956284352616,-0.04205583660246232,-0.006450713017379467,-0.9975860118865967,-0.11961538344621658,-0.02980947121977806,-0.9975860118865967,-0.11961538344621658,-0.02980947121977806,0.301448392868042,-0.041865384206175804,-0.007452367804944515,-0.021679174251722604,0.19999999999998863,,none,-0.011679041130189916,0.0,-0.009999999999999431,-1.3312153325811814e-07
R03_shallower_empty,493,99.59999999999648,78.46057057370878,44.492350073731906,31.13982680199645,-1.9290840428058271,0.08823577462119159,0.30148053754244075,-0.04198377778057513,-0.006954389604047444,-0.9976210594177246,-0.11953412741422653,-0.03192289546132088,-0.9976210594177246,-0.11953412741422653,-0.03192289546132088,0.30142736434936523,-0.04183694459497928,-0.00798072386533022,-0.02191905241961979,0.19999999999998863,,none,-0.011918962931762422,0.0,-0.009999999999999431,-8.948785793827519e-08
R03_shallower_empty,494,99.79999999999647,78.43927224571821,44.4361896213001,31.134556323031422,-1.937472144964646,0.08679499985253301,0.3014641419462485,-0.0419033087684854,-0.00741838656562498,-0.9976560473442078,-0.11925525218248367,-0.033455464988946915,-0.9976560473442078,-0.11925525218248367,-0.033455464988946915,0.30140637159347533,-0.04173933826386928,-0.008363866247236729,-0.022163051139435952,0.19999999999998863,,none,-0.012163002584138383,0.0,-0.009999999999999431,-4.8555298137742396e-08
R03_shallower_empty,495,99.99999999999646,78.41750222418597,44.380205591610505,31.129375385565048,-1.945856223648519,0.0852654417322112,0.3014469435333305,-0.04193508322494675,-0.007845037868297221,-0.997689425945282,-0.11999951303005219,-0.034857675433158875,-0.997689425945282,-0.11999951303005219,-0.034857675433158875,0.3013863444328308,-0.04199982956051826,-0.008714418858289719,-0.022410808091697078,0.19999999999998863,,none,-0.012410757667048244,0.0,-0.009999999999999431,-5.0424649401803466e-08
R03_shallower_empty,496,100.19999999999645,78.39526115150791,44.32440208782235,31.124289221016934,-1.9542782218485362,0.08364896105686855,0.3014291830270484,-0.042260381033200886,-0.008286496114403165,-0.997722327709198,-0.12263781577348709,-0.036744195967912674,-0.997722327709198,-0.12263781577348709,-0.036744195967912674,0.3013666033744812,-0.04292323552072048,-0.009186048991978168,-0.0226620353844671,0.19999999999998863,,none,-0.012661824970795266,0.0,-0.009999999999999431,-2.1041367240265397e-07
R03_shallower_empty,497,100.39999999999644,78.372547057525,44.268784352462006,31.11930317988379,-1.9627789955357107,0.08194135769375961,0.3014103522114126,-0.042713224929727865,-0.008754280538206835,-0.997759997844696,-0.1246742233633995,-0.03882991150021553,-0.997759997844696,-0.1246742233633995,-0.03882991150021553,0.30134400129318234,-0.043635978177189824,-0.009707477875053883,-0.022916342129488343,0.19999999999998863,,none,-0.01291617215780505,0.0,-0.009999999999999431,-1.6997168386101436e-07
R03_shallower_empty,498,100.59999999999643,78.34935653502856,44.213358384142495,31.114422819501794,-1.9713759958899275,0.08014217538887419,0.3013905453887308,-0.04321868222433798,-0.009203671825481149,-0.9977987408638,-0.12642470002174377,-0.040477558970451355,-0.9977987408638,-0.12642470002174377,-0.040477558970451355,0.30132075548171994,-0.04424864500761032,-0.010119389742612839,-0.02317397943981658,0.19999999999998863,,none,-0.013173863831582366,0.0,-0.009999999999999431,-1.1560823478223847e-07
R03_shallower_empty,499,100.79999999999642,78.32568553382242,44.158130455534696,31.109653478851826,-1.9800784959060551,0.07825797275829768,0.3013714488278448,-0.043765131943937045,-0.009607888604242273,-0.9978263974189758,-0.12822464108467102,-0.04172622039914131,-0.9978263974189758,-0.12822464108467102,-0.04172622039914131,0.3013041615486145,-0.04487862437963486,-0.010431555099785328,-0.023434727937792818,0.19999999999998863,,none,-0.013434631943631814,0.0,-0.009999999999999431,-9.599416157107798e-08
R03_shallower_empty,500,100.9999999999964,78.30152952135323,44.103106962635856,31.104999977549742,-1.9888951599154758,0.07629765708585781,0.3013544787976232,-0.044356906051694324,-0.009968117608898456,-0.9978421926498413,-0.130179300904274,-0.04280860349535942,-0.9978421926498413,-0.130179300904274,-0.04280860349535942,0.3012946844100952,-0.045562755316495895,-0.010702150873839855,-0.023698054948911425,0.19999999999998863,,none,-0.013697955098958658,0.0,-0.009999999999999431,-9.98499533333419e-08
R03_shallower_empty,501,101.1999999999964,78.27688357747465,44.048294651276095,31.10046665109136,-1.9978342215006994,0.0742674643264927,0.30133910194608554,-0.044986274231421285,-0.010308179473691219,-0.997858464717865,-0.1321963667869568,-0.044004473835229874,-0.997858464717865,-0.1321963667869568,-0.044004473835229874,0.301284921169281,-0.04626872837543487,-0.011001118458807468,-0.023963385316994556,0.19999999999998863,,none,-0.013963275338486625,0.0,-0.009999999999999431,-1.0997850850125169e-07
R03_shallower_empty,502,101.39999999999638,78.25174250932112,43.99370071079954,31.09605764364706,-2.0069028541667753,0.07216717058326429,0.30132525859513726,-0.0456500254088021,-0.010667663589698125,-0.997872531414032,-0.13429297506809235,-0.04560071602463722,-0.997872531414032,-0.13429297506809235,-0.04560071602463722,0.3012764811515808,-0.04700254127383232,-0.011400179006159306,-0.02423041571838587,0.19999999999998863,,none,-0.014230276839320766,0.0,-0.009999999999999431,-1.3887906567422447e-07
R03_shallower_empty,503,101.59999999999637,78.22610084799666,43.939332653741964,31.091777385895057,-2.0161077953789204,0.06998684134499877,0.30131336080454646,-0.04634686575663343,-0.011102830222052894,-0.9978809356689453,-0.13647659122943878,-0.04795825108885765,-0.9978809356689453,-0.13647659122943878,-0.04795825108885765,0.3012714385986328,-0.04776680693030357,-0.011989562772214413,-0.02449933952856375,0.19999999999998863,,none,-0.014499133004129305,0.0,-0.009999999999999431,-2.0652443501245622e-07
R03_shallower_empty,504,101.79999999999636,78.1999528966274,43.88519826094226,31.087631045449196,-2.025453150980448,0.06771542072158562,0.30130357142254865,-0.047053435961888684,-0.011575733244120794,-0.9978848695755005,-0.1385520100593567,-0.050157442688941956,-0.9978848695755005,-0.1385520100593567,-0.050157442688941956,0.3012690782546997,-0.04849320352077484,-0.012539360672235489,-0.024770638355348647,0.19999999999998863,,none,-0.014770455478899436,0.0,-0.009999999999999431,-1.8287644978159935e-07
R03_shallower_empty,505,101.99999999999635,78.17329314097216,43.831305319933236,31.083623985165506,-2.034926109318459,0.06536143177504783,0.30129734549654985,-0.047632503049560605,-0.011936932576277363,-0.9978743195533752,-0.13946416974067688,-0.05069177225232124,-0.9978743195533752,-0.13946416974067688,-0.05069177225232124,0.30127540826797483,-0.048812459409236904,-0.01267294306308031,-0.025044405005942284,0.19999999999998863,,none,-0.015044382652849464,0.0,-0.009999999999999431,-2.2353093389881895e-08
R03_shallower_empty,506,102.19999999999634,78.14611719726396,43.77766135827043,31.07976050039148,-2.044511796249884,0.06294575666513819,0.3012939427020061,-0.04818288397606371,-0.012199991717939722,-0.9978634119033813,-0.14086967706680298,-0.050944093614816666,-0.9978634119033813,-0.14086967706680298,-0.050944093614816666,0.30128195285797116,-0.04930438697338104,-0.012736023403704166,-0.0253198937506088,0.19999999999998863,,none,-0.015319852965891556,0.0,-0.009999999999999431,-4.078471781188142e-08
R03_shallower_empty,507,102.39999999999633,78.11842197395706,43.7242734783749,31.076043553449768,-2.054163208389648,0.06049465930545419,0.3012949921350028,-0.04832083968053276,-0.012303202841829631,-0.9978355169296265,-0.1388627141714096,-0.05005405843257904,-0.9978355169296265,-0.1388627141714096,-0.05005405843257904,0.30129868984222413,-0.04860194995999336,-0.01251351460814476,-0.025595689597951374,0.19999999999998863,,none,-0.01559559318113557,0.0,-0.009999999999999431,-9.641681637334587e-08
R03_shallower_empty,508,102.59999999999631,78.09020767958049,43.671147244352255,31.07247441204983,-2.063835003406153,0.05803359931139555,0.30129999972665455,-0.04839176484480154,-0.012307103133239072,-0.9978039264678955,-0.13867510855197906,-0.049260202795267105,-0.9978039264678955,-0.13867510855197906,-0.049260202795267105,0.3013176441192627,-0.04853628799319267,-0.012315050698816776,-0.02587016570676063,0.19999999999998863,,none,-0.015870152378749225,0.0,-0.009999999999999431,-1.3328011972124631e-08
R03_shallower_empty,509,102.7999999999963,78.06147579647858,43.61828779457422,31.069053300436728,-2.073518338963058,0.05557016230126671,0.30130849366464507,-0.048438098546568956,-0.012325853732703767,-0.997769296169281,-0.13866432011127472,-0.04945624619722366,-0.997769296169281,-0.13866432011127472,-0.04945624619722366,0.3013384222984314,-0.04853251203894615,-0.012364061549305916,-0.026142543819860302,0.19999999999998863,,none,-0.0161425430248876,0.0,-0.009999999999999431,-7.949732697132284e-10
R03_shallower_empty,510,102.99999999999629,78.03222822985383,43.56570027932717,31.065779765173993,-2.083210575690876,0.053136218887137716,0.30131949768041344,-0.04848103277287491,-0.012035466905041824,-0.9977362155914307,-0.13876719772815704,-0.045775000005960464,-0.9977362155914307,-0.13876719772815704,-0.045775000005960464,0.3013582706451416,-0.048568519204854964,-0.011443750001490116,-0.026412339429051607,0.19999999999998863,,none,-0.01641206816401919,0.0,-0.009999999999999431,-2.7126503298752215e-07
R03_shallower_empty,511,103.19999999999628,78.00246723894378,43.51339014593597,31.06265017206917,-2.092909155045121,0.050794108218727325,0.3013315081663247,-0.04850309773057641,-0.011431184620683604,-0.9977102875709534,-0.13870874047279358,-0.04079939052462578,-0.9977102875709534,-0.13870874047279358,-0.04079939052462578,0.30137382745742797,-0.04854805916547775,-0.010199847631156445,-0.02667608412702729,0.19999999999998863,,none,-0.016675588911443384,0.0,-0.009999999999999431,-4.952155844739625e-07
R03_shallower_empty,512,103.39999999999627,77.97219539107832,43.46136311279473,31.059657515996335,-2.1026177120192693,0.048586719750425895,0.3013437017735643,-0.04857690885590362,-0.010697963074438713,-0.997688889503479,-0.13922089338302612,-0.03681555390357971,-0.997688889503479,-0.13922089338302612,-0.03681555390357971,0.3013866662979126,-0.04872731268405914,-0.009203888475894928,-0.02693013262785567,0.19999999999998863,,none,-0.01692980995360216,0.0,-0.009999999999999431,-3.2267425407878083e-07
R03_shallower_empty,513,103.59999999999626,77.94141489745405,43.40962528022953,31.05679326527739,-2.112350137467354,0.046523011229090895,0.30135582455954335,-0.04873540011614411,-0.009992307499821558,-0.9976691007614136,-0.1401667296886444,-0.03421761468052864,-0.9976691007614136,-0.1401667296886444,-0.03421761468052864,0.3013985395431518,-0.04905835539102554,-0.00855440367013216,-0.02717336559501341,0.19999999999998863,,none,-0.01717321270929162,0.0,-0.009999999999999431,-1.5288572236010767e-07
R03_shallower_empty,514,103.79999999999625,77.91012671286602,43.35818351338554,31.054049147975384,-2.1221530492508633,0.044587826399883936,0.3013677894031226,-0.04925458656270679,-0.009403889909617274,-0.9976500868797302,-0.14375007152557373,-0.03281952068209648,-0.9976500868797302,-0.14375007152557373,-0.03281952068209648,0.30140994787216185,-0.050312525033950804,-0.00820488017052412,-0.027406225966297146,0.19999999999998863,,none,-0.017405930058956187,0.0,-0.009999999999999431,-2.959073415287339e-07
R03_shallower_empty,515,103.99999999999623,77.87832881125844,43.307046381969684,31.051418026250314,-2.132078962300811,0.04276392978330665,0.3013806748053249,-0.04995198120360675,-0.008874943055683185,-0.9976232051849365,-0.14678014814853668,-0.031188463792204857,-0.9976232051849365,-0.14678014814853668,-0.031188463792204857,0.30142607688903805,-0.05137305185198784,-0.007797115948051214,-0.02762902310039736,0.19999999999998863,,none,-0.017628786251727036,0.0,-0.009999999999999431,-2.3684867089208973e-07
R03_shallower_empty,516,104.19999999999622,77.84601681973683,43.25622402009387,31.04889382793601,-2.142185979555763,0.0410262241162512,0.30139384243441186,-0.05103645444373679,-0.008528244345883743,-0.9975996017456055,-0.15213219821453094,-0.03128712624311447,-0.9975996017456055,-0.15213219821453094,-0.03128712624311447,0.3014402389526367,-0.05324626937508583,-0.007821781560778618,-0.02784309335603284,0.19999999999998863,,none,-0.017842520261407202,0.0,-0.009999999999999431,-5.730946262095387e-07
R03_shallower_empty,517,104.39999999999621,77.81318336598245,43.20572879654972,31.046472439791458,-2.1525248375766677,0.039340061465094424,0.3014071192162278,-0.052259913483657175,-0.008347039593606618,-0.9975768327713013,-0.1564369648694992,-0.031911205500364304,-0.9975768327713013,-0.1564369648694992,-0.031911205500364304,0.30145390033721925,-0.05475293770432472,-0.007977801375091076,-0.028048930283657954,0.19999999999998863,,none,-0.01804855186347254,0.0,-0.009999999999999431,-3.784201859849401e-07
R03_shallower_empty,518,104.5999999999962,77.77982000073374,43.155574204124015,31.044151453104295,-2.1630977370777416,0.03768853403575916,0.3014203229017959,-0.05338433380752841,-0.00818076671056305,-0.9975552558898926,-0.15907299518585205,-0.031367819756269455,-0.9975552558898926,-0.15907299518585205,-0.031367819756269455,0.3014668464660644,-0.055675548315048215,-0.007841954939067364,-0.028248364392867403,0.19999999999998863,,none,-0.018248219505078822,0.0,-0.009999999999999431,-1.4488778914856227e-07
R03_shallower_empty,519,104.79999999999619,77.74591914596608,43.10577369388292,31.04192878524634,-2.1738911229458457,0.03607388160038789,0.30143334315505294,-0.054467859395977467,-0.007980827118600962,-0.9975346326828003,-0.16193069517612457,-0.030293652787804604,-0.9975346326828003,-0.16193069517612457,-0.030293652787804604,0.3014792203903198,-0.056675743311643594,-0.007573413196951151,-0.028441931511404495,0.19999999999998863,,none,-0.01844174509722052,0.0,-0.009999999999999431,-1.8641418454430625e-07
R03_shallower_empty,520,104.99999999999618,77.71147386345949,43.056340810881025,31.0398021336172,-2.184906436430709,0.03449740000626268,0.30144623633860984,-0.0555999496494185,-0.007797784751838462,-0.9975138902664185,-0.16544798016548157,-0.029699208214879036,-0.9975138902664185,-0.16544798016548157,-0.029699208214879036,0.3014916658401489,-0.05790679305791854,-0.007424802053719759,-0.02862907202386476,0.19999999999998863,,none,-0.01862881752209944,0.0,-0.009999999999999431,-2.5450176588948106e-07
R03_shallower_empty,521,105.19999999999617,77.67647707961802,43.007289683790354,31.03776942365401,-2.196157855611175,0.032950106166555075,0.30145915703848686,-0.05682212651151279,-0.00768374856857136,-0.9974921941757202,-0.16946439445018768,-0.029805514961481094,-0.9974921941757202,-0.16946439445018768,-0.029805514961481094,0.3015046834945679,-0.059312538057565686,-0.007451378740370274,-0.028809786635985386,0.19999999999998863,,none,-0.018809463768874934,0.0,-0.009999999999999431,-3.228671110223208e-07
R03_shallower_empty,522,105.39999999999615,77.64092116970713,42.95863540048565,31.035829511342563,-2.2076671247280855,0.03140875032485378,0.3014717196861979,-0.05816904706417997,-0.007726581522610416,-0.9974733591079712,-0.17403899133205414,-0.03125544637441635,-0.9974733591079712,-0.17403899133205414,-0.03125544637441635,0.3015159845352173,-0.06091364696621895,-0.007813861593604088,-0.02898474327596153,0.19999999999998863,,none,-0.01898428268411223,0.0,-0.009999999999999431,-4.605918498715167e-07
R03_shallower_empty,523,105.59999999999614,77.60479771266948,42.91039429032392,31.033983007717968,-2.219460138694096,0.029841551146336902,0.30148365557327395,-0.05964950990154537,-0.007930073075320914,-0.9974571466445923,-0.1790463626384735,-0.03337889909744263,-0.9974571466445923,-0.1790463626384735,-0.03337889909744263,0.30152571201324463,-0.06266622692346573,-0.008344724774360657,-0.02915515836591039,0.19999999999998863,,none,-0.019154566704276732,0.0,-0.009999999999999431,-5.916616342249715e-07
R03_shallower_empty,524,105.79999999999613,77.56809748748957,42.86258437511764,31.032232358242165,-2.231571732597242,0.028221740784480313,0.30149204365313165,-0.06133908557162521,-0.008244343906082564,-0.9974640011787415,-0.18509116768836975,-0.035538915544748306,-0.9974640011787415,-0.18509116768836975,-0.035538915544748306,0.3015215992927551,-0.06478190869092941,-0.008884728886187077,-0.02932234067428545,0.19999999999998863,,none,-0.019321516566563446,0.0,-0.009999999999999431,-8.241077225704108e-07
R03_shallower_empty,525,105.99999999999612,77.53081016283213,42.8152256295375,31.03058131504971,-2.244032927897336,0.026533065668599632,0.3014974389540683,-0.06313733324658295,-0.008614507937116649,-0.9974725842475891,-0.19086170196533203,-0.03747514262795448,-0.9974725842475891,-0.19086170196533203,-0.03747514262795448,0.3015164494514465,-0.0668015956878662,-0.00936878565698862,-0.029486517300109122,0.19999999999998863,,none,-0.01948577633781312,0.0,-0.009999999999999431,-7.409622965681706e-07
R03_shallower_empty,526,106.19999999999611,77.49292485897692,42.76833965140911,31.02903432268659,-2.2568700971477096,0.024768102702935727,0.30149774390260803,-0.06508738367901794,-0.009005641897370369,-0.9975019693374634,-0.19731706380844116,-0.03921059891581535,-0.9975019693374634,-0.19731706380844116,-0.03921059891581535,0.30149881839752196,-0.0690609723329544,-0.009802649728953838,-0.029648352662722956,0.19999999999998863,,none,-0.019647458975352805,0.0,-0.009999999999999431,-8.936873707210413e-07
R03_shallower_empty,527,106.3999999999961,77.45442949106904,42.72195009271755,31.027596626726,-2.2701450023704894,0.022897380317882333,0.30149512738968565,-0.06748124302944804,-0.009652805165689024,-0.9975234866142273,-0.20674049854278564,-0.043886080384254456,-0.9975234866142273,-0.20674049854278564,-0.043886080384254456,0.30148590803146363,-0.07235917448997498,-0.010971520096063614,-0.02980891385486966,0.19999999999998863,,none,-0.019806700620627282,0.0,-0.009999999999999431,-2.2132342429473375e-06
R03_shallower_empty,528,106.59999999999609,77.41530891967184,42.67608393865955,31.026276180670354,-2.2839343445944538,0.020868607564560406,0.3014911286243855,-0.07020675684659386,-0.010566088102810813,-0.9975382685661316,-0.21645855903625488,-0.0497082844376564,-0.9975382685661316,-0.21645855903625488,-0.0497082844376564,0.301477038860321,-0.0757604956626892,-0.0124270711094141,-0.02996774277381662,0.19999999999998863,,none,-0.019965175994251183,0.0,-0.009999999999999431,-2.566779566005595e-06
R03_shallower_empty,529,106.79999999999607,77.37554515315281,42.6307714905305,31.02508359218207,-2.2983191205948796,0.01865536235299372,0.30148966619491185,-0.07340030498106834,-0.011496257047357994,-0.9975258111953735,-0.22830785810947418,-0.053566593676805496,-0.9975258111953735,-0.22830785810947418,-0.053566593676805496,0.30148451328277587,-0.07990775033831596,-0.013391648419201374,-0.030127590007475693,0.19999999999998863,,none,-0.02012448415559831,0.0,-0.009999999999999431,-3.105851877951704e-06
R03_shallower_empty,530,106.99999999999606,77.33511854703886,42.58604559453719,31.024029184774797,-2.3132726442561276,0.01629964504340912,0.30149381613929505,-0.07594326813706898,-0.012021340438685892,-0.9974859356880188,-0.23178578913211823,-0.05236518010497093,-0.9974859356880188,-0.23178578913211823,-0.05236518010497093,0.30150843858718873,-0.08112502619624137,-0.013091295026242733,-0.030283898344463305,0.19999999999998863,,none,-0.020283627524687375,0.0,-0.009999999999999431,-2.7081977649889846e-07
R03_shallower_empty,531,107.19999999999605,77.2940148093326,42.54193722530792,31.02311907260417,-2.32871209129268,0.013884294643673611,0.30149558607001925,-0.07827542707776625,-0.012124396229104398,-0.9974969625473022,-0.23722180724143982,-0.049337565898895264,-0.9974969625473022,-0.23722180724143982,-0.049337565898895264,0.30150182247161866,-0.08302763253450393,-0.012334391474723816,-0.030439447406896546,0.19999999999998863,,none,-0.02043867306965197,0.0,-0.009999999999999431,-7.743372451465835e-07
R03_shallower_empty,532,107.39999999999604,77.25222219911873,42.49847835467434,31.022355572583507,-2.3447122662086595,0.011429903183345235,0.3014931777790205,-0.08148445703802104,-0.012398833963173672,-0.9975255131721497,-0.2514955699443817,-0.051832206547260284,-0.9975255131721497,-0.2514955699443817,-0.051832206547260284,0.3014846920967102,-0.08802344948053359,-0.012958051636815071,-0.030589599669813998,0.19999999999998863,,none,-0.020585400382838515,0.0,-0.009999999999999431,-4.199286976050986e-06
R03_shallower_empty,533,107.59999999999603,77.20972389743848,42.45570774414475,31.021742555657436,-2.361440950296623,0.008877954104520086,0.30149021085917493,-0.08549975059572182,-0.013070065973126864,-0.9975337386131287,-0.2676618695259094,-0.05775130167603493,-0.9975337386131287,-0.2676618695259094,-0.05775130167603493,0.3014797568321228,-0.09368165433406829,-0.014437825419008732,-0.030729360372791135,0.19999999999998863,,none,-0.020723432672852482,0.0,-0.009999999999999431,-5.92769993922132e-06
R03_shallower_empty,534,107.79999999999602,77.16649788767921,42.41367167942956,31.02128803713593,-2.379030361902769,0.006162423903727788,0.30148715666628406,-0.09005131352139306,-0.014014085173545368,-0.9975393414497375,-0.2837884724140167,-0.06375079602003098,-0.9975393414497375,-0.2837884724140167,-0.06375079602003098,0.30147639513015745,-0.09932596534490584,-0.015937699005007744,-0.03086044527865366,0.19999999999998863,,none,-0.020854524052964507,0.0,-0.009999999999999431,-5.9212256897225865e-06
R03_shallower_empty,535,107.999999999996,77.12251940012949,42.372422939130395,31.021003464718266,-2.397585900826658,0.003231832735565392,0.3014845483801691,-0.0951219045512154,-0.015202272649232296,-0.997541069984436,-0.3012976348400116,-0.07049369812011719,-0.997541069984436,-0.3012976348400116,-0.07049369812011719,0.3014753580093384,-0.10545417219400405,-0.017623424530029297,-0.03098684612618973,0.19999999999998863,,none,-0.020979805376178717,0.0,-0.009999999999999431,-7.040750011580999e-06
R03_shallower_empty,536,108.199999999996,77.07776098393303,42.33202103506817,31.02090394221647,-2.4172519998407638,3.3467054600593927e-06,0.30148733932727223,-0.10108932059485037,-0.01695080083411593,-0.997504711151123,-0.3235686719417572,-0.082055002450943,-0.997504711151123,-0.3235686719417572,-0.082055002450943,0.3014971733093262,-0.11324903517961502,-0.02051375061273575,-0.031113093483345598,0.19999999999998863,,none,-0.021100500199878525,0.0,-0.009999999999999431,-1.2593283467641214e-05
R03_shallower_empty,537,108.39999999999598,77.03219138409706,42.29253463793282,31.021010502108382,-2.438183949079428,-0.003619177051463596,0.301496770951073,-0.10772968647222786,-0.019111578607372275,-0.9974499940872192,-0.3464590311050415,-0.09405825287103653,-0.9974499940872192,-0.3464590311050415,-0.09405825287103653,0.30153000354766846,-0.12126066088676452,-0.023514563217759132,-0.031232527058803507,0.19999999999998863,,none,-0.0212191660676595,0.0,-0.009999999999999431,-1.3360991144574231e-05
R03_shallower_empty,538,108.59999999999597,76.98577781468931,42.25404145321924,31.021349072133788,-2.4605048114492454,-0.007701214264813891,0.30151211047462195,-0.11493581062480492,-0.021526760894062035,-0.9973897337913513,-0.37034177780151367,-0.1057925671339035,-0.9973897337913513,-0.37034177780151367,-0.1057925671339035,0.3015661597251892,-0.12961962223052978,-0.026448141783475876,-0.03135127363536691,0.19999999999998863,,none,-0.021337111968321665,0.0,-0.009999999999999431,-1.4161667045816673e-05
R03_shallower_empty,539,108.79999999999596,76.93848790283212,42.2166277758879,31.0219487560338,-2.484321868413779,-0.01228522593707197,0.30153300847987335,-0.12265310541575421,-0.02411805000043165,-0.9973222613334656,-0.39536720514297485,-0.11759312450885773,-0.9973222613334656,-0.39536720514297485,-0.11759312450885773,0.30160664319992064,-0.13837852180004118,-0.029398281127214432,-0.031469240156711695,0.19999999999998863,,none,-0.021453929562301965,0.0,-0.009999999999999431,-1.5310594410298252e-05
R03_shallower_empty,540,108.99999999999595,76.89029039446999,42.18038921678608,31.02284154101236,-2.5097905414026775,-0.01743800005845472,0.3015596118086546,-0.13137616614667394,-0.02717898788981108,-0.9972444176673889,-0.4261457622051239,-0.13366486132144928,-0.9972444176673889,-0.4261457622051239,-0.13366486132144928,0.3016533493995666,-0.14915101677179335,-0.03341621533036232,-0.031592655278411944,0.19999999999998863,,none,-0.02156854275123976,0.0,-0.009999999999999431,-2.4112527172750476e-05
R03_shallower_empty,541,109.19999999999594,76.8411536541372,42.145432915885095,31.024064320794036,-2.537059206397614,-0.023237674099059538,0.3016032059469821,-0.14061421104617594,-0.030562720136112283,-0.9970719814300537,-0.45553839206695557,-0.14983080327510834,-0.9970719814300537,-0.45553839206695557,-0.14983080327510834,0.3017568111419678,-0.15943843722343443,-0.037457700818777084,-0.03170360167131402,0.19999999999998863,,none,-0.0216810957892406,0.0,-0.009999999999999431,-2.2505882073993178e-05
R03_shallower_empty,542,109.39999999999593,76.79104785793808,42.111874092198114,31.025656904788583,-2.5662018435474443,-0.029680887781613038,0.30168201333677613,-0.15009741037169877,-0.03363765817275012,-0.9967338442802429,-0.48406052589416504,-0.15961365401744843,-0.9967338442802429,-0.48406052589416504,-0.15961365401744843,0.30195969343185425,-0.16942118406295775,-0.039903413504362106,-0.03180905806070371,0.19999999999998863,,none,-0.02179087144823555,0.0,-0.009999999999999431,-1.818661246872466e-05
R03_shallower_empty,543,109.59999999999592,76.73994630125688,42.0798355596906,31.027655962601305,-2.5973743312731608,-0.03667209110445435,0.3018119515479841,-0.16081935257811836,-0.03608957382464058,-0.9962170124053955,-0.5219065546989441,-0.1643432229757309,-0.9962170124053955,-0.5219065546989441,-0.1643432229757309,0.3022697925567627,-0.18266729414463043,-0.041085805743932724,-0.0319207194839786,0.19999999999998863,,none,-0.021891620327298966,0.0,-0.009999999999999431,-2.9099156680203466e-05
R03_shallower_empty,544,109.7999999999959,76.68782379224565,42.0494550870955,31.03009201424941,-2.630798639291143,-0.04411652620105502,0.3020001460433422,-0.17254031685869778,-0.038196014414825466,-0.9955612421035767,-0.5612112879753113,-0.1699531078338623,-0.9955612421035767,-0.5612112879753113,-0.1699531078338623,0.302663254737854,-0.19642395079135894,-0.042488276958465576,-0.03200337845379999,0.19999999999998863,,none,-0.021971843195785823,0.0,-0.009999999999999431,-3.153525801473211e-05
R03_shallower_empty,545,109.9999999999959,76.63466024939797,42.02088581807929,31.032991249767964,-2.6666386436452765,-0.05194505754003395,0.30225238426396445,-0.18492620084681144,-0.03995660315173882,-0.9947647452354431,-0.6004706621170044,-0.17417651414871216,-0.9947647452354431,-0.6004706621170044,-0.17417651414871216,0.3031411528587341,-0.21016473174095152,-0.04354412853717804,-0.032052201610391295,0.19999999999998863,,none,-0.022021006209868688,0.0,-0.009999999999999431,-3.119540052317404e-05
R03_shallower_empty,546,110.19999999999588,76.58044494607417,41.994293673042144,31.036376661172728,-2.7050022585150275,-0.060120574896171654,0.30257469218465166,-0.1977438777235196,-0.04166947129438286,-0.993816077709198,-0.6396064758300781,-0.18063902854919434,-0.993816077709198,-0.6396064758300781,-0.18063902854919434,0.3037103533744812,-0.22386226654052732,-0.045159757137298584,-0.03206141216307792,0.19999999999998863,,none,-0.022029926643529762,0.0,-0.009999999999999431,-3.148551954872403e-05
R03_shallower_empty,547,110.39999999999587,76.52517982680031,41.96985341775909,31.04027169623757,-2.7458884635583436,-0.06868737858183956,0.3029826501317167,-0.21018080010301182,-0.04383532487056061,-0.9926331639289856,-0.6729238033294678,-0.1929946094751358,-0.9926331639289856,-0.6729238033294678,-0.1929946094751358,0.30442010164260863,-0.2355233311653137,-0.04824865236878395,-0.03201898224221936,0.19999999999998863,,none,-0.021993700162685315,0.0,-0.009999999999999431,-2.5282079534609814e-05
R03_shallower_empty,548,110.59999999999586,76.46888733579719,41.9477401224563,31.044703907356013,-2.7890767500568594,-0.07768747168795863,0.303463506217944,-0.22089456676662447,-0.04600228230122487,-0.9914036393165588,-0.6935024261474609,-0.20167143642902374,-0.9914036393165588,-0.6935024261474609,-0.20167143642902374,0.3051578164100647,-0.2427258491516113,-0.050417859107255936,-0.031922684575632375,0.19999999999998863,,none,-0.021912679000156032,0.0,-0.009999999999999431,-1.0005575476910167e-05
R03_shallower_empty,549,110.79999999999585,76.411617400339,41.92811911576138,31.049702136363194,-2.8343352497829586,-0.08713828369113037,0.30399990388323905,-0.23093377401761134,-0.04833036946984627,-0.9901834726333618,-0.7182586193084717,-0.21229711174964905,-0.9901834726333618,-0.7182586193084717,-0.21229711174964905,0.3058899164199829,-0.2513905167579651,-0.05307427793741226,-0.031801786896498395,0.19999999999998863,,none,-0.021787241638847377,0.0,-0.009999999999999431,-1.4545257651588096e-05
R03_shallower_empty,550,110.99999999999584,76.35344279549913,41.911151795515714,31.05529812066557,-2.8816627454284625,-0.0971223954760858,0.30459056192812284,-0.24154166424401463,-0.05128784316699094,-0.9888803958892822,-0.7518777251243591,-0.22925697267055511,-0.9888803958892822,-0.7518777251243591,-0.22925697267055511,0.30667176246643063,-0.2631572037935257,-0.05731424316763878,-0.03164603585959324,0.19999999999998863,,none,-0.02161764427624746,0.0,-0.009999999999999431,-2.8391583346345505e-05
R03_shallower_empty,551,111.19999999999582,76.29444899093144,41.897000257995536,31.06152653351362,-2.9310109893249043,-0.10751455477051654,0.3052990818927285,-0.2512119257377823,-0.05253941837600393,-0.9870073795318604,-0.7740482091903687,-0.2203589379787445,-0.9870073795318604,-0.7740482091903687,-0.2203589379787445,0.3077955722808838,-0.270916873216629,-0.05508973449468613,-0.03141554948630621,0.19999999999998863,,none,-0.021404065214799317,0.0,-0.009999999999999431,-1.1484271507460342e-05
R03_shallower_empty,552,111.39999999999581,76.23474029538824,41.88581719750356,31.06840428633726,-2.982196691992378,-0.11789208804803711,0.30607897949947976,-0.25998395206634733,-0.05132727390052592,-0.9852883815765381,-0.7938816547393799,-0.1954292207956314,-0.9852883815765381,-0.7938816547393799,-0.1954292207956314,0.30882697105407714,-0.2778585791587829,-0.04885730519890785,-0.031151100191838067,0.19999999999998863,,none,-0.021130743965535714,0.0,-0.009999999999999431,-2.035622630292e-05
R03_shallower_empty,553,111.5999999999958,76.17447456839747,41.87775168745207,31.075917064228513,-3.035281814438096,-0.12783904244546665,0.30661871399986984,-0.2701044862886821,-0.048365499435939534,-0.9857991933822632,-0.8306484222412109,-0.16932134330272675,-0.9857991933822632,-0.8306484222412109,-0.16932134330272675,0.3085204839706421,-0.2907269477844238,-0.042330335825681686,-0.030801876638592223,0.19999999999998863,,none,-0.02076120309082441,0.0,-0.009999999999999431,-4.067354776838172e-05
R03_shallower_empty,554,111.79999999999579,76.11384960524316,41.87295596882222,31.084025957793923,-3.0904128730878453,-0.13709532876514718,0.30696451501328414,-0.28042801442642395,-0.04448949850191979,-0.9863617420196533,-0.8613260388374329,-0.1463657170534134,-0.9863617420196533,-0.8613260388374329,-0.1463657170534134,0.308182954788208,-0.3014641135931015,-0.03659142926335335,-0.03029375647669008,0.19999999999998863,,none,-0.020264388608740802,0.0,-0.009999999999999431,-2.9367867949847694e-05
R03_shallower_empty,555,111.99999999999578,76.05307023943091,41.87156991560166,31.09267879359231,-3.147540393275715,-0.14542550949841954,0.307182197773376,-0.29011693233315516,-0.03921020958638711,-0.9867513179779053,-0.8853139877319336,-0.11381072551012039,-0.9867513179779053,-0.8853139877319336,-0.11381072551012039,0.3079492092132568,-0.3098598957061767,-0.028452681377530098,-0.029664005144154723,0.19999999999998863,,none,-0.019631297125435765,0.0,-0.009999999999999431,-3.270801871952611e-05
R03_shallower_empty,556,112.19999999999577,75.99235019564459,41.87371146885592,31.101808084675984,-3.206482930084597,-0.15257386419679717,0.30729377596841906,-0.2986642250865454,-0.03275952631220193,-0.987188458442688,-0.9030883312225342,-0.07846026122570038,-0.987188458442688,-0.9030883312225342,-0.07846026122570038,0.3076869249343872,-0.31608091592788695,-0.019615065306425095,-0.02888579084998196,0.19999999999998863,,none,-0.018854475375913893,0.0,-0.009999999999999431,-3.131547406863722e-05
R03_shallower_empty,557,112.39999999999576,75.93191288352132,41.87947102369148,31.111333956996525,-3.267010542369584,-0.1583995940497434,0.3073303349889405,-0.3060548642403267,-0.026006731334116552,-0.9875680804252625,-0.9174704551696777,-0.04898664727807045,-0.9875680804252625,-0.9174704551696777,-0.04898664727807045,0.3074591517448425,-0.3211146593093872,-0.012246661819517612,-0.027952635350548285,0.19999999999998863,,none,-0.017931121680124562,0.0,-0.009999999999999431,-2.151367042429159e-05
R03_shallower_empty,558,112.59999999999575,75.87198176325055,41.88891256045693,31.12117325570106,-3.3289443729260215,-0.16283980063956724,0.30738672004002937,-0.31277680750519854,-0.0189287993065862,-0.9873576760292053,-0.9327828884124756,-0.018024811521172523,-0.9873576760292053,-0.9327828884124756,-0.018024811521172523,0.3075853943824768,-0.32647401094436646,-0.004506202880293131,-0.026891892883493165,0.19999999999998863,,none,-0.01686802988038849,0.0,-0.009999999999999431,-2.3863003105242878e-05
R03_shallower_empty,559,112.79999999999573,75.8127818926781,41.90207880685866,31.13124153698261,-3.3921564547690823,-0.16588025956818023,0.3074669364652422,-0.3188837312176058,-0.011998153721887441,-0.9870840311050415,-0.9466506242752075,0.008497277274727821,-0.9870840311050415,-0.9466506242752075,0.008497277274727821,0.3077495813369751,-0.3313277184963226,0.0021243193186819553,-0.025689429475322455,0.19999999999998863,,none,-0.015671513271851012,0.0,-0.009999999999999431,-1.7916203472012892e-05
R03_shallower_empty,560,112.99999999999572,75.75454527075856,41.918991370236895,31.14145575957354,-3.4564990729736507,-0.16754081856581018,0.30759299937960255,-0.32414584459522744,-0.005125434108099121,-0.9866046905517578,-0.9567667841911316,0.03551601618528366,-0.9866046905517578,-0.9567667841911316,0.03551601618528366,0.3080371856689453,-0.33486837446689605,0.008879004046320915,-0.024365806479419258,0.19999999999998863,,none,-0.014349154905197281,0.0,-0.009999999999999431,-1.665157422254711e-05
R03_shallower_empty,561,113.19999999999571,75.69751070577126,41.939647684133334,31.15173451247891,-3.5218013725682824,-0.16786890794171144,0.3077455948599261,-0.32854554528503854,0.0013560313748273683,-0.9861945509910583,-0.9643164277076721,0.05825286731123924,-0.9861945509910583,-0.9643164277076721,0.05825286731123924,0.308283269405365,-0.33751074969768524,0.01456321682780981,-0.022921274638596757,0.19999999999998863,,none,-0.012909792043981128,0.0,-0.009999999999999431,-1.1482594616199216e-05
R03_shallower_empty,562,113.3999999999957,75.64192322176768,41.96401859120163,31.161998882842422,-3.587876852886435,-0.16688016815487605,0.3079185965521809,-0.33195247697127445,0.008028464277696188,-0.9857863783836365,-0.9682706594467163,0.08649912476539612,-0.9857863783836365,-0.9682706594467163,0.08649912476539612,0.3085281729698181,-0.3388947308063507,0.02162478119134903,-0.021380177142612946,0.19999999999998863,,none,-0.011363904070339714,0.0,-0.009999999999999431,-1.627307227380054e-05
R03_shallower_empty,563,113.59999999999569,75.58803163854301,41.992045972043506,31.172168369707087,-3.654544785302889,-0.16457122454625342,0.30807243044548355,-0.33453239816627456,0.014568080039491154,-0.9856425523757935,-0.970827043056488,0.11157502979040146,-0.9856425523757935,-0.970827043056488,0.11157502979040146,0.3086144685745239,-0.3397894650697708,0.027893757447600365,-0.019732173843625134,0.19999999999998863,,none,-0.009719466707707625,0.0,-0.009999999999999431,-1.2707135918078594e-05
R03_shallower_empty,564,113.79999999999568,75.53609309519476,42.02363876069685,31.182161731436487,-3.721669451622946,-0.16099667419825414,0.30811460460897006,-0.3365613431617355,0.020714190241415128,-0.9862279891967773,-0.973416268825531,0.13295210897922516,-0.9862279891967773,-0.973416268825531,0.13295210897922516,0.30826320648193356,-0.34069569408893585,0.03323802724480629,-0.017994817854262095,0.19999999999998863,,none,-0.007985537327442671,0.0,-0.009999999999999431,-9.280526819993585e-06
R03_shallower_empty,565,113.99999999999567,75.48634681474964,42.0586885142584,31.19190480813554,-3.7891266756417554,-0.15625726899056072,0.3082730098602694,-0.33790930123488083,0.026261742066342814,-0.9852814078330994,-0.9733029007911682,0.15026362240314484,-0.9852814078330994,-0.9733029007911682,0.15026362240314484,0.3088311553001404,-0.34065601527690886,0.03756590560078621,-0.01618365888188265,0.19999999999998863,,none,-0.006177646934570902,0.0,-0.009999999999999431,-6.011947312316579e-06
R03_shallower_empty,566,114.19999999999565,75.43901039269343,42.09707393268174,31.201333164114406,-3.8567769536433225,-0.15048322959490484,0.30851456725977205,-0.3385455263997302,0.031113011057166073,-0.9843904972076416,-0.9709770083427429,0.1639934778213501,-0.9843904972076416,-0.9709770083427429,0.1639934778213501,0.30936570167541505,-0.33984195291996,0.040998369455337524,-0.014316800279217258,0.19999999999998863,,none,-0.004312906030673247,0.0,-0.009999999999999431,-3.894248544580315e-06
R03_shallower_empty,567,114.39999999999564,75.39427887341817,42.13866590017219,31.210395266976263,-3.924459243251819,-0.14392924355034367,0.3090576857442971,-0.33829616415318137,0.0341945903214983,-0.9817143678665161,-0.9651086926460266,0.1618955135345459,-0.9817143678665161,-0.9651086926460266,0.1618955135345459,0.31097137928009033,-0.33778804242610927,0.040473878383636475,-0.012410698546165406,0.19999999999998863,,none,-0.0024097785411356654,0.0,-0.009999999999999431,-9.200050303093122e-07
R03_shallower_empty,568,114.59999999999563,75.35231939663343,42.183337365655376,31.21906206197581,-3.992044257020626,-0.13693058774273453,0.30997939883273634,-0.3376059919145636,0.035680011359897845,-0.9779548645019531,-0.9605703949928284,0.1548273265361786,-0.9779548645019531,-0.9605703949928284,0.1548273265361786,0.3132270812988281,-0.3361996382474899,0.03870683163404465,-0.010494809605399969,0.19999999999998863,,none,-0.0004931158198289154,0.0,-0.009999999999999431,-1.6937855716214755e-06
R03_shallower_empty,569,114.79999999999562,75.31329099249251,42.23095521634215,31.227322748714993,-4.059468614928048,-0.129765512780827,0.31127108688698557,-0.3367054603515042,0.03595036190052221,-0.973629355430603,-0.9567727446556091,0.14600500464439392,-0.973629355430603,-0.9567727446556091,0.14600500464439392,0.31582238674163815,-0.3348704606294632,0.03650125116109848,-0.008585137929046879,0.19999999999998863,,none,0.0014170813817599992,0.0,-0.009999999999999431,-2.2193108074475277e-06
R03_shallower_empty,570,114.99999999999561,75.27735080477893,42.28137663398945,31.23517825237311,-4.1266710838290805,-0.12258417735082543,0.31291847769366843,-0.3354163863494883,0.035869115920546826,-0.9687948226928711,-0.9508275985717773,0.1428142488002777,-0.9687948226928711,-0.9508275985717773,0.1428142488002777,0.3187231063842773,-0.33278965950012207,0.03570356220006943,-0.006694681980178032,0.19999999999998863,,none,0.0033066959876535407,0.0,-0.009999999999999431,-1.3779678321412802e-06
R03_shallower_empty,571,115.1999999999956,75.24463636121428,42.33447432471841,31.24263719600561,-4.193591873065145,-0.11546887707994176,0.3151950524987531,-0.33390539001923497,0.03532490410978231,-0.9613056182861328,-0.9452184438705444,0.13686388731002808,-0.9613056182861328,-0.9452184438705444,0.13686388731002808,0.3232166290283203,-0.3308264553546905,0.03421597182750702,-0.004832052111555658,0.19999999999998863,,none,0.005170407040463232,0.0,-0.009999999999999431,-2.4591520194583437e-06
R03_shallower_empty,572,115.39999999999559,75.21526875034738,42.39014799516253,31.24971901442506,-4.260225653294928,-0.10867202068643549,0.3181902571560418,-0.33253564979396805,0.032831581876244194,-0.9520934224128723,-0.9421272873878479,0.11100390553474426,-0.9520934224128723,-0.9421272873878479,0.11100390553474426,0.3287439465522766,-0.32974455058574675,0.027750976383686066,-0.0030107936887474014,0.19999999999998863,,none,0.007004469480424547,0.0,-0.009999999999999431,-1.526316917251691e-05
R03_shallower_empty,573,115.59999999999557,75.18937319214844,42.448308315625425,31.256460090778187,-4.326589270673663,-0.10238206792850818,0.3219493504796392,-0.3312011085560881,0.030261642406007618,-0.941342294216156,-0.9385192394256592,0.10009966045618057,-0.941342294216156,-0.9385192394256592,0.10009966045618057,0.3351946234703064,-0.3284817337989807,0.025024915114045143,-0.0012069915355538015,0.19999999999998863,,none,0.008797958611012291,0.0,-0.009999999999999431,-4.9501465666612625e-06
R03_shallower_empty,574,115.79999999999556,75.16707449582144,42.508894795032944,31.26289657755495,-4.3926422327990755,-0.09634231710537684,0.3267334037045627,-0.329459758499217,0.030144681207456905,-0.9273497462272644,-0.9311755299568176,0.11962540447711945,-0.9273497462272644,-0.9311755299568176,0.11962540447711945,0.34359015226364137,-0.32591143548488616,0.02990635111927986,0.0005479103135706868,0.19999999999998863,,none,0.010560529836521226,0.0,-0.009999999999999431,-1.2619522951108353e-05
R03_shallower_empty,575,115.99999999999555,75.14847932221801,42.57194049118021,31.269038136528867,-4.458170202860972,-0.0897937095462023,0.3332422755037658,-0.3260750482147488,0.03497716908631549,-0.9063725471496582,-0.9119373559951782,0.17929702997207642,-0.9063725471496582,-0.9119373559951782,0.17929702997207642,0.35617647171020506,-0.3191780745983124,0.044824257493019104,0.0022563415281507517,0.19999999999998863,,none,0.012343758590304788,0.0,-0.009999999999999431,-8.741706215460443e-05
R03_shallower_empty,576,116.19999999999554,75.13367693844059,42.6376126189341,31.274838107103403,-4.522713161448757,-0.08172104769070807,0.3421404654550496,-0.31982556230405407,0.04499444589259993,-0.8775108456611633,-0.8774030804634094,0.2616260051727295,-0.8775108456611633,-0.8774030804634094,0.2616260051727295,0.373493492603302,-0.3070910781621933,0.06540650129318237,0.004063080200804379,0.19999999999998863,,none,0.014239153683941908,0.0,-0.009999999999999431,-0.00017607348313809724
R03_shallower_empty,577,116.39999999999553,75.12278430415914,42.70607974306244,31.28018303013341,-4.585962487218526,-0.07190225606704244,0.35280726818791786,-0.31316937330418904,0.05261882017147564,-0.8493465781211853,-0.8560175895690918,0.2726195752620697,-0.8493465781211853,-0.8560175895690918,0.2726195752620697,0.3903920531272888,-0.2996061563491821,0.06815489381551743,0.006282986353444838,0.19999999999998863,,none,0.01631041482884754,0.0,-0.009999999999999431,-2.7428475403272757e-05
R03_shallower_empty,578,116.59999999999552,75.11596797611529,42.777488882862336,31.284952698029176,-4.64788088372291,-0.06068415497749762,0.3656216079510419,-0.30651605340562194,0.05907554635427868,-0.8153778314590454,-0.8370248079299927,0.288929283618927,-0.8153778314590454,-0.8370248079299927,0.288929283618927,0.4107733011245727,-0.2929586827754974,0.07223232090473175,0.008528249908655337,0.19999999999998863,,none,0.018563862070472226,0.0,-0.009999999999999431,-3.561216181745763e-05
R03_shallower_empty,579,116.7999999999955,75.11343217588228,42.85224420928211,31.289039603272222,-4.708349704062591,-0.04838962277434517,0.3827808445496448,-0.29875695438656996,0.06353375951774459,-0.7612634897232056,-0.8084181547164917,0.29047277569770813,-0.7612634897232056,-0.8084181547164917,0.29047277569770813,0.4432419061660766,-0.2829463541507721,0.07261819392442703,0.011004703550481007,0.19999999999998863,,none,0.021079685249628,0.0,-0.009999999999999431,-7.498169914756048e-05
R03_shallower_empty,580,116.9999999999955,75.11546308969959,42.93085132714029,31.29232976163624,-4.767333731854394,-0.03515793131530173,0.40338323238548907,-0.2916211501133116,0.06841523739181773,-0.7067061066627502,-0.7916589379310608,0.31344860792160034,-0.7067061066627502,-0.7916589379310608,0.31344860792160034,0.47597633600234984,-0.27708062827587127,0.07836215198040009,0.013833299356799937,0.19999999999998863,,none,0.023909004722000304,0.0,-0.009999999999999431,-7.57053652009354e-05
R03_shallower_empty,581,117.19999999999548,75.12241342629841,43.01326749638327,31.29465039781772,-4.825068949676226,-0.020810378643004446,0.423210651283958,-0.2861438527829423,0.07459455340533168,-0.6782114505767822,-0.7856652736663818,0.3487442135810852,-0.6782114505767822,-0.7856652736663818,0.3487442135810852,0.4930731296539307,-0.2749828457832336,0.0871860533952713,0.016887520017264707,0.19999999999998863,,none,0.02692939300157704,0.0,-0.009999999999999431,-4.1872984312902875e-05
R03_shallower_empty,582,117.39999999999547,75.13456956846436,43.09869069896857,31.295785690285886,-4.8819819143962455,-0.005424797685202698,0.4390727717486953,-0.2832071352359844,0.07893417804692575,-0.6750609874725342,-0.7920657992362976,0.3511078655719757,-0.6750609874725342,-0.7920657992362976,0.3511078655719757,0.4949634075164795,-0.27722302973270413,0.08777696639299393,0.019912076529662297,0.19999999999998863,,none,0.029913206109583257,0.0,-0.009999999999999431,-1.1295799215282899e-06
R03_shallower_empty,583,117.59999999999546,75.15210522093226,43.186117841667034,31.295555226981982,-4.938333361917201,0.010605436795077016,0.45211981275692587,-0.2805105797440913,0.08119757426161352,-0.6698476076126099,-0.7857595682144165,0.3432386517524719,-0.6698476076126099,-0.7857595682144165,0.3432386517524719,0.49809143543243406,-0.27501584887504577,0.08580966293811798,0.02274228391823888,0.19999999999998863,,none,0.032744861366346356,0.0,-0.009999999999999431,-2.5774481080453884e-06
R03_shallower_empty,584,117.79999999999545,75.17504587592211,43.27452213665869,31.29383749589371,-4.993875123351041,0.027007398259042,0.4610636368995433,-0.27529977378009907,0.08270818540179117,-0.6790375709533691,-0.7562336921691895,0.34314534068107605,-0.6790375709533691,-0.7562336921691895,0.34314534068107605,0.49257745742797854,-0.2646817922592163,0.08578633517026901,0.025320705997751373,0.19999999999998863,,none,0.035339830827538776,0.0,-0.009999999999999431,-1.912482978797314e-05
R03_shallower_empty,585,117.99999999999544,75.20310935429471,43.36251702443885,31.29057160844532,-5.0479862754598175,0.04372439585169363,0.4631468251372961,-0.26647674057389725,0.08433888450188068,-0.7158550024032593,-0.7099947929382324,0.3506469428539276,-0.7158550024032593,-0.7099947929382324,0.3506469428539276,0.47048699855804443,-0.24849817752838133,0.0876617357134819,0.027398799205304983,0.19999999999998863,,none,0.03746979586722077,0.0,-0.009999999999999431,-7.099666191635378e-05
R03_shallower_empty,586,118.19999999999543,75.23574041094325,43.44873828391493,31.285757629397384,-5.099995431069046,0.060639770630682883,0.46024747743784616,-0.2545162773321245,0.08478150306409565,-0.7499474287033081,-0.6575560569763184,0.3427336812019348,-0.7499474287033081,-0.6575560569763184,0.3427336812019348,0.45003154277801516,-0.2301446199417114,0.0856834203004837,0.02896179767909301,0.19999999999998863,,none,0.03904129236449805,0.0,-0.009999999999999431,-7.949468540561e-05
R03_shallower_empty,587,118.39999999999542,75.27238403425972,43.53246219352432,31.279455075836626,-5.149469402933932,0.07679490087396612,0.4561305553819812,-0.24122519228498418,0.07733132067391896,-0.7639592289924622,-0.611834704875946,0.2486007809638977,-0.7639592289924622,-0.611834704875946,0.2486007809638977,0.4416244626045227,-0.2141421467065811,0.062150195240974426,0.02999331600754232,0.19999999999998863,,none,0.04021627151739082,0.0,-0.009999999999999431,-0.00022295550984907208
R03_shallower_empty,588,118.5999999999954,75.3127885973675,43.61384903469835,31.271802038844342,-5.196507418812326,0.09069678146531722,0.45583020242464556,-0.23000093998910373,0.06278392455202306,-0.7420468330383301,-0.5917984247207642,0.13256365060806274,-0.7420468330383301,-0.5917984247207642,0.13256365060806274,0.454771900177002,-0.20712944865226746,0.033140912652015686,0.03098351401085466,0.19999999999998863,,none,0.04127043843565659,0.0,-0.009999999999999431,-0.0002869244248024927
R03_shallower_empty,589,118.79999999999539,75.35700540400217,43.693501339526954,31.262983440580193,-5.241355899110481,0.10174164247061829,0.4593596846936922,-0.21929106759622508,0.04872435709745694,-0.71367347240448,-0.5641934871673584,0.08030154556035995,-0.71367347240448,-0.5641934871673584,0.08030154556035995,0.471795916557312,-0.19746772050857542,0.02007538639008999,0.032271837683597836,0.19999999999998863,,none,0.04235780583949733,0.0,-0.009999999999999431,-8.596815590006135e-05
R03_shallower_empty,590,118.99999999999538,75.40491198665293,43.77155388260362,31.253217950910415,-5.283909618554923,0.11027052324547049,0.4616118543461672,-0.20716041579764136,0.037416709645943805,-0.7174209356307983,-0.5212627649307251,0.05750114098191261,-0.7174209356307983,-0.5212627649307251,0.05750114098191261,0.469547438621521,-0.18244196772575377,0.014375285245478153,0.03320885747556968,0.19999999999998863,,none,0.04325639645239576,0.0,-0.009999999999999431,-4.753897682664904e-05
R03_shallower_empty,591,119.19999999999537,75.45622641843315,43.847915536219,31.24271764205176,-5.323580400176263,0.11657849407498486,0.46430642329275473,-0.1907818548790657,0.026486788368663746,-0.7103319764137268,-0.44973573088645935,0.016860203817486763,-0.7103319764137268,-0.44973573088645935,0.016860203817486763,0.4738008141517639,-0.15740750581026075,0.004215050954371691,0.03372938499585719,0.19999999999998863,,none,0.04386574611016769,0.0,-0.009999999999999431,-0.0001363611143110733
R03_shallower_empty,592,119.39999999999536,75.51096333790247,43.9230623318564,31.231619080414955,-5.359338121692901,0.12058072448073415,0.4716809534836979,-0.1684765167881114,0.0144432396655865,-0.6705577969551086,-0.3515007495880127,-0.04039087891578674,-0.6705577969551086,-0.3515007495880127,-0.04039087891578674,0.4976653218269348,-0.12302526235580444,-0.010097719728946686,0.03419709805033254,0.19999999999998863,,none,0.044487293717860865,0.0,-0.009999999999999431,-0.0002901956675288931
R03_shallower_empty,593,119.59999999999535,75.56944922715104,43.997977768332355,31.219992025583863,-5.389932439581021,0.12253880243282748,0.4852189630403583,-0.13964006924143135,0.00578975427836758,-0.6117991209030151,-0.23108705878257751,-0.047373294830322266,-0.6117991209030151,-0.23108705878257751,-0.047373294830322266,0.532920527458191,-0.08088047057390213,-0.011843323707580566,0.03502937506531854,0.19999999999998863,,none,0.04538939092685368,0.0,-0.009999999999999431,-0.0003600158615357074
R03_shallower_empty,594,119.79999999999534,75.63159351075066,44.073206520050704,31.207936194752055,-5.41441904024504,0.12310332429550089,0.49741920550538005,-0.10763794225612236,0.00027138465115482033,-0.5993214845657349,-0.12122195959091187,-0.04389325901865959,-0.5993214845657349,-0.12122195959091187,-0.04389325901865959,0.5404071092605591,-0.04242768585681915,-0.010973314754664898,0.036066943942510504,0.19999999999998863,,none,0.04631170678407415,0.0,-0.009999999999999431,-0.00024476284156420806
R03_shallower_empty,595,119.99999999999532,75.6970432224144,44.14914839071869,31.195514366637976,-5.431314617665619,0.12359646235445221,0.5121053510594367,-0.06456429859202772,0.004352408584702882,-0.5602459907531738,0.06630349159240723,0.050673000514507294,-0.5602459907531738,0.06630349159240723,0.050673000514507294,0.5638524055480957,0.02320622205734253,0.012668250128626823,0.03627138747434905,0.19999999999998863,,none,0.047184096804354425,0.0,-0.009999999999999431,-0.0009127093300059433
R03_shallower_empty,596,120.19999999999531,75.76667327627976,44.22800115179073,31.18234284944978,-5.437915919803345,0.1260591580064985,0.5464498966566806,-0.005872343759247875,0.01915860296204873,-0.3875601887702942,0.32492393255233765,0.19731585681438446,-0.3875601887702942,0.32492393255233765,0.19731585681438446,0.6674638867378235,0.11372337639331817,0.049328964203596115,0.03681810642393542,0.19999999999998863,,none,0.04918228734378616,0.0,-0.009999999999999431,-0.002364180919851312
R03_shallower_empty,597,120.3999999999953,75.84390217432926,44.31527784844275,31.16731216737594,-5.433927505518952,0.13064102966590935,0.6249106326667897,0.04213794436641489,0.026134350545650924,0.002282138681039214,0.3999079763889313,0.1613949090242386,0.002282138681039214,0.3999079763889313,0.1613949090242386,0.9013692832086235,0.13996779173612595,0.04034872725605965,0.04121195453474588,0.19999999999998863,,none,0.05438975376660338,0.0,-0.009999999999999431,-0.003177799231858065
R03_shallower_empty,598,120.59999999999529,75.93017394006239,44.41430040137164,31.149763160496494,-5.423816717621176,0.13447743461313366,0.696716419460172,0.057790220346987796,0.013204242971420374,0.08287694305181503,0.2562417984008789,-0.05257297679781914,0.08287694305181503,0.2562417984008789,-0.05257297679781914,0.9497261658310889,0.08968462944030761,-0.013143244199454784,0.049802035667004266,0.19999999999998863,,none,0.06126039065405209,0.0,-0.009999999999999431,-0.00145835498704839
R03_shallower_empty,599,120.79999999999528,76.02200612441153,44.52203141743477,31.130436725098228,-5.413145961154877,0.13674700223147693,0.7304314045124967,0.049539223147155614,0.009751655239844358,-0.08462146669626236,0.0935036838054657,0.010865475051105022,-0.08462146669626236,0.0935036838054657,0.010865475051105022,0.8492271199822425,0.032726289331912996,0.0027163687627762556,0.05452752287874563,0.19999999999998863,,none,0.06569879984640892,0.0,-0.009999999999999431,-0.0011712769676638587
R03_shallower_empty,600,120.99999999999527,76.11390122743161,44.631899720214385,31.110521226512393,-5.405508024849116,0.14004981044743967,0.7163465973004306,0.028431064803603624,0.022328507758667324,-0.388802707195282,-0.04165918380022049,0.19182468950748444,-0.388802707195282,-0.04165918380022049,0.19182468950748444,0.6667183756828308,-0.01458071433007717,0.04795617237687111,0.053168164022221034,0.19999999999998863,,none,0.06603899332517216,0.0,-0.009999999999999431,-0.002870829302951692
R03_shallower_empty,601,121.19999999999526,76.20157626030888,44.73795050264504,31.09068586353517,-5.401460232234291,0.14733908783806565,0.6757860614303064,0.013195191295492155,0.04858528882813097,-0.6118835806846619,-0.05100205913186073,0.40835335850715637,-0.6118835806846619,-0.05100205913186073,0.40835335850715637,0.5328698515892029,-0.017850720696151255,0.10208833962678909,0.05141693295933529,0.19999999999998863,,none,0.06335167355803506,0.0,-0.009999999999999431,-0.0019347405987003355
R03_shallower_empty,602,121.39999999999525,76.28398447950586,44.838272777062095,31.070692277032425,-5.398545098598857,0.15906208525736185,0.6395265024437159,0.01576263635961428,0.06723876985013429,-0.6470584869384766,0.05998365953564644,0.42099475860595703,-0.6470584869384766,0.05998365953564644,0.42099475860595703,0.5117649078369141,0.020994280837476252,0.10524868965148926,0.050022597091602734,0.19999999999998863,,none,0.060296895267093475,0.0,-0.009999999999999431,-0.0002742981754913132
R03_shallower_empty,603,121.59999999999523,76.36236530216003,44.934368700559055,31.049944993921272,-5.394223758653778,0.1725695234222409,0.6187756227160041,0.026631570017259888,0.06779378056242177,-0.5905678272247314,0.1393686681985855,0.27569887042045593,-0.5905678272247314,0.1393686681985855,0.27569887042045593,0.5456593036651611,0.048779033869504926,0.06892471760511398,0.04792348887063198,0.19999999999998863,,none,0.058535570257809866,0.0,-0.009999999999999431,-0.0006120813871784539
R03_shallower_empty,604,121.79999999999522,76.43837653036755,45.02857500609021,31.028088233422718,-5.388069903889621,0.18397184330424007,0.6116200078371299,0.034326973937565404,0.04774081325260181,-0.5226550102233887,0.14287938177585602,0.027516724541783333,-0.5226550102233887,0.14287938177585602,0.027516724541783333,0.5864069938659668,0.050007783621549604,0.006879181135445833,0.046755921767626316,0.19999999999998863,,none,0.058080298834742194,0.0,-0.009999999999999431,-0.0013243770671164446
R03_shallower_empty,605,121.99999999999521,76.5127601980616,45.12194394647398,31.005441218841806,-5.382587860166146,0.1896488242606841,0.603805198834289,0.021463021239582658,0.011742215721980757,-0.5395508408546448,-0.013570466078817844,-0.24644635617733002,-0.5395508408546448,-0.013570466078817844,-0.24644635617733002,0.5762694954872132,-0.004749663127586245,-0.061611589044332504,0.04575797106050553,0.19999999999998863,,none,0.057754326932176525,0.0,-0.009999999999999431,-0.001996355871671562
R03_shallower_empty,606,122.1999999999952,76.58508769428097,45.213393896787146,30.983015371854197,-5.381716027920736,0.18952146163304184,0.5844263969090427,-0.010347160842715065,-0.011280608468363814,-0.6397589445114136,-0.21476083993911743,-0.2327754944562912,-0.6397589445114136,-0.21476083993911743,-0.2327754944562912,0.5161446332931519,-0.0751662939786911,-0.0581938736140728,0.04513847531418272,0.19999999999998863,,none,0.05615259777483672,0.0,-0.009999999999999431,-0.0010141224606545721
R03_shallower_empty,607,122.39999999999519,76.65507153380632,45.30147772918184,30.961567961849717,-5.386991474364618,0.18720550107463177,0.5619072696197566,-0.04016028424943219,-0.011837057475049262,-0.6957325339317322,-0.2883144021034241,-0.05188370123505592,-0.6957325339317322,-0.2883144021034241,-0.05188370123505592,0.4825604796409607,-0.10091004073619841,-0.01297092530876398,0.04264573764086848,0.19999999999998863,,none,0.05347103784235685,0.0,-0.009999999999999431,-0.0008253002014889413
R03_shallower_empty,608,122.59999999999518,76.7228090123607,45.38536504589113,30.94126739338624,-5.397192886238405,0.18505575491870146,0.5364532677694173,-0.06033338501758268,-0.009812960556560245,-0.7553910613059998,-0.28982803225517273,-0.02275395393371582,-0.7553910613059998,-0.28982803225517273,-0.02275395393371582,0.44676536321640015,-0.10143981128931046,-0.005688488483428955,0.04041354025823113,0.19999999999998863,,none,0.05050173972108141,0.0,-0.009999999999999431,-8.819946285084896e-05
R03_shallower_empty,609,122.79999999999517,76.78866471558466,45.46500454307483,30.92202157350407,-5.409702677893217,0.18323162053516734,0.5157106460946834,-0.06445396298382167,-0.008525425015433661,-0.7622942924499512,-0.20814400911331177,-0.02360733225941658,-0.7622942924499512,-0.20814400911331177,-0.02360733225941658,0.4426234245300293,-0.07285040318965912,-0.005901833064854145,0.03759139254985112,0.19999999999998863,,none,0.04772580579967922,0.0,-0.009999999999999431,-0.00013441324982867348
R03_shallower_empty,610,122.99999999999515,76.85339657982104,45.541348080493385,30.903559586442835,-5.421172300530072,0.18157437297155643,0.5027170699314482,-0.05123832769403433,-0.008080578747116738,-0.7384436130523682,-0.06945435702800751,-0.028696488589048386,-0.7384436130523682,-0.06945435702800751,-0.028696488589048386,0.4569338321685791,-0.024309024959802625,-0.007174122147262096,0.03520388046977689,0.19999999999998863,,none,0.04560047195008465,0.0,-0.009999999999999431,-0.00039659148030832925
R03_shallower_empty,611,123.19999999999514,76.91765071352722,45.615650277223914,30.885603783816673,-5.428665754999434,0.18004019605705587,0.4961826677476047,-0.025626578197735807,-0.007318619383383349,-0.7114024758338928,0.07589171826839447,-0.023063944652676582,-0.7114024758338928,0.07589171826839447,-0.023063944652676582,0.4731585144996643,0.026562101393938064,-0.005765986163169146,0.03372312826906416,0.19999999999998863,,none,0.04416089687421021,0.0,-0.009999999999999431,-0.00043776860514661847
R03_shallower_empty,612,123.39999999999513,76.98281153124367,45.69031451914072,30.867639504764448,-5.429770727273682,0.17864661475550717,0.5102975697591124,0.01175909216844023,-0.006666354898960701,-0.5666136145591736,0.25125518441200256,-0.02134898118674755,-0.5666136145591736,0.25125518441200256,-0.02134898118674755,0.5600318312644958,0.0879393145442009,-0.005337245296686888,0.03294449396908532,0.19999999999998863,,none,0.043978875983221144,0.0,-0.009999999999999431,-0.0010343820141363949
R03_shallower_empty,613,123.59999999999512,77.05302666508007,45.77116407176909,30.848390956012203,-5.4242276999279575,0.17697206727121279,0.5746692811786697,0.04143453867003803,-0.009839927338361441,-0.16419191658496857,0.29115357995033264,-0.06522667407989502,-0.16419191658496857,0.29115357995033264,-0.06522667407989502,0.8014848500490188,0.10190375298261642,-0.016306668519973755,0.03359064534176757,0.19999999999998863,,none,0.046899852479779014,0.0,-0.009999999999999431,-0.0033092071380120135
R03_shallower_empty,614,123.79999999999511,77.1308453588511,45.86211891318363,30.827166472693424,-5.41622387093105,0.17354732789723007,0.6380416558456861,0.038802154470159035,-0.02338646214830694,-0.06443994492292404,0.09553766995668411,-0.2039601355791092,-0.06443994492292404,0.09553766995668411,-0.2039601355791092,0.8613360330462456,0.033438184484839435,-0.0509900338947773,0.04023350705207496,0.19999999999998863,,none,0.05158276732072764,0.0,-0.009999999999999431,-0.0013492602686532495
R03_shallower_empty,615,123.9999999999951,77.21220302222464,45.95851165382343,30.80534832122308,-5.411731383734269,0.16908535464259572,0.6418834861945282,0.008413141706939535,-0.021384182499618678,-0.40763285756111145,-0.15288598835468292,-0.06921666860580444,-0.40763285756111145,-0.15288598835468292,-0.06921666860580444,0.6554202854633331,-0.05351009592413902,-0.01730416715145111,0.03922005820728532,0.19999999999998863,,none,0.05317308803100218,0.0,-0.009999999999999431,-0.003953029823717429
R03_shallower_empty,616,124.19999999999509,77.29099487790981,46.052171626076394,30.784606982458804,-5.412818066554155,0.1676239677274291,0.6014134773813097,-0.017339025411522747,0.004797031527228663,-0.7353062629699707,-0.19946809113025665,0.2325844019651413,-0.7353062629699707,-0.19946809113025665,0.2325844019651413,0.45881624221801753,-0.06981383189558982,0.058146100491285324,0.036502812767055325,0.19999999999998863,,none,0.05051528554923479,0.0,-0.009999999999999431,-0.004012472782180035
R03_shallower_empty,617,124.39999999999507,77.36491457946093,46.139598469483516,30.76505212646222,-5.415451070742691,0.1719368867839093,0.561909848022901,-0.009576108615615309,0.0359817615085218,-0.7954705357551575,0.017835060134530067,0.3981056809425354,-0.7954705357551575,0.017835060134530067,0.3981056809425354,0.4227176785469055,0.006242271047085524,0.09952642023563385,0.03522741929657034,0.19999999999998863,,none,0.046792173157843564,0.0,-0.009999999999999431,-0.0015647538612737894
R03_shallower_empty,618,124.59999999999506,77.43541496610233,46.22278943122203,30.7456549781765,-5.414258555524937,0.1807443524850773,0.5464013948791109,0.019323121698694875,0.05096370434324628,-0.6804051399230957,0.22345900535583496,0.32596874237060547,-0.6804051399230957,0.22345900535583496,0.32596874237060547,0.4917569160461426,0.07821065187454224,0.08149218559265137,0.033555609154192284,0.19999999999998863,,none,0.04477010895564959,0.0,-0.009999999999999431,-0.001214499801457873
R03_shallower_empty,619,124.79999999999505,77.50645130495973,46.307341861847064,30.724902586585657,-5.406814363164581,0.19054358762703683,0.5758704374370716,0.05260996760027166,0.047304445904725136,-0.36715757846832275,0.34410879015922546,0.1593921184539795,-0.36715757846832275,0.34410879015922546,0.1593921184539795,0.6797054529190063,0.1204380765557289,0.03984802961349487,0.03307747383292364,0.19999999999998863,,none,0.04588603737224162,0.0,-0.009999999999999431,-0.0028085635393185447
R03_shallower_empty,620,124.99999999999504,77.58171636224624,46.39875798945049,30.7015924229635,-5.395411511269387,0.19707838111761738,0.6285195414692282,0.06080117861386494,0.020094320052275728,-0.14328305423259735,0.22140653431415558,-0.141405388712883,-0.14328305423259735,0.22140653431415558,-0.141405388712883,0.8140301674604415,0.07749228700995445,-0.03535134717822075,0.036538251665628664,0.19999999999998863,,none,0.0496513473958089,0.0,-0.009999999999999431,-0.0031130957301808014
R03_shallower_empty,621,125.19999999999503,77.65935378741595,46.4950716443441,30.67678773985568,-5.3878842359727575,0.19739034446571863,0.6329846540396302,0.017718706403574563,-0.014376607838880702,-0.41880398988723755,-0.2001994401216507,-0.3384700119495392,-0.41880398988723755,-0.2001994401216507,-0.3384700119495392,0.6487176060676574,-0.07006980404257773,-0.0846175029873848,0.03581457220275287,0.19999999999998863,,none,0.05166452919065989,0.0,-0.009999999999999431,-0.005849956987907587
R03_shallower_empty,622,125.39999999999502,77.7340648923995,46.58828722973837,30.653050397073407,-5.390309033289392,0.19507780304038394,0.58713713240089,-0.03778347246359922,-0.009143245665005973,-0.7906798720359802,-0.4310840964317322,0.006082793232053518,-0.7906798720359802,-0.4310840964317322,0.006082793232053518,0.4255920767784118,-0.15087943375110624,0.0015206983080133796,0.032821540598857654,0.19999999999998863,,none,0.04902786123489378,0.0,-0.009999999999999431,-0.006206320636036692
R03_shallower_empty,623,125.599999999995,77.803737597203,46.67398173384885,30.631269010013717,-5.400974526039225,0.19495223199348724,0.5407615141017028,-0.0666925720889031,0.006693888169014184,-0.871073842048645,-0.35885775089263916,0.15585991740226746,-0.871073842048645,-0.35885775089263916,0.15585991740226746,0.377355694770813,-0.1256002128124237,0.038964979350566864,0.033888492332297654,0.19999999999998863,,none,0.044570752778877676,0.0,-0.009999999999999431,-0.0006822604465805879
R03_shallower_empty,624,125.799999999995,77.869199439931,46.75247502141326,30.61098569179349,-5.414127686258016,0.19720293541880984,0.5030315908480485,-0.06496894045976331,0.015173998931303116,-0.8831847906112671,-0.1755906343460083,0.12981517612934113,-0.8831847906112671,-0.1755906343460083,0.12981517612934113,0.3700891256332397,-0.0614567220211029,0.03245379403233528,0.03015350357916794,0.19999999999998863,,none,0.040841740371774904,0.0,-0.009999999999999431,-0.0006882367926075306
R03_shallower_empty,625,125.99999999999498,77.93167774588532,46.825565530183255,30.591613322030472,-5.424295073068714,0.20054804478684163,0.47897420098185867,-0.03868588525219756,0.0180596061248813,-0.8429878354072571,0.042487725615501404,0.09575825929641724,-0.8429878354072571,0.042487725615501404,0.09575825929641724,0.39420729875564575,0.01487070396542549,0.02393956482410431,0.027229809515508015,0.19999999999998863,,none,0.03823648631301424,0.0,-0.009999999999999431,-0.0010066767975067936
R03_shallower_empty,626,126.19999999999497,77.9927495616674,46.89598842971577,30.572500793038195,-5.427822903591542,0.20379663815052063,0.4728624645476072,0.00045734890451534956,0.0146809753903651,-0.747787356376648,0.2291969507932663,0.031185559928417206,-0.747787356376648,0.2291969507932663,0.031185559928417206,0.45132758617401125,0.08021893277764319,0.0077963899821043015,0.026002781555936175,0.19999999999998863,,none,0.03696464354549178,0.0,-0.009999999999999431,-0.0009618619895561775
R03_shallower_empty,627,126.39999999999496,78.05571164944207,46.968634457231005,30.55253724520706,-5.423857331082716,0.20513887913721757,0.5073607068468164,0.03648310949027307,-0.00014140091543766997,-0.4518062472343445,0.3139778971672058,-0.12137894332408905,-0.4518062472343445,0.3139778971672058,-0.12137894332408905,0.6289162516593934,0.10989226400852202,-0.030344735831022263,0.02558317349355923,0.19999999999998863,,none,0.03794454456335572,0.0,-0.009999999999999431,-0.0023613710697970593
R03_shallower_empty,628,126.59999999999495,78.12443433587525,47.04895254714974,30.530648855473416,-5.416560339598278,0.20228793306088566,0.569217228647954,0.036486546319772585,-0.02638972028773722,-0.18804924190044403,0.10426728427410126,-0.3195021152496338,-0.18804924190044403,0.10426728427410126,-0.3195021152496338,0.7871704548597336,0.03649354949593544,-0.07987552881240845,0.028120978334916863,0.19999999999998863,,none,0.04117696014044725,0.0,-0.009999999999999431,-0.003055981805530954
R03_shallower_empty,629,126.79999999999494,78.19696333882486,47.13470298306875,30.507990828340038,-5.414002654527319,0.19525655452729943,0.5761876285689981,-0.007587805455330625,-0.042695124422041764,-0.49875327944755554,-0.2782784402370453,-0.3036816120147705,-0.49875327944755554,-0.2782784402370453,-0.3036816120147705,0.6007480323314667,-0.09739745408296585,-0.07592040300369263,0.027735409620223618,0.19999999999998863,,none,0.042597979992471835,0.0,-0.009999999999999431,-0.004862570372248785
R03_shallower_empty,630,126.99999999999493,78.26786979079942,47.21824020342195,30.486717773662917,-5.419996042175167,0.18900386263256225,0.5416289241142083,-0.049209070373220566,-0.021434231077227594,-0.8002327680587769,-0.38291457295417786,0.08755509555339813,-0.8002327680587769,-0.38291457295417786,0.08755509555339813,0.41986033916473386,-0.13402010053396224,0.021888773888349533,0.025056125735687912,0.19999999999998863,,none,0.04015422100912858,0.0,-0.009999999999999431,-0.005098095273441232
R03_shallower_empty,631,127.19999999999492,78.33507498235339,47.295967787302764,30.467187458432903,-5.431239276131058,0.1876802908935778,0.5059768143820741,-0.062241047237971726,0.006121624907035573,-0.8660740256309509,-0.25370317697525024,0.2490871250629425,-0.8660740256309509,-0.25370317697525024,0.2490871250629425,0.38035558462142943,-0.08879611194133757,0.062271781265735626,0.025749186110612478,0.19999999999998863,,none,0.036691651162751526,0.0,-0.009999999999999431,-0.0009424650521396183
R03_shallower_empty,632,127.3999999999949,78.39898185210004,47.36814403124334,30.44875276925703,-5.442717150760332,0.19095690766693701,0.4768926844100121,-0.053217783708879,0.02520614019778812,-0.8759768009185791,-0.09951775521039963,0.2563774883747101,-0.8759768009185791,-0.09951775521039963,0.2563774883747101,0.3744139194488525,-0.034831214323639864,0.06409437209367752,0.023557111676943555,0.19999999999998863,,none,0.03403559884975138,0.0,-0.009999999999999431,-0.00047848717280839394
R03_shallower_empty,633,127.59999999999489,78.46063313318533,47.43639136589372,30.43070384863839,-5.45038655258777,0.19698969409645756,0.4611020220598126,-0.02556074918661953,0.0344267643454495,-0.824228048324585,0.08798736333847046,0.21286197006702423,-0.824228048324585,0.08798736333847046,0.21286197006702423,0.405463171005249,0.03079557716846466,0.05321549251675606,0.0216814180585375,0.19999999999998863,,none,0.032476012122749864,0.0,-0.009999999999999431,-0.0007945940642129357
R03_shallower_empty,634,127.79999999999488,78.52194587338752,47.50363222197218,30.412227144557484,-5.451687091939571,0.20351622895673352,0.46716032679066316,0.009883888305282622,0.031090071287151976,-0.6858217716217041,0.234596848487854,0.09716376662254333,-0.6858217716217041,0.234596848487854,0.09716376662254333,0.48850693702697756,0.0821088969707489,0.024290941655635834,0.0212415450970451,0.19999999999998863,,none,0.032322279353980576,0.0,-0.009999999999999431,-0.0010807342569360446
R03_shallower_empty,635,127.99999999999487,78.58614276876924,47.57434877953677,30.392260201288245,-5.446127408703338,0.2079953945373571,0.5067232807496358,0.04320177053963346,0.014920302304516575,-0.42312586307525635,0.3174089193344116,-0.07211437821388245,-0.42312586307525635,0.3174089193344116,-0.07211437821388245,0.6461244821548462,0.11109312176704406,-0.01802859455347061,0.021970590151056655,0.19999999999998863,,none,0.034061031546340104,0.0,-0.009999999999999431,-0.0020904413952840175
R03_shallower_empty,636,128.1999999999949,78.6559541654274,47.65247063095533,30.370092856645254,-5.4372794759746395,0.20796044261801647,0.5615877256950628,0.045132069816602026,-0.013153867343130288,-0.2418263852596283,0.14018689095973969,-0.28144073486328125,-0.2418263852596283,0.14018689095973969,-0.28144073486328125,0.7549041688442231,0.04906541183590889,-0.07036018371582031,0.024970636044611,0.20000000000003126,,none,0.03713252947632384,0.0,-0.010000000000001563,-0.002161893431711275
R03_shallower_empty,637,128.39999999999495,78.72909559670575,47.735569893238065,30.346963458168695,-5.432496614643449,0.20326262000258283,0.5689998141092893,0.00567074886186919,-0.032375613102520254,-0.5081391334533691,-0.2135399878025055,-0.28617390990257263,-0.5081391334533691,-0.2135399878025055,-0.28617390990257263,0.5951165199279784,-0.07473899573087692,-0.07154347747564316,0.024456863302723335,0.20000000000004547,,none,0.03837821505383232,0.0,-0.010000000000002274,-0.00392135175110671
R03_shallower_empty,638,128.599999999995,78.80032515412213,47.81665479660233,30.32500421263031,-5.435233988142253,0.19886828248816646,0.5340375256584896,-0.030331025036480608,-0.013026134958319563,-0.8152551651000977,-0.29626086354255676,0.1056080311536789,-0.8152551651000977,-0.29626086354255676,0.1056080311536789,0.41084690093994136,-0.10369130223989487,0.026402007788419724,0.02115193534053041,0.20000000000004547,,none,0.036245057130841474,0.0,-0.010000000000002274,-0.00509312179030879
R03_shallower_empty,639,128.79999999999504,78.86741000266876,47.89218736294451,30.304680965372853,-5.442517973482997,0.1992240084932451,0.4981196960786811,-0.04165531502565424,0.014508133298818969,-0.8807296752929688,-0.18494471907615662,0.2824572026729584,-0.8807296752929688,-0.18494471907615662,0.2824572026729584,0.3715621948242187,-0.06473065167665482,0.0706143006682396,0.02219069116709096,0.20000000000004547,,none,0.033149767666511565,0.0,-0.010000000000002274,-0.0009590764994183277
R03_shallower_empty,640,128.99999999999508,78.93103855045456,47.962708014177,30.285307121349263,-5.450247991382065,0.20383634313338006,0.47247640867133445,-0.03606612222077746,0.030416218463624974,-0.8631307482719421,-0.0705060213804245,0.2513275444507599,-0.8631307482719421,-0.0705060213804245,0.2513275444507599,0.3821215510368347,-0.024677107483148573,0.06283188611268997,0.020650124263068677,0.20000000000004547,,none,0.030937624130743302,0.0,-0.010000000000002274,-0.0002874998676723495
R03_shallower_empty,641,129.19999999999513,78.99253221731412,48.02994729430625,30.266173720283987,-5.455435573183044,0.2102662667450561,0.45920781537258903,-0.01722942066162729,0.03364003792251624,-0.8125740885734558,0.06043955683708191,0.16083666682243347,-0.8125740885734558,0.06043955683708191,0.16083666682243347,0.4124555468559265,0.021153844892978668,0.04020916670560837,0.019214549725437274,0.20000000000004547,,none,0.029772376110010157,0.0,-0.010000000000002274,-0.0005578263845706078
R03_shallower_empty,642,129.39999999999517,79.05337788190477,48.096070098535435,30.246699129393754,-5.456079254991976,0.2163625165328997,0.46018643604606696,0.00882860544279123,0.02776524400788744,-0.7272756099700928,0.17693330347537994,0.06317705661058426,-0.7272756099700928,0.17693330347537994,0.06317705661058426,0.46363463401794436,0.06192665621638298,0.015794264152646065,0.0189308960760471,0.20000000000004547,,none,0.029538576534541505,0.0,-0.010000000000002274,-0.0006076804584921336
R03_shallower_empty,643,129.59999999999522,79.11546742477492,48.16380112670496,30.22628861074324,-5.45177676868251,0.22017156144868183,0.4801100648455497,0.03241829909030186,0.011547536099045111,-0.58281409740448,0.22996190190315247,-0.08599618077278137,-0.58281409740448,0.22996190190315247,-0.08599618077278137,0.550311541557312,0.08048666566610335,-0.021499045193195343,0.019357791148992175,0.20000000000004547,,none,0.030276467461302303,0.0,-0.010000000000002274,-0.0009186763123078523
R03_shallower_empty,644,129.79999999999526,79.18064577064155,48.23577128254893,30.204521112412454,-5.444702062050166,0.22004789089634247,0.5134003327412096,0.03791451654289251,-0.011078885046222762,-0.448834091424942,0.14032593369483948,-0.22873762249946594,-0.448834091424942,0.14032593369483948,-0.22873762249946594,0.6306995451450348,0.049114076793193816,-0.057184405624866486,0.02081220717659546,0.20000000000004547,,none,0.03173941453630036,0.0,-0.010000000000002274,-0.0009272073597026242
R03_shallower_empty,645,129.9999999999953,79.24836422037927,48.31154064005312,30.18197476092534,-5.439696373461494,0.2159815662822687,0.526885653928203,0.013948677999612006,-0.02828735618035703,-0.5426640510559082,-0.09967472404241562,-0.253411203622818,-0.5426640510559082,-0.09967472404241562,-0.253411203622818,0.574401569366455,-0.03488615341484547,-0.0633528009057045,0.02114337767213431,0.20000000000004547,,none,0.032483640925018875,0.0,-0.010000000000002274,-0.0013402632528822889
R03_shallower_empty,646,130.19999999999536,79.31555175446765,48.387069162311484,30.160073728569916,-5.440322025254232,0.21090701065585973,0.5083187484248702,-0.017811431929526434,-0.022866751805557452,-0.7618371248245239,-0.23579581081867218,-0.04728506878018379,-0.7618371248245239,-0.23579581081867218,-0.04728506878018379,0.44289772510528563,-0.08252853378653525,-0.011821267195045948,0.01908294892661633,0.20000000000004547,,none,0.03126402432652853,0.0,-0.010000000000002274,-0.0021810753999099214
R03_shallower_empty,647,130.3999999999954,79.38000550530775,48.45903569507949,30.13953757225423,-5.44601968418086,0.20886146498677577,0.4806680443147652,-0.037668525382173045,0.0006396167752710045,-0.8612666726112366,-0.2232315093278885,0.19415277242660522,-0.8612666726112366,-0.2232315093278885,0.19415277242660522,0.383239996433258,-0.07813102826476097,0.048538193106651306,0.017610522391590677,0.20000000000004547,,none,0.028977248947825274,0.0,-0.010000000000002274,-0.001366726556232323
R03_shallower_empty,648,130.59999999999545,79.44169461993472,48.52690309092096,30.120033344528057,-5.454729319499988,0.21090698789761628,0.45805273974932376,-0.04860364619956714,0.018471612297278978,-0.869388222694397,-0.2025313675403595,0.21923041343688965,-0.869388222694397,-0.2025313675403595,0.21923041343688965,0.3783670663833618,-0.07088597863912582,0.05480760335922241,0.01702029724066395,0.20000000000004547,,none,0.027042764111154582,0.0,-0.010000000000002274,-2.246687048835572e-05
R03_shallower_empty,649,130.7999999999955,79.5013233350183,48.59125154688237,30.10106400019478,-5.465000534424077,0.21524045533904437,0.44034496409597657,-0.05372268068492102,0.024415100562101145,-0.8700814843177795,-0.18329617381095886,0.14610423147678375,-0.8700814843177795,-0.18329617381095886,0.14610423147678375,0.37795110940933224,-0.0641536608338356,0.03652605786919594,0.015622441952922438,0.20000000000004547,,none,0.025736800188475684,0.0,-0.010000000000002274,-0.00011435823555097092
R03_shallower_empty,650,130.99999999999554,79.55945368751294,48.6526640641722,30.08236185822356,-5.475724036179944,0.22009837511622962,0.4263661502235034,-0.053527079372455835,0.024181689439241576,-0.8714810013771057,-0.15179572999477386,0.09482428431510925,-0.8714810013771057,-0.15179572999477386,0.09482428431510925,0.37711139917373654,-0.05312850549817085,0.023706071078777313,0.014736088356711531,0.20000000000004547,,none,0.024808565748504208,0.0,-0.010000000000002274,-7.247739179040202e-05
R03_shallower_empty,651,131.19999999999558,79.61658362231705,48.71175049655772,30.06377592407458,-5.486110351809332,0.224584950045747,0.41673417707313193,-0.05055972671294148,0.020929200415711335,-0.8620072603225708,-0.1271805614233017,0.05720660835504532,-0.8620072603225708,-0.1271805614233017,0.05720660835504532,0.3827956438064575,-0.04451319649815559,0.01430165208876133,0.014083924882811159,0.20000000000004547,,none,0.024126139839573568,0.0,-0.010000000000002274,-4.221495676013487e-05
R03_shallower_empty,652,131.39999999999563,79.67319278667212,48.76912284620853,30.045199844405605,-5.496028994704016,0.22829521800387312,0.4106732696317535,-0.04876218333375729,0.016506796385583757,-0.8511375188827515,-0.12885530292987823,0.02998131886124611,-0.8511375188827515,-0.12885530292987823,0.02998131886124611,0.3893174886703491,-0.04509935602545738,0.007495329715311527,0.013612781277802237,0.20000000000004547,,none,0.02363002472632658,0.0,-0.010000000000002274,-1.7243448522070993e-05
R03_shallower_empty,653,131.59999999999567,79.72959900543526,48.82516744857536,30.026597995951974,-5.506110616042879,0.2311771667514689,0.40616266547314267,-0.05182331232770815,0.012606645980493438,-0.8495509624481201,-0.16588836908340454,0.01863747090101242,-0.8495509624481201,-0.16588836908340454,0.01863747090101242,0.3902694225311279,-0.05806092917919158,0.004659367725253105,0.0131885947445294,0.20000000000004547,,none,0.023218647705263606,0.0,-0.010000000000002274,-3.0052960731932478e-05
R03_shallower_empty,654,131.79999999999572,79.7858809498471,48.879911392658386,30.008016485307863,-5.517577786132292,0.23354643089179286,0.4009231378246473,-0.06207566712854949,0.011192574212773601,-0.8625641465187073,-0.23704782128334045,0.03324456512928009,-0.8625641465187073,-0.23704782128334045,0.03324456512928009,0.3824615120887756,-0.08296673744916916,0.008311141282320023,0.012667551398401365,0.20000000000004547,,none,0.022776478954380508,0.0,-0.010000000000002274,-0.00010892755597686876
R03_shallower_empty,655,131.99999999999577,79.8419228299287,48.933046699924155,29.98954802453572,-5.531962763446211,0.23600587419501665,0.3934822525231991,-0.08039348916162979,0.013247015302649415,-0.8878931999206543,-0.3363412618637085,0.06973327696323395,-0.8878931999206543,-0.3363412618637085,0.06973327696323395,0.3672640800476074,-0.11771944165229796,0.017433319240808487,0.011997278381083856,0.20000000000004547,,none,0.02223392186868267,0.0,-0.010000000000002274,-0.00023664348759654176
R03_shallower_empty,656,132.1999999999958,79.89756583029734,48.984093201693355,29.97126875276068,-5.550747064606412,0.23920408572187246,0.3838975840211474,-0.10555322925513033,0.01835045313169685,-0.9164571166038513,-0.4480595886707306,0.11499860882759094,-0.9164571166038513,-0.4480595886707306,0.11499860882759094,0.3501257300376892,-0.1568208560347557,0.028749652206897736,0.011295260311692038,0.20000000000004547,,none,0.021602176954687025,0.0,-0.010000000000002274,-0.0003069166429927117
R03_shallower_empty,657,132.39999999999586,79.95275725450395,49.03259837242057,29.953180462591995,-5.5747186462113385,0.24393053442750073,0.3733222665549488,-0.1321574247965725,0.028173657607666363,-0.939900279045105,-0.5324811339378357,0.19276101887226105,-0.939900279045105,-0.5324811339378357,0.19276101887226105,0.336059832572937,-0.18636839687824247,0.04819025471806526,0.010689483933852,0.20000000000004547,,none,0.02096395536558404,0.0,-0.010000000000002274,-0.00027447143172976585
R03_shallower_empty,658,132.5999999999959,80.00758208735397,49.078253408221805,29.93518027330372,-5.604010220187879,0.2507922714640532,0.3629974199028393,-0.15875374642891,0.039583733701645155,-0.9556374549865723,-0.6084247827529907,0.2513355016708374,-0.9556374549865723,-0.6084247827529907,0.2513355016708374,0.32661752700805663,-0.21294867396354675,0.06283387541770935,0.010246772076833425,0.20000000000004547,,none,0.02043569340757756,0.0,-0.010000000000002274,-0.00018892133074186024
R03_shallower_empty,659,132.79999999999595,80.0622727328906,49.120921631028786,29.917100764802452,-5.638336336813811,0.259390044243925,0.3542800632822232,-0.18270240595925813,0.045916679102499566,-0.9607263207435608,-0.6614349484443665,0.23528490960597992,-0.9607263207435608,-0.6614349484443665,0.23528490960597992,0.3235642075538635,-0.23150223195552824,0.05882122740149498,0.010028856937235554,0.20000000000004547,,none,0.020090728851776873,0.0,-0.010000000000002274,-6.18719145390445e-05
R03_shallower_empty,660,132.999999999996,80.11706963642958,49.16053278316715,29.89882494039079,-5.677159270082664,0.26858846204081943,0.3465357863501338,-0.2039272102169931,0.046056928266992335,-0.9679189920425415,-0.7062190771102905,0.18537084758281708,-0.9679189920425415,-0.7062190771102905,0.18537084758281708,0.3192486047744751,-0.24717667698860166,0.04634271189570427,0.0097879587351877,0.20000000000004547,,none,0.019878934060958642,0.0,-0.010000000000002274,-9.09753257686674e-05
R03_shallower_empty,661,133.19999999999604,80.17212826533283,49.19700121571046,29.880331393696775,-5.7200882519786616,0.2773038158310739,0.3396502905862277,-0.22386025251325564,0.04144426660065661,-0.9743515849113464,-0.7556500434875488,0.12818045914173126,-0.9743515849113464,-0.7556500434875488,0.12818045914173126,0.31538904905319215,-0.26447751522064206,0.032045114785432816,0.00958608883111955,0.20000000000004547,,none,0.01970119961548278,0.0,-0.010000000000002274,-0.00011511078436095446
R03_shallower_empty,662,133.39999999999608,80.2275697418936,49.230242882043974,29.861659391084252,-5.766934598191533,0.2847685234092674,0.33355176418471094,-0.2431493849623911,0.03378043337991372,-0.9798942804336548,-0.8070130348205566,0.0726558193564415,-0.9798942804336548,-0.8070130348205566,0.0726558193564415,0.3120634317398071,-0.2824545621871948,0.018163954839110374,0.009379590969570105,0.20000000000004547,,none,0.019494628249084656,0.0,-0.010000000000002274,-0.00011503727951227672
R03_shallower_empty,663,133.59999999999613,80.28348686090649,49.26016597998656,29.84288253883135,-5.8175636435062135,0.29054399088255756,0.32817711563025537,-0.26173989853530066,0.024661534088116725,-0.9846010208129883,-0.8560614585876465,0.02432035654783249,-0.9846010208129883,-0.8560614585876465,0.02432035654783249,0.30923938751220703,-0.29962151050567626,0.006080089136958122,0.009127179108757683,0.20000000000004547,,none,0.019222463473639095,0.0,-0.010000000000002274,-9.528436487913794e-05
R03_shallower_empty,664,133.79999999999617,80.33995073479362,49.28667377111931,29.824086050530198,-5.871728023272522,0.2943901230485475,0.32357883969972606,-0.2786308274182115,0.014561061616896003,-0.9877055287361145,-0.8944263458251953,-0.024082081392407417,-0.9877055287361145,-0.8944263458251953,-0.024082081392407417,0.3073766827583313,-0.3130492210388183,-0.006020520348101854,0.008794474920023053,0.20000000000004547,,none,0.018870960890840394,0.0,-0.010000000000002274,-7.648597081506732e-05
R03_shallower_empty,665,133.99999999999622,80.39700898367582,49.30967498827523,29.805359923458884,-5.928864492585178,0.29607192542367544,0.3197450225073163,-0.291745417212394,0.003119327277082538,-0.9896059036254883,-0.9099109172821045,-0.08078129589557648,-0.9896059036254883,-0.9099109172821045,-0.08078129589557648,0.30623645782470704,-0.31846882104873653,-0.02019532397389412,0.008364655276916396,0.20000000000004547,,none,0.018433818962982684,0.0,-0.010000000000002274,-6.916368606401331e-05
R03_shallower_empty,666,134.19999999999627,80.45466510101316,49.32909219736465,29.78680589856989,-5.9882797031095825,0.29543782498756926,0.31652967425596235,-0.30165946485254835,-0.008578653188538475,-0.9913328289985657,-0.9196033477783203,-0.12966181337833405,-0.9913328289985657,-0.9196033477783203,-0.12966181337833405,0.30520030260086056,-0.3218611717224121,-0.03241545334458351,0.007849049895101672,0.20000000000004547,,none,0.017898774504494952,0.0,-0.010000000000002274,-4.972460939100643e-05
R03_shallower_empty,667,134.3999999999963,80.51288128121253,49.344860414602095,29.768529816333004,-6.049428836179684,0.29248843739718955,0.3138989523843098,-0.30925908165072913,-0.020050581824192778,-0.9922841191291809,-0.9278420209884644,-0.1737070381641388,-0.9922841191291809,-0.9278420209884644,-0.1737070381641388,0.3046295285224914,-0.3247447073459625,-0.0434267595410347,0.007221373634951215,0.20000000000004547,,none,0.017261548885265654,0.0,-0.010000000000002274,-4.01752503121644e-05
R03_shallower_empty,668,134.59999999999636,80.57158758928334,49.35692309296607,29.75063405569097,-6.111902391172323,0.28737412794311756,0.3117652879253964,-0.31504070639712767,-0.03031860997596632,-0.9929212331771851,-0.9337766766548157,-0.2049664705991745,-0.9929212331771851,-0.9337766766548157,-0.2049664705991745,0.30424726009368896,-0.3268218368291855,-0.051241617649793625,0.0065052218681274305,0.20000000000004547,,none,0.016525477431496682,0.0,-0.010000000000002274,-2.0255563366977646e-05
R03_shallower_empty,669,134.7999999999964,80.63067749001092,49.36522856281239,29.733210896196727,-6.17538662084477,0.2803954693570835,0.31003167699846007,-0.31946791126731966,-0.03882671853364969,-0.9934612512588501,-0.9385404586791992,-0.22465425729751587,-0.9934612512588501,-0.9385404586791992,-0.22465425729751587,0.30392324924468994,-0.3284891605377197,-0.05616356432437897,0.005692754548279447,0.20000000000004547,,none,0.015700966431957397,0.0,-0.010000000000002274,-8.211883675675047e-06
R03_shallower_empty,670,134.99999999999645,80.6900095296816,49.36973169345146,29.71633816494672,-6.239621313590762,0.27186350548865773,0.3086157371833159,-0.32263993994083257,-0.0459556142664371,-0.9939556121826172,-0.9402958154678345,-0.24192823469638824,-0.9939556121826172,-0.9402958154678345,-0.24192823469638824,0.30362663269042967,-0.32910353541374204,-0.06048205867409706,0.004797248263668652,0.20000000000004547,,none,0.014803282582978028,0.0,-0.010000000000002274,-6.0343193071021876e-06
R03_shallower_empty,671,135.1999999999965,80.74941206589074,49.370399185357066,29.700082863973883,-6.304362859823292,0.2619915021459629,0.30743702759823566,-0.3246258444774189,-0.05228720617857416,-0.9945269823074341,-0.9390642642974854,-0.2607559859752655,-0.9945269823074341,-0.9390642642974854,-0.2607559859752655,0.30328381061553955,-0.32867249250411984,-0.06518899649381638,0.003837435936218187,0.20000000000004547,,none,0.013844562484226941,0.0,-0.010000000000002274,-7.126548006479716e-06
R03_shallower_empty,672,135.39999999999654,80.80869477469504,49.36721365014026,29.68450645671616,-6.36942289218137,0.2508568621848783,0.30648201770147454,-0.32587995650190865,-0.05858456091140379,-0.9948049783706665,-0.9383869767189026,-0.2856663465499878,-0.9948049783706665,-0.9383869767189026,-0.2856663465499878,0.3031170129776001,-0.3284354418516159,-0.07141658663749695,0.00281930592097785,0.20000000000004547,,none,0.012831727162264883,0.0,-0.010000000000002274,-1.2421241284759078e-05
R03_shallower_empty,673,135.59999999999658,80.8676597857659,49.36017200852625,29.66966797632647,-6.434687367224238,0.23858488134061256,0.3057497738269364,-0.3267027777708457,-0.06374621307441962,-0.9947171807289124,-0.9382269382476807,-0.2970561385154724,-0.9947171807289124,-0.9382269382476807,-0.2970561385154724,0.30316969156265255,-0.3283794283866882,-0.0742640346288681,0.001765674574099662,0.20000000000004547,,none,0.01176826978773704,0.0,-0.010000000000002274,-2.5952136351037325e-06
R03_shallower_empty,674,135.79999999999663,80.92609488676459,49.349284806587185,29.655617226177537,-6.5000964680119315,0.22544262609292903,0.3051661777858589,-0.3273401883780744,-0.06740088617184894,-0.9948168992996216,-0.9389686584472656,-0.29939183592796326,-0.9948168992996216,-0.9389686584472656,-0.29939183592796326,0.30310986042022703,-0.32863903045654297,-0.07484795898199081,0.0006647951178026361,0.20000000000004547,,none,0.010664915429305921,0.0,-0.010000000000002274,-1.2031150101066146e-07
R03_shallower_empty,675,135.99999999999667,80.98377510762818,49.33457682454036,29.642387458719643,-6.565619157687996,0.21183331377041079,0.30473930554720896,-0.3278484040920148,-0.06860172933362854,-0.9946079850196838,-0.9396685361862183,-0.284194678068161,-0.9946079850196838,-0.9396685361862183,-0.284194678068161,0.3032352089881897,-0.32888398766517635,-0.07104866951704025,-0.00046476381455242755,0.20000000000004547,,none,0.009539865927070679,0.0,-0.010000000000002274,-4.629741620831851e-06
R03_shallower_empty,676,136.19999999999672,81.04047152541634,49.31608690555852,29.62998288641501,-6.631241130729344,0.19834544595775996,0.3044918209753479,-0.3283346759429738,-0.0664398871457124,-0.9939669966697693,-0.9409301280975342,-0.2481389343738556,-0.9939669966697693,-0.9409301280975342,-0.2481389343738556,0.3036198019981384,-0.32932554483413695,-0.0620347335934639,-0.0016025706720702011,0.20000000000004547,,none,0.00842346971060337,0.0,-0.010000000000002274,-2.604038267129738e-05
R03_shallower_empty,677,136.39999999999677,81.09594718225381,49.29387092950115,29.618373150450577,-6.696925851152913,0.18552950540144447,0.30437612991936425,-0.3285000630434531,-0.062050357863087054,-0.9933858513832092,-0.9395344853401184,-0.21242351830005646,-0.9933858513832092,-0.9395344853401184,-0.21242351830005646,0.30396848917007446,-0.32883706986904143,-0.053105879575014114,-0.0026735345723958356,0.20000000000004547,,none,0.007352022957483939,0.0,-0.010000000000002274,-2.5557529877500153e-05
R03_shallower_empty,678,136.5999999999968,81.1499608075979,49.268005689849396,29.607503362203126,-6.7626120684602125,0.17372140778762019,0.30438326534272503,-0.3283717788290147,-0.05645252754174947,-0.9926526546478271,-0.9374582171440125,-0.18018364906311035,-0.9926526546478271,-0.9374582171440125,-0.18018364906311035,0.3044084072113037,-0.3281103760004043,-0.04504591226577759,-0.0036690168673764543,0.20000000000004547,,none,0.006351868285335627,0.0,-0.010000000000002274,-2.08851527098064e-05
R03_shallower_empty,679,136.79999999999686,81.20227536697791,49.23858788680342,29.597306070183414,-6.828229698123499,0.1630213587075543,0.3044995936158687,-0.3278442757833413,-0.05096180016160885,-0.9918175339698792,-0.9336268305778503,-0.1590937077999115,-0.9918175339698792,-0.9336268305778503,-0.1590937077999115,0.3049094796180725,-0.3267693907022476,-0.039773426949977875,-0.004572276471848458,0.20000000000004547,,none,0.005436926779594842,0.0,-0.010000000000002274,-9.203251441025629e-06
R03_shallower_empty,680,136.9999999999969,81.2526667888293,49.205731293760316,29.58771283111137,-6.8936698676773815,0.15340854820227817,0.304759772416146,-0.3266476124415664,-0.04557249740552741,-0.9905391335487366,-0.9263119697570801,-0.13836318254470825,-0.9905391335487366,-0.9263119697570801,-0.13836318254470825,0.30567651987075806,-0.324209189414978,-0.03459079563617706,-0.005400822386288216,0.20000000000004547,,none,0.004608875537190471,0.0,-0.010000000000002274,-9.69792347641274e-06
R03_shallower_empty,681,137.19999999999695,81.30092542607387,49.16956712435832,29.578652681307357,-6.958825617019132,0.14505646043123474,0.3051447298094269,-0.32503167445180525,-0.03848273658516786,-0.9891647696495056,-0.9192540049552917,-0.09614414721727371,-0.9891647696495056,-0.9192540049552917,-0.09614414721727371,0.3065011382102966,-0.3217389017343521,-0.024036036804318428,-0.006165931658848047,0.20000000000004547,,none,0.0038707513548992267,0.0,-0.010000000000002274,-3.668301374499916e-05
R03_shallower_empty,682,137.399999999997,81.34685186879636,49.13024426718435,29.570038993182756,-7.023628186525104,0.138235787249419,0.3056454050852286,-0.3231368349317427,-0.030337874635279382,-0.9876507520675659,-0.9122164249420166,-0.05496484413743019,-0.9876507520675659,-0.9122164249420166,-0.05496484413743019,0.3074095487594604,-0.31927574872970577,-0.013741211034357548,-0.006795993114308435,0.20000000000004547,,none,0.003238957981370305,0.0,-0.010000000000002274,-3.495109567646565e-05
R03_shallower_empty,683,137.59999999999704,81.39027080344415,49.08791520055661,29.56177114915861,-7.0879973523785145,0.13305965789744714,0.30640613156927377,-0.32073579065091723,-0.022048211939517205,-0.9848557114601135,-0.9024091958999634,-0.02062596008181572,-0.9848557114601135,-0.9024091958999634,-0.02062596008181572,0.3090865731239319,-0.31584321856498715,-0.00515649002045393,-0.007299228748138111,0.20000000000004547,,none,0.0027264343108974742,0.0,-0.010000000000002274,-2.5663059033310675e-05
R03_shallower_empty,684,137.79999999999708,81.43103476772293,49.04272907991217,29.55374731312103,-7.151829830045573,0.12932229510831578,0.3074698025229904,-0.317809538090848,-0.01579660077353242,-0.981303870677948,-0.8909907341003418,-0.01223114412277937,-0.981303870677948,-0.8909907341003418,-0.01223114412277937,0.3112176775932312,-0.3118467569351196,-0.0030577860306948423,-0.00767182547887614,0.20000000000004547,,none,0.002332443916682081,0.0,-0.010000000000002274,-4.269395555947259e-06
R03_shallower_empty,685,137.99999999999713,81.46900474115554,48.994849334605654,29.545885187417625,-7.215005724576161,0.1267633030304991,0.3086846874363953,-0.3142199546304106,-0.010214075711648552,-0.9783910512924194,-0.8768728971481323,0.004645409062504768,-0.9783910512924194,-0.8768728971481323,0.004645409062504768,0.3129653692245483,-0.3069055140018463,0.001161352265626192,-0.007971999499893778,0.20000000000004547,,none,0.0020378528177964483,0.0,-0.010000000000002274,-9.852317687952129e-06
R03_shallower_empty,686,138.19999999999717,81.50404797646324,48.944461147465084,29.538114565898923,-7.27740692805245,0.12526458838155455,0.31000412343153577,-0.3101024193514185,-0.0051544179054658365,-0.9755780100822449,-0.862034797668457,0.020622285082936287,-0.9755780100822449,-0.862034797668457,0.020622285082936287,0.31465319395065305,-0.3017121791839599,0.005155571270734072,-0.008177951551179436,0.20000000000004547,,none,0.0018317153081106596,0.0,-0.010000000000002274,-9.666859287822405e-06
R03_shallower_empty,687,138.39999999999722,81.5360479506961,48.89176091469503,29.53037186372902,-7.338935300555296,0.1247272530513392,0.31141069797084353,-0.3055262148597181,-0.0005648516568756076,-0.9727219939231873,-0.8462895750999451,0.03514895588159561,-0.9727219939231873,-0.8462895750999451,0.03514895588159561,0.31636680364608766,-0.29620135128498076,0.008787238970398903,-0.008302049193693005,0.20000000000004547,,none,0.001707292666839777,0.0,-0.010000000000002274,-9.341860530507965e-06
R03_shallower_empty,688,138.59999999999727,81.56490836860799,48.83694915736364,29.52259957887326,-7.399486135561629,0.1250108138803638,0.3129188269966174,-0.30037070659403087,0.003122540664033295,-0.9696120619773865,-0.8281868696212769,0.0425451397895813,-0.9696120619773865,-0.8281868696212769,0.0425451397895813,0.3182327628135681,-0.2898654043674469,0.010636284947395325,-0.008350207565075565,0.20000000000004547,,none,0.0016576340981018234,0.0,-0.010000000000002274,-7.841663175113256e-06
R03_shallower_empty,689,138.7999999999973,81.59054924172617,48.780241336799826,29.514751145190537,-7.458915681202838,0.12596264073608848,0.31437977059866384,-0.29437653163622546,0.006166317965572067,-0.9674542546272278,-0.8061779737472534,0.049474310129880905,-0.9674542546272278,-0.8061779737472534,0.049474310129880905,0.31952744722366333,-0.28216229081153865,0.012368577532470226,-0.008338704624809633,0.20000000000004547,,none,0.0016720365958278194,0.0,-0.010000000000002274,-1.074122063517785e-05
R03_shallower_empty,690,138.99999999999736,81.6129010076191,48.721897988011335,29.506792470688893,-7.517033118984721,0.12751696902479356,0.3154825119051961,-0.2873290182665185,0.00915193829322173,-0.9677199125289917,-0.7799097299575806,0.060942769050598145,-0.9677199125289917,-0.7799097299575806,0.060942769050598145,0.31936805248260497,-0.27296840548515316,0.015235692262649536,-0.008275224041959508,0.20000000000004547,,none,0.0017412082931613782,0.0,-0.010000000000002274,-1.6432335118612694e-05
R03_shallower_empty,691,139.1999999999974,81.63191926034689,48.662219067151774,29.498696739243897,-7.573593830394421,0.12962287319225219,0.3161346308633435,-0.27891245351177063,0.01171400039664183,-0.9692793488502502,-0.7478918433189392,0.06773870438337326,-0.9692793488502502,-0.7478918433189392,0.06773870438337326,0.31843239068984985,-0.2617621451616287,0.016934676095843315,-0.008161448365456521,0.20000000000004547,,none,0.0018600268674155984,0.0,-0.010000000000002274,-2.1475232869844207e-05
R03_shallower_empty,692,139.39999999999745,81.64759938865008,48.601522700118096,29.490445701414988,-7.628411899116161,0.13214049709278633,0.31623090968092243,-0.26994417419206884,0.01333970873990638,-0.9723830819129944,-0.7190561294555664,0.06660956144332886,-0.9723830819129944,-0.7190561294555664,0.06660956144332886,0.31657015085220336,-0.25166964530944824,0.016652390360832214,-0.00799714004846898,0.20000000000004547,,none,0.0020197080818675772,0.0,-0.010000000000002274,-1.6848130334282675e-05
R03_shallower_empty,693,139.5999999999975,81.65997736127301,48.54011565001999,29.48203147407907,-7.68139715081504,0.13491380029136218,0.315900281870146,-0.2606117304103981,0.014319477904707216,-0.9754411578178406,-0.6902718544006348,0.06526375561952591,-0.9754411578178406,-0.6902718544006348,0.06526375561952591,0.31473530530929567,-0.24159514904022214,0.016315938904881477,-0.007809320613080379,0.20000000000004547,,none,0.0022074733371617583,0.0,-0.010000000000002274,-1.6793950239862853e-05
R03_shallower_empty,694,139.79999999999754,81.66912665341931,48.47827286460788,29.473451946692286,-7.732456082248258,0.1378594810291603,0.3152141000007899,-0.2507229060209061,0.015080008197089682,-0.9786728024482727,-0.6587788462638855,0.06651891767978668,-0.9786728024482727,-0.6587788462638855,0.06651891767978668,0.31279631853103634,-0.2305725961923599,0.01662972941994667,-0.007606590562956763,0.20000000000004547,,none,0.002413486007451837,0.0,-0.010000000000002274,-2.007657040632549e-05
R03_shallower_empty,695,139.99999999999758,81.67515271350501,48.41624003102947,29.464707639558835,-7.781453648004259,0.14091428060289263,0.31424242668854707,-0.24005666745514606,0.015440794988507886,-0.9819688200950623,-0.6237778067588806,0.06470385938882828,-0.9819688200950623,-0.6237778067588806,0.06470385938882828,0.3108187079429626,-0.21832223236560822,0.01617596484720707,-0.007393454092893787,0.20000000000004547,,none,0.002631330525815656,0.0,-0.010000000000002274,-2.478461870716875e-05
R03_shallower_empty,696,140.19999999999763,81.67818889960542,48.35422554377489,29.455801529677935,-7.828285465256407,0.1440031271059585,0.31310654645975905,-0.22908820001551902,0.015447188185951272,-0.9848262667655945,-0.5906797647476196,0.06184086203575134,-0.9848262667655945,-0.5906797647476196,0.06184086203575134,0.3091042399406433,-0.20673791766166685,0.015460215508937836,-0.00716819465591856,0.20000000000004547,,none,0.0028540421868896715,0.0,-0.010000000000002274,-2.223684280595717e-05
R03_shallower_empty,697,140.39999999999768,81.67838577562468,48.2923953345767,29.44673818188366,-7.872927237629865,0.14705895266586802,0.3119101739667155,-0.21815366144459866,0.015134625320703152,-0.987175464630127,-0.5596357583999634,0.05799088254570961,-0.987175464630127,-0.5596357583999634,0.05799088254570961,0.3076947212219238,-0.19587251543998718,0.014497720636427402,-0.0069441055534186814,0.20000000000004547,,none,0.003075575874639469,0.0,-0.010000000000002274,-1.968142805587575e-05
R03_shallower_empty,698,140.59999999999772,81.67590131110101,48.23087589241845,29.437524217868692,-7.915375667580496,0.1499841903799686,0.3107400334090196,-0.20715928572188058,0.014189022071533273,-0.9889716506004333,-0.5278748869895935,0.04904872179031372,-0.9889716506004333,-0.5278748869895935,0.04904872179031372,0.30661700963974,-0.1847562104463577,0.01226218044757843,-0.00673170289655682,0.20000000000004547,,none,0.0032901359329606805,0.0,-0.010000000000002274,-2.1838829515226365e-05
R03_shallower_empty,699,140.79999999999777,81.67088965219227,48.16975131783694,29.428173687214485,-7.9559128503234104,0.1524716656595417,0.30973048245264556,-0.19883959777015411,0.010931268103585516,-0.9897111654281616,-0.5196762681007385,0.017171965911984444,-0.9897111654281616,-0.5196762681007385,0.017171965911984444,0.306173300743103,-0.18188669383525846,0.004292991477996111,-0.006534771240147163,0.20000000000004547,,none,0.0034869065958389456,0.0,-0.010000000000002274,-2.1677835983834396e-05
R03_shallower_empty,700,140.9999999999978,81.66347680521072,48.109076027711005,29.418720814831698,-7.994954127990571,0.15421393579573475,0.30887608646352255,-0.19208246496123804,0.00680261074966157,-0.9902240037918091,-0.5094673037528992,-0.0064411708153784275,-0.9902240037918091,-0.5094673037528992,-0.0064411708153784275,0.30586559772491456,-0.1783135563135147,-0.0016102927038446069,-0.0063676448410964264,0.20000000000004547,,none,0.0036455964825528042,0.0,-0.010000000000002274,-1.324132364695634e-05
R03_shallower_empty,701,141.19999999999786,81.65376666319028,48.04890352665336,29.40921197904952,-8.03281582612858,0.1551372320091138,0.30807728228895576,-0.18692335897033074,0.0027367926703875944,-0.9912288784980774,-0.5040306448936462,-0.022192256525158882,-0.9912288784980774,-0.5040306448936462,-0.022192256525158882,0.30526267290115355,-0.17641072571277616,-0.0055480641312897205,-0.006249457256464648,0.20000000000004547,,none,0.003756116018212907,0.0,-0.010000000000002274,-5.573274675280825e-06
R03_shallower_empty,702,141.3999999999979,81.64184480189063,47.989289944053496,29.39969663424956,-8.069776340756313,0.15518928168676563,0.3073313703651628,-0.18297906900224306,-0.0018691456670212629,-0.9921614527702332,-0.4998338520526886,-0.04501838982105255,-0.9921614527702332,-0.4998338520526886,-0.04501838982105255,0.3047031283378601,-0.174941848218441,-0.011254597455263138,-0.006193303498291579,0.20000000000004547,,none,0.0038174868042339938,0.0,-0.010000000000002274,-1.0790302523298115e-05
R03_shallower_empty,703,141.59999999999795,81.62778230628845,47.93028632627614,29.390228111048575,-8.106006732521577,0.1543268508153598,0.30664016135586253,-0.1795809642856494,-0.006412713680374073,-0.9929922223091125,-0.4933048486709595,-0.06268429756164551,-0.9929922223091125,-0.4933048486709595,-0.06268429756164551,0.30420466661453244,-0.1726566970348358,-0.015671074390411377,-0.006180336707993122,0.20000000000004547,,none,0.0038267713391988423,0.0,-0.010000000000002274,-7.108047189690048e-06
R03_shallower_empty,704,141.799999999998,81.61164341277336,47.87194072100247,29.38085884031886,-8.141562608612071,0.15260966700425602,0.3059928983923863,-0.17623033409295363,-0.010454494812524764,-0.9938129186630249,-0.4840080142021179,-0.07476148754358292,-0.9938129186630249,-0.4840080142021179,-0.07476148754358292,0.30371224880218506,-0.16940280497074126,-0.01869037188589573,-0.006219412965070862,0.20000000000004547,,none,0.0037852462987615354,0.0,-0.010000000000002274,-4.659263830123495e-06
R03_shallower_empty,705,141.99999999999804,81.59349082155565,47.814298419515254,29.37163533884187,-8.176458986092177,0.15015866866684283,0.3053923420700215,-0.1729785296694717,-0.013803103452668398,-0.9945395588874817,-0.47529250383377075,-0.08250605314970016,-0.9945395588874817,-0.47529250383377075,-0.08250605314970016,0.30327626466751095,-0.16635237634181976,-0.02062651328742504,-0.006304058287186015,0.20000000000004547,,none,0.00369867104128474,0.0,-0.010000000000002274,-2.7293284684803966e-06
R03_shallower_empty,706,142.19999999999808,81.57338364962732,47.757400671157306,29.36259711314352,-8.210811875615784,0.14703638237941413,0.30485269928157877,-0.1707205498280372,-0.01716627658484607,-0.9950812458992004,-0.47462713718414307,-0.09607745707035065,-0.9950812458992004,-0.47462713718414307,-0.09607745707035065,0.3029512524604797,-0.16611949801445006,-0.024019364267587662,-0.00642979995151838,0.20000000000004547,,none,0.0035738984313233857,0.0,-0.010000000000002274,-3.698382839490977e-06
R03_shallower_empty,707,142.39999999999813,81.55137157737832,47.70128466964304,29.35378050674806,-8.244699079313877,0.1433177104109671,0.3043976857722681,-0.16833154666101163,-0.0198204013397779,-0.9953426122665405,-0.4670386016368866,-0.10091468691825867,-0.9953426122665405,-0.4670386016368866,-0.10091468691825867,0.30279443264007566,-0.1634635105729103,-0.025228671729564667,-0.006587171386079961,0.20000000000004547,,none,0.003414449673456943,0.0,-0.010000000000002274,-1.621059534628877e-06
R03_shallower_empty,708,142.59999999999818,81.5275063063056,47.64598348552443,29.34521278462051,-8.277925848598173,0.1392234225308227,0.30401929751059376,-0.164244209373965,-0.021031218035305395,-0.9955232739448547,-0.4454728662967682,-0.09399392455816269,-0.9955232739448547,-0.4454728662967682,-0.09399392455816269,0.30268603563308716,-0.15591550320386885,-0.023498481139540672,-0.006781666760484396,0.20000000000004547,,none,0.003228593450138817,0.0,-0.010000000000002274,-1.0260210620939292e-05
R03_shallower_empty,709,142.79999999999822,81.50185511735793,47.59152692467004,29.336907380321318,-8.310296319398585,0.13496153091696375,0.3036793440411761,-0.15979577756737992,-0.02154869573550306,-0.9958641529083252,-0.43066078424453735,-0.09041260927915573,-0.9958641529083252,-0.43066078424453735,-0.09041260927915573,0.30248150825500486,-0.15073127448558807,-0.022603152319788933,-0.006976428048367574,0.20000000000004547,,none,0.0030282187474810485,0.0,-0.010000000000002274,-4.6467958463480845e-06
R03_shallower_empty,710,142.99999999999827,81.47449053523215,47.53794227514349,29.32887034987998,-8.341828728472672,0.13058807934958205,0.3033781122338579,-0.15582740962881939,-0.022141165414441277,-0.9961388111114502,-0.4221175014972687,-0.0933937281370163,-0.9961388111114502,-0.4221175014972687,-0.0933937281370163,0.30231671333312987,-0.14774112552404403,-0.023348432034254074,-0.007181732644994662,0.20000000000004547,,none,0.0028199063587450723,0.0,-0.010000000000002274,-1.6390037374602872e-06
R03_shallower_empty,711,143.1999999999983,81.44547977404373,47.485253656750736,29.32110851365091,-8.372626243530883,0.12603233114215523,0.303118624247167,-0.15240564020117875,-0.023326944334184276,-0.9963261485099792,-0.4155232906341553,-0.10297275334596634,-0.9963261485099792,-0.4155232906341553,-0.10297275334596634,0.30220431089401245,-0.14543315172195434,-0.025743188336491585,-0.007399676622571018,0.20000000000004547,,none,0.002603028906154492,0.0,-0.010000000000002274,-2.7055287232358172e-06
R03_shallower_empty,712,143.39999999999836,81.41488307948647,47.433483000754826,29.313635341023232,-8.40278115311376,0.1211598615850817,0.30290074376810944,-0.14937209440521224,-0.025252613293510178,-0.9964449405670166,-0.4091162383556366,-0.11670608073472977,-0.9964449405670166,-0.4091162383556366,-0.11670608073472977,0.30213303565979005,-0.1431906834244728,-0.02917652018368244,-0.0076331959768661944,0.20000000000004547,,none,0.0023713973973684688,0.0,-0.010000000000002274,-4.593374232388925e-06
R03_shallower_empty,713,143.5999999999984,81.38275597000045,47.38265073255262,29.30647173022761,-8.432335637046455,0.11589465730617994,0.3027184825918312,-0.146396979736926,-0.027248964240978567,-0.9965395331382751,-0.40095609426498413,-0.12526759505271912,-0.9965395331382751,-0.40095609426498413,-0.12526759505271912,0.3020762801170349,-0.14033463299274443,-0.03131689876317978,-0.007884854788352548,0.20000000000004547,,none,0.0021179431401847637,0.0,-0.010000000000002274,-2.797928535037686e-06
R03_shallower_empty,714,143.79999999999845,81.34915354494878,47.33277596870127,29.299640031930245,-8.461266644519547,0.11026388256473044,0.30256019535112194,-0.1431572722105189,-0.02893193725811769,-0.9966625571250916,-0.39015933871269226,-0.12944522500038147,-0.9966625571250916,-0.39015933871269226,-0.12944522500038147,0.30200246572494505,-0.1365557685494423,-0.03236130625009537,-0.00816150965135785,0.20000000000004547,,none,0.0018411711017911614,0.0,-0.010000000000002274,-2.6807531467376576e-06
R03_shallower_empty,715,143.9999999999985,81.31413495039178,47.28387575862593,29.293159289137737,-8.489480526912402,0.10436039953503919,0.30240711838417395,-0.13927421806094706,-0.03002082352608201,-0.9968870878219604,-0.37531936168670654,-0.12895852327346802,-0.9968870878219604,-0.37531936168670654,-0.12895852327346802,0.3018677473068237,-0.13136177659034728,-0.032239630818367004,-0.00846057080344604,0.20000000000004547,,none,0.0015438394407709666,0.0,-0.010000000000002274,-4.410244214732018e-06
R03_shallower_empty,716,144.19999999999854,81.27776522067578,47.235962018181674,29.28704185642086,-8.516879885584936,0.09831481192174954,0.3022591908957109,-0.13503860725274575,-0.030406020273255698,-0.9971033930778503,-0.36116504669189453,-0.12476371973752975,-0.9971033930778503,-0.36116504669189453,-0.12476371973752975,0.3017379641532898,-0.12640776634216308,-0.03119092993438244,-0.008772897531942495,0.20000000000004547,,none,0.0012314622240126027,0.0,-0.010000000000002274,-4.359755952824118e-06
R03_shallower_empty,717,144.39999999999858,81.24011208552893,47.189043333797585,29.28129288682453,-8.543495987322185,0.09222222987134893,0.30209788142141875,-0.13139688708608488,-0.03051182566345938,-0.9974508285522461,-0.3542177379131317,-0.12290969491004944,-0.9974508285522461,-0.3542177379131317,-0.12290969491004944,0.3015295028686523,-0.12397620826959609,-0.03072742372751236,-0.009090441336915741,0.20000000000004547,,none,0.0009105951274612778,0.0,-0.010000000000002274,-1.0364643747451386e-06
R03_shallower_empty,718,144.59999999999863,81.201237896358,47.14312879738556,29.275914745809555,-8.569467882611866,0.08607412555026528,0.30193566703079155,-0.1285375727392536,-0.030937160035341648,-0.9977265000343323,-0.3506034016609192,-0.1272154301404953,-0.9977265000343323,-0.3506034016609192,-0.1272154301404953,0.3013640999794006,-0.12271119058132171,-0.031803857535123825,-0.009415988941322718,0.20000000000004547,,none,0.0005846446342232525,0.0,-0.010000000000002274,-6.33575543695919e-07
R03_shallower_empty,719,144.79999999999868,81.1611985202331,47.098226166883165,29.270911539762245,-8.594765202481856,0.07985393543672539,0.3017787483856998,-0.12472312167896936,-0.031241781720378878,-0.9979569315910339,-0.3341442048549652,-0.12745001912117004,-0.9979569315910339,-0.3341442048549652,-0.12745001912117004,0.30122584104537964,-0.11695047169923782,-0.03186250478029251,-0.009753104889903193,0.20000000000004547,,none,0.00025231537590286734,0.0,-0.010000000000002274,-5.420265803786073e-06
R03_shallower_empty,720,144.99999999999872,81.12005322373237,47.054336140181974,29.266285064598033,-8.619328113488539,0.07366563469385062,0.30162357508431,-0.1211735222045484,-0.03068331725450201,-0.998205304145813,-0.32554444670677185,-0.11818137019872665,-0.998205304145813,-0.32554444670677185,-0.11818137019872665,0.3010768175125122,-0.11394055634737014,-0.029545342549681664,-0.01008854556180186,0.20000000000004547,,none,-8.534705415996768e-05,0.0,-0.010000000000002274,-3.1985076396179315e-06
R03_shallower_empty,721,145.19999999999877,81.07785851502841,47.01145792728484,29.262027004243837,-8.64325579368731,0.06772855695118415,0.3014783945861861,-0.11831846579069343,-0.02882734506012748,-0.9983885884284973,-0.3214307427406311,-0.10018183290958405,-0.9983885884284973,-0.3214307427406311,-0.10018183290958405,0.3009668469429016,-0.11250075995922088,-0.02504545822739601,-0.010425132511352813,0.20000000000004547,,none,-0.0004183137214290866,0.0,-0.010000000000002274,-6.81878992145113e-06
R03_shallower_empty,722,145.3999999999988,81.03466576399501,46.96959005466707,29.258113788416818,-8.666509052073282,0.06231452031106951,0.30135466720457815,-0.11450178206375529,-0.025559331953171283,-0.998468816280365,-0.30492737889289856,-0.07560060173273087,-0.998468816280365,-0.30492737889289856,-0.07560060173273087,0.300918710231781,-0.1067245826125145,-0.018900150433182716,-0.010748781147223075,0.20000000000004547,,none,-0.0007312490596014243,0.0,-0.010000000000002274,-1.7532087619375193e-05
R03_shallower_empty,723,145.59999999999886,80.99052829728136,46.92872386284391,29.254506673217435,-8.689057185386034,0.05762105729244131,0.3012546155182537,-0.11122641587846871,-0.021668547230421432,-0.9984965324401855,-0.29872071743011475,-0.05496141314506531,-0.9984965324401855,-0.29872071743011475,-0.05496141314506531,0.3009020805358887,-0.10455225110054016,-0.013740353286266327,-0.011019783232573578,0.20000000000004547,,none,-0.0010104932421661772,0.0,-0.010000000000002274,-9.289990405126902e-06
R03_shallower_empty,724,145.7999999999989,80.94549554508774,46.888849787502735,29.251159823367697,-8.710940192967492,0.053687944061340864,0.3011799470507408,-0.10785757030554893,-0.01794335346399081,-0.9984719157218933,-0.2885512113571167,-0.04141032695770264,-0.9984719157218933,-0.2885512113571167,-0.04141032695770264,0.300916850566864,-0.10099292397499084,-0.01035258173942566,-0.011254686922078268,0.20000000000004547,,none,-0.0012489458941438158,0.0,-0.010000000000002274,-5.7410279321779005e-06
R03_shallower_empty,725,145.99999999999895,80.89961459393638,46.84995613834207,29.248029679089015,-8.732173285163748,0.05040490874523999,0.30112693994813144,-0.10471054351343735,-0.01510121228170495,-0.9984330534934998,-0.2808511257171631,-0.03723929449915886,-0.9984330534934998,-0.2808511257171631,-0.03723929449915886,0.30094016790390016,-0.09829789400100708,-0.009309823624789715,-0.011450577564540534,0.20000000000004547,,none,-0.0014490437577201476,0.0,-0.010000000000002274,-1.5338068181128263e-06
R03_shallower_empty,726,146.199999999999,80.85293105689564,46.812028374919734,29.24508140316016,-8.752655722158877,0.047636005078982684,0.301093912649355,-0.10043599943250495,-0.012763981776120382,-0.9983707666397095,-0.2620737850666046,-0.03200576826930046,-0.9983707666397095,-0.2620737850666046,-0.03200576826930046,0.3009775400161743,-0.0917258247733116,-0.008001442067325115,-0.011627349195797852,0.20000000000004547,,none,-0.00161974955182842,0.0,-0.010000000000002274,-7.599643967157732e-06
R03_shallower_empty,727,146.39999999999904,80.80549451500227,46.77504319261646,29.242286929728746,-8.772290647266244,0.04528035419537037,0.301073847234723,-0.09623024030416105,-0.01093070164401089,-0.9983280897140503,-0.2504577934741974,-0.028780216351151466,-0.9983280897140503,-0.2504577934741974,-0.028780216351151466,0.3010031461715698,-0.08766022771596908,-0.007195054087787867,-0.01177236155669109,0.20000000000004547,,none,-0.0017694548113453834,0.0,-0.010000000000002274,-2.906745343430675e-06
R03_shallower_empty,728,146.59999999999908,80.75735274700847,46.738974947770586,29.239624257901212,-8.791134959746836,0.043239561718573634,0.3010675782518661,-0.09249445143926047,-0.009579093985220092,-0.9982575178146362,-0.2425202578306198,-0.027299772948026657,-0.9982575178146362,-0.2425202578306198,-0.027299772948026657,0.3010454893112183,-0.08488209024071693,-0.006824943237006664,-0.011905716778763334,0.20000000000004547,,none,-0.0019044127554579404,0.0,-0.010000000000002274,-1.3040233031181432e-06
R03_shallower_empty,729,146.79999999999913,80.7085483748973,46.7037997955452,29.237076911054558,-8.809278776428963,0.041433938840041325,0.30107340769114815,-0.08919257804853703,-0.00855436850511919,-0.9981767535209656,-0.23561257123947144,-0.025865202769637108,-0.9981767535209656,-0.23561257123947144,-0.025865202769637108,0.30109394788742067,-0.08246439993381499,-0.006466300692409277,-0.012030436668076292,0.20000000000004547,,none,-0.002029441055103831,0.0,-0.010000000000002274,-9.956129701877564e-07
R03_shallower_empty,730,146.99999999999918,80.65911911403126,46.669496919608285,29.2346323671003,-8.826828135374745,0.03981148939558574,0.30108885864718055,-0.08650367445512602,-0.007732100403103776,-0.9980944991111755,-0.23149867355823517,-0.02422630786895752,-0.9980944991111755,-0.23149867355823517,-0.02422630786895752,0.3011433005332947,-0.0810245357453823,-0.00605657696723938,-0.012148001826888445,0.20000000000004547,,none,-0.002147609488957869,0.0,-0.010000000000002274,-3.92337928301692e-07
R03_shallower_empty,731,147.19999999999922,80.60909655715888,46.63605134477783,29.23228052460957,-8.843982895333792,0.0383441564078336,0.3011124603200705,-0.08514623550207584,-0.006996659741560985,-0.9980072975158691,-0.23537200689315796,-0.02199225313961506,-0.9980072975158691,-0.23537200689315796,-0.02199225313961506,0.3011956214904785,-0.08238020241260528,-0.005498063284903765,-0.012260311117504731,0.20000000000004547,,none,-0.00225991109118695,0.0,-0.010000000000002274,-4.0002631550691003e-07
R03_shallower_empty,732,147.39999999999927,80.55850406508259,46.603458052349126,29.23001246965039,-8.860921868082276,0.03701752927592972,0.30114418969906215,-0.08430676313438021,-0.006320568658462107,-0.9979066848754883,-0.23598909378051758,-0.019771631807088852,-0.9979066848754883,-0.23598909378051758,-0.019771631807088852,0.301255989074707,-0.08259618282318115,-0.004942907951772213,-0.012365381715703914,0.20000000000004547,,none,-0.002365275274136991,0.0,-0.010000000000002274,-1.0644156464852117e-07
R03_shallower_empty,733,147.5999999999993,80.50736080883595,46.57171747365953,29.227820052338533,-8.877724800856997,0.03582015202322215,0.30118153848635987,-0.0837635097012729,-0.005699977883489502,-0.9978114366531372,-0.2361615151166916,-0.01774163730442524,-0.9978114366531372,-0.2361615151166916,-0.01774163730442524,0.30131313800811765,-0.08265653029084205,-0.00443540932610631,-0.012463307413687078,0.20000000000004547,,none,-0.0024632242201043653,0.0,-0.010000000000002274,-8.319358043747116e-08
R03_shallower_empty,734,147.79999999999936,80.45568372400142,46.540832967482096,29.225695930005855,-8.894450192663376,0.034734476846916315,0.30122533577848315,-0.08350954938744667,-0.005194845759516002,-0.997700572013855,-0.23712016642093658,-0.01666218228638172,-0.997700572013855,-0.23712016642093658,-0.01666218228638172,0.301379656791687,-0.0829920582473278,-0.00416554557159543,-0.01255391524216075,0.20000000000004547,,none,-0.0025538733116299284,0.0,-0.010000000000002274,-4.193052854706281e-08
R03_shallower_empty,735,147.9999999999994,80.40348754570198,46.51081030217928,29.223633850185784,-8.9111529264451,0.03374713259802917,0.3012780299429824,-0.0835172109748653,-0.004714779399139242,-0.9975605010986328,-0.23866520822048187,-0.014946221373975277,-0.9975605010986328,-0.23866520822048187,-0.014946221373975277,0.3014636993408203,-0.08353282287716865,-0.0037365553434938192,-0.012637827824306117,0.20000000000004547,,none,-0.0026377207983863116,0.0,-0.010000000000002274,-1.0702591753080152e-07
R03_shallower_empty,736,148.19999999999945,80.35078533358394,46.48165761523185,29.22162791865781,-8.927880793113758,0.032857640422723954,0.3013388558849403,-0.08374433717753776,-0.0042176137960492615,-0.9974113702774048,-0.2405918538570404,-0.012818187475204468,-0.9974113702774048,-0.2405918538570404,-0.012818187475204468,0.3015531778335571,-0.08420714884996414,-0.003204546868801117,-0.012714740419093476,0.20000000000004547,,none,-0.0027145751644575,0.0,-0.010000000000002274,-1.6525463370055742e-07
R03_shallower_empty,737,148.3999999999995,80.29758927923204,46.45338522528096,29.219672241970088,-8.944668913602866,0.032062868254778686,0.3014061029073728,-0.08410935617952044,-0.0037642760162702976,-0.9972615838050842,-0.24243757128715515,-0.011362065561115742,-0.9972615838050842,-0.24243757128715515,-0.011362065561115742,0.30164304971694944,-0.0848531499505043,-0.0028405163902789354,-0.012784062276043992,0.20000000000004547,,none,-0.0027839512880447614,0.0,-0.010000000000002274,-1.109879969561807e-07
R03_shallower_empty,738,148.59999999999954,80.24391135292556,46.42600498366478,29.217761621962104,-8.96153908282821,0.031340968405986755,0.3014776478959443,-0.08455848515894487,-0.0034764183452121616,-0.9971171021461487,-0.24421048164367676,-0.011559420265257359,-0.9971171021461487,-0.24421048164367676,-0.011559420265257359,0.3017297387123108,-0.08547366857528686,-0.0028898550663143396,-0.012846245929161252,0.20000000000004547,,none,-0.0028461818684597517,0.0,-0.010000000000002274,-6.406069922554325e-08
R03_shallower_empty,739,148.79999999999959,80.18976338859099,46.399529492695635,29.215892512290512,-8.978501256338374,0.03066608267954818,0.3015551101483698,-0.08502787217649374,-0.003286735353227445,-0.9969532489776611,-0.24566952884197235,-0.011600884608924389,-0.9969532489776611,-0.24566952884197235,-0.011600884608924389,0.3018280506134033,-0.08598433509469032,-0.0029002211522310972,-0.012902733060098384,0.20000000000004547,,none,-0.00290268991237852,0.0,-0.010000000000002274,-4.314771758946734e-08
R03_shallower_empty,740,148.99999999999963,80.13515722221915,46.37397156595619,29.214062581164303,-8.995563389702804,0.030022405796335833,0.30163848603827204,-0.08555382065616561,-0.0031596145889587726,-0.9967795610427856,-0.24750153720378876,-0.011602330021560192,-0.9967795610427856,-0.24750153720378876,-0.011602330021560192,0.3019322633743286,-0.08662553802132605,-0.002900582505390048,-0.012954648127585249,0.20000000000004547,,none,-0.002954580399098461,0.0,-0.010000000000002274,-6.772848451408464e-08
R03_shallower_empty,741,149.19999999999968,80.08010475399124,46.34934448024014,29.21227027036679,-9.012736939581519,0.029399418485147044,0.3017281522264972,-0.08613767309008916,-0.003076521277610387,-0.996593177318573,-0.24950680136680603,-0.011628813110291958,-0.996593177318573,-0.24950680136680603,-0.011628813110291958,0.3020440936088562,-0.08732738047838211,-0.0029072032775729895,-0.013002556497243502,0.20000000000004547,,none,-0.0030024753667490245,0.0,-0.010000000000002274,-8.11304922024303e-08
R03_shallower_empty,742,149.39999999999972,80.02461793894241,46.32566203812746,29.2105145552988,-9.03003319219083,0.028789691836063846,0.3018244732603913,-0.08677669019316978,-0.0030246544252524096,-0.9963935613632202,-0.2516537308692932,-0.011675864458084106,-0.9963935613632202,-0.2516537308692932,-0.011675864458084106,0.30216386318206784,-0.08807880580425262,-0.0029189661145210266,-0.013046840846725076,0.20000000000004547,,none,-0.00304674781938985,0.0,-0.010000000000002274,-9.302733295220648e-08
R03_shallower_empty,743,149.59999999999977,79.96870834946779,46.302939213214145,29.208794820384345,-9.04750325649328,0.028186069262647384,0.3019299072341293,-0.08784354391477557,-0.0030124882734982967,-0.9961643218994141,-0.2571927309036255,-0.011950789950788021,-0.9961643218994141,-0.2571927309036255,-0.011950789950788021,0.30230140686035156,-0.09001745581626891,-0.0029876974876970053,-0.013088129684066212,0.20000000000004547,,none,-0.0030875135109411644,0.0,-0.010000000000002274,-6.161731227727514e-07
R03_shallower_empty,744,149.7999999999998,79.91238590135147,46.28119496994654,29.207110926596183,-9.065231904197958,0.0275793514878943,0.30204761797990687,-0.08933083573610723,-0.003051731692004466,-0.99589604139328,-0.2638899087905884,-0.01252678968012333,-0.99589604139328,-0.2638899087905884,-0.01252678968012333,0.30246237516403196,-0.09236146807670592,-0.0031316974200308323,-0.013125273198153672,0.20000000000004547,,none,-0.003124368079316042,0.0,-0.010000000000002274,-9.051188353558122e-07
R03_shallower_empty,745,149.99999999999986,79.8556594114159,46.26045248682514,29.205463290407575,-9.083274039745078,0.026961406911591847,0.30217742932608477,-0.09096718765822866,-0.0031223886463341106,-0.9956086277961731,-0.26943302154541016,-0.013065461069345474,-0.9956086277961731,-0.26943302154541016,-0.013065461069345474,0.30263482332229613,-0.09430155754089355,-0.0032663652673363686,-0.013157563168594759,0.20000000000004547,,none,-0.003156941191143403,0.0,-0.010000000000002274,-6.219774490807268e-07
R03_shallower_empty,746,150.1999999999999,79.79853835959533,46.240737324094724,29.203852684474757,-9.101657042698928,0.026329689352627715,0.3023152826959282,-0.09272997997306953,-0.003189712718428796,-0.9953316450119019,-0.27520570158958435,-0.013307591900229454,-0.9953316450119019,-0.27520570158958435,-0.013307591900229454,0.3028010129928589,-0.09632199555635451,-0.0033268979750573635,-0.01318571068243189,0.20000000000004547,,none,-0.0031850414987957265,0.0,-0.010000000000002274,-6.691836338890839e-07
R03_shallower_empty,747,150.39999999999995,79.74103383442704,46.22207682975623,29.20227981289998,-9.120397866617193,0.025690755613725733,0.30245566075466795,-0.09454170893994107,-0.003198929965378925,-0.9950828552246094,-0.2806669771671295,-0.01287084724754095,-0.9950828552246094,-0.2806669771671295,-0.01287084724754095,0.30295028686523434,-0.09823344200849532,-0.0032177118118852377,-0.013208765900369913,0.20000000000004547,,none,-0.0032081643369039625,0.0,-0.010000000000002274,-6.015634636760866e-07
R03_shallower_empty,748,150.6,79.68315837816401,46.20449923462973,29.20074482564227,-9.13950452506784,0.025053960086892698,0.30259962609807634,-0.09638588012248908,-0.0031711212497956497,-0.9948218464851379,-0.28612491488456726,-0.012457823380827904,-0.9948218464851379,-0.28612491488456726,-0.012457823380827904,0.3031068921089172,-0.10014372020959854,-0.003114455845206976,-0.013226107459357653,0.20000000000004547,,none,-0.0032255069033872985,0.0,-0.010000000000002274,-6.00555968079692e-07
R03_shallower_empty,749,150.80000000000004,79.62492550977522,46.18803315058123,29.19924742301792,-9.158982910791567,0.02442475950898097,0.30274861517582424,-0.09825695401004411,-0.0031244055018789596,-0.9945440292358398,-0.2916274666786194,-0.012116854079067707,-0.9945440292358398,-0.2916274666786194,-0.012116854079067707,0.30327358245849606,-0.10206961333751678,-0.0030292135197669268,-0.013237083634783622,0.20000000000004547,,none,-0.0032364742044066475,0.0,-0.010000000000002274,-6.09430374699533e-07
R03_shallower_empty,750,151.00000000000009,79.5663498878842,46.172707736452644,29.197786973404998,-9.178849597309208,0.02381057619869638,0.30290230009821373,-0.10025901550692577,-0.003024925428249387,-0.994260311126709,-0.2981102466583252,-0.011288865469396114,-0.994260311126709,-0.2981102466583252,-0.011288865469396114,0.3034438133239746,-0.10433858633041382,-0.0028222163673490286,-0.013241399784207188,0.20000000000004547,,none,-0.003240543934257545,0.0,-0.010000000000002274,-8.558499473693832e-07
R03_shallower_empty,751,151.20000000000013,79.5074472833199,46.158553579210825,29.196362213096883,-9.199132985612563,0.02322449585411549,0.3030609472535638,-0.10241255495265217,-0.002849127902081994,-0.9939667582511902,-0.30514511466026306,-0.009963631629943848,-0.9939667582511902,-0.30514511466026306,-0.009963631629943848,0.30361994504928586,-0.10680079013109206,-0.002490907907485962,-0.013237731331943047,0.20000000000004547,,none,-0.0032367046962242796,0.0,-0.010000000000002274,-1.0266357164928804e-06
R03_shallower_empty,752,151.40000000000018,79.44823299779407,46.145603514183215,29.194970748158482,-9.219906048565782,0.022692398646905202,0.30323885254186655,-0.10511443360191229,-0.002498287091739716,-0.9935571551322937,-0.3160571753978729,-0.0071335360407829285,-0.9935571551322937,-0.3160571753978729,-0.0071335360407829285,0.30386570692062376,-0.11062001138925552,-0.0017833840101957321,-0.01322586798044876,0.20000000000004547,,none,-0.0032233229747404835,0.0,-0.010000000000002274,-2.5450057060016906e-06
R03_shallower_empty,753,151.60000000000022,79.38872162663874,46.133895556368664,29.193608234028574,-9.24125340512934,0.022247196071317588,0.3034368500689911,-0.10813171881826181,-0.0019919047715499785,-0.9931091666221619,-0.32651427388191223,-0.003840228309854865,-0.9931091666221619,-0.32651427388191223,-0.003840228309854865,0.3041345000267029,-0.11427999585866927,-0.0009600570774637163,-0.013199758847945603,0.20000000000004547,,none,-0.0031973508983789145,0.0,-0.010000000000002274,-2.4079495644139574e-06
R03_shallower_empty,754,151.80000000000027,79.32892921864904,46.123471660014964,29.192268507888155,-9.263218442834974,0.021914649364834452,0.3036545064330434,-0.11128127568925231,-0.0013797039557430768,-0.9926309585571289,-0.3362830877304077,-0.0005289259715937078,-0.9926309585571289,-0.3362830877304077,-0.0005289259715937078,0.30442142486572266,-0.1176990807056427,-0.00013223149289842695,-0.013158212621983387,0.20000000000004547,,none,-0.003156080159378405,0.0,-0.010000000000002274,-2.13246260270787e-06
R03_shallower_empty,755,152.0000000000003,79.26887399663106,46.114375573019146,29.19094407889287,-9.285814880994543,0.021713440299676607,0.30389251181608107,-0.11444467969695755,-0.0006847643896599685,-0.992114782333374,-0.3454020023345947,0.002925214357674122,-0.992114782333374,-0.3454020023345947,0.002925214357674122,0.3047311305999756,-0.12089070081710815,0.0007313035894185305,-0.013099622651878855,0.20000000000004547,,none,-0.0030977156093392466,0.0,-0.010000000000002274,-1.9070425373339897e-06
R03_shallower_empty,756,152.20000000000036,79.20857756385826,46.10665196662727,29.189626176783168,-9.309063980323002,0.02167223093054267,0.3041423515124908,-0.11779388361267434,0.00020556634440625513,-0.991628885269165,-0.35605287551879883,0.008079119957983494,-0.991628885269165,-0.35605287551879883,0.008079119957983494,0.305022668838501,-0.12461850643157958,0.0020197799894958735,-0.013023441205566935,0.20000000000004547,,none,-0.003020636406795063,0.0,-0.010000000000002274,-2.8047987695981047e-06
R03_shallower_empty,757,152.4000000000004,79.14806728055682,46.10034909295731,29.18830361192561,-9.33307039741936,0.021844310682601585,0.3043804664947454,-0.12195654683263901,0.0014234398751495204,-0.9913008809089661,-0.372682124376297,0.015620330348610878,-0.9913008809089661,-0.372682124376297,0.015620330348610878,0.30521947145462036,-0.13043874353170395,0.0039050825871527195,-0.012928051792769627,0.20000000000004547,,none,-0.002921381605595741,0.0,-0.010000000000002274,-6.6701871716124025e-06
R03_shallower_empty,758,152.60000000000045,79.08737446011769,46.09552227086843,29.18696165278083,-9.357919707988934,0.022283870130319728,0.30461557581319354,-0.1262155566854266,0.0028636088609683844,-0.9909266829490662,-0.38541164994239807,0.0231928788125515,-0.9909266829490662,-0.38541164994239807,0.0231928788125515,0.3054439902305603,-0.1348940774798393,0.005798219703137875,-0.012799040955665182,0.20000000000004547,,none,-0.002794650468953108,0.0,-0.010000000000002274,-4.390486709798871e-06
R03_shallower_empty,759,152.8000000000005,79.02653313507695,46.09222837499879,29.185582833999906,-9.383621201810522,0.023024939976367002,0.3048493954102056,-0.13047811212163113,0.004429098428400564,-0.9905445575714111,-0.39761102199554443,0.030476292595267296,-0.9905445575714111,-0.39761102199554443,0.030476292595267296,0.3056732654571533,-0.13916385769844053,0.007619073148816824,-0.012641223217059537,0.20000000000004547,,none,-0.0026371828407647513,0.0,-0.010000000000002274,-4.040376292511819e-06
R03_shallower_empty,760,153.00000000000054,78.96558102449764,46.09052376015244,29.18414808580911,-9.410173222546783,0.024085767748654306,0.3050845584666632,-0.1347222164916606,0.006056520278430642,-0.9901447296142578,-0.40962961316108704,0.03749077394604683,-0.9901447296142578,-0.40962961316108704,0.03749077394604683,0.3059131622314453,-0.14337036460638045,0.009372693486511707,-0.012451094946138375,0.20000000000004547,,none,-0.0024472187592436967,0.0,-0.010000000000002274,-3.876186892404279e-06
R03_shallower_empty,761,153.20000000000059,78.90456266678208,46.090464136347,29.182637937944904,-9.437591756017202,0.025456536085252963,0.30529425934178833,-0.13913083965816422,0.007539398356166975,-0.9899447560310364,-0.42318350076675415,0.04224414750933647,-0.9899447560310364,-0.42318350076675415,0.04224414750933647,0.3060331463813782,-0.14811422526836393,0.010561036877334118,-0.012228113370039921,0.20000000000004547,,none,-0.002223986521659782,0.0,-0.010000000000002274,-4.126848377864478e-06
R03_shallower_empty,762,153.40000000000063,78.84353215328129,46.09210572935083,29.181034434173043,-9.465921292878168,0.027108825525331358,0.30545385498843447,-0.14381172961077485,0.00888228266358553,-0.9899730086326599,-0.4381425976753235,0.0464746318757534,-0.9899730086326599,-0.4381425976753235,0.0464746318757534,0.30601619482040404,-0.1533499091863632,0.01161865796893835,-0.01197290382835505,0.20000000000004547,,none,-0.001968070380822695,0.0,-0.010000000000002274,-4.833447530079305e-06
R03_shallower_empty,763,153.60000000000068,78.78254964356081,46.095505948156024,29.179321184696168,-9.495220396669996,0.029024258051633403,0.3055736234861039,-0.1488031074505906,0.01017463762257335,-0.9900072813034058,-0.4542113244533539,0.05123220011591911,-0.9900072813034058,-0.4542113244533539,0.05123220011591911,0.30599563121795653,-0.15897396355867385,0.012808050028979778,-0.01168569760601335,0.20000000000004547,,none,-0.0016800808138022205,0.0,-0.010000000000002274,-5.616792208855692e-06
R03_shallower_empty,764,153.80000000000072,78.72167895158994,46.10072312188285,29.177482172472256,-9.525525738616388,0.031211556195059716,0.3056597128786792,-0.15386853036837694,0.011591550859708488,-0.9900615811347961,-0.4691150486469269,0.0579150952398777,-0.9900615811347961,-0.4691150486469269,0.0579150952398777,0.3059630513191223,-0.1641902670264244,0.014478773809969425,-0.011364983406069494,0.20000000000004547,,none,-0.0013596477054562683,0.0,-0.010000000000002274,-5.335700610952232e-06
R03_shallower_empty,765,154.00000000000077,78.66098824564995,46.10781396306234,29.175500186646257,-9.556833624920861,0.033693543096614945,0.3057177975506668,-0.158835938425398,0.013113601019095736,-0.9901292324066162,-0.4827370047569275,0.06486023962497711,-0.9901292324066162,-0.4827370047569275,0.06486023962497711,0.3059224605560303,-0.1689579516649246,0.016215059906244278,-0.011010054691813473,0.20000000000004547,,none,-0.001005378745901453,0.0,-0.010000000000002274,-4.675945909744794e-06
R03_shallower_empty,766,154.2000000000008,78.6005503159423,46.116831326407116,29.173357151006375,-9.58911984078783,0.03646878970400987,0.3057506372217631,-0.16366244570494082,0.01453196291709694,-0.9902227520942688,-0.495706707239151,0.06968855112791061,-0.9902227520942688,-0.495706707239151,0.06968855112791061,0.3058663487434387,-0.17349734753370283,0.017422137781977654,-0.010620486735410346,0.20000000000004547,,none,-0.0006166560450004965,0.0,-0.010000000000002274,-3.830690407574666e-06
R03_shallower_empty,767,154.40000000000086,78.54044250735194,46.12782355231481,29.171036017913163,-9.62237130371297,0.039511604743297256,0.30576256357241505,-0.1684884471331814,0.015800572212921374,-0.9903256893157959,-0.5094923377037048,0.07354239374399185,-0.9903256893157959,-0.5094923377037048,0.07354239374399185,0.30580458641052244,-0.17832231819629668,0.018385598435997963,-0.010198924167291056,0.20000000000004547,,none,-0.00019482604116305424,0.0,-0.010000000000002274,-4.098126125726687e-06
R03_shallower_empty,768,154.6000000000009,78.48074747515551,46.14083550192915,29.16852091018401,-9.656607982410891,0.04282334619669933,0.30575076824211117,-0.173500575052664,0.017210570546389758,-0.9904846549034119,-0.5248963236808777,0.08033481240272522,-0.9904846549034119,-0.5248963236808777,0.08033481240272522,0.30570920705795285,-0.18371371328830718,0.020083703100681305,-0.009746720757055238,0.20000000000004547,,none,0.0002589481430526064,0.0,-0.010000000000002274,-5.668900105569863e-06
R03_shallower_empty,769,154.80000000000095,78.42155519967208,46.155908880198005,29.16579553219081,-9.691838155108659,0.046397008746750484,0.3057026910992437,-0.1784296470670255,0.018433855772815998,-0.990777850151062,-0.5384958386421204,0.08370610326528549,-0.990777850151062,-0.5384958386421204,0.08370610326528549,0.3055332899093628,-0.1884735435247421,0.020926525816321373,-0.00925858985037179,0.20000000000004547,,none,0.0007453381170847706,0.0,-0.010000000000002274,-3.927967454285808e-06
R03_shallower_empty,770,155.000000000001,78.36296071900402,46.17308111123467,29.162845866509883,-9.728090889885904,0.050170415973408496,0.30563403741441697,-0.18370044027269825,0.019239495326171873,-0.9910131096839905,-0.5555447340011597,0.08352454006671906,-0.9910131096839905,-0.5555447340011597,0.08352454006671906,0.3053921341896057,-0.19444065690040588,0.020881135016679764,-0.008743803784848262,0.20000000000004547,,none,0.0012620112780581394,0.0,-0.010000000000002274,-5.815062904127588e-06
R03_shallower_empty,771,155.20000000000104,78.30506119440193,46.192389148502215,29.159662933693014,-9.765434922861203,0.054036103367004526,0.3055723385626381,-0.18931659881321883,0.01940491119244698,-0.9910750985145569,-0.5736016035079956,0.07896790653467178,-0.9910750985145569,-0.5736016035079956,0.07896790653467178,0.30535494089126586,-0.20076056122779845,0.019741976633667946,-0.008202405853262047,0.20000000000004547,,none,0.0018045304925031758,0.0,-0.010000000000002274,-6.936345762947882e-06
R03_shallower_empty,772,155.40000000000109,78.24795840112006,46.21386798693841,29.156244671363062,-9.803868946663703,0.05788862842027834,0.30551060986541734,-0.19462364628954468,0.01914028430629541,-0.9911781549453735,-0.5869649648666382,0.07440423220396042,-0.9911781549453735,-0.5869649648666382,0.07440423220396042,0.30529310703277585,-0.20543773770332335,0.018601058050990105,-0.007637460715882161,0.20000000000004547,,none,0.002366527627536641,0.0,-0.010000000000002274,-3.988343416527762e-06
R03_shallower_empty,773,155.60000000000113,78.19175798084738,46.237544844024825,29.15259383950292,-9.843331355621713,0.061678317427743566,0.30546348392628014,-0.19962359634456522,0.018783496886848734,-0.9911709427833557,-0.599462628364563,0.0722259059548378,-0.9911709427833557,-0.599462628364563,0.0722259059548378,0.3052974343299866,-0.20981191992759704,0.01805647648870945,-0.007060856302357342,0.20000000000004547,,none,0.0029423624326483377,0.0,-0.010000000000002274,-3.2187350034051933e-06
R03_shallower_empty,774,155.80000000000118,78.13656736727994,46.263438348311226,29.148714714908913,-9.883754849168525,0.06538737330010455,0.30543895110835784,-0.2042617600649996,0.018340454039135645,-0.9910791516304016,-0.6106082201004028,0.06975068897008896,-0.9910791516304016,-0.6106082201004028,0.06975068897008896,0.30535250902175903,-0.21371287703514097,0.01743767224252224,-0.006473360656305728,0.20000000000004547,,none,0.0035292465304941345,0.0,-0.010000000000002274,-2.607186797587424e-06
R03_shallower_empty,775,156.00000000000122,78.08249729327439,46.29155683031044,29.14461271133439,-9.925059512146532,0.0689940447177941,0.30542561301392473,-0.20846785569025195,0.017769307531204436,-0.9910356402397156,-0.6201101541519165,0.06642196327447891,-0.9910356402397156,-0.6201101541519165,0.06642196327447891,0.30537861585617065,-0.21703855395317076,0.016605490818619728,-0.0058774541065994565,0.20000000000004547,,none,0.004124573274577159,0.0,-0.010000000000002274,-2.0273811743409807e-06
R03_shallower_empty,776,156.20000000000127,78.0296609397921,46.3218990810822,29.14029460895217,-9.967235607338964,0.07247699715371791,0.30543389737504945,-0.21295490657164376,0.017109915313184496,-0.9908948540687561,-0.6345660090446472,0.06306512653827667,-0.9908948540687561,-0.6345660090446472,0.06306512653827667,0.30546308755874635,-0.2220981031656265,0.015766281634569168,-0.005278777109218968,0.20000000000004547,,none,0.004725628089069289,0.0,-0.010000000000002274,-4.405198285982736e-06
R03_shallower_empty,777,156.4000000000013,77.97817561859881,46.354459976603025,29.135768539508152,-10.010356914757303,0.0758023416697237,0.3054638784469437,-0.21788647462681102,0.016211261511571113,-0.9907174706459045,-0.6512441635131836,0.05752035230398178,-0.9907174706459045,-0.6512441635131836,0.05752035230398178,0.30556951761245726,-0.22793545722961425,0.014380088075995445,-0.004675071683712028,0.20000000000004547,,none,0.005331107052743533,0.0,-0.010000000000002274,-6.178736453287259e-06
R03_shallower_empty,778,156.60000000000136,77.92818046375307,46.38921876114904,29.131039973769262,-10.054430186959282,0.0792655077132305,0.3053299823863068,-0.22249862868628997,0.01826556572321396,-0.9919030070304871,-0.6625621318817139,0.08980636298656464,-0.9919030070304871,-0.6625621318817139,0.08980636298656464,0.30485819578170775,-0.23189674615859984,0.02245159074664116,-0.004080134759912035,0.20000000000004547,,none,0.005943303007896361,0.0,-0.010000000000002274,-2.34377678061215e-05
R03_shallower_empty,779,156.8000000000014,77.87981998298652,46.42613303669624,29.126086201512994,-10.099144432516335,0.0833703298012496,0.30513187424891636,-0.22449347503175313,0.022466063074828478,-0.9926102757453918,-0.6530238389968872,0.1241014152765274,-0.9926102757453918,-0.6530238389968872,0.1241014152765274,0.3044338345527649,-0.2285583436489105,0.03102535381913185,-0.003438862100700551,0.20000000000004547,,none,0.006586490496736985,0.0,-0.010000000000002274,-2.535259743526197e-05
R03_shallower_empty,780,157.00000000000145,77.83320491162644,46.46514052469916,29.120857960279864,-10.143944344371778,0.08841928319072923,0.30499506492700906,-0.22357487828963266,0.02763396529540765,-0.9924783110618591,-0.6334373354911804,0.15265808999538422,-0.9924783110618591,-0.6334373354911804,0.15265808999538422,0.3045130133628845,-0.22170306742191312,0.038164522498846054,-0.002744858153456225,0.20000000000004547,,none,0.0072791244906511565,0.0,-0.010000000000002274,-2.3982644105107197e-05
R03_shallower_empty,781,157.2000000000015,77.7884105678701,46.50615645106845,29.11529193853975,-10.188267876046591,0.09455661717032181,0.30495728920606996,-0.21993479225972215,0.033311460853697634,-0.9919596910476685,-0.6071926951408386,0.17952163517475128,-0.9919596910476685,-0.6071926951408386,0.17952163517475128,0.30482418537139894,-0.2125174432992935,0.04488040879368782,-0.002001710032784506,0.20000000000004547,,none,0.008026503970686605,0.0,-0.010000000000002274,-2.821400346883607e-05
R03_shallower_empty,782,157.40000000000154,77.7454847001262,46.54907234116676,29.10931900358282,-10.231640163536007,0.10180780799491582,0.30501039462806884,-0.214218890929725,0.038787702296684164,-0.9913374781608582,-0.5787762403488159,0.1997862309217453,-0.9913374781608582,-0.5787762403488159,0.1997862309217453,0.3051975131034851,-0.20257168412208557,0.049946557730436325,-0.0011978685589045497,0.20000000000004547,,none,0.008826502158949978,0.0,-0.010000000000002274,-2.437071785225342e-05
R03_shallower_empty,783,157.6000000000016,77.70445171919171,46.59376253491952,29.102872996120617,-10.27372244904325,0.11004198883002267,0.3051469794779563,-0.2071376762956993,0.04322004012273971,-0.9906195998191833,-0.5505954027175903,0.20900699496269226,-0.9906195998191833,-0.5505954027175903,0.20900699496269226,0.30562824010849,-0.1927083909511566,0.052251748740673065,-0.00034734941886779125,0.20000000000004547,,none,0.009670244530102678,0.0,-0.010000000000002274,-1.7593948968195327e-05
R03_shallower_empty,784,157.80000000000163,77.66531617980161,46.640091684992974,29.095901682040267,-10.31426861647452,0.11892066559211162,0.30534159249778847,-0.19894172781812605,0.04540225374724727,-0.9899544715881348,-0.5206884741783142,0.19939567148685455,-0.9899544715881348,-0.5206884741783142,0.19939567148685455,0.3060273170471191,-0.18224096596240996,0.04984891787171364,0.0005203724598073782,0.20000000000004547,,none,0.010540117345993139,0.0,-0.010000000000002274,-1.974488618348591e-05
R03_shallower_empty,785,158.00000000000168,77.6280644546305,46.68792240676276,29.08837667025182,-10.35318742680372,0.12806971478022308,0.3055928771434402,-0.19085581209098448,0.04604015911562653,-0.9892028570175171,-0.49822646379470825,0.18936003744602203,-0.9892028570175171,-0.49822646379470825,0.18936003744602203,0.3064782857894897,-0.17437926232814788,0.04734000936150551,0.0013984038907068445,0.20000000000004547,,none,0.011410520306419869,0.0,-0.010000000000002274,-1.2116415710750061e-05
R03_shallower_empty,786,158.20000000000172,77.59267499668492,46.737125641070485,29.080288624716214,-10.390658742379781,0.137223291677346,0.30588465267656384,-0.1843478497182355,0.04553377602135858,-0.9884787797927856,-0.48881906270980835,0.17800770699977875,-0.9884787797927856,-0.48881906270980835,0.17800770699977875,0.3069127321243286,-0.1710866719484329,0.04450192674994469,0.002259410853616525,0.20000000000004547,,none,0.012263768831410005,0.0,-0.010000000000002274,-4.357977791205059e-06
R03_shallower_empty,787,158.40000000000177,77.55913572972808,46.78759130912135,29.071643023358742,-10.427263016597518,0.14614187731462086,0.3062126482459766,-0.18188083193957952,0.04378396393679609,-0.9877194166183472,-0.5052966475486755,0.16087359189987183,-0.9877194166183472,-0.5052966475486755,0.16087359189987183,0.3073683500289917,-0.17685382664203642,0.04021839797496796,0.003079266918692868,0.20000000000004547,,none,0.013090580225391335,0.0,-0.010000000000002274,-1.131330669619235e-05
R03_shallower_empty,788,158.6000000000018,77.52746135960933,46.839243139797304,29.062458724153995,-10.463742279157156,0.15461062185858673,0.3066245147013445,-0.182839535995872,0.04110536768305092,-0.9865404367446899,-0.5279802083969116,0.14258892834186554,-0.9865404367446899,-0.5279802083969116,0.14258892834186554,0.30807573795318605,-0.18479307293891906,0.035647232085466385,0.0038710942981430158,0.20000000000004547,,none,0.013888099555099842,0.0,-0.010000000000002274,-1.7005256954552017e-05
R03_shallower_empty,789,158.80000000000186,77.49769465010894,46.89203684665875,29.05276426839734,-10.50076264076425,0.16246624454552883,0.3071602308461118,-0.18704696551452835,0.037706995017010504,-0.9849202632904053,-0.558915376663208,0.1231287270784378,-0.9849202632904053,-0.558915376663208,0.1231287270784378,0.3090478420257568,-0.1956203818321228,0.03078218176960945,0.004629986316724625,0.20000000000004547,,none,0.014656752497344883,0.0,-0.010000000000002274,-2.676618061798308e-05
R03_shallower_empty,790,159.0000000000019,77.4699046347651,46.94594393698655,29.04259481010801,-10.538542978554913,0.16965517126100316,0.3077978016318472,-0.19049642606067516,0.034429311602350604,-0.9832594990730286,-0.564358115196228,0.11100170016288757,-0.9832594990730286,-0.564358115196228,0.11100170016288757,0.3100443005561829,-0.1975253403186798,0.027750425040721893,0.005393069958027747,0.20000000000004547,,none,0.015396658884476722,0.0,-0.010000000000002274,-3.5889264467003913e-06
R03_shallower_empty,791,159.20000000000195,77.4441588498287,47.00092716167639,29.031984138491733,-10.576805822972085,0.17627254296262823,0.30852977916291974,-0.1920173833444933,0.03193258411902424,-0.98148512840271,-0.5574760437011719,0.10738015919923782,-0.98148512840271,-0.5574760437011719,0.10738015919923782,0.311108922958374,-0.19511661529541013,0.026845039799809456,0.006106109849965307,0.20000000000004547,,none,0.016107382387133384,0.0,-0.010000000000002274,-1.2725371658028895e-06
R03_shallower_empty,792,159.400000000002,77.42049268108046,47.05696642027097,29.020952360544996,-10.615102745245881,0.1824189824365873,0.309689179374412,-0.1910265208411204,0.029700075139520412,-0.9770427346229553,-0.5400213003158569,0.10060369968414307,-0.9770427346229553,-0.5400213003158569,0.10060369968414307,0.3137743592262268,-0.18900745511054992,0.025150924921035767,0.006792981992865953,0.20000000000004547,,none,0.016800388459522253,0.0,-0.010000000000002274,-7.406466654026334e-06
R03_shallower_empty,793,159.60000000000204,77.39890637478662,47.114071214564234,29.009507061779793,-10.65314487616245,0.18813002168997567,0.3113872658146882,-0.1895091525855586,0.027570801082540324,-0.9710491299629211,-0.5326206684112549,0.09292804449796677,-0.9710491299629211,-0.5326206684112549,0.09292804449796677,0.3173705220222473,-0.1864172339439392,0.02323201112449169,0.007484105758343416,0.20000000000004547,,none,0.017487097924984596,0.0,-0.010000000000002274,-2.992166638905447e-06
R03_shallower_empty,794,159.8000000000021,77.37938987266351,47.172283851540726,28.99764876094329,-10.690962386813815,0.19330888893565,0.3138490753246397,-0.18872505172159657,0.02445287026302855,-0.9624611139297485,-0.5346494317054749,0.07239803671836853,-0.9624611139297485,-0.5346494317054749,0.07239803671836853,0.32252333164215086,-0.1871273010969162,0.018099509179592133,0.008167172859075495,0.20000000000004547,,none,0.018177159881464178,0.0,-0.010000000000002274,-9.987022386407363e-06
R03_shallower_empty,795,160.00000000000213,77.3619559110182,47.23165253012758,28.985386336808514,-10.728977095738044,0.19781635790303878,0.316834407425196,-0.19123301218429947,0.020890328676369797,-0.9544111490249634,-0.560981273651123,0.05452396348118782,-0.9544111490249634,-0.560981273651123,0.05452396348118782,0.327353310585022,-0.19634344577789306,0.013630990870296955,0.008843766216646008,0.20000000000004547,,none,0.018865319223234422,0.0,-0.010000000000002274,-2.15530065861394e-05
R03_shallower_empty,796,160.20000000000218,77.34667110368983,47.292200701800795,28.9727398078125,-10.76774743437222,0.20166147711067173,0.3201968221781293,-0.19610329988177125,0.017794217722418126,-0.9465926885604858,-0.5886497497558594,0.045941274613142014,-0.9465926885604858,-0.5886497497558594,0.045941274613142014,0.33204438686370846,-0.20602741241455078,0.011485318653285503,0.009525558009763938,0.20000000000004547,,none,0.019543564718610185,0.0,-0.010000000000002274,-1.8006708843972817e-05
R03_shallower_empty,797,160.40000000000222,77.33364733521464,47.35391141004226,28.959732231578535,-10.807559243734605,0.20501251207405732,0.32365323130468143,-0.20160047116173194,0.015861780015915167,-0.940280020236969,-0.6080056428909302,0.047696322202682495,-0.940280020236969,-0.6080056428909302,0.047696322202682495,0.3358319878578186,-0.21280197501182554,0.011924080550670624,0.010200327560268493,0.20000000000004547,,none,0.02020867917171998,0.0,-0.010000000000002274,-8.351611449211316e-06
R03_shallower_empty,798,160.60000000000227,77.32301882399291,47.41670971546515,28.94638366689428,-10.848387165561496,0.20811567363299668,0.3269825664983641,-0.20632282279375191,0.015218332317891634,-0.9354773759841919,-0.6169871091842651,0.05562875419855118,-0.9354773759841919,-0.6169871091842651,0.05562875419855118,0.33871357440948485,-0.21594548821449278,0.013907188549637794,0.010854618993831052,0.20000000000004547,,none,0.02085795210595265,0.0,-0.010000000000002274,-3.3331121193225234e-06
R03_shallower_empty,799,160.8000000000023,77.31491413681213,47.480477546121534,28.93270512051737,-10.889981384531701,0.2111986322341216,0.33011334410264587,-0.20938831995198698,0.015583714766310899,-0.9314254522323608,-0.6160995364189148,0.06531299650669098,-0.9314254522323608,-0.6160995364189148,0.06531299650669098,0.3411447286605835,-0.21563483774662018,0.016328249126672745,0.011491144628382705,0.20000000000004547,,none,0.021493364436796725,0.0,-0.010000000000002274,-2.219808411744184e-06
R03_shallower_empty,800,161.00000000000236,77.30943755031991,47.545056156275685,28.91870247588841,-10.931941156813098,0.21435090678407895,0.3328596167704308,-0.2101518551087378,0.015914127480084448,-0.9291063547134399,-0.6048791408538818,0.06634961813688278,-0.9291063547134399,-0.6048791408538818,0.06634961813688278,0.342536187171936,-0.21170769929885863,0.016587404534220695,0.012108485910917953,0.20000000000004547,,none,0.022111132912407072,0.0,-0.010000000000002274,-2.6470014868451575e-06
R03_shallower_empty,801,161.2000000000024,77.30665622317119,47.61026828187715,28.904383540843416,-10.973884262049452,0.21752096012854005,0.33530504159615665,-0.20934035977351056,0.015795357662547804,-0.9267973899841309,-0.5933908224105835,0.06221336871385574,-0.9267973899841309,-0.5933908224105835,0.06221336871385574,0.34392156600952145,-0.2076867878437042,0.015553342178463936,0.012699126682097587,0.20000000000004547,,none,0.022702215108861168,0.0,-0.010000000000002274,-3.0884267613062735e-06
R03_shallower_empty,802,161.40000000000245,77.30660774813356,47.67592282599358,28.889764401083482,-11.015754834779743,0.22060870929978385,0.33727133401668347,-0.2093636147951082,0.015132122200862326,-0.9263339638710022,-0.5983171463012695,0.055122628808021545,-0.9263339638710022,-0.5983171463012695,0.055122628808021545,0.34419962167739865,-0.2094110012054443,0.013780657202005386,0.013251865629821447,0.20000000000004547,,none,0.02325336087028873,0.0,-0.010000000000002274,-1.4952404650092621e-06
R03_shallower_empty,803,161.6000000000025,77.30932556730261,47.74184995636253,28.874865336394876,-11.057838256900387,0.2234468137725085,0.33912927128600984,-0.2113229323675534,0.01338091152389816,-0.9238737225532532,-0.615186870098114,0.03924998268485069,-0.9238737225532532,-0.615186870098114,0.03924998268485069,0.3456757664680481,-0.2153154045343399,0.009812495671212673,0.013753206728832344,0.20000000000004547,,none,0.023764058354100115,0.0,-0.010000000000002274,-1.0851625265495824e-05
R03_shallower_empty,804,161.80000000000254,77.3148596928635,47.80790623505228,28.859713297252824,-11.100634974813099,0.22587019525695443,0.3408117068320813,-0.21627128845802301,0.011030085418130674,-0.922100305557251,-0.6467270851135254,0.024959368631243706,-0.922100305557251,-0.6467270851135254,0.024959368631243706,0.3467398166656494,-0.22635447978973386,0.0062398421578109264,0.014210795178776168,0.20000000000004547,,none,0.024234838215200227,0.0,-0.010000000000002274,-2.4043036421784805e-05
R03_shallower_empty,805,162.0000000000026,77.32327810978262,47.87386936675971,28.84435498623384,-11.144634372144843,0.22804009561847338,0.34168323466037054,-0.22320043416319058,0.010694231550757017,-0.9254098534584045,-0.6780567169189453,0.04003946855664253,-0.9254098534584045,-0.6780567169189453,0.04003946855664253,0.34475408792495726,-0.23731985092163085,0.010009867139160633,0.014615654314709807,0.20000000000004547,,none,0.024640052481714747,0.0,-0.010000000000002274,-2.4398167002664463e-05
R03_shallower_empty,806,162.20000000000263,77.3346303136955,47.939369726284575,28.828845253324584,-11.19001072754707,0.2304349917659829,0.34102168287815815,-0.23004708668576257,0.013075270667814998,-0.9355155229568481,-0.6971383094787598,0.0717083141207695,-0.9355155229568481,-0.6971383094787598,0.0717083141207695,0.3386906862258911,-0.2439984083175659,0.017927078530192375,0.014923434052791834,0.20000000000004547,,none,0.02495281700299401,0.0,-0.010000000000002274,-2.9382950199901283e-05
R03_shallower_empty,807,162.40000000000268,77.34891616982365,48.00397841654676,28.81321835009267,-11.236620852129747,0.23353113432796083,0.3390220992563099,-0.2356331376836803,0.017548971485746,-0.9467058181762695,-0.7057592868804932,0.10665985941886902,-0.9467058181762695,-0.7057592868804932,0.10665985941886902,0.33197650909423826,-0.24701575040817259,0.026664964854717255,0.015154016755820432,0.20000000000004547,,none,0.02518243984536639,0.0,-0.010000000000002274,-2.8423089543682113e-05
R03_shallower_empty,808,162.60000000000272,77.36608874314419,48.06732978275234,28.797467999101933,-11.28415617357366,0.23766650926866423,0.33617721481019824,-0.23943363289170683,0.023366323289386353,-0.9564113616943359,-0.706222414970398,0.1408810168504715,-0.9564113616943359,-0.706222414970398,0.1408810168504715,0.3261531829833984,-0.24717784523963926,0.035220254212617874,0.01534784207038967,0.20000000000004547,,none,0.02537315206396329,0.0,-0.010000000000002274,-2.5309993571345225e-05
R03_shallower_empty,809,162.80000000000277,77.38606788538948,48.12915404658574,28.781551894122444,-11.33229756101376,0.24300616720437201,0.3329658875295405,-0.2418017557528231,0.029563196828657292,-0.9639155268669128,-0.7046492695808411,0.16876189410686493,-0.9639155268669128,-0.7046492695808411,0.16876189410686493,0.3216506838798523,-0.24662724435329436,0.04219047352671623,0.015552684905689612,0.20000000000004547,,none,0.02556940751765069,0.0,-0.010000000000002274,-1.6722611958801538e-05
R03_shallower_empty,810,163.0000000000028,77.40875303756607,48.189272859130554,28.765403528104454,-11.38052972568362,0.24963765632303112,0.3297864071434232,-0.24060973380903655,0.036247869619972214,-0.9690276384353638,-0.6805164813995361,0.19947651028633118,-0.9690276384353638,-0.6805164813995361,0.19947651028633118,0.3185834169387817,-0.23818076848983763,0.049869127571582794,0.015772939543215396,0.20000000000004547,,none,0.02580397779916055,0.0,-0.010000000000002274,-3.1038255942879015e-05
R03_shallower_empty,811,163.20000000000286,77.43401059866105,48.247574357229645,28.748941354306027,-11.428160812230649,0.257629301345367,0.326766340063026,-0.23604516394069067,0.04314848057532341,-0.9731249213218689,-0.6478400230407715,0.22883901000022888,-0.9731249213218689,-0.6478400230407715,0.22883901000022888,0.3161250472068787,-0.22674400806427,0.05720975250005722,0.016055812568408212,0.20000000000004547,,none,0.026094746469357943,0.0,-0.010000000000002274,-3.8933900947455415e-05
R03_shallower_empty,812,163.4000000000029,77.46169153204619,48.30401150118309,28.732077086907005,-11.474888745266846,0.2667227880160412,0.3242359848287782,-0.23157135782389274,0.04746132633387804,-0.9744663238525391,-0.635586142539978,0.22499819099903107,-0.9744663238525391,-0.635586142539978,0.22499819099903107,0.3153202056884766,-0.2224551498889923,0.05624954774975777,0.01644975638578614,0.20000000000004547,,none,0.026453090562561954,0.0,-0.010000000000002274,-3.334176773539532e-06
R03_shallower_empty,813,163.60000000000295,77.49167494740882,48.35858852530698,28.714742677143743,-11.52097236791984,0.27625151954526206,0.3222927321727236,-0.22942652505643485,0.047800430620101864,-0.9742572903633118,-0.6430172324180603,0.19396567344665527,-0.9742572903633118,-0.6430172324180603,0.19396567344665527,0.3154456257820129,-0.2250560313463211,0.04849141836166382,0.01684781642159702,0.20000000000004547,,none,0.02686818206034758,0.0,-0.010000000000002274,-2.0365638748285342e-05
R03_shallower_empty,814,163.800000000003,77.52387352120317,48.411302834787215,28.696915644089668,-11.566914140912393,0.2855597166361398,0.32074264459597573,-0.2299516278006548,0.04545808333623445,-0.974531888961792,-0.660061776638031,0.16274046897888184,-0.974531888961792,-0.660061776638031,0.16274046897888184,0.3152808666229248,-0.23102162182331085,0.04068511724472046,0.017273384223731866,0.20000000000004547,,none,0.027298696329456362,0.0,-0.010000000000002274,-2.5312105722221644e-05
R03_shallower_empty,815,164.00000000000304,77.55821580081657,48.462107567242704,28.67861614363329,-11.613223012427099,0.29426157938471487,0.31932703397199813,-0.23291382604397728,0.04183371342465947,-0.9761015176773071,-0.6827138662338257,0.13779355585575104,-0.9761015176773071,-0.6827138662338257,0.13779355585575104,0.3143390893936157,-0.23894985318183898,0.03444838896393776,0.017677314227251835,0.20000000000004547,,none,0.02770007281468878,0.0,-0.010000000000002274,-2.2758587434670295e-05
R03_shallower_empty,816,164.2000000000031,77.59463794788776,48.51091825140778,28.659888541571895,-11.660249961167919,0.30219775266887955,0.3179534145472808,-0.23704434366434524,0.037829795295232026,-0.9781442880630493,-0.7013172507286072,0.11868428438901901,-0.9781442880630493,-0.7013172507286072,0.11868428438901901,0.3131134271621704,-0.2454610377550125,0.029671071097254753,0.01803146334548251,0.20000000000004547,,none,0.02804577180711476,0.0,-0.010000000000002274,-1.4308461629976011e-05
R03_shallower_empty,817,164.40000000000313,77.63308696191949,48.55764283564038,28.64078339860011,-11.70822494490367,0.30921905771842195,0.3167070191009867,-0.24230871711805954,0.0327649902741769,-0.9794744849205017,-0.722959578037262,0.08977805078029633,-0.9794744849205017,-0.722959578037262,0.08977805078029633,0.31231530904769894,-0.25303585231304165,0.02244451269507408,0.0183043121129209,0.20000000000004547,,none,0.028330426714852308,0.0,-0.010000000000002274,-2.6114601929131397e-05
R03_shallower_empty,818,164.60000000000318,77.67351884089143,48.6021845561563,28.62136150263568,-11.757332166200145,0.31507733305897306,0.3155351747198797,-0.2483110957188046,0.026304677800295793,-0.9809897541999817,-0.7444058656692505,0.05256238207221031,-0.9809897541999817,-0.7444058656692505,0.05256238207221031,0.311406147480011,-0.26054205298423766,0.013140595518052578,0.018507666554353756,0.20000000000004547,,none,0.028544611460187497,0.0,-0.010000000000002274,-3.694490583146665e-05
R03_shallower_empty,819,164.80000000000322,77.71588490018011,48.64443277920915,28.60170145685827,-11.807678422600612,0.3195387915588897,0.314363457971099,-0.2546720428006091,0.01887024170367079,-0.9829418659210205,-0.7646675705909729,0.014884809032082558,-0.9829418659210205,-0.7646675705909729,0.014884809032082558,0.3102348804473877,-0.2676336497068405,0.0037212022580206394,0.018632004256850625,0.20000000000004547,,none,0.028668683195586908,0.0,-0.010000000000002274,-3.6678938734010586e-05
R03_shallower_empty,820,165.00000000000327,77.76013014244899,48.68426912316299,28.581893741494422,-11.859332254413088,0.3224625968765324,0.31319935919695696,-0.26136204863404644,0.010963726636624996,-0.9848372936248779,-0.7856976389884949,-0.02058904431760311,-0.9848372936248779,-0.7856976389884949,-0.02058904431760311,0.3090976238250732,-0.2749941736459732,-0.005147261079400778,0.018655132358624923,0.20000000000004547,,none,0.028689217372516396,0.0,-0.010000000000002274,-3.408501388920016e-05
R03_shallower_empty,821,165.2000000000033,77.80619868744762,48.72157433392035,28.562030973879356,-11.91235879365287,0.3238048850229199,0.3120958955808749,-0.26837479227896427,0.00305522008927152,-0.9863203167915344,-0.8076130151748657,-0.052239302545785904,-0.9863203167915344,-0.8076130151748657,-0.052239302545785904,0.30820780992507935,-0.282664555311203,-0.013059825636446476,0.018574002316318082,0.20000000000004547,,none,0.02860368675466063,0.0,-0.010000000000002274,-2.968443834027286e-05
R03_shallower_empty,822,165.40000000000336,77.85403437487003,48.75622838649286,28.542201602197203,-11.966794207663284,0.3235902170660892,0.31110165327565126,-0.27544636256784605,-0.004623177723568433,-0.9873359799385071,-0.8281599879264832,-0.08107733726501465,-0.9873359799385071,-0.8281599879264832,-0.08107733726501465,0.30759841203689575,-0.28985599577426907,-0.020269334316253662,0.018390695042185195,0.20000000000004547,,none,0.028415791880334496,0.0,-0.010000000000002274,-2.50968381470254e-05
R03_shallower_empty,823,165.6000000000034,77.90357348009762,48.7881073057184,28.522492610243205,-12.022629095108254,0.32171138839381824,0.3102038084429359,-0.28237992806525436,-0.0134963376731472,-0.9882662892341614,-0.8471667170524597,-0.12630817294120789,-0.9882662892341614,-0.8471667170524597,-0.12630817294120789,0.3070402264595032,-0.29650835096836087,-0.03157704323530197,0.018077155336482756,0.20000000000004547,,none,0.028125314330953444,0.0,-0.010000000000002274,-4.815899446841243e-05
R03_shallower_empty,824,165.80000000000345,77.95474288401144,48.81709026001516,28.50300320459483,-12.0795754708541,0.31783748009811896,0.30943218652291876,-0.2867541441085815,-0.02441946744138307,-0.9888110756874084,-0.8447640538215637,-0.186709463596344,-0.9888110756874084,-0.8447640538215637,-0.186709463596344,0.30671335458755494,-0.29566741883754727,-0.046677365899086,0.017645691804521118,0.20000000000004547,,none,0.02771877951443713,0.0,-0.010000000000002274,-7.308770991373947e-05
R03_shallower_empty,825,166.0000000000035,78.00745673973489,48.843081662255194,28.483850248526238,-12.137032891248682,0.3116964106621681,0.30882311971190446,-0.28774535233255916,-0.036110102121422294,-0.9888715744018555,-0.8279003500938416,-0.23972773551940918,-0.9888715744018555,-0.8279003500938416,-0.23972773551940918,0.30667705535888673,-0.28976512253284453,-0.059931933879852295,0.017116511704311534,0.20000000000004547,,none,0.027178418210738187,0.0,-0.010000000000002274,-6.190650642437845e-05
R03_shallower_empty,826,166.20000000000354,78.06161506371099,48.8660192935218,28.465154334730446,-12.19437543295076,0.303396804991896,0.30842378778617807,-0.28582481579958346,-0.04613070064682959,-0.9883054494857788,-0.805461049079895,-0.2661980986595154,-0.9883054494857788,-0.805461049079895,-0.2661980986595154,0.3070167303085327,-0.2819113671779632,-0.06654952466487885,0.01647642317358759,0.20000000000004547,,none,0.02650051363063355,0.0,-0.010000000000002274,-2.4090457043683954e-05
R03_shallower_empty,827,166.4000000000036,78.11708750296832,48.885862178761606,28.447019504416936,-12.251170079978037,0.29352859783871477,0.3080906533990909,-0.2823812002652333,-0.052101361340276334,-0.9884719252586365,-0.786754846572876,-0.25707074999809265,-0.9884719252586365,-0.786754846572876,-0.25707074999809265,0.3069168448448181,-0.27536419630050657,-0.06426768749952316,0.01569008422855978,0.20000000000004547,,none,0.025698749392962128,0.0,-0.010000000000002274,-8.665164400074587e-06
R03_shallower_empty,828,166.60000000000363,78.17370293003593,48.902576057777885,28.429511193435694,-12.307308536804225,0.2830380179815268,0.3077261253787435,-0.27924011224685674,-0.052755160310344884,-0.9892638325691223,-0.7795416116714478,-0.21634958684444427,-0.9892638325691223,-0.7795416116714478,-0.21634958684444427,0.3064417004585266,-0.2728395640850067,-0.05408739671111107,0.014772773287896251,0.20000000000004547,,none,0.02480699070796888,0.0,-0.010000000000002274,-3.421742007035267e-05
R03_shallower_empty,829,166.80000000000368,78.23126439630413,48.91612523285491,28.412639623342894,-12.363013227917921,0.2728820636822421,0.30730822383974565,-0.27790725642289515,-0.04908128331368144,-0.9902737736701965,-0.7862609028816223,-0.16638031601905823,-0.9902737736701965,-0.7862609028816223,-0.16638031601905823,0.3058357357978821,-0.2751913160085678,-0.04159507900476456,0.013826561132706092,0.20000000000004547,,none,0.023877423070352677,0.0,-0.010000000000002274,-5.086193764431091e-05
R03_shallower_empty,830,167.00000000000372,78.28956471984381,48.92646794808942,28.39636484281924,-12.418548301991994,0.26378181694327457,0.3068499021400134,-0.2774759890044261,-0.042423018445069814,-0.9912750124931335,-0.7902777194976807,-0.11542228609323502,-0.9912750124931335,-0.7902777194976807,-0.11542228609323502,0.30523499250411984,-0.27659720182418823,-0.028855571523308754,0.012906885267801902,0.20000000000004547,,none,0.02295916242998075,0.0,-0.010000000000002274,-5.2277162176573855e-05
R03_shallower_empty,831,167.20000000000377,78.34838573283957,48.93356852441643,28.38061460618131,-12.473858451627214,0.25608569006320625,0.3063035287519548,-0.2757552032170344,-0.03509087504531728,-0.9927027225494385,-0.7778536677360535,-0.08060110360383987,-0.9927027225494385,-0.7778536677360535,-0.08060110360383987,0.3043783664703369,-0.2722487837076187,-0.02015027590095997,0.01205723936908809,0.20000000000004547,,none,0.02208461757245317,0.0,-0.010000000000002274,-2.73782033628045e-05
R03_shallower_empty,832,167.4000000000038,78.40750776519305,48.93741991985537,28.365307333726673,-12.528660264557555,0.24976760173724283,0.30572029551503505,-0.27250769150544607,-0.028580682361767633,-0.9938912391662598,-0.7596865296363831,-0.06125983968377113,-0.9938912391662598,-0.7596865296363831,-0.06125983968377113,0.3036652565002441,-0.26589028537273407,-0.015314959920942783,0.011251908126349703,0.20000000000004547,,none,0.02126601896572211,0.0,-0.010000000000002274,-1.4110839370134188e-05
R03_shallower_empty,833,167.60000000000386,78.46672754696179,48.938047909817136,28.350368566717318,-12.582724026487321,0.2445245724471703,0.30515430818348305,-0.26843675486515095,-0.024181200139106462,-0.9947332739830017,-0.7432613372802734,-0.06086576357483864,-0.9947332739830017,-0.7432613372802734,-0.06086576357483864,0.30316003561019894,-0.2601414680480957,-0.01521644089370966,0.01049581142900406,0.20000000000004547,,none,0.020501224454257283,0.0,-0.010000000000002274,-5.413025250948777e-06
R03_shallower_empty,834,167.8000000000039,78.52586141789676,48.93550097659072,28.335740043938305,-12.635948367237747,0.24018807752372098,0.3046306030758205,-0.2641311655197561,-0.019534008583175777,-0.9953578114509583,-0.7295935153961182,-0.04025798290967941,-0.9953578114509583,-0.7295935153961182,-0.04025798290967941,0.302785313129425,-0.25535773038864135,-0.010064495727419853,0.009766221145782203,0.20000000000004547,,none,0.01977845874630546,0.0,-0.010000000000002274,-1.2237600520983716e-05
R03_shallower_empty,835,168.00000000000395,78.5847364150007,48.92983992749826,28.321364679802294,-12.68837854156522,0.2367859554101968,0.3041386629343668,-0.2604481659553849,-0.014840930512955867,-0.9959911704063416,-0.7226953506469727,-0.021111661568284035,-0.9959911704063416,-0.7226953506469727,-0.021111661568284035,0.30240529775619507,-0.2529433727264404,-0.005277915392071009,0.009090875289397529,0.20000000000004547,,none,0.019099166638227416,0.0,-0.010000000000002274,-8.291348827613801e-06
R03_shallower_empty,836,168.200000000004,78.64318765546491,48.92112856163931,28.307186277810604,-12.740155201337249,0.23425398164344827,0.30368179076317525,-0.2575377874094016,-0.01078453803209681,-0.9965466856956482,-0.7188781499862671,-0.010075550526380539,-0.9965466856956482,-0.7188781499862671,-0.010075550526380539,0.3020719885826111,-0.25160735249519345,-0.0025188876315951347,0.00846143447738581,0.20000000000004547,,none,0.018464167984689084,0.0,-0.010000000000002274,-2.7335073009993743e-06
R03_shallower_empty,837,168.40000000000404,78.70106630573898,48.909429627648265,28.293154122477652,-12.791373510203927,0.23243264321320764,0.30332904841455166,-0.25484802874968554,-0.007664038744908974,-0.9965230822563171,-0.7124775648117065,-0.005221775732934475,-0.9965230822563171,-0.7124775648117065,-0.005221775732934475,0.3020861506462097,-0.24936714768409726,-0.0013054439332336187,0.00786873230449967,0.20000000000004547,,none,0.017870022848050837,0.0,-0.010000000000002274,-1.290543548892898e-06
R03_shallower_empty,838,168.6000000000041,78.75823787916882,48.89480682826049,28.27922693729884,-12.842086638745618,0.23113488543998711,0.3030724771208071,-0.2524630154578802,-0.005478279939023064,-0.996385931968689,-0.7074374556541443,-0.004097567405551672,-0.996385931968689,-0.7074374556541443,-0.004097567405551672,0.30216844081878663,-0.24760310947895048,-0.001024391851387918,0.007308602420131312,0.20000000000004547,,none,0.017309136127231284,0.0,-0.010000000000002274,-5.337070976979249e-07
R03_shallower_empty,839,168.80000000000413,78.81457376283534,48.87732546647303,28.265374788683015,-12.89234484080642,0.23019279737510545,0.302897679060894,-0.25028329127172955,-0.004050232823751774,-0.9961970448493958,-0.7024048566818237,-0.004561290144920349,-0.9961970448493958,-0.7024048566818237,-0.004561290144920349,0.3022817730903625,-0.2458416998386383,-0.0011403225362300873,0.006770739698730543,0.20000000000004547,,none,0.016771251254123598,0.0,-0.010000000000002274,-5.11555390780888e-07
R03_shallower_empty,840,169.00000000000418,78.86995117522915,48.85705261711188,28.251577310752783,-12.9421862544513,0.2294588366743594,0.30280398582362394,-0.24828170501742897,-0.0033427009607415307,-0.9958769083023071,-0.6977231502532959,-0.0076038953848183155,-0.9958769083023071,-0.6977231502532959,-0.0076038953848183155,0.30247385501861573,-0.24420310258865355,-0.0019009738462045789,0.006247209121166999,0.20000000000004547,,none,0.016247834687352025,0.0,-0.010000000000002274,-6.255661827511044e-07
R03_shallower_empty,841,169.20000000000422,78.92425242581965,48.83405763308559,28.237822510915112,-12.99162862024826,0.22882128477280203,0.302775887081678,-0.24629192309811515,-0.0030545370125466802,-0.9955385327339172,-0.6921067833900452,-0.009869398549199104,-0.9955385327339172,-0.6921067833900452,-0.009869398549199104,0.3026768803596496,-0.24223737418651578,-0.002467349637299776,0.005730743711639453,0.20000000000004547,,none,0.015731479523228842,0.0,-0.010000000000002274,-7.358115871144685e-07
R03_shallower_empty,842,169.40000000000427,78.977366686713,48.80841543057104,28.224102254246727,-13.040530090227774,0.228284175584869,0.30282422857148383,-0.24297292970089987,-0.002368278284604314,-0.9950090646743774,-0.6748853325843811,-0.0038795964792370796,-0.9950090646743774,-0.6748853325843811,-0.0038795964792370796,0.30299456119537355,-0.23620986640453337,-0.0009698991198092699,0.005212938361280669,0.20000000000004547,,none,0.01521959308994525,0.0,-0.010000000000002274,-6.654728662306031e-06
R03_shallower_empty,843,169.60000000000431,79.02919306265504,48.780214654021364,28.210405670321748,-13.088737249219587,0.22790187142289353,0.3029334085050782,-0.2393701985741116,-0.0015187894307505455,-0.9944698214530945,-0.6629399061203003,0.0008488052990287542,-0.9944698214530945,-0.6629399061203003,0.0008488052990287542,0.3033181071281433,-0.23202896714210508,0.00021220132475718856,0.004713607377574982,0.20000000000004547,,none,0.014716914213178,0.0,-0.010000000000002274,-3.306835600743386e-06
R03_shallower_empty,844,169.80000000000436,79.07963869832766,48.74955092985574,28.196720510102065,-13.13621291307886,0.22767468835553295,0.3031049909464983,-0.23566565220475238,-0.000806710716697123,-0.9938173890113831,-0.6517627239227295,0.002577125793322921,-0.9938173890113831,-0.6517627239227295,0.002577125793322921,0.30370956659317017,-0.22811695337295532,0.0006442814483307302,0.004223657675941054,0.20000000000004547,,none,0.014226224519177322,0.0,-0.010000000000002274,-2.566843233993768e-06
R03_shallower_empty,845,170.0000000000044,79.12861926587277,48.716522555470746,28.18303583272611,-13.182939015932204,0.22756826501353514,0.3033357194306915,-0.23188065230860744,-0.0002960139882572998,-0.993085503578186,-0.6404800415039062,0.0029785004444420338,-0.993085503578186,-0.6404800415039062,0.0029785004444420338,0.30414869785308835,-0.22416801452636717,0.0007446251111105084,0.0037447641394879063,0.20000000000004547,,none,0.013747324053099419,0.0,-0.010000000000002274,-2.5599136092382013e-06
R03_shallower_empty,846,170.20000000000445,79.17605829274946,48.681229702722185,28.169343063242668,-13.228902550796068,0.22754761019786343,0.3036200531268421,-0.22804387479622648,6.244846547629056e-05,-0.9922968149185181,-0.6292163729667664,0.003171528223901987,-0.9922968149185181,-0.6292163729667664,0.003171528223901987,0.30462191104888914,-0.22022573053836822,0.0007928820559754968,0.0032762769344115233,0.20000000000004547,,none,0.0132788275247826,0.0,-0.010000000000002274,-2.5505903688017446e-06
R03_shallower_empty,847,170.4000000000045,79.22188663991365,48.64377374544071,28.15563559486168,-13.274101165475754,0.2275894815859051,0.3039529408421612,-0.22422974360999773,0.0003356724819987468,-0.9914568662643433,-0.6184507012367249,0.003569667926058173,-0.9914568662643433,-0.6184507012367249,0.003569667926058173,0.30512588024139403,-0.21645774543285368,0.0008924169815145433,0.002817302806465239,0.20000000000004547,,none,0.012819638080802775,0.0,-0.010000000000002274,-2.335274335261958e-06
R03_shallower_empty,848,170.60000000000454,79.2660453136246,48.60425803717275,28.141906886147567,-13.318357919230582,0.22772290113143512,0.3043454614298555,-0.2187507467128269,0.0009520653549010068,-0.9904524683952332,-0.5931036472320557,0.008832319639623165,-0.9904524683952332,-0.5931036472320557,0.008832319639623165,0.3057285189628601,-0.20758627653121947,0.0022080799099057913,0.0023573015235421953,0.20000000000004547,,none,0.012370725072841537,0.0,-0.010000000000002274,-1.3423549297067557e-05
R03_shallower_empty,849,170.8000000000046,79.30849125077745,48.562799847928844,28.128147373830103,-13.361368245554623,0.22803681733797465,0.3047552512101753,-0.2118710409298282,0.0021005362927474106,-0.989668071269989,-0.565292477607727,0.017763033509254456,-0.989668071269989,-0.565292477607727,0.017763033509254456,0.30619915723800656,-0.19785236716270446,0.004440758377313614,0.0019203144287314072,0.20000000000004547,,none,0.011937391110432571,0.0,-0.010000000000002274,-1.707668169888989e-05
R03_shallower_empty,850,171.00000000000463,79.34919711214702,48.51953046845731,28.114343890028533,-13.4029022538011,0.22858381120817672,0.30516151847304546,-0.20405791773978843,0.003280470593401795,-0.9890116453170776,-0.5375349521636963,0.022739220410585403,-0.9890116453170776,-0.5375349521636963,0.022739220410585403,0.30659301280975343,-0.1881372332572937,0.005684805102646351,0.001509661714046965,0.20000000000004547,,none,0.011525575185046932,0.0,-0.010000000000002274,-1.591347099769297e-05
R03_shallower_empty,851,171.20000000000468,79.38814709390084,48.474590580472274,28.100483180928048,-13.44291003125244,0.229414149595435,0.3054989481946917,-0.19658322539737982,0.004900789605075259,-0.9888535141944885,-0.5181490182876587,0.03280995786190033,-0.9888535141944885,-0.5181490182876587,0.03280995786190033,0.3066878914833069,-0.18135215640068053,0.008202489465475082,0.0011276726250355198,0.20000000000004547,,none,0.011137217808848021,0.0,-0.010000000000002274,-9.545183810227009e-06
R03_shallower_empty,852,171.40000000000472,79.42533238471967,48.42811868385244,28.086548926308204,-13.481467942707585,0.2305770837804163,0.3057938105563568,-0.1895276675513242,0.0066004486974758905,-0.9886120557785034,-0.5004304647445679,0.04025527462363243,-0.9886120557785034,-0.5004304647445679,0.04025527462363243,0.3068327665328979,-0.17515066266059875,0.010063818655908108,0.0007686638286579418,0.20000000000004547,,none,0.010776052592330387,0.0,-0.010000000000002274,-7.388763670171106e-06
R03_shallower_empty,853,171.60000000000477,79.460753605037,48.38024266716376,28.072522659508422,-13.518662979136312,0.23206371324634698,0.30606714542028307,-0.18292066728469625,0.008149122218531613,-0.9882829189300537,-0.4841648042201996,0.04521932452917099,-0.9882829189300537,-0.4841648042201996,0.04521932452917099,0.30703024864196776,-0.16945768147706985,0.011304831132292747,0.00043835442612455547,0.20000000000004547,,none,0.010444140862823303,0.0,-0.010000000000002274,-5.786436696473552e-06
R03_shallower_empty,854,171.80000000000481,79.49441845202725,48.331079786225594,28.05838668843698,-13.554585908832076,0.23383505350770042,0.3063331910248677,-0.17677205170286844,0.009465095315710211,-0.9878823161125183,-0.46926602721214294,0.048586536198854446,-0.9878823161125183,-0.46926602721214294,0.048586536198854446,0.307270610332489,-0.16424310952425003,0.012146634049713612,0.00013574116319178833,0.20000000000004547,,none,0.010140410606261696,0.0,-0.010000000000002274,-4.669443067633339e-06
R03_shallower_empty,855,172.00000000000486,79.52633952771023,48.28073738882838,28.044125428611633,-13.589327885396507,0.23584432357575727,0.30660052392121656,-0.17107695424588543,0.010546127793431866,-0.9874292016029358,-0.4556346833705902,0.05099572613835335,-0.9874292016029358,-0.4556346833705902,0.05099572613835335,0.3075424790382385,-0.15947213917970657,0.012748931534588337,-0.0001414936553033115,0.20000000000004547,,none,0.009862342805575963,0.0,-0.010000000000002274,-3.836460877000292e-06
R03_shallower_empty,856,172.2000000000049,79.55653255899031,48.229313003652976,28.02972558888145,-13.623002874899303,0.23804478413495825,0.30688103469393163,-0.16605169526535782,0.011394533351160236,-0.9868842959403992,-0.4451765716075897,0.05249326676130295,-0.9868842959403992,-0.4451765716075897,0.05249326676130295,0.3078694224357605,-0.15581180006265638,0.013123316690325737,-0.0003951540438136779,0.20000000000004547,,none,0.009607084189223514,0.0,-0.010000000000002274,-2.2382330349171586e-06
R03_shallower_empty,857,172.40000000000495,79.58501407912853,48.176893933669234,28.01517602262459,-13.655721017629489,0.2403946261621433,0.30718486287973007,-0.16147470076243609,0.0120541700118599,-0.9862409830093384,-0.43470922112464905,0.05359320715069771,-0.9862409830093384,-0.43470922112464905,0.05359320715069771,0.30825541019439695,-0.15214822739362716,0.013398301787674427,-0.0006305022094670153,0.20000000000004547,,none,0.009371721573465663,0.0,-0.010000000000002274,-2.2237829304042057e-06
R03_shallower_empty,858,172.600000000005,79.61180056512472,48.123561524086895,28.00046792154117,-13.687545625242405,0.24286560761328455,0.30749350063512526,-0.15710102028563294,0.012613488579637748,-0.9856983423233032,-0.42339667677879333,0.055012814700603485,-0.9856983423233032,-0.42339667677879333,0.055012814700603485,0.30858099460601807,-0.14818883687257767,0.013753203675150871,-0.000849079803138234,0.20000000000004547,,none,0.009153525864945777,0.0,-0.010000000000002274,-2.605668081736845e-06
R03_shallower_empty,859,172.80000000000504,79.63690857046687,48.06939738296489,27.985595023432726,-13.718480888389784,0.24544587933450324,0.30776888488463283,-0.15259149476716233,0.013148876378116547,-0.9854346513748169,-0.4097214341163635,0.05695931240916252,-0.9854346513748169,-0.4097214341163635,0.05695931240916252,0.30873920917510983,-0.14340250194072723,0.01423982810229063,-0.0010535383559751863,0.20000000000004547,,none,0.00895027905698953,0.0,-0.010000000000002274,-3.817412962441591e-06
R03_shallower_empty,860,173.0000000000051,79.66035767185211,48.0144835040885,27.970552595204577,-13.748536601984327,0.24812628983059948,0.30800585964831245,-0.14828985628199914,0.013619739558077527,-0.9852652549743652,-0.39864134788513184,0.05831684172153473,-0.9852652549743652,-0.39864134788513184,0.05831684172153473,0.30884084701538084,-0.13952447175979613,0.014579210430383682,-0.0012415752936313284,0.20000000000004547,,none,0.008760917504208265,0.0,-0.010000000000002274,-2.492797837319316e-06
R03_shallower_empty,861,173.20000000000513,79.6821699137908,47.95889762105295,27.95533663120943,-13.777759214320804,0.2508951470939724,0.3082093503882799,-0.144241399821364,0.014037357176426546,-0.9851227402687073,-0.388548344373703,0.059553321450948715,-0.9851227402687073,-0.388548344373703,0.059553321450948715,0.30892635583877565,-0.13599192053079603,0.014888330362737179,-0.001417450762034401,0.20000000000004547,,none,0.00858461759621676,0.0,-0.010000000000002274,-2.0683582488859043e-06
R03_shallower_empty,862,173.40000000000518,79.70236844252216,47.90271289166308,27.939943714919636,-13.806204996168047,0.253746411938057,0.30837617322994465,-0.14049852003248267,0.01444459750313939,-0.9850600361824036,-0.37963345646858215,0.06109770014882088,-0.9850600361824036,-0.37963345646858215,0.06109770014882088,0.30896397829055783,-0.13287170976400375,0.01527442503720522,-0.0015810453397929543,0.20000000000004547,,none,0.008420591945483835,0.0,-0.010000000000002274,-1.6372852745150101e-06
R03_shallower_empty,863,173.60000000000522,79.72097681758284,47.845997427118164,27.924370557326135,-13.833932388090611,0.2566737753453024,0.30851712223469313,-0.13703634390010364,0.014802092147202862,-0.9849770665168762,-0.37137576937675476,0.06212221458554268,-0.9849770665168762,-0.37137576937675476,0.06212221458554268,0.30901376008987425,-0.12998151928186416,0.01553055364638567,-0.001732984606095816,0.20000000000004547,,none,0.008268400312104518,0.0,-0.010000000000002274,-1.384918198059637e-06
R03_shallower_empty,864,173.80000000000527,79.73801901900212,47.78881350295926,27.90861401215311,-13.860996226219015,0.25966456722120035,0.3086409531218353,-0.1338427397801731,0.015084538583729021,-0.9848712086677551,-0.3638148009777069,0.06264030188322067,-0.9848712086677551,-0.3638148009777069,0.06264030188322067,0.30907727479934693,-0.1273351803421974,0.015660075470805168,-0.001873715448474692,0.20000000000004547,,none,0.008127433508796855,0.0,-0.010000000000002274,-1.1489572692727213e-06
R03_shallower_empty,865,174.00000000000531,79.75351902168443,47.73121779592449,27.892671283077767,-13.887451903266458,0.262706373808899,0.30875805159871716,-0.1309333144915924,0.015316076265303393,-0.9847155809402466,-0.3571566343307495,0.06315150856971741,-0.9847155809402466,-0.3571566343307495,0.06315150856971741,0.30917065143585204,-0.12500482201576232,0.015787877142429352,-0.0020040528743342383,0.20000000000004547,,none,0.007996839460375327,0.0,-0.010000000000002274,-8.923347072908871e-07
R03_shallower_empty,866,174.20000000000536,79.76750191079329,47.673259384630875,27.876538193478932,-13.913296796908138,0.26582978961934556,0.30890512697767336,-0.1277551598891229,0.01587588869667745,-0.9842944145202637,-0.3465116620063782,0.06806644052267075,-0.9842944145202637,-0.3465116620063782,0.06806644052267075,0.30942335128784176,-0.12127908170223235,0.017016610130667686,-0.002125611333321677,0.20000000000004547,,none,0.00787714165414144,0.0,-0.010000000000002274,-2.7529874608422934e-06
R03_shallower_empty,867,174.4000000000054,79.7799958170929,47.61498677520357,27.860207645918614,-13.938505057478846,0.2690907987133848,0.3090415963230752,-0.12456768616534913,0.01667404508345098,-0.9841292500495911,-0.33735033869743347,0.0732017457485199,-0.9841292500495911,-0.33735033869743347,0.0732017457485199,0.30952244997024536,-0.11807261854410171,0.018300436437129974,-0.0022308613446802125,0.20000000000004547,,none,0.0077713452249987824,0.0,-0.010000000000002274,-2.2065696767203934e-06
R03_shallower_empty,868,174.60000000000545,79.79103008240415,47.556447818282265,27.843670491505435,-13.963103319762434,0.27250646824244373,0.3091918302461214,-0.12163590540310305,0.017425976992339786,-0.9837980270385742,-0.3304624557495117,0.07583270967006683,-0.9837980270385742,-0.3304624557495117,0.07583270967006683,0.3097211837768555,-0.11566185951232909,0.01895817741751671,-0.0023195260548276994,0.20000000000004547,,none,0.007681563437401451,0.0,-0.010000000000002274,-1.0894922268755992e-06
R03_shallower_empty,869,174.8000000000055,79.80063402031917,47.49768343847896,27.826916965511046,-13.987127861357761,0.276046471714013,0.3093731673983636,-0.11882162338565636,0.017935644045172998,-0.9833131432533264,-0.32310572266578674,0.0758967399597168,-0.9833131432533264,-0.32310572266578674,0.0758967399597168,0.31001211404800416,-0.11308700293302536,0.0189741849899292,-0.0023935785666643256,0.20000000000004547,,none,0.007607508648014516,0.0,-0.010000000000002274,-1.0872146765672497e-06
R03_shallower_empty,870,175.00000000000554,79.8088373581018,47.438728061717114,27.809938903834574,-14.010585233829223,0.2796620637123798,0.3096024655611982,-0.11596723684784405,0.018200326764347505,-0.9826493263244629,-0.3147168457508087,0.0749586671590805,-0.9826493263244629,-0.3147168457508087,0.0749586671590805,0.31041040420532223,-0.11015089601278304,0.018739666789770126,-0.0024547544555315478,0.20000000000004547,,none,0.0075466794222585065,0.0,-0.010000000000002274,-1.4338777877798136e-06
R03_shallower_empty,871,175.2000000000056,79.81567046142602,47.37961242031455,27.79273071492327,-14.033493161815334,0.28330915998962086,0.30987030015511413,-0.11331215677551101,0.01826570819997188,-0.9819766283035278,-0.3082912564277649,0.07359573990106583,-0.9819766283035278,-0.3082912564277649,0.07359573990106583,0.3108140230178833,-0.1079019397497177,0.018398934975266457,-0.002504883618438269,0.20000000000004547,,none,0.007495988347393734,0.0,-0.010000000000002274,-8.719658297284827e-07
R03_shallower_empty,872,175.40000000000563,79.82116212288541,47.32036473781614,27.7752894341752,-14.055899670425143,0.28694416535049855,0.3101786748898158,-0.1109322995032884,0.018097056696575586,-0.9812245965003967,-0.3030939996242523,0.07101359218358994,-0.9812245965003967,-0.3030939996242523,0.07101359218358994,0.311265242099762,-0.1060828998684883,0.017753398045897484,-0.002548251591351006,0.20000000000004547,,none,0.0074524332989902575,0.0,-0.010000000000002274,-6.848903389888861e-07
R03_shallower_empty,873,175.60000000000568,79.82533789418655,47.26100715283144,27.757614400110196,-14.077901627985204,0.2904951944198505,0.31055358781064796,-0.1092165894107463,0.017461161507672164,-0.9802089929580688,-0.302058607339859,0.06466162949800491,-0.9802089929580688,-0.302058607339859,0.06466162949800491,0.31187460422515867,-0.10572051256895065,0.01616540737450123,-0.0025881579678873885,0.20000000000004547,,none,0.007412691050468823,0.0,-0.010000000000002274,-8.490183539366925e-07
R03_shallower_empty,874,175.80000000000572,79.82821701096597,47.20155647836724,27.739709194852278,-14.099597632089708,0.2938848716012272,0.31098865452749125,-0.10784670036620407,0.016507488756814213,-0.9791306257247925,-0.30015799403190613,0.05825681611895561,-0.9791306257247925,-0.30015799403190613,0.05825681611895561,0.3125216245651245,-0.10505529791116713,0.014564204029738903,-0.0026293676882883786,0.20000000000004547,,none,0.007371548248539028,0.0,-0.010000000000002274,-9.159368251324129e-07
R03_shallower_empty,875,176.00000000000577,79.82981422952287,47.142030132021716,27.72158186912853,-14.121037814206305,0.29707158023211633,0.31145754014982086,-0.10664564454746708,0.01544005052338011,-0.9781505465507507,-0.2977093458175659,0.053059790283441544,-0.9781505465507507,-0.2977093458175659,0.053059790283441544,0.31310967206954954,-0.10419827103614807,0.013264947570860386,-0.002676090849565071,0.20000000000004547,,none,0.007324588460653203,0.0,-0.010000000000002274,-6.793102159996511e-07
R03_shallower_empty,876,176.20000000000582,79.83014215334093,47.082448234987325,27.70324315040123,-14.142243220675871,0.3000460789276354,0.3119413759828347,-0.10549513427118169,0.01438449388556356,-0.9772563576698303,-0.2947164475917816,0.04893440753221512,-0.9772563576698303,-0.2947164475917816,0.04893440753221512,0.3136461853981018,-0.10315075665712356,0.01223360188305378,-0.002730926215569692,0.20000000000004547,,none,0.007269609300360358,0.0,-0.010000000000002274,-5.355159277756205e-07
R03_shallower_empty,877,176.40000000000586,79.82921389727034,47.022831711291104,27.68470494294507,-14.163164268913235,0.3027842455193146,0.31243743417219144,-0.10384008909268831,0.013094406128740764,-0.9763578176498413,-0.28705036640167236,0.041862454265356064,-0.9763578176498413,-0.28705036640167236,0.041862454265356064,0.3141853094100952,-0.10046762824058532,0.010465613566339016,-0.002796561589104084,0.20000000000004547,,none,0.007205630184857981,0.0,-0.010000000000002274,-2.191773959790144e-06
R03_shallower_empty,878,176.6000000000059,79.82704715270863,46.96320057402664,27.665981779076855,-14.18373875405346,0.3052434886592295,0.31293836406806486,-0.1020404047724393,0.011609911817542727,-0.9754943251609802,-0.28106632828712463,0.034339919686317444,-0.9754943251609802,-0.28106632828712463,0.034339919686317444,0.31470340490341187,-0.09837321490049361,0.008584979921579361,-0.002871866721296422,0.20000000000004547,,none,0.007129996135864403,0.0,-0.010000000000002274,-1.8628571585502241e-06
R03_shallower_empty,879,176.80000000000595,79.82366182814877,46.90357453061314,27.647090893352356,-14.203955260293759,0.30739861618104064,0.3134332932291943,-0.10025892780285506,0.010058308000679398,-0.9747046828269958,-0.2760823965072632,0.02758651226758957,-0.9747046828269958,-0.2760823965072632,0.02758651226758957,0.3151771903038025,-0.09662883877754211,0.006896628066897392,-0.0029613406654272474,0.20000000000004547,,none,0.007040080767030332,0.0,-0.010000000000002274,-1.4214324553052382e-06
R03_shallower_empty,880,177.000000000006,79.81907768428024,46.843983221434414,27.62805347783866,-14.223883842703659,0.3092732129646378,0.3138183516583822,-0.09911324646160104,0.008783725313502386,-0.9747081398963928,-0.2765105962753296,0.024746108800172806,-0.9747081398963928,-0.2765105962753296,0.024746108800172806,0.3151751160621643,-0.09677870869636535,0.0061865272000432014,-0.0030661140996370594,0.20000000000004547,,none,0.006934050925542223,0.0,-0.010000000000002274,-1.6502517700828223e-07
R03_shallower_empty,881,177.20000000000604,79.81331073455917,46.78446413776395,27.6088905296552,-14.243589778328632,0.3109257736476565,0.3141095742673552,-0.09802791162866524,0.007814901876751885,-0.9747738242149353,-0.27376097440719604,0.023362979292869568,-0.9747738242149353,-0.27376097440719604,0.023362979292869568,0.3151357054710388,-0.09581634104251861,0.005840744823217392,-0.003186288912790093,0.20000000000004547,,none,0.00681390064285381,0.0,-0.010000000000002274,-1.8955564162786987e-07
R03_shallower_empty,882,177.4000000000061,79.80637662825794,46.725052305326216,27.58961882962165,-14.26307520504648,0.3124105515934714,0.3143193246931263,-0.09691056976484941,0.007087687808997957,-0.9749026894569397,-0.27038222551345825,0.02242341823875904,-0.9749026894569397,-0.27038222551345825,0.02242341823875904,0.31505838632583616,-0.09463377892971038,0.00560585455968976,-0.003316608778651568,0.20000000000004547,,none,0.006683637527856945,0.0,-0.010000000000002274,-2.463065062386499e-07
R03_shallower_empty,883,177.60000000000613,79.79829203529903,46.665779553433175,27.570251424590655,-14.282335877753228,0.3137662144280409,0.31446780364235866,-0.09578127259106052,0.006512307065107554,-0.9750150442123413,-0.26708605885505676,0.02135944925248623,-0.9750150442123413,-0.26708605885505676,0.02135944925248623,0.3149909734725952,-0.09348012059926986,0.005339862313121557,-0.003453629973817783,0.20000000000004547,,none,0.006546610213549187,0.0,-0.010000000000002274,-2.4018736469538785e-07
R03_shallower_empty,884,177.80000000000618,79.78907182227512,46.60667146619139,27.550797763074936,-14.30147641468128,0.31500666555449336,0.3145988517738689,-0.0956351127755219,0.0059356657381514095,-0.9748989939689636,-0.27239224314689636,0.0190426092594862,-0.9748989939689636,-0.27239224314689636,0.0190426092594862,0.3150606036186218,-0.09533728510141372,0.00476065231487155,-0.00359538513071133,0.20000000000004547,,none,0.006405285605429967,0.0,-0.010000000000002274,-6.707361390223543e-07
R03_shallower_empty,885,178.00000000000622,79.77872157658318,46.54775011153855,27.531265671068603,-14.320649522597401,0.31612961466900696,0.3147173818522097,-0.09606366624946451,0.0053388104731057475,-0.974774956703186,-0.27696263790130615,0.016490429639816284,-0.974774956703186,-0.27696263790130615,0.016490429639816284,0.31513502597808835,-0.09693692326545715,0.004122607409954071,-0.0037399866751499184,0.20000000000004547,,none,0.006260561675137666,0.0,-0.010000000000002274,-5.483502853099315e-07
R03_shallower_empty,886,178.20000000000627,79.76724104437561,46.48904040097163,27.51166376112925,-14.339929186971672,0.31713349530065565,0.31480011900169996,-0.09668606705604872,0.004744768845265302,-0.9748472571372986,-0.2798694968223572,0.014137196354568005,-0.9748472571372986,-0.2798694968223572,0.014137196354568005,0.3150916457176208,-0.097954323887825,0.003534299088642001,-0.0038879367729822614,0.20000000000004547,,none,0.006112343082280702,0.0,-0.010000000000002274,-2.7985526068934414e-07
R03_shallower_empty,887,178.40000000000632,79.75462848021441,46.4305701699471,27.4920013406952,-14.359338008402323,0.31802256067234,0.31484535429477944,-0.09735195888846225,0.004187859228512511,-0.9749920964241028,-0.2820252478122711,0.012212211266160011,-0.9749920964241028,-0.2820252478122711,0.012212211266160011,0.3150047421455383,-0.09870883673429488,0.003053052816540003,-0.004039422765859692,0.20000000000004547,,none,0.005960744710309385,0.0,-0.010000000000002274,-1.6747616680220026e-07
R03_shallower_empty,888,178.60000000000636,79.74088218636399,46.37236754141962,27.472287270707007,-14.378882099353524,0.3188040970585625,0.31485704567017886,-0.09803729662126094,0.0036667785578859717,-0.9751695990562439,-0.2840965688228607,0.010419921018183231,-0.9751695990562439,-0.2840965688228607,0.010419921018183231,0.31489824056625365,-0.09943379908800125,0.002604980254545808,-0.0041936861928709365,0.20000000000004547,,none,0.005806464490776264,0.0,-0.010000000000002274,-1.506836449263922e-07
R03_shallower_empty,889,178.8000000000064,79.72600074269434,46.314460129426784,27.452529695322887,-14.398567060428409,0.31948359907775037,0.3148416914695105,-0.0987579949892193,0.0031659864093731755,-0.975354015827179,-0.28636157512664795,0.008582118898630142,-0.975354015827179,-0.28636157512664795,0.008582118898630142,0.3147875905036926,-0.10022655129432678,0.0021455297246575356,-0.004349889488737177,0.20000000000004547,,none,0.005650281346859742,0.0,-0.010000000000002274,-1.7083559464463675e-07
R03_shallower_empty,890,179.00000000000645,79.70998277954557,46.25687488901966,27.432736140057823,-14.418401991728778,0.32006363264450394,0.31480515197052816,-0.09953291238058609,0.0026716104448447353,-0.9755393266677856,-0.2888912856578827,0.006656911689788103,-0.9755393266677856,-0.2888912856578827,0.006656911689788103,0.3146764039993286,-0.10111194998025894,0.0016642279224470258,-0.004507380093672972,0.20000000000004547,,none,0.005492822710294831,0.0,-0.010000000000002274,-2.0280396552927338e-07
R03_shallower_empty,891,179.2000000000065,79.69282792701824,46.199641954150415,27.412915023912124,-14.438395529629462,0.3205426968686292,0.3147137271474317,-0.10034152163208988,0.002157760722948537,-0.9760140180587769,-0.29139775037765503,0.004442787263542414,-0.9760140180587769,-0.29139775037765503,0.004442787263542414,0.31439158916473386,-0.10198921263217925,0.0011106968158856034,-0.0046660635001838,0.20000000000004547,,none,0.005334164700704136,0.0,-0.010000000000002274,-2.2820088566084806e-07
R03_shallower_empty,892,179.40000000000654,79.67453715176649,46.14279447542107,27.39307590401513,-14.458554153269457,0.32091641334429827,0.3145697943578052,-0.10118141210368171,0.001619939682005659,-0.9765622615814209,-0.29397955536842346,0.0020961191039532423,-0.9765622615814209,-0.29397955536842346,0.0020961191039532423,0.31406264305114745,-0.1028928443789482,0.0005240297759883106,-0.004826073804198802,0.20000000000004547,,none,0.005174175658591906,0.0,-0.010000000000002274,-2.494627884341513e-07
R03_shallower_empty,893,179.6000000000066,79.6551115706577,46.086364708287554,27.373228139766077,-14.478892320944832,0.32118265956752295,0.3143841470338022,-0.1021288556921826,0.0010829923471527688,-0.9771166443824768,-0.2973127067089081,-4.45488840341568e-05,-0.9771166443824768,-0.2973127067089081,-4.45488840341568e-05,0.3137300133705139,-0.10405944734811783,-1.11372210085392e-05,-0.004987230689445333,0.20000000000004547,,none,0.005013089304508611,0.0,-0.010000000000002274,-3.1999395166950054e-07
R03_shallower_empty,894,179.80000000000663,79.63455096248701,46.030382133717715,27.353380305003082,-14.499433849277981,0.3213228630389459,0.3141825065712162,-0.10320529616772517,0.0003725858087988599,-0.9775466322898865,-0.3011392652988434,-0.004299995955079794,-0.9775466322898865,-0.3011392652988434,-0.004299995955079794,0.3134720206260681,-0.10539874285459518,-0.0010749989887699485,-0.005149478195105746,0.20000000000004547,,none,0.0048511805302968725,0.0,-0.010000000000002274,-6.587254003439418e-07
R03_shallower_empty,895,180.00000000000668,79.61285236569624,45.97486866461918,27.33353921881995,-14.520152218204943,0.3213407197181361,0.31402565549185324,-0.10392420857186456,-0.0001543070288675415,-0.9775450229644775,-0.30111178755760193,-0.004911794792860746,-0.9775450229644775,-0.30111178755760193,-0.004911794792860746,0.3134729862213135,-0.10538912564516068,-0.0012279486982151866,-0.005311667207158137,0.20000000000004547,,none,0.00468834029395282,0.0,-0.010000000000002274,-7.501108682042568e-09
R03_shallower_empty,896,180.20000000000672,79.59001510808358,45.91984293673805,27.313709027941986,-14.540991310007838,0.32126962059922015,0.3138920864367336,-0.10442868685705844,-0.0005284825017425425,-0.9776309132575989,-0.30130472779273987,-0.0051637371070683,-0.9776309132575989,-0.30130472779273987,-0.0051637371070683,0.31342145204544064,-0.10545665472745895,-0.001290934276767075,-0.0054735926556076725,0.20000000000004547,,none,0.004526409505954732,0.0,-0.010000000000002274,-2.1615601295162103e-09
R03_shallower_empty,897,180.40000000000677,79.56604192608685,45.865325339126365,27.293892850235608,-14.561927371029267,0.3211291263653669,0.313782131356238,-0.10489665270482164,-0.0008520709309120814,-0.9776754975318909,-0.30242919921875,-0.006045768968760967,-0.9776754975318909,-0.30242919921875,-0.006045768968760967,0.31339470148086546,-0.1058502197265625,-0.0015114422421902418,-0.005633116695039984,0.20000000000004547,,none,0.004366924193041299,0.0,-0.010000000000002274,-4.0888079009368704e-08
R03_shallower_empty,898,180.60000000000682,79.54093635335042,45.81133644430918,27.274093145576096,-14.582965607289667,0.3209220065965212,0.3136963255259015,-0.10544442427791274,-0.0011934006854530674,-0.9776766896247864,-0.304458886384964,-0.007555692922323942,-0.9776766896247864,-0.304458886384964,-0.007555692922323942,0.31339398622512815,-0.1065606102347374,-0.0018889232305809855,-0.005789509741320748,0.20000000000004547,,none,0.004210618248716713,0.0,-0.010000000000002274,-1.279900351864498e-07
R03_shallower_empty,899,180.80000000000686,79.514702433007,45.757900037234606,27.254313305138595,-14.604141742795024,0.32064904926726084,0.31360643473056793,-0.106255778865152,-0.001512148536344086,-0.9778504967689514,-0.3083116114139557,-0.008646625094115734,-0.9778504967689514,-0.3083116114139557,-0.008646625094115734,0.31328970193862915,-0.10790906399488448,-0.0021616562735289335,-0.005942822300725896,0.20000000000004547,,none,0.004057498975917895,0.0,-0.010000000000002274,-3.2127664151664507e-07
R03_shallower_empty,900,181.0000000000069,79.48734415210654,45.70504542354136,27.23455797190551,-14.625513703071467,0.32031450980261267,0.31349416637432936,-0.1073791548887686,-0.001810741142956879,-0.9781690239906311,-0.3133378326892853,-0.009676715359091759,-0.9781690239906311,-0.3133378326892853,-0.009676715359091759,0.3130985856056213,-0.10966824144124984,-0.0024191788397729397,-0.006092596434498262,0.20000000000004547,,none,0.003907932074421083,0.0,-0.010000000000002274,-5.285089170705034e-07
R03_shallower_empty,901,181.20000000000695,79.45886305081594,45.65280403036875,27.214831654032988,-14.6471523656768,0.31991666954431636,0.31337608912813747,-0.1088933463397525,-0.002142645743137994,-0.978399932384491,-0.31993940472602844,-0.011275851167738438,-0.978399932384491,-0.31993940472602844,-0.011275851167738438,0.31296004056930543,-0.11197879165410994,-0.0028189627919346094,-0.006238230230613214,0.20000000000004547,,none,0.0037626935955366037,0.0,-0.010000000000002274,-9.23826147543206e-07
R03_shallower_empty,902,181.400000000007,79.4292562194346,45.60120755038812,27.195138339078575,-14.669142887720731,0.3194444839299385,0.3132647452135519,-0.11086339151484895,-0.002548612619494588,-0.9785459637641907,-0.3282220661640167,-0.013503381051123142,-0.9785459637641907,-0.3282220661640167,-0.013503381051123142,0.3128724217414856,-0.11487772315740584,-0.0033758452627807856,-0.0063791266562513065,0.20000000000004547,,none,0.003622345057651799,0.0,-0.010000000000002274,-1.4717139008313396e-06
R03_shallower_empty,903,181.60000000000704,79.39851679221299,45.55028992619827,27.17548240892684,-14.691562537048913,0.31888640249655587,0.3131595157718734,-0.11316000563448163,-0.002998308101933299,-0.9786854386329651,-0.33668509125709534,-0.015658583492040634,-0.9786854386329651,-0.33668509125709534,-0.015658583492040634,0.31278873682022096,-0.11783978193998336,-0.0039146458730101585,-0.006514431800114118,0.20000000000004547,,none,0.003487093942778685,0.0,-0.010000000000002274,-1.5257428905286926e-06
R03_shallower_empty,904,181.8000000000071,79.36663694303105,45.50009153031181,27.15587138137159,-14.714507688535992,0.3181682042482491,0.31302123494464584,-0.11607202957797348,-0.004100594870767375,-0.9791100025177002,-0.3485880494117737,-0.025386832654476166,-0.9791100025177002,-0.3485880494117737,-0.025386832654476166,0.31253399848937985,-0.12200581729412079,-0.0063467081636190414,-0.006648916941918773,0.20000000000004547,,none,0.0033558130480653148,0.0,-0.010000000000002274,-4.729989981813454e-06
R03_shallower_empty,905,182.00000000000713,79.3336033535178,45.45065662456431,27.136321099503203,-14.738129184734197,0.31709345664710037,0.31287661838614905,-0.11985761248273376,-0.00646841797682343,-0.9793882369995117,-0.3644898235797882,-0.04517318308353424,-0.9793882369995117,-0.3644898235797882,-0.04517318308353424,0.31236705780029295,-0.12757143825292586,-0.01129329577088356,-0.0067913122898719735,0.20000000000004547,,none,0.003221576580118679,0.0,-0.010000000000002274,-1.2888869988377794e-05
R03_shallower_empty,906,182.20000000000718,79.29938973199201,45.40202836398783,27.11686112361292,-14.762632660112688,0.31532727389476584,0.3127595522579743,-0.12480430814718323,-0.010862246096889181,-0.9794215559959412,-0.3853831887245178,-0.07926193624734879,-0.9794215559959412,-0.3853831887245178,-0.07926193624734879,0.3123470664024353,-0.13488411605358122,-0.019815484061837196,-0.006961430281208714,0.20000000000004547,,none,0.0030705412569833612,0.0,-0.010000000000002274,-3.1971538189800034e-05
R03_shallower_empty,907,182.40000000000722,79.2639551299761,45.354253052556516,27.097542146307106,-14.78825812432578,0.3125120263593413,0.3126646497163047,-0.13098452979977188,-0.01683970716727356,-0.9794495701789856,-0.41022250056266785,-0.11607956141233444,-0.9794495701789856,-0.41022250056266785,-0.11607956141233444,0.31233025789260865,-0.14357787519693374,-0.02901989035308361,-0.007156617336561256,0.20000000000004547,,none,0.0028828332578445526,0.0,-0.010000000000002274,-3.945059440353394e-05
R03_shallower_empty,908,182.60000000000727,79.22724712813239,45.307383723222955,27.07843142565478,-14.815132458539459,0.3084717868786822,0.31260882365117026,-0.13728401894516218,-0.023091489887512206,-0.9793131351470947,-0.428915411233902,-0.14332261681556702,-0.9793131351470947,-0.428915411233902,-0.14332261681556702,0.31241211891174314,-0.1501203939318657,-0.035830654203891754,-0.007377735090607225,0.20000000000004547,,none,0.0026440974612267354,0.0,-0.010000000000002274,-2.183255183168531e-05
R03_shallower_empty,909,182.80000000000732,79.18922537313385,45.26149129126321,27.0596050760806,-14.843147282373979,0.30324933428842604,0.3124144775315545,-0.14247311638853846,-0.028709598379828533,-0.9804505109786987,-0.4372767508029938,-0.16063013672828674,-0.9804505109786987,-0.4372767508029938,-0.16063013672828674,0.31172969341278073,-0.15304686278104782,-0.040157534182071686,-0.00765555258747547,0.20000000000004547,,none,0.0023518625299008278,0.0,-0.010000000000002274,-7.415117374023339e-06
R03_shallower_empty,910,183.00000000000736,79.14987627544096,45.216660762861046,27.041137797224287,-14.872087333321081,0.29703565963544726,0.3120552236829069,-0.1466152033962384,-0.03309650627840352,-0.9820176959037781,-0.4430156350135803,-0.16814257204532623,-0.9820176959037781,-0.4430156350135803,-0.16814257204532623,0.31078938245773313,-0.1550554722547531,-0.04203564301133156,-0.007988384197550526,0.20000000000004547,,none,0.0020134523533510418,0.0,-0.010000000000002274,-1.8365508992923551e-06
R03_shallower_empty,911,183.2000000000074,79.1092039534152,45.172974693373554,27.023089342550655,-14.901732768694032,0.2901095791215563,0.31156365164714217,-0.14961319154087344,-0.03594928455640391,-0.9836140275001526,-0.4449204206466675,-0.16704939305782318,-0.9836140275001526,-0.4449204206466675,-0.16704939305782318,0.3098315834999084,-0.1557221472263336,-0.041762348264455795,-0.008356205886791078,0.20000000000004547,,none,0.001643941543674643,0.0,-0.010000000000002274,-1.474304634463408e-07
R03_shallower_empty,912,183.40000000000745,79.0672222065941,45.130504545404385,27.005496264578248,-14.931922815586956,0.28284180928351926,0.3110339203654463,-0.15209985705525964,-0.036673806501995754,-0.9847210049629211,-0.4490482807159424,-0.15260061621665955,-0.9847210049629211,-0.4490482807159424,-0.15260061621665955,0.3091673970222473,-0.15716689825057983,-0.038150154054164886,-0.008741388292873258,0.20000000000004547,,none,0.0012631523427302227,0.0,-0.010000000000002274,-4.540635601206766e-06
R03_shallower_empty,913,183.6000000000075,79.02394649956888,45.08931193185901,26.98836833503058,-14.962611621247675,0.27552273734952876,0.31054082019351836,-0.15459978000410945,-0.03652790914261311,-0.9853277206420898,-0.4562681019306183,-0.14492246508598328,-0.9853277206420898,-0.4562681019306183,-0.14492246508598328,0.3088033676147461,-0.15969383567571638,-0.03623061627149582,-0.009108235209722242,0.20000000000004547,,none,0.0008939937488214866,0.0,-0.010000000000002274,-2.228958541454773e-06
R03_shallower_empty,914,183.80000000000754,78.97938843189992,45.049456678434034,26.97170642216233,-14.993981175393577,0.2680120475424968,0.3101062404900131,-0.1587806487812074,-0.03843523361151503,-0.9857083559036255,-0.47799983620643616,-0.1692870408296585,-0.9857083559036255,-0.47799983620643616,-0.1692870408296585,0.3085749864578247,-0.16729994267225265,-0.04232176020741463,-0.009477006792776526,0.20000000000004547,,none,0.0005443141214058755,0.0,-0.010000000000002274,-2.1320914180127383e-05
R03_shallower_empty,915,184.0000000000076,78.93354161447824,45.011010661051095,26.95553628875551,-15.026590906499536,0.2596100776615083,0.3097353173476125,-0.16671839334304858,-0.04508339251715953,-0.9859527349472046,-0.5225514769554138,-0.23452098667621613,-0.9859527349472046,-0.5225514769554138,-0.23452098667621613,0.30842835903167726,-0.18289301693439483,-0.05863024666905403,-0.009931585002752092,0.20000000000004547,,none,0.0001932225193552739,0.0,-0.010000000000002274,-0.0001248075221050904
R03_shallower_empty,916,184.20000000000763,78.88636138395883,44.97407357243403,26.939937415624478,-15.061390368398396,0.2492522741276095,0.3094717393058192,-0.1802559017161998,-0.057554680104589535,-0.9857616424560547,-0.5938316583633423,-0.3318689465522766,-0.9857616424560547,-0.5938316583633423,-0.3318689465522766,0.3085430145263672,-0.20784108042716978,-0.08296723663806915,-0.010495038247217897,0.20000000000004547,,none,-0.00020388772581725334,0.0,-0.010000000000002274,-0.0002911505213983689
R03_shallower_empty,917,184.40000000000768,78.83776325854939,44.93878911087727,26.925053628341484,-15.09912225978306,0.2359710690503785,0.3093052951470791,-0.19588504163440193,-0.07401663108370303,-0.9854686260223389,-0.6506637334823608,-0.4302436113357544,-0.9854686260223389,-0.6506637334823608,-0.4302436113357544,0.30871882438659665,-0.22773230671882627,-0.1075609028339386,-0.010954831231331213,0.20000000000004547,,none,-0.0006966803254844223,0.0,-0.010000000000002274,-0.0002581509058445164
R03_shallower_empty,918,184.60000000000773,78.78766569950585,44.905335596484036,26.911066224657194,-15.139770077711002,0.21983200915651344,0.309174610512925,-0.20956228208886585,-0.08643778380936251,-0.9854764342308044,-0.6783776879310608,-0.4469927251338959,-0.9854764342308044,-0.6783776879310608,-0.4469927251338959,0.3087141394615173,-0.23743219077587127,-0.11174818128347397,-0.01133019397661011,0.20000000000004547,,none,-0.0013092220537043175,0.0,-0.010000000000002274,-2.0971922903516572e-05
R03_shallower_empty,919,184.80000000000777,78.73608185669998,44.873930243456066,26.89812934279123,-15.182761669977477,0.20199038529886448,0.3085268389208893,-0.21959729986075643,-0.09159012228428823,-0.9895926713943481,-0.6858443021774292,-0.40835586190223694,-0.9895926713943481,-0.6858443021774292,-0.40835586190223694,0.3062443971633911,-0.2400455057621002,-0.10208896547555923,-0.012026959968774379,0.20000000000004547,,none,-0.0019956499500306535,0.0,-0.010000000000002274,-3.131001874145056e-05
R03_shallower_empty,920,185.00000000000782,78.68310925035492,44.84477796397921,26.886319323110918,-15.227127435542332,0.18380531591551333,0.30763907439178095,-0.22374755078594677,-0.09035375660604113,-0.9924816489219666,-0.6634413003921509,-0.351337730884552,-0.9924816489219666,-0.6634413003921509,-0.351337730884552,0.30451101064682007,-0.2322044551372528,-0.087834432721138,-0.012753746525028566,0.20000000000004547,,none,-0.0026785203661283674,0.0,-0.010000000000002274,-7.522615889792306e-05
R03_shallower_empty,921,185.20000000000786,78.62886051804456,44.81801177177598,26.875629197118254,-15.272210885278211,0.16611804233322489,0.3067562961086472,-0.22685289624445742,-0.08678774966649329,-0.9939236640930176,-0.666230320930481,-0.3180854022502899,-0.9939236640930176,-0.666230320930481,-0.3180854022502899,0.30364580154418946,-0.2331806123256683,-0.07952135056257248,-0.013322409931219444,0.20000000000004547,,none,-0.003300098423158815,0.0,-0.010000000000002274,-2.231150805835469e-05
R03_shallower_empty,922,185.4000000000079,78.57343551312435,44.793729118431294,26.866013802308103,-15.318004567750084,0.14916287937228903,0.3060352282407035,-0.23078738546292477,-0.08304590342563656,-0.9941757917404175,-0.6822989583015442,-0.30168479681015015,-0.9941757917404175,-0.6822989583015442,-0.30168479681015015,0.3034945249557495,-0.23880463540554045,-0.07542119920253754,-0.013847041592166055,0.20000000000004547,,none,-0.003836496701481451,0.0,-0.010000000000002274,-1.054489068232911e-05
R03_shallower_empty,923,185.60000000000795,78.51691514490096,44.7720250765971,26.85742263647265,-15.364889266686289,0.13281678246789325,0.30555374635491944,-0.23754991136141865,-0.08059945479888238,-0.9935712814331055,-0.7180851697921753,-0.30245745182037354,-0.9935712814331055,-0.7180851697921753,-0.30245745182037354,0.3038572311401367,-0.25132980942726135,-0.07561436295509338,-0.014310671596257195,0.20000000000004547,,none,-0.004285039289028347,0.0,-0.010000000000002274,-2.563230722657295e-05
R03_shallower_empty,924,185.800000000008,78.45936597005517,44.75301485325776,26.849815090750916,-15.41322701315677,0.1170018954331655,0.30534985190041725,-0.2452473930546237,-0.07776318556360201,-0.9922809600830078,-0.7455212473869324,-0.2879350483417511,-0.9922809600830078,-0.7455212473869324,-0.2879350483417511,0.3046314239501953,-0.2609324365854263,-0.07198376208543777,-0.014669195982702395,0.20000000000004547,,none,-0.0046498899129847615,0.0,-0.010000000000002274,-1.9306069715359087e-05
R03_shallower_empty,925,186.00000000000804,78.40086661684663,44.73682731900551,26.84315109792087,-15.463037153839004,0.10180571833317693,0.3053389045209216,-0.252320883767722,-0.07444841980261259,-0.9911661148071289,-0.7620983719825745,-0.2707758843898773,-0.9911661148071289,-0.7620983719825745,-0.2707758843898773,0.30530033111572263,-0.26673443019390103,-0.06769397109746933,-0.014937564090149565,0.20000000000004547,,none,-0.004926154473199773,0.0,-0.010000000000002274,-1.140961694751752e-05
R03_shallower_empty,926,186.2000000000081,78.34151992313437,44.72358981259989,26.837387488462277,-15.514194768641719,0.08733469709644398,0.30549718485728294,-0.2587692499817656,-0.0705552233355401,-0.9899085164070129,-0.7768828272819519,-0.2504884600639343,-0.9899085164070129,-0.7768828272819519,-0.2504884600639343,0.30605489015579224,-0.27190898954868314,-0.06262211501598358,-0.015121825458871446,0.20000000000004547,,none,-0.005109190633708849,0.0,-0.010000000000002274,-1.2634825160322549e-05
R03_shallower_empty,927,186.40000000000813,78.28145338844368,44.713421962985684,26.83247574189235,-15.566554868411073,0.07372825549951853,0.3057477921393636,-0.2644068416284375,-0.06586285695449057,-0.98894864320755,-0.7882699370384216,-0.2252051681280136,-0.98894864320755,-0.7882699370384216,-0.2252051681280136,0.30663081407546994,-0.27589447796344757,-0.0563012920320034,-0.015209397146610654,0.20000000000004547,,none,-0.00519400049708274,0.0,-0.010000000000002274,-1.5396649525638572e-05
R03_shallower_empty,928,186.60000000000818,78.22081515191351,44.706429588488646,26.828358244492573,-15.619909104723058,0.061187777618930454,0.3060951406655181,-0.26880409953806494,-0.05998494119709094,-0.9878016114234924,-0.7936123609542847,-0.1920304000377655,-0.9878016114234924,-0.7936123609542847,-0.1920304000377655,0.30731903314590453,-0.2777643263339996,-0.048007600009441376,-0.015196916706811128,0.20000000000004547,,none,-0.005174308258547811,0.0,-0.010000000000002274,-2.2608448261043357e-05
R03_shallower_empty,929,186.80000000000823,78.15976344226225,44.702697940251205,26.824961888319265,-15.674033264553682,0.05004029912049732,0.3065548045130009,-0.2721828424359456,-0.05208524501107672,-0.9863759279251099,-0.7973361611366272,-0.1439526081085205,-0.9863759279251099,-0.7973361611366272,-0.1439526081085205,0.3081744432449341,-0.2790676563978195,-0.03598815202713013,-0.015087679993232916,0.20000000000004547,,none,-0.0050411325264700935,0.0,-0.010000000000002274,-4.6547466760546995e-05
R03_shallower_empty,930,187.00000000000827,78.09846152373179,44.702291644588314,26.822191935879115,-15.728697563570147,0.04060265286426608,0.3071489870335976,-0.27430053680337535,-0.042977657700716904,-0.9845956563949585,-0.7960449457168579,-0.09767705202102661,-0.9845956563949585,-0.7960449457168579,-0.09767705202102661,0.3092426061630249,-0.27861573100090026,-0.024419263005256653,-0.014823277546146088,0.20000000000004547,,none,-0.0047803522722400515,0.0,-0.010000000000002274,-4.292527390376222e-05
R03_shallower_empty,931,187.20000000000832,78.037071404563,44.70525473521996,26.819939648520492,-15.783720481342986,0.03299646766042678,0.3079173016590959,-0.27581453096961195,-0.03377760371371262,-0.9822925329208374,-0.7968559265136719,-0.06012316420674324,-0.9822925329208374,-0.7968559265136719,-0.06012316420674324,0.31062448024749756,-0.2788995742797851,-0.01503079105168581,-0.014414084785325078,0.20000000000004547,,none,-0.00438575965417165,0.0,-0.010000000000002274,-2.8325131151152595e-05
R03_shallower_empty,932,187.40000000000836,77.97576239596974,44.71161633102565,26.81809396961036,-15.839010893527796,0.027207109955485302,0.30877474294119883,-0.27700022495440724,-0.024793134087814337,-0.9803400635719299,-0.7983322739601135,-0.02594245783984661,-0.9803400635719299,-0.7983322739601135,-0.02594245783984661,0.31179596185684205,-0.2794162958860397,-0.006485614459961653,-0.013882618687135364,0.20000000000004547,,none,-0.003859132438611468,0.0,-0.010000000000002274,-2.3486248521620914e-05
R03_shallower_empty,933,187.6000000000084,77.91471628982012,44.721392563747905,26.816546407927355,-15.89452117629757,0.02316184859661922,0.3096902155020202,-0.278025339699361,-0.016299635682325044,-0.9784734845161438,-0.8003262877464294,0.004029756877571344,-0.9784734845161438,-0.8003262877464294,0.004029756877571344,0.3129159092903137,-0.28011420071125026,0.001007439219392836,-0.013223438152203953,0.20000000000004547,,none,-0.003205322274933309,0.0,-0.010000000000002274,-1.8115877268370457e-05
R03_shallower_empty,934,187.80000000000845,77.85411419100464,44.734589151605554,26.81519409424862,-15.950236534617025,0.0207218939478593,0.310707552514835,-0.2790509435846636,-0.00867461006902313,-0.9761797189712524,-0.8032594323158264,0.0274511631578207,-0.9761797189712524,-0.8032594323158264,0.0274511631578207,0.3142921686172485,-0.2811408013105392,0.006862790789455175,-0.012443918834257788,0.20000000000004547,,none,-0.0024326702948638257,0.0,-0.010000000000002274,-1.1248539391688354e-05
R03_shallower_empty,935,188.0000000000085,77.79415930540338,44.751199479466536,26.813943671106742,-16.00628568621897,0.019724667760969258,0.3115858649581675,-0.2812730890177845,-0.001814685303995291,-0.9755322933197021,-0.8165746331214905,0.04865472391247749,-0.9755322933197021,-0.8165746331214905,0.04865472391247749,0.3146806240081787,-0.28580112159252163,0.012163680978119373,-0.011563115453667552,0.20000000000004547,,none,-0.0015505693592423597,0.0,-0.010000000000002274,-1.2546094422917278e-05
R03_shallower_empty,936,188.20000000000854,77.73509311476121,44.77120551971903,26.81271197241005,-16.062907109238388,0.019984956519208563,0.3122076183191278,-0.2846840561026461,0.003980768695124399,-0.9760026931762695,-0.8332415223121643,0.06316031515598297,-0.9760026931762695,-0.8332415223121643,0.06316031515598297,0.31439838409423826,-0.2916345328092575,0.015790078788995743,-0.010575710151019053,0.20000000000004547,,none,-0.0005659417780439213,0.0,-0.010000000000002274,-9.76837297285843e-06
R03_shallower_empty,937,188.4000000000086,77.67717421884208,44.79457841612962,26.811427782363786,-16.1202803465948,0.021312112122054833,0.3125593243521822,-0.2887424367365069,0.008918620724380977,-0.9770023822784424,-0.8486061096191406,0.07592163234949112,-0.9770023822784424,-0.8486061096191406,0.07592163234949112,0.31379857063293454,-0.2970121383666992,0.01898040808737278,-0.00949748256720855,0.20000000000004547,,none,0.0005105158555522848,0.0,-0.010000000000002274,-7.998422758560552e-06
R03_shallower_empty,938,188.60000000000863,77.62067585840262,44.82126940867111,26.810027802410268,-16.17849357273174,0.023693465062391245,0.3125391945216267,-0.2930641002405999,0.01447604483428585,-0.9792195558547974,-0.8624865412712097,0.10320129990577698,-0.9792195558547974,-0.8624865412712097,0.10320129990577698,0.31246826648712156,-0.3018702894449234,0.025800324976444244,-0.008349951054457263,0.20000000000004547,,none,0.0016688841956149503,0.0,-0.010000000000002274,-1.883525006993847e-05
R03_shallower_empty,939,188.80000000000868,77.5658738481053,44.851204926379616,26.808441738244532,-16.237497277518703,0.0273573065573944,0.3122141549339147,-0.29669898578882675,0.021623653811671507,-0.9815518856048584,-0.8688735365867615,0.14475291967391968,-0.9815518856048584,-0.8688735365867615,0.14475291967391968,0.31106886863708494,-0.3041057378053665,0.03618822991847992,-0.007125386484694563,0.20000000000004547,,none,0.0029100689268393154,0.0,-0.010000000000002274,-3.545541153160414e-05
R03_shallower_empty,940,189.00000000000873,77.51302016905706,44.8842891336384,26.806581853820642,-16.297121768913463,0.03259224150484276,0.311718155251414,-0.2993463927221253,0.030087755142990148,-0.983382523059845,-0.8706884980201721,0.18933971226215363,-0.983382523059845,-0.8706884980201721,0.18933971226215363,0.309970486164093,-0.3047409743070602,0.047334928065538406,-0.005798296654261682,0.20000000000004547,,none,0.004241595893576644,0.0,-0.010000000000002274,-3.989254783605123e-05
R03_shallower_empty,941,189.20000000000877,77.46234391170957,44.92040154955457,26.804346759954168,-16.357166174443094,0.03952752108288008,0.3110715326641122,-0.30097492022488576,0.0386218264691123,-0.9853447675704956,-0.8694095611572266,0.22404630482196808,-0.9853447675704956,-0.8694095611572266,0.22404630482196808,0.30879313945770265,-0.30429334640502925,0.05601157620549202,-0.0043575972098306446,0.20000000000004547,,none,0.005666603463174269,0.0,-0.010000000000002274,-2.420067300263895e-05
R03_shallower_empty,942,189.40000000000882,77.41405629628647,44.95939456911432,26.801637800057684,-16.417422859360773,0.04794380139494661,0.31030212181815925,-0.30154868427396664,0.04505602983013626,-0.987348198890686,-0.8649080991744995,0.23266763985157013,-0.987348198890686,-0.8649080991744995,0.23266763985157013,0.3075910806655884,-0.30271783471107483,0.05816690996289253,-0.0028291452044958737,0.20000000000004547,,none,0.007172826881800987,0.0,-0.010000000000002274,-1.9720862945860064e-06
R03_shallower_empty,943,189.60000000000886,77.36833728959837,45.00110684009695,26.79837879452968,-16.477739017746625,0.057435105949947884,0.3095615857638405,-0.3016083988857772,0.04952052600863928,-0.9884128570556641,-0.8620859384536743,0.23447105288505554,-0.9884128570556641,-0.8620859384536743,0.23447105288505554,0.30695228576660155,-0.30173007845878597,0.058617763221263885,-0.0012686708950811062,0.20000000000004547,,none,0.008731576112655404,0.0,-0.010000000000002274,-2.470077342353605e-07
R03_shallower_empty,944,189.8000000000089,77.32533410598681,45.045376989672064,26.794515850046317,-16.538030402394455,0.06769087259765219,0.3089458205187227,-0.30132668072994906,0.052790669303673335,-0.9887064099311829,-0.8592932224273682,0.23781676590442657,-0.9887064099311829,-0.8592932224273682,0.23781676590442657,0.30677615404129027,-0.30075262784957885,0.059454191476106644,0.00031767866836609414,0.20000000000004547,,none,0.010318060253002415,0.0,-0.010000000000002274,-3.815846340460283e-07
R03_shallower_empty,945,190.00000000000895,77.28516846358832,45.092044953648504,26.790009294655714,-16.59814597725304,0.07850033041973306,0.3085353968371935,-0.2999340319893399,0.055127761914993335,-0.9881845712661743,-0.848846435546875,0.2395600825548172,-0.9881845712661743,-0.848846435546875,0.2395600825548172,0.3070892572402954,-0.29709625244140625,0.0598900206387043,0.0019139525373689985,0.20000000000004547,,none,0.011916201473864518,0.0,-0.010000000000002274,-2.248936493245424e-06
R03_shallower_empty,946,190.200000000009,77.24793819070304,45.14094640058561,26.784830183841684,-16.657864025425063,0.08966100647346299,0.3083491564435905,-0.29743481599540766,0.056384293647140704,-0.9871784448623657,-0.8352634310722351,0.2357788383960724,-0.9871784448623657,-0.8352634310722351,0.2357788383960724,0.30769293308258056,-0.2923422008752823,0.0589447095990181,0.0035073938063723935,0.20000000000004547,,none,0.0135113899685404,0.0,-0.010000000000002274,-3.996162165731398e-06
R03_shallower_empty,947,190.40000000000904,77.21371665399944,45.191919565199825,26.77896148458028,-16.717066641438763,0.10089623346072278,0.308482345317429,-0.29479063633806923,0.05599715492587887,-0.9850805997848511,-0.8268646597862244,0.22083315253257751,-0.9850805997848511,-0.8268646597862244,0.22083315253257751,0.3089516401290893,-0.2894026309251785,0.05520828813314438,0.00508368846967329,0.20000000000004547,,none,0.01508965474645585,0.0,-0.010000000000002274,-5.966276780284829e-06
R03_shallower_empty,948,190.6000000000091,77.18255479911282,45.24482570984668,26.772401619052424,-16.775767544841703,0.11185052188587274,0.30908184895777624,-0.2923986797957781,0.053717543930223724,-0.9813429713249207,-0.8214989304542542,0.19628965854644775,-0.9813429713249207,-0.8214989304542542,0.19628965854644775,0.3111942172050476,-0.28752462565898895,0.04907241463661194,0.0066270264900719226,0.20000000000004547,,none,0.01663992937037051,0.0,-0.010000000000002274,-1.2902880296312703e-05
R03_shallower_empty,949,190.80000000000913,77.15448634462555,45.29956441556841,26.765162790665848,-16.834021425804718,0.12227103806821081,0.3103425165468564,-0.29029842624301105,0.05071399574647491,-0.9753591418266296,-0.8171964883804321,0.17837484180927277,-0.9753591418266296,-0.8171964883804321,0.17837484180927277,0.3147845149040222,-0.2860187709331512,0.04459371045231819,0.008150122393043548,0.20000000000004547,,none,0.018157627550685618,0.0,-0.010000000000002274,-7.505157639795535e-06
R03_shallower_empty,950,191.00000000000918,77.12953871879853,45.356070900989465,26.757259818890965,-16.89183975629199,0.13207357148691434,0.31236633890687643,-0.2880540384560978,0.047549822618727415,-0.9675044417381287,-0.8099448084831238,0.16440893709659576,-0.9675044417381287,-0.8099448084831238,0.16440893709659576,0.3194973349571228,-0.2834806829690933,0.04110223427414894,0.00964287069650922,0.20000000000004547,,none,0.019649057289896632,0.0,-0.010000000000002274,-6.1865933851379395e-06
R03_shallower_empty,951,191.20000000000923,77.10775987209514,45.4142595036427,26.748710822399186,-16.94928522196501,0.14123495297479463,0.31476385037765914,-0.2865165025720974,0.044308305840190514,-0.9613140821456909,-0.8096671104431152,0.15081246197223663,-0.9613140821456909,-0.8096671104431152,0.15081246197223663,0.32321155071258545,-0.28338348865509033,0.03770311549305916,0.011103228885686817,0.20000000000004547,,none,0.02110769412176694,0.0,-0.010000000000002274,-4.465236077848544e-06
R03_shallower_empty,952,191.40000000000927,77.08923267486495,45.4739827604159,26.73954241224363,-17.00655729281248,0.1497740104655021,0.3171982487954745,-0.286226094035271,0.04130837433093211,-0.9570401310920715,-0.8160980939865112,0.14078183472156525,-0.9570401310920715,-0.8160980939865112,0.14078183472156525,0.3257759213447571,-0.2856343328952789,0.03519545868039131,0.012510279008481574,0.20000000000004547,,none,0.02251348376228357,0.0,-0.010000000000002274,-3.204753799721516e-06
R03_shallower_empty,953,191.60000000000932,77.07405904744522,45.53505088624853,26.729785186434164,-17.063844747677308,0.1577500703893214,0.31954258490720217,-0.2866188523621053,0.038652405644487325,-0.9536617994308472,-0.8211976289749146,0.13296151161193848,-0.9536617994308472,-0.8211976289749146,0.13296151161193848,0.32780292034149167,-0.2874191701412201,0.03324037790298462,0.013852442516203383,0.20000000000004547,,none,0.02385441403291466,0.0,-0.010000000000002274,-1.971516709002863e-06
R03_shallower_empty,954,191.80000000000936,77.06234210239509,45.597242729592374,26.719470382601653,-17.121204739809077,0.16525584803729892,0.32165029289011393,-0.2869556820538725,0.03656286017423875,-0.9515385627746582,-0.82183438539505,0.12922009825706482,-0.9515385627746582,-0.82183438539505,0.12922009825706482,0.32907686233520506,-0.2876420348882675,0.032305024564266205,0.015121731661068106,0.20000000000004547,,none,0.025122109896400957,0.0,-0.010000000000002274,-3.7823533057590456e-07
R03_shallower_empty,955,192.0000000000094,77.05416589943846,45.660342000443165,26.708621338170033,-17.178523166713074,0.17241240797540255,0.32378217895051487,-0.2862795473544583,0.035112084384201714,-0.9478434324264526,-0.8140051364898682,0.12862344086170197,-0.9478434324264526,-0.8140051364898682,0.12862344086170197,0.3312939405441284,-0.28490179777145386,0.03215586021542549,0.016321437955235392,0.20000000000004547,,none,0.026322944097772805,0.0,-0.010000000000002274,-1.5061425351392544e-06
R03_shallower_empty,956,192.20000000000945,77.0495907923973,45.72410379478951,26.697257130267662,-17.235656247221932,0.179390574284217,0.32549839507623796,-0.28513734563964344,0.03470059287727919,-0.9474241137504578,-0.8080282807350159,0.1354484111070633,-0.9474241137504578,-0.8080282807350159,0.1354484111070633,0.33154553174972534,-0.28280989825725555,0.03386210277676582,0.017447909847332282,0.20000000000004547,,none,0.027449559424368886,0.0,-0.010000000000002274,-1.6495770343283311e-06
R03_shallower_empty,957,192.4000000000095,77.04865268609474,45.78820932149689,26.685398411280605,-17.2925252879208,0.18637855758831154,0.32653287425153465,-0.28366410007641524,0.03514569291089768,-0.9497035145759583,-0.8018916845321655,0.14421066641807556,-0.9497035145759583,-0.8018916845321655,0.14421066641807556,0.33017789125442504,-0.28066208958625793,0.03605266660451889,0.018474678140070602,0.20000000000004547,,none,0.028477070752057188,0.0,-0.010000000000002274,-2.3926119843098447e-06
R03_shallower_empty,958,192.60000000000954,77.05135108222451,45.852317348570246,26.67306170426646,-17.34905850017822,0.1935035371764884,0.3269284093766095,-0.2818079228397928,0.0360369302834827,-0.9527965188026428,-0.7943589091300964,0.1514119654893875,-0.9527965188026428,-0.7943589091300964,0.1514119654893875,0.3283220887184143,-0.27802561819553373,0.03785299137234688,0.019396306925652945,0.20000000000004547,,none,0.029398670287429596,0.0,-0.010000000000002274,-2.363361774375683e-06
R03_shallower_empty,959,192.8000000000096,77.05764225643615,45.91606990757488,26.660264129215573,-17.40509911396857,0.20084155841767068,0.32645227437844193,-0.27882317586707905,0.03725172302670026,-0.9587090015411377,-0.7792605757713318,0.15890835225582123,-0.9587090015411377,-0.7792605757713318,0.15890835225582123,0.32477459907531736,-0.2727412015199661,0.03972708806395531,0.020197256014761588,0.20000000000004547,,none,0.03020363827350181,0.0,-0.010000000000002274,-6.382258737946955e-06
R03_shallower_empty,960,193.00000000000963,77.06742048436001,45.97908237905064,26.647023226940316,-17.46011307571849,0.20875168205975952,0.3249617563086416,-0.27184257082579766,0.041527265175048206,-0.9671502113342285,-0.7360522747039795,0.20095789432525635,-0.9671502113342285,-0.7360522747039795,0.20095789432525635,0.31970987319946287,-0.2576182961463928,0.05023947358131409,0.020801442414571405,0.20000000000004547,,none,0.030875569920416623,0.0,-0.010000000000002274,-7.412750584294247e-05
R03_shallower_empty,961,193.20000000000968,77.08048655495288,46.04099118361242,26.633327141278595,-17.512946506229525,0.21782984285695553,0.3225986183718063,-0.2575676379996795,0.048712770257978634,-0.976213276386261,-0.6527994871139526,0.2534182667732239,-0.976213276386261,-0.6527994871139526,0.2534182667732239,0.3142720341682434,-0.2284798204898834,0.06335456669330597,0.021237855301196974,0.20000000000004547,,none,0.031433160430539786,0.0,-0.010000000000002274,-0.00019530512934053945
R03_shallower_empty,962,193.40000000000973,77.09652981606186,46.10153656853501,26.619123062996522,-17.56176389443814,0.2284653199020919,0.319843362171271,-0.23249590422313088,0.057016171650761005,-0.9831081032752991,-0.5183074474334717,0.29574355483055115,-0.9831081032752991,-0.5183074474334717,0.29574355483055115,0.31013513803482057,-0.18140760660171507,0.07393588870763779,0.021525189071873976,0.20000000000004547,,none,0.031923730619563884,0.0,-0.010000000000002274,-0.00039854154768763193
R03_shallower_empty,963,193.60000000000977,77.1151287965372,46.160642271859906,26.60433378235609,-17.60408987889818,0.24023948423460684,0.31735373437353087,-0.19368883471902523,0.0604654956356106,-0.9856975674629211,-0.3274635672569275,0.26997652649879456,-0.9856975674629211,-0.3274635672569275,0.26997652649879456,0.3085814595222473,-0.11461224853992462,0.06749413162469864,0.021656113719473923,0.20000000000004547,,none,0.03239795435296955,0.0,-0.010000000000002274,-0.0007418406334933536
R03_shallower_empty,964,193.80000000000982,77.1357852883788,46.21853526719143,26.588895631425927,-17.63678994235641,0.2516404216649071,0.316483735412925,-0.13754348299888197,0.05402899837997152,-0.9776362180709839,-0.06610553711652756,0.16365377604961395,-0.9776362180709839,-0.06610553711652756,0.16365377604961395,0.31341826915740967,-0.023136937990784645,0.04091344401240349,0.02131077188851129,0.20000000000004547,,none,0.03290432253923292,0.0,-0.010000000000002274,-0.0015935506507193564
R03_shallower_empty,965,194.00000000000986,77.1581079276243,46.27617652637129,26.572717270761,-17.657133962767965,0.2591574070427977,0.3222066175095528,-0.07091827268351723,0.023445907317221626,-0.9293810725212097,0.18526549637317657,-0.1554912030696869,-0.9293810725212097,0.18526549637317657,-0.1554912030696869,0.3423713564872742,0.0648429237306118,-0.03887280076742172,0.02031814387570424,0.20000000000004547,,none,0.03366553334064193,0.0,-0.010000000000002274,-0.003347389464935416
R03_shallower_empty,966,194.2000000000099,77.18330353308596,46.33854581717155,26.554851059840576,-17.666272950366086,0.2580603173515218,0.37146249807893855,-0.024007290676136456,-0.030361344050119726,-0.5916383266448975,0.20452147722244263,-0.5600143074989319,-0.5916383266448975,0.20452147722244263,-0.5600143074989319,0.5450170040130615,0.07158251702785491,-0.14000357687473297,0.021183952579685132,0.20000000000004547,,none,0.036745550523839654,0.0,-0.010000000000002274,-0.005561597944152248
R03_shallower_empty,967,194.40000000000995,77.214393361896,46.41399925055853,26.53374837188246,-17.673511154370992,0.24655404521691238,0.47146249807893864,-0.0466668920018344,-0.08089281328111453,0.06063031032681465,-0.26525720953941345,-0.7354401350021362,0.06063031032681465,-0.26525720953941345,-0.7354401350021362,0.9363781861960887,-0.09284002333879471,-0.18386003375053406,0.02023213460816601,0.20000000000004547,,none,0.04377054681352455,0.0,-0.010000000000002274,-0.013538412205356265
R03_shallower_empty,968,194.60000000001,77.25143435890604,46.50099547212473,26.510837933785602,-17.69219931834768,0.22832951041227872,0.5001110251220705,-0.13419745937104383,-0.09991856142468537,-0.4982417821884155,-0.8951448202133179,-0.5547481775283813,-0.4982417821884155,-0.8951448202133179,-0.5547481775283813,0.6010549306869506,-0.31330068707466124,-0.13868704438209534,0.024065589946281274,0.20000000000004547,,none,0.04890050997365414,0.0,-0.010000000000002274,-0.014834920027370588
R03_shallower_empty,969,194.80000000001004,77.29069720913957,46.58687745167504,26.489787425988823,-17.72550754183457,0.21111408027287942,0.468901178011307,-0.19435099497362493,-0.07417596325087487,-0.9017793536186218,-0.9054998755455017,-0.08688262104988098,-0.9017793536186218,-0.9054998755455017,-0.08688262104988098,0.35893238782882686,-0.31692495644092555,-0.021720655262470245,0.02916157398033283,0.20000000000004547,,none,0.04679853353364827,0.0,-0.010000000000002274,-0.007636959553313166
R03_shallower_empty,970,195.0000000000101,77.3304034973862,46.66568220020438,26.471372275409713,-17.766801429323294,0.2023536298737405,0.43422828470485453,-0.21688917414733078,-0.017686183468145687,-0.9799044132232666,-0.7508996725082397,0.38968878984451294,-0.9799044132232666,-0.7508996725082397,0.38968878984451294,0.31205735206604,-0.2628148853778839,0.09742219746112823,0.027168998970406887,0.20000000000004547,,none,0.04231150011839446,0.0,-0.010000000000002274,-0.0051425011479853035
R03_shallower_empty,971,195.20000000001014,77.3704673201996,46.737429808606045,26.454527175144833,-17.809449661021848,0.20373286171940197,0.40600093270773446,-0.21010450436366232,0.02803266576300912,-0.9890982508659363,-0.5607985258102417,0.4847731292247772,-0.9890982508659363,-0.5607985258102417,0.4847731292247772,0.3065410494804382,-0.19627948403358458,0.1211932823061943,0.02801120577516917,0.20000000000004547,,none,0.03891648585960894,0.0,-0.010000000000002274,-0.0009052800844374964
R03_shallower_empty,972,195.40000000001018,77.41084541709893,46.80326646937012,26.43828352912756,-17.84719983747321,0.2117636318428467,0.384286754267532,-0.17039050957899263,0.050575945290747326,-0.9870396256446838,-0.25561684370040894,0.38604819774627686,-0.9870396256446838,-0.25561684370040894,0.38604819774627686,0.3077762246131897,-0.08946589529514312,0.09651204943656921,0.024709086141243102,0.20000000000004547,,none,0.03676682032381784,0.0,-0.010000000000002274,-0.002057734182572464
R03_shallower_empty,973,195.60000000001023,77.45128099112047,46.864635241996865,26.42208812624929,-17.872682472092333,0.22221037187401388,0.36901244911944026,-0.09046019572309806,0.05365907880959353,-0.9746783375740051,0.2068931758403778,0.23976613581180573,-0.9746783375740051,0.2068931758403778,0.23976613581180573,0.3151929974555969,0.07241261154413223,0.05994153395295143,0.020760499119538357,0.20000000000004547,,none,0.035469834344784346,0.0,-0.010000000000002274,-0.004709335225243714
R03_shallower_empty,974,195.80000000001027,77.49204512582745,46.924238824613994,26.405441454459464,-17.880865681197776,0.2298359970800056,0.37189617610501635,0.005569179762115493,0.024774228520252635,-0.8632382154464722,0.6107856631278992,-0.13633599877357483,-0.8632382154464722,0.6107856631278992,-0.13633599877357483,0.3820570707321167,0.2137749820947647,-0.03408399969339371,0.018961955858337886,0.20000000000004547,,none,0.035301973013275756,0.0,-0.010000000000002274,-0.0063400171549355955
R03_shallower_empty,975,196.00000000001032,77.53778863186042,46.99127305801115,26.386394177613578,-17.87177177651292,0.22933039159712984,0.4576683939030771,0.0797768262296498,-0.026003182654880226,-0.23351790010929108,0.6599675416946411,-0.517886221408844,-0.23351790010929108,0.6599675416946411,-0.517886221408844,0.7598892599344254,0.23098863959312438,-0.129471555352211,0.018768789900390152,0.20000000000004547,,none,0.039659732002807147,0.0,-0.010000000000002274,-0.01089094210241472
R03_shallower_empty,976,196.20000000001036,77.59228434959795,47.07389849674927,26.36376897713117,-17.850752152765985,0.2184678068212163,0.5576683939030772,0.12686999259991746,-0.07865433990244586,0.3244599997997284,0.636660099029541,-0.743763267993927,0.3244599997997284,0.636660099029541,-0.743763267993927,1.094675999879837,0.22283103466033935,-0.18594081699848175,0.029998215007482325,0.20000000000004547,,none,0.04725627528437393,0.0,-0.010000000000002274,-0.0072580602768893285
R03_shallower_empty,977,196.4000000000104,77.65535093658806,47.1746752979935,26.338551049299014,-17.825989335965005,0.19865064992798437,0.6576683939030773,0.12118653817715173,-0.1166532460733337,0.41866666078567505,0.31315842270851135,-0.7763321995735168,0.41866666078567505,0.31315842270851135,-0.7763321995735168,1.151199996471405,0.10960544794797897,-0.1940830498933792,0.04176541166140364,0.20000000000004547,,none,0.05405719095862338,0.0,-0.010000000000002274,-0.0022917792972174666
R03_shallower_empty,978,196.60000000001045,77.72541975479632,47.29229197880265,26.312754551837596,-17.808885971068644,0.17366293051339032,0.7320353305284275,0.05484712200785936,-0.1320625468815205,0.15678226947784424,-0.22951918840408325,-0.6538473963737488,0.15678226947784424,-0.22951918840408325,-0.6538473963737488,0.9940693616867065,-0.08033171594142913,-0.1634618490934372,0.04043746760223234,0.20000000000004547,,none,0.057999166622803244,0.0,-0.010000000000002274,-0.007561699020568629
R03_shallower_empty,979,196.8000000000105,77.7941064871959,47.41023741977816,26.290425369998204,-17.806182731008988,0.1519171326047504,0.6546569815404161,-0.022021148911549243,-0.08866621956031999,-0.8633130788803101,-0.5104413628578186,-0.0009526849607937038,-0.8633130788803101,-0.5104413628578186,-0.0009526849607937038,0.38201215267181393,-0.1786544770002365,-0.00023817124019842595,0.012468364812903324,0.20000000000004547,,none,0.0533840306535609,0.0,-0.010000000000002274,-0.0309156658406553
R03_shallower_empty,980,197.00000000001054,77.85587621708969,47.51540307537497,26.272537514021977,-17.81529695202417,0.1420108506954647,0.5814868226266572,-0.06581994012417082,-0.013908327475925606,-0.9605505466461182,-0.44305166602134705,0.5735714435577393,-0.9605505466461182,-0.44305166602134705,0.5735714435577393,0.3236696720123291,-0.15506808310747144,0.14339286088943481,0.027887179405726895,0.20000000000004547,,none,0.04476866881827313,0.0,-0.010000000000002274,-0.0068814894125439575
R03_shallower_empty,981,197.2000000000106,77.91220652589566,47.60884228373003,26.25686702751768,-17.826897883845312,0.14557430370764765,0.5234983938684057,-0.05128488709873909,0.0450957145664199,-0.9680424928665161,-0.061905790120363235,0.6613094806671143,-0.9680424928665161,-0.061905790120363235,0.6613094806671143,0.3191745042800903,-0.02166702654212713,0.16532737016677856,0.025948137659433306,0.20000000000004547,,none,0.03900866308204165,0.0,-0.010000000000002274,-0.003060525422606071
R03_shallower_empty,982,197.40000000001064,77.9644195201709,47.69394761156145,26.241650949710053,-17.827989818180377,0.158346222328825,0.4881538363863121,0.03413845348377073,0.07999324018188385,-0.8939728736877441,0.5945676565170288,0.604413628578186,-0.8939728736877441,0.5945676565170288,0.604413628578186,0.3636162757873535,0.20809867978096008,0.1511034071445465,0.017149832659456965,0.20000000000004547,,none,0.035943449311663045,0.0,-0.010000000000002274,-0.008793616652203807
R03_shallower_empty,983,197.60000000001068,78.01693524952658,47.78104146960242,26.224568894479468,-17.811508451937275,0.17414845388569208,0.5406597058708225,0.1256252387721729,0.07816673903752527,-0.29055726528167725,0.9027206897735596,0.2977796196937561,-0.29055726528167725,0.9027206897735596,0.2977796196937561,0.7256656408309936,0.31595224142074585,0.07444490492343903,0.016440115475383904,0.20000000000004547,,none,0.0375019775509422,0.0,-0.010000000000002274,-0.011061862075556022
R03_shallower_empty,984,197.80000000001073,78.07442058931315,47.88205264017083,26.203462407513456,-17.77908256919652,0.18221952938175667,0.6397707833973336,0.19351660659717118,0.00715727516612091,0.18980228900909424,0.948165237903595,-0.5557864904403687,0.18980228900909424,0.948165237903595,-0.5557864904403687,1.0138813734054566,0.33185783326625823,-0.13894662261009216,0.014284121792522055,0.20000000000004547,,none,0.04351183404697778,0.0,-0.010000000000002274,-0.019227712254453452
R03_shallower_empty,985,198.00000000001077,78.13696647866028,48.00247774894378,26.178675080032143,-17.7359146693936,0.1768362996816894,0.7397707833973337,0.23503327428983745,-0.0562133213076154,0.4741905927658081,0.9132319092750549,-0.7413705587387085,0.4741905927658081,0.9132319092750549,-0.7413705587387085,1.1845143556594848,0.3196311682462692,-0.18534263968467712,0.037311962739019364,0.20000000000004547,,none,0.049642732562398706,0.0,-0.010000000000002274,-0.002330769823377068
R03_shallower_empty,986,198.20000000001082,78.2022267001829,48.143799987373,26.151959453215362,-17.687212915635076,0.1621595962453003,0.8397707833973338,0.2507962086902129,-0.0881468764671553,0.6069893836975098,0.8083317279815674,-0.6128696203231812,0.6069893836975098,0.8083317279815674,-0.6128696203231812,1.2641936302185057,0.28291610479354856,-0.1532174050807953,0.04253580600075118,0.20000000000004547,,none,0.053438847162393444,0.0,-0.010000000000002274,-0.0009030411616399903
R03_shallower_empty,987,198.40000000001086,78.26787394990568,48.306930420300716,26.124840964047607,-17.636062491771426,0.1439538783301306,0.9385509258049729,0.2600133339090798,-0.09350635781401626,0.6792111396789551,0.7965569496154785,-0.4177091717720032,0.6792111396789551,0.7965569496154785,-0.4177091717720032,1.3075266838073731,0.27879493236541747,-0.1044272929430008,0.04406546509670299,0.20000000000004547,,none,0.054934309659131486,0.0,-0.010000000000002274,-0.0008688445624262187
R03_shallower_empty,988,198.6000000000109,78.33128057958493,48.49161270347243,26.098344027683495,-17.583445948532162,0.1264257280665893,1.028074979344613,0.2657218470380217,-0.08259735770912531,0.7391324043273926,0.7924399971961975,-0.2414730042219162,0.7391324043273926,0.7924399971961975,-0.2414730042219162,1.3434794425964356,0.2773539990186691,-0.06036825105547905,0.04365279524211196,0.20000000000004547,,none,0.054346129122254894,0.0,-0.010000000000002274,-0.0006933338801406607
R03_shallower_empty,989,198.80000000001095,78.3892407028352,48.69486655852666,26.07306909353122,-17.53015413538817,0.11270747251446482,1.0975272553361244,0.26709294458502286,-0.05654850364374379,0.7370738983154297,0.771105170249939,-0.013876570388674736,0.7370738983154297,0.771105170249939,-0.013876570388674736,1.3422443389892578,0.2698868095874786,-0.003469142597168684,0.04067007361668335,0.20000000000004547,,none,0.05171526459631437,0.0,-0.010000000000002274,-0.0010451909796287428
R03_shallower_empty,990,199.000000000011,78.43892899593665,48.912443826335995,26.04884078538245,-17.47678541985362,0.10477914167590659,1.1453743878920042,0.2666291658310608,-0.025104726678846577,0.6899418830871582,0.7590975165367126,0.15587115287780762,0.6899418830871582,0.7590975165367126,0.15587115287780762,1.313965129852295,0.2656841307878494,0.038967788219451904,0.03724424565045328,0.20000000000004547,,none,0.04786784365368213,0.0,-0.010000000000002274,-0.000623598003226581
R03_shallower_empty,991,199.20000000001104,78.47822148177156,49.13955725512172,26.024805512448356,-17.423586908721067,0.10476008206199498,1.1710426311983104,0.2654451824873082,0.02140842750114033,0.6024757027626038,0.7515217065811157,0.46475034952163696,0.6024757027626038,0.7515217065811157,0.46475034952163696,1.2614854216575622,0.26303259730339046,0.11618758738040924,0.031678049355436784,0.20000000000004547,,none,0.04374033102976682,0.0,-0.010000000000002274,-0.0020622816743277638
R03_shallower_empty,992,199.4000000000111,78.50526236389221,49.367646406194844,25.999724963450504,-17.369285043530095,0.11480220920107702,1.1411539218467135,0.2767234265640599,0.07497548700471457,0.22640033066272736,0.8562998175621033,0.7365131378173828,0.22640033066272736,0.8562998175621033,0.7365131378173828,1.0358401983976364,0.2997049361467361,0.1841282844543457,0.025327913367747066,0.20000000000004547,,none,0.039853236390611,0.0,-0.010000000000002274,-0.004525323022861661
R03_shallower_empty,993,199.60000000001114,78.5188002251247,49.58375051266084,25.972766805217503,-17.311743383764274,0.13501506994967927,1.0411539218467138,0.29715336382067187,0.12349611393623627,-0.46252766251564026,0.9679518342018127,0.889463484287262,-0.46252766251564026,0.9679518342018127,0.889463484287262,0.6224834024906158,0.3387831419706344,0.2223658710718155,0.016058799566967603,0.20000000000004547,,none,0.036268434788764736,0.0,-0.010000000000002274,-0.01020963522179486
R03_shallower_empty,994,199.80000000001118,78.51942579249383,49.77976857426189,25.943471120086414,-17.250525875462912,0.1633886966390413,0.9411539218467139,0.3137693685554608,0.1576648504333057,-0.8182352781295776,0.9932215809822083,0.9091598987579346,-0.8182352781295776,0.9932215809822083,0.9091598987579346,0.4090588331222534,0.3476275533437729,0.22728997468948364,0.021081843627382267,0.20000000000004547,,none,0.03363293196040651,0.0,-0.010000000000002274,-0.0025510883330219693
R03_shallower_empty,995,200.00000000001123,78.50901188861243,49.95480327571921,25.911719057333205,-17.18652141107848,0.19566924817186682,0.8411539218467138,0.3253987659546663,0.16461670279482438,-0.8763554692268372,0.997416615486145,0.715129554271698,-0.8763554692268372,0.997416615486145,0.715129554271698,0.37418671846389767,0.3490958154201507,0.1787823885679245,0.0213037716992185,0.20000000000004547,,none,0.03212463828940315,0.0,-0.010000000000002274,-0.0008208665901823765
R03_shallower_empty,996,200.20000000001127,78.48981731616666,50.10833552396855,25.87870087492126,-17.120590428862876,0.22351196504526155,0.7423558279580201,0.33331444997240023,0.11737135454851365,-0.8781641125679016,0.9984117746353149,0.08440085500478745,-0.8781641125679016,0.9984117746353149,0.08440085500478745,0.37310153245925903,0.34944412112236023,0.02110021375119686,0.012462607496147473,0.20000000000004547,,none,0.030419066568377673,0.0,-0.010000000000002274,-0.007956459072227926
R03_shallower_empty,997,200.40000000001132,78.46389532699067,50.24233856980773,25.84623938602948,-17.05335036538187,0.24195918736443967,0.6645045607186094,0.33868165763372343,0.07062420773954697,-0.8496776819229126,0.9989095330238342,-0.09852702170610428,-0.8496776819229126,0.9989095330238342,-0.09852702170610428,0.39019339084625243,0.34961833655834196,-0.02463175542652607,0.017063357215081947,0.20000000000004547,,none,0.027748843866529427,0.0,-0.010000000000002274,-0.0006854866514452063
R03_shallower_empty,998,200.60000000001136,78.43177037905724,50.36353261355929,25.81456054156433,-16.98522665279873,0.2513349657883817,0.6305156980015315,0.34228396200540767,0.026462082177521086,-0.6487417221069336,0.9989266395568848,-0.25410568714141846,-0.6487417221069336,0.9989266395568848,-0.25410568714141846,0.5107549667358399,0.34962432384490966,-0.06352642178535461,0.013962492307921452,0.20000000000004547,,none,0.02525409193549244,0.0,-0.010000000000002274,-0.0012915996275687125
R03_shallower_empty,999,200.8000000000114,78.39166507508108,50.481372874778145,25.78244987734362,-16.9165168992698,0.25179914642894163,0.6541250141054158,0.34463627883060155,-0.018436279847464748,-0.2711448073387146,0.9983701705932617,-0.43970000743865967,-0.2711448073387146,0.9983701705932617,-0.43970000743865967,0.7373131155967712,0.34942955970764156,-0.10992500185966492,0.010178152419012888,0.20000000000004547,,none,0.023718652247550764,0.0,-0.010000000000002274,-0.0035404998285356016
R03_shallower_empty,1000,201.00000000001145,78.33956352285462,50.605519559752615,25.748312365205198,-16.84747882648153,0.24317282366606596,0.7314517627751563,0.34566678003026374,-0.06436527303936475,0.17319129407405853,0.993618905544281,-0.6318163871765137,0.17319129407405853,0.993618905544281,-0.6318163871765137,1.0039147764444352,0.3477666169404983,-0.15795409679412842,0.008184260834438066,0.20000000000004547,,task_horizon,0.022871577812477284,0.0,-0.010000000000002274,-0.004687316978036944
