case_id,control_step,timestamp_s,north_m,east_m,down_m,yaw_rad,pitch_rad,surge_speed_mps,yaw_rate_rad_s,pitch_rate_rad_s,nominal_a0,nominal_a1,nominal_a2,executed_a0,executed_a1,executed_a2,surge_command_mps,yaw_rate_command_rad_s,pitch_rate_command_rad_s,reward,elapsed_s,minimum_clearance_m,failure_type,reward_progress,reward_goal,reward_time,reward_smoothness
R01_horizontal_empty,0,1.0,20.30000000000001,50.0,20.0,0.0,0.0,0.3,0.0,0.0,,,,,,,,,,,,,,,,,
R01_horizontal_empty,1,1.2000000000000002,20.36312721142599,49.99979809757108,20.000161253021883,-0.010000000000000002,-0.007926823793351651,0.3298757986888193,-0.09972216546535492,-0.0768173536092043,-0.7747599482536316,-0.9563475847244263,-0.9734200239181519,-0.7747599482536316,-0.9563475847244263,-0.9734200239181519,0.43514403104782107,-0.3347216546535492,-0.24335500597953796,0.014869604332523552,0.20000000000000018,,none,0.06312721086619888,0.0,-0.010000000000000009,-0.03825760653367532
R01_horizontal_empty,2,1.4000000000000004,20.439068439954017,49.99811220710635,20.001512651797878,-0.0351922763957143,-0.028681172366715534,0.42987579868881937,-0.1485225096198797,-0.12694779373054296,0.512863278388977,-0.7084635496139526,-0.9163913726806641,0.512863278388977,-0.7084635496139526,-0.9163913726806641,1.2077179670333862,-0.2479622423648834,-0.22909784317016602,0.03148773324838621,0.20000000000000018,,none,0.07594117996266903,0.0,-0.010000000000000009,-0.034453446714282805
R01_horizontal_empty,3,1.6000000000000005,20.534824907031197,49.99319829327024,20.00557764534869,-0.06708338798709648,-0.055767308331240086,0.5298757986888194,-0.16885606345280135,-0.1427244751916153,0.8192676305770874,-0.6008269786834717,-0.6994895339012146,0.8192676305770874,-0.6008269786834717,-0.6994895339012146,1.3915605783462524,-0.21028944253921508,-0.17487238347530365,0.08270555230324439,0.20000000000000018,,none,0.09575586562539229,0.0,-0.010000000000000009,-0.0030503133221478863
R01_horizontal_empty,4,1.8000000000000007,20.65008744691301,49.98333358928041,20.013660437429134,-0.10368403684217702,-0.08232805884985352,0.6298757986888195,-0.19516734041533923,-0.1242736698168869,0.9190734028816223,-0.7108041048049927,-0.34670695662498474,0.9190734028816223,-0.7108041048049927,-0.34670695662498474,1.4514440417289733,-0.24878143668174743,-0.08667673915624619,0.10232904411871947,0.20000000000000018,,none,0.11525927826441773,0.0,-0.010000000000000009,-0.002930234145698254
R01_horizontal_empty,5,2.000000000000001,20.78440936171574,49.9666079546024,20.026471119855657,-0.1434269471489953,-0.10514489950797859,0.7298757986888196,-0.2017645314288999,-0.1053230478353917,0.8925624489784241,-0.6148786544799805,-0.26683059334754944,0.8925624489784241,-0.6148786544799805,-0.26683059334754944,1.4355374693870544,-0.21520752906799315,-0.06670764833688736,0.12398480019765536,0.20000000000000018,,none,0.13431049531980221,0.0,-0.010000000000000009,-0.000325695122146854
R01_horizontal_empty,6,2.2,20.93726683954937,49.94134199486468,20.044383443757294,-0.1832093554518185,-0.12384589093223407,0.8298757986888197,-0.19645940010119237,-0.0833434702894053,0.903978168964386,-0.5304263234138489,-0.15422405302524567,0.903978168964386,-0.5304263234138489,-0.15422405302524567,1.4423869013786317,-0.1856492131948471,-0.03855601325631142,0.14242815029490313,0.1999999999999993,,none,0.1528270052510763,0.0,-0.009999999999999966,-0.0003988549561732002
R01_horizontal_empty,7,2.3999999999999995,21.10812767079038,49.906181750524,20.067482187569258,-0.22175674686685085,-0.13846014355542852,0.9298757986888198,-0.18953630845040315,-0.06423896520490262,0.8661202192306519,-0.5012263655662537,-0.10124000161886215,0.8661202192306519,-0.5012263655662537,-0.10124000161886215,1.4196721315383911,-0.17542922794818877,-0.025310000404715538,0.16069138038853778,0.1999999999999993,,none,0.1707932438205333,0.0,-0.009999999999999966,-0.00010186343199555137
R01_horizontal_empty,8,2.5999999999999988,21.296401382918088,49.860002598624746,20.09571485112234,-0.25823693202512726,-0.15019444644061627,1.0271631191506132,-0.17626574721778893,-0.05388448248092519,0.8042116761207581,-0.42635577917099,-0.13114123046398163,0.8042116761207581,-0.42635577917099,-0.13114123046398163,1.3825270056724548,-0.14922452270984649,-0.03278530761599541,0.17793549261797198,0.1999999999999993,,none,0.1881421397360441,0.0,-0.009999999999999966,-0.0002066471180721685
R01_horizontal_empty,9,2.799999999999998,21.49777924356758,49.803032606979535,20.128497613110483,-0.2925139002955056,-0.1601922373344063,1.088391251106693,-0.16718811771152478,-0.0466394830903292,0.673550546169281,-0.42483076453208923,-0.127505823969841,0.673550546169281,-0.42483076453208923,-0.127505823969841,1.3041303277015686,-0.14869076758623123,-0.03187645599246025,0.19080837096289813,0.1999999999999993,,none,0.20115012841750257,0.0,-0.009999999999999966,-0.0003417574546044655
R01_horizontal_empty,10,2.9999999999999973,21.70515230674921,49.73701529956484,20.164788449265668,-0.3226174125104816,-0.1706077101888202,1.1166915112633276,-0.13618380396968707,-0.05675298907122152,0.5273471474647522,-0.2085907906293869,-0.30944451689720154,0.5273471474647522,-0.2085907906293869,-0.30944451689720154,1.2164082884788512,-0.07300677672028541,-0.07736112922430038,0.1949949160406484,0.1999999999999993,,none,0.20701965300245462,0.0,-0.009999999999999966,-0.002024736961806264
R01_horizontal_empty,11,3.1999999999999966,21.913818262019216,49.6644841564142,20.20423165733806,-0.3445666196954957,-0.1831587940047646,1.1269398402742947,-0.08701418876395398,-0.06791645692975021,0.43841686844825745,0.037651434540748596,-0.3626563549041748,0.43841686844825745,0.037651434540748596,-0.3626563549041748,1.1630501210689543,0.013178002089262009,-0.0906640887260437,0.1967365311935739,0.1999999999999993,,none,0.2081640377473093,0.0,-0.009999999999999966,-0.0014275065537354336
R01_horizontal_empty,12,3.399999999999996,22.122789110696406,49.58782808314195,20.24698130376793,-0.3567659045962113,-0.19608119558687487,1.1390670809312884,-0.038625706989046306,-0.06177076087602999,0.46966293454170227,0.17135651409626007,-0.19699107110500336,0.46966293454170227,0.17135651409626007,-0.19699107110500336,1.1817977607250214,0.05997477993369102,-0.04924776777625084,0.19737832548172082,0.1999999999999993,,none,0.20830429250575122,0.0,-0.009999999999999966,-0.0009259670240304319
R01_horizontal_empty,13,3.599999999999995,22.33195489296183,49.50938538564094,20.29274424524447,-0.3588424830545785,-0.207819977378076,1.1411507839877804,0.013900978646636404,-0.056048355539191234,0.41415461897850037,0.34552520513534546,-0.17755158245563507,0.41415461897850037,0.34552520513534546,-0.17755158245563507,1.1484927713871003,0.1209338217973709,-0.04438789561390877,0.19765454931519486,0.1999999999999993,,none,0.20833042531027246,0.0,-0.009999999999999966,-0.0006758759950776261
R01_horizontal_empty,14,3.7999999999999945,22.540879132717695,49.431618973458804,20.340967988230084,-0.3526131940413873,-0.21783807092067828,1.139770257821307,0.04597452382829992,-0.0449677283335281,0.39150989055633545,0.3180865943431854,-0.08955559879541397,0.39150989055633545,0.3180865943431854,-0.08955559879541397,1.1349059343338013,0.11133030802011488,-0.022388899698853493,0.19775126661302536,0.1999999999999993,,none,0.20793144569758226,0.0,-0.009999999999999966,-0.00018017908455694287
R01_horizontal_empty,15,3.999999999999994,22.748836144923832,49.35624310231019,20.39087806823698,-0.34251184344131924,-0.22557361312745577,1.1283493211427735,0.054403675791406134,-0.03326939851465679,0.3135122060775757,0.20451323688030243,-0.03772754594683647,0.3135122060775757,0.20451323688030243,-0.03772754594683647,1.0881073236465453,0.07157963290810584,-0.009431886486709118,0.19639289756064038,0.1999999999999993,,none,0.20682627142807064,0.0,-0.009999999999999966,-0.0004333738674302981
R01_horizontal_empty,16,4.199999999999993,22.95559833980822,49.28360215043839,20.44184409972886,-0.3340316495924085,-0.23099734659760243,1.1219566671548982,0.03208074515141825,-0.021830116497595073,0.3323866128921509,-0.03830387815833092,0.005918150767683983,0.3323866128921509,-0.03830387815833092,0.005918150767683983,1.0994319677352904,-0.01340635735541582,0.0014795376919209957,0.19428192314953016,0.1999999999999993,,none,0.20550634997812978,0.0,-0.009999999999999966,-0.0012244268285996577
R01_horizontal_empty,17,4.399999999999992,23.160879761582482,49.21285239959649,20.493340323758137,-0.3309171388757018,-0.23439736881373172,1.1101441970254895,0.0013784019821460073,-0.01284715290580498,0.28087103366851807,-0.17480944097042084,0.021829191595315933,0.28087103366851807,-0.17480944097042084,0.021829191595315933,1.0685226202011109,-0.06118330433964729,0.005457297898828983,0.19346895045590243,0.1999999999999993,,none,0.2038997661519346,0.0,-0.009999999999999966,-0.00043081569603220776
R01_horizontal_empty,18,4.599999999999992,23.36370931636142,49.1430345815224,20.54482420134002,-0.332914795088739,-0.23657242613461102,1.0965113651721492,-0.01976163641518202,-0.009179827165077394,0.24745948612689972,-0.17953822016716003,-0.006827889010310173,0.24745948612689972,-0.17953822016716003,-0.006827889010310173,1.0484756916761397,-0.062838377058506,-0.0017069722525775433,0.19127815261658063,0.1999999999999993,,none,0.20131735103919368,0.0,-0.009999999999999966,-3.9198422613093764e-05
R01_horizontal_empty,19,4.799999999999991,23.564435930049342,49.073116546297804,20.596250867599444,-0.3377685726312065,-0.23807973032187205,1.0906459729490368,-0.02814433390850555,-0.006123565577580534,0.2832984924316406,-0.12921608984470367,0.0004165321297477931,0.2832984924316406,-0.12921608984470367,0.0004165321297477931,1.0699790954589843,-0.045225631445646286,0.00010413303243694827,0.18899223769830634,0.1999999999999993,,none,0.1990696223545214,0.0,-0.009999999999999966,-7.738465621512119e-05
R01_horizontal_empty,20,4.99999999999999,23.76380689334061,49.002499615657634,20.64769599397628,-0.3428710724443924,-0.23901258256075686,1.0863042290877323,-0.023249582344148288,-0.0034095151756421043,0.2850099503993988,-0.03793034330010414,0.008483459241688251,0.2850099503993988,-0.03793034330010414,0.008483459241688251,1.0710059702396393,-0.013275620155036449,0.002120864810422063,0.18738794252968421,0.1999999999999993,,none,0.19755596436815637,0.0,-0.009999999999999966,-0.00016802183847219258
R01_horizontal_empty,21,5.1999999999999895,23.96233304412694,48.93118663085816,20.699144682268418,-0.34648080046189617,-0.23929766248210954,1.0850490820283412,-0.013576741239174581,0.0002805920558315245,0.301044225692749,0.017524179071187973,0.03119947388768196,0.301044225692749,0.017524179071187973,0.03119947388768196,1.0806265354156495,0.00613346267491579,0.00779986847192049,0.18647205398202144,0.1999999999999993,,none,0.19654902036916155,0.0,-0.009999999999999966,-7.69663871401616e-05
R01_horizontal_empty,22,5.399999999999989,24.16039722225398,48.85944900487326,20.750504689556454,-0.34814338614674273,-0.2388571493400231,1.0832946739363591,-0.003786971914135307,0.0038551262174441646,0.2951882779598236,0.046175699681043625,0.044555604457855225,0.2951882779598236,0.046175699681043625,0.044555604457855225,1.077112966775894,0.01616149488836527,0.011138901114463806,0.18590661460386684,0.1999999999999993,,none,0.1959272863634851,0.0,-0.009999999999999966,-2.0671759618305085e-05
R01_horizontal_empty,23,5.599999999999988,24.358090910671933,48.787672377174424,20.80161601252537,-0.3481264692587965,-0.23785028907274447,1.081220848156815,0.003413444393537854,0.006048185282076656,0.28985610604286194,0.05167321488261223,0.04206779599189758,0.28985610604286194,0.05167321488261223,0.04206779599189758,1.0739136636257172,0.01808562520891428,0.010516948997974396,0.1854033823125235,0.1999999999999993,,none,0.1954046791909576,0.0,-0.009999999999999966,-1.2968784341360618e-06
R01_horizontal_empty,24,5.799999999999987,24.555522756882308,48.71612541183283,20.852382473864544,-0.3470832313139314,-0.2364961533661714,1.0793209680538498,0.006766234768246261,0.007391896107819233,0.28771114349365234,0.03885190188884735,0.040519822388887405,0.28771114349365234,0.03885190188884735,0.040519822388887405,1.0726266860961913,0.013598165661096572,0.010129955597221851,0.18499392167304288,0.1999999999999993,,none,0.1949973493361128,0.0,-0.009999999999999966,-3.4276630699442423e-06
R01_horizontal_empty,25,5.999999999999987,24.752719505786214,48.644952407336206,20.902742457701184,-0.3456263779498569,-0.23498266089062148,1.0769071340484806,0.007729683597372065,0.007718418600981882,0.2806698679924011,0.027693968266248703,0.033535074442625046,0.2806698679924011,0.027693968266248703,0.033535074442625046,1.0684019207954407,0.009692888893187045,0.008383768610656261,0.1846171766063553,0.1999999999999993,,none,0.19462163392130094,0.0,-0.009999999999999966,-4.457314945673085e-06
R01_horizontal_empty,26,6.199999999999986,24.949704144714755,48.57419100091,20.952683179018663,-0.3441234074703781,-0.23346443868099048,1.0750229803718003,0.007330135215705056,0.0074816488640390335,0.280640184879303,0.018617089837789536,0.027996746823191643,0.280640184879303,0.018617089837789536,0.027996746823191643,1.0683841109275818,0.006515981443226337,0.006999186705797911,0.1842689359578975,0.1999999999999993,,none,0.19427119723141573,0.0,-0.009999999999999966,-2.2612735182481884e-06
R01_horizontal_empty,27,6.399999999999985,25.146547938149855,48.50380418375097,21.00223357000245,-0.34271410244502504,-0.23201550286827227,1.0734690641578002,0.006802670154429854,0.0070409265654039046,0.27998965978622437,0.01636532135307789,0.024571493268013,0.27998965978622437,0.01636532135307789,0.024571493268013,1.0679937958717345,0.005727862473577261,0.00614287331700325,0.18399140399414907,0.1999999999999993,,none,0.19399174851427148,0.0,-0.009999999999999966,-3.4452012245458907e-07
R01_horizontal_empty,28,6.5999999999999845,25.343293749786493,48.43375739651306,21.051426419235522,-0.3413531980836431,-0.2306714958936663,1.072178219556835,0.006806113903530264,0.006444124255536743,0.2793831527233124,0.019466089084744453,0.020912116393446922,0.2793831527233124,0.019466089084744453,0.020912116393446922,1.0676298916339875,0.006813131179660558,0.005228029098361731,0.18375410478827486,0.1999999999999993,,none,0.1937545722612839,0.0,-0.009999999999999966,-4.674730090643148e-07
R01_horizontal_empty,29,6.799999999999984,25.53997802816016,48.36403846829174,21.100297332872625,-0.3399301163646821,-0.2294520593364711,1.0710904719173593,0.007381347823787372,0.0057988739254628266,0.27876293659210205,0.02443855255842209,0.017936227843165398,0.27876293659210205,0.02443855255842209,0.017936227843165398,1.0672577619552612,0.00855349339544773,0.004484056960791349,0.1835528679897474,0.1999999999999993,,none,0.19355354730922159,0.0,-0.009999999999999966,-6.793194742033687e-07
R01_horizontal_empty,30,6.999999999999983,25.73662020732009,48.29466457765282,21.148877954149945,-0.338356388499026,-0.22836038756938068,1.0700108407504885,0.008287624621757686,0.005165575535094906,0.2770112156867981,0.028955232352018356,0.015500451438128948,0.2770112156867981,0.028955232352018356,0.015500451438128948,1.0662067294120787,0.010134331323206423,0.003875112859532237,0.18337187551324804,0.1999999999999993,,none,0.19337246355183169,0.0,-0.009999999999999966,-5.880385836658404e-07
R01_horizontal_empty,31,7.199999999999982,25.9332175388262,48.22567395565173,21.197192809795844,-0.3366050998746934,-0.22738919379761255,1.0688418618879967,0.009159544868684309,0.004589761377452922,0.27453821897506714,0.031246410682797432,0.013665733858942986,0.27453821897506714,0.031246410682797432,0.013665733858942986,1.0647229313850401,0.0109362437389791,0.0034164334647357464,0.183189676458145,0.1999999999999993,,none,0.19318997108613445,0.0,-0.009999999999999966,-2.9462798950075433e-07
R01_horizontal_empty,32,7.399999999999982,26.12974674368672,48.15711191627858,21.245258491939538,-0.3346914883758042,-0.22651780215439274,1.0674539279104684,0.009919306758625016,0.004156788297307383,0.2709391713142395,0.03276417776942253,0.013098102062940598,0.2709391713142395,0.03276417776942253,0.013098102062940598,1.0625635027885436,0.011467462219297885,0.0032745255157351494,0.18298578817546066,0.1999999999999993,,none,0.19298609975479764,0.0,-0.009999999999999966,-3.1157933699968445e-07
R01_horizontal_empty,33,7.599999999999981,26.3261725445454,48.08902270856089,21.293083374451786,-0.33264409369759834,-0.22571775235685923,1.0658463069544426,0.010510111022156083,0.003865652615710858,0.2669696807861328,0.03346852585673332,0.013089639134705067,0.2669696807861328,0.03346852585673332,0.013089639134705067,1.0601818084716796,0.011713984049856662,0.0032724097836762667,0.18274889127351307,0.1999999999999993,,none,0.19274921633417108,0.0,-0.009999999999999966,-3.2506065803962826e-07
R01_horizontal_empty,34,7.79999999999998,26.522465972336587,48.021439770337636,21.34067205543496,-0.33051280928999666,-0.2249632155200377,1.0641011449385547,0.01078222386986987,0.003692747626133155,0.2632533609867096,0.03239058330655098,0.01336168684065342,0.2632533609867096,0.03239058330655098,0.01336168684065342,1.0579520165920258,0.011336704157292841,0.003340421710163355,0.1824852416569249,0.1999999999999993,,none,0.1924855425969838,0.0,-0.009999999999999966,-3.00940058947808e-07
R01_horizontal_empty,35,7.99999999999998,26.718605329319033,47.954380340827655,21.38802682132193,-0.3283655213871789,-0.22423280065924484,1.0622526542783792,0.010697072992065057,0.0036171023751115903,0.2595657408237457,0.0300673209130764,0.01385184470564127,0.2595657408237457,0.0300673209130764,0.01385184470564127,1.0557394444942474,0.01052356231957674,0.0034629611764103174,0.18220157484761854,0.1999999999999993,,none,0.19220195957452546,0.0,-0.009999999999999966,-3.847269069568067e-07
R01_horizontal_empty,36,8.199999999999982,26.91457268955521,47.88784542022449,21.435147872037184,-0.32626452728146754,-0.22351044993160038,1.0603475810978271,0.010339796076902587,0.0036071546618916717,0.25605833530426025,0.027462223544716835,0.01434753742069006,0.25605833530426025,0.027462223544716835,0.01434753742069006,1.0536350011825562,0.009611778240650891,0.003586884355172515,0.18190135503456137,0.20000000000000195,,none,0.19190174171730234,0.0,-0.010000000000000097,-3.866827408900708e-07
R01_horizontal_empty,37,8.399999999999984,27.110355907379496,47.821822850349875,21.482034747999986,-0.3242464382769567,-0.2227854936311971,1.058431848382147,0.009876046815892449,0.003639937495327609,0.25280284881591797,0.02551734820008278,0.01482695434242487,0.25280284881591797,0.02551734820008278,0.01482695434242487,1.0516817092895507,0.008931071870028971,0.0037067385856062174,0.1815898603814492,0.20000000000000284,,none,0.19159015259290868,0.0,-0.010000000000000142,-2.9221145933580605e-07
R01_horizontal_empty,38,8.599999999999987,27.30594841926079,47.75629436471406,21.528686784512864,-0.3223133525878991,-0.22205161039069285,1.0565297575339583,0.009484333558540493,0.003694762724409795,0.24971280992031097,0.024817558005452156,0.015225917100906372,0.24971280992031097,0.024817558005452156,0.015225917100906372,1.0498276859521865,0.008686145301908255,0.003806479275226593,0.18127225034653646,0.20000000000000284,,none,0.19127245429089612,0.0,-0.010000000000000142,-2.039443595104086e-07
R01_horizontal_empty,39,8.79999999999999,27.50134798678083,47.69124330311732,21.575103160912548,-0.32043827493653887,-0.22130622001253505,1.0546513652820224,0.009281714390539863,0.003754628932554875,0.2467213273048401,0.02533954381942749,0.015506469644606113,0.2467213273048401,0.02533954381942749,0.015506469644606113,1.048032796382904,0.00886884033679962,0.0038766174111515284,0.18095276131275748,0.20000000000000284,,none,0.19095294731570078,0.0,-0.010000000000000142,-1.8600294316864845e-07
R01_horizontal_empty,40,8.999999999999993,27.69655518102,47.62665985878817,21.621282920548246,-0.31858071685492556,-0.2205495006080856,1.0527912290857993,0.009293014718285345,0.0038085045025732156,0.24372830986976624,0.0266172606498003,0.015673143789172173,0.24372830986976624,0.0266172606498003,0.015673143789172173,1.0462369859218597,0.009316041227430105,0.003918285947293043,0.18063445363786007,0.20000000000000284,,none,0.19063466600773893,0.0,-0.010000000000000142,-2.1236987871481663e-07
R01_horizontal_empty,41,9.199999999999996,27.891564652115463,47.56254716657922,21.66722304262259,-0.3166717380922685,-0.2197813892739306,1.0508595118572324,0.00976146569185461,0.003868115918118349,0.24008841812610626,0.030617203563451767,0.01595834083855152,0.24008841812610626,0.030617203563451767,0.01595834083855152,1.0440530508756638,0.010716021247208118,0.00398958520963788,0.1803117346083479,0.20000000000000284,,none,0.19031232120219954,0.0,-0.010000000000000142,-5.865938515001861e-07
R01_horizontal_empty,42,9.399999999999999,28.08637016037697,47.49892689396868,21.712918955399537,-0.31461975749392695,-0.21900174828556992,1.0488733837422344,0.010688471715835493,0.00392407622891359,0.2364586740732193,0.035935480147600174,0.01615242287516594,0.2364586740732193,0.035935480147600174,0.01615242287516594,1.0418752044439314,0.01257741805166006,0.004038105718791485,0.17998517169248898,0.20000000000000284,,none,0.18998600162800017,0.0,-0.010000000000000142,-8.299355110381184e-07
R01_horizontal_empty,43,9.600000000000001,28.280973536027826,47.43583501995993,21.758367001323244,-0.3123703729605843,-0.2182115778417144,1.0468506326411466,0.011727092613015468,0.003973874878358175,0.2328723520040512,0.03955278545618057,0.016301395371556282,0.2328723520040512,0.03955278545618057,0.016301395371556282,1.0397234112024307,0.013843474909663199,0.0040753488428890705,0.17966406532580126,0.20000000000000284,,none,0.1896645847017311,0.0,-0.010000000000000142,-5.19375929679336e-07
R01_horizontal_empty,44,9.800000000000004,28.47537486043217,47.37331237142654,21.80356316403197,-0.30993404053358103,-0.2174121447763496,1.0447471259883392,0.012572512258248819,0.00401719103073196,0.2288922667503357,0.04084346070885658,0.01642182283103466,0.2288922667503357,0.04084346070885658,0.01642182283103466,1.0373353600502013,0.014295211248099803,0.004105455707758665,0.1793464515240299,0.20000000000000284,,none,0.1893468019525102,0.0,-0.010000000000000142,-3.504284801542079e-07
R01_horizontal_empty,45,10.000000000000007,28.669568557560677,47.31139367559748,21.84850303151755,-0.30736538695451,-0.21660484042537997,1.0425718575035963,0.013076070291923994,0.00405314278977742,0.22484539449214935,0.04029189422726631,0.01650560460984707,0.22484539449214935,0.04029189422726631,0.01650560460984707,1.0349072366952896,0.014102162979543208,0.004126401152461767,0.1790266157671231,0.20000000000000284,,none,0.18902694953552412,0.0,-0.010000000000000142,-3.3376840088306104e-07
R01_horizontal_empty,46,10.20000000000001,28.863548565639473,47.250099913233555,21.893183361338576,-0.3047309004539985,-0.2157904281768345,1.0403556454163028,0.013255287115720537,0.0040883277967066365,0.22091126441955566,0.038915641605854034,0.01664009504020214,0.22091126441955566,0.038915641605854034,0.01664009504020214,1.0325467586517334,0.013620474562048911,0.004160023760050535,0.17870363051065816,0.20000000000000284,,none,0.18870397830142593,0.0,-0.010000000000000142,-3.4779076763774566e-07
R01_horizontal_empty,47,10.400000000000013,29.05731083697241,47.18943816597824,21.937602380915653,-0.302083177475849,-0.21496905006283284,1.0381315473937636,0.013224279699165037,0.00412285130182468,0.21715812385082245,0.03760313242673874,0.01677279733121395,0.21715812385082245,0.03760313242673874,0.01677279733121395,1.0302948743104934,0.013161096349358558,0.004193199332803488,0.17837889560409378,0.20000000000000284,,none,0.18837921213118136,0.0,-0.010000000000000142,-3.165270874394555e-07
R01_horizontal_empty,48,10.600000000000016,29.250854450063596,47.129405926375426,21.981759726584762,-0.29944897568384043,-0.21414196040019975,1.035927236287285,0.013125205460374096,0.00414627953522619,0.21360047161579132,0.03692378103733063,0.016776075586676598,0.21360047161579132,0.03692378103733063,0.016776075586676598,1.0281602829694747,0.012923323363065719,0.004194018896669149,0.17805496258452772,0.20000000000000284,,none,0.1880552249528975,0.0,-0.010000000000000142,-2.623683696534318e-07
R01_horizontal_empty,49,10.800000000000018,29.444181812452527,47.06999692493038,22.025656518849143,-0.2968279938394944,-0.21331342981894835,1.0337604606972741,0.013087458013518556,0.004139534640929064,0.21020960807800293,0.03717297315597534,0.016503162682056427,0.21020960807800293,0.03717297315597534,0.016503162682056427,1.0261257648468016,0.01301054060459137,0.004125790670514107,0.17773481892324614,0.20000000000000284,,none,0.18773505161392023,0.0,-0.010000000000000142,-2.326906739481133e-07
R01_horizontal_empty,50,11.000000000000021,29.637298391030505,47.01120600629834,22.069295483806417,-0.29420585510883035,-0.21248795968252418,1.0316423022413823,0.013130672231382071,0.0041168746128483836,0.20696485042572021,0.03776779770851135,0.01628280244767666,0.20696485042572021,0.03776779770851135,0.01628280244767666,1.0241789102554322,0.013218729197978972,0.004070700611919165,0.1774214875670712,0.20000000000000284,,none,0.18742170618361342,0.0,-0.010000000000000142,-2.1861654206485616e-07
R01_horizontal_empty,51,11.200000000000024,29.830208037893254,46.95303168994199,22.11267948704076,-0.29156893427174607,-0.21166835313241372,1.029538429860904,0.013230976214037678,0.004081832051112541,0.2035422921180725,0.0383867546916008,0.016041705384850502,0.2035422921180725,0.0383867546916008,0.016041705384850502,1.0221253752708435,0.013435364142060278,0.0040104263462126255,0.17711351246565,0.20000000000000284,,none,0.18711375556846832,0.0,-0.010000000000000142,-2.4310281819733825e-07
R01_horizontal_empty,52,11.400000000000027,30.02291091895313,46.89547581408017,22.155810931989443,-0.28891093033858023,-0.21085676594108257,1.0274373287970608,0.013340786686696153,0.004037389503338675,0.20005673170089722,0.03875584527850151,0.015787318348884583,0.20005673170089722,0.03875584527850151,0.015787318348884583,1.0200340390205382,0.013564545847475528,0.003946829587221146,0.17680748342361086,0.20000000000000284,,none,0.18680773042505194,0.0,-0.010000000000000142,-2.470014409437088e-07
R01_horizontal_empty,53,11.60000000000003,30.2154051522428,46.838541246332774,22.19869209701648,-0.28623332490701087,-0.21005439412704272,1.025328324108353,0.013428645683896576,0.0039899073720413005,0.19649530947208405,0.038879070430994034,0.015572614967823029,0.19649530947208405,0.038879070430994034,0.015572614967823029,1.0178971856832504,0.01360767465084791,0.003893153741955757,0.17650140746902568,0.20000000000000284,,none,0.18650166236923127,0.0,-0.010000000000000142,-2.549002054386129e-07
R01_horizontal_empty,54,11.800000000000033,30.407687248718727,46.7822304684642,22.241325085815152,-0.28354171220731555,-0.20926141946575566,1.0232075794438396,0.013483357663389319,0.003943348397365188,0.19289179146289825,0.03884240984916687,0.015393903478980064,0.19289179146289825,0.03884240984916687,0.015393903478980064,1.015735074877739,0.013594843447208405,0.003848475869745016,0.1761936816528993,0.20000000000000284,,none,0.1861939420253762,0.0,-0.010000000000000142,-2.6037247674061403e-07
R01_horizontal_empty,55,12.000000000000036,30.59975316465374,46.72654478467868,22.283711916430164,-0.2808423686117908,-0.20847731556110455,1.0210766326965273,0.013508205506400306,0.00390089069240091,0.18928030133247375,0.038739535957574844,0.015257501043379307,0.18928030133247375,0.038739535957574844,0.015257501043379307,1.0135681807994843,0.013558837585151196,0.0038143752608448267,0.17588369037367405,0.20000000000000284,,none,0.18588395181466666,0.0,-0.010000000000000142,-2.614409924832535e-07
R01_horizontal_empty,56,12.200000000000038,30.79159887930418,46.67148426705627,22.325854515565144,-0.2781401713711937,-0.20770110991169846,1.0189373241413757,0.013513377114717041,0.0038639500250093506,0.18566568195819855,0.03863975778222084,0.015154706314206123,0.18566568195819855,0.03863975778222084,0.015154706314206123,1.011399409174919,0.013523915223777293,0.003788676578551531,0.17557137745254509,0.20000000000000284,,none,0.18557163917245845,0.0,-0.010000000000000142,-2.617199132301691e-07
R01_horizontal_empty,57,12.400000000000041,30.983220595240812,46.61704808993101,22.367754677068326,-0.2754380284090706,-0.206931673966451,1.0167919726967536,0.013508425695671171,0.0038327602083758263,0.18205460906028748,0.038566675037145615,0.015076820738613605,0.18205460906028748,0.038566675037145615,0.015076820738613605,1.0092327654361724,0.013498336263000964,0.0037692051846534014,0.17525690716023593,0.20000000000000284,,none,0.18525716818533056,0.0,-0.010000000000000142,-2.610250944908195e-07
R01_horizontal_empty,58,12.600000000000044,31.17461475965305,46.563234910691214,22.409414033082285,-0.2727372749234126,-0.20616792401983974,1.0146415604510064,0.01349976213472791,0.0038067031796905643,0.1784408688545227,0.03852031007409096,0.01501442864537239,0.1784408688545227,0.03852031007409096,0.01501442864537239,1.0070645213127136,0.013482108525931834,0.0037536071613430977,0.174940485410378,0.20000000000000284,,none,0.18494074671359328,0.0,-0.010000000000000142,-2.613032151571777e-07
R01_horizontal_empty,59,12.800000000000047,31.3657779939174,46.51004315206728,22.45083404748793,-0.27003836259305664,-0.2054089403292385,1.0124868958685058,0.013490090147856472,0.0037847856533925316,0.1748247891664505,0.03848680481314659,0.014960498549044132,0.1748247891664505,0.03848680481314659,0.014960498549044132,1.0048948734998702,0.013470381684601306,0.003740124637261033,0.17462226853153864,0.20000000000000284,,none,0.18462253013280616,0.0,-0.010000000000000142,-2.6160126736578594e-07
R01_horizontal_empty,60,13.00000000000005,31.556707054503413,46.457471134909376,22.49201604060482,-0.26734140879995466,-0.2046540040912237,1.0103283003573378,0.013480193681256674,0.0037659931224801645,0.17120404541492462,0.038457222282886505,0.014910799451172352,0.17120404541492462,0.038457222282886505,0.014910799451172352,1.0027224272489548,0.013460027799010276,0.003727699862793088,0.1743023802038113,0.20000000000000284,,none,0.18430264246642025,0.0,-0.010000000000000142,-2.6226260881279106e-07
R01_horizontal_empty,61,13.200000000000053,31.747423247294115,46.40550920811259,22.532965621162944,-0.2646655311295703,-0.20388891051078536,1.0084147592649124,0.013292713435354847,0.0038766057894771785,0.16945390403270721,0.03688767924904823,0.016407998278737068,0.16945390403270721,0.03688767924904823,0.016407998278737068,1.0016723424196243,0.01291068773716688,0.004101999569684267,0.174004550394293,0.20000000000000284,,none,0.1840047057555836,0.0,-0.010000000000000142,-1.553612904416253e-07
R01_horizontal_empty,62,13.400000000000055,31.93795295458639,46.35414068341323,22.573685413986986,-0.2620401504220566,-0.2030922199835198,1.006576676400638,0.012984336084524964,0.004075322199149925,0.1668335646390915,0.035302743315696716,0.017920974642038345,0.1668335646390915,0.035302743315696716,0.017920974642038345,1.000100138783455,0.01235596016049385,0.004480243660509586,0.17373308228136308,0.20000000000000284,,none,0.18373331562732176,0.0,-0.010000000000000142,-2.333459585294323e-07
R01_horizontal_empty,63,13.600000000000058,32.12830619535986,46.303348821382336,22.61417164494655,-0.2594814155010537,-0.20225776162544298,1.0048077944826637,0.012629739147058209,0.0042556686444170854,0.16429181396961212,0.034020520746707916,0.01849263161420822,0.16429181396961212,0.034020520746707916,0.01849263161420822,0.9985750883817672,0.01190718226134777,0.004623157903552055,0.17347224098995692,0.20000000000000284,,none,0.18347240961761457,0.0,-0.010000000000000142,-1.6862765752106989e-07
R01_horizontal_empty,64,13.800000000000061,32.31849519662991,46.253114780655096,22.654421365066234,-0.25698952396753333,-0.2013913081801108,1.0031396286105352,0.0123130454379897,0.004398128583088349,0.16210299730300903,0.03333635255694389,0.018753668293356895,0.16210299730300903,0.03333635255694389,0.018753668293356895,0.9972617983818053,0.011667723394930362,0.004688417073339224,0.17322378978429148,0.20000000000000284,,none,0.18322389632718483,0.0,-0.010000000000000142,-1.0654289319490806e-07
R01_horizontal_empty,65,14.000000000000064,32.50853379823758,46.20342071910747,22.694433172812015,-0.25455460742889874,-0.2004984682167347,1.0015578375922638,0.012055528998951733,0.0045210094986118336,0.15997391939163208,0.032945118844509125,0.019085608422756195,0.15997391939163208,0.032945118844509125,0.019085608422756195,0.9959843516349791,0.011530791595578193,0.004771402105689049,0.17298918184090628,0.20000000000000284,,none,0.1829892777653228,0.0,-0.010000000000000142,-9.592441639928729e-08
R01_horizontal_empty,66,14.200000000000067,32.69843042193824,46.15425051436583,22.73420629357379,-0.2521976583759248,-0.19959697932946388,1.0000227575506386,0.011551918709826336,0.004495780860160499,0.15768976509571075,0.030073484405875206,0.017777491360902786,0.15768976509571075,0.030073484405875206,0.017777491360902786,0.9946138590574265,0.010525719542056321,0.0044443728402256966,0.17276286465068907,0.20000000000000284,,none,0.1827631681469981,0.0,-0.010000000000000142,-3.034963088847237e-07
R01_horizontal_empty,67,14.40000000000007,32.888191641709604,46.10558068406667,22.773744886537852,-0.24996366494409974,-0.19871104879681636,0.9985793920444691,0.010841555764530811,0.004372794003196573,0.15582275390625,0.026840170845389366,0.01648874208331108,0.15582275390625,0.026840170845389366,0.01648874208331108,0.9934936523437499,0.009394059795886277,0.00412218552082777,0.17254243538464178,0.20000000000000284,,none,0.18254274740308318,0.0,-0.010000000000000142,-3.1201844124972847e-07
R01_horizontal_empty,68,14.600000000000072,33.0778193540483,46.05738302512119,22.813056250627913,-0.2478560234460568,-0.19785455456513687,0.9971597912263398,0.010277381137676123,0.004204809341421796,0.15359631180763245,0.026079345494508743,0.015450038015842438,0.15359631180763245,0.026079345494508743,0.015450038015842438,0.9921577870845795,0.009127770923078059,0.0038625095039606094,0.1723225020629449,0.20000000000000284,,none,0.1823226343590605,0.0,-0.010000000000000142,-1.3229611545630126e-07
R01_horizontal_empty,69,14.800000000000075,33.26729812144015,46.009637452587306,22.852146295213732,-0.24585092607874087,-0.1970415098762922,0.9956454843801679,0.009808901883431502,0.00394520403579186,0.1505163013935089,0.025297967717051506,0.01366484072059393,0.1505163013935089,0.025297967717051506,0.01366484072059393,0.9903097808361052,0.008854288700968027,0.0034162101801484823,0.17208591554289587,0.20000000000000284,,none,0.18208618122179132,0.0,-0.010000000000000142,-2.6567889530352065e-07
R01_horizontal_empty,70,15.000000000000078,33.456601194902944,45.96233000856173,22.891021493583665,-0.24394241450827397,-0.19628461689682292,0.994027149779193,0.00931354866377669,0.0036462574086589686,0.14720816910266876,0.023726213723421097,0.01214839331805706,0.14720816910266876,0.023726213723421097,0.01214839331805706,0.9883249014616011,0.008304174803197383,0.003037098329514265,0.17182219920464162,0.20000000000000284,,none,0.18182251347989364,0.0,-0.010000000000000142,-3.1427525189706497e-07
R01_horizontal_empty,71,15.200000000000081,33.6457013350689,45.915446789733174,22.929689647904244,-0.24212991963974534,-0.1955851467582755,0.9923098537678579,0.008846594428557217,0.003369317013725755,0.14376485347747803,0.022557396441698074,0.011219998821616173,0.14376485347747803,0.022557396441698074,0.011219998821616173,0.9862589120864869,0.007895088754594326,0.002804999705404043,0.1715307016006486,0.20000000000000284,,none,0.1815309832901022,0.0,-0.010000000000000142,-2.816894534751757e-07
R01_horizontal_empty,72,15.400000000000084,33.834571527954544,45.86897482820945,22.96815791884996,-0.24040473474462373,-0.19493785284606274,0.9904864901755512,0.008436186989636182,0.003122244033986034,0.1401030272245407,0.021714016795158386,0.01047514844685793,0.1401030272245407,0.021714016795158386,0.01047514844685793,0.9840618163347243,0.007599905878305435,0.0026187871117144823,0.17121155926671647,0.20000000000000284,,none,0.18121185276797291,0.0,-0.010000000000000142,-2.935012563135171e-07
R01_horizontal_empty,73,15.600000000000087,34.02320283966869,45.82290153852719,23.006435842650127,-0.23871363168590717,-0.19433875643279264,0.9887305164294026,0.008472134247590288,0.0028864889898824312,0.13757215440273285,0.024415381252765656,0.009624377824366093,0.13757215440273285,0.024415381252765656,0.009624377824366093,0.9825432926416398,0.008545383438467979,0.002406094456091523,0.17088260339999767,0.20000000000000284,,none,0.18088289192995433,0.0,-0.010000000000000142,-2.88529956501693e-07
R01_horizontal_empty,74,15.80000000000009,34.21157441740986,45.77724103367089,23.044527489297778,-0.23684213299172213,-0.19376511034379493,0.986705695626845,0.010118747239154503,0.0028525312962853788,0.13261863589286804,0.03849721699953079,0.01113334484398365,0.13261863589286804,0.03849721699953079,0.01113334484398365,0.9795711815357209,0.013474025949835777,0.0027833362109959126,0.17053046370246674,0.20000000000000284,,none,0.18053496595096874,0.0,-0.010000000000000142,-4.502248501854784e-06
R01_horizontal_empty,75,16.000000000000092,34.399567705812785,45.73209101370621,23.08240676305738,-0.23442806690563098,-0.19316619281446246,0.9835896233468172,0.013748349949803795,0.0031167312118676226,0.12101675570011139,0.060412392020225525,0.014620349742472172,0.12101675570011139,0.060412392020225525,0.014620349742472172,0.9726100534200668,0.021144337207078933,0.003655087435618043,0.17006835038343066,0.20000000000000284,,none,0.18008089113789794,0.0,-0.010000000000000142,-1.254075446713689e-05
R01_horizontal_empty,76,16.200000000000095,34.5871168025199,45.68759294960903,23.120045687124406,-0.23136892545939255,-0.19250055022490073,0.9805167546763177,0.016626163310722024,0.0035100501774365848,0.11614902317523956,0.06425783038139343,0.01724604144692421,0.11614902317523956,0.06425783038139343,0.01724604144692421,0.9696894139051437,0.0224902406334877,0.004311510361731052,0.16957704754780956,0.20000000000000284,,none,0.1795779550772707,0.0,-0.010000000000000142,-9.075294610013003e-07
R01_horizontal_empty,77,16.400000000000098,34.77419798272117,45.64385011114938,23.15742048768481,-0.227993630307547,-0.1917438602649979,0.9769383836625805,0.017091700596375863,0.004018525559785921,0.1072164848446846,0.051543768495321274,0.02021855302155018,0.1072164848446846,0.051543768495321274,0.02021855302155018,0.9643298909068108,0.018040318973362446,0.005054638255387545,0.16906002558179098,0.20000000000000284,,none,0.17906503105050575,0.0,-0.010000000000000142,-5.0054687146198346e-06
R01_horizontal_empty,78,16.6000000000001,34.96075160546462,45.60088451326929,23.194503139148495,-0.22482046510823978,-0.19092290601687703,0.9731979031856438,0.014811788681614816,0.004178927411101229,0.10003035515546799,0.029045846313238144,0.01802310347557068,0.10003035515546799,0.029045846313238144,0.01802310347557068,0.9600182130932808,0.01016604620963335,0.00450577586889267,0.1684883042726951,0.20000000000000284,,none,0.17849955661191785,0.0,-0.010000000000000142,-1.1252339222605004e-05
R01_horizontal_empty,79,16.800000000000104,35.1467521320137,45.55861711784079,23.231288211727488,-0.2221928203888317,-0.19011101289303817,0.9695467315886522,0.011699250925348428,0.003956749414458729,0.09446953982114792,0.015305369161069393,0.014016082510352135,0.09446953982114792,0.015305369161069393,0.014016082510352135,0.9566817238926888,0.005356879206374288,0.0035040206275880337,0.1678994061960507,0.20000000000000284,,none,0.1779041217879822,0.0,-0.010000000000000142,-4.715591931347632e-06
R01_horizontal_empty,80,17.000000000000107,35.33218927997159,45.51694262716362,23.26778744779886,-0.21997641316029615,-0.1893591396045695,0.9659742847247679,0.010551339599702721,0.0035896516787235866,0.08897777646780014,0.023463593795895576,0.01136648841202259,0.08897777646780014,0.023463593795895576,0.01136648841202259,0.95338666588068,0.008212257828563451,0.0028416221030056477,0.16728756126068922,0.20000000000000284,,none,0.1772896359895455,0.0,-0.010000000000000142,-2.074728856147224e-06
R01_horizontal_empty,81,17.20000000000011,35.51707511038012,45.47581981393727,23.304019668456146,-0.21767564914957835,-0.18867848723765973,0.9625698559155917,0.012322786316745707,0.003242999234354271,0.08429042249917984,0.04552124813199043,0.010146522894501686,0.08429042249917984,0.04552124813199043,0.010146522894501686,0.9505742534995079,0.015932436846196652,0.0025366307236254215,0.16667342183381714,0.20000000000000284,,none,0.17668362182817532,0.0,-0.010000000000000142,-1.0199994358034495e-05
R01_horizontal_empty,82,17.400000000000112,35.70144044556861,45.43530177097631,23.340001912748768,-0.21486372963780564,-0.18804522315774905,0.9592281982003495,0.015552950841822412,0.0031003900399917965,0.07908961921930313,0.06324288249015808,0.0112391896545887,0.07908961921930313,0.06324288249015808,0.0112391896545887,0.9474537715315818,0.022135008871555326,0.002809797413647175,0.16610731681501414,0.20000000000000284,,none,0.17611416278700887,0.0,-0.010000000000000142,-6.8459719945832695e-06
R01_horizontal_empty,83,17.600000000000115,35.8852276719431,45.395509779367295,23.37572564883407,-0.21147781255269463,-0.18742877448064896,0.9550570425586743,0.01811324990514759,0.0030666404429343444,0.06726642698049545,0.06665809452533722,0.011991477571427822,0.06726642698049545,0.06665809452533722,0.011991477571427822,0.9403598561882973,0.023330333083868025,0.0029978693928569555,0.16549969532574949,0.20000000000000284,,none,0.17550273567545105,0.0,-0.010000000000000142,-3.040349701417134e-06
R01_horizontal_empty,84,17.800000000000118,36.068228266968156,45.3565721597129,23.411152546350927,-0.20778928263340032,-0.18685326576377195,0.9494258747764887,0.01872587560198987,0.002714953426247122,0.04930715635418892,0.05706918239593506,0.007993304170668125,0.04930715635418892,0.05706918239593506,0.007993304170668125,0.9295842938125134,0.019974213838577268,0.0019983260426670313,0.1646948561106762,0.20000000000000284,,none,0.17470346547123228,0.0,-0.010000000000000142,-8.609360555937098e-06
R01_horizontal_empty,85,18.00000000000012,36.25022401450214,45.3185475098422,23.44625607801054,-0.20419823197583037,-0.1863886165512385,0.9429824946668086,0.017292653153284064,0.0019864463787544655,0.03379843384027481,0.041063420474529266,0.002007913775742054,0.03379843384027481,0.041063420474529266,0.002007913775742054,0.9202790603041648,0.014372197166085243,0.0005019784439355135,0.16368878656753416,0.20000000000000284,,none,0.17369943716327185,0.0,-0.010000000000000142,-1.0650595737559665e-05
R01_horizontal_empty,86,18.200000000000124,36.431093060509156,45.28140389252122,23.481042460832136,-0.20097111422167951,-0.18606691283335888,0.9362535351069663,0.015140716183369145,0.0012835669243752195,0.020906422287225723,0.030730703845620155,-0.0005947201861999929,0.020906422287225723,0.030730703845620155,-0.0005947201861999929,0.9125438533723353,0.010755746345967054,-0.00014868004654999822,0.16256885078018718,0.20000000000000284,,none,0.17257444563415447,0.0,-0.010000000000000142,-5.594853967142803e-06
R01_horizontal_empty,87,18.400000000000126,36.61072089296674,45.245082140221704,23.515522245806817,-0.19811732075637967,-0.18590491778259147,0.9288804053285876,0.013519416088141906,0.0004027694165937431,0.004834952298551798,0.0291877631098032,-0.005568074062466621,0.004834952298551798,0.0291877631098032,-0.005568074062466621,0.902900971379131,0.01021571708843112,-0.0013920185156166553,0.16132666938987958,0.20000000000000284,,none,0.1713323775311295,0.0,-0.010000000000000142,-5.7081412497933265e-06
R01_horizontal_empty,88,18.60000000000013,36.78896986425966,45.20954332756886,23.54970680816313,-0.19550483157807522,-0.18595278924234146,0.9209341132934028,0.012669531608848535,-0.0007914737378770741,-0.011774790473282337,0.03125067055225372,-0.012899860739707947,-0.011774790473282337,0.03125067055225372,-0.012899860739707947,0.8929351257160305,0.010937734693288802,-0.0032249651849269867,0.15994555348462008,0.20000000000000284,,none,0.1699522313693791,0.0,-0.010000000000000142,-6.677884758863749e-06
R01_horizontal_empty,89,18.800000000000132,36.96574374037477,45.1747649028341,23.583622219252558,-0.1930294341120675,-0.1862329826515715,0.9127229374398118,0.012125450520178677,-0.0019250244743724055,-0.027015626430511475,0.03147652745246887,-0.016939375549554825,-0.027015626430511475,0.03147652745246887,-0.016939375549554825,0.8837906241416931,0.011016784608364104,-0.004234843887388706,0.1584705413637239,0.20000000000000284,,none,0.1684755143991623,0.0,-0.010000000000000142,-4.973035438270313e-06
R01_horizontal_empty,90,19.000000000000135,37.140944857305094,45.140735490845486,23.617290965471472,-0.19067589561806758,-0.18671082179972914,0.9039243213545817,0.011460083245816686,-0.002788301681461286,-0.04512975737452507,0.028869355097413063,-0.018189555034041405,-0.04512975737452507,0.028869355097413063,-0.018189555034041405,0.8729221455752849,0.01010427428409457,-0.004547388758510351,0.15689550378342018,0.20000000000000284,,none,0.16690223342414612,0.0,-0.010000000000000142,-6.729640725785385e-06
R01_horizontal_empty,91,19.200000000000138,37.314415474617476,45.107450962080044,23.65071534674737,-0.18850225715743077,-0.18735510105685324,0.8942281661995531,0.010359269824506336,-0.0035937817431007657,-0.06656085699796677,0.02318902499973774,-0.0209403857588768,-0.06656085699796677,0.02318902499973774,-0.0209403857588768,0.8600634858012199,0.008116158749908209,-0.0052350964397192,0.15516540812414342,0.20000000000000284,,none,0.16517539062915887,0.0,-0.010000000000000142,-9.982505015302748e-06
R01_horizontal_empty,92,19.40000000000014,37.48599630331639,45.074891414424044,23.683893255530645,-0.18662848633812187,-0.18815031180447503,0.8839207459850779,0.00851727014603854,-0.004304740658647632,-0.08732957392930984,0.013611014001071453,-0.023013804107904434,-0.08732957392930984,0.013611014001071453,-0.023013804107904434,0.8476022556424141,0.004763854900375009,-0.0057534510269761086,0.15328159798752708,0.20000000000000284,,none,0.16329214552675353,0.0,-0.010000000000000142,-1.054753922629827e-05
R01_horizontal_empty,93,19.600000000000144,37.65552815582155,45.04301530203826,23.716820375095708,-0.18515962221490875,-0.18910467695262134,0.8727739964942074,0.00633578958583449,-0.005173437052218155,-0.11083649098873138,0.005401769187301397,-0.02777426689863205,-0.11083649098873138,0.005401769187301397,-0.02777426689863205,0.8334981054067612,0.0018906192155554889,-0.006943566724658012,0.15123750098791677,0.20000000000000284,,none,0.16125035356503759,0.0,-0.010000000000000142,-1.2852577120656723e-05
R01_horizontal_empty,94,19.800000000000146,37.82303919749178,45.01172994179146,23.74952783579582,-0.18423691078664645,-0.19016843951718726,0.862872216217862,0.0031327390692737723,-0.005443810507690581,-0.12002831697463989,-0.009697340428829193,-0.023978985846042633,-0.12002831697463989,-0.009697340428829193,-0.023978985846042633,0.8279830098152161,-0.0033940691500902176,-0.005994746461510658,0.14921969434210539,0.20000000000000284,,none,0.159226231880794,0.0,-0.010000000000000142,-6.537538688465889e-06
R01_horizontal_empty,95,20.00000000000015,37.98867745611515,44.98091070707998,23.782048468062673,-0.18372057888132395,-0.19115110058401494,0.8534792378708644,0.0021078276994985832,-0.004457163858692492,-0.13269531726837158,5.537457764148712e-05,-0.009786754846572876,-0.13269531726837158,5.537457764148712e-05,-0.009786754846572876,0.8203828096389769,1.9381102174520492e-05,-0.002446688711643219,0.1473246790189965,0.20000000000000284,,none,0.15733381877434027,0.0,-0.010000000000000142,-9.139755343622949e-06
R01_horizontal_empty,96,20.200000000000152,38.15254933676927,44.95050593078284,23.81436984836881,-0.183125005524485,-0.1918952074886769,0.8446724260415057,0.0037259479181293194,-0.003087162393027858,-0.143931046128273,0.020066192373633385,-0.0011821234365925193,-0.143931046128273,0.020066192373633385,-0.0011821234365925193,0.8136413723230362,0.007023167330771684,-0.0002955308591481298,0.1455318881481802,0.20000000000000284,,none,0.1555439024304519,0.0,-0.010000000000000142,-1.2014282271584569e-05
R01_horizontal_empty,97,20.400000000000155,38.31486458439148,44.92051646579329,23.846479682640396,-0.182217398646614,-0.1922915334064748,0.8372434318373801,0.00523628643220371,-0.001031065127928108,-0.14822140336036682,0.023753944784402847,0.012634454295039177,-0.14822140336036682,0.023753944784402847,0.012634454295039177,0.8110671579837798,0.008313880674540995,0.0031586135737597942,0.14396022976964054,0.20000000000000284,,none,0.1539646878597054,0.0,-0.010000000000000142,-4.45809006472673e-06
R01_horizontal_empty,98,20.600000000000158,38.475740746107576,44.890961832423635,23.87833020841978,-0.1811395454875228,-0.1922567599540423,0.8295253011392323,0.005520801237418668,0.0012098979469316667,-0.1627829223871231,0.017430150881409645,0.02310509979724884,-0.1627829223871231,0.017430150881409645,0.02310509979724884,0.802330246567726,0.006100552808493375,0.00577627494931221,0.14250324576772785,0.20000000000000284,,none,0.15251047902018655,0.0,-0.010000000000000142,-7.2332524585412566e-06
R01_horizontal_empty,99,20.80000000000016,38.6351302127547,44.86185736465142,23.90984258082688,-0.1801020455711705,-0.1918815308052241,0.8214631871558418,0.004900918570756386,0.0024490020862335824,-0.1782398372888565,0.010393694043159485,0.01989562436938286,-0.1782398372888565,0.010393694043159485,0.01989562436938286,0.793056097626686,0.0036377929151058196,0.004973906092345715,0.14101471149422565,0.20000000000000284,,none,0.15102068606773855,0.0,-0.010000000000000142,-5.974573512761219e-06
R01_horizontal_empty,100,21.000000000000163,38.79311952601334,44.83316632469363,23.94099203088038,-0.17921690626189093,-0.1913056272400805,0.814530768429711,0.004017088890596853,0.003249685911537565,-0.18315967917442322,0.006331778131425381,0.019524909555912018,-0.18315967917442322,0.006331778131425381,0.019524909555912018,0.790104192495346,0.0022161223459988832,0.0048812273889780045,0.13961592093438482,0.20000000000000284,,none,0.1496167377630755,0.0,-0.010000000000000142,-8.168286905180406e-07
R01_horizontal_empty,101,21.200000000000166,38.94989646123108,44.804832711785274,23.97178872467592,-0.17835198776145497,-0.1905591825939959,0.8084164986356692,0.004588991716523377,0.0041471207574732705,-0.18854551017284393,0.016440998762845993,0.023903241381049156,-0.18854551017284393,0.016440998762845993,0.023903241381049156,0.7868726938962936,0.005754349566996097,0.005975810345262289,0.1383897257875841,0.20000000000000284,,none,0.14839273325372204,0.0,-0.010000000000000142,-3.007466137785967e-06
R01_horizontal_empty,102,21.40000000000017,39.10558447621357,44.77685729098224,24.002231556158307,-0.1771198433409784,-0.18968497767304304,0.8026957365840518,0.007512134780243804,0.004563542673113053,-0.19576922059059143,0.03848165646195412,0.021648317575454712,-0.19576922059059143,0.03848165646195412,0.021648317575454712,0.782538467645645,0.01346857976168394,0.005412079393863678,0.13728209248941037,0.20000000000000284,,none,0.14729295363471806,0.0,-0.010000000000000142,-1.086114530755529e-05
R01_horizontal_empty,103,21.600000000000172,39.2603511731069,44.7492923677398,24.032338271337853,-0.1752745114011537,-0.18875821643940424,0.7981128765984085,0.010700850649892473,0.004694220459918156,-0.19672493636608124,0.049138426780700684,0.019842002540826797,-0.19672493636608124,0.049138426780700684,0.019842002540826797,0.7819650381803512,0.017198449373245238,0.004960500635206699,0.13636323108485213,0.20000000000000284,,none,0.14636558594325777,0.0,-0.010000000000000142,-2.3548584054872145e-06
R01_horizontal_empty,104,21.800000000000175,39.41431496700836,44.7222061191811,24.062125223964504,-0.17294545459328384,-0.18780360392703574,0.7935115013001696,0.012457331237386475,0.004840852952006351,-0.2045026272535324,0.04581853002309799,0.02055857516825199,-0.2045026272535324,0.04581853002309799,0.02055857516825199,0.7772984236478806,0.016036485508084296,0.005139643792062998,0.13556282704992106,0.20000000000000284,,none,0.14556426760324825,0.0,-0.010000000000000142,-1.4405533270451382e-06
R01_horizontal_empty,105,22.000000000000178,39.56742816557473,44.695653340099184,24.09157999436895,-0.17048652574668227,-0.18683913962124224,0.7883839339330653,0.012154761920991488,0.004806387752883011,-0.21613866090774536,0.03296634554862976,0.01894463412463665,-0.21613866090774536,0.03296634554862976,0.01894463412463665,0.7703168034553527,0.011538220942020415,0.0047361585311591625,0.1347203233616958,0.20000000000000284,,none,0.14472638697630913,0.0,-0.010000000000000142,-6.0636146132000965e-06
R01_horizontal_empty,106,22.20000000000018,39.719583130176986,44.66964309064184,24.120685524275988,-0.16816921022553252,-0.18589779125059613,0.7827050545035559,0.011098038671915823,0.004621063842995,-0.22884106636047363,0.02555648423731327,0.01697372831404209,-0.22884106636047363,0.02555648423731327,0.01697372831404209,0.7626953601837159,0.008944769483059644,0.004243432078510523,0.1337832618604073,0.20000000000000284,,none,0.14378766469278048,0.0,-0.010000000000000142,-4.402832373053625e-06
R01_horizontal_empty,107,22.400000000000183,39.87071372293514,44.64415645061832,24.149437913554987,-0.16597198558922724,-0.1849983683712748,0.7769482597963085,0.010889895473566953,0.004390539595501798,-0.2388932853937149,0.02990218624472618,0.015683215111494064,-0.2388932853937149,0.02990218624472618,0.015683215111494064,0.756664028763771,0.010465765185654162,0.003920803777873516,0.13278179059964296,0.20000000000000284,,none,0.1427842225527982,0.0,-0.010000000000000142,-2.431953155108829e-06
R01_horizontal_empty,108,22.600000000000186,40.020860694346084,44.61917859503416,24.177853583939925,-0.16367777484020243,-0.1841277290183888,0.7717000618826224,0.011970748007633338,0.004321088474234881,-0.24465352296829224,0.04049481451511383,0.016718275845050812,-0.24465352296829224,0.04049481451511383,0.016718275845050812,0.7532078862190246,0.01417318508028984,0.004179568961262703,0.1318169559142751,0.20000000000000284,,none,0.1418198850235015,0.0,-0.010000000000000142,-2.9291092262467846e-06
R01_horizontal_empty,109,22.80000000000019,40.170120163897494,44.59471954728911,24.205953635201883,-0.16111055675372332,-0.1832473572754134,0.7669095946999394,0.01358013326190115,0.0044713069664215985,-0.2499495893716812,0.04817015305161476,0.01910961978137493,-0.2499495893716812,0.04817015305161476,0.01910961978137493,0.7500302463769912,0.016859553568065164,0.004777404945343733,0.13095003250337528,0.20000000000000284,,none,0.14095188605671183,0.0,-0.010000000000000142,-1.8535533364159167e-06
R01_horizontal_empty,110,23.000000000000192,40.31854412564009,44.570809654913056,24.23374472253283,-0.15828927360212078,-0.1823338712108885,0.7621603682766458,0.014558926470905979,0.00465007956283758,-0.25762277841567993,0.047295425087213516,0.020057447254657745,-0.25762277841567993,0.047295425087213516,0.020057447254657745,0.745426332950592,0.01655339878052473,0.005014361813664436,0.13013965621449514,0.20000000000000284,,none,0.140140867041616,0.0,-0.010000000000000142,-1.2108271207151438e-06
R01_horizontal_empty,111,23.200000000000195,40.46611151397614,44.54747324565237,24.261219739864284,-0.15539907611611825,-0.18140209469547286,0.7571417821845247,0.014358178771726198,0.004666451626551119,-0.2675689160823822,0.03985462337732315,0.018799250945448875,-0.2675689160823822,0.03985462337732315,0.018799250945448875,0.7394586503505707,0.013949118182063102,0.004699812736362219,0.12931243705246132,0.20000000000000284,,none,0.13931555453731193,0.0,-0.010000000000000142,-3.117484850468158e-06
R01_horizontal_empty,112,23.400000000000198,40.61276490219001,44.524708882095304,24.288370202601424,-0.15262559792881691,-0.18048661269748173,0.7518356791644112,0.013445399411355228,0.004500849787496455,-0.2781008780002594,0.033101264387369156,0.016653621569275856,-0.2781008780002594,0.033101264387369156,0.016653621569275856,0.7331394731998444,0.011585442535579204,0.004163405392318964,0.1284336924202653,0.20000000000000284,,none,0.13843691509636358,0.0,-0.010000000000000142,-3.222676098134092e-06
R01_horizontal_empty,113,23.6000000000002,40.75845770071647,44.50249513490729,24.315195158300938,-0.15000419631464185,-0.17961219547358023,0.7463998663546775,0.012816050822916711,0.004261371931543961,-0.28792229294776917,0.03295324742794037,0.015093565918505192,-0.28792229294776917,0.03295324742794037,0.015093565918505192,0.7272466242313385,0.011533636599779129,0.003773391479626298,0.1275101540500768,0.20000000000000284,,none,0.13751213236756143,0.0,-0.010000000000000142,-1.9783174844989656e-06
R01_horizontal_empty,114,23.800000000000203,40.903151025679975,44.48081537126586,24.341696798433894,-0.1474473363499316,-0.17877797081858615,0.740758968030893,0.012756999528626082,0.0040935252468663,-0.29852816462516785,0.036104775965213776,0.01500602625310421,-0.29852816462516785,0.036104775965213776,0.01500602625310421,0.7208831012248993,0.01263667158782482,0.0037515065632760525,0.12654662771519629,0.20000000000000284,,none,0.13654907620138346,0.0,-0.010000000000000142,-2.448486187034294e-06
R01_horizontal_empty,115,24.000000000000206,41.046841571480606,44.45965900374227,24.367881653200293,-0.14493368089187708,-0.17796535550092243,0.7353098715831007,0.01240600923984879,0.00403689607825423,-0.3064836263656616,0.03340229019522667,0.01568601466715336,-0.3064836263656616,0.03340229019522667,0.01568601466715336,0.716109824180603,0.011690801568329334,0.00392150366678834,0.1255816643410841,0.20000000000000284,,none,0.13558308544478592,0.0,-0.010000000000000142,-1.4211037016936823e-06
R01_horizontal_empty,116,24.20000000000021,41.189552722851374,44.43900520693489,24.39375775169016,-0.1425514761298728,-0.17714707918562334,0.7299552376294058,0.011485423089157903,0.004138229556114093,-0.3148532807826996,0.027455881237983704,0.01737886108458042,-0.3148532807826996,0.027455881237983704,0.01737886108458042,0.7110880315303802,0.009609558433294295,0.004344715271145105,0.12463657411406222,0.20000000000000284,,none,0.13463873964653317,0.0,-0.010000000000000142,-2.165532470808362e-06
R01_horizontal_empty,117,24.40000000000021,41.33126616296475,44.41882616322048,24.419321813211795,-0.14037214844703463,-0.17630158923865144,0.7243847113196178,0.010390386781315727,0.004304163452277082,-0.3254053294658661,0.023311564698815346,0.018569137901067734,-0.3254053294658661,0.023311564698815346,0.018569137901067734,0.7047568023204803,0.00815904764458537,0.0046422844752669334,0.12367256597529766,0.20000000000000284,,none,0.13367516473229557,0.0,-0.010000000000000142,-2.5987569977721503e-06
R01_horizontal_empty,118,24.600000000000215,41.47194786079513,44.39909261903003,24.44456608236364,-0.13837809890713612,-0.17542581891473552,0.7187270946978066,0.009609001720698071,0.004443070353967215,-0.33534613251686096,0.022905100136995316,0.01890447549521923,-0.33534613251686096,0.022905100136995316,0.01890447549521923,0.6987923204898834,0.00801678504794836,0.004726118873804808,0.12267515401397248,0.20000000000000284,,none,0.13267713595857344,0.0,-0.010000000000000142,-1.981944600814717e-06
R01_horizontal_empty,119,24.800000000000217,41.611608051237724,44.37977814068768,24.469490819196455,-0.13647549627924926,-0.17452022404844547,0.7132854917429652,0.00943047978204913,0.004600976872219184,-0.3431469202041626,0.025904880836606026,0.01969096250832081,-0.3431469202041626,0.025904880836606026,0.01969096250832081,0.6941118478775024,0.009066708292812108,0.004922740627080202,0.12168619786761474,0.20000000000000284,,none,0.13168760725830708,0.0,-0.010000000000000142,-1.4093906921978234e-06
R01_horizontal_empty,120,25.00000000000022,41.750302028104144,44.360866206669726,24.4941033361401,-0.13455239456537477,-0.17357598544415986,0.7082018958302075,0.009774600899206788,0.0048245578412383075,-0.34951716661453247,0.02993088960647583,0.021120581775903702,-0.34951716661453247,0.02993088960647583,0.021120581775903702,0.6902897000312804,0.01047581136226654,0.0052801454439759254,0.12075019065020207,0.20000000000000284,,none,0.1307513673021461,0.0,-0.010000000000000142,-1.1766519438828615e-06
R01_horizontal_empty,121,25.200000000000223,41.88809213729092,44.34235281068975,24.51841030598434,-0.13254687020581482,-0.17258403227148994,0.7033958117294777,0.010245175427352694,0.005076021066451742,-0.35589760541915894,0.032011594623327255,0.022353695705533028,-0.35589760541915894,0.032011594623327255,0.022353695705533028,0.6864614367485047,0.011204058118164538,0.005588423926383257,0.1198761645533999,0.20000000000000284,,none,0.12987709575145345,0.0,-0.010000000000000142,-9.311980534035952e-07
R01_horizontal_empty,122,25.400000000000226,42.02501302569605,44.324240822226166,24.542412908218786,-0.13047847734545998,-0.1715479462895772,0.6986651215398902,0.01042518577101983,0.0052702032164435066,-0.3633393347263336,0.03083425760269165,0.02266354113817215,-0.3633393347263336,0.03083425760269165,0.02266354113817215,0.6819963991641997,0.010791990160942077,0.005665885284543037,0.11903800055543831,0.20000000000000284,,none,0.12903913778467313,0.0,-0.010000000000000142,-1.1372292346709806e-06
R01_horizontal_empty,123,25.60000000000023,42.161062939487884,44.30652921088416,24.566106634773636,-0.12845368722774625,-0.17046018124552892,0.6938502423635434,0.009864941124703243,0.005583810591618585,-0.37185853719711304,0.02492382563650608,0.02489137463271618,-0.37185853719711304,0.02492382563650608,0.02489137463271618,0.6768848776817322,0.008723338972777127,0.006222843658179045,0.1181995722849618,0.20000000000000284,,none,0.12820182175013883,0.0,-0.010000000000000142,-2.249465176889093e-06
R01_horizontal_empty,124,25.80000000000023,42.29621599090923,44.28919867348131,24.589477935839046,-0.1266804136322903,-0.16923533997457338,0.6888785350894021,0.00800777007566731,0.0065888520039082115,-0.38106569647789,0.012066972441971302,0.034547239542007446,-0.38106569647789,0.012066972441971302,0.034547239542007446,0.671360582113266,0.0042234403546899555,0.008636809885501862,0.11733297258607249,0.20000000000000284,,none,0.1273398387097373,0.0,-0.010000000000000142,-6.866123664677984e-06
R01_horizontal_empty,125,26.000000000000234,42.43043690198303,44.27219807982917,24.612492011693472,-0.1254176847108474,-0.16765553785009776,0.6837312288713514,0.0048569936087022834,0.009025517422105559,-0.39067575335502625,-0.00446656160056591,0.0559626966714859,-0.39067575335502625,-0.00446656160056591,0.0559626966714859,0.6655945479869843,-0.0015632965601980685,0.013990674167871475,0.11642529618225822,0.20000000000000284,,none,0.126441782837162,0.0,-0.010000000000000142,-1.6486654903641196e-05
R01_horizontal_empty,126,26.200000000000237,42.563700317207406,44.25544463449169,24.635073409335217,-0.1248415043321559,-0.16527703045515107,0.67848986647686,0.0011818093387651039,0.014357671329807779,-0.39996370673179626,-0.01802016794681549,0.10089168697595596,-0.39996370673179626,-0.01802016794681549,0.10089168697595596,0.6600217759609222,-0.006307058781385422,0.02522292174398899,0.11547177595802705,0.20000000000000284,,none,0.12551754756788114,0.0,-0.010000000000000142,-4.577160985394631e-05
R01_horizontal_empty,127,26.40000000000024,42.6959913323658,44.238842128250816,24.657072973746235,-0.12498667587601067,-0.16143649836555615,0.6730809858379444,-0.0023661170605487015,0.023368501979891182,-0.4099622666835785,-0.027416210621595383,0.16691894829273224,-0.4099622666835785,-0.027416210621595383,0.16691894829273224,0.6540226399898529,-0.009595673717558383,0.04172973707318306,0.11449343873103927,0.20000000000000284,,none,0.12458439585216041,0.0,-0.010000000000000142,-9.095712112099059e-05
R01_horizontal_empty,128,26.600000000000243,42.82726257577112,44.22229226795379,24.678240575225626,-0.12604328129844,-0.15533471692567166,0.6671303402753497,-0.007791058552764286,0.03664840429482431,-0.4230615496635437,-0.053843945264816284,0.2548346519470215,-0.4230615496635437,-0.053843945264816284,0.2548346519470215,0.6461630702018737,-0.018845380842685697,0.06370866298675537,0.11345088781182129,0.20000000000000284,,none,0.12362287155826124,0.0,-0.010000000000000142,-0.00017198374643981023
R01_horizontal_empty,129,26.800000000000246,42.957730794175106,44.20564031943098,24.698248922804037,-0.12798361872385283,-0.14582669071284388,0.6634455880088515,-0.011344492853302017,0.05690510725361399,-0.4158962368965149,-0.05310077965259552,0.3927275538444519,-0.4158962368965149,-0.05310077965259552,0.3927275538444519,0.6504622578620911,-0.01858527287840843,0.09818188846111298,0.11251212803477521,0.20000000000000284,,none,0.12289345496269277,0.0,-0.010000000000000142,-0.00038132692791741806
R01_horizontal_empty,130,27.00000000000025,43.088389393890914,44.18867146324447,24.71669344652081,-0.13034325035876662,-0.13123070573344334,0.6668138090927878,-0.012188230843635864,0.08680145087437224,-0.36886361241340637,-0.03973572328686714,0.5908831357955933,-0.36886361241340637,-0.03973572328686714,0.5908831357955933,0.6786818325519561,-0.013907503150403499,0.14772078394889832,0.1123249446127327,0.20000000000000284,,none,0.12315807115584931,0.0,-0.010000000000000142,-0.0008331265431164739
R01_horizontal_empty,131,27.20000000000025,43.219355099310526,44.17133048451053,24.73281052832865,-0.13303028703624062,-0.11030394655078204,0.664214475268034,-0.01450734404002031,0.11996648743496824,-0.40824058651924133,-0.05495133250951767,0.7501855492591858,-0.40824058651924133,-0.05495133250951767,0.7501855492591858,0.6550556480884552,-0.019232966378331183,0.18754638731479645,0.11308406734095394,0.20000000000000284,,none,0.12362725373673555,0.0,-0.010000000000000142,-0.0005431863957814678
R01_horizontal_empty,132,27.400000000000254,43.34932602891997,44.15365842704382,24.74565344883181,-0.1379775130969618,-0.08404229947164615,0.6542331444954329,-0.03353109384194833,0.1410601509411862,-0.4682272672653198,-0.20655858516693115,0.7361695766448975,-0.4682272672653198,-0.20655858516693115,0.7361695766448975,0.619063639640808,-0.07229550480842589,0.18404239416122437,0.1124160219371387,0.20000000000000284,,none,0.12295161410541056,0.0,-0.010000000000000142,-0.0005355921682717046
R01_horizontal_empty,133,27.600000000000257,43.47622536524435,44.13551503222702,24.754606950320362,-0.14685255116414273,-0.05495888808259583,0.6318859467924071,-0.05369921283602726,0.14916323253816186,-0.5780917406082153,-0.2708442509174347,0.6626990437507629,-0.5780917406082153,-0.2708442509174347,0.6626990437507629,0.5531449556350707,-0.09479548782110214,0.16567476093769073,0.1098731589701969,0.20000000000000284,,none,0.12030517434074994,0.0,-0.010000000000000142,-0.0004320153705529073
R01_horizontal_empty,134,27.80000000000026,43.598567038085605,44.11669190261491,24.759615137316636,-0.1590486850193141,-0.02607673697155424,0.6081057637148143,-0.06724144570075016,0.1403244582463384,-0.6261406540870667,-0.2709607183933258,0.48925527930259705,-0.6261406540870667,-0.2709607183933258,0.48925527930259705,0.52431560754776,-0.09483625143766403,0.12231381982564926,0.10553800467056453,0.20000000000000284,,none,0.11618583369210711,0.0,-0.010000000000000142,-0.0006478290215424387
R01_horizontal_empty,135,28.000000000000263,43.71699195046538,44.09694723231529,24.761165515927384,-0.1708254947389717,-0.0005346521978345422,0.5933231128499258,-0.05169815176776446,0.11686456497930216,-0.5979399681091309,-0.05721661075949669,0.27624276280403137,-0.5979399681091309,-0.05721661075949669,0.27624276280403137,0.5412360191345215,-0.02002581376582384,0.06906069070100784,0.10076255009741893,0.20000000000000284,,none,0.11259967318587627,0.0,-0.010000000000000142,-0.0018371230884571957
R01_horizontal_empty,136,28.200000000000266,43.832724785126345,44.07651422168358,24.759997457583225,-0.1773671393362602,0.01919000842450684,0.5824918306245195,-0.016380212318937923,0.08293901478221155,-0.592787504196167,0.15881893038749695,0.05523771047592163,-0.592787504196167,0.15881893038749695,0.05523771047592163,0.5443274974822998,0.05558662563562393,0.013809427618980408,0.098247194385999,0.20000000000000284,,none,0.11015801710755113,0.0,-0.010000000000000142,-0.001910822721551986
R01_horizontal_empty,137,28.40000000000027,43.945769318396714,44.05619586862683,24.756996702592314,-0.17704941839321212,0.03165857953175753,0.5671872881421465,0.01703863823538038,0.04463376816945958,-0.6445645093917847,0.2432449460029602,-0.1336810439825058,-0.6445645093917847,0.2432449460029602,-0.1336810439825058,0.5132612943649292,0.08513573110103606,-0.03342026099562645,0.0968273420041382,0.20000000000000284,,none,0.1077373201274554,0.0,-0.010000000000000142,-0.0009099781233170612
R01_horizontal_empty,138,28.60000000000027,44.05596222656794,44.03675409679299,24.753089013064066,-0.1714246581477405,0.03688071230122132,0.5531085395365106,0.037655098667612956,0.010184040401280145,-0.660830557346344,0.2276141494512558,-0.24005462229251862,-0.660830557346344,0.2276141494512558,-0.24005462229251862,0.5035016655921936,0.07966495230793952,-0.060013655573129654,0.09492755036240731,0.20000000000000284,,none,0.105164035247995,0.0,-0.010000000000000142,-0.00023648488558754456
R01_horizontal_empty,139,28.800000000000274,44.163808673295485,44.01851860813982,24.749040490202333,-0.16337397711084778,0.036137006344381564,0.5419415625831343,0.04248749342213564,-0.01567230364550481,-0.6623426675796509,0.14952683448791504,-0.2734375596046448,-0.6623426675796509,0.14952683448791504,-0.2734375596046448,0.5025943994522095,0.05233439207077026,-0.0683593899011612,0.09289974542235885,0.20000000000000284,,none,0.10304403213714153,0.0,-0.010000000000000142,-0.00014428671478253997
R01_horizontal_empty,140,29.000000000000277,44.27021734379557,44.001424695222916,24.74536203289644,-0.15534405343593785,0.031601492031751034,0.5366672160143697,0.03813945555846655,-0.02870087426245415,-0.636528491973877,0.08365578204393387,-0.22099599242210388,-0.636528491973877,0.08365578204393387,-0.22099599242210388,0.5180829048156739,0.029279523715376853,-0.05524899810552597,0.0915851061857262,0.20000000000000284,,none,0.10174021588934323,0.0,-0.010000000000000142,-0.00015510970361688804
R01_horizontal_empty,141,29.20000000000028,44.37655676256404,43.98518174452999,24.74226976914441,-0.14786284022968293,0.025887936840981163,0.5393810673773953,0.03677547956824367,-0.028453334734624584,-0.5850943326950073,0.09713178873062134,-0.11179570853710175,-0.5850943326950073,0.09713178873062134,-0.11179570853710175,0.5489434003829956,0.03399612605571747,-0.027948927134275436,0.09140660968854902,0.20000000000000284,,none,0.10170164523849934,0.0,-0.010000000000000142,-0.0002950355499501767
R01_horizontal_empty,142,29.400000000000283,44.48353208891935,43.96965201235317,24.739741818805427,-0.14045041316824736,0.02124625934405584,0.5417720335824018,0.037308609004742525,-0.018698652054091592,-0.5830055475234985,0.10969988256692886,0.004713276866823435,-0.5830055475234985,0.10969988256692886,0.004713276866823435,0.5501966714859008,0.0383949588984251,0.0011783192167058587,0.09205918024453046,0.20000000000000284,,none,0.10233391351825105,0.0,-0.010000000000000142,-0.00027473327372045997
R01_horizontal_empty,143,29.600000000000286,44.59114681600681,43.95482149947472,24.737600721596056,-0.1337023843307485,0.018528122010192834,0.5446251795058591,0.03067188983680107,-0.009198731636081389,-0.5755361318588257,0.04899527505040169,0.04063645750284195,-0.5755361318588257,0.04899527505040169,0.04063645750284195,0.5546783208847046,0.01714834626764059,0.010159114375710487,0.09289059802501984,0.20000000000000284,,none,0.10299122435404229,0.0,-0.010000000000000142,-0.00010062632902230567
R01_horizontal_empty,144,29.80000000000029,44.69943627770872,43.94055222630209,24.73563547765472,-0.1287438173295251,0.017866408010762797,0.5476650659819708,0.019737878186864972,0.00175593673066808,-0.5693730115890503,-0.007263411767780781,0.09631240367889404,-0.5693730115890503,-0.007263411767780781,0.09631240367889404,0.5583761930465698,-0.002542194118723273,0.02407810091972351,0.0935623564991117,0.20000000000000284,,none,0.10368841319664313,0.0,-0.010000000000000142,-0.00012605669753129408
R01_horizontal_empty,145,30.00000000000029,44.80844399687725,43.92661230256208,24.733610635770955,-0.12609295525476874,0.019388486652935147,0.5513048290952004,0.007679578333731356,0.012644199759681686,-0.559783935546875,-0.04826125502586365,0.13932420313358307,-0.559783935546875,-0.04826125502586365,0.13932420313358307,0.564129638671875,-0.016891439259052274,0.03483105078339577,0.0943481394760071,0.20000000000000284,,none,0.104420595244477,0.0,-0.010000000000000142,-7.245576846974676e-05
R01_horizontal_empty,146,30.200000000000294,44.918194734950944,43.91275661672277,24.731288569834707,-0.12535098388038354,0.022943166285726485,0.554985235480936,0.0002965921292410658,0.022183609872761124,-0.5534112453460693,-0.04213602468371391,0.1664876937866211,-0.5534112453460693,-0.04213602468371391,0.1664876937866211,0.5679532527923583,-0.014747608639299869,0.04162192344665527,0.09515062413892894,0.20000000000000284,,none,0.10516694383596104,0.0,-0.010000000000000142,-1.631969703195041e-05
R01_horizontal_empty,147,30.400000000000297,45.02855583085274,43.89884365237389,24.72846392332521,-0.12555241315711183,0.028071815037884043,0.5575978199476066,-0.0021281330177208343,0.028617922585540426,-0.5553277730941772,-0.020197026431560516,0.1669161021709442,-0.5553277730941772,-0.020197026431560516,0.1669161021709442,0.5668033361434937,-0.00706895925104618,0.04172902554273605,0.09577683541329846,0.20000000000000284,,none,0.10578653893843182,0.0,-0.010000000000000142,-9.703525133220315e-06
R01_horizontal_empty,148,30.6000000000003,45.139259844943766,43.88484923863162,24.72500409216786,-0.1259183694865109,0.033985517365337545,0.5587368212433635,-0.0015732517558109177,0.0303858516260451,-0.5620831251144409,-0.001264509977772832,0.13595333695411682,-0.5620831251144409,-0.001264509977772832,0.13595333695411682,0.5627501249313354,-0.00044257849222049115,0.033988334238529205,0.09613084690937512,0.20000000000000284,,none,0.10615810226517652,0.0,-0.010000000000000142,-2.725535580125996e-05
R01_horizontal_empty,149,30.800000000000303,45.2499897606995,43.87082600784786,24.720884009182555,-0.12591663882454712,0.0396720619721062,0.5581939047398,0.0013688144291163925,0.026753374740560297,-0.5728651285171509,0.021039482206106186,0.07740612328052521,-0.5728651285171509,0.021039482206106186,0.07740612328052521,0.5562809228897094,0.007363818772137164,0.019351530820131302,0.09615162452013429,0.20000000000000284,,none,0.10623245443800755,0.0,-0.010000000000000142,-8.082991787311558e-05
R01_horizontal_empty,150,31.000000000000306,45.360452313263835,43.85687227468852,24.716192676887957,-0.12525939626531385,0.04429598986984388,0.5562885010602545,0.004934839357727948,0.019995264003204248,-0.5840420722961426,0.03486078605055809,0.02489745058119297,-0.5840420722961426,0.03486078605055809,0.02489745058119297,0.5495747566223144,0.01220127511769533,0.006224362645298243,0.09596449664734788,0.20000000000000284,,none,0.10602595891176492,0.0,-0.010000000000000142,-6.146226441690001e-05
R01_horizontal_empty,151,31.20000000000031,45.470502848228435,43.84308037803067,24.711081984883474,-0.12398606019248876,0.04753130352489029,0.5541055111972075,0.007597812691995269,0.012893159195593373,-0.5893105268478394,0.03721175342798233,-0.006314774975180626,-0.5893105268478394,0.03721175342798233,-0.006314774975180626,0.5464136838912963,0.013024113699793815,-0.0015786937437951565,0.09565452100734928,0.20000000000000284,,none,0.10567467074105252,0.0,-0.010000000000000142,-2.014973370309897e-05
R01_horizontal_empty,152,31.40000000000031,45.58019194329998,43.82950112900559,24.70570211545369,-0.12229491684427882,0.04954458704388955,0.5525413264535172,0.009193363871060794,0.00763591521974652,-0.5882835388183594,0.03555598482489586,-0.012306769378483295,-0.5882835388183594,0.03555598482489586,-0.012306769378483295,0.5470298767089843,0.01244459468871355,-0.003076692344620824,0.09536149127610204,0.20000000000000284,,none,0.10536228528152236,0.0,-0.010000000000000142,-7.940054201774522e-07
R01_horizontal_empty,153,31.600000000000314,45.68968781570476,43.81614963497844,24.700159144539132,-0.12033708033423551,0.05076429339030965,0.5519474844949889,0.010301482193947874,0.004776651367229415,-0.5835748910903931,0.035884223878383636,-0.0041985115967690945,-0.5835748910903931,0.035884223878383636,-0.0041985115967690945,0.5498550653457641,0.012559478357434272,-0.0010496278991922736,0.0952013850200668,0.20000000000000284,,none,0.10520314547903808,0.0,-0.010000000000000142,-1.7604589711409146e-06
R01_horizontal_empty,154,31.800000000000317,45.79916717372478,43.80303013836673,24.694508323997027,-0.11815275656397203,0.05160245266545654,0.5521182112502051,0.011454827694459446,0.0036870637572030706,-0.57880038022995,0.03944280743598938,0.005867309402674437,-0.57880038022995,0.03944280743598938,0.005867309402674437,0.55271977186203,0.013804982602596282,0.0014668273506686091,0.09520749725363274,0.20000000000000284,,none,0.1052102328580986,0.0,-0.010000000000000142,-2.7356044657157917e-06
R01_horizontal_empty,155,32.00000000000032,45.90874240267571,43.79015500479851,24.688770304489523,-0.11572935133251278,0.05230968594832532,0.5526391884180194,0.012686400781588787,0.0034064211450344217,-0.5758752226829529,0.04341702535748482,0.011338239535689354,-0.5758752226829529,0.04341702535748482,0.011338239535689354,0.5544748663902282,0.015195958875119686,0.0028345598839223385,0.09532565704478052,0.20000000000000284,,none,0.10532674268540632,0.0,-0.010000000000000142,-1.0856406256524012e-06
R01_horizontal_empty,156,32.20000000000031,46.018456094148675,43.7775458956326,24.682950739426502,-0.11308391373185817,0.05298244332869514,0.5532246735645417,0.013692170238129837,0.003327128924583961,-0.5745205879211426,0.04497603327035904,0.012662225402891636,-0.5745205879211426,0.04497603327035904,0.012662225402891636,0.5552876472473145,0.015741611644625664,0.003165556350722909,0.09548813399982795,0.19999999999998863,,none,0.10548825436941911,0.0,-0.009999999999999431,-1.2036959173721344e-07
R01_horizontal_empty,157,32.4000000000003,46.128318289002664,43.76522339968609,24.677051174987717,-0.11028974748039398,0.053645541707021724,0.5538311778523284,0.014210430897022834,0.0033054860827459787,-0.5733863115310669,0.043618522584438324,0.013045539148151875,-0.5733863115310669,0.043618522584438324,0.013045539148151875,0.5559682130813599,0.015266482904553413,0.0032613847870379686,0.09566337882409999,0.19999999999998863,,none,0.1056634443510518,0.0,-0.009999999999999431,-6.552695237554973e-08
R01_horizontal_empty,158,32.600000000000286,46.238341643401675,43.753198367559236,24.671070677552898,-0.10743146233065795,0.054325629769946676,0.5545360551597023,0.01436106712633363,0.003482084312814251,-0.5716338157653809,0.041908618062734604,0.01536774355918169,-0.5716338157653809,0.041908618062734604,0.01536774355918169,0.5570197105407715,0.014668016321957111,0.0038419358897954226,0.0958532749567571,0.19999999999998863,,none,0.10585350270972071,0.0,-0.009999999999999431,-2.2775296417393289e-07
R01_horizontal_empty,159,32.800000000000274,46.34854901075861,43.74147327873025,24.665003734609122,-0.10455129321159967,0.05506141238617872,0.5553774065556857,0.014435048107210238,0.0038481513266656504,-0.5694301128387451,0.04167370870709419,0.018376322463154793,-0.5694301128387451,0.04167370870709419,0.018376322463154793,0.5583419322967529,0.014585798047482966,0.004594080615788698,0.09606721367120079,0.19999999999998863,,none,0.10606749293192053,0.0,-0.009999999999999431,-2.792607203132465e-07
R01_horizontal_empty,160,33.00000000000026,46.458959521324665,43.730049420512145,24.658841360362672,-0.10164221471239404,0.05587303052179124,0.5562887106569773,0.01464026933197975,0.004238601727293662,-0.5675004720687866,0.043024130165576935,0.020136866718530655,-0.5675004720687866,0.043024130165576935,0.020136866718530655,0.559499716758728,0.015058445557951926,0.005034216679632664,0.09630186313528759,0.19999999999998863,,none,0.10630203606864086,0.0,-0.009999999999999431,-1.7293335383507246e-07
R01_horizontal_empty,161,33.20000000000025,46.56957611501695,43.71893215098421,24.652575046699784,-0.09867889726610252,0.05674662053259375,0.557173166870211,0.014968189724373662,0.004479166946019348,-0.5661840438842773,0.044675394892692566,0.01987745240330696,-0.5661840438842773,0.044675394892692566,0.01987745240330696,0.5602895736694335,0.015636388212442398,0.00496936310082674,0.09654195268211409,0.19999999999998863,,none,0.10654204322119654,0.0,-0.009999999999999431,-9.05390830185926e-08
R01_horizontal_empty,162,33.40000000000024,46.68038844780564,43.70813042017655,24.646199956868628,-0.09565125816671223,0.057648617616086625,0.557988104585582,0.015284370666966715,0.00453648390180867,-0.5652340650558472,0.0455104224383831,0.018613111227750778,-0.5652340650558472,0.0455104224383831,0.018613111227750778,0.5608595609664917,0.015928647853434084,0.0046532778069376945,0.09677470294312585,0.19999999999998863,,none,0.10677476690891297,0.0,-0.009999999999999431,-6.396578769468642e-08
R01_horizontal_empty,163,33.60000000000023,46.7913853621325,43.69765294000919,24.639714916056786,-0.09257272642502885,0.05855282127555004,0.5587635812574898,0.015485767446017774,0.004507720587882436,-0.5641733407974243,0.04541757330298424,0.017796440050005913,-0.5641733407974243,0.04541757330298424,0.017796440050005913,0.5614959955215454,0.015896150656044484,0.004449110012501478,0.09699888001201153,0.19999999999998863,,none,0.1069989160261855,0.0,-0.009999999999999431,-3.6014174538204215e-08
R01_horizontal_empty,164,33.80000000000022,46.90256417093246,43.687505340850755,24.633120025492175,-0.08946561443569322,0.059454499048243716,0.5595552817323061,0.01557837277084957,0.004508963463353473,-0.5627585649490356,0.045048780739307404,0.018045984208583832,-0.5627585649490356,0.045048780739307404,0.018045984208583832,0.5623448610305786,0.01576707325875759,0.004511496052145958,0.09722198259624956,0.19999999999998863,,none,0.10722202659366786,0.0,-0.009999999999999431,-4.3997418865751596e-08
R01_horizontal_empty,165,34.000000000000206,47.01393015396469,43.677690378348515,24.62641442127853,-0.08634361492924109,0.06036408840052157,0.5603915753189882,0.015637189284669173,0.004581465565672994,-0.5611028671264648,0.04502011090517044,0.01891680806875229,-0.5611028671264648,0.04502011090517044,0.01891680806875229,0.5633382797241211,0.015757038816809652,0.004729202017188072,0.09745139523863137,0.19999999999998863,,none,0.1074514652484595,0.0,-0.009999999999999431,-7.000982868987649e-08
R01_horizontal_empty,166,34.200000000000195,47.12548982325547,43.66821001106377,24.61959581409591,-0.08320701254127988,0.06129181860684125,0.5612600740770352,0.01572241139256349,0.004687820510241901,-0.5594662427902222,0.045417334884405136,0.01961815357208252,-0.5594662427902222,0.045417334884405136,0.01961815357208252,0.5643202543258667,0.015896067209541797,0.00490453839302063,0.097688413688956,0.19999999999998863,,none,0.10768848025318789,0.0,-0.009999999999999431,-6.656423245404719e-08
R01_horizontal_empty,167,34.40000000000018,47.237245460266195,43.65906703563661,24.612661493803493,-0.08005022742058288,0.062238431021611244,0.5621316799882203,0.015836817044190103,0.004771961889732061,-0.5579953193664551,0.04591411352157593,0.019773662090301514,-0.5579953193664551,0.04591411352157593,0.019773662090301514,0.5652028083801269,0.016069939732551573,0.004943415522575378,0.0979291254579865,0.19999999999998863,,none,0.10792917414973857,0.0,-0.009999999999999431,-4.869175264349268e-08
R01_horizontal_empty,168,34.60000000000017,47.349194926183976,43.65026514168664,24.605609423309865,-0.07687122493368863,0.06319715078958751,0.5629900840102373,0.015945050271066144,0.004812202825020988,-0.5566421747207642,0.04618741571903229,0.01957680471241474,-0.5566421747207642,0.04618741571903229,0.01957680471241474,0.5660146951675415,0.0161655955016613,0.004894201178103685,0.09816929477461452,0.19999999999998863,,none,0.10816933366356096,0.0,-0.009999999999999431,-3.888894701049861e-08
R01_horizontal_empty,169,34.80000000000016,47.461335089065535,43.641807947090165,24.598438470730443,-0.07367431227851778,0.06416123652952559,0.5638405131737534,0.016018537535111045,0.0048275015102783375,-0.5552716255187988,0.04619508981704712,0.019434701651334763,-0.5552716255187988,0.04619508981704712,0.019434701651334763,0.5668370246887207,0.01616828143596649,0.004858675412833691,0.09840783145275825,0.19999999999998863,,none,0.10840786942590341,0.0,-0.009999999999999431,-3.7973145735129e-08
R01_horizontal_empty,170,35.00000000000015,47.57366479125956,43.633698222712965,24.59114787929136,-0.07046626026184319,0.06512886393035563,0.5646976171486057,0.016058937667888074,0.004847281664954234,-0.5538039207458496,0.046117886900901794,0.019550349563360214,-0.5538039207458496,0.046117886900901794,0.019550349563360214,0.5677176475524902,0.016141260415315627,0.0048875873908400536,0.09864645725642598,0.19999999999998863,,none,0.10864650072626603,0.0,-0.009999999999999431,-4.346984060710213e-08
R01_horizontal_empty,171,35.20000000000014,47.68618504112324,43.62593792513215,24.58373668652383,-0.06725131152561509,0.06610219966095583,0.5655695339925829,0.01608833408245103,0.004883356663297535,-0.5522637367248535,0.04613781347870827,0.01982746459543705,-0.5522637367248535,0.04613781347870827,0.01982746459543705,0.5686417579650879,0.016148234717547894,0.0049568661488592625,0.0988871643155548,0.19999999999998863,,none,0.1088872133026868,0.0,-0.009999999999999431,-4.8987132560754376e-08
R01_horizontal_empty,172,35.40000000000013,47.798897238078645,43.61852875899123,24.576203599207975,-0.06402971571272933,0.06708345016595817,0.5664530997619491,0.016124870306043787,0.004925938953466159,-0.5507227182388306,0.046283770352602005,0.020050833001732826,-0.5507227182388306,0.046283770352602005,0.020050833001732826,0.5695663690567017,0.016199319623410702,0.0050127082504332066,0.09913033957586004,0.19999999999998863,,none,0.10913038849455603,0.0,-0.009999999999999431,-4.89186965646482e-08
R01_horizontal_empty,173,35.600000000000115,47.91180161230951,43.611472635864246,24.5685472740833,-0.0607998989542325,0.06807227757794693,0.5673401260473893,0.01616990314728262,0.004959784242201043,-0.5492240190505981,0.04646190255880356,0.020115001127123833,-0.5492240190505981,0.04646190255880356,0.020115001127123833,0.570465588569641,0.016261665895581246,0.005028750281780958,0.09937489518234709,0.19999999999998863,,none,0.10937494082130428,0.0,-0.009999999999999431,-4.563895776021898e-08
R01_horizontal_empty,174,35.800000000000104,48.024897142445695,43.604771702061555,24.560766619229966,-0.05756126451913719,0.06906632102179007,0.5682260213658897,0.016213179461704284,0.004979187751014409,-0.547754168510437,0.04657532274723053,0.020074903964996338,-0.547754168510437,0.04657532274723053,0.020074903964996338,0.5713474988937377,0.016301362961530685,0.0050187259912490845,0.09961962705287393,0.19999999999998863,,none,0.109619670551524,0.0,-0.009999999999999431,-4.3498650639309246e-08
R01_horizontal_empty,175,36.00000000000009,48.13817772264704,43.59842816984838,24.552861230173338,-0.05431984219920993,0.07006198056389068,0.5690662722527945,0.016201894301682417,0.004977532431647584,-0.5466217994689941,0.046225424855947495,0.01989663764834404,-0.5466217994689941,0.046225424855947495,0.01989663764834404,0.5720269203186035,0.016178898699581622,0.00497415941208601,0.09985953619911553,0.19999999999998863,,none,0.10985956492845617,0.0,-0.009999999999999431,-2.8729341199906778e-08
R01_horizontal_empty,176,36.20000000000008,48.25162997155466,43.592443762605804,24.54483161535824,-0.05107969669661786,0.07105695106953136,0.5698319453919355,0.016199724279145216,0.004972548280908519,-0.5457836389541626,0.046272292733192444,0.019849568605422974,-0.5457836389541626,0.046272292733192444,0.019849568605422974,0.5725298166275024,0.016195302456617353,0.004962392151355743,0.10008733464188725,0.19999999999998863,,none,0.1100873487803895,0.0,-0.009999999999999431,-1.41385028268326e-08
R01_horizontal_empty,177,36.40000000000007,48.365243952772346,43.586820704333924,24.536678248209437,-0.047817895578586955,0.07204939482409131,0.5705819981725454,0.01640296836550067,0.004953337206126688,-0.5446252822875977,0.04804890230298042,0.019656764343380928,-0.5446252822875977,0.04804890230298042,0.019656764343380928,0.5732248306274415,0.016817115806043146,0.004914191085845232,0.10030639148773095,0.19999999999998863,,none,0.11030648219383465,0.0,-0.009999999999999431,-9.070610427798498e-08
R01_horizontal_empty,178,36.60000000000006,48.4790164620034,43.58156499464603,24.528401728070342,-0.044490510733218885,0.07302884186501679,0.5713252044340842,0.016838085265602966,0.0048489973155074586,-0.5434268116950989,0.050642047077417374,0.018545541912317276,-0.5434268116950989,0.050642047077417374,0.018545541912317276,0.5739439129829407,0.01772471647709608,0.004636385478079319,0.1005240501532926,0.19999999999998863,,none,0.11052423806422951,0.0,-0.009999999999999431,-1.8791093747146103e-07
R01_horizontal_empty,179,36.80000000000005,48.59294191842647,43.576687246796254,24.520004653653814,-0.041069725951991584,0.0739762734542829,0.5720281650406761,0.017332498547381885,0.004640995689273314,-0.5424915552139282,0.052399877458810806,0.01686861552298069,-0.5424915552139282,0.052399877458810806,0.01686861552298069,0.574505066871643,0.018339957110583782,0.0042171538807451725,0.1007388305823354,0.19999999999998863,,none,0.11073896611742384,0.0,-0.009999999999999431,-1.355350890114987e-07
R01_horizontal_empty,180,37.000000000000036,48.707009722984594,43.57219961663671,24.511491850955572,-0.037558002676372,0.07488407159483566,0.5726722405322021,0.017753038084180196,0.004451284291273541,-0.5417639017105103,0.05317132920026779,0.01625884883105755,-0.5417639017105103,0.05317132920026779,0.01625884883105755,0.5749416589736938,0.018609965220093727,0.004064712207764387,0.10094579906492274,0.19999999999998863,,none,0.11094582899357874,0.0,-0.009999999999999431,-2.9928656580247016e-08
R01_horizontal_empty,181,37.200000000000024,48.82121100160813,43.56811289313247,24.50286760190604,-0.03396918825221057,0.07576680785667532,0.5732926720492825,0.01810832791259131,0.004381349334732922,-0.5408686995506287,0.05380656197667122,0.01695537567138672,-0.5408686995506287,0.05380656197667122,0.01695537567138672,0.5754787802696228,0.018832296691834925,0.00423884391784668,0.10114630907448412,0.19999999999998863,,none,0.11114634287562808,0.0,-0.009999999999999431,-3.380114453145622e-08
R01_horizontal_empty,182,37.40000000000001,48.93554357816719,43.56443613539061,24.49413339482864,-0.030314590964309846,0.0766449212250678,0.5739246184022468,0.018414563915379312,0.004398492282763367,-0.5397478342056274,0.05439593270421028,0.017733696848154068,-0.5397478342056274,0.05439593270421028,0.017733696848154068,0.5761512994766236,0.019038576446473596,0.004433424212038517,0.10134703645993531,0.19999999999998863,,none,0.11134708064955134,0.0,-0.009999999999999431,-4.418961660618281e-08
R01_horizontal_empty,183,37.6,49.050007658353614,43.561177197525616,24.48528858534407,-0.026603192621776385,0.07753151206491582,0.5745614941083153,0.018679454657117883,0.004462585407778696,-0.5386574268341064,0.05491205304861069,0.01837274804711342,-0.5386574268341064,0.05491205304861069,0.01837274804711342,0.5768055438995361,0.019219218567013738,0.004593187011778355,0.10155039593768353,0.19999999999998863,,none,0.11155043321278058,0.0,-0.009999999999999431,-3.727509761325409e-08
R01_horizontal_empty,184,37.79999999999999,49.16460196212674,43.5583429312049,24.476331582104866,-0.02284593904494553,0.07843169422580817,0.5751968808437066,0.018878108539828357,0.004533863928882818,-0.5376071929931641,0.05509400740265846,0.01871642842888832,-0.5376071929931641,0.05509400740265846,0.01871642842888832,0.5774356842041015,0.019282902590930462,0.00467910710722208,0.1017548869268213,0.19999999999998863,,none,0.11175491201111498,0.0,-0.009999999999999431,-2.508429424868952e-08
R01_horizontal_empty,185,37.99999999999998,49.279323984606876,43.55593866810057,24.46726061835486,-0.01905923132866842,0.07934602814629678,0.5758261112099593,0.01898119870271977,0.004604175856062611,-0.5365946292877197,0.054832182824611664,0.018989797681570053,-0.5365946292877197,0.054832182824611664,0.018989797681570053,0.5780432224273682,0.01919126398861408,0.004747449420392513,0.1019590419628853,0.19999999999998863,,none,0.11195906533424704,0.0,-0.009999999999999431,-2.3371362311286336e-08
R01_horizontal_empty,186,38.19999999999997,49.3941714389074,43.55396762603681,24.45807386139333,-0.015262275482899537,0.08027523955102546,0.5764564677289967,0.018987857853805704,0.004682067487868941,-0.5355374217033386,0.054289791733026505,0.019363144412636757,-0.5355374217033386,0.054289791733026505,0.019363144412636757,0.5786775469779968,0.019001427106559277,0.004840786103159189,0.10216266647223911,0.19999999999998863,,none,0.11216269749751362,0.0,-0.009999999999999431,-3.102527508604125e-08
R01_horizontal_empty,187,38.399999999999956,49.50915103253186,43.5524316207877,24.44876856634462,-0.011449301758618299,0.08122155678598139,0.5771681681955342,0.01913108438500244,0.004774163567113747,-0.5338735580444336,0.055494099855422974,0.019847305491566658,-0.5338735580444336,0.055494099855422974,0.019847305491566658,0.5796758651733398,0.01942293494939804,0.0049618263728916645,0.10237428067106843,0.19999999999998863,,none,0.11237436973531345,0.0,-0.009999999999999431,-8.906424558891014e-08
R01_horizontal_empty,188,38.599999999999945,49.6242982540757,43.55133687415218,24.43933957337145,-0.007534986408306767,0.08218037001384036,0.5781638694248695,0.019950322988201895,0.004811178863340792,-0.530546247959137,0.061770495027303696,0.019546417519450188,-0.530546247959137,0.061770495027303696,0.019546417519450188,0.5816722512245178,0.021619673259556292,0.004886604379862547,0.10262218594242457,0.19999999999998863,,none,0.11262319703567059,0.0,-0.009999999999999431,-1.0110932465817736e-06
R01_horizontal_empty,189,38.79999999999993,49.739648421981904,43.55070450299305,24.429783604031762,-0.003368698333615845,0.08311635733466316,0.5792559771855194,0.021589046904337474,0.004567091262071873,-0.5281599164009094,0.07122357189655304,0.016278870403766632,-0.5281599164009094,0.07122357189655304,0.016278870403766632,0.5831040501594543,0.02492825016379356,0.004069717600941658,0.10290969714094846,0.19999999999998863,,none,0.11291181178304299,0.0,-0.009999999999999431,-2.1146420950988313e-06
R01_horizontal_empty,190,38.99999999999992,49.855193995593055,43.550572035886844,24.42010729771448,0.0011424590400924478,0.08395666526084802,0.5802015754854999,0.023387013811517216,0.0038872292929745395,-0.5274443030357361,0.07728772610425949,0.010007538832724094,-0.5274443030357361,0.07728772610425949,0.010007538832724094,0.5835334181785583,0.02705070413649082,0.0025018847081810236,0.10319922018935633,0.19999999999998863,,none,0.1132007525027241,0.0,-0.009999999999999431,-1.5323133683442688e-06
R01_horizontal_empty,191,39.19999999999991,49.970892752120044,43.55097869117789,24.410328432053713,0.005922033548112934,0.08465285907910755,0.5808871009126176,0.02433712151601915,0.0031316565170825582,-0.5278290510177612,0.07506611943244934,0.006368148606270552,-0.5278290510177612,0.07506611943244934,0.006368148606270552,0.5833025693893432,0.02627314180135727,0.001592037151567638,0.10345496179299978,0.19999999999998863,,none,0.11345532836756789,0.0,-0.009999999999999431,-3.665745686861873e-07
R01_horizontal_empty,192,39.3999999999999,50.086713842774444,43.551945295604035,24.40046473570328,0.010756613341303043,0.08524568660050036,0.5815274621806766,0.02403169635375316,0.0028201007028280686,-0.5270270109176636,0.06688381731510162,0.008740992285311222,-0.5270270109176636,0.06688381731510162,0.008740992285311222,0.5837837934494019,0.023409336060285568,0.0021852480713278055,0.10368137544267561,0.19999999999998863,,none,0.11368283991714279,0.0,-0.009999999999999431,-1.4644744677376172e-06
R01_horizontal_empty,193,39.59999999999989,50.2026799242618,43.55346803138645,24.390519738932216,0.015469883598912403,0.08585069890750843,0.5824471896538498,0.023166236085698212,0.0032012919302840783,-0.5238535404205322,0.06115057319402695,0.01591215841472149,-0.5238535404205322,0.06115057319402695,0.01591215841472149,0.5856878757476807,0.02140270061790943,0.003978039603680372,0.10393008503188016,0.19999999999998863,,none,0.11393197236441566,0.0,-0.009999999999999431,-1.8873325360720291e-06
R01_horizontal_empty,194,39.799999999999876,50.31885780477407,43.555532975115774,24.380479332220418,0.020056354204479848,0.08656464036368589,0.5837830669606956,0.022731254587307077,0.0038864799156871715,-0.5191832184791565,0.06241399794816971,0.02113070897758007,-0.5191832184791565,0.06241399794816971,0.02113070897758007,0.5884900689125061,0.021844899281859398,0.005282677244395018,0.10424476978457604,0.19999999999998863,,none,0.11424578261295792,0.0,-0.009999999999999431,-1.0128283824517581e-06
R01_horizontal_empty,195,39.999999999999865,50.435297775605015,43.55813396350561,24.370324673310716,0.024613461777492268,0.08738565573743534,0.5852571336402451,0.022832211970502815,0.004293031938118615,-0.5159149169921875,0.06582266092300415,0.020485827699303627,-0.5159149169921875,0.06582266092300415,0.020485827699303627,0.5904510498046875,0.02303793132305145,0.005121456924825907,0.1046100666815925,0.19999999999998863,,none,0.11461052101458691,0.0,-0.009999999999999431,-4.5433299497604774e-07
R01_horizontal_empty,196,40.199999999999854,50.5519877300783,43.5612740654435,24.360047260395838,0.029197971195606107,0.08824748608820011,0.5865218279270872,0.023000219462123574,0.004323011970248328,-0.5150366425514221,0.06669304519891739,0.017536407336592674,-0.5150366425514221,0.06669304519891739,0.017536407336592674,0.5909780144691468,0.023342565819621085,0.0043841018341481686,0.10496607517724313,0.19999999999998863,,none,0.1149662797375477,0.0,-0.009999999999999431,-2.0456030514065527e-07
R01_horizontal_empty,197,40.39999999999984,50.668880653982086,43.564956154235034,24.349649363893466,0.033769281667294655,0.08909695757780214,0.5875528507005255,0.02273302382768927,0.004182307817736376,-0.5146905183792114,0.0633958950638771,0.015582388266921043,-0.5146905183792114,0.0633958950638771,0.015582388266921043,0.5911856889724731,0.022188563272356986,0.003895597066730261,0.10527744610719501,0.19999999999998863,,none,0.11527774229102405,0.0,-0.009999999999999431,-2.9618382960450165e-07
R01_horizontal_empty,198,40.59999999999983,50.785974332579514,43.56917696374945,24.339133210981778,0.038277498266822835,0.08992178469903046,0.5887965791880261,0.0223760475224346,0.004074117699154651,-0.5113685131072998,0.06185326352715492,0.015414641238749027,-0.5113685131072998,0.06185326352715492,0.015414641238749027,0.59317889213562,0.02164864223450422,0.003853660309687257,0.10558666718662019,0.19999999999998863,,none,0.11558693605802262,0.0,-0.009999999999999431,-2.688714030031798e-07
R01_horizontal_empty,199,40.79999999999982,50.90333175465681,43.57393243815969,24.32849399174252,0.042700608945954094,0.0907557958926253,0.5904716153876016,0.02189157409958639,0.004252546065475003,-0.5060439109802246,0.0597267709672451,0.018464507535099983,-0.5060439109802246,0.0597267709672451,0.018464507535099983,0.5963736534118652,0.020904369838535785,0.004616126883774996,0.10595684820667213,0.19999999999998863,,none,0.11595769170752845,0.0,-0.009999999999999431,-8.435008568924603e-07
R01_horizontal_empty,200,40.99999999999981,51.021039565808955,43.57921805031541,24.317718357965543,0.047027847561785456,0.09166293019825726,0.5926099923251021,0.021416610158448146,0.004779109806849307,-0.4997589588165283,0.058425094932317734,0.023408323526382446,-0.4997589588165283,0.058425094932317734,0.023408323526382446,0.600144624710083,0.020448783226311204,0.005852080881595612,0.10641261891654377,0.19999999999998863,,none,0.11641393164255831,0.0,-0.009999999999999431,-1.312726015110302e-06
R01_horizontal_empty,201,41.1999999999998,51.13917802175531,43.58503057626541,24.30678609476666,0.05128172827781577,0.0926890392804042,0.5951274092924104,0.021142831721539992,0.005432718439146719,-0.49333733320236206,0.058814164251089096,0.02705826796591282,-0.49333733320236206,0.058814164251089096,0.02705826796591282,0.6039976000785827,0.02058495748788118,0.006764566991478205,0.10694958747978166,0.19999999999998863,,none,0.1169506816946786,0.0,-0.009999999999999431,-1.0942148974996819e-06
R01_horizontal_empty,202,41.399999999999785,51.25779648158771,43.591370142793956,24.295676643631403,0.055500352347029644,0.0938356701150156,0.597808459004322,0.021050377275343424,0.005991476251284804,-0.4879079759120941,0.0596056692302227,0.028520194813609123,-0.4879079759120941,0.0596056692302227,0.028520194813609123,0.6072552144527434,0.020861984230577946,0.007130048703402281,0.10753817130018421,0.19999999999998863,,none,0.11753881613280015,0.0,-0.009999999999999431,-6.448326165078843e-07
R01_horizontal_empty,203,41.599999999999774,51.37690767641806,43.5982396548712,24.284374408899343,0.0597179942064691,0.09507557383265502,0.6004984734019756,0.021120738205731713,0.006378398537432943,-0.4833719730377197,0.06075460463762283,0.028667297214269638,-0.4833719730377197,0.06075460463762283,0.028667297214269638,0.6099768161773682,0.02126411162316799,0.0071668243035674095,0.1081423839983125,0.19999999999998863,,none,0.1181428223385872,0.0,-0.009999999999999431,-4.3834027525981035e-07
R01_horizontal_empty,204,41.79999999999976,51.496516140170804,43.60564424422591,24.272868934774205,0.06393125379408195,0.09635648102957171,0.6032574968180486,0.02101948884881201,0.006427009608408493,-0.47836834192276,0.05946621298789978,0.02610425464808941,-0.47836834192276,0.05946621298789978,0.02610425464808941,0.612978994846344,0.020813174545764923,0.006526063662022352,0.10875386140265518,0.19999999999998863,,none,0.11875452671194608,0.0,-0.009999999999999431,-6.653092914744168e-07
R01_horizontal_empty,205,41.99999999999975,51.61662068341817,43.61358452723255,24.261156538578955,0.06807588723588434,0.09764450552757245,0.6059681209128068,0.020468382530702687,0.006451397270074218,-0.4741348624229431,0.055272575467824936,0.0260043665766716,-0.4741348624229431,0.055272575467824936,0.0260043665766716,0.6155190825462341,0.019345401413738725,0.0065010916441679,0.10936574051169862,0.19999999999998863,,none,0.11936645089013709,0.0,-0.009999999999999431,-7.103784390392193e-07
R01_horizontal_empty,206,42.19999999999974,51.73722643114021,43.622052397727444,24.24923373252046,0.07208335382628468,0.09895610064983905,0.6087910051890891,0.019666705858013986,0.006649614306403342,-0.4687708020210266,0.05152326077222824,0.028214072808623314,-0.4687708020210266,0.05152326077222824,0.028214072808623314,0.618737518787384,0.018033141270279884,0.0070535182021558285,0.10998180280656177,0.19999999999998863,,none,0.11998275707268746,0.0,-0.009999999999999431,-9.542661262710445e-07
R01_horizontal_empty,207,42.39999999999973,51.85836572008465,43.631035984542144,24.237091337478308,0.07593100014092671,0.10031031709014822,0.6118394417210423,0.01886981878064033,0.006875523303483898,-0.4623655080795288,0.049274325370788574,0.029343418776988983,-0.4623655080795288,0.049274325370788574,0.029343418776988983,0.6225806951522828,0.017246013879776,0.007335854694247246,0.11062873245379137,0.19999999999998863,,none,0.12062967967225546,0.0,-0.009999999999999431,-9.472184646620169e-07
R01_horizontal_empty,208,42.59999999999972,51.98006889744446,43.6405224262922,24.2247197764144,0.07961461359535582,0.1016940890493204,0.6149894857976982,0.018029640146656808,0.006956121584357838,-0.4565187394618988,0.04662177339196205,0.02848142199218273,-0.4565187394618988,0.04662177339196205,0.02848142199218273,0.6260887563228608,0.01631762068718672,0.007120355498045683,0.11130425027701903,0.19999999999998863,,none,0.12130508955249297,0.0,-0.009999999999999431,-8.392754745099179e-07
R01_horizontal_empty,209,42.799999999999706,52.10234089418707,43.65049581966528,24.212114512816672,0.08312255953461749,0.10308874864107881,0.6181043514333262,0.017118492568379728,0.006988066630555897,-0.45153388381004333,0.043605316430330276,0.028212642297148705,-0.45153388381004333,0.043605316430330276,0.028212642297148705,0.629079669713974,0.015261860750615596,0.007053160574287176,0.1119823359270692,0.19999999999998863,,none,0.12198301632788855,0.0,-0.009999999999999431,-6.804008199134959e-07
R01_horizontal_empty,210,42.999999999999694,52.22518136551502,43.66093845285967,24.199272951729437,0.08645427955643693,0.10448754522070233,0.6212534580823219,0.01626317319267527,0.006999069851363807,-0.44608429074287415,0.041486576199531555,0.028085963800549507,-0.44608429074287415,0.041486576199531555,0.028085963800549507,0.6323494255542754,0.014520301669836044,0.007021490950137377,0.11265696254931472,0.19999999999998863,,none,0.12265764661275824,0.0,-0.009999999999999431,-6.840634440968829e-07
R01_horizontal_empty,211,43.19999999999968,52.34859717487067,43.67183453329175,24.186192474491897,0.0896373385995202,0.10588325188732625,0.6244416090188106,0.015616181122410306,0.006960875526561743,-0.44054141640663147,0.04085090011358261,0.027532190084457397,-0.44054141640663147,0.04085090011358261,0.027532190084457397,0.6356751501560212,0.014297815039753912,0.006883047521114349,0.11333568522019767,0.19999999999998863,,none,0.12333631390430355,0.0,-0.009999999999999431,-6.286841064451904e-07
R01_horizontal_empty,212,43.39999999999967,52.47261828948178,43.683172369095814,24.17286925550886,0.09265273336425318,0.10726186556503861,0.6278860221102631,0.014613350045645882,0.006834766133437794,-0.4332958161830902,0.03591398894786835,0.026311179623007774,-0.4332958161830902,0.03591398894786835,0.026311179623007774,0.6400225102901458,0.01256989613175392,0.006577794905751944,0.11404076735991846,0.19999999999998863,,none,0.12404233461353797,0.0,-0.009999999999999431,-1.567253620090095e-06
R01_horizontal_empty,213,43.59999999999966,52.59727456013036,43.69493402467739,24.15929912397742,0.09544901327912886,0.10866482251700058,0.6313812327369439,0.013438032921716556,0.0071695692292830775,-0.42717215418815613,0.03155173361301422,0.03140716999769211,-0.42717215418815613,0.03155173361301422,0.03140716999769211,0.6436967074871063,0.011043106764554977,0.007851792499423027,0.11477256475872707,0.19999999999998863,,none,0.12477421471124117,0.0,-0.009999999999999431,-1.6499525146707745e-06
R01_horizontal_empty,214,43.79999999999965,52.72262136492151,43.707100704299904,24.145466929464423,0.0980349234209442,0.11014234778394408,0.6353642548648223,0.012492345120376142,0.007575117229741727,-0.4176690876483917,0.030186660587787628,0.03360598534345627,-0.4176690876483917,0.030186660587787628,0.03360598534345627,0.6493985474109649,0.01056533120572567,0.008401496335864067,0.1155559767755268,0.19999999999998863,,none,0.1255579169052652,0.0,-0.009999999999999431,-1.940129738963181e-06
R01_horizontal_empty,215,43.99999999999964,52.8487209201007,43.71965914519798,24.131353632974918,0.10046811532105432,0.11169791251491142,0.6395096108643317,0.011885325068289097,0.007952115655056068,-0.40980684757232666,0.030424026772379875,0.03488127887248993,-0.40980684757232666,0.030424026772379875,0.03488127887248993,0.654115891456604,0.010648409370332956,0.008720319718122482,0.11640049548006168,0.19999999999998863,,none,0.1264017654307672,0.0,-0.009999999999999431,-1.2699507060893317e-06
R01_horizontal_empty,216,44.199999999999626,52.97559508124137,43.73259927448454,24.11694578361717,0.10279152937579127,0.11329794941509225,0.6437284957079423,0.011386418163382143,0.008041515284016646,-0.4023435711860657,0.029628008604049683,0.03289473429322243,-0.4023435711860657,0.029628008604049683,0.03289473429322243,0.6585938572883605,0.010369803011417388,0.008223683573305607,0.1172654971617007,0.19999999999998863,,none,0.1272667027716743,0.0,-0.009999999999999431,-1.205609974148994e-06
R01_horizontal_empty,217,44.399999999999615,53.10323112241498,43.745909484068676,24.102239423195,0.1049941440101675,0.11490302686908725,0.6477630093098652,0.010692061909854604,0.008011520004417941,-0.3967021107673645,0.02650623582303524,0.03180159628391266,-0.3967021107673645,0.02650623582303524,0.03180159628391266,0.6619787335395813,0.009277182538062333,0.007950399070978165,0.11811678649391667,0.19999999999998863,,none,0.1281176418237493,0.0,-0.009999999999999431,-8.553298331890475e-07
R01_horizontal_empty,218,44.5999999999996,53.23160594310197,43.7595729443224,24.087234901577478,0.10704210577604328,0.11650542786352781,0.6517394206936273,0.009850950439889702,0.00801242195950464,-0.3904159665107727,0.02324865758419037,0.03205703943967819,-0.3904159665107727,0.02324865758419037,0.03205703943967819,0.6657504200935364,0.008137030154466629,0.008014259859919548,0.11894175925536714,0.19999999999998863,,none,0.12894276310890262,0.0,-0.009999999999999431,-1.0038535360541028e-06
R01_horizontal_empty,219,44.79999999999959,53.360723138285024,43.77357267303397,24.07192898347863,0.1089399617690981,0.11811874562752503,0.6557974885047139,0.009178306741748703,0.008113162826974168,-0.38317298889160156,0.022307630628347397,0.033273763954639435,-0.38317298889160156,0.022307630628347397,0.033273763954639435,0.6700962066650391,0.0078076707199215886,0.008318440988659859,0.11976714797440678,0.19999999999998863,,none,0.12976824450790758,0.0,-0.009999999999999431,-1.0965335013748967e-06
R01_horizontal_empty,220,44.99999999999958,53.49060726181068,43.78789757422793,24.056314299919716,0.11073634871354725,0.11974356813281131,0.6600174045297649,0.008813089200697432,0.008133527348972451,-0.37518933415412903,0.02305397391319275,0.03270009532570839,-0.37518933415412903,0.02305397391319275,0.03270009532570839,0.6748863995075225,0.008068890869617462,0.008175023831427097,0.12061487275378419,0.19999999999998863,,none,0.13061616525112285,0.0,-0.009999999999999431,-1.2924973392364203e-06
R01_horizontal_empty,221,45.19999999999957,53.621272712122135,43.80254217361275,24.040386195093497,0.11247677608496631,0.12135875635393631,0.6642326647064607,0.00860673728657654,0.008026427028636833,-0.3681912422180176,0.023389305919408798,0.031232761219143867,-0.3681912422180176,0.023389305919408798,0.031232761219143867,0.6790852546691895,0.008186257071793079,0.007808190304785967,0.12147655490042775,0.19999999999998863,,none,0.1314775796765808,0.0,-0.009999999999999431,-1.0247761536189699e-06
R01_horizontal_empty,222,45.39999999999956,53.75270951942236,43.817501879501705,24.024145835037775,0.11416976788554685,0.12294603537933978,0.66835910377951,0.008343054526329694,0.00785898347018667,-0.36183544993400574,0.02230214886367321,0.030071144923567772,-0.36183544993400574,0.02230214886367321,0.030071144923567772,0.6828987300395966,0.007805752102285623,0.007517786230891943,0.1223274882666923,0.19999999999998863,,none,0.13232834681386052,0.0,-0.009999999999999431,-8.585471687897612e-07
R01_horizontal_empty,223,45.59999999999955,53.88491093909209,43.83277036887472,24.007593938447144,0.11577639328039063,0.12453995613712668,0.6725020378293635,0.007766643595829717,0.008064717876267589,-0.3548336923122406,0.018834570422768593,0.03393575921654701,-0.3548336923122406,0.018834570422768593,0.03393575921654701,0.6870997846126556,0.006592099647969007,0.008483939804136753,0.12316971475656331,0.19999999999998863,,none,0.13317123443563617,0.0,-0.009999999999999431,-1.5196790734254422e-06
R01_horizontal_empty,224,45.799999999999535,54.01792185260272,43.8483423089005,23.990716085929247,0.11729371580762976,0.12621966275498997,0.6770702934972577,0.0074318175622784255,0.008685555669674811,-0.3447222113609314,0.01928442157804966,0.03980251029133797,-0.3447222113609314,0.01928442157804966,0.03980251029133797,0.6931666731834412,0.006749547552317381,0.009950627572834492,0.12405563918661294,0.19999999999998863,,none,0.13405837645023766,0.0,-0.009999999999999431,-2.7372636252831484e-06
R01_horizontal_empty,225,45.999999999999524,54.15182848865929,43.86422202158568,23.97348500486769,0.11877686154573538,0.12797646484807296,0.6821069158735812,0.007401895080481962,0.00886866433503317,-0.33357733488082886,0.020974064245820045,0.03696712851524353,-0.33357733488082886,0.020974064245820045,0.03696712851524353,0.6998535990715027,0.007340922486037015,0.009241782128810883,0.1250309273843948,0.19999999999998863,,none,0.1350336294354726,0.0,-0.009999999999999431,-2.7020510783540286e-06
R01_horizontal_empty,226,46.19999999999951,54.286608186191465,43.88040101790516,23.955896041250185,0.12010627108762302,0.12971716327398228,0.6865068906018714,0.005998011261294072,0.00856147298012178,-0.32998278737068176,0.008963823318481445,0.03174205496907234,-0.32998278737068176,0.008963823318481445,0.03174205496907234,0.7020103275775909,0.0031373381614685056,0.007935513742268085,0.1259822226300535,0.19999999999998863,,none,0.13598591199110288,0.0,-0.009999999999999431,-3.689361049966436e-06
R01_horizontal_empty,227,46.3999999999995,54.4221469407971,43.89682879831806,23.937964866565558,0.12102502002810069,0.13146925893774358,0.6903440865888687,0.0033863215667952955,0.008931588033347931,-0.3268924057483673,-0.005529941525310278,0.03874306380748749,-0.3268924057483673,-0.005529941525310278,0.03874306380748749,0.7038645565509796,-0.0019354795338585972,0.009685765951871872,0.12680931881143057,0.19999999999998863,,none,0.1368146914874835,0.0,-0.009999999999999431,-5.372676053484776e-06
R01_horizontal_empty,228,46.59999999999949,54.558448897226036,43.91344263081507,23.919680772752027,0.12147973462588678,0.13330617321930668,0.6946795409683454,0.0013168042269803366,0.009402092773196506,-0.31674060225486755,-0.00828634388744831,0.04144333302974701,-0.31674060225486755,-0.00828634388744831,0.04144333302974701,0.7099556386470794,-0.0029002203606069087,0.010360833257436752,0.12763228281023478,0.19999999999998863,,none,0.13763464177667473,0.0,-0.009999999999999431,-2.3589664405063203e-06
R01_horizontal_empty,229,46.79999999999948,54.695579372657214,43.93019619994865,23.901022484267983,0.12161539522716068,0.13518184326794205,0.6991538982000616,0.0001293038573257715,0.009357935828362913,-0.3084676265716553,-0.00654413690790534,0.0370718315243721,-0.3084676265716553,-0.00654413690790534,0.0370718315243721,0.7149194240570068,-0.0022904479177668687,0.009267957881093025,0.12850798258137505,0.19999999999998863,,none,0.138509794330119,0.0,-0.009999999999999431,-1.8117487445217007e-06
R01_horizontal_empty,230,46.99999999999947,54.83353021670943,43.94705366830621,23.881989859360772,0.12154255795073077,0.1370007185953714,0.7033889653117544,-0.0007885015013503899,0.008867761922828983,-0.30281442403793335,-0.007596285082399845,0.031475767493247986,-0.30281442403793335,-0.007596285082399845,0.031475767493247986,0.71831134557724,-0.0026586997788399457,0.007868941873311996,0.12936735848868275,0.19999999999998863,,none,0.13936864612162836,0.0,-0.009999999999999431,-1.2876329461762636e-06
R01_horizontal_empty,231,47.199999999999456,54.972254738793765,43.963982454540876,23.862598826510585,0.12128534467002663,0.13872203383071088,0.7073496599448953,-0.0017138850185332282,0.008382002209193417,-0.29782453179359436,-0.010284357704222202,0.029568707570433617,-0.29782453179359436,-0.010284357704222202,0.029568707570433617,0.7213052809238434,-0.0035995251964777704,0.007392176892608404,0.1301717075767255,0.19999999999998863,,none,0.14017242280945652,0.0,-0.009999999999999431,-7.152327315902013e-07
R01_horizontal_empty,232,47.399999999999444,55.11173202434045,43.98095475422085,23.84286354102749,0.12086847556517324,0.14035130080485672,0.7113173272380796,-0.0024028766340549066,0.007943702261584605,-0.29117080569267273,-0.010876641608774662,0.028202340006828308,-0.29117080569267273,-0.010876641608774662,0.028202340006828308,0.7252975165843963,-0.0038068245630711313,0.007050585001707077,0.13094627544484339,0.19999999999998863,,none,0.1409472052414742,0.0,-0.009999999999999431,-9.297966313710077e-07
R01_horizontal_empty,233,47.59999999999943,55.25188329808289,43.99794317266472,23.82280760694586,0.12038281909364347,0.14185297340441097,0.7144802003964864,-0.002450126827453731,0.007134047526376691,-0.29062554240226746,-0.007275450974702835,0.02193690463900566,-0.29062554240226746,-0.007275450974702835,0.02193690463900566,0.7256246745586394,-0.002546407841145992,0.005484226159751415,0.13163495319653892,0.19999999999998863,,none,0.1416360036278661,0.0,-0.009999999999999431,-1.0504313277430628e-06
R01_horizontal_empty,234,47.79999999999942,55.39254943106456,44.01492675820834,23.80247731699506,0.11994682452491044,0.14311720973729908,0.716799051485036,-0.0019476877635069996,0.005622259482173004,-0.2917173504829407,-0.002639643382281065,0.010166846215724945,-0.2917173504829407,-0.002639643382281065,0.010166846215724945,0.7249695897102355,-0.0009238751837983727,0.0025417115539312363,0.13215647762081734,0.19999999999998863,,none,0.14215970196146088,0.0,-0.009999999999999431,-3.2243406441284e-06
R01_horizontal_empty,235,47.99999999999941,55.53357952334652,44.03189969168221,23.781934722771638,0.11962401778342463,0.1440636666360687,0.7183814177570472,-0.0013271496938220616,0.003967061976664801,-0.29340511560440063,-0.0001791100949048996,0.0023771629203110933,-0.29340511560440063,-0.0001791100949048996,0.0023771629203110933,0.7239569306373597,-6.268853321671486e-05,0.0005942907300777733,0.1325260452180825,0.19999999999998863,,none,0.14252743685690206,0.0,-0.009999999999999431,-1.3916388201270504e-06
R01_horizontal_empty,236,48.1999999999994,55.67487325669335,44.04886757923101,23.761240281719125,0.11943812349290596,0.14469220736509136,0.7196177353597526,-0.0005875378603303186,0.0024338999530923618,-0.29337677359580994,0.0026273089461028576,-0.002760805655270815,-0.29337677359580994,0.0026273089461028576,-0.002760805655270815,0.723973935842514,0.0009195581311360001,-0.0006902014138177037,0.13279009361082825,0.19999999999998863,,none,0.1427907791210714,0.0,-0.009999999999999431,-6.855102437369807e-07
R01_horizontal_empty,237,48.39999999999939,55.81638138484594,44.06584609020381,23.740444747371246,0.1194203445559022,0.14503090100420724,0.7206554322337186,0.00033985105592222655,0.0010568266486599527,-0.2928136885166168,0.006370221730321646,-0.006996860262006521,-0.2928136885166168,0.006370221730321646,-0.006996860262006521,0.72431178689003,0.0022295776056125757,-0.0017492150655016303,0.13300201046061091,0.19999999999998863,,none,0.14300265587300132,0.0,-0.009999999999999431,-6.454123909585032e-07
R01_horizontal_empty,238,48.599999999999376,55.95807295667728,44.08285767013851,23.71959216937668,0.11959408549732836,0.1451069281834256,0.721548216163803,0.0013234261627992937,-0.0002016995575196233,-0.2921767234802246,0.009507549926638603,-0.01106471847742796,-0.2921767234802246,0.009507549926638603,-0.01106471847742796,0.7246939659118652,0.003327642474323511,-0.00276617961935699,0.13318275825571346,0.19999999999998863,,none,0.14318329417617548,0.0,-0.009999999999999431,-5.359204625952647e-07
R01_horizontal_empty,239,48.799999999999365,56.09992011993662,44.09992638229332,23.698722169015007,0.11994947899519243,0.14495502904194985,0.7222840429078649,0.00216693354463656,-0.0012391026395621838,-0.2918720841407776,0.0111021026968956,-0.01341201364994049,-0.2918720841407776,0.0111021026968956,-0.01341201364994049,0.7248767495155335,0.0038857359439134595,-0.0033530034124851227,0.13333661899279867,0.19999999999998863,,none,0.1433367818967639,0.0,-0.009999999999999431,-1.6290396582347224e-07
R01_horizontal_empty,240,48.99999999999935,56.241902927496554,44.117074012547754,23.677867161624643,0.12045756134412645,0.14462296637080368,0.7229556361322029,0.002861537542689222,-0.0020224807522530343,-0.2911299765110016,0.012219776399433613,-0.014475034549832344,-0.2911299765110016,0.012219776399433613,-0.014475034549832344,0.725322014093399,0.0042769217398017645,-0.003618758637458086,0.1334712543521434,0.19999999999998863,,none,0.1434713129507763,0.0,-0.009999999999999431,-5.859863346247343e-08
R01_horizontal_empty,241,49.19999999999934,56.38398882725072,44.13431599527256,23.65705681489033,0.12107551111503313,0.1441078187927423,0.7233573866062228,0.003285970587492166,-0.0030514420678237285,-0.29204505681991577,0.011859518475830555,-0.020592564716935158,-0.29204505681991577,0.011859518475830555,-0.020592564716935158,0.7247729659080505,0.004150831466540694,-0.0051481411792337894,0.13357298311147353,0.19999999999998863,,none,0.14357375093813474,0.0,-0.009999999999999431,-7.678266617738849e-07
R01_horizontal_empty,242,49.39999999999933,56.52611178997677,44.15165515009671,23.636329114952424,0.12172352152146486,0.143400483144704,0.7233371036266629,0.003200570122039127,-0.0039538963082485,-0.29455727338790894,0.00864728819578886,-0.023171255365014076,-0.29455727338790894,0.00864728819578886,-0.023171255365014076,0.7232656359672547,0.003026550868526101,-0.005792813841253519,0.13360731389062844,0.19999999999998863,,none,0.14360777947664616,0.0,-0.009999999999999431,-4.655860183001154e-07
R01_horizontal_empty,243,49.59999999999932,56.66822925061575,44.16908556070851,23.615716147724836,0.12234778708357587,0.1425344085371308,0.7232521195715685,0.0030531933103085493,-0.004654077045818995,-0.2950788736343384,0.007865387946367264,-0.024323299527168274,-0.2950788736343384,0.007865387946367264,-0.024323299527168274,0.7229526758193969,0.002752885781228542,-0.0060808248817920685,0.13359469538615992,0.19999999999998863,,none,0.14359473959897073,0.0,-0.009999999999999431,-4.421281137348757e-08
R01_horizontal_empty,244,49.79999999999931,56.810340706152694,44.18660431532227,23.59523908919016,0.12296711358355429,0.14153237384073605,0.7231907017781715,0.0031339825899885693,-0.005316354009302196,-0.29504284262657166,0.009424587711691856,-0.026663463562726974,-0.29504284262657166,0.009424587711691856,-0.026663463562726974,0.7229742944240569,0.0032986056990921496,-0.006665865890681744,0.13357717056435583,0.19999999999998863,,none,0.14357732873975237,0.0,-0.009999999999999431,-1.5817539710062668e-07
R01_horizontal_empty,245,49.9999999999993,56.952444430264144,44.20421308641869,23.57491779379066,0.12361223248746604,0.14039416511173594,0.7230686522020959,0.003304364723518865,-0.00601321106538105,-0.29560232162475586,0.010432999581098557,-0.02973274514079094,-0.29560232162475586,0.010432999581098557,-0.02973274514079094,0.7226386070251465,0.0036515498533844946,-0.007433186285197735,0.13355544591883775,0.19999999999998863,,none,0.14355566092685024,0.0,-0.009999999999999431,-2.1500801306424677e-07
R01_horizontal_empty,246,50.199999999999285,57.094549200189704,44.22191606910209,23.554770957347273,0.12426011285037183,0.139120283039678,0.7230662927925241,0.003183545097887447,-0.00667567932811983,-0.29490336775779724,0.008392436429858208,-0.032102324068546295,-0.29490336775779724,0.008392436429858208,-0.032102324068546295,0.7230579793453216,0.0029373527504503727,-0.008025581017136574,0.1335403821192917,0.19999999999998863,,none,0.14354058746606668,0.0,-0.009999999999999431,-2.053467755439714e-07
R01_horizontal_empty,247,50.399999999999274,57.2367582906816,44.23971875107891,23.534802714968983,0.12477446955112462,0.1377340152182294,0.7239278952862042,0.0020457757472396756,-0.007151161711574502,-0.28839370608329773,-0.0007789710653014481,-0.03248018026351929,-0.28839370608329773,-0.0007789710653014481,-0.03248018026351929,0.7269637763500214,-0.0002726398728555068,-0.008120045065879822,0.13362264162306578,0.19999999999998863,,none,0.14362517428678245,0.0,-0.009999999999999431,-2.5326637172559593e-06
R01_horizontal_empty,248,50.59999999999926,57.37917750881065,44.25760127457543,23.515009277913787,0.12496748792548495,0.13634792236526136,0.7249808600751649,3.5893134431654505e-05,-0.006740703139031691,-0.2855149805545807,-0.011598899029195309,-0.023617271333932877,-0.2855149805545807,-0.011598899029195309,-0.023617271333932877,0.7286910116672516,-0.004059614660218358,-0.005904317833483219,0.13380271243700992,0.19999999999998863,,none,0.1438067906181395,0.0,-0.009999999999999431,-4.078181130153642e-06
R01_horizontal_empty,249,50.79999999999925,57.521904972411136,44.27552294895064,23.495369980306915,0.1247927448479411,0.13504710974443185,0.7267624329403066,-0.0016558193031136555,-0.006300594146552443,-0.27826690673828125,-0.014579989947378635,-0.0216151624917984,-0.27826690673828125,-0.014579989947378635,-0.0216151624917984,0.7330398559570312,-0.005102996481582522,-0.0054037906229496,0.13407404204148943,0.19999999999998863,,none,0.14407535063982735,0.0,-0.009999999999999431,-1.3085983384950734e-06
R01_horizontal_empty,250,50.99999999999924,57.665004823523915,44.29344483721811,23.475865882537786,0.12435274308155173,0.13381223802632466,0.7284641289351945,-0.002667916454679669,-0.006065818135803676,-0.27589982748031616,-0.013515004888176918,-0.022349674254655838,-0.27589982748031616,-0.013515004888176918,-0.022349674254655838,0.7344601035118103,-0.004730251710861921,-0.0055874185636639595,0.1343981260531737,0.19999999999998863,,none,0.14439827158847152,0.0,-0.009999999999999431,-1.4553529839174753e-07
R01_horizontal_empty,251,51.19999999999923,57.808470649419164,44.311334820410295,23.456494254015976,0.12373405057988218,0.13256713888684754,0.7301464563923217,-0.0034593575353285403,-0.0063627904160173275,-0.27320969104766846,-0.014491614885628223,-0.02787170559167862,-0.27320969104766846,-0.014491614885628223,-0.02787170559167862,0.7360741853713989,-0.005072065209969878,-0.006967926397919655,0.13470627619343983,0.19999999999998863,,none,0.1447070498620633,0.0,-0.009999999999999431,-7.736686240088393e-07
R01_horizontal_empty,252,51.39999999999922,57.95226703417786,44.32916287443251,23.437267351060694,0.12293069229115222,0.13126970696376764,0.7314657562270485,-0.004496086911595398,-0.006594095330514848,-0.2731427550315857,-0.01888175681233406,-0.028261687606573105,-0.2731427550315857,-0.01888175681233406,-0.028261687606573105,0.7361143469810485,-0.0066086148843169205,-0.007065421901643276,0.1349716889033275,0.19999999999998863,,none,0.1449720775015777,0.0,-0.009999999999999431,-3.885982507762127e-07
R01_horizontal_empty,253,51.599999999999206,58.09637665435178,44.34689720378632,23.41819575712459,0.12192320373694131,0.12992708475828613,0.7329056115291757,-0.005502913934741049,-0.006815443668611082,-0.2700350284576416,-0.021584315225481987,-0.029065927490592003,-0.2700350284576416,-0.021584315225481987,-0.029065927490592003,0.7379789829254151,-0.007554510328918695,-0.007266481872648001,0.1352100445293565,0.19999999999998863,,none,0.14521039670112046,0.0,-0.009999999999999431,-3.5217176451843303e-07
R01_horizontal_empty,254,51.799999999999194,58.240809216541265,44.3645104785646,23.399285768564084,0.12074931627373878,0.1285441327665727,0.7342914433283743,-0.0061845831887649555,-0.007000154562229421,-0.26804256439208984,-0.021638887003064156,-0.029506148770451546,-0.26804256439208984,-0.021638887003064156,-0.029506148770451546,0.7391744613647461,-0.007573610451072454,-0.007376537192612886,0.13544942695777076,0.19999999999998863,,none,0.14544951029148834,0.0,-0.009999999999999431,-8.333371813329382e-08
R01_horizontal_empty,255,51.99999999999918,58.385568190770066,44.381982768706976,23.380544786901435,0.11947386180071873,0.127100227314384,0.7357316706996506,-0.00654295128696155,-0.007408149335623613,-0.265322744846344,-0.020780550315976143,-0.03295805677771568,-0.265322744846344,-0.020780550315976143,-0.03295805677771568,0.7408063530921936,-0.00727319261059165,-0.00823951419442892,0.13568459183762338,0.19999999999998863,,none,0.14568499283420522,0.0,-0.009999999999999431,-4.0099658240873304e-07
R01_horizontal_empty,256,52.19999999999917,58.530637720170155,44.39929945338041,23.36198719947447,0.11812416351060209,0.12557078892838472,0.7369443357943468,-0.006925219969308177,-0.007852726667690945,-0.2646380066871643,-0.0220118947327137,-0.03503454104065895,-0.2646380066871643,-0.0220118947327137,-0.03503454104065895,0.7412171959877014,-0.007704163156449794,-0.008758635260164738,0.13589839706654822,0.19999999999998863,,none,0.1458985230037939,0.0,-0.009999999999999431,-1.2593724627037174e-07
R01_horizontal_empty,257,52.39999999999916,58.675995364276496,44.416445045231505,23.343629780027722,0.11667927503095459,0.12395421390075953,0.7381212535577198,-0.0074817212468195745,-0.00828076248797561,-0.2628864049911499,-0.024616273120045662,-0.03661185875535011,-0.2628864049911499,-0.024616273120045662,-0.03661185875535011,0.74226815700531,-0.008615695592015981,-0.009152964688837528,0.13608289946253577,0.19999999999998863,,none,0.14608314623906438,0.0,-0.009999999999999431,-2.4677652917921846e-07
R01_horizontal_empty,258,52.59999999999915,58.82165857580805,44.433401891766565,23.325484441506863,0.11505624631880627,0.12224655391949753,0.7394678606115428,-0.008659775740137899,-0.00875973695129676,-0.2596455514431,-0.03160079941153526,-0.03894294425845146,-0.2596455514431,-0.03160079941153526,-0.03894294425845146,0.74421266913414,-0.011060279794037342,-0.009735736064612865,0.13627581352449353,0.19999999999998863,,none,0.14627710793847015,0.0,-0.009999999999999431,-1.294413977183731e-06
R01_horizontal_empty,259,52.79999999999914,58.96764071669035,44.4501353189138,23.307562760849393,0.11313475973371463,0.12048773477857308,0.7407421253670483,-0.010422252022950874,-0.008823638210930785,-0.25794661045074463,-0.04003892466425896,-0.035815395414829254,-0.25794661045074463,-0.04003892466425896,-0.035815395414829254,0.7452320337295533,-0.014013623632490634,-0.008953848853707314,0.13647043934875133,0.19999999999998863,,none,0.14647211674715166,0.0,-0.009999999999999431,-1.6773984009080256e-06
R01_horizontal_empty,260,52.999999999999126,59.1139608337827,44.46659977927067,23.289866657600225,0.11092737193782037,0.11873460678945087,0.742219723027379,-0.011565462034971727,-0.008715771601935707,-0.2542898654937744,-0.039699897170066833,-0.03398389369249344,-0.2542898654937744,-0.039699897170066833,-0.03398389369249344,0.7474260807037354,-0.01389496400952339,-0.00849597342312336,0.1366717633969785,0.19999999999998863,,none,0.14667210021941557,0.0,-0.009999999999999431,-3.3682243762128693e-07
R01_horizontal_empty,261,53.199999999999115,59.260632161303405,44.48276440032442,23.272395326672758,0.1086031633817087,0.11696234763429482,0.7436161532723383,-0.011668832480946334,-0.008986421061413294,-0.25243914127349854,-0.03394133970141411,-0.03815167769789696,-0.25243914127349854,-0.03394133970141411,-0.03815167769789696,0.7485365152359009,-0.011879468895494938,-0.00953791942447424,0.13687430608805987,0.19999999999998863,,none,0.1468753852198148,0.0,-0.009999999999999431,-1.0791317554997849e-06
R01_horizontal_empty,262,53.3999999999991,59.40762548840613,44.49861843709627,23.255162364484445,0.10628235114220665,0.11508268430950096,0.7447966046926451,-0.011548369245261743,-0.009752474620913887,-0.25174006819725037,-0.03229400888085365,-0.045253802090883255,-0.25174006819725037,-0.03229400888085365,-0.045253802090883255,0.7489559590816497,-0.011302903108298777,-0.011313450522720814,0.13704311332992167,0.19999999999998863,,none,0.14704418618137893,0.0,-0.009999999999999431,-1.072851457835089e-06
R01_horizontal_empty,263,53.59999999999909,59.554874809970414,44.51415173512898,23.23819720484953,0.10389194371015698,0.11304995226505746,0.7455209357124589,-0.012299120822221513,-0.010517207776909458,-0.25321143865585327,-0.03951118886470795,-0.048301972448825836,-0.25321143865585327,-0.03951118886470795,-0.048301972448825836,0.748073136806488,-0.013828916102647781,-0.012075493112206459,0.13713975881294507,0.19999999999998863,,none,0.14714102969215404,0.0,-0.009999999999999431,-1.270879209536724e-06
R01_horizontal_empty,264,53.79999999999908,59.70237067333818,44.52933999724572,23.221522756851396,0.10128057589545827,0.11090682046136793,0.7465361778806089,-0.013708343975497025,-0.01088629230655147,-0.24981097877025604,-0.04737113416194916,-0.04655348137021065,-0.24981097877025604,-0.04737113416194916,-0.04655348137021065,0.7501134127378464,-0.016579896956682202,-0.011638370342552662,0.13721563978899146,0.19999999999998863,,none,0.1472171677707621,0.0,-0.009999999999999431,-1.5279817712235412e-06
R01_horizontal_empty,265,53.99999999999907,59.850179218814624,44.544152988831556,23.20514349752996,0.09846079110952932,0.10873008599973402,0.7478929651220823,-0.01443475423903016,-0.010881419568729452,-0.2455439269542694,-0.04547128453850746,-0.043485961854457855,-0.2455439269542694,-0.04547128453850746,-0.043485961854457855,0.7526736438274384,-0.01591494958847761,-0.010871490463614464,0.13734515338361736,0.19999999999998863,,none,0.1473457779203322,0.0,-0.009999999999999431,-6.245367154306125e-07
R01_horizontal_empty,266,54.19999999999906,59.99838118517057,44.55857944541183,23.18905494397309,0.0956377692868321,0.10651838528914424,0.7497132483415344,-0.013840270324999942,-0.011210764744482309,-0.239788219332695,-0.036082569509744644,-0.04752746596932411,-0.239788219332695,-0.036082569509744644,-0.04752746596932411,0.7561270684003829,-0.012628899328410624,-0.011881866492331028,0.1375439826284302,0.19999999999998863,,none,0.14754673482634217,0.0,-0.009999999999999431,-2.7521979125369466e-06
R01_horizontal_empty,267,54.39999999999905,60.1470759259639,44.572636470285424,23.17325740611949,0.09287892529223529,0.1042184889612463,0.7520843168304872,-0.0137546247408156,-0.011747727570048768,-0.23260192573070526,-0.038800302892923355,-0.05136755481362343,-0.23260192573070526,-0.038800302892923355,-0.05136755481362343,0.7604388445615768,-0.013580106012523173,-0.012841888703405857,0.13784269322017778,0.19999999999998863,,none,0.14784416872363337,0.0,-0.009999999999999431,-1.4755034561630966e-06
R01_horizontal_empty,268,54.599999999999035,60.296336205365115,44.58632136576612,23.15775734103313,0.08990183967361065,0.10187734592830304,0.7546520052414963,-0.015857720796900343,-0.011669591859024442,-0.2271677851676941,-0.05755190923810005,-0.04604150354862213,-0.2271677851676941,-0.05755190923810005,-0.04604150354862213,0.7636993288993835,-0.020143168233335017,-0.011510375887155533,0.13819823013032329,0.19999999999998863,,none,0.14820642051924793,0.0,-0.009999999999999431,-8.190388925209124e-06
R01_horizontal_empty,269,54.799999999999024,60.44621181631011,44.59957442929748,23.142548099038212,0.08636915991806232,0.09964403411438347,0.7574875075033273,-0.019215965386746275,-0.010734039029820777,-0.22086919844150543,-0.07445431500673294,-0.03531070798635483,-0.22086919844150543,-0.07445431500673294,-0.03531070798635483,0.7674784809350967,-0.02605901025235653,-0.008827676996588707,0.1385895319375761,0.19999999999998863,,none,0.1485983422073538,0.0,-0.009999999999999431,-8.8102697782802e-06
R01_horizontal_empty,270,54.99999999999901,60.59677949197816,44.612308747617114,23.12759898232367,0.08230570586779797,0.09762328702236923,0.7607873467872316,-0.021264199425413927,-0.009561784854086874,-0.2126426249742508,-0.07267958670854568,-0.028692400082945824,-0.2126426249742508,-0.07267958670854568,-0.028692400082945824,0.7724144250154494,-0.02543785534799099,-0.007173100020736456,0.13903925566408074,0.19999999999998863,,none,0.14904154822750115,0.0,-0.009999999999999431,-2.2925634209770145e-06
R01_horizontal_empty,271,55.199999999999,60.7480946549318,44.624470822263525,23.11287850089907,0.07813168908653953,0.09571741230582763,0.7642050978137507,-0.020531213630655423,-0.009501505569567076,-0.20625393092632294,-0.05439319834113121,-0.03751470148563385,-0.20625393092632294,-0.05439319834113121,-0.03751470148563385,0.7762476414442062,-0.019037619419395923,-0.009378675371408463,0.13951496721795031,0.19999999999998863,,none,0.14952402802621378,0.0,-0.009999999999999431,-9.060808264036228e-06
R01_horizontal_empty,272,55.39999999999899,60.90011254834812,44.63606726513914,23.098393593991155,0.07420590477150396,0.09368517237342748,0.7671199613418322,-0.018853108538873363,-0.010728420966650502,-0.20434905588626862,-0.044096168130636215,-0.05291395261883736,-0.20434905588626862,-0.044096168130636215,-0.05291395261883736,0.7773905664682388,-0.015433658845722674,-0.01322848815470934,0.13995311606137695,0.19999999999998863,,none,0.14996005194768713,0.0,-0.009999999999999431,-6.9358863107507605e-06
R01_horizontal_empty,273,55.59999999999898,61.052736692737845,44.647114349391764,23.084191061649037,0.07023648066959494,0.09134201547969281,0.769576669259869,-0.020701796598521203,-0.012564744039790242,-0.20294508337974548,-0.06991097331047058,-0.06522636860609055,-0.20294508337974548,-0.06991097331047058,-0.06522636860609055,0.7782329499721528,-0.0244688406586647,-0.016306592151522636,0.14028034058673808,0.19999999999998863,,none,0.1502967400045918,0.0,-0.009999999999999431,-1.639941785430088e-05
R01_horizontal_empty,274,55.79999999999897,61.20587300476022,44.65753552468341,23.070330689630836,0.06542363243929739,0.08874224798897472,0.7714855519728867,-0.02695535418102838,-0.013372081712315263,-0.20298074185848236,-0.11342324316501617,-0.060068726539611816,-0.20298074185848236,-0.11342324316501617,-0.060068726539611816,0.7782115548849106,-0.03969813510775566,-0.015017181634902954,0.14047084005932442,0.19999999999998863,,none,0.150509238462746,0.0,-0.009999999999999431,-3.839840342215628e-05
R01_horizontal_empty,275,55.999999999998956,61.35957448511033,44.667154634541426,23.056828879434438,0.059340708593181773,0.08620578079123967,0.7743132128567555,-0.03338898091888138,-0.012089275547893751,-0.19287240505218506,-0.13285338878631592,-0.03790128231048584,-0.19287240505218506,-0.13285338878631592,-0.03790128231048584,0.7842765569686889,-0.04649868607521057,-0.00947532057762146,0.1406968567847071,0.19999999999998863,,none,0.15071627887701666,0.0,-0.009999999999999431,-1.942209231011738e-05
R01_horizontal_empty,276,56.199999999998944,61.51414813562325,44.67581144379997,23.043628877859334,0.052501752388009734,0.08397563354253465,0.7792341881627896,-0.03488762789717484,-0.010343756925694472,-0.17237769067287445,-0.1084039956331253,-0.02714775875210762,-0.17237769067287445,-0.1084039956331253,-0.02714775875210762,0.7965733855962753,-0.037941398471593855,-0.006786939688026905,0.14115046394982173,0.19999999999998863,,none,0.15117313283806055,0.0,-0.009999999999999431,-2.2668888239388007e-05
R01_horizontal_empty,277,56.39999999999893,61.66978693960852,44.68346882477563,23.03068252578741,0.045987190946615054,0.08175561231423824,0.7841755256932933,-0.030582467097844377,-0.011750433912899724,-0.1640225499868393,-0.06231401488184929,-0.05846719443798065,-0.1640225499868393,-0.06231401488184929,-0.05846719443798065,0.8015864700078963,-0.02180990520864725,-0.014616798609495163,0.1417385811587079,0.19999999999998863,,none,0.1518020811937717,0.0,-0.009999999999999431,-6.350003506435941e-05
R01_horizontal_empty,278,56.59999999999892,61.82624051935847,44.690204642531434,23.018068008025942,0.040176208315329094,0.07878903364265565,0.7867629217537139,-0.02774148447863832,-0.017483268263469673,-0.1735338568687439,-0.06272130459547043,-0.11665991693735123,-0.1735338568687439,-0.06272130459547043,-0.11665991693735123,0.7958796858787536,-0.021952456608414647,-0.029164979234337807,0.14212412340298264,0.19999999999998863,,none,0.1521936638788901,0.0,-0.009999999999999431,-6.954047590802676e-05
R01_horizontal_empty,279,56.79999999999891,61.98298216520607,44.696050031525516,23.0059923550443,0.03423918191854915,0.0746633950144116,0.7864047403736802,-0.03135632820402412,-0.02333227737153695,-0.19142886996269226,-0.11063497513532639,-0.1410028636455536,-0.19142886996269226,-0.11063497513532639,-0.1410028636455536,0.7851426780223847,-0.038722241297364235,-0.0352507159113884,0.14198905263028697,0.19999999999998863,,none,0.15205322323773984,0.0,-0.009999999999999431,-6.417060745345649e-05
R01_horizontal_empty,280,56.9999999999989,62.13968527097273,44.70088462477669,22.994646466593803,0.027161749134385123,0.06972784194534407,0.7855183188768842,-0.038852976212203634,-0.025834649198995207,-0.1960083544254303,-0.1546536684036255,-0.12373477965593338,-0.1960083544254303,-0.1546536684036255,-0.12373477965593338,0.7823949873447418,-0.05412878394126892,-0.030933694913983345,0.14148568775289316,0.19999999999998863,,none,0.15153082382808591,0.0,-0.009999999999999431,-4.5136075193312754e-05
R01_horizontal_empty,281,57.19999999999889,62.29636280829251,44.70452421423631,22.984095922019435,0.01923465548249064,0.0647917299152222,0.7852452696954613,-0.04030827428429587,-0.023688245829144923,-0.1928613781929016,-0.12363918125629425,-0.07725820690393448,-0.1928613781929016,-0.12363918125629425,-0.07725820690393448,0.784283173084259,-0.04327371343970299,-0.01931455172598362,0.140885878870422,0.19999999999998863,,none,0.15094851634416528,0.0,-0.009999999999999431,-6.263747374383843e-05
R01_horizontal_empty,282,57.399999999998876,62.453317037178465,44.70695317388384,22.974295383017306,0.012011332711746642,0.05984364771461628,0.787442720945708,-0.03251252049385882,-0.025645088655115483,-0.1746908277273178,-0.04750636965036392,-0.11853007227182388,-0.1746908277273178,-0.04750636965036392,-0.11853007227182388,0.7951855033636093,-0.01662722937762737,-0.02963251806795597,0.14048656989421374,0.19999999999998863,,none,0.150643164709777,0.0,-0.009999999999999431,-0.00015659481556383193
R01_horizontal_empty,283,57.599999999998865,62.61091806248824,44.708375901855696,22.96530347174678,0.006337803732363495,0.053833182086564464,0.7910301215183219,-0.02480377829469174,-0.03384178170569062,-0.16054928302764893,-0.02598796971142292,-0.20217624306678772,-0.16054928302764893,-0.02598796971142292,-0.20217624306678772,0.8036704301834106,-0.009095789398998022,-0.05054406076669693,0.1405704731743723,0.19999999999998863,,none,0.15072366730859343,0.0,-0.009999999999999431,-0.0001531941342217042
R01_horizontal_empty,284,57.79999999999885,62.76938785349217,44.70896658231048,22.957344984038127,0.0009843466830496397,0.04624151851696938,0.7954722679159643,-0.028455557110311544,-0.04149781748583105,-0.14812617003917694,-0.10256209224462509,-0.22839362919330597,-0.14812617003917694,-0.10256209224462509,-0.22839362919330597,0.8111242979764939,-0.03589673228561878,-0.05709840729832649,0.14088019756597442,0.19999999999998863,,none,0.15101430319224107,0.0,-0.009999999999999431,-0.00013410562626722306
R01_horizontal_empty,285,57.99999999999884,62.928757189601676,44.708626363794686,22.95062777742085,-0.005540690099699434,0.03804982346978984,0.7994589413950429,-0.03621033221577287,-0.040494735423507795,-0.14415650069713593,-0.1486060619354248,-0.15380308032035828,-0.14415650069713593,-0.1486060619354248,-0.15380308032035828,0.8135060995817185,-0.05201212167739868,-0.03845077008008957,0.14110313509038436,0.19999999999998863,,none,0.1512571261983986,0.0,-0.009999999999999431,-0.00015399110801480044
R01_horizontal_empty,286,58.19999999999883,63.0891024442256,44.707131870207405,22.94516197150588,-0.013257976914169651,0.030186954769399102,0.8047530080656379,-0.04062946524471894,-0.038299413319280884,-0.12765532732009888,-0.14181219041347504,-0.13530415296554565,-0.12765532732009888,-0.14181219041347504,-0.13530415296554565,0.8234068036079407,-0.04963426664471626,-0.033826038241386414,0.14147469110171618,0.19999999999998863,,none,0.1514879042162427,0.0,-0.009999999999999431,-1.321311452708862e-05
R01_horizontal_empty,287,58.39999999999882,63.25060195150801,44.70435315509085,22.940896732724365,-0.021009710237484394,0.022673234487679855,0.8107684178072883,-0.037150107663622145,-0.03694023124402064,-0.11339352279901505,-0.08588649332523346,-0.13668258488178253,-0.11339352279901505,-0.08588649332523346,-0.13668258488178253,0.8319638863205909,-0.030060272663831707,-0.03417064622044563,0.14176987761013754,0.19999999999998863,,none,0.151836537264888,0.0,-0.009999999999999431,-6.665965475102121e-05
R01_horizontal_empty,288,58.59999999999881,63.413151838840115,44.700400678790906,22.937839182971302,-0.02715648356395134,0.014750501264057721,0.8152918866372458,-0.025217023825257732,-0.04191235157637079,-0.11461590230464935,-0.002574734389781952,-0.2081758677959442,-0.11461590230464935,-0.002574734389781952,-0.2081758677959442,0.8312304586172103,-0.0009011570364236831,-0.05204396694898605,0.1418560852804355,0.19999999999998863,,none,0.1520971579382433,0.0,-0.009999999999999431,-0.00024107265780837884
R01_horizontal_empty,289,58.799999999998796,63.57660905142608,44.69566622347791,22.9361842064123,-0.029973718327069403,0.005029278707278201,0.8198419621002392,-0.004515593547011263,-0.05436157430567674,-0.1068761944770813,0.10762114822864532,-0.3189166784286499,-0.1068761944770813,0.10762114822864532,-0.3189166784286499,0.8358742833137511,0.03766740188002586,-0.07972916960716248,0.1417976429428267,0.19999999999998863,,none,0.15228697419808412,0.0,-0.009999999999999431,-0.000489331255257982
R01_horizontal_empty,290,58.999999999998785,63.740142615962306,44.69080682235961,22.9363710316113,-0.028661630059290833,-0.008119595573668911,0.8163902796478855,0.01608389020767284,-0.07553158201514482,-0.15961970388889313,0.16588328778743744,-0.47467756271362305,-0.15961970388889313,0.16588328778743744,-0.47467756271362305,0.804228177666664,0.0580591507256031,-0.11866939067840576,0.141195322633632,0.19999999999998863,,none,0.151804078788917,0.0,-0.009999999999999431,-0.0006087561552855769
R01_horizontal_empty,291,59.199999999998774,63.902439762261565,44.68644057338428,22.939063185983525,-0.02495199728153756,-0.02606581633705814,0.8078165109947406,0.02066700737764352,-0.10194020402596403,-0.20398901402950287,0.08573130518198013,-0.6230106353759766,-0.20398901402950287,0.08573130518198013,-0.6230106353759766,0.7776065915822983,0.030005956813693044,-0.15575265884399414,0.13954743597890634,0.19999999999998863,,none,0.15015534950777365,0.0,-0.009999999999999431,-0.0006079135288678839
R01_horizontal_empty,292,59.39999999999876,64.06311728994896,44.682721354299744,22.945020888020586,-0.02160435540146268,-0.048939693731759215,0.8008543538257294,0.013360131682335984,-0.12505630602901183,-0.2061283439397812,-0.004368513822555542,-0.6886385679244995,-0.2061283439397812,-0.004368513822555542,-0.6886385679244995,0.7763229936361313,-0.0015289798378944396,-0.17215964198112488,0.13780765621933483,0.19999999999998863,,none,0.14805624781228843,0.0,-0.009999999999999431,-0.00024859159295417154
R01_horizontal_empty,293,59.59999999999875,64.22346765092568,44.679489338084046,22.95495432297969,-0.01858125568816289,-0.07517833262706702,0.805856658882208,0.01662480644964319,-0.13646984301958515,-0.1275292932987213,0.06650624424219131,-0.6389081478118896,-0.1275292932987213,0.06650624424219131,-0.6389081478118896,0.8234824240207672,0.023277185484766958,-0.1597270369529724,0.13670315194150284,0.19999999999998863,,none,0.14697663507704206,0.0,-0.009999999999999431,-0.0002734831355397793
R01_horizontal_empty,294,59.79999999999874,64.38439108935913,44.67686697018803,22.96933391220896,-0.01333663115899707,-0.10330962356917521,0.8098654542572481,0.03447599241938773,-0.14425620703914685,-0.12668240070343018,0.20243167877197266,-0.6404894590377808,-0.12668240070343018,0.20243167877197266,-0.6404894590377808,0.8239905595779418,0.07085108757019043,-0.1601223647594452,0.13629583820337174,0.19999999999998863,,none,0.1466654170338586,0.0,-0.009999999999999431,-0.00036957883048741925
R01_horizontal_empty,295,59.99999999999873,64.54546455808068,44.67534994145096,22.988436222699985,-0.004989615387304648,-0.1330693459866438,0.8121793956560945,0.04797662100316582,-0.15270428434852726,-0.13277894258499146,0.21567614376544952,-0.6796752214431763,-0.13277894258499146,0.21567614376544952,-0.6796752214431763,0.8203326344490052,0.07548665031790733,-0.16991880536079407,0.13599875060298525,0.19999999999998863,,none,0.14603371275600807,0.0,-0.009999999999999431,-3.4962153023383456e-05
R01_horizontal_empty,296,60.19999999999872,64.70634353936882,44.67534140245889,23.012516157621416,0.005037759876860134,-0.16430937469591575,0.8144912499547631,0.051994317297956366,-0.1592059697888701,-0.12893810868263245,0.17194604873657227,-0.6898174285888672,-0.12893810868263245,0.17194604873657227,-0.6898174285888672,0.8226371347904204,0.06018111705780029,-0.1724543571472168,0.13508791817213522,0.19999999999998863,,none,0.14512851692377637,0.0,-0.009999999999999431,-4.0598751641724996e-05
R01_horizontal_empty,297,60.399999999998705,64.86684166973596,44.67696282917699,23.041773891548306,0.015027467215306676,-0.19635411173717054,0.816974865885514,0.04818952390507131,-0.16109874210528635,-0.12379007041454315,0.1155330091714859,-0.6598224639892578,-0.12379007041454315,0.1155330091714859,-0.6598224639892578,0.8257259577512741,0.040436553210020064,-0.16495561599731445,0.13393032519249828,0.19999999999998863,,none,0.14401249781714398,0.0,-0.009999999999999431,-8.217262464627062e-05
R01_horizontal_empty,298,60.599999999998694,65.02626093950612,44.680058126982686,23.07613575919026,0.023352938534598338,-0.2279603575838176,0.8143165024952624,0.03598504276522533,-0.15539370576096076,-0.15841719508171082,0.03176043927669525,-0.5750745534896851,-0.15841719508171082,0.03176043927669525,-0.5750745534896851,0.8049496829509735,0.011116153746843337,-0.14376863837242126,0.13185841978816046,0.19999999999998863,,none,0.1421664015794306,0.0,-0.009999999999999431,-0.000307981791270735
R01_horizontal_empty,299,60.79999999999868,65.18347401083359,44.684212073115276,23.115114325490158,0.028924854698855466,-0.25742214457475676,0.8063771250757363,0.02087310757924055,-0.140357448959716,-0.20266249775886536,-0.02834359183907509,-0.43887317180633545,-0.20266249775886536,-0.02834359183907509,-0.43887317180633545,0.7784025013446807,-0.009920257143676281,-0.10971829295158386,0.12870349185041197,0.19999999999998863,,none,0.13918591100516764,0.0,-0.009999999999999431,-0.0004824191547562398
R01_horizontal_empty,300,60.99999999999867,65.33788898367739,44.688925197307164,23.15797111370961,0.03157408212724444,-0.28294858718422683,0.7973033750759693,0.006688279232367455,-0.11669074032692699,-0.2244470715522766,-0.06347409635782242,-0.27386176586151123,-0.2244470715522766,-0.06347409635782242,-0.27386176586151123,0.765331757068634,-0.022215933725237846,-0.06846544146537781,0.1250135199123312,0.19999999999998863,,none,0.13559226959423043,0.0,-0.009999999999999431,-0.0005787496818997975
R01_horizontal_empty,301,61.19999999999866,65.4897739255594,44.693747032831666,23.203911495106905,0.03135001395875029,-0.30313338053557753,0.7905773811504694,-0.00783438560528489,-0.08736730469601249,-0.22186975181102753,-0.10693429410457611,-0.1104615107178688,-0.22186975181102753,-0.10693429410457611,-0.1104615107178688,0.7668781489133835,-0.03742700293660164,-0.0276153776794672,0.12164053644388181,0.19999999999998863,,none,0.1322124379388061,0.0,-0.009999999999999431,-0.0005719014949248602
R01_horizontal_empty,302,61.39999999999865,65.64010286135546,44.69827661481516,23.252233229553923,0.02840984005847349,-0.31755318462883597,0.7891938454956431,-0.02060484226477996,-0.05897097187547417,-0.1928018033504486,-0.13322003185749054,-0.004432753659784794,-0.1928018033504486,-0.13322003185749054,-0.004432753659784794,0.7843189179897307,-0.04662701115012169,-0.0011081884149461985,0.11944170536106018,0.19999999999998863,,none,0.12969726502026369,0.0,-0.009999999999999431,-0.0002555596592040812
R01_horizontal_empty,303,61.59999999999864,65.79006536780192,44.70217484568487,23.30238077230504,0.02318012359731536,-0.32674767445405645,0.7923931905344461,-0.030915227171595786,-0.03479599762080316,-0.1605563759803772,-0.14835584163665771,0.05785994604229927,-0.1605563759803772,-0.14835584163665771,0.05785994604229927,0.8036661744117737,-0.051924544572830196,0.014464986510574818,0.11813086934161253,0.19999999999998863,,none,0.12823385415681443,0.0,-0.009999999999999431,-0.00010298481520247414
R01_horizontal_empty,304,61.799999999998626,65.94017438441956,44.705151706753306,23.35373961120703,0.016198148065147112,-0.33176620328735945,0.7943193779759075,-0.038344576998181834,-0.01674946075931765,-0.1648227423429489,-0.1528092920780182,0.08009479194879532,-0.1648227423429489,-0.1528092920780182,0.08009479194879532,0.8011063545942305,-0.05348325222730636,0.02002369798719883,0.11721920678474484,0.19999999999998863,,none,0.12722985525424946,0.0,-0.009999999999999431,-1.0648469505179225e-05
R01_horizontal_empty,305,61.999999999998614,66.09054284539998,44.706957440176836,23.405760536482678,0.007439549571351294,-0.33389393360395814,0.7967979908022438,-0.04847767491053068,-0.0053844266426531905,-0.15744757652282715,-0.19750210642814636,0.07109573483467102,-0.15744757652282715,-0.19750210642814636,0.07109573483467102,0.8055314540863037,-0.06912573724985122,0.017773933708667755,0.1162809214059767,0.19999999999998863,,none,0.1263235778810632,0.0,-0.009999999999999431,-4.265647508705173e-05
R01_horizontal_empty,306,62.1999999999986,66.24121126326438,44.70729658747943,23.458062440124525,-0.0033014767844217014,-0.3339959880952241,0.798035074834541,-0.0581998285464502,0.00368064592287117,-0.16267670691013336,-0.22288718819618225,0.08860963582992554,-0.16267670691013336,-0.22288718819618225,0.08860963582992554,0.80239397585392,-0.07801051586866378,0.022152408957481384,0.11538149564636013,0.19999999999998863,,none,0.12540106530454054,0.0,-0.009999999999999431,-1.9569658180977888e-05
R01_horizontal_empty,307,62.39999999999859,66.39248890317695,44.70588240864728,23.510450294040407,-0.015619851381965135,-0.33244287577213766,0.8027337756706882,-0.06450843673366084,0.011277873208174862,-0.13451702892780304,-0.22103826701641083,0.10703451931476593,-0.13451702892780304,-0.22103826701641083,0.10703451931476593,0.8192897826433181,-0.07736339345574378,0.026758629828691483,0.11464560436343348,0.19999999999998863,,none,0.12466832160953345,0.0,-0.009999999999999431,-2.2717246100549817e-05
R01_horizontal_empty,308,62.59999999999858,66.5450800500275,44.70249908235533,23.56293379938416,-0.028788947981338613,-0.32982693865124746,0.8108943902076988,-0.06699510845886789,0.014628928488193528,-0.10058575123548508,-0.20589189231395721,0.08582929521799088,-0.10058575123548508,-0.20589189231395721,0.08582929521799088,0.8396485492587089,-0.07206216230988502,0.02145732380449772,0.11441780568898136,0.19999999999998863,,none,0.12445441380500988,0.0,-0.009999999999999431,-3.6608116029095416e-05
R01_horizontal_empty,309,62.79999999999857,66.69944168071194,44.69701547253006,23.61556206295585,-0.04221186989159326,-0.3269809648617987,0.8204544342420169,-0.06721735954754975,0.01388674767930114,-0.07643412798643112,-0.19334353506565094,0.04949766770005226,-0.07643412798643112,-0.19334353506565094,0.04949766770005226,0.8541395232081412,-0.06767023727297783,0.012374416925013065,0.1145032524501281,0.19999999999998863,,none,0.12454446743679348,0.0,-0.009999999999999431,-4.121498666595197e-05
R01_horizontal_empty,310,62.99999999999856,66.85563786110407,44.689372855306225,23.668381504735354,-0.05548456887808643,-0.32461651634949723,0.8297416838512209,-0.06562932100773752,0.010047129975534292,-0.06255737692117691,-0.17826685309410095,0.008892793208360672,-0.06255737692117691,-0.17826685309410095,0.008892793208360672,0.8624655738472937,-0.06239339858293533,0.002223198302090168,0.11456011825445077,0.19999999999998863,,none,0.12460149078228788,0.0,-0.009999999999999431,-4.137252783768641e-05
R01_horizontal_empty,311,63.199999999998546,67.01352136562323,44.67957757584955,23.721472867828556,-0.06831289285343943,-0.3232168861909271,0.8384459403099715,-0.06286245763154016,0.004376563045306328,-0.051473937928676605,-0.16349846124649048,-0.02871306613087654,-0.051473937928676605,-0.16349846124649048,-0.02871306613087654,0.869115637242794,-0.05722446143627166,-0.007178266532719135,0.11441011977702015,0.19999999999998863,,none,0.12444522275050574,0.0,-0.009999999999999431,-3.510297348615077e-05
R01_horizontal_empty,312,63.399999999998535,67.17288016338716,44.66768625065479,23.774962074528002,-0.0804964316320003,-0.3230161014599836,0.8463532062400153,-0.059245537907517784,-0.0018959551484798915,-0.0429755263030529,-0.1482154130935669,-0.058709487318992615,-0.0429755263030529,-0.1482154130935669,-0.058709487318992615,0.8742146842181682,-0.05187539458274841,-0.014677371829748154,0.11399688287888723,0.19999999999998863,,none,0.12402099447578863,0.0,-0.009999999999999431,-2.411159690195952e-05
R01_horizontal_empty,313,63.59999999999852,67.33348795697323,44.653793378526366,23.828996876315195,-0.09191100079233804,-0.32404407901811594,0.8535409438960477,-0.055204711366341364,-0.007929101346759964,-0.03522142767906189,-0.13420222699642181,-0.08089101314544678,-0.03522142767906189,-0.13420222699642181,-0.08089101314544678,0.8788671433925628,-0.046970779448747633,-0.020222753286361694,0.11330651951269163,0.19999999999998863,,none,0.12332148982305213,0.0,-0.009999999999999431,-1.4970310361069051e-05
R01_horizontal_empty,314,63.79999999999851,67.49510311325645,44.638011876651696,23.88371120993765,-0.1026536710753492,-0.3261148222017923,0.85971513721051,-0.052431043225589107,-0.012438459523579594,-0.030883193016052246,-0.13365480303764343,-0.08650844544172287,-0.030883193016052246,-0.13365480303764343,-0.08650844544172287,0.8814700841903687,-0.0467791810631752,-0.021627111360430717,0.11234048308739879,0.19999999999998863,,none,0.12234149659736993,0.0,-0.009999999999999431,-1.0135099717045736e-06
R01_horizontal_empty,315,63.9999999999985,67.65736689658533,44.62044120758222,23.939150792407155,-0.1130304616356577,-0.3288752284753075,0.8638105890426472,-0.05141355091732333,-0.014974464180309255,-0.036264948546886444,-0.1409720629453659,-0.08056817203760147,-0.036264948546886444,-0.1409720629453659,-0.08056817203760147,0.878241030871868,-0.04934022203087807,-0.020142043009400368,0.11099404538295371,0.19999999999998863,,none,0.12099640123161848,0.0,-0.009999999999999431,-2.3558486653307844e-06
R01_horizontal_empty,316,64.1999999999985,67.81992247598485,44.60114094540305,23.99529422466743,-0.12332365877925391,-0.3319454794762137,0.8666384770364,-0.05151107045707336,-0.015675229078797728,-0.03899563103914261,-0.14774224162101746,-0.0684126690030098,-0.03899563103914261,-0.14774224162101746,-0.0684126690030098,0.8766026213765143,-0.05170978456735611,-0.01710316725075245,0.10929082639760648,0.19999999999999574,,none,0.11929484736161022,0.0,-0.009999999999999787,-4.020964003954575e-06
R01_horizontal_empty,317,64.39999999999849,67.98262965194127,44.58011437568504,24.05212541490998,-0.13375107954024218,-0.3349360379319903,0.8694816221915497,-0.05267538276848613,-0.014331623241787527,-0.03416745737195015,-0.15727967023849487,-0.04637511074542999,-0.03416745737195015,-0.15727967023849487,-0.04637511074542999,0.8794995255768299,-0.0550478845834732,-0.011593777686357498,0.10739482266346044,0.19999999999998863,,none,0.11740682121905088,0.0,-0.009999999999999431,-1.1998555591005434e-05
R01_horizontal_empty,318,64.59999999999847,68.14546070249492,44.557319732966334,24.109600589600117,-0.1444870758823367,-0.3375456269076385,0.872150579223158,-0.05454376073935696,-0.011944206456944464,-0.03074212372303009,-0.16671693325042725,-0.028317611664533615,-0.03074212372303009,-0.16671693325042725,-0.028317611664533615,0.881554725766182,-0.058350926637649535,-0.007079402916133404,0.10541218963799287,0.19999999999998863,,none,0.11542072700032868,0.0,-0.009999999999999431,-8.537362336387688e-06
R01_horizontal_empty,319,64.79999999999846,68.30843691679519,44.532674831790864,24.16765211647278,-0.15581693810949954,-0.3395784369305596,0.8752416609812792,-0.0584597154680376,-0.008633427641912,-0.02311137318611145,-0.18982627987861633,-0.007548412308096886,-0.02311137318611145,-0.18982627987861633,-0.007548412308096886,0.8861331760883331,-0.06643919795751571,-0.0018871030770242214,0.10334789671853119,0.19999999999998863,,none,0.11336836931647554,0.0,-0.009999999999999431,-2.0472597944917806e-05
R01_horizontal_empty,320,64.99999999999845,68.47145470034849,44.50606158923943,24.226148269754937,-0.1680069336990035,-0.3410544501354595,0.876966664137442,-0.0630911672483383,-0.006302394691709466,-0.028258729726076126,-0.20722459256649017,-0.0062099345959723,-0.028258729726076126,-0.20722459256649017,-0.0062099345959723,0.8830447621643542,-0.07252860739827155,-0.001552483648993075,0.10113896866253153,0.19999999999998863,,none,0.11114558842425737,0.0,-0.009999999999999431,-6.619761726408065e-06
R01_horizontal_empty,321,65.19999999999844,68.6343258600994,44.477352192557795,24.284951655030216,-0.1811211769364476,-0.34210909677616874,0.8782357893475434,-0.0677036236330997,-0.004388334689664455,-0.028820686042308807,-0.22029244899749756,-0.0019523327937349677,-0.028820686042308807,-0.22029244899749756,-0.0019523327937349677,0.8827075883746147,-0.07710235714912414,-0.00048808319843374193,0.0986752470650941,0.19999999999998863,,none,0.10867903130188772,0.0,-0.009999999999999431,-3.784236794183789e-06
R01_horizontal_empty,322,65.39999999999843,68.7969923348893,44.446401135054295,24.343990068469864,-0.19506988747018109,-0.34281109871699345,0.8796591949491944,-0.07149753413101285,-0.0027548041476099785,-0.025542324408888817,-0.22636665403842926,0.002295266604050994,-0.025542324408888817,-0.22636665403842926,0.002295266604050994,0.8846746053546666,-0.07922832891345023,0.0005738166510127485,0.0960515954192447,0.19999999999998863,,none,0.10605290913369458,0.0,-0.009999999999999431,-1.313714450456639e-06
R01_horizontal_empty,323,65.59999999999842,68.95954558548033,44.41305679788522,24.403257315165114,-0.20967497408656754,-0.343221529176379,0.8822753109776119,-0.07433915840743333,-0.0014479948487560793,-0.014177882112562656,-0.228941410779953,0.004859483800828457,-0.014177882112562656,-0.228941410779953,0.004859483800828457,0.8914932707324623,-0.08012949377298355,0.0012148709502071142,0.09336337540649699,0.19999999999998863,,none,0.10336622250911276,0.0,-0.009999999999999431,-2.847102616335965e-06
R01_horizontal_empty,324,65.7999999999984,69.12217273613207,44.377166840376745,24.462792587992595,-0.22482908633151505,-0.34337571133292416,0.8861741921898082,-0.07700131678678193,-0.00018873714846724047,-0.00014664698392152786,-0.23550273478031158,0.009508933871984482,-0.00014664698392152786,-0.23550273478031158,0.009508933871984482,0.8999120118096471,-0.08242595717310905,0.0023772334679961205,0.09067016340557274,0.19999999999998863,,none,0.10067539428392891,0.0,-0.009999999999999431,-5.230878356741343e-06
R01_horizontal_empty,325,65.9999999999984,69.28500862955411,44.33858674766395,24.522619636248486,-0.24054017960392032,-0.3432647805412055,0.8907908250266662,-0.07989176262388742,0.0011938400274820093,0.011762771755456924,-0.24509023129940033,0.016044387593865395,0.011762771755456924,-0.24509023129940033,0.016044387593865395,0.9070576630532741,-0.0857815809547901,0.004011096898466349,0.08792867583158454,0.19999999999998863,,none,0.09793420516157525,0.0,-0.009999999999999431,-5.529329991284891e-06
R01_horizontal_empty,326,66.19999999999838,69.44808773455308,44.29717790830877,24.582725554675157,-0.2569094266865461,-0.3428877340688073,0.8956746697658693,-0.08352673948028815,0.002479708599542733,0.021471727639436722,-0.25981050729751587,0.020399615168571472,0.021471727639436722,-0.25981050729751587,0.020399615168571472,0.912883036583662,-0.09093367755413055,0.005099903792142868,0.08505879436101361,0.19999999999998863,,none,0.09506539272815395,0.0,-0.009999999999999431,-6.5983671409048514e-06
R01_horizontal_empty,327,66.39999999999837,69.61139377177868,44.25278560300547,24.643082269280217,-0.2740806134100107,-0.34221910947241574,0.9008333444902554,-0.08785863237170727,0.0040855080329440996,0.03168347105383873,-0.27624475955963135,0.029430486261844635,0.03168347105383873,-0.27624475955963135,0.029430486261844635,0.9190100826323031,-0.09668566584587096,0.007357621565461159,0.08200964346388359,0.19999999999998863,,none,0.09201876188355662,0.0,-0.009999999999999431,-9.118419673594946e-06
R01_horizontal_empty,328,66.59999999999836,69.77482248155845,44.20525029148963,24.70362140003793,-0.29220273107552386,-0.34116027190672266,0.9054457344411652,-0.09297678815491592,0.006333440625151719,0.03616270422935486,-0.29544565081596375,0.04365607723593712,0.03616270422935486,-0.29544565081596375,0.04365607723593712,0.9216976225376128,-0.1034059777855873,0.01091401930898428,0.07871828061398019,0.19999999999998863,,none,0.08873010271784842,0.0,-0.009999999999999431,-1.1822103868806556e-05
R01_horizontal_empty,329,66.79999999999835,69.9382148454242,44.15440176938454,24.764237398688138,-0.31140238365053974,-0.33960118519556753,0.909778347021019,-0.09859620160515735,0.009052491254197728,0.041740719228982925,-0.3144194185733795,0.058372240513563156,0.041740719228982925,-0.3144194185733795,0.058372240513563156,0.9250444315373898,-0.11004679650068282,0.014593060128390789,0.0751502245915455,0.19999999999998863,,none,0.08516237826306217,0.0,-0.009999999999999431,-1.2153671517243503e-05
R01_horizontal_empty,330,66.99999999999834,70.10147922869484,44.10003078721452,24.824836764879702,-0.33174049952543005,-0.3374713582691914,0.9144134639126723,-0.1043512019501414,0.012021968116577273,0.05124238505959511,-0.3316516578197479,0.0722913071513176,0.05124238505959511,-0.3316516578197479,0.0722913071513176,0.930745431035757,-0.11607808023691177,0.0180728267878294,0.07133460472388305,0.19999999999998863,,none,0.08134622416666382,0.0,-0.009999999999999431,-1.161944278133903e-05
R01_horizontal_empty,331,67.19999999999833,70.26459889242022,44.041891553362156,24.88534355596796,-0.3532153979018398,-0.3346698785661214,0.9197396075950878,-0.10997399137610148,0.015714520701222947,0.06417737901210785,-0.34694704413414,0.09295511990785599,0.06417737901210785,-0.34694704413414,0.09295511990785599,0.9385064274072648,-0.121431465446949,0.023238779976963997,0.06729631299795774,0.19999999999998863,,none,0.07731287811933107,0.0,-0.009999999999999431,-1.6565121373906254e-05
R01_horizontal_empty,332,67.39999999999831,70.42745134197553,43.97976943639253,24.945623375672547,-0.37582787440421683,-0.33110338009664125,0.924358197327153,-0.11571785763194464,0.01965357677749477,0.06771988421678543,-0.36406299471855164,0.11072053015232086,0.06771988421678543,-0.36406299471855164,0.11072053015232086,0.9406319305300712,-0.12742204815149308,0.027680132538080215,0.06299932225454957,0.19999999999998863,,none,0.07301174455272275,0.0,-0.009999999999999431,-1.2422298173746516e-05
R01_horizontal_empty,333,67.5999999999983,70.58962631575321,43.913571223862,25.005434098877224,-0.3994028843184237,-0.32685335825113865,0.9265293670910287,-0.1197298565794709,0.02262284733385925,0.0569659098982811,-0.36544299125671387,0.11469314247369766,0.0569659098982811,-0.36544299125671387,0.11469314247369766,0.9341795459389686,-0.12790504693984986,0.028673285618424416,0.05832267514922853,0.19999999999998863,,none,0.06832534182928285,0.0,-0.009999999999999431,-2.6666800548869054e-06
R01_horizontal_empty,334,67.79999999999829,70.75074072228666,43.84325767607961,25.064574450134753,-0.423722611932111,-0.3221299761633438,0.9281431161045283,-0.12320546263520785,0.024471630494609587,0.056382011622190475,-0.37225043773651123,0.1129554733633995,0.056382011622190475,-0.37225043773651123,0.1129554733633995,0.9338292069733143,-0.13028765320777894,0.028238868340849876,0.05330039204355898,0.19999999999998863,,none,0.06330138607873259,0.0,-0.009999999999999431,-9.9403517418023e-07
R01_horizontal_empty,335,67.99999999999828,70.91056656941221,43.76876102122785,25.12294724457036,-0.44874040019324873,-0.3172034967717031,0.9293013193507239,-0.12670840287280485,0.02477062794173013,0.05563713610172272,-0.3824179768562317,0.10151956230401993,0.05563713610172272,-0.3824179768562317,0.10151956230401993,0.9333822816610335,-0.13384629189968109,0.025379890576004982,0.048010462839409594,0.19999999999998863,,none,0.05801515711447003,0.0,-0.009999999999999431,-4.694275061001563e-06
R01_horizontal_empty,336,68.19999999999827,71.06865546505934,43.6901463549189,25.180427861770163,-0.47426545207445586,-0.3122722162117597,0.9276048057784603,-0.1284135953407068,0.02455818919613957,0.03604515269398689,-0.3768235445022583,0.09650122374296188,0.03604515269398689,-0.3768235445022583,0.09650122374296188,0.921627091616392,-0.1318882405757904,0.02412530593574047,0.04238533660188511,0.19999999999998863,,none,0.05239414314606705,0.0,-0.009999999999999431,-8.806544182511644e-06
R01_horizontal_empty,337,68.39999999999826,71.22461654878478,43.6075201590288,25.23693529338238,-0.5002148117269539,-0.3074381512242208,0.925743166244263,-0.13089311912443286,0.023836829650673075,0.03197271004319191,-0.38841602206230164,0.08946770429611206,0.03197271004319191,-0.38841602206230164,0.08946770429611206,0.9191836260259152,-0.13594560772180556,0.022366926074028015,0.03650347306738044,0.19999999999998863,,none,0.04650748188179854,0.0,-0.009999999999999431,-4.0088144186667395e-06
R01_horizontal_empty,338,68.59999999999825,71.37821906838502,43.5209153424184,25.292468751646187,-0.5266810828511309,-0.30277793311512013,0.9231579151722533,-0.1335679869493591,0.02284044880614037,0.02341451495885849,-0.3971957862377167,0.0832405537366867,0.02341451495885849,-0.3971957862377167,0.0832405537366867,0.9140487089753151,-0.13901852518320082,0.020810138434171677,0.03041499484812016,0.19999999999998863,,none,0.040418776935442935,0.0,-0.009999999999999431,-3.7820873233432305e-06
R01_horizontal_empty,339,68.79999999999824,71.52926811946124,43.43034254457493,25.347051093288993,-0.5537277772638464,-0.29827551460544677,0.9208671047425714,-0.1366654973768197,0.022229763712834364,0.02132561430335045,-0.4085064232349396,0.0839415192604065,0.02132561430335045,-0.4085064232349396,0.0839415192604065,0.9127953685820103,-0.14297724813222884,0.020985379815101624,0.02414158072464145,0.19999999999998863,,none,0.03414423643199882,0.0,-0.009999999999999431,-2.655707357939463e-06
R01_horizontal_empty,340,68.99999999999822,71.67766723909439,43.335742655793986,25.40073369956847,-0.5814381271344208,-0.2938608856438378,0.9191893083764415,-0.14017359547674307,0.021938479998209623,0.02212924137711525,-0.4209199845790863,0.08537974208593369,0.02212924137711525,-0.4209199845790863,0.08537974208593369,0.9132775448262691,-0.1473219946026802,0.02134493552148342,0.017709068890100016,0.19999999999998863,,none,0.027712205106231735,0.0,-0.009999999999999431,-3.1362161322889824e-06
R01_horizontal_empty,341,69.19999999999821,71.8232986365169,43.23705199926074,25.45355076703551,-0.6098722549836249,-0.2894498540512014,0.9177247223058834,-0.14388774689522466,0.022155480564634313,0.020940352231264114,-0.4327314794063568,0.0903906375169754,0.020940352231264114,-0.4327314794063568,0.0903906375169754,0.9125642113387584,-0.15145601779222487,0.02259765937924385,0.011114809717856472,0.19999999999998863,,none,0.021118130396665435,0.0,-0.009999999999999431,-3.3206788095319074e-06
R01_horizontal_empty,342,69.3999999999982,71.96615687205194,43.134112923169496,25.505562102887232,-0.6390545507927988,-0.2849286922295863,0.9183354763740603,-0.14765153402577055,0.022993012733000057,0.03414580971002579,-0.44377413392066956,0.09879855811595917,0.03414580971002579,-0.44377413392066956,0.09879855811595917,0.9204874858260155,-0.15532094687223433,0.024699639528989792,0.004370865396584616,0.19999999999998863,,none,0.01437820574567894,0.0,-0.009999999999999431,-7.340349094893395e-06
R01_horizontal_empty,343,69.59999999999819,72.10630543139533,43.02670071834393,25.55683061701383,-0.6688846487891675,-0.28014839000134373,0.9203126285861276,-0.1504393294041879,0.024682660553173898,0.04546530172228813,-0.4460570812225342,0.11250252276659012,0.04546530172228813,-0.4460570812225342,0.11250252276659012,0.9272791810333729,-0.15611997842788694,0.02812563069164753,-0.002511220122633718,0.19999999999998863,,none,0.007495202705264603,0.0,-0.009999999999999431,-6.4228278988900935e-06
R01_horizontal_empty,344,69.79999999999818,72.24373621819251,42.91465349465069,25.607363597627966,-0.6991587542790125,-0.27501656820386305,0.9233892700602889,-0.15217119457062384,0.02649868351314046,0.057049840688705444,-0.4448576867580414,0.12079666554927826,0.057049840688705444,-0.4448576867580414,0.12079666554927826,0.9342299044132232,-0.15570019036531446,0.030199166387319565,-0.009525693135893876,0.19999999999998863,,none,0.0004783955219984648,0.0,-0.009999999999999431,-4.088657892910297e-06
R01_horizontal_empty,345,69.99999999999817,72.37830542053477,42.797935781633754,25.657120589603025,-0.7298721286734623,-0.269733492118972,0.9260804539778518,-0.15476690993787512,0.026343754367488252,0.05927152931690216,-0.45730331540107727,0.10411223024129868,0.05927152931690216,-0.45730331540107727,0.10411223024129868,0.9355629175901412,-0.16005616039037704,0.02602805756032467,-0.016669607841363693,0.19999999999998863,,none,-0.006660843842279718,0.0,-0.009999999999999431,-8.763999084543395e-06
R01_horizontal_empty,346,70.19999999999816,72.50947242101785,42.67682236232282,25.705981731852123,-0.7614997539788004,-0.26456763221041407,0.9250028911144381,-0.161036781969716,0.025386958554450265,0.03534344583749771,-0.49660801887512207,0.09374924004077911,0.03534344583749771,-0.49660801887512207,0.09374924004077911,0.9212060675024987,-0.17381280660629272,0.02343731001019478,-0.0239765937203313,0.19999999999998863,,none,-0.013932097631130347,0.0,-0.009999999999999431,-4.449608920152004e-05
R01_horizontal_empty,347,70.39999999999814,72.63620630476822,42.551936430087395,25.753708547166212,-0.7951488443237785,-0.2595703393704848,0.917591622811827,-0.17444364435722853,0.024642109243247775,-0.014203655533492565,-0.5764645934104919,0.09249736368656158,-0.014203655533492565,-0.5764645934104919,0.09249736368656158,0.8914778066799045,-0.20176260769367216,0.023124340921640396,-0.03149718699353283,0.19999999999998863,,none,-0.021320515894629466,0.0,-0.009999999999999431,-0.00017667109890393036
R01_horizontal_empty,348,70.59999999999813,72.75712726929882,42.42410144976757,25.79995936674532,-0.8319943717789757,-0.25433862818532754,0.9026226902364133,-0.19264015649013858,0.027462434307549393,-0.0835346207022667,-0.6563397645950317,0.1328374743461609,-0.0835346207022667,-0.6563397645950317,0.1328374743461609,0.84987922757864,-0.2297189176082611,0.03320936858654022,-0.03903744199432522,0.19999999999998863,,none,-0.028781158989705347,0.0,-0.009999999999999431,-0.0002562830046204405
R01_horizontal_empty,349,70.79999999999812,72.87104647117285,42.2939683388906,25.84437663732107,-0.872181615709462,-0.24813399957247928,0.8840022039115115,-0.20806938004350325,0.03408472856214616,-0.13601268827915192,-0.6843122243881226,0.19031551480293274,-0.13601268827915192,-0.6843122243881226,0.19031551480293274,0.8183923870325087,-0.2395092785358429,0.047578878700733185,-0.046340473233026404,0.19999999999998863,,none,-0.036203670608662364,0.0,-0.009999999999999431,-0.00013680262436461033
R01_horizontal_empty,350,70.99999999999811,72.97772868748534,42.161386821655064,25.886845899313098,-0.9146571610170846,-0.24075710677713566,0.870672094340151,-0.2160821494632005,0.039291745764961736,-0.12716154754161835,-0.6640275716781616,0.19960802793502808,-0.12716154754161835,-0.6640275716781616,0.19960802793502808,0.8237030714750289,-0.23240965008735656,0.04990200698375702,-0.053605338210046406,0.19999999999998863,,none,-0.04359381499748238,0.0,-0.009999999999999431,-1.1523212564590324e-05
R01_horizontal_empty,351,71.1999999999981,73.07764358450194,42.02562198913711,25.927531879691973,-0.9582083858945202,-0.23284793461667563,0.8638569275587574,-0.21919544944892988,0.03976435519942043,-0.10026084631681442,-0.6443982124328613,0.16290953755378723,-0.10026084631681442,-0.6443982124328613,0.16290953755378723,0.8398434922099114,-0.22553937435150145,0.04072738438844681,-0.06111798613921625,0.19999999999998863,,none,-0.051068871365876234,0.0,-0.009999999999999431,-4.911477334058501e-05
R01_horizontal_empty,352,71.39999999999809,73.1709173610635,41.88653677687858,25.966535455667067,-1.0019114987074957,-0.22468598233374684,0.8561096681657681,-0.2179309817880665,0.04170862754682425,-0.11864670366048813,-0.6152982711791992,0.18268176913261414,-0.11864670366048813,-0.6152982711791992,0.18268176913261414,0.8288119778037071,-0.2153543949127197,0.045670442283153534,-0.06847331651462783,0.19999999999998863,,none,-0.05844180076517169,0.0,-0.009999999999999431,-3.151574945670532e-05
R01_horizontal_empty,353,71.59999999999808,73.25774705683331,41.74406002891703,26.003925070571345,-1.0447851761995626,-0.21608806218817048,0.8539947556800389,-0.21130518070179052,0.04409101316633517,-0.0890953317284584,-0.565153956413269,0.19578225910663605,-0.0890953317284584,-0.565153956413269,0.19578225910663605,0.846542800962925,-0.19780388474464417,0.04894556477665901,-0.07569852561381503,0.19999999999998863,,none,-0.06562733843933621,0.0,-0.009999999999999431,-7.118717447938571e-05
R01_horizontal_empty,354,71.79999999999806,73.33874621178616,41.59760310359502,26.03988522166488,-1.0860374355131035,-0.20713269272601328,0.8577717432231385,-0.20192444017949068,0.04536654447898972,-0.048199888318777084,-0.5223127007484436,0.19186270236968994,-0.048199888318777084,-0.5223127007484436,0.19186270236968994,0.8710800670087337,-0.18280944526195525,0.047965675592422485,-0.08289539099703473,0.19999999999998863,,none,-0.07282492752896275,0.0,-0.009999999999999431,-7.046346807255049e-05
R01_horizontal_empty,355,71.99999999999805,73.41444397689082,41.44668432441935,26.07456546022739,-1.125260045231053,-0.19801313983823784,0.8656045281399909,-0.19111627029936967,0.04579657308187206,-0.011327383108437061,-0.483121782541275,0.18669134378433228,-0.011327383108437061,-0.483121782541275,0.18669134378433228,0.8932035701349377,-0.16909262388944624,0.04667283594608307,-0.09009296118188945,0.19999999999998863,,none,-0.0800345161286895,0.0,-0.009999999999999431,-5.844505320051765e-05
R01_horizontal_empty,356,72.19999999999804,73.48499115095628,41.291530485104076,26.107943862294874,-1.1624136261338534,-0.18870179415667415,0.8710081657956156,-0.18116924726768735,0.04721032876693195,-0.016586603596806526,-0.4597152769565582,0.20036447048187256,-0.016586603596806526,-0.4597152769565582,0.20036447048187256,0.890048037841916,-0.16090034693479538,0.05009111762046814,-0.09692750341773018,0.19999999999998863,,none,-0.08691225385178036,0.0,-0.009999999999999431,-1.5249565950393052e-05
R01_horizontal_empty,357,72.39999999999803,73.55033036355923,41.132850024406196,26.1398738542316,-1.1975453522086017,-0.17918353366587936,0.8744330671673242,-0.1709204656094089,0.04791887305719681,-0.022498657926917076,-0.42867621779441833,0.197450652718544,-0.022498657926917076,-0.42867621779441833,0.197450652718544,0.8865008052438497,-0.1500366762280464,0.049362663179636,-0.1031851225611165,0.19999999999998863,,none,-0.09316498524283645,0.0,-0.009999999999999431,-2.0137318280617767e-05
R01_horizontal_empty,358,72.59999999999802,73.61049228557168,40.97131264647379,26.17024253968997,-1.230595191340434,-0.16956567528516708,0.875892277628281,-0.16037289742169528,0.04823582224464003,-0.03161025419831276,-0.39680078625679016,0.19552665948867798,-0.03161025419831276,-0.39680078625679016,0.19552665948867798,0.8810338474810122,-0.13888027518987656,0.048881664872169495,-0.10879490782619462,0.19999999999998863,,none,-0.09877285250474976,0.0,-0.009999999999999431,-2.2055321445430056e-05
R01_horizontal_empty,359,72.79999999999801,73.66564338246728,40.80741310040722,26.19899994981152,-1.2613296757583317,-0.16004278771030284,0.8771627087467546,-0.1479111875971688,0.047080156216711,-0.030601484701037407,-0.3500518500804901,0.1789010912179947,-0.030601484701037407,-0.3500518500804901,0.1789010912179947,0.8816391091793776,-0.12251814752817153,0.04472527280449867,-0.11386094938318372,0.19999999999998863,,none,-0.10381169157978754,0.0,-0.009999999999999431,-4.925780339675119e-05
R01_horizontal_empty,360,72.999999999998,73.71603454922594,40.64167360049549,26.226147021030084,-1.2894240612863226,-0.15095373402963794,0.8763808470281208,-0.1340754678460039,0.04403955140646002,-0.04395677521824837,-0.30252179503440857,0.15137502551078796,-0.04395677521824837,-0.30252179503440857,0.15137502551078796,0.8736259348690509,-0.10588262826204299,0.03784375637769699,-0.11830611311665017,0.19999999999998863,,none,-0.10824221003243473,0.0,-0.009999999999999431,-6.390308421600217e-05
R01_horizontal_empty,361,73.19999999999798,73.76196671981188,40.47470157185057,26.251736139920038,-1.3147550105262813,-0.14260269733726247,0.8743132640484876,-0.12027422610436798,0.039791027376977525,-0.054953206330537796,-0.2632904052734375,0.12453549355268478,-0.054953206330537796,-0.2632904052734375,0.12453549355268478,0.8670280762016773,-0.09215164184570312,0.031133873388171196,-0.12204978113603829,0.19999999999998863,,none,-0.11200217345772856,0.0,-0.009999999999999431,-4.7607678310291894e-05
R01_horizontal_empty,362,73.39999999999797,73.8037701478754,40.30709077212669,26.27588146072262,-1.3375764437978155,-0.1354001294741117,0.8701651060468649,-0.10880457578501647,0.03276425973033831,-0.07408507913351059,-0.24409440159797668,0.07378368079662323,-0.07408507913351059,-0.24409440159797668,0.07378368079662323,0.8555489525198936,-0.08543304055929184,0.018445920199155807,-0.12518237484514128,0.19999999999998863,,none,-0.11511616961290017,0.0,-0.009999999999999431,-6.620523224167535e-05
R01_horizontal_empty,363,73.59999999999796,73.84168089716097,40.139666061634586,26.298733617294765,-1.358333161177543,-0.12950527867805092,0.8620248353649326,-0.09946641641094087,0.026645425626005026,-0.11109606921672821,-0.22982339560985565,0.056708674877882004,-0.11109606921672821,-0.22982339560985565,0.056708674877882004,0.8333423584699631,-0.08043818846344947,0.014177168719470501,-0.12751002251900814,0.19999999999998863,,none,-0.11747272190248914,0.0,-0.009999999999999431,-3.730061651956135e-05
R01_horizontal_empty,364,73.79999999999795,73.87600363267258,39.97281594206924,26.32049638684501,-1.3771389122502453,-0.12486705002234322,0.8555864928842324,-0.0893533198412883,0.020221065840782253,-0.11183198541402817,-0.1964171826839447,0.02852097526192665,-0.11183198541402817,-0.1964171826839447,0.02852097526192665,0.832900808751583,-0.06874601393938064,0.007130243815481663,-0.1294231121147695,0.19999999999998863,,none,-0.11938489085388326,0.0,-0.009999999999999431,-3.8221260886801554e-05
R01_horizontal_empty,365,73.99999999999794,73.9071449772244,39.806432063801786,26.341436727358897,-1.3941006129179188,-0.12154397816767794,0.8503152096339796,-0.08090075764874059,0.013515083544266343,-0.11376384645700455,-0.18193456530570984,-0.0005983858718536794,-0.11376384645700455,-0.18193456530570984,-0.0005983858718536794,0.8317416921257972,-0.06367709785699845,-0.00014959646796341985,-0.13123707973627938,0.19999999999998863,,none,-0.12121585142655888,0.0,-0.009999999999999431,-2.1228309721064734e-05
R01_horizontal_empty,366,74.19999999999793,73.93534254064745,39.64099975643994,26.36174229989581,-1.409646499164681,-0.11950809291386036,0.840580888798646,-0.07500264630853183,0.007311345603834239,-0.15619711577892303,-0.17995472252368927,-0.02131967432796955,-0.15619711577892303,-0.17995472252368927,-0.02131967432796955,0.8062817305326462,-0.06298415288329125,-0.005329918581992388,-0.13261139876370245,0.19999999999998863,,none,-0.12256672128534163,0.0,-0.009999999999999431,-4.467747836139098e-05
R01_horizontal_empty,367,74.39999999999792,73.96073025978184,39.477325971651375,26.381531152358757,-1.4239719196656853,-0.11845446363703628,0.8281092346150156,-0.06872472641572322,0.003511353136526031,-0.1930583268404007,-0.15980657935142517,-0.016927339136600494,-0.1930583268404007,-0.15980657935142517,-0.016927339136600494,0.7841650038957595,-0.05593230277299881,-0.004231834784150124,-0.13323812442774155,0.19999999999998863,,none,-0.12320244464448926,0.0,-0.009999999999999431,-3.567978325284389e-05
R01_horizontal_empty,368,74.5999999999979,73.98355021969937,39.31558925366266,26.400938806445897,-1.4370928921680672,-0.11824394865162309,0.8172870122296181,-0.06292232632711224,-0.0010615434193166073,-0.2014089971780777,-0.14599674940109253,-0.041518665850162506,-0.2014089971780777,-0.14599674940109253,-0.041518665850162506,0.7791546016931534,-0.05109886229038238,-0.010379666462540627,-0.13357787007139607,0.19999999999998863,,none,-0.12356056650243907,0.0,-0.009999999999999431,-1.7303568957576233e-05
R01_horizontal_empty,369,74.7999999999979,74.00399039510182,39.15614370183048,26.420074875151283,-1.4494594492737936,-0.11887089100559647,0.8022823492780186,-0.06089597138966576,-0.004917273217733685,-0.25097835063934326,-0.16219113767147064,-0.05109614506363869,-0.25097835063934326,-0.16219113767147064,-0.05109614506363869,0.749412989616394,-0.05676689818501472,-0.012774036265909672,-0.1335783813456427,0.19999999999998863,,none,-0.1235221592032012,0.0,-0.009999999999999431,-5.622214244208418e-05
R01_horizontal_empty,370,74.99999999999788,74.02213804646657,38.99943609438052,26.4390122318056,-1.4615554049535033,-0.12019264159647407,0.7873063555553524,-0.06012192536618775,-0.008063129087231813,-0.275769978761673,-0.1672704666852951,-0.05789357051253319,-0.275769978761673,-0.1672704666852951,-0.05789357051253319,0.7345380127429961,-0.05854466333985328,-0.014473392628133297,-0.13305635827794068,0.19999999999998863,,none,-0.12304262568992286,0.0,-0.009999999999999431,-1.373258801839694e-05
R01_horizontal_empty,371,75.19999999999787,74.03808653134047,38.84548824009177,26.45784078979114,-1.4736363584760959,-0.12199576989733522,0.7725264106776034,-0.060647962375605984,-0.009834635250201812,-0.299251914024353,-0.1763424575328827,-0.053777627646923065,-0.299251914024353,-0.1763424575328827,-0.053777627646923065,0.7204488515853882,-0.06171986013650894,-0.013444406911730766,-0.1324729105828771,0.19999999999998863,,none,-0.12245989771713184,0.0,-0.009999999999999431,-1.3012865745847534e-05
R01_horizontal_empty,372,75.39999999999786,74.05189777272275,38.69425706883821,26.476617701496096,-1.4858904593287448,-0.12409966228861102,0.7583207753845529,-0.06180578118288901,-0.011108292904226085,-0.3195553123950958,-0.18332871794700623,-0.054814424365758896,-0.3195553123950958,-0.18332871794700623,-0.054814424365758896,0.7082668125629425,-0.06416505128145218,-0.013703606091439724,-0.13183871981639433,0.19999999999998863,,none,-0.12182947760104668,0.0,-0.009999999999999431,-9.242215348224391e-06
R01_horizontal_empty,373,75.59999999999785,74.06361060752108,38.54568932338723,26.49537842485546,-1.4984614402579497,-0.1263826470127155,0.7443936457477817,-0.0637569669599396,-0.011678572297898893,-0.34113165736198425,-0.19352248311042786,-0.05136248841881752,-0.34113165736198425,-0.19352248311042786,-0.05136248841881752,0.6953210055828094,-0.06773286908864974,-0.01284062210470438,-0.13117718954731378,0.19999999999998863,,none,-0.12116556219987196,0.0,-0.009999999999999431,-1.1627347442378921e-05
R01_horizontal_empty,374,75.79999999999784,74.07324164434077,38.39974238569504,26.51413712528489,-1.5114704001638413,-0.12874214492633826,0.7308761966206324,-0.06615210983984479,-0.011899737579624096,-0.36125487089157104,-0.20295044779777527,-0.04940161108970642,-0.36125487089157104,-0.20295044779777527,-0.04940161108970642,0.6832470774650574,-0.07103265672922134,-0.012350402772426605,-0.13047506007666018,0.19999999999998863,,none,-0.1204651065710447,0.0,-0.009999999999999431,-9.953505616060731e-06
R01_horizontal_empty,375,75.99999999999783,74.08079459273381,38.25635282145862,26.532895249869856,-1.5250222414767862,-0.13103814746302345,0.7178324306345336,-0.06914102809600807,-0.011119122831680792,-0.3802127540111542,-0.2149471491575241,-0.038113903254270554,-0.3802127540111542,-0.2149471491575241,-0.038113903254270554,0.6718723475933075,-0.07523150220513343,-0.009528475813567638,-0.12976213557559596,0.19999999999998863,,none,-0.11974952088511515,0.0,-0.009999999999999431,-1.26146904813787e-05
R01_horizontal_empty,376,76.19999999999781,74.08626274576064,38.11540015266475,26.551637105677305,-1.5391714373551215,-0.13308840219911752,0.7057314184925081,-0.07212595622983625,-0.00950507550553642,-0.39484474062919617,-0.22345228493213654,-0.024864621460437775,-0.39484474062919617,-0.22345228493213654,-0.024864621460437775,0.6630931556224823,-0.07820829972624778,-0.006216155365109444,-0.12907550020744474,0.19999999999998863,,none,-0.11906626069074555,0.0,-0.009999999999999431,-9.239516699750817e-06
R01_horizontal_empty,377,76.3999999999978,74.0896456204414,37.97669192577573,26.570339249399503,-1.5537402916366918,-0.13482098854245286,0.6948352597336701,-0.07346189657244967,-0.00793883564836499,-0.40592944622039795,-0.21766892075538635,-0.018989328294992447,-0.40592944622039795,-0.21766892075538635,-0.018989328294992447,0.6564423322677613,-0.07618412226438522,-0.004747332073748112,-0.12847670032105216,0.19999999999998863,,none,-0.11847288357967223,0.0,-0.009999999999999431,-3.816741380489319e-06
R01_horizontal_empty,378,76.59999999999779,74.09096806220525,37.840086968244066,26.588974718319744,-1.5685775996873614,-0.13628924547519544,0.6844316035066816,-0.07480960682132244,-0.0068274955408502026,-0.42037662863731384,-0.22158804535865784,-0.01825173757970333,-0.42037662863731384,-0.22158804535865784,-0.01825173757970333,0.6477740228176116,-0.07755581587553023,-0.004562934394925833,-0.12792693218698833,0.19999999999998863,,none,-0.11792243969383875,0.0,-0.009999999999999431,-4.492493150137847e-06
R01_horizontal_empty,379,76.79999999999778,74.09024879381619,37.705528000533796,26.607517398738196,-1.5838503019689119,-0.13755374538347853,0.6743785627805734,-0.07769959702216811,-0.005888291485094354,-0.4350726902484894,-0.2388242483139038,-0.015897957608103752,-0.4350726902484894,-0.2388242483139038,-0.015897957608103752,0.6389563858509064,-0.08358848690986632,-0.003974489402025938,-0.12736533967535585,0.19999999999998863,,none,-0.11735496765136944,0.0,-0.009999999999999431,-1.0372023986972012e-05
R01_horizontal_empty,380,76.99999999999777,74.087472475641,37.57295840962663,26.625947965819197,-1.599800679557262,-0.13863137994525285,0.6648185440948085,-0.08151649845786409,-0.0049581583957363385,-0.44811075925827026,-0.25512611865997314,-0.012251360341906548,-0.44811075925827026,-0.25512611865997314,-0.012251360341906548,0.6311335444450379,-0.08929414153099059,-0.003062840085476637,-0.12679904897558184,0.19999999999998863,,none,-0.11679006817774429,0.0,-0.009999999999999431,-8.980797838114008e-06
R01_horizontal_empty,381,77.19999999999776,74.08259848113043,37.44227214925646,26.644255814483824,-1.6165333348790574,-0.13950301371304977,0.6561284367251387,-0.08550912958482647,-0.003842282971488675,-0.4574856758117676,-0.26755672693252563,-0.006273921113461256,-0.4574856758117676,-0.26755672693252563,-0.006273921113461256,0.6255085945129395,-0.09364485442638397,-0.001568480278365314,-0.1262904643994079,0.19999999999998863,,none,-0.11628490162216565,0.0,-0.009999999999999431,-5.5627772428089e-06
R01_horizontal_empty,382,77.39999999999775,74.07557483847101,37.31343211258338,26.662420648956125,-1.6342243928387092,-0.1401826279885594,0.6473376551112809,-0.09098847125181113,-0.003016127257166534,-0.4727281928062439,-0.29186755418777466,-0.005330728366971016,-0.4727281928062439,-0.29186755418777466,-0.005330728366971016,0.6163630843162536,-0.10215364396572113,-0.001332682091742754,-0.1258030060150792,0.19999999999998863,,none,-0.1157865212099054,0.0,-0.009999999999999431,-1.6484805174369798e-05
R01_horizontal_empty,383,77.59999999999773,74.06630823803988,37.18641008003155,26.68042899346231,-1.6533936377295961,-0.14072651954470583,0.6393223172016214,-0.10002304086201246,-0.0024643740238774322,-0.4815332591533661,-0.33837899565696716,-0.005360298790037632,-0.4815332591533661,-0.33837899565696716,-0.005360298790037632,0.6110800445079803,-0.1184326484799385,-0.001340074697509408,-0.12535358671540217,0.19999999999998863,,none,-0.11530876983029614,0.0,-0.009999999999999431,-4.4816885106585286e-05
R01_horizontal_empty,384,77.79999999999772,74.05461560860144,37.06107630725357,26.698290012820937,-1.6747569794103254,-0.14114398655990362,0.6324136191904565,-0.11265807186365161,-0.0017631476588544574,-0.4865489602088928,-0.39544081687927246,-0.001337076653726399,-0.4865489602088928,-0.39544081687927246,-0.001337076653726399,0.6080706238746643,-0.13840428590774534,-0.00033426916343159974,-0.1250466168705964,0.19999999999998863,,none,-0.11498066897030412,0.0,-0.009999999999999431,-6.594790029285696e-05
R01_horizontal_empty,385,77.99999999999771,74.04021174361885,36.93721193348182,26.716024496798912,-1.6990008898604665,-0.14133499554066734,0.6273895033444389,-0.12858092493931392,-0.00026021815872608837,-0.4838551878929138,-0.460076242685318,0.011209115386009216,-0.4838551878929138,-0.460076242685318,0.011209115386009216,0.6096868872642517,-0.16102668493986128,0.002802278846502304,-0.12500778019501202,0.19999999999998863,,none,-0.11492093216275023,0.0,-0.009999999999999431,-8.684803226234154e-05
R01_horizontal_empty,386,78.1999999999977,74.02271960432589,36.814561967231356,26.73364863594153,-1.7265996106244157,-0.14120793151958883,0.6241812888125683,-0.14608685803566782,0.0014053260647657081,-0.47853824496269226,-0.5193098187446594,0.01919672265648842,-0.47853824496269226,-0.5193098187446594,0.01919672265648842,0.6128770530223846,-0.1817584365606308,0.004799180664122105,-0.12526577110180553,0.19999999999998863,,none,-0.11519375733610993,0.0,-0.009999999999999431,-7.201376569616864e-05
R01_horizontal_empty,387,78.39999999999769,74.0017410240044,36.693031972535564,26.751149674958047,-1.7574605129712493,-0.1405979674391047,0.6216144853507437,-0.1613702537280479,0.004463797326562219,-0.47904953360557556,-0.550037145614624,0.04278399422764778,-0.47904953360557556,-0.550037145614624,0.04278399422764778,0.6125702798366546,-0.1925130009651184,0.010695998556911945,-0.12569395423368884,0.19999999999998863,,none,-0.11566393844543299,0.0,-0.009999999999999431,-3.0015788256432254e-05
R01_horizontal_empty,388,78.59999999999768,73.97694871764922,36.572729682151966,26.768467049172724,-1.7911122767288414,-0.13941223280629297,0.6190130698563295,-0.17418177748239522,0.00718820965714637,-0.48358848690986633,-0.5722503662109375,0.05095881596207619,-0.48358848690986633,-0.5722503662109375,0.05095881596207619,0.6098469078540802,-0.20028762817382811,0.012739703990519047,-0.1261306847284958,0.19999999999998863,,none,-0.1161190675889614,0.0,-0.009999999999999431,-1.1617139534974008e-05
R01_horizontal_empty,389,78.79999999999767,73.94809119415045,36.45382955473514,26.78554080749426,-1.8271079693742152,-0.13782086135552526,0.6165397137338439,-0.18496259706759366,0.008617759477478525,-0.48695871233940125,-0.591230034828186,0.04612292721867561,-0.48695871233940125,-0.591230034828186,0.04612292721867561,0.6078247725963593,-0.2069305121898651,0.011530731804668903,-0.12648551961798074,0.19999999999998863,,none,-0.11647762017677721,0.0,-0.009999999999999431,-7.899441204100022e-06
R01_horizontal_empty,390,78.99999999999766,73.91495632117181,36.33644059583005,26.8023530912383,-1.8650479687161312,-0.13610622710466747,0.6148954074443931,-0.1937733301476012,0.0085348331966654,-0.4848305881023407,-0.6049337983131409,0.03346342220902443,-0.4848305881023407,-0.6049337983131409,0.03346342220902443,0.6091016471385955,-0.2117268294095993,0.008365855552256107,-0.12680634018296882,0.19999999999998863,,none,-0.1167992884806992,0.0,-0.009999999999999431,-7.051702270186588e-06
R01_horizontal_empty,391,79.19999999999764,73.87737481750096,36.22064829015152,26.818921757270676,-1.904446589091833,-0.13442516616045783,0.6138346996250252,-0.19976154128523613,0.008293932932560895,-0.4831712245941162,-0.6056103706359863,0.03121221624314785,-0.4831712245941162,-0.6056103706359863,0.03121221624314785,0.6100972652435303,-0.2119636297225952,0.0078030540607869625,-0.12710585656440057,0.19999999999998863,,none,-0.11710569098108792,0.0,-0.009999999999999431,-1.655833132253176e-07
R01_horizontal_empty,392,79.39999999999763,73.83525048151714,36.106572168551395,26.835272125034045,-1.9447353530977713,-0.1329163909495347,0.6132632754979706,-0.20289028492176647,0.0068989585909772794,-0.48125025629997253,-0.5979019403457642,0.01622576080262661,-0.48125025629997253,-0.5979019403457642,0.01622576080262661,0.6112498462200164,-0.20926567912101746,0.0040564402006566525,-0.12735378622903107,0.19999999999998863,,none,-0.1173480321517637,0.0,-0.009999999999999431,-5.754077267940972e-06
R01_horizontal_empty,393,79.59999999999762,73.78858686129986,35.99440072563303,26.8514414919136,-1.985315836792415,-0.13178007323012833,0.6124688140867179,-0.20291285120099742,0.004634863752702872,-0.48388415575027466,-0.5798823833465576,8.540600538253784e-05,-0.48388415575027466,-0.5798823833465576,8.540600538253784e-05,0.6096695065498352,-0.20295883417129515,2.135150134563446e-05,-0.12745232119105587,0.19999999999998863,,none,-0.11744047813278158,0.0,-0.009999999999999431,-1.1843058274857502e-05
R01_horizontal_empty,394,79.79999999999761,73.73745494800659,35.88428282627931,26.867487915821147,-2.0255999025304194,-0.13110136806833786,0.6122761792190573,-0.200137020902967,0.0023261927283000513,-0.4806709587574005,-0.555659294128418,-0.009512607008218765,-0.4806709587574005,-0.555659294128418,-0.009512607008218765,0.6115974247455597,-0.19448075294494627,-0.0023781517520546913,-0.12741688799549875,0.19999999999998863,,none,-0.11740310390469944,0.0,-0.009999999999999431,-1.3784090799884574e-05
R01_horizontal_empty,395,79.9999999999976,73.68198289735727,35.776324843609075,26.883473727497325,-2.0651164322290394,-0.130866426050293,0.6120473387519126,-0.195386335887747,0.00018463682483969726,-0.48126497864723206,-0.5305883884429932,-0.016716718673706055,-0.48126497864723206,-0.5305883884429932,-0.016716718673706055,0.6112410128116608,-0.18570593595504759,-0.004179179668426514,-0.12726890987341072,0.19999999999998863,,none,-0.11725529382548316,0.0,-0.009999999999999431,-1.3616047928115827e-05
R01_horizontal_empty,396,80.19999999999759,73.62236706492364,35.67065259671567,26.89945608014557,-2.1035488597297216,-0.13119323744371447,0.6118025902760238,-0.18938989195053008,-0.003197814892573643,-0.48176631331443787,-0.5062029361724854,-0.040360745042562485,-0.48176631331443787,-0.5062029361724854,-0.040360745042562485,0.6109402120113372,-0.17717102766036985,-0.010090186260640621,-0.1269794642079217,0.19999999999998863,,none,-0.11695638537588593,0.0,-0.009999999999999431,-2.3078832036338704e-05
R01_horizontal_empty,397,80.39999999999758,73.55884792932937,35.56738255087854,26.915513141325864,-2.140638414246241,-0.13230379495033837,0.6112832576233667,-0.18205824080323302,-0.007577651282705276,-0.48424437642097473,-0.4774818420410156,-0.0660095140337944,-0.48424437642097473,-0.4774818420410156,-0.0660095140337944,0.6094533741474151,-0.16711864471435545,-0.0165023785084486,-0.12653839130779904,0.19999999999998863,,none,-0.11650861327988693,0.0,-0.009999999999999431,-2.977802791268608e-05
R01_horizontal_empty,398,80.59999999999756,73.49168173091967,35.46657429753848,26.93175075487902,-2.176086046818248,-0.13438507263769178,0.6109714212949983,-0.1730937405727779,-0.012838606638265077,-0.48354557156562805,-0.44236260652542114,-0.09423510730266571,-0.48354557156562805,-0.44236260652542114,-0.09423510730266571,0.6098726570606232,-0.1548269122838974,-0.023558776825666428,-0.1260069974724642,0.19999999999998863,,none,-0.11596638680952864,0.0,-0.009999999999999431,-4.061066293610805e-05
R01_horizontal_empty,399,80.79999999999755,73.42115764223321,35.36825248622984,26.94829014766145,-2.2095742614504488,-0.1374871773669642,0.610354834948151,-0.16258076984643222,-0.01780790400588251,-0.48636287450790405,-0.4033104181289673,-0.11173506826162338,-0.48636287450790405,-0.4033104181289673,-0.11173506826162338,0.6081822752952575,-0.14115864634513853,-0.027933767065405846,-0.12539041859179262,0.19999999999998863,,none,-0.11535363340683347,0.0,-0.009999999999999431,-3.6785184959714504e-05
R01_horizontal_empty,400,80.99999999999754,73.34759865039211,35.272413530558275,26.965247862640283,-2.240835340360006,-0.14159749670714938,0.60970552195592,-0.15090967158332486,-0.022910691572155178,-0.4876372516155243,-0.3632218539714813,-0.13323426246643066,-0.4876372516155243,-0.3632218539714813,-0.13323426246643066,0.6074176490306854,-0.12712764889001846,-0.033308565616607666,-0.12472092154618415,0.19999999999998863,,none,-0.11467950289889117,0.0,-0.009999999999999431,-4.141864729354627e-05
R01_horizontal_empty,401,81.19999999999753,73.2713616026264,35.17904072731271,26.982733543128337,-2.269741833000923,-0.146674470943368,0.6084384112833472,-0.1390491816380232,-0.027512232031850676,-0.493377149105072,-0.3282321095466614,-0.1475548893213272,-0.493377149105072,-0.3282321095466614,-0.1475548893213272,0.6039737105369567,-0.11488123834133147,-0.0368887223303318,-0.12396805597287969,0.19999999999998863,,none,-0.11393880979304782,0.0,-0.009999999999999431,-2.924617983243838e-05
R01_horizontal_empty,402,81.39999999999752,73.1928181626283,35.08810868494861,27.000830268583705,-2.296274558913347,-0.15235222325258582,0.6067944752702485,-0.12717317387826993,-0.029142423311947937,-0.4983299672603607,-0.2942103147506714,-0.12985695898532867,-0.4983299672603607,-0.2942103147506714,-0.12985695898532867,0.6010020196437835,-0.10297361016273499,-0.03246423974633217,-0.12315131642394059,0.19999999999998863,,none,-0.1131214118306012,0.0,-0.009999999999999431,-2.990459333995332e-05
R01_horizontal_empty,403,81.59999999999751,73.11221466440223,34.99944213890136,27.019589624150452,-2.3205027042663304,-0.15825085335884465,0.6061375438861946,-0.11595387946537095,-0.029794714473150477,-0.4936286211013794,-0.26597854495048523,-0.12449551373720169,-0.4936286211013794,-0.26597854495048523,-0.12449551373720169,0.6038228273391724,-0.09309249073266983,-0.031123878434300423,-0.12240362942446538,0.19999999999998863,,none,-0.11238667181292783,0.0,-0.009999999999999431,-1.6957611538118702e-05
R01_horizontal_empty,404,81.7999999999975,73.02975589367122,34.9128461078129,27.039037312784316,-2.342560943208541,-0.16419393461438844,0.6053891891581132,-0.10542227823748296,-0.02964721512882429,-0.49541276693344116,-0.23989197611808777,-0.11738663166761398,-0.49541276693344116,-0.23989197611808777,-0.11738663166761398,0.6027523398399353,-0.08396219164133072,-0.029346657916903496,-0.12177054287077252,0.19999999999998863,,none,-0.11175585830169155,0.0,-0.009999999999999431,-1.4684569081535593e-05
R01_horizontal_empty,405,81.99999999999748,72.94563688853324,34.828147113330196,27.059178465986747,-2.3625913959777436,-0.17008970615701238,0.6052407063360037,-0.09562097506695644,-0.029334099841132312,-0.49213746190071106,-0.216140016913414,-0.11478427797555923,-0.49213746190071106,-0.216140016913414,-0.11478427797555923,0.6047175228595734,-0.0756490059196949,-0.02869606949388981,-0.12121735123745256,0.19999999999998863,,none,-0.111205718128776,0.0,-0.009999999999999431,-1.1633108677129301e-05
R01_horizontal_empty,406,82.19999999999747,72.85990899755183,34.745055440211,27.080040901230888,-2.3806484234175023,-0.1758694100208465,0.6066791916245623,-0.08569725176569364,-0.02852399640805026,-0.48042044043540955,-0.18707379698753357,-0.10749304294586182,-0.48042044043540955,-0.18707379698753357,-0.10749304294586182,0.6117477357387542,-0.06547582894563675,-0.026873260736465454,-0.12091777714103955,0.19999999999998863,,none,-0.11089707122421899,0.0,-0.009999999999999431,-2.0705916821125436e-05
R01_horizontal_empty,407,82.39999999999746,72.77257250866356,34.663261646549536,27.101653079253165,-2.3969641794828993,-0.1814673374056172,0.6091528623986356,-0.07803761667337798,-0.02753018141674141,-0.4702184796333313,-0.17837055027484894,-0.10202039778232574,-0.4702184796333313,-0.17837055027484894,-0.10202039778232574,0.6178689122200012,-0.06242969259619712,-0.025505099445581436,-0.12087044043921526,0.19999999999998863,,none,-0.11086624491216313,0.0,-0.009999999999999431,-4.1955270526994326e-06
R01_horizontal_empty,408,82.59999999999745,72.68379187607438,34.58269986369566,27.12398927795519,-2.412329731602494,-0.1869119970066097,0.6102779652588158,-0.07578749640673775,-0.026959432053757112,-0.4762628376483917,-0.20343559980392456,-0.10318569839000702,-0.4762628376483917,-0.20343559980392456,-0.10318569839000702,0.6142422974109649,-0.07120245993137359,-0.025796424597501755,-0.12083743597780125,0.19999999999998863,,none,-0.1108241129998575,0.0,-0.009999999999999431,-1.3322977944310032e-05
R01_horizontal_empty,409,82.79999999999744,72.59392311694295,34.503608776118895,27.14695598180693,-2.4274629650645845,-0.1920962293998792,0.6087896526556251,-0.07556184555120611,-0.025028431653442967,-0.4940907657146454,-0.21457725763320923,-0.08437464386224747,-0.4940907657146454,-0.21457725763320923,-0.08437464386224747,0.6035455405712127,-0.07510204017162322,-0.021093660965561867,-0.1204294375752833,0.19999999999998863,,none,-0.11041352102866853,0.0,-0.009999999999999431,-1.591654661533437e-05
R01_horizontal_empty,410,82.99999999999743,72.50312353333841,34.426111412648304,27.170479017210873,-2.442742496592482,-0.19697436753102893,0.6079670386438397,-0.07711630955496605,-0.023842345165179926,-0.4915524423122406,-0.22938233613967896,-0.08570189774036407,-0.4915524423122406,-0.22938233613967896,-0.08570189774036407,0.6050685346126556,-0.08028381764888763,-0.02142547443509102,-0.11982026067063836,0.19999999999998863,,none,-0.10981571276987623,0.0,-0.009999999999999431,-4.547900762698065e-06
R01_horizontal_empty,411,83.19999999999742,72.41146664606029,34.350287756713406,27.194502164352595,-2.458176613071406,-0.20147432697618192,0.6057126924835181,-0.0772172475251201,-0.021345441286422916,-0.5037176012992859,-0.2212083637714386,-0.06503015011548996,-0.5037176012992859,-0.2212083637714386,-0.06503015011548996,0.5977694392204285,-0.0774229273200035,-0.01625753752887249,-0.1191194466130991,0.19999999999998863,,none,-0.10910660409175321,0.0,-0.009999999999999431,-1.2842521346466684e-05
R01_horizontal_empty,412,83.3999999999974,72.31889317517884,34.27608471482772,27.21899395625676,-2.473635004714022,-0.20563238001406448,0.6057345606582264,-0.07735619631128753,-0.02031291104350156,-0.49031397700309753,-0.22182665765285492,-0.0728357583284378,-0.49031397700309753,-0.22182665765285492,-0.0728357583284378,0.6058116137981415,-0.07763933017849922,-0.01820893958210945,-0.11846497489883766,0.19999999999998863,,none,-0.10846015555981481,0.0,-0.009999999999999431,-4.819339023424129e-06
R01_horizontal_empty,413,83.5999999999974,72.22534967575073,34.20344563007265,27.243935799753395,-2.488987802046145,-0.20937898536097524,0.6046547468648725,-0.0762547901488767,-0.01737460311185465,-0.4985833466053009,-0.2114584892988205,-0.04554902762174606,-0.4985833466053009,-0.2114584892988205,-0.04554902762174606,0.6008499920368194,-0.07401047125458717,-0.011387256905436516,-0.11790115512385749,0.19999999999998863,,none,-0.10788274618263216,0.0,-0.009999999999999431,-1.84089412258992e-05
R01_horizontal_empty,414,83.79999999999738,72.13074788578115,34.1322712442282,27.269301735056782,-2.5041439562357284,-0.21271222230390804,0.6060238504488626,-0.07537319750943713,-0.016057069047113064,-0.48192012310028076,-0.2102193981409073,-0.05348939821124077,-0.48192012310028076,-0.2102193981409073,-0.05348939821124077,0.6108479261398315,-0.07357678934931755,-0.013372349552810192,-0.11742880436692418,0.19999999999998863,,none,-0.10742195940993327,0.0,-0.009999999999999431,-6.8449569914877386e-06
R01_horizontal_empty,415,83.99999999999737,72.03505365370697,34.06249617494721,27.295071374803314,-2.518885194532456,-0.21571522221420755,0.606010951364217,-0.07227285845298435,-0.014119002413402717,-0.49005749821662903,-0.1884438395500183,-0.04067933186888695,-0.49005749821662903,-0.1884438395500183,-0.04067933186888695,0.6059655010700226,-0.0659553438425064,-0.010169832967221737,-0.11704453561577774,0.19999999999998863,,none,-0.10703044582326982,0.0,-0.009999999999999431,-1.4089792508498178e-05
R01_horizontal_empty,416,84.19999999999736,71.93822517211287,33.99401902556151,27.321232896580888,-2.533137753935433,-0.21850160276820757,0.6083552480181497,-0.07039432119667473,-0.013771029866865998,-0.47230759263038635,-0.19018986821174622,-0.05224788561463356,-0.47230759263038635,-0.19018986821174622,-0.05224788561463356,0.6166154444217682,-0.06656645387411117,-0.01306197140365839,-0.11675391835400463,0.19999999999998863,,none,-0.10674487957000167,0.0,-0.009999999999999431,-9.038784003526646e-06
R01_horizontal_empty,417,84.39999999999735,71.8402746195406,33.92678500304269,27.34778151674656,-2.5468154208090827,-0.22116532402587905,0.608980045936573,-0.06666353725549365,-0.01292960130044046,-0.48136410117149353,-0.16874678432941437,-0.04486013948917389,-0.48136410117149353,-0.16874678432941437,-0.04486013948917389,0.6111815392971038,-0.05906137451529502,-0.011215034872293472,-0.11651908065041339,0.19999999999998863,,none,-0.10650715255069088,0.0,-0.009999999999999431,-1.1928099723082231e-05
R01_horizontal_empty,418,84.59999999999734,71.74122083743192,33.86072381005699,27.374714336097295,-2.5599246152123216,-0.22376319156950167,0.6116055342574751,-0.06458506176955701,-0.013040700568191855,-0.46523913741111755,-0.1724279522895813,-0.05306834354996681,-0.46523913741111755,-0.1724279522895813,-0.05306834354996681,0.6208565175533294,-0.06034978330135345,-0.013267085887491703,-0.11633466041547134,0.19999999999998863,,none,-0.10632784161411735,0.0,-0.009999999999999431,-6.818801354560311e-06
R01_horizontal_empty,419,84.79999999999733,71.64110171368957,33.79579429989067,27.40203149543104,-2.572449767728948,-0.22629238446354408,0.6125278955699487,-0.06094110866024663,-0.012306560605516948,-0.4737035632133484,-0.1529025137424469,-0.04324245825409889,-0.4737035632133484,-0.1529025137424469,-0.04324245825409889,0.6157778620719909,-0.05351587980985641,-0.010810614563524723,-0.11618669300158882,0.19999999999998863,,none,-0.10617570425606004,0.0,-0.009999999999999431,-1.0988745529338929e-05
R01_horizontal_empty,420,84.99999999999731,71.53993695157213,33.73192932426864,27.42973191021183,-2.5844241752799992,-0.2287612260187368,0.6153664052121933,-0.05895282413723478,-0.012376577744684196,-0.4577200412750244,-0.15686093270778656,-0.05007700249552727,-0.4577200412750244,-0.15686093270778656,-0.05007700249552727,0.6253679752349853,-0.054901326447725295,-0.012519250623881817,-0.1160853779085616,0.19999999999998863,,none,-0.10607902084757725,0.0,-0.009999999999999431,-6.357060984921726e-06
R01_horizontal_empty,421,85.1999999999973,71.43777095133842,33.669094548665186,27.457812110701955,-2.5958363474117263,-0.23115179858161378,0.6164414100510769,-0.055434103643541344,-0.011588542232587231,-0.4662846326828003,-0.1378973126411438,-0.03993109613656998,-0.4662846326828003,-0.1378973126411438,-0.03993109613656998,0.6202292203903198,-0.048264059424400325,-0.009982774034142494,-0.11600968041429155,0.19999999999998863,,none,-0.10599896220373495,0.0,-0.009999999999999431,-1.0718210557177088e-05
R01_horizontal_empty,422,85.39999999999729,71.33462442949616,33.607227297502206,27.48626736271343,-2.6067294724040253,-0.23345578689119373,0.6194047206622936,-0.05363290302589431,-0.01146095698169732,-0.4502566158771515,-0.1427503526210785,-0.044803913682699203,-0.4502566158771515,-0.1427503526210785,-0.044803913682699203,0.629846030473709,-0.04996262341737747,-0.011200978420674801,-0.1159741262785246,0.19999999999998863,,none,-0.10596804240511304,0.0,-0.009999999999999431,-6.083873412137397e-06
R01_horizontal_empty,423,85.59999999999728,71.23053707050335,33.546294725252665,27.515088941164546,-2.617101688696945,-0.23562975287192883,0.6206098496403241,-0.050337625442887494,-0.010361564214691794,-0.4585730731487274,-0.12463682144880295,-0.032485391944646835,-0.4585730731487274,-0.12463682144880295,-0.032485391944646835,0.6248561561107635,-0.04362288750708103,-0.008121347986161709,-0.11596265493772315,0.19999999999998863,,none,-0.10595167474870593,0.0,-0.009999999999999431,-1.0980189017796293e-05
R01_horizontal_empty,424,85.79999999999727,71.12546989991316,33.48620468697051,27.544276016182394,-2.6269732782506496,-0.23756923533625066,0.62428447414767,-0.04851559666220774,-0.009126358089654176,-0.43794646859169006,-0.12800821661949158,-0.026437588036060333,-0.43794646859169006,-0.12800821661949158,-0.026437588036060333,0.6372321188449859,-0.044802875816822046,-0.006609397009015083,-0.11604478748633487,0.19999999999998863,,none,-0.10603531950527412,0.0,-0.009999999999999431,-9.467981061321017e-06
R01_horizontal_empty,425,85.99999999999726,71.01935071561618,33.426860297587744,27.57382702305043,-2.636269318470395,-0.23921271133680228,0.626850265993394,-0.044730117627860826,-0.007435818151195871,-0.44018182158470154,-0.10576143860816956,-0.015964120626449585,-0.44018182158470154,-0.10576143860816956,-0.015964120626449585,0.635890907049179,-0.037016503512859344,-0.003991030156612396,-0.11624952489537813,0.19999999999998863,,none,-0.10623733270628932,0.0,-0.009999999999999431,-1.2192189089371696e-05
R01_horizontal_empty,426,86.19999999999725,70.91209947517463,33.36813838020286,27.603738771515808,-2.6449386901480283,-0.24057080558254923,0.6317251188034618,-0.04215749786544862,-0.0062355859758451634,-0.4184969961643219,-0.10547231137752533,-0.015159563161432743,-0.4184969961643219,-0.10547231137752533,-0.015159563161432743,0.6489018023014068,-0.03691530898213386,-0.0037898907903581858,-0.1165918451791333,0.19999999999998863,,none,-0.10658242592791822,0.0,-0.009999999999999431,-9.419251215647145e-06
R01_horizontal_empty,427,86.39999999999723,70.80376162240131,33.3099916739827,27.63397702643778,-2.6529030390330135,-0.24165502771344347,0.634348797974114,-0.03781340581909717,-0.004720804619153656,-0.42734432220458984,-0.08274718374013901,-0.0065366290509700775,-0.42734432220458984,-0.08274718374013901,-0.0065366290509700775,0.6435934066772461,-0.028961514309048652,-0.0016341572627425194,-0.1169548389170222,0.19999999999998863,,none,-0.10694145768508534,0.0,-0.009999999999999431,-1.338123193743367e-05
R01_horizontal_empty,428,86.59999999999722,70.69444351049174,33.252389291261494,27.664489494984334,-2.660313127497291,-0.24248259376811998,0.6382429205647766,-0.036394427426700585,-0.003636574505325401,-0.41339337825775146,-0.09572284668684006,-0.005709019955247641,-0.41339337825775146,-0.09572284668684006,-0.005709019955247641,0.651963973045349,-0.03350299634039402,-0.0014272549888119102,-0.11727355347508907,0.19999999999998863,,none,-0.10726627984303505,0.0,-0.009999999999999431,-7.27363205459079e-06
R01_horizontal_empty,429,86.79999999999721,70.58435550434864,33.19539472649004,27.695195569928124,-2.6673399848394412,-0.2430940383283806,0.6388604418733818,-0.03405078654129448,-0.0025590818702631805,-0.4316061735153198,-0.08364338427782059,-0.0014539648545905948,-0.4316061735153198,-0.08364338427782059,-0.0014539648545905948,0.641036295890808,-0.029275184497237202,-0.0003634912136476487,-0.11743131784034351,0.19999999999998863,,none,-0.10742140334400219,0.0,-0.009999999999999431,-9.91449634189293e-06
R01_horizontal_empty,430,86.9999999999972,70.4736977256772,33.13906878658587,27.726019612144263,-2.6742011150987297,-0.24352873212866336,0.6404376098283495,-0.03452479031948751,-0.0018419095148774595,-0.4233419895172119,-0.10140188783407211,-0.0015221524517983198,-0.4233419895172119,-0.10140188783407211,-0.0015221524517983198,0.6459948062896728,-0.03549066074192524,-0.00038053811294957995,-0.11742123343349069,0.19999999999998863,,none,-0.10741356011678604,0.0,-0.009999999999999431,-7.673316705207879e-06
R01_horizontal_empty,431,87.19999999999719,70.36258110389542,33.08346454093415,27.756910931127543,-2.6809867184456118,-0.2437836124220568,0.6399398629438925,-0.03341489603893899,-0.0007864440045204752,-0.4363566040992737,-0.0890093743801117,0.005457049235701561,-0.4363566040992737,-0.0890093743801117,0.005457049235701561,0.6381860375404358,-0.03115328103303909,0.0013642623089253902,-0.11730481564827784,0.19999999999998863,,none,-0.10729738237150599,0.0,-0.009999999999999431,-7.4332767724201195e-06
R01_horizontal_empty,432,87.39999999999718,70.25101047756611,33.02857017685681,27.78784578449276,-2.687745108459714,-0.24385426259601736,0.6413380220231836,-0.034116150456973346,1.9219306689681253e-05,-0.4228925406932831,-0.10155738890171051,0.0066436296328902245,-0.4228925406932831,-0.10155738890171051,0.0066436296328902245,0.6462644755840301,-0.03554508611559867,0.0016609074082225561,-0.1171901249109616,0.19999999999998863,,none,-0.10718332207806469,0.0,-0.009999999999999431,-6.802832897475648e-06
R01_horizontal_empty,433,87.59999999999717,70.13896080988154,32.97437761522692,27.81880877982572,-2.6944315972651696,-0.24373798086386508,0.6412689447884377,-0.032844576320870095,0.0010647929786358242,-0.43162408471107483,-0.08643859624862671,0.012781371362507343,-0.43162408471107483,-0.08643859624862671,0.012781371362507343,0.6410255491733551,-0.030253508687019346,0.003195342840626836,-0.11709216414270107,0.19999999999998863,,none,-0.10708531435018642,0.0,-0.009999999999999431,-6.849792515221179e-06
R01_horizontal_empty,434,87.79999999999715,70.02639584904225,32.92085205178144,27.84978836333306,-2.7010382603587226,-0.243458913258295,0.6430031397326479,-0.033195598056566945,0.0016795488404245812,-0.41814395785331726,-0.09688819944858551,0.011728910729289055,-0.41814395785331726,-0.09688819944858551,0.011728910729289055,0.6491136252880096,-0.033910869807004924,0.0029322276823222637,-0.11703761948993287,0.19999999999998863,,none,-0.10703177917592299,0.0,-0.009999999999999431,-5.840314010446008e-06
R01_horizontal_empty,435,87.99999999999714,69.91332483536691,32.8679957786082,27.880765468099757,-2.7075408118415503,-0.24305261603445205,0.6430161692113616,-0.03192563413305002,0.002334090500123828,-0.4282298684120178,-0.08382242172956467,0.014671361073851585,-0.4282298684120178,-0.08382242172956467,0.014671361073851585,0.6430620789527892,-0.02933784760534763,0.0036678402684628963,-0.11697464980207813,0.19999999999998863,,none,-0.10696902783901407,0.0,-0.009999999999999431,-5.621963064623703e-06
R01_horizontal_empty,436,88.19999999999713,69.79976447439495,32.815798796563996,27.911723109622358,-2.713974504757313,-0.24255632287743065,0.6445048216973726,-0.032377256204862294,0.002608182701902651,-0.41708311438560486,-0.09513577073812485,0.012666785158216953,-0.41708311438560486,-0.09513577073812485,0.012666785158216953,0.6497501313686371,-0.03329751975834369,0.0031666962895542383,-0.11690919109837368,0.19999999999998863,,none,-0.10690406589205992,0.0,-0.009999999999999431,-5.125206314327713e-06
R01_horizontal_empty,437,88.39999999999712,69.68575364498837,32.764279977096024,27.942642974963263,-2.720348910043431,-0.24200226962241145,0.6442561241710572,-0.031437617368868805,0.002909629742047942,-0.4277002811431885,-0.08435122668743134,0.01409553550183773,-0.4277002811431885,-0.08435122668743134,0.01409553550183773,0.6433798313140868,-0.029522929340600964,0.0035238838754594326,-0.1168071864311542,0.19999999999998863,,none,-0.10680256499219709,0.0,-0.009999999999999431,-4.6214389576816795e-06
R01_horizontal_empty,438,88.59999999999711,69.57132920309765,32.713443063145824,27.97351160721131,-2.7266642758778583,-0.2414345158315762,0.6452796170723303,-0.031696526925351694,0.00277784109533065,-0.4185234606266022,-0.0920688658952713,0.010037189349532127,-0.4185234606266022,-0.0920688658952713,0.010037189349532127,0.6488859236240387,-0.03222410306334495,0.002509297337383032,-0.11668224385589686,0.19999999999998863,,none,-0.10667903893263286,0.0,-0.009999999999999431,-3.204923264559234e-06
R01_horizontal_empty,439,88.7999999999971,69.45651044780101,32.663294988461,28.004326785315616,-2.7329140454058396,-0.24088688274721365,0.6449971900087917,-0.03086392191255881,0.0027040512959567247,-0.42666324973106384,-0.08333524316549301,0.010214763693511486,-0.42666324973106384,-0.08333524316549301,0.010214763693511486,0.6440020501613617,-0.029167335107922552,0.0025536909233778715,-0.11654604596253895,0.19999999999998863,,none,-0.10654319468523354,0.0,-0.009999999999999431,-2.851277305977052e-06
R01_horizontal_empty,440,88.99999999999709,69.34130106629682,32.613824582310535,28.035095160462188,-2.7390977177437854,-0.24042600328876287,0.6459743643050165,-0.030965170357241674,0.001960764890525545,-0.41763755679130554,-0.08906137943267822,0.0017847251147031784,-0.41763755679130554,-0.08906137943267822,0.0017847251147031784,0.6494174659252167,-0.031171482801437375,0.0004461812786757946,-0.11642378667405215,0.19999999999998863,,none,-0.10642008032765204,0.0,-0.009999999999999431,-3.7063464006674604e-06
R01_horizontal_empty,441,89.19999999999708,69.2257310684826,32.565040744230785,28.06582491475201,-2.745211046242928,-0.24005249245438187,0.6455801388949165,-0.030223978378896846,0.0017874092895575498,-0.4263482093811035,-0.08203903585672379,0.005736660677939653,-0.4263482093811035,-0.08203903585672379,0.005736660677939653,0.6441910743713379,-0.028713662549853324,0.0014341651694849133,-0.11628420558942984,0.19999999999998863,,none,-0.10628138945797971,0.0,-0.009999999999999431,-2.816131450697518e-06
R01_horizontal_empty,442,89.39999999999706,69.10976650375268,32.51691811360646,28.096536967825738,-2.751279369034694,-0.23978493518768174,0.6469069780400026,-0.03044275994132253,0.0009511893900687922,-0.4140297770500183,-0.08825305104255676,-0.0030110536608844995,-0.4140297770500183,-0.08825305104255676,-0.0030110536608844995,0.651582133769989,-0.030888567864894866,-0.0007527634152211249,-0.1161953755679385,0.19999999999998863,,none,-0.1061900379626195,0.0,-0.009999999999999431,-5.337605319579156e-06
R01_horizontal_empty,443,89.59999999999705,68.99343852980041,32.469467888654904,28.127238586854215,-2.7572782967822165,-0.23955565368735732,0.6464200453359842,-0.029609333038006277,0.0013142608645617512,-0.4254927933216095,-0.07974591851234436,0.008216344751417637,-0.4254927933216095,-0.07974591851234436,0.008216344751417637,0.6447043240070343,-0.027911071479320523,0.0020540861878544092,-0.11608680506489205,0.19999999999998863,,none,-0.10608020853447186,0.0,-0.009999999999999431,-6.5965304207585384e-06
R01_horizontal_empty,444,89.79999999999704,68.87669279556216,32.42265691479847,28.157943548715746,-2.7632430844339733,-0.23931561520117015,0.6482403146330868,-0.030008461137965375,0.001102113569107611,-0.4089098572731018,-0.08806216716766357,0.0026792967692017555,-0.4089098572731018,-0.08806216716766357,0.0026792967692017555,0.6546540856361389,-0.03082175850868225,0.0006698241923004389,-0.11603895828728927,0.19999999999998863,,none,-0.10603146203408897,0.0,-0.009999999999999431,-7.4962532008671095e-06
R01_horizontal_empty,445,89.99999999999703,68.75956638282597,32.376499664156256,28.188642003691218,-2.769109463446904,-0.23900874890943927,0.647610534922646,-0.028750166813352032,0.001905963095216434,-0.42434751987457275,-0.07481759786605835,0.014175821095705032,-0.42434751987457275,-0.07481759786605835,0.014175821095705032,0.6453914880752563,-0.02618615925312042,0.003543955273926258,-0.11596333650214011,0.19999999999998863,,none,-0.10595241829985724,0.0,-0.009999999999999431,-1.0918202283435197e-05
R01_horizontal_empty,446,90.19999999999702,68.64204317861504,32.33097022707317,28.21932525764346,-2.774867178302594,-0.23858990704719732,0.6494584947938187,-0.028821597967326276,0.002256068065829444,-0.4067169427871704,-0.08276329189538956,0.011877886950969696,-0.4067169427871704,-0.08276329189538956,0.011877886950969696,0.6559698343276977,-0.028967152163386342,0.002969471737742424,-0.11590920600615055,0.19999999999998863,,none,-0.1059016209700836,0.0,-0.009999999999999431,-7.585036067522533e-06
R01_horizontal_empty,447,90.39999999999701,68.52413986123743,32.28606544366113,28.249977152882906,-2.780460320984191,-0.23804158407365644,0.6489200225794778,-0.0272298026852036,0.00315910002269791,-0.42162883281707764,-0.0685320720076561,0.019996779039502144,-0.42162883281707764,-0.0685320720076561,0.019996779039502144,0.6470227003097534,-0.023986225202679633,0.004999194759875536,-0.11585182127372678,0.19999999999998863,,none,-0.10584200510387731,0.0,-0.009999999999999431,-9.816169850046033e-06
R01_horizontal_empty,448,90.599999999997,68.40585797662162,32.2417582980377,28.280581384014972,-2.7858985372354916,-0.23738261113529247,0.6506296209997687,-0.02715778761395633,0.0034115985137959134,-0.4055776000022888,-0.07717441022396088,0.01570444367825985,-0.4055776000022888,-0.07717441022396088,0.01570444367825985,0.6566534399986267,-0.027011043578386306,0.003926110919564962,-0.11580667295948695,0.19999999999998863,,none,-0.10579965783493606,0.0,-0.009999999999999431,-7.015124551458529e-06
R01_horizontal_empty,449,90.79999999999698,68.28721769950057,32.19804297899433,28.311124127403342,-2.7911624786944733,-0.23664105554778894,0.6501408174184415,-0.025599105098491087,0.003962440334923647,-0.41930249333381653,-0.06406571716070175,0.02033952996134758,-0.41930249333381653,-0.06406571716070175,0.02033952996134758,0.6484185039997101,-0.022423001006245613,0.005084882490336895,-0.11575690953354321,0.19999999999998863,,none,-0.10574927564243097,0.0,-0.009999999999999431,-7.633891112804394e-06
R01_horizontal_empty,450,90.99999999999697,68.16819836662053,32.1548832529729,28.34160435452605,-2.7962486734341,-0.23588849502128992,0.6519800267747604,-0.025286410159737576,0.0035911491959590195,-0.40256577730178833,-0.07042638957500458,0.01133829914033413,-0.40256577730178833,-0.07042638957500458,0.01133829914033413,0.658460533618927,-0.024649236351251602,0.0028345747850835323,-0.1157479541920365,0.19999999999998863,,none,-0.10573992223256923,0.0,-0.009999999999999431,-8.031959467839704e-06
R01_horizontal_empty,451,91.19999999999696,68.04882025919592,32.11226977934871,28.372023069631908,-2.8011574839550253,-0.2351558832953278,0.651586342968577,-0.02390575520928094,0.003724888140418094,-0.41633468866348267,-0.060264043509960175,0.015989623963832855,-0.41633468866348267,-0.060264043509960175,0.015989623963832855,0.6501991868019104,-0.02109241522848606,0.003997405990958214,-0.11573658847002259,0.19999999999998863,,none,-0.10573029864961825,0.0,-0.009999999999999431,-6.289820404912286e-06
R01_horizontal_empty,452,91.39999999999695,67.9290744712734,32.070174184559285,28.402385766773087,-2.805926899475057,-0.23445296256659182,0.6534327244122679,-0.023796625139867987,0.0033337958299440446,-0.40010249614715576,-0.06735500693321228,0.010147491469979286,-0.40010249614715576,-0.06735500693321228,0.010147491469979286,0.6599385023117066,-0.023574252426624295,0.0025368728674948215,-0.11575861566736638,0.19999999999998863,,none,-0.1057516577404023,0.0,-0.009999999999999431,-6.957926964654762e-06
R01_horizontal_empty,453,91.59999999999694,67.8089730952396,32.02858865923244,28.432696414517494,-2.8105410426548594,-0.23375932372629968,0.6531946900047303,-0.02244656117127216,0.003583753246946866,-0.4127400517463684,-0.05627301707863808,0.016372350975871086,-0.4127400517463684,-0.05627301707863808,0.016372350975871086,0.652355968952179,-0.019695555977523326,0.0040930877439677715,-0.11578292762138644,0.19999999999998863,,none,-0.10577650227765645,0.0,-0.009999999999999431,-6.42534373056336e-06
R01_horizontal_empty,454,91.79999999999693,67.6884984676831,31.987482649921976,28.462959878705526,-2.815004500268369,-0.23307289553302338,0.6551382107158403,-0.02220613585413906,0.0033017809759411983,-0.3966895639896393,-0.0620463564991951,0.010908841155469418,-0.3966895639896393,-0.0620463564991951,0.010908841155469418,0.6619862616062164,-0.021716224774718282,0.0027272102888673544,-0.1158445486307319,0.19999999999998863,,none,-0.10583813263983544,0.0,-0.009999999999999431,-6.415990897029895e-06
R01_horizontal_empty,455,91.99999999999692,67.56766852565372,31.946847776379133,28.493176108419252,-2.819295294293725,-0.23238142247039195,0.6549876607454954,-0.020807239422228167,0.0035911405761932355,-0.4092380106449127,-0.05130494013428688,0.016723057255148888,-0.4092380106449127,-0.05130494013428688,0.016723057255148888,0.6544571936130523,-0.017956729047000408,0.004180764313787222,-0.11590503556301561,0.19999999999998863,,none,-0.10589890263005941,0.0,-0.009999999999999431,-6.132932956766663e-06
R01_horizontal_empty,456,92.1999999999969,67.44647795646583,31.906656457733654,28.523345471966557,-2.8234328959520583,-0.2316896009253346,0.656894742181205,-0.02058549041526345,0.0033455826129553893,-0.39397600293159485,-0.057524673640728,0.01138085126876831,-0.39397600293159485,-0.057524673640728,0.01138085126876831,0.6636143982410431,-0.020133635774254796,0.0028452128171920776,-0.1159917892525117,0.19999999999998863,,none,-0.1059857861899296,0.0,-0.009999999999999431,-6.00306258266882e-06
R01_horizontal_empty,457,92.3999999999969,67.32495419137855,31.866903815827488,28.55346452309527,-2.8274103581123757,-0.23098714790278588,0.656714737177251,-0.019286998693457857,0.003655582850580878,-0.40653252601623535,-0.04754594713449478,0.0171490628272295,-0.40653252601623535,-0.04754594713449478,0.0171490628272295,0.6560804843902588,-0.016641081497073173,0.004287265706807375,-0.11606823757618893,0.19999999999998863,,none,-0.10606242730580462,0.0,-0.009999999999999431,-5.81027038488953e-06
R01_horizontal_empty,458,92.59999999999688,67.2030954481522,31.827565596036177,28.58353181721329,-2.83125373754183,-0.230279813730647,0.658536402287122,-0.01915662210321607,0.003434427389340504,-0.3917415142059326,-0.05397415906190872,0.011935128830373287,-0.3917415142059326,-0.05397415906190872,0.011935128830373287,0.6649550914764404,-0.018890955671668052,0.002983782207593322,-0.11616543856852556,0.19999999999998863,,none,-0.10615969294759253,0.0,-0.009999999999999431,-5.745620933596697e-06
R01_horizontal_empty,459,92.79999999999687,67.08092986281801,31.78863931829148,28.613543002223285,-2.834957946230036,-0.22955954089214528,0.6583031456277254,-0.017974557180036224,0.0037449005866843107,-0.40419790148735046,-0.04447394609451294,0.0175101887434721,-0.40419790148735046,-0.04447394609451294,0.0175101887434721,0.6574812591075897,-0.015565881133079528,0.004377547185868025,-0.11624920487560367,0.19999999999998863,,none,-0.10624367493713294,0.0,-0.009999999999999431,-5.529938471303692e-06
R01_horizontal_empty,460,92.99999999999686,66.95846213468212,31.750105743618402,28.64349474710816,-2.838555224008488,-0.22883708552676227,0.6599626192489183,-0.017996562091208656,0.0034982436365216963,-0.3903169631958008,-0.051546860486269,0.011982537806034088,-0.3903169631958008,-0.051546860486269,0.011982537806034088,0.6658098220825195,-0.01804140117019415,0.002995634451508522,-0.11634533432701559,0.19999999999998863,,none,-0.1063398690972015,0.0,-0.009999999999999431,-5.46522981466159e-06
R01_horizontal_empty,461,93.19999999999685,66.83574165666566,31.71197297581831,28.673377301683487,-2.8420549334423737,-0.22809462428964794,0.65943361355372,-0.017070341616423665,0.0038963624621725285,-0.4040505886077881,-0.04337998852133751,0.01883041299879551,-0.4040505886077881,-0.04337998852133751,0.01883041299879551,0.6575696468353271,-0.015182995982468127,0.004707603249698877,-0.11640676205616418,0.19999999999998863,,none,-0.10640071798297868,0.0,-0.009999999999999431,-6.044073186080093e-06
R01_horizontal_empty,462,93.39999999999684,66.71285170688492,31.674252541242844,28.703163342909583,-2.8455133821462275,-0.22727526996663935,0.6600811243213489,-0.017483040266249496,0.00426908836375845,-0.3960622549057007,-0.05235425755381584,0.020114345476031303,-0.3960622549057007,-0.05235425755381584,0.020114345476031303,0.6623626470565795,-0.018323990143835543,0.005028586369007826,-0.11640123333739949,0.19999999999998863,,none,-0.10639831334814787,0.0,-0.009999999999999431,-2.9199892521861172e-06
R01_horizontal_empty,463,93.59999999999683,66.58979280891472,31.6369461829383,28.73284276341171,-2.8489455135274477,-0.22638046519337574,0.6596418263071656,-0.01688346371575133,0.004650232482499648,-0.40317675471305847,-0.04474775865674019,0.02170753665268421,-0.40317675471305847,-0.04474775865674019,0.02170753665268421,0.658093947172165,-0.015661715529859066,0.005426884163171053,-0.11639322979720397,0.19999999999998863,,none,-0.10639100953338243,0.0,-0.009999999999999431,-2.2202638221094362e-06
R01_horizontal_empty,464,93.79999999999681,66.46661105120573,31.600060645483733,28.762396580383893,-2.852370866089415,-0.2254457504342923,0.6597373512198329,-0.017335957391308044,0.004693643233838793,-0.39987677335739136,-0.05216570571064949,0.019128402695059776,-0.39987677335739136,-0.05216570571064949,0.019128402695059776,0.6600739359855652,-0.01825799699872732,0.004782100673764944,-0.11634815169249416,0.19999999999998863,,none,-0.10634670033754645,0.0,-0.009999999999999431,-1.4513549482744747e-06
R01_horizontal_empty,465,93.9999999999968,66.34332828963244,31.56360937998246,28.79181755714415,-2.855859353634172,-0.22451232234864818,0.6591150747007078,-0.01753399214848103,0.0046443526601443455,-0.40512922406196594,-0.051250070333480835,0.018175655975937843,-0.40512922406196594,-0.051250070333480835,0.018175655975937843,0.6569224655628204,-0.01793752461671829,0.004543913993984461,-0.11627822211614769,0.19999999999998863,,none,-0.10627763542909108,0.0,-0.009999999999999431,-5.86687057174129e-07
R01_horizontal_empty,466,94.19999999999679,66.2199735726143,31.527609753450022,28.8211004637247,-2.8594514742662556,-0.22360699051057528,0.6588454755521665,-0.018327413864870374,0.004425463432750877,-0.40350744128227234,-0.056983307003974915,0.015917744487524033,-0.40350744128227234,-0.056983307003974915,0.015917744487524033,0.6578955352306366,-0.01994415745139122,0.003979436121881008,-0.1161782974462025,0.19999999999998863,,none,-0.10617748547927519,0.0,-0.009999999999999431,-8.119669278783965e-07
R01_horizontal_empty,467,94.39999999999678,66.09654276194641,31.492077577931056,28.85025094944776,-2.8631661643445425,-0.222743523564336,0.6582791269118679,-0.01878499868508524,0.0042243629979806544,-0.4061940312385559,-0.056335464119911194,0.015258334577083588,-0.4061940312385559,-0.056335464119911194,0.015258334577083588,0.6562835812568664,-0.019717412441968916,0.003814583644270897,-0.11606993151609296,0.19999999999998863,,none,-0.10606977007034502,0.0,-0.009999999999999431,-1.6144574851245654e-07
R01_horizontal_empty,468,94.59999999999677,65.97303805355406,31.457027787902085,28.87927380714407,-2.867001583918506,-0.2219240009424651,0.6579523028785085,-0.019514234451255393,0.003988630418717812,-0.40533211827278137,-0.06000053510069847,0.014033126644790173,-0.40533211827278137,-0.06000053510069847,0.014033126644790173,0.6568007290363311,-0.021000187285244463,0.003508281661197543,-0.11595175563574438,0.19999999999998863,,none,-0.1059514421002703,0.0,-0.009999999999999431,-3.1353547464267956e-07
R01_horizontal_empty,469,94.79999999999676,65.84945336833391,31.42247568885778,28.908175972509408,-2.870961186635341,-0.2211458626865267,0.6574560912176651,-0.020042013904708274,0.0038064807844767124,-0.4071538746356964,-0.06033560633659363,0.013741268776357174,-0.4071538746356964,-0.06033560633659363,0.013741268776357174,0.6557076752185822,-0.02111746221780777,0.0034353171940892935,-0.11582784825018104,0.19999999999998863,,none,-0.10582777792518172,0.0,-0.009999999999999431,-7.032499988623986e-08
R01_horizontal_empty,470,94.99999999999675,65.72579171056537,31.388437180157517,28.93696155933175,-2.8750434441060237,-0.22040493703633043,0.6570753426510759,-0.020728797802196393,0.003617052922365001,-0.40711039304733276,-0.06322356313467026,0.012924234382808208,-0.40711039304733276,-0.06322356313467026,0.012924234382808208,0.6557337641716003,-0.02212824709713459,0.003231058595702052,-0.11569253414771559,0.19999999999998863,,none,-0.10569235395310983,0.0,-0.009999999999999431,-1.801946063265114e-07
R01_horizontal_empty,471,95.19999999999673,65.60205526879002,31.354929611427576,28.96563469568269,-2.879254373952124,-0.219700521515327,0.6565561965062029,-0.021334824351671104,0.003440415477019291,-0.40878838300704956,-0.06448490172624588,0.012321935966610909,-0.40878838300704956,-0.06448490172624588,0.012321935966610909,0.6547269701957703,-0.022569715604186056,0.003080483991652727,-0.11554476609877906,0.19999999999998863,,none,-0.10554467071100504,0.0,-0.009999999999999431,-9.538777459324257e-08
R01_horizontal_empty,472,95.39999999999672,65.47825204025742,31.321971526082567,28.994198085575587,-2.883600696890079,-0.21903298726380374,0.6560733535174839,-0.02207278484096415,0.003249329235392064,-0.4093799293041229,-0.06736147403717041,0.011439822614192963,-0.4093799293041229,-0.06736147403717041,0.011439822614192963,0.6543720424175262,-0.023576515913009643,0.0028599556535482407,-0.11538031760012056,0.19999999999998863,,none,-0.10538012954573617,0.0,-0.009999999999999431,-1.8805438496145854e-07
R01_horizontal_empty,473,95.59999999999671,65.35438671574124,31.289582399434096,29.022655339040444,-2.888091866146265,-0.21840295916821734,0.6554991594106991,-0.022785211985778528,0.003064855529865287,-0.4108733832836151,-0.06924832612276077,0.010755824856460094,-0.4108733832836151,-0.06924832612276077,0.010755824856460094,0.6534759700298309,-0.02423691414296627,0.0026889562141150236,-0.11520047014362328,0.19999999999998863,,none,-0.10520034497425357,0.0,-0.009999999999999431,-1.2516937028682687e-07
R01_horizontal_empty,474,95.7999999999967,65.23046579281281,31.257782453841003,29.051009663827255,-2.892734838576814,-0.21781086588885729,0.6549330462189137,-0.023584285997895235,0.0028707100371063205,-0.41176944971084595,-0.07203584909439087,0.009900410659611225,-0.41176944971084595,-0.07203584909439087,0.009900410659611225,0.6529383301734923,-0.025212547183036803,0.0024751026649028063,-0.11500387913417816,0.19999999999998863,,none,-0.10500369303512258,0.0,-0.009999999999999431,-1.8609905615092626e-07
R01_horizontal_empty,475,95.99999999999669,65.10649398639788,31.22659275223822,29.079264803618763,-2.897537596612215,-0.21725727675394713,0.6543020937473012,-0.024383088498183863,0.002679586332745504,-0.41320180892944336,-0.07431656122207642,0.009160545654594898,-0.41320180892944336,-0.07431656122207642,0.009160545654594898,0.652078914642334,-0.026010796427726746,0.0022901364136487246,-0.11479104157430646,0.19999999999998863,,none,-0.1047908855602877,0.0,-0.009999999999999431,-1.5601401932241465e-07
R01_horizontal_empty,476,96.19999999999668,64.98247722739693,31.196035099702737,29.107424266495993,-2.9025068908864755,-0.21674253764678325,0.6536620392343404,-0.02524489943191256,0.0024826480083792665,-0.41432201862335205,-0.07714571058750153,0.008325398899614811,-0.41432201862335205,-0.07714571058750153,0.008325398899614811,0.6514067888259887,-0.027000998705625532,0.0020813497249037027,-0.11456091177023668,0.19999999999998863,,none,-0.1045607126417174,0.0,-0.009999999999999431,-1.991285198513215e-07
R01_horizontal_empty,477,96.39999999999667,64.8584205833787,31.166132098747696,29.13549185782646,-2.9076500757566595,-0.21626706902462076,0.652971542563662,-0.02612092323168763,0.0022867993541397526,-0.4157690703868866,-0.07973138242959976,0.007550885900855064,-0.4157690703868866,-0.07973138242959976,0.007550885900855064,0.650538557767868,-0.027905983850359913,0.001887721475213766,-0.11431351185731586,0.19999999999998863,,none,-0.1043133242667551,0.0,-0.009999999999999431,-1.8759056133231882e-07
R01_horizontal_empty,478,96.59999999999665,64.73432998343203,31.13690708384648,29.163471246523716,-2.912973838048109,-0.21583121633682018,0.6522615078129869,-0.027046908073713037,0.0020868013982171846,-0.41706719994544983,-0.08266792446374893,0.006717074196785688,-0.41706719994544983,-0.08266792446374893,0.006717074196785688,0.6497596800327301,-0.028933773562312123,0.001679268549196422,-0.11404798810148718,0.19999999999998863,,none,-0.10404776802825921,0.0,-0.009999999999999431,-2.200732285396719e-07
R01_horizontal_empty,479,96.79999999999664,64.6102110292766,31.108384154161502,29.191366277542496,-2.918485259267855,-0.2154354269774465,0.6515086980091556,-0.027995786985368098,0.0018862107417919633,-0.4185730814933777,-0.08551229536533356,0.005909880623221397,-0.4185730814933777,-0.08551229536533356,0.005909880623221397,0.6488561511039734,-0.029929303377866742,0.0014774701558053493,-0.11376409841813234,0.19999999999998863,,none,-0.10376387822440236,0.0,-0.009999999999999431,-2.2019373054748842e-07
R01_horizontal_empty,480,96.99999999999663,64.48606996744421,31.080588126839082,29.21918073851718,-2.9241910796618513,-0.215080153316389,0.6507302222360225,-0.028987659390505995,0.0016819230603557203,-0.42002126574516296,-0.08859652280807495,0.005062596406787634,-0.42002126574516296,-0.08859652280807495,0.005062596406787634,0.6479872405529021,-0.031008782982826232,0.0012656491016969085,-0.11346112234527146,0.19999999999998863,,none,-0.10346087579353025,0.0,-0.009999999999999431,-2.4655174178191566e-07
R01_horizontal_empty,481,97.19999999999662,64.36191302570336,31.05354455648224,29.246918540718383,-2.930098298187764,-0.21476592732465152,0.6499131161011005,-0.030007649099354577,0.001475867308323498,-0.4216099679470062,-0.09167447686195374,0.004223962314426899,-0.4216099679470062,-0.09167447686195374,0.004223962314426899,0.6470340192317963,-0.03208606690168381,0.0010559905786067247,-0.11313868110266564,0.19999999999998863,,none,-0.10313842708100651,0.0,-0.009999999999999431,-2.5402165969600367e-07
R01_horizontal_empty,482,97.39999999999661,64.23774696135949,31.02727970011203,29.274583592896445,-2.936213741044466,-0.21449330264529398,0.6490669077213895,-0.031066940522609,0.001266183391827766,-0.42319121956825256,-0.09492983669042587,0.0033556544221937656,-0.42319121956825256,-0.09492983669042587,0.0033556544221937656,0.6460852682590484,-0.03322544284164905,0.0008389136055484414,-0.11279613679190996,0.19999999999998863,,none,-0.10279585975825256,0.0,-0.009999999999999431,-2.7703365796477324e-07
R01_horizontal_empty,483,97.5999999999966,64.11357869521142,31.001820523317544,29.302179906302356,-2.9425443804661753,-0.2142628857475055,0.6481845035453545,-0.03215727502791359,0.0010539794288910846,-0.4248744547367096,-0.09822580963373184,0.0024862983264029026,-0.4248744547367096,-0.09822580963373184,0.0024862983264029026,0.6450753271579742,-0.034379033371806145,0.0006215745816007257,-0.11243304488029732,0.19999999999998863,,none,-0.10243275583033196,0.0,-0.009999999999999431,-2.8904996593248633e-07
R01_horizontal_empty,484,97.79999999999659,63.989415634925685,30.97719467134218,29.329711522968953,-2.9490970869347484,-0.21407527952076763,0.6472712211761525,-0.033284807383955554,0.0008383359203613315,-0.42657792568206787,-0.10166389495134354,0.0015956894494593143,-0.42657792568206787,-0.10166389495134354,0.0015956894494593143,0.6440532445907592,-0.03558236323297023,0.0003989223623648286,-0.11204881466205867,0.19999999999998863,,none,-0.10204850435349755,0.0,-0.009999999999999431,-3.103085616909529e-07
R01_horizontal_empty,485,97.99999999999658,63.86525529085525,30.953428765926535,29.357184489259584,-2.9558845686721935,-0.21392347541392262,0.6464235955470983,-0.03449853143624467,0.0006908232025844894,-0.4276050627231598,-0.10563348233699799,0.0015609549591317773,-0.4276050627231598,-0.10563348233699799,0.0015609549591317773,0.643436962366104,-0.03697171881794929,0.0003902387397829443,-0.11165102797884952,0.19999999999998863,,none,-0.10165069170203012,0.0,-0.009999999999999431,-3.362768199669661e-07
R01_horizontal_empty,486,98.19999999999656,63.74109105739555,30.93055006020683,29.384604324180543,-2.9629110386401916,-0.213795334168648,0.6455945554637001,-0.03567732258721797,0.0005976144100939345,-0.42887765169143677,-0.1087980791926384,0.001630736980587244,-0.42887765169143677,-0.1087980791926384,0.001630736980587244,0.6426734089851379,-0.038079327717423436,0.000407684245146811,-0.1112416634119202,0.19999999999998863,,none,-0.10124143063141133,0.0,-0.009999999999999431,-2.3278050942855705e-07
R01_horizontal_empty,487,98.39999999999655,63.61692634634188,30.90858741412201,29.411973171917932,-2.970176893542676,-0.21368463582662287,0.6447310386506939,-0.03688983891011165,0.0005155539208867906,-0.43051931262016296,-0.11245875805616379,0.0013933619484305382,-0.43051931262016296,-0.11245875805616379,0.0013933619484305382,0.6416884124279022,-0.03936056531965732,0.00034834048710763454,-0.11081290211423508,0.19999999999998863,,none,-0.10081257907489061,0.0,-0.009999999999999431,-3.23039345053182e-07
R01_horizontal_empty,488,98.59999999999654,63.492774159773276,30.88757189826019,29.4392908546245,-2.9776930741505305,-0.21359228411474582,0.6437907288260775,-0.03817509707773894,0.0004155039764126426,-0.4325374662876129,-0.11655442416667938,0.0008465347927995026,-0.4325374662876129,-0.11655442416667938,0.0008465347927995026,0.6404775202274322,-0.040794048458337784,0.00021163369819987565,-0.11035652470419767,0.19999999999998863,,none,-0.10035610177529719,0.0,-0.009999999999999431,-4.229289010480631e-07
R01_horizontal_empty,489,98.79999999999653,63.36864816209234,30.867536011264473,29.466557567323196,-2.985474804673834,-0.2135232546671874,0.6428108059939545,-0.03953938182042093,0.0002846527729652547,-0.43440330028533936,-0.12091246992349625,7.207691669464111e-05,-0.43440330028533936,-0.12091246992349625,7.207691669464111e-05,0.6393580198287964,-0.04231936447322368,1.801922917366028e-05,-0.10987132328679143,0.19999999999998863,,none,-0.09987086181310545,0.0,-0.009999999999999431,-4.6147368654884314e-07
R01_horizontal_empty,490,98.99999999999652,63.24456009247779,30.848513339563294,29.493774786311228,-2.9935347349959076,-0.21348358282663304,0.6417829345958074,-0.04095335038846232,0.00012416185580547222,-0.4363979995250702,-0.12524163722991943,-0.0008114723605103791,-0.4363979995250702,-0.12524163722991943,-0.0008114723605103791,0.6381612002849579,-0.0438345730304718,-0.00020286809012759477,-0.10935835493058192,0.19999999999998863,,none,-0.09935788490710351,0.0,-0.009999999999999431,-4.700234789847136e-07
R01_horizontal_empty,491,99.1999999999965,63.1205212270728,30.83053838524325,29.52094496470276,-3.0018841982684306,-0.21347847444026358,0.640727019748483,-0.04242998795369495,-5.9253919098791124e-05,-0.4383225440979004,-0.12982545793056488,-0.0017319900216534734,-0.4383225440979004,-0.12982545793056488,-0.0017319900216534734,0.6370064735412597,-0.04543891027569771,-0.00043299750541336834,-0.1088178520696357,0.19999999999998863,,none,-0.09881734081690041,0.0,-0.009999999999999431,-5.112527358590449e-07
R01_horizontal_empty,492,99.3999999999965,62.99654219811432,30.81364656605609,29.548071416898466,-3.0105334421724654,-0.2135116423586125,0.6396393270901904,-0.04394803561849446,-0.0002574845905227647,-0.44032198190689087,-0.13440382480621338,-0.002645665081217885,-0.44032198190689087,-0.13440382480621338,-0.002645665081217885,0.6358068108558654,-0.04704133868217468,-0.0006614162703044713,-0.1082500041981938,0.19999999999998863,,none,-0.09824948831825608,0.0,-0.009999999999999431,-5.158799382905215e-07
R01_horizontal_empty,493,99.59999999999648,62.87262681543685,30.797872936278715,29.57515963273684,-3.0194860244114112,-0.21358864158020222,0.6385996716985545,-0.04546356137907891,-0.0004946336658738208,-0.4417726397514343,-0.13871921598911285,-0.00391147518530488,-0.4417726397514343,-0.13871921598911285,-0.00391147518530488,0.6349364161491393,-0.0485517255961895,-0.00097786879632622,-0.10766025972055673,0.19999999999998863,,none,-0.09765981313486805,0.0,-0.009999999999999431,-4.465856892598146e-07
R01_horizontal_empty,494,99.79999999999647,62.74872231998433,30.78324248017902,29.602229537798017,-3.0286605738506447,-0.213738022238303,0.6381088383688502,-0.04622457528690533,-0.0009638109561133033,-0.43936771154403687,-0.13650080561637878,-0.00767938606441021,-0.43936771154403687,-0.13650080561637878,-0.00767938606441021,0.6363793730735778,-0.04777528196573257,-0.0019198465161025524,-0.10709656745536227,0.19999999999998863,,none,-0.09709606941182969,0.0,-0.009999999999999431,-4.980435331494075e-07
R01_horizontal_empty,495,99.99999999999646,62.62480651131065,30.769771659558117,29.629298238144287,-3.0379861107393222,-0.2139595829504173,0.6374387036070849,-0.046974287670972906,-0.0012316119649480408,-0.4415375590324402,-0.13857704401016235,-0.007109224330633879,-0.4415375590324402,-0.13857704401016235,-0.007109224330633879,0.6350774645805359,-0.04850196540355682,-0.0017773060826584697,-0.10654489653767264,0.19999999999998863,,none,-0.09654470965590534,0.0,-0.009999999999999431,-1.868817678682801e-07
R01_horizontal_empty,496,100.19999999999645,62.50089506827279,30.757481098463256,29.656370892903443,-3.0475192755771845,-0.21421132409853708,0.6368774126235534,-0.04826042439968655,-0.0012820016393322842,-0.44183385372161865,-0.14537476003170013,-0.005538719706237316,-0.44183385372161865,-0.14537476003170013,-0.005538719706237316,0.6348996877670288,-0.05088116601109505,-0.001384679926559329,-0.10597614225630218,0.19999999999998863,,none,-0.0959751669919342,0.0,-0.009999999999999431,-9.752643685511558e-07
R01_horizontal_empty,497,100.39999999999644,62.376999153909,30.746399036499696,29.68344897491064,-3.0572916014184526,-0.21447322312485118,0.6361961910294963,-0.04937855997577499,-0.001333134716517215,-0.4436735212802887,-0.14759133756160736,-0.005749311298131943,-0.4436735212802887,-0.14759133756160736,-0.005749311298131943,0.6337958872318268,-0.05165696814656257,-0.0014373278245329857,-0.10538398720696,0.19999999999998863,,none,-0.09538382036813076,0.0,-0.009999999999999431,-1.668388298217867e-07
R01_horizontal_empty,498,100.59999999999643,62.253145304004526,30.73655476523883,29.710530255834886,-3.0673148944774975,-0.2147512043023458,0.6354595988278399,-0.050750934548183066,-0.0014387191450498356,-0.4452263414859772,-0.15299257636070251,-0.006615467835217714,-0.4452263414859772,-0.15299257636070251,-0.006615467835217714,0.6328641951084137,-0.05354740172624588,-0.0016538669588044286,-0.10475971649862768,0.19999999999998863,,none,-0.0947590698014622,0.0,-0.009999999999999431,-6.466971660556335e-07
R01_horizontal_empty,499,100.79999999999642,62.129350955379046,30.727979954088685,29.737616010132555,-3.0776114910505674,-0.21506014643242496,0.63470706515583,-0.05211241612280836,-0.0016358447694276692,-0.4465741813182831,-0.15681910514831543,-0.008150098845362663,-0.4465741813182831,-0.15681910514831543,-0.008150098845362663,0.6320554912090302,-0.054886686801910396,-0.002037524711340666,-0.1041067291260093,0.19999999999998863,,none,-0.0941063528442676,0.0,-0.009999999999999431,-3.762817422655858e-07
R01_horizontal_empty,500,100.9999999999964,62.00563223706225,30.72070676220034,29.76470998956781,-3.0881893208016025,-0.21541261011741522,0.6339287412234702,-0.05355700269255321,-0.0018710636035313224,-0.44802284240722656,-0.16143032908439636,-0.00940146204084158,-0.44802284240722656,-0.16143032908439636,-0.00940146204084158,0.6311862945556641,-0.05650061517953872,-0.002350365510210395,-0.10342768814086584,0.19999999999998863,,none,-0.09342718958256668,0.0,-0.009999999999999431,-4.98558299726077e-07
R01_horizontal_empty,501,101.1999999999964,61.88200164064954,30.714768202678655,29.791818002747736,-3.099057422414048,-0.21581358954227384,0.6331809106515596,-0.055014185366729224,-0.0021199704971232966,-0.4490901529788971,-0.16566704213619232,-0.010508657433092594,-0.4490901529788971,-0.16566704213619232,-0.010508657433092594,0.6305459082126617,-0.05798346474766731,-0.0026271643582731485,-0.10272463081281966,0.19999999999998863,,none,-0.0927242245174007,0.0,-0.009999999999999431,-4.062954195255958e-07
R01_horizontal_empty,502,101.39999999999638,61.75847095796839,30.71019746467454,29.818946565944618,-3.110217199170418,-0.2162633454865206,0.6324305213856077,-0.056473586896350944,-0.0023595330794776853,-0.4503558278083801,-0.1698496788740158,-0.01139074470847845,-0.4503558278083801,-0.1698496788740158,-0.01139074470847845,0.6297865033149719,-0.05944738760590553,-0.0028476861771196127,-0.10199865504359559,0.19999999999998863,,none,-0.09199825755437985,0.0,-0.009999999999999431,-3.9748921631950486e-07
R01_horizontal_empty,503,101.59999999999637,61.635047454940505,30.707027015761938,29.846103110854575,-3.121657310904744,-0.21675632104070916,0.6317625706494338,-0.0578256269927621,-0.0025554557433939366,-0.4509849548339844,-0.17308759689331055,-0.011818737722933292,-0.4509849548339844,-0.17308759689331055,-0.011818737722933292,0.6294090270996093,-0.06058065891265869,-0.002954684430733323,-0.10125348190412813,0.19999999999998863,,none,-0.09125326064229,0.0,-0.009999999999999431,-2.212618386888271e-07
R01_horizontal_empty,504,101.79999999999636,61.51173140122091,30.70528644503783,29.87329565875959,-3.133345455726453,-0.21727904716628435,0.6311773221193402,-0.05896959982912664,-0.002663650833077649,-0.45147469639778137,-0.1751447319984436,-0.011536473408341408,-0.45147469639778137,-0.1751447319984436,-0.011536473408341408,0.6291151821613312,-0.06130065619945526,-0.002884118352085352,-0.10049629799663559,0.19999999999998863,,none,-0.09049620697014049,0.0,-0.009999999999999431,-9.102649566746293e-08
R01_horizontal_empty,505,101.99999999999635,61.38851936365571,30.705000888890652,29.900531439743773,-3.145242306044614,-0.21781990753403496,0.6307176693534479,-0.059926761910433085,-0.0027392545793319977,-0.4515032172203064,-0.17679187655448914,-0.01157324481755495,-0.4515032172203064,-0.17679187655448914,-0.01157324481755495,0.6290980696678161,-0.06187715679407119,-0.0028933112043887377,-0.0997326194075125,0.19999999999998863,,none,-0.08973256510249783,0.0,-0.009999999999999431,-5.4305015247269746e-08
R01_horizontal_empty,506,102.19999999999634,61.26541289313455,30.706191444993813,29.927815650227373,-3.1573171089292735,-0.21836957888301725,0.6303023398906175,-0.060758573201013195,-0.002756183012107981,-0.45193514227867126,-0.1784386932849884,-0.011162711307406425,-0.45193514227867126,-0.1784386932849884,-0.011162711307406425,0.6288389146327973,-0.06245354264974594,-0.0027906778268516064,-0.09896148074670465,0.19999999999998863,,none,-0.08896141940465796,0.0,-0.009999999999999431,-6.134204725701323e-08
R01_horizontal_empty,507,102.39999999999633,61.142417178482226,30.708876474831225,29.955151459915594,-3.1695522803809175,-0.21891665555563658,0.6299741533834439,-0.0615346484162021,-0.002717499310193996,-0.4519703686237335,-0.18033155798912048,-0.010554696433246136,-0.4519703686237335,-0.18033155798912048,-0.010554696433246136,0.6288177788257598,-0.06311604529619216,-0.002638674108311534,-0.09818185161766428,0.19999999999998863,,none,-0.08818177254046944,0.0,-0.009999999999999431,-7.90771954147125e-08
R01_horizontal_empty,508,102.59999999999631,61.019542047449576,30.71307415841078,29.982539800692365,-3.181971370939603,-0.21945150260613505,0.6296528945421003,-0.06257764627393674,-0.002637035745121499,-0.45246511697769165,-0.1848655641078949,-0.009892305359244347,-0.45246511697769165,-0.1848655641078949,-0.009892305359244347,0.6285209298133849,-0.06470294743776321,-0.0024730763398110867,-0.09739054687780066,0.19999999999998863,,none,-0.08739012206281416,0.0,-0.009999999999999431,-4.24814987074907e-07
R01_horizontal_empty,509,102.7999999999963,60.89681785309973,30.71880752837792,30.00997677205673,-3.194634360754028,-0.21998116553333236,0.6292192253462653,-0.06394890026239235,-0.0026580125054456024,-0.4538480341434479,-0.19069452583789825,-0.010803026147186756,-0.4538480341434479,-0.19069452583789825,-0.010803026147186756,0.6276911795139313,-0.06674308404326439,-0.002700756536796689,-0.09656890714305065,0.19999999999998863,,none,-0.0865681727697094,0.0,-0.009999999999999431,-7.343733418155481e-07
R01_horizontal_empty,510,102.99999999999629,60.77427932724526,30.726105802338584,30.037458880239637,-3.2075873548308067,-0.2205019012882152,0.6287541439935563,-0.06546664766782193,-0.0025569612879978265,-0.4548076391220093,-0.1958838254213333,-0.009404202923178673,-0.4548076391220093,-0.1958838254213333,-0.009404202923178673,0.6271154165267945,-0.06855933889746665,-0.002351050730794668,-0.09570967862873701,0.19999999999998863,,none,-0.08570908250117171,0.0,-0.009999999999999431,-5.961275658708693e-07
R01_horizontal_empty,511,103.19999999999628,60.65194619661996,30.735003580605007,30.064983722895896,-3.2208825939269246,-0.22098317646541618,0.628340894969148,-0.06734422967103182,-0.0022768988311708104,-0.4551919996738434,-0.20334328711032867,-0.006824878975749016,-0.4551919996738434,-0.20334328711032867,-0.006824878975749016,0.6268848001956939,-0.07117015048861502,-0.001706219743937254,-0.09482093826604161,0.19999999999998863,,none,-0.0848196893817672,0.0,-0.009999999999999431,-1.248884274983597e-06
R01_horizontal_empty,512,103.39999999999627,60.529878337371215,30.74554190561748,30.09253363709059,-3.2346448515768533,-0.22133372121246733,0.6275178393394525,-0.07007270151755225,-0.0013020250171983563,-0.4589703679084778,-0.2160927653312683,0.0027378431987017393,-0.4589703679084778,-0.2160927653312683,0.0027378431987017393,0.6246177792549132,-0.07563246786594391,0.0006844607996754348,-0.09386928347418297,0.19999999999998863,,none,-0.08386391805584736,0.0,-0.009999999999999431,-5.365418336168811e-06
R01_horizontal_empty,513,103.59999999999626,60.40815281132565,30.757772758268537,30.120073713193,-3.2489215360317742,-0.22146220361398053,0.6265375328297949,-0.07251041241499248,-7.526041991526218e-05,-0.46152767539024353,-0.2213648557662964,0.009697997942566872,-0.46152767539024353,-0.2213648557662964,0.009697997942566872,0.6230833947658538,-0.07747769951820373,0.002424499485641718,-0.09281870652093266,0.19999999999998863,,none,-0.08281705095066982,0.0,-0.009999999999999431,-1.655570263399158e-06
R01_horizontal_empty,514,103.79999999999625,60.28683056457815,30.7717453792783,30.147567345520486,-3.2636901403026752,-0.22136986623971783,0.6253366887395819,-0.0749888314957945,0.0009233674389466156,-0.46482419967651367,-0.22868305444717407,0.011833026073873043,-0.46482419967651367,-0.22868305444717407,0.011833026073873043,0.6211054801940918,-0.08003906905651093,0.0029582565184682608,-0.09169239843479746,0.19999999999998863,,none,-0.08169101880580953,0.0,-0.009999999999999431,-1.3796289884847498e-06
R01_horizontal_empty,515,103.99999999999623,60.16595115080745,30.787509300786525,30.174989203986176,-3.278947066967526,-0.2211410608178592,0.6242183474529955,-0.07739879580067535,0.001333755754028963,-0.46620360016822815,-0.2351701259613037,0.008679991587996483,-0.46620360016822815,-0.2351701259613037,0.008679991587996483,0.6202778398990632,-0.0823095440864563,0.0021699978969991207,-0.09050505237521592,0.19999999999998863,,none,-0.08050397384583619,0.0,-0.009999999999999431,-1.0785293803020242e-06
R01_horizontal_empty,516,104.19999999999622,60.045527249053386,30.805116029385527,30.202334287040593,-3.2946892718782794,-0.2208885049138129,0.6232238812314229,-0.07983931130646917,0.001201752398122328,-0.4671335816383362,-0.24232089519500732,0.0037310845218598843,-0.4671335816383362,-0.24232089519500732,0.0037310845218598843,0.6197198510169983,-0.08481231331825256,0.0009327711304649711,-0.08928159429639546,0.19999999999998863,,none,-0.07928006449544966,0.0,-0.009999999999999431,-1.5298009463536642e-06
R01_horizontal_empty,517,104.39999999999621,59.92556755913388,30.824619050613926,30.229611574900073,-3.310936374709896,-0.22068212683338825,0.6224087281874697,-0.08243600391861144,0.0008858388547680253,-0.4674391448497772,-0.25064927339553833,0.0009684261749498546,-0.4674391448497772,-0.25064927339553833,0.0009684261749498546,0.6195365130901336,-0.08772724568843841,0.00024210654373746365,-0.08802758737370608,0.19999999999998863,,none,-0.07802604562303728,0.0,-0.009999999999999431,-1.541750669380358e-06
R01_horizontal_empty,518,104.5999999999962,59.80606767329168,30.84607528978035,30.256838672027882,-3.327642266346348,-0.22053635383353207,0.6218916715697013,-0.0844696372154166,0.0005938949940518118,-0.4665503203868866,-0.2531815469264984,-3.978610038757324e-06,-0.4665503203868866,-0.2531815469264984,-3.978610038757324e-06,0.620069807767868,-0.08861354142427444,-9.94652509689331e-07,-0.08675233684579439,0.19999999999998863,,none,-0.07675217388601041,0.0,-0.009999999999999431,-1.6295978454605205e-07
R01_horizontal_empty,519,104.79999999999619,59.686993926446604,30.86953893617957,30.284040366345206,-3.34472769853268,-0.22045043792739394,0.6218685624474084,-0.08625046351658154,0.0002882970293452227,-0.46368810534477234,-0.25679779052734375,-0.0013376615243032575,-0.46368810534477234,-0.25679779052734375,-0.0013376615243032575,0.6217871367931366,-0.08987922668457031,-0.00033441538107581437,-0.08548388094599195,0.19999999999998863,,none,-0.07548341998193564,0.0,-0.009999999999999431,-4.609640568752204e-07
R01_horizontal_empty,520,104.99999999999618,59.5682926206656,30.895065014065064,30.31124713232779,-3.362155149787492,-0.220440024209508,0.622379805967431,-0.08789974263041674,-0.00015104646862675432,-0.45969802141189575,-0.2607441544532776,-0.004185160622000694,-0.45969802141189575,-0.2607441544532776,-0.004185160622000694,0.6241811871528625,-0.09126045405864715,-0.0010462901555001736,-0.08423673947493526,0.19999999999998863,,none,-0.07423594741875306,0.0,-0.009999999999999431,-7.920561827739908e-07
R01_horizontal_empty,521,105.19999999999617,59.44995085748029,30.922700437734377,30.33848238951615,-3.379911074326895,-0.22050252234695789,0.6230067933327665,-0.08953616535069886,-0.0004513044213205098,-0.45797333121299744,-0.2653447985649109,-0.0042525422759354115,-0.45797333121299744,-0.2653447985649109,-0.0042525422759354115,0.6252160012722014,-0.09287067949771881,-0.0010631355689838529,-0.08298613806409019,0.19999999999998863,,none,-0.07298565516363453,0.0,-0.009999999999999431,-4.82900456227381e-07
R01_horizontal_empty,522,105.39999999999615,59.33198883362826,30.952486825563465,30.36575896342768,-3.398015836976805,-0.22058535988242725,0.6238174688031012,-0.09137301735209538,-0.00038227378243293293,-0.45554348826408386,-0.27175983786582947,-0.0009664443205110729,-0.45554348826408386,-0.27175983786582947,-0.0009664443205110729,0.6266739070415497,-0.0951159432530403,-0.00024161108012776822,-0.08171135435884919,0.19999999999998863,,none,-0.07171019725273453,0.0,-0.009999999999999431,-1.1571061152271793e-06
R01_horizontal_empty,523,105.59999999999614,59.214453218730924,30.984464538328396,30.39307442683283,-3.4165260332074934,-0.22058215878912626,0.6244984659236876,-0.09356382357827292,0.0003584558200682192,-0.45517003536224365,-0.28007999062538147,0.007471317891031504,-0.45517003536224365,-0.28007999062538147,0.007471317891031504,0.6268979787826539,-0.09802799671888351,0.001867829472757876,-0.08039002172131708,0.19999999999998863,,none,-0.07038721051651464,0.0,-0.009999999999999431,-2.811204803014191e-06
R01_horizontal_empty,524,105.79999999999613,59.09740167407509,31.018677563039773,30.420409894011716,-3.4354762823454887,-0.2203884635609242,0.6252364051705938,-0.09577222060410101,0.001492986707765567,-0.4536057412624359,-0.28649210929870605,0.01521921344101429,-0.4536057412624359,-0.28649210929870605,0.01521921344101429,0.6278365552425385,-0.10027223825454712,0.0038048033602535725,-0.07900334515925184,0.19999999999998863,,none,-0.06900127331590511,0.0,-0.009999999999999431,-2.071843347298684e-06
R01_horizontal_empty,525,105.99999999999612,58.98085911711227,31.055182414172155,30.447743232074153,-3.4549022258800983,-0.2199101748174502,0.6262098327790697,-0.09829692724387393,0.003163959286335064,-0.45060044527053833,-0.29554709792137146,0.026275500655174255,-0.45060044527053833,-0.29554709792137146,0.026275500655174255,0.629639732837677,-0.10344148427248001,0.006568875163793564,-0.07757061393876741,0.19999999999998863,,none,-0.06756634861656963,0.0,-0.009999999999999431,-4.265322198350255e-06
R01_horizontal_empty,526,106.19999999999611,58.8648264735001,31.09404825780061,30.475047254544968,-3.4747695623607444,-0.21907997768675516,0.6275264654716637,-0.10023068961774124,0.004999655347677877,-0.4463905692100525,-0.2976316809654236,0.034960903227329254,-0.4463905692100525,-0.2976316809654236,0.034960903227329254,0.6321656584739686,-0.10417108833789825,0.008740225806832314,-0.07609208133758699,0.19999999999998863,,none,-0.06609013124237251,0.0,-0.009999999999999431,-1.950095215051961e-06
R01_horizontal_empty,527,106.3999999999961,58.74928327122751,31.135343762811544,30.50229644585279,-3.494969377555107,-0.217920744808537,0.6293123461357428,-0.10165975357258306,0.006481022576046595,-0.44065842032432556,-0.29877638816833496,0.03799832984805107,-0.44065842032432556,-0.29877638816833496,0.03799832984805107,0.6356049478054047,-0.10457173585891723,0.009499582462012768,-0.07459034609553224,0.19999999999998863,,none,-0.06458947821861472,0.0,-0.009999999999999431,-8.678769180961443e-07
R01_horizontal_empty,528,106.59999999999609,58.634224502093666,31.179126068615517,30.529467472326093,-3.5154679462594407,-0.21647605321299537,0.6313144873727319,-0.10320915487450935,0.0078618223074459,-0.43605151772499084,-0.30390384793281555,0.042701829224824905,-0.43605151772499084,-0.30390384793281555,0.042701829224824905,0.6383690893650055,-0.10636634677648543,0.010675457306206226,-0.07306398217998558,0.19999999999998863,,none,-0.06306258943395449,0.0,-0.009999999999999431,-1.3927460316687234e-06
R01_horizontal_empty,529,106.79999999999607,58.51961687475167,31.2254644126564,30.556547062739714,-3.536178903760465,-0.2147632016246152,0.6340967803337093,-0.10385197099352328,0.009168229482009682,-0.4268328845500946,-0.30046236515045166,0.047321103513240814,-0.4268328845500946,-0.30046236515045166,0.047321103513240814,0.6439002692699431,-0.10516182780265808,0.011830275878310204,-0.0715287614363803,0.19999999999998863,,none,-0.06152639814245475,0.0,-0.009999999999999431,-2.363293926124499e-06
R01_horizontal_empty,530,106.99999999999606,58.40532044088717,31.27445981652374,30.583541689182542,-3.556924565495212,-0.2126570167989256,0.6382433511347689,-0.10362198075118673,0.011702602705014402,-0.41191014647483826,-0.2947238087654114,0.06746742874383926,-0.41191014647483826,-0.2947238087654114,0.06746742874383926,0.652853912115097,-0.10315333306789398,0.016866857185959816,-0.07005840108654436,0.19999999999998863,,none,-0.06004517121531805,0.0,-0.009999999999999431,-1.3229871226880796e-05
R01_horizontal_empty,531,107.19999999999605,58.291155188813974,31.32621050097919,30.61044188000432,-3.57729062411517,-0.21004291833802402,0.643536280407628,-0.1002897557222308,0.01424663763025904,-0.3963565528392792,-0.26714208722114563,0.07772231847047806,-0.3963565528392792,-0.26714208722114563,0.07772231847047806,0.6621860682964325,-0.09349973052740096,0.019430579617619514,-0.06866852170367953,0.19999999999998863,,none,-0.05864636513564747,0.0,-0.009999999999999431,-2.2156568032620784e-05
R01_horizontal_empty,532,107.39999999999604,58.176919832358315,31.380771622255633,30.63723400156666,-3.596857435158706,-0.20700288166578987,0.6501738374463067,-0.09572258315813173,0.01602006557587366,-0.3773975670337677,-0.2469032108783722,0.07853501290082932,-0.3773975670337677,-0.2469032108783722,0.07853501290082932,0.6735614597797394,-0.08641612380743026,0.01963375322520733,-0.0673885280598066,0.19999999999998863,,none,-0.05737313374519459,0.0,-0.009999999999999431,-1.539431461257568e-05
R01_horizontal_empty,533,107.59999999999603,58.062510201939624,31.43812951571403,30.66388620618839,-3.615584739373024,-0.20353318340075527,0.6568123586398431,-0.0918428732704687,0.01849070465600344,-0.366327702999115,-0.2398207038640976,0.09410035610198975,-0.366327702999115,-0.2398207038640976,0.09410035610198975,0.680203378200531,-0.08393724635243416,0.023525089025497437,-0.06620261001950066,0.19999999999998863,,none,-0.05619431034541478,0.0,-0.009999999999999431,-8.299674086457154e-06
R01_horizontal_empty,534,107.79999999999602,57.947978861042444,31.49820435464813,30.690312652217067,-3.633602086153209,-0.19944785531872333,0.6629451836572336,-0.08857676181573532,0.02209120587585834,-0.35907605290412903,-0.23406130075454712,0.11771157383918762,-0.35907605290412903,-0.23406130075454712,0.11771157383918762,0.6845543682575226,-0.08192145526409149,0.029427893459796906,-0.06503254424495154,0.19999999999998863,,none,-0.055019679309825875,0.0,-0.009999999999999431,-1.2864935126235545e-05
R01_horizontal_empty,535,107.999999999996,57.83341901092693,31.56090131795278,30.716391882203155,-3.6509390664439594,-0.19461687719298787,0.6685359711432253,-0.08505823310088005,0.025929297844545063,-0.35294121503829956,-0.2225387990474701,0.13500048220157623,-0.35294121503829956,-0.2225387990474701,0.13500048220157623,0.6882352709770203,-0.07788857966661453,0.03375012055039406,-0.06382479651113332,0.19999999999998863,,none,-0.05381541029846204,0.0,-0.009999999999999431,-9.386212671853577e-06
R01_horizontal_empty,536,108.199999999996,57.71890217560126,31.62612692394679,30.741998067421815,-3.667586809434858,-0.18906894551323045,0.6737740959941428,-0.08167424822868251,0.029296251200270716,-0.346282035112381,-0.2136535793542862,0.14462816715240479,-0.346282035112381,-0.2136535793542862,0.14462816715240479,0.6922307789325715,-0.07477875277400016,0.036157041788101196,-0.06259737037235417,0.19999999999998863,,none,-0.05259305068987885,0.0,-0.009999999999999431,-4.319682475886211e-06
R01_horizontal_empty,537,108.39999999999598,57.60447867788873,31.693794984426944,30.767018911470455,-3.6835735535321907,-0.18291567474497128,0.6787007139084665,-0.07843717166512465,0.03203038446939355,-0.33990034461021423,-0.20526008307933807,0.15040674805641174,-0.33990034461021423,-0.20526008307933807,0.15040674805641174,0.6960597932338715,-0.07184102907776832,0.037601687014102936,-0.0613696363940009,0.19999999999998863,,none,-0.051366745018988524,0.0,-0.009999999999999431,-2.8913750129433427e-06
R01_horizontal_empty,538,108.59999999999597,57.4901098997323,31.763878117150547,30.791376247549206,-3.699042557309013,-0.1762710527548436,0.6843227768779182,-0.07640595889793315,0.03424864483312464,-0.32644620537757874,-0.2064771056175232,0.1550750434398651,-0.32644620537757874,-0.2064771056175232,0.1550750434398651,0.7041322767734528,-0.07226698696613311,0.03876876085996628,-0.0601812046347073,0.19999999999998863,,none,-0.05017711887494514,0.0,-0.009999999999999431,-4.085759762735286e-06
R01_horizontal_empty,539,108.79999999999596,57.37581761517214,31.836336819626318,30.814987512719572,-3.7141037598720983,-0.16909797656123596,0.6891627574800933,-0.07436025195577667,0.03725549070259267,-0.3229723870754242,-0.20054784417152405,0.1735299825668335,-0.3229723870754242,-0.20054784417152405,0.1735299825668335,0.7062165677547454,-0.07019174546003341,0.043382495641708374,-0.05899368426506438,0.19999999999998863,,none,-0.04898592809840352,0.0,-0.009999999999999431,-7.756166661430086e-06
R01_horizontal_empty,540,108.99999999999595,57.26161897258852,31.91113925471811,30.83775659489253,-3.7287871654030393,-0.16132713175728355,0.6946170527219723,-0.07260602006078316,0.040228854486144446,-0.31027430295944214,-0.1972327083349228,0.18515053391456604,-0.31027430295944214,-0.1972327083349228,0.18515053391456604,0.7138354182243347,-0.06903144791722297,0.04628763347864151,-0.057793037104528655,0.19999999999998863,,none,-0.047786891730940084,0.0,-0.009999999999999431,-6.1453735891392474e-06
R01_horizontal_empty,541,109.19999999999594,57.147491190981164,31.988267991098457,30.85958827160809,-3.742820183719176,-0.15292463367055867,0.6998076003732977,-0.06806632087329208,0.04354610475691999,-0.3031722605228424,-0.1680452674627304,0.2012224644422531,-0.3031722605228424,-0.1680452674627304,0.2012224644422531,0.7180966436862946,-0.05881584361195564,0.05030561611056328,-0.05662422858743577,0.19999999999998863,,none,-0.04660101553418983,0.0,-0.009999999999999431,-2.321305324651579e-05
R01_horizontal_empty,542,109.39999999999593,57.03326720553565,32.06773591840857,30.88040618595279,-3.755824261876535,-0.14404277419077088,0.7068450075084965,-0.062401424727602864,0.045151491792045806,-0.2805974781513214,-0.14530900120735168,0.19369105994701385,-0.2805974781513214,-0.14530900120735168,0.19369105994701385,0.7316415131092071,-0.050858150422573085,0.048422764986753464,-0.05554590542656943,0.19999999999998863,,none,-0.04552423981344944,0.0,-0.009999999999999431,-2.166561312055837e-05
R01_horizontal_empty,543,109.59999999999592,56.918932014642266,32.149414860152184,30.900131837218677,-3.7677914681643507,-0.13485246863968073,0.7118433267700075,-0.057630242809549405,0.04663941847348824,-0.28424158692359924,-0.13688021898269653,0.19868537783622742,-0.28424158692359924,-0.13688021898269653,0.19868537783622742,0.7294550478458404,-0.04790807664394378,0.049671344459056854,-0.05452840226095161,0.19999999999998863,,none,-0.04452621691875791,0.0,-0.009999999999999431,-2.18534219426747e-06
R01_horizontal_empty,544,109.7999999999959,56.80458100981622,32.2331140254529,30.91868142505435,-3.778945135641207,-0.12544615016978453,0.7171088739356274,-0.05416742502722049,0.04736879315231002,-0.27389636635780334,-0.13460369408130646,0.19542011618614197,-0.27389636635780334,-0.13460369408130646,0.19542011618614197,0.735662180185318,-0.047111292928457255,0.04885502904653549,-0.053559848484744,0.19999999999998863,,none,-0.043557391122988065,0.0,-0.009999999999999431,-2.457361756502685e-06
R01_horizontal_empty,545,109.9999999999959,56.69014838941502,32.318793064301715,30.936021079994415,-3.7895038465545707,-0.11597838379916098,0.7226547670795098,-0.05161226674886656,0.04731307038668699,-0.26300686597824097,-0.13258759677410126,0.18879809975624084,-0.26300686597824097,-0.13258759677410126,0.18879809975624084,0.7421958804130554,-0.04640565887093544,0.04719952493906021,-0.05267035802459514,0.19999999999998863,,none,-0.04266702808522638,0.0,-0.009999999999999431,-3.329939369329793e-06
R01_horizontal_empty,546,110.19999999999588,56.575615616656584,32.40641200676133,30.95213061770198,-3.7997046987715772,-0.10654701877557313,0.7281111299995054,-0.05048148277030959,0.047022481569617615,-0.25443869829177856,-0.13764943182468414,0.18572141230106354,-0.25443869829177856,-0.13764943182468414,0.18572141230106354,0.7473367810249328,-0.048177301138639446,0.046430353075265884,-0.05182693315766011,0.19999999999998863,,none,-0.041824763124115094,0.0,-0.009999999999999431,-2.170033545589867e-06
R01_horizontal_empty,547,110.39999999999587,56.46101025666599,32.49593930341298,30.966994627895666,-3.8097767740432134,-0.09718782382758995,0.7335095880453082,-0.05025624606828446,0.04660121856288008,-0.2457813173532486,-0.14227795600891113,0.1829712688922882,-0.2457813173532486,-0.14227795600891113,0.1829712688922882,0.7525312095880508,-0.04979728460311889,0.04574281722307205,-0.05099495288297893,0.19999999999998863,,none,-0.040992874147587344,0.0,-0.009999999999999431,-2.078735392152531e-06
R01_horizontal_empty,548,110.59999999999586,56.346318158831394,32.58741638754154,30.98060651758985,-3.8199872836401334,-0.08785881548949066,0.7395668620436818,-0.051737228076551095,0.04668272190001389,-0.23181693255901337,-0.15644286572933197,0.18739520013332367,-0.23181693255901337,-0.15644286572933197,0.18739520013332367,0.760909840464592,-0.05475500300526619,0.04684880003333092,-0.05017327997355095,0.19999999999998863,,none,-0.04016497557599763,0.0,-0.009999999999999431,-8.304397553891007e-06
R01_horizontal_empty,549,110.79999999999585,56.23153143479847,32.68093340985792,30.99294531172361,-3.830537257067461,-0.07840008684780801,0.7458692607263776,-0.05362055925801394,0.04781892846647921,-0.21987342834472656,-0.16416627168655396,0.20053663849830627,-0.21987342834472656,-0.16416627168655396,0.20053663849830627,0.7680759429931641,-0.05745819509029388,0.05013415962457657,-0.04931301726236581,0.19999999999998863,,none,-0.03930551734847043,0.0,-0.009999999999999431,-7.499913895947508e-06
R01_horizontal_empty,550,110.99999999999584,56.11667661292103,32.77657276179128,31.003961344456233,-3.841410079867162,-0.06871406758697139,0.7524931145847934,-0.05500344076346651,0.04895559353424537,-0.20694591104984283,-0.1652037650346756,0.20508703589439392,-0.20694591104984283,-0.1652037650346756,0.20508703589439392,0.7758324533700942,-0.057821317762136455,0.05127175897359848,-0.04838812021158092,0.19999999999998863,,none,-0.038384342147335104,0.0,-0.009999999999999431,-3.778064246384716e-06
R01_horizontal_empty,551,111.19999999999582,56.0017367962182,32.87444896594535,31.013603137518004,-3.8526026688061736,-0.05882805792598619,0.7599126774813147,-0.05678794991814231,0.04983799625702899,-0.18990713357925415,-0.1726406216621399,0.20654422044754028,-0.18990713357925415,-0.1726406216621399,0.20654422044754028,0.7860557198524475,-0.06042421758174896,0.05163605511188507,-0.04742474947134965,0.19999999999998863,,none,-0.03741779446812998,0.0,-0.009999999999999431,-6.9550032202325696e-06
R01_horizontal_empty,552,111.39999999999581,55.88675583192399,32.97464093067848,31.02182025812619,-3.864199021912131,-0.0488303802934808,0.7670684918657156,-0.05900823773336535,0.050117698844286435,-0.17952965199947357,-0.18152138590812683,0.2027505785226822,-0.17952965199947357,-0.18152138590812683,0.2027505785226822,0.7922822088003159,-0.06353248506784438,0.05068764463067055,-0.04638538818579813,0.19999999999998863,,none,-0.03638136914946699,0.0,-0.009999999999999431,-4.019036331710524e-06
R01_horizontal_empty,553,111.5999999999958,55.77189031333341,33.07715079865756,31.02858176513743,-3.8763190239862486,-0.03904698533893081,0.7736763067954352,-0.061968655872116446,0.04788456250440795,-0.1717347800731659,-0.1942887306213379,0.17333653569221497,-0.1717347800731659,-0.1942887306213379,0.17333653569221497,0.7969591319561005,-0.06800105571746826,0.04333413392305374,-0.045259468672141694,0.19999999999998863,,none,-0.03523768965144214,0.0,-0.009999999999999431,-2.1779020700121165e-05
R01_horizontal_empty,554,111.79999999999579,55.657241270726985,33.182063387851514,31.033926732138422,-3.8891723301360033,-0.02986407207624596,0.7809752171186379,-0.06624230042809522,0.044220714841323845,-0.15551143884658813,-0.21414469182491302,0.14701978862285614,-0.15551143884658813,-0.21414469182491302,0.14701978862285614,0.8066931366920471,-0.07495064213871955,0.036754947155714035,-0.044035815763420014,0.19999999999998863,,none,-0.034008815219976896,0.0,-0.009999999999999431,-2.7000543443689296e-05
R01_horizontal_empty,555,111.99999999999578,55.542849999104284,33.28955823892841,31.03794112030432,-3.90276690350321,-0.021428337354350714,0.7889097987502983,-0.06946085065603827,0.040422876028503356,-0.13855412602424622,-0.21719783544540405,0.1307363063097,-0.13855412602424622,-0.21719783544540405,0.1307363063097,0.8168675243854522,-0.07601924240589142,0.032684076577425,-0.042719151177393756,0.19999999999998863,,none,-0.03270791069858703,0.0,-0.009999999999999431,-1.1240478807299504e-05
R01_horizontal_empty,556,112.19999999999577,55.42875072909188,33.39980020435242,31.04072032892722,-3.9168854343776354,-0.01376135152863298,0.797511384681387,-0.07156580721344177,0.03653966071828683,-0.12030113488435745,-0.21672870218753815,0.11450756341218948,-0.12030113488435745,-0.21672870218753815,0.11450756341218948,0.8278193190693854,-0.07585504576563834,0.02862689085304737,-0.041366210471544526,0.19999999999998863,,none,-0.03135427519419309,0.0,-0.009999999999999431,-1.193527735199984e-05
R01_horizontal_empty,557,112.39999999999576,55.31499781401763,33.5129064065749,31.04236095879851,-3.9314619163436992,-0.006839985415562707,0.8063171721826056,-0.07401445733933197,0.032944935372429644,-0.10442563891410828,-0.22572581470012665,0.10248006880283356,-0.10442563891410828,-0.22572581470012665,0.10248006880283356,0.837344616651535,-0.07900403514504432,0.02562001720070839,-0.03996976502058147,0.19999999999998863,,none,-0.02996021221993317,0.0,-0.009999999999999431,-9.552800648873205e-06
R01_horizontal_empty,558,112.59999999999575,55.201771091925565,33.62888957833702,31.04295572909283,-3.9466993730581352,-0.0006469508217657712,0.8142151212177117,-0.07805553333325795,0.029262924265747406,-0.0965937152504921,-0.2465427815914154,0.08704058080911636,-0.0965937152504921,-0.2465427815914154,0.08704058080911636,0.8420437708497046,-0.08628997355699539,0.02176014520227909,-0.03849655749973026,0.19999999999998863,,none,-0.02848189624116415,0.0,-0.009999999999999431,-1.4661258566677215e-05
R01_horizontal_empty,559,112.79999999999573,55.089345946806915,33.74772123981042,31.042602469672076,-3.9628366958449055,0.004825058081707873,0.8213322784379704,-0.08294888213971427,0.02572390142339973,-0.08931702375411987,-0.2654856741428375,0.0740499496459961,-0.08931702375411987,-0.2654856741428375,0.0740499496459961,0.8464097857475281,-0.09291998594999312,0.018512487411499023,-0.036877450706564244,0.19999999999998863,,none,-0.026865839908257527,0.0,-0.009999999999999431,-1.1610798307286618e-05
R01_horizontal_empty,560,112.99999999999572,54.97796164014186,33.869453109429195,31.041407272432554,-3.980062750163564,0.009485930669841235,0.828402254812455,-0.08886570896821053,0.021223983882302035,-0.07781080156564713,-0.28834953904151917,0.04821827635169029,-0.07781080156564713,-0.28834953904151917,0.04821827635169029,0.8533135190606116,-0.10092233866453171,0.012054569087922573,-0.03512590281717996,0.19999999999998863,,none,-0.025099454320933745,0.0,-0.009999999999999431,-2.644849624678841e-05
R01_horizontal_empty,561,113.19999999999571,54.86787150351898,33.9941772547282,31.03950725737937,-3.9986706819343563,0.0131450891225244,0.8350269583112375,-0.09662852424914255,0.01577806065208419,-0.06938451528549194,-0.3212762773036957,0.01872393675148487,-0.06938451528549194,-0.3212762773036957,0.01872393675148487,0.8583692908287048,-0.11244669705629348,0.004680984187871218,-0.033201132389078326,0.19999999999998863,,none,-0.023160630619848632,0.0,-0.009999999999999431,-4.050176923026512e-05
R01_horizontal_empty,562,113.3999999999957,54.75938173851696,34.122015549664724,31.037073522717368,-4.019025600185882,0.015652599399809394,0.8415531590343586,-0.10619930700974067,0.00975128133417111,-0.05908597633242607,-0.3591472804546356,-0.010117587633430958,-0.05908597633242607,-0.3591472804546356,-0.010117587633430958,0.8645484142005444,-0.12570154815912246,-0.0025293969083577394,-0.031050843744704588,0.19999999999998863,,none,-0.021003401618443718,0.0,-0.009999999999999431,-4.744212626144025e-05
R01_horizontal_empty,563,113.59999999999569,54.65288411019946,34.253107036780854,31.034293773470434,-4.041743053756924,0.017072617498894285,0.847419379642154,-0.1199396194034869,0.004820531009175994,-0.05318470671772957,-0.422680139541626,-0.020907141268253326,-0.05318470671772957,-0.422680139541626,-0.020907141268253326,0.8680891759693623,-0.14793804883956907,-0.005226785317063332,-0.02863964815269461,0.19999999999998863,,none,-0.018555894880005752,0.0,-0.009999999999999431,-8.375327268942843e-05
R01_horizontal_empty,564,113.79999999999568,54.548952125677296,34.38755779723019,31.031325666058,-4.067499861645148,0.017755472835643358,0.8520446050748862,-0.13638869064257222,0.0022051444173073675,-0.05276380106806755,-0.4854477643966675,-0.012496759183704853,-0.05276380106806755,-0.4854477643966675,-0.012496759183704853,0.8683417193591594,-0.1699067175388336,-0.0031241897959262133,-0.025757212971385682,0.19999999999998863,,none,-0.015676999243019907,0.0,-0.009999999999999431,-8.021372836634471e-05
R01_horizontal_empty,565,113.99999999999567,54.4481475246919,34.5256086684551,31.02826362011046,-4.096405085912403,0.01799528803979142,0.8574076508139581,-0.15152288560552946,0.00033403351844594906,-0.03949250653386116,-0.5210331678390503,-0.013914804905653,-0.03949250653386116,-0.5210331678390503,-0.013914804905653,0.8763044960796833,-0.18236160874366758,-0.00347870122641325,-0.02231363061099161,0.19999999999998863,,none,-0.01228474142998337,0.0,-0.009999999999999431,-2.8889181008806848e-05
R01_horizontal_empty,566,114.19999999999565,54.35089367314024,34.66765162129135,31.0251721805223,-4.128073849008416,0.017837122403642453,0.8640907323327378,-0.16420861976849882,-0.0017580121041473828,-0.020602064207196236,-0.5430232882499695,-0.02408376894891262,-0.020602064207196236,-0.5430232882499695,-0.02408376894891262,0.8876387614756822,-0.1900581508874893,-0.006020942237228155,-0.01842516144590208,0.19999999999998863,,none,-0.008406285005168712,0.0,-0.009999999999999431,-1.8876440733937712e-05
R01_horizontal_empty,567,114.39999999999564,54.257577742723946,34.81404983094388,31.02211731751866,-4.162132576371839,0.017278074857262155,0.8719816487717463,-0.17552568504783245,-0.00368706999254885,-0.00035746858338825405,-0.5673894286155701,-0.030471529811620712,-0.00035746858338825405,-0.5673894286155701,-0.030471529811620712,0.899785518849967,-0.19858630001544952,-0.007617882452905178,-0.014109495968369884,0.19999999999998863,,none,-0.004088608849627917,0.0,-0.009999999999999431,-2.0887118742536015e-05
R01_horizontal_empty,568,114.59999999999563,54.16863298364944,34.96505155191196,31.019158357467944,-4.198349605610129,0.016457435845810817,0.8804626232398983,-0.18586530845029522,-0.004460989684809404,0.017242632806301117,-0.5912405848503113,-0.02415197715163231,0.017242632806301117,-0.5912405848503113,-0.02415197715163231,0.9103455796837807,-0.20693420469760893,-0.006037994287908077,-0.009368419052514261,0.19999999999998863,,none,0.0006499525068548451,0.0,-0.009999999999999431,-1.8371559369674936e-05
R01_horizontal_empty,569,114.79999999999562,54.084583272997534,35.12069929048753,31.016313908329927,-4.236425470802608,0.01577166336560414,0.8884066739515434,-0.19426058991760145,-0.002541413822695783,0.02732960693538189,-0.6039072275161743,0.0054803090170025826,0.02732960693538189,-0.6039072275161743,0.0054803090170025826,0.9163977641612291,-0.211367529630661,0.0013700772542506456,-0.0042231307305419,0.19999999999998863,,none,0.005799674534799237,0.0,-0.009999999999999431,-2.2805265341705547e-05
R01_horizontal_empty,570,114.99999999999561,54.005852201317424,35.281074137103644,31.013524710705926,-4.2757328184779,0.015547855157252504,0.8980451263616337,-0.19849382714414965,0.00010395027157210498,0.05334414914250374,-0.5917709469795227,0.02197747677564621,0.05334414914250374,-0.5917709469795227,0.02197747677564621,0.9320064894855022,-0.20711983144283294,0.005494369193911552,0.0013047781813124034,0.19999999999998863,,none,0.01132670222642318,0.0,-0.009999999999999431,-2.1924045111345275e-05
R01_horizontal_empty,571,115.1999999999956,53.932748979008345,35.446248368143316,31.010714730014346,-4.3157506295589325,0.01555697723517907,0.908097117415227,-0.20146067213753915,-4.551684465218381e-06,0.0725259929895401,-0.5928747653961182,-0.0009025780018419027,0.0725259929895401,-0.5928747653961182,-0.0009025780018419027,0.943515595793724,-0.20750616788864135,-0.00022564450046047568,0.007122469135628723,0.19999999999998863,,none,0.01714032230472995,0.0,-0.009999999999999431,-1.7853169101795172e-05
R01_horizontal_empty,572,115.39999999999559,53.86572699466406,35.61590378642158,31.00787346466116,-4.356765226170452,0.01560861565997381,0.9160126983553604,-0.20817893737244714,0.00048410575200325223,0.07317245751619339,-0.6339104175567627,0.005919342860579491,0.07317245751619339,-0.6339104175567627,0.005919342860579491,0.9439034745097159,-0.22186864614486693,0.0014798357151448727,0.013125081706944371,0.19999999999998863,,none,0.023159699332321537,0.0,-0.009999999999999431,-3.461762537773543e-05
R01_horizontal_empty,573,115.59999999999557,53.805415655739964,35.789422961396845,31.00497617206871,-4.3992400586062965,0.016050511014551343,0.9211231364317718,-0.215981320277935,0.003692993470544415,0.06521651893854141,-0.6625146269798279,0.04092678427696228,0.06521651893854141,-0.6625146269798279,0.04092678427696228,0.9391299113631248,-0.23188011944293974,0.01023169606924057,0.01936816192481561,0.19999999999998863,,none,0.02941030229901287,0.0,-0.009999999999999431,-4.21403741978283e-05
R01_horizontal_empty,574,115.79999999999556,53.75234227083923,35.966384063737785,31.00192178574861,-4.442903489747861,0.01712666473946594,0.9264992730515792,-0.22032556481014315,0.006831959465606196,0.07573707401752472,-0.6547936201095581,0.05291273444890976,0.07573707401752472,-0.6547936201095581,0.05291273444890976,0.9454422444105148,-0.22917776703834533,0.01322818361222744,0.025931533055849776,0.19999999999998863,,none,0.03593781223640491,0.0,-0.009999999999999431,-6.279180555701647e-06
R01_horizontal_empty,575,115.99999999999555,53.70680188465506,36.14664617227731,30.99858860071533,-4.4868854993917715,0.018842386370545864,0.9328958449366563,-0.21955277677308813,0.010080419919295269,0.09239058196544647,-0.622794508934021,0.06679903715848923,0.09239058196544647,-0.622794508934021,0.06679903715848923,0.9554343491792678,-0.21797807812690734,0.016699759289622307,0.03266174720149035,0.19999999999998863,,none,0.04269162943840854,0.0,-0.009999999999999431,-2.988223691875902e-05
R01_horizontal_empty,576,116.19999999999554,53.668933394671164,36.33007800019843,30.994849841424017,-4.53060236258922,0.02118282045132084,0.9402696060469605,-0.21775160943924088,0.013096591600350914,0.11041877418756485,-0.6116611361503601,0.07697039842605591,0.11041877418756485,-0.6116611361503601,0.07697039842605591,0.966251264512539,-0.21408139765262602,0.019242599606513977,0.039540681028820544,0.19999999999998863,,none,0.04955172951470743,0.0,-0.009999999999999431,-1.1048485887459326e-05
R01_horizontal_empty,577,116.39999999999553,53.63901133493693,36.51544061440146,30.99059815322837,-4.574078043364872,0.02425336918234724,0.9380758248826184,-0.21705751250204258,0.017292639019785012,0.050576623529195786,-0.6161233186721802,0.10337144881486893,0.050576623529195786,-0.6161233186721802,0.10337144881486893,0.9303459741175175,-0.21564316153526306,0.025842862203717232,0.04606794242145515,0.19999999999998863,,none,0.056153902612052775,0.0,-0.009999999999999431,-8.596019059819243e-05
R01_horizontal_empty,578,116.59999999999552,53.617261574453316,36.70087933099702,30.985725459547908,-4.617117720196334,0.02804980715983364,0.930166699637331,-0.2135998596028199,0.02043490753097394,0.003831117181107402,-0.5901550054550171,0.10735144466161728,0.003831117181107402,-0.5901550054550171,0.10735144466161728,0.9022986703086644,-0.20655425190925597,0.02683786116540432,0.05216647388668218,0.19999999999998863,,none,0.06222398060712209,0.0,-0.009999999999999431,-5.750672044047985e-05
R01_horizontal_empty,579,116.7999999999955,53.60356690237994,36.88538829672596,30.98014739953829,-4.6593960718866505,0.03228332740416035,0.9213826324255142,-0.20949317844279958,0.021797589387195854,-0.0159471333026886,-0.5746430158615112,0.09829722344875336,-0.0159471333026886,-0.5746430158615112,0.09829722344875336,0.8904317200183869,-0.20112505555152893,0.02457430586218834,0.05784283216716556,0.19999999999998863,,none,0.0678571077658674,0.0,-0.009999999999999431,-1.4275598702405716e-05
R01_horizontal_empty,580,116.9999999999955,53.59766753003497,37.068399770546336,30.9738250595781,-4.700850089952282,0.03680587961505333,0.9113693236247851,-0.20535862415739287,0.023313665825214058,-0.039854761213064194,-0.562667727470398,0.10561180859804153,-0.039854761213064194,-0.562667727470398,0.10561180859804153,0.8760871432721615,-0.19693370461463927,0.026402952149510384,0.06309905338921588,0.19999999999998863,,none,0.07311442309642047,0.0,-0.009999999999999431,-1.5369707205149796e-05
R01_horizontal_empty,581,117.19999999999548,53.599241317461356,37.24957265876705,30.966721477553136,-4.74106343839165,0.041626651122391174,0.9023598245365649,-0.19737647588553242,0.024783283923323712,-0.04897567257285118,-0.5174610614776611,0.1111116111278534,-0.04897567257285118,-0.5174610614776611,0.1111116111278534,0.8706145964562892,-0.18111137151718137,0.02777790278196335,0.06799797575716364,0.19999999999998863,,none,0.07804111738720465,0.0,-0.009999999999999431,-4.314163004157767e-05
R01_horizontal_empty,582,117.39999999999547,53.607856626890666,37.42847557880088,30.958817868246204,-4.779755231851224,0.04657018382948439,0.8911207088062101,-0.1900905964763771,0.024661241502225043,-0.08080106228590012,-0.500697910785675,0.09765022993087769,-0.08080106228590012,-0.500697910785675,0.09765022993087769,0.8515193626284598,-0.17524426877498625,0.02441255748271942,0.07247360037889544,0.19999999999998863,,none,0.08250310172759967,0.0,-0.009999999999999431,-2.9501348704799313e-05
R01_horizontal_empty,583,117.59999999999546,53.62303793834401,37.60421512606162,30.950156298430098,-4.817304367383338,0.05160076399815106,0.8757663515570984,-0.18572945843827252,0.025575641710813043,-0.13055860996246338,-0.5052652359008789,0.10975560545921326,-0.13055860996246338,-0.5052652359008789,0.10975560545921326,0.8216648340225219,-0.1768428325653076,0.027438901364803314,0.07620700890907794,0.19999999999998863,,none,0.08625987319160089,0.0,-0.009999999999999431,-5.2864282523509274e-05
R01_horizontal_empty,584,117.79999999999545,53.64430103198794,37.7760688063318,30.940758976372607,-4.853428809032833,0.05690650318707033,0.859288074291486,-0.17623086815571723,0.02734815555790622,-0.16462267935276031,-0.44821637868881226,0.12383992224931717,-0.16462267935276031,-0.44821637868881226,0.12383992224931717,0.8012263923883438,-0.15687573254108428,0.030959980562329292,0.07929575282847486,0.19999999999998863,,none,0.08938801884671577,0.0,-0.009999999999999431,-9.226601824147474e-05
R01_horizontal_empty,585,117.99999999999544,53.671057174280705,37.943761533301576,30.93063537334003,-4.887475746036205,0.06209681435763686,0.8427232745436191,-0.1650790183799299,0.02475072486787903,-0.19273878633975983,-0.40672874450683594,0.07783191651105881,-0.19273878633975983,-0.40672874450683594,0.07783191651105881,0.7843567281961441,-0.14235506057739256,0.019457979127764702,0.0818909323961195,0.19999999999998863,,none,0.09198350191320159,0.0,-0.009999999999999431,-9.256951708267014e-05
R01_horizontal_empty,586,118.19999999999543,53.702710158980246,38.10753204576996,30.919863300065835,-4.918542024936857,0.06680746536922222,0.8294534717392633,-0.14695014629143976,0.022523640884220937,-0.19550509750843048,-0.31431204080581665,0.07194218039512634,-0.19550509750843048,-0.31431204080581665,0.07194218039512634,0.7826969414949416,-0.11000921428203582,0.017985545098781586,0.08403975398393407,0.19999999999998863,,none,0.09421141775577269,0.0,-0.009999999999999431,-0.00017166377183918446
R01_horizontal_empty,587,118.39999999999542,53.738487196049384,38.26734590156232,30.908546996122602,-4.946181715585991,0.07110942387835693,0.8129724568844476,-0.13067353100631945,0.020638060656751625,-0.2418314516544342,-0.27859118580818176,0.06718336790800095,-0.2418314516544342,-0.27859118580818176,0.06718336790800095,0.7549011290073395,-0.09750691503286361,0.016795841977000237,0.08572793178287733,0.19999999999998863,,none,0.09579682692020697,0.0,-0.009999999999999431,-6.889513733021268e-05
R01_horizontal_empty,588,118.5999999999954,53.777646115679985,38.42320441375501,30.896779603423596,-4.970236255771364,0.07500493552794643,0.7990475387354875,-0.11132980985846101,0.01847972956049832,-0.2500288486480713,-0.2054668515920639,0.05632692202925682,-0.2500288486480713,-0.2054668515920639,0.05632692202925682,0.7499826908111572,-0.07191339805722236,0.014081730507314205,0.0866660387964962,0.19999999999998863,,none,0.09677668335627843,0.0,-0.009999999999999431,-0.00011064455978279792
R01_horizontal_empty,589,118.79999999999539,53.81948654736578,38.57526601953247,30.8846428234428,-4.991153735200851,0.0785616093481808,0.7835033868213893,-0.09879010385907905,0.01718462114696691,-0.28544479608535767,-0.20925180613994598,0.05818239226937294,-0.28544479608535767,-0.20925180613994598,0.05818239226937294,0.7287331223487854,-0.07323813214898109,0.014545598067343235,0.0872176763527339,0.19999999999998863,,none,0.09724311751240577,0.0,-0.009999999999999431,-2.5441159672442426e-05
R01_horizontal_empty,590,118.99999999999538,53.863477180425335,38.7237448371132,30.87218809329437,-5.009113516985212,0.08192790492219684,0.770703733647352,-0.08206805702972657,0.016527836542165806,-0.2906603515148163,-0.13712511956691742,0.060758065432310104,-0.2906603515148163,-0.13712511956691742,0.060758065432310104,0.7256037890911102,-0.04799379184842109,0.015189516358077526,0.08725980680355075,0.19999999999998863,,none,0.09736452870408385,0.0,-0.009999999999999431,-0.00010472190053367858
R01_horizontal_empty,591,119.19999999999537,53.90906352782996,38.86885069746492,30.85947010169895,-5.023946180225783,0.0847585072422771,0.7562773227015873,-0.06736662443896398,0.01211107835098708,-0.32425758242607117,-0.10688495635986328,0.01244446448981762,-0.32425758242607117,-0.10688495635986328,0.01244446448981762,0.7054454505443573,-0.037409734725952146,0.003111116122454405,0.08702341357378411,0.19999999999998863,,none,0.09711096248241802,0.0,-0.009999999999999431,-8.754890863447724e-05
R01_horizontal_empty,592,119.39999999999536,53.95587137889221,39.01119673502167,30.84658875977088,-5.0356014579965755,0.08651977460333149,0.748087481599933,-0.050460379362237545,0.005964838249213396,-0.30128276348114014,-0.04574507474899292,-0.02623705379664898,-0.30128276348114014,-0.04574507474899292,-0.02623705379664898,0.719230341911316,-0.016010776162147522,-0.006559263449162245,0.08664552312623866,0.19999999999998863,,none,0.0967607668719559,0.0,-0.009999999999999431,-0.0001152437457177971
R01_horizontal_empty,593,119.59999999999535,54.00367559778197,39.15175843554064,30.83363257510149,-5.044368314018995,0.08749476368286951,0.7425050743135082,-0.038136996015557145,0.003937828554808041,-0.2952744960784912,-0.037216633558273315,-0.0007703153532929718,-0.2952744960784912,-0.037216633558273315,-0.0007703153532929718,0.7228353023529053,-0.01302582174539566,-0.00019257883832324296,0.08655016889128454,0.19999999999998863,,none,0.09656531665834933,0.0,-0.009999999999999431,-1.5147767065352065e-05
R01_horizontal_empty,594,119.79999999999534,54.05220302236088,39.29097963346677,30.82063389209864,-5.050778487991384,0.08843370451636315,0.7378004164906455,-0.026817867995316665,0.0053454845479426515,-0.29796096682548523,-0.010722999460995197,0.03285537660121918,-0.29796096682548523,-0.010722999460995197,0.03285537660121918,0.7212234199047088,-0.003753049811348319,0.008213844150304794,0.08626211018857037,0.19999999999998863,,none,0.09629890652721329,0.0,-0.009999999999999431,-3.679633864349311e-05
R01_horizontal_empty,595,119.99999999999532,54.101082500443276,39.42887280110744,30.807579812718235,-5.054867708094668,0.0895794026205292,0.7313193256597751,-0.014967497170166575,0.006057808533711865,-0.3191949725151062,0.026228075847029686,0.030037201941013336,-0.3191949725151062,0.026228075847029686,0.030037201941013336,0.7084830164909363,0.00917982654646039,0.007509300485253334,0.08569705698902962,0.19999999999998863,,none,0.09573354113047827,0.0,-0.009999999999999431,-3.648414144923217e-05
R01_horizontal_empty,596,120.19999999999531,54.149955649676514,39.565472048494605,30.794466253365684,-5.056687724745476,0.0906663971753526,0.7256529146887267,-0.004055135581185529,0.004899443176092825,-0.3238547444343567,0.05194520205259323,0.0101562375202775,-0.3238547444343567,0.05194520205259323,0.0101562375202775,0.705687153339386,0.01818082071840763,0.002539059380069375,0.0848612310444393,0.19999999999998863,,none,0.09488279778045694,0.0,-0.009999999999999431,-2.1566736018217656e-05
R01_horizontal_empty,597,120.3999999999953,54.198538312122515,39.70091098869032,30.781318395357832,-5.056589202212702,0.09154263765670739,0.7195180907426152,0.004402879137919534,0.003935606169567621,-0.3368302285671234,0.06182185560464859,0.007886439561843872,-0.3368302285671234,0.06182185560464859,0.007886439561843872,0.697901862859726,0.021637649461627006,0.001971609890460968,0.08382728954402448,0.19999999999998863,,none,0.0938327108131567,0.0,-0.009999999999999431,-5.421269132782365e-06
R01_horizontal_empty,598,120.59999999999529,54.24662752776693,39.835371224704225,30.768155929012433,-5.0548143576690965,0.0922618165924181,0.7147689947471476,0.012718794570552158,0.003303802332498531,-0.3366076350212097,0.08475431799888611,0.008065540343523026,-0.3366076350212097,0.08475431799888611,0.008065540343523026,0.6980354189872742,0.029664011299610136,0.0020163850858807564,0.08265845665460449,0.19999999999998863,,none,0.09266897624373271,0.0,-0.009999999999999431,-1.0519589128795969e-05
R01_horizontal_empty,599,120.79999999999528,54.29403556674411,39.96900387906747,30.754991186242485,-5.051522628621989,0.09288446293323241,0.7095059436694335,0.019674261379015186,0.0029493743621247254,-0.3483976125717163,0.09670660644769669,0.008908647112548351,-0.3483976125717163,0.09670660644769669,0.008908647112548351,0.6909614324569702,0.03384731225669384,0.002227161778137088,0.08138814248993004,0.19999999999998863,,none,0.09139379392190605,0.0,-0.009999999999999431,-5.65143197657993e-06
R01_horizontal_empty,600,120.99999999999527,54.34061835646245,40.10196964902895,30.741828188618662,-5.046992317447233,0.0934070028993411,0.705704707109668,0.025211507352829635,0.0023232187373579496,-0.34614843130111694,0.10427048802375793,0.004189243074506521,-0.34614843130111694,0.10427048802375793,0.004189243074506521,0.6923109412193298,0.036494670808315276,0.0010473107686266303,0.0800467961408737,0.19999999999998863,,none,0.09004848701878032,0.0,-0.009999999999999431,-1.6908779071795862e-06
R01_horizontal_empty,601,121.19999999999526,54.386322376176345,40.23454392411645,30.728659593783544,-5.041641440965259,0.09384831200899516,0.7029101016611524,0.028080984561992827,0.002106227053241987,-0.3448946177959442,0.09693735837936401,0.00665626535192132,-0.3448946177959442,0.09693735837936401,0.00665626535192132,0.6930632293224335,0.0339280754327774,0.00166406633798033,0.07875002856171782,0.19999999999998863,,none,0.08875125722246935,0.0,-0.009999999999999431,-1.2286607520900668e-06
R01_horizontal_empty,602,121.39999999999525,54.43117176078956,40.36703149601716,30.715462943537915,-5.035915221566037,0.0943002917063576,0.7020715650287221,0.029104097279366532,0.0023920289879593693,-0.33480507135391235,0.0891110822558403,0.011897613294422626,-0.33480507135391235,0.0891110822558403,0.011897613294422626,0.6991169571876525,0.031188878789544103,0.0029744033236056566,0.07757711694182308,0.19999999999998863,,none,0.08758092736729495,0.0,-0.009999999999999431,-3.810425472438356e-06
R01_horizontal_empty,603,121.59999999999523,54.47523923707134,40.49971490763983,30.702202435948976,-5.030238910776369,0.09485300940462016,0.7022940161139736,0.02776029331315593,0.0030830645464485083,-0.32820361852645874,0.0714915543794632,0.017964709550142288,-0.32820361852645874,0.0714915543794632,0.017964709550142288,0.7030778288841247,0.025022044032812118,0.004491177387535572,0.07656560254593572,0.19999999999998863,,none,0.08657341927791506,0.0,-0.009999999999999431,-7.816731979913855e-06
R01_horizontal_empty,604,121.79999999999522,54.51865260545321,40.632864573550904,30.688831054883277,-5.025019609881773,0.09555193304035191,0.7044584356346366,0.024665937658127135,0.003848482175430956,-0.3131919503211975,0.05245890095829964,0.02163264900445938,-0.3131919503211975,0.05245890095829964,0.02163264900445938,0.7120848298072815,0.01836061533540487,0.005408162251114845,0.07576135945514197,0.19999999999998863,,none,0.0857733803723093,0.0,-0.009999999999999431,-1.2020917167910316e-05
R01_horizontal_empty,605,121.99999999999521,54.56158844016428,40.76673848022444,30.675296968401828,-5.020677813776811,0.09642342529693365,0.7077908677602736,0.019166515612371676,0.0047950941140864215,-0.30077868700027466,0.02274407260119915,0.02689596451818943,-0.30077868700027466,0.02274407260119915,0.02689596451818943,0.7195327877998352,0.007960425410419702,0.0067239911295473576,0.07519664502021316,0.19999999999998863,,none,0.08521794027262786,0.0,-0.009999999999999431,-2.1295252415271666e-05
R01_horizontal_empty,606,122.1999999999952,54.60425174289757,40.9014823221352,30.66155190748888,-5.017669283657513,0.09751219822630507,0.7120442911166013,0.011496849411766919,0.006001693604607714,-0.28828108310699463,-0.011804328300058842,0.03384145349264145,-0.28828108310699463,-0.011804328300058842,0.03384145349264145,0.7270313501358032,-0.004131514905020594,0.008460363373160362,0.07486443174242646,0.19999999999998863,,none,0.08489239218092592,0.0,-0.009999999999999431,-2.7960438500032136e-05
R01_horizontal_empty,607,122.39999999999519,54.6468773897728,41.03713725236563,30.64754812447281,-5.016361717374491,0.09887837212329738,0.7165647905762123,0.0022739450318527907,0.007543815424652025,-0.2791785001754761,-0.04719837009906769,0.04274469614028931,-0.2791785001754761,-0.04719837009906769,0.04274469614028931,0.7324928998947143,-0.01651942953467369,0.010686174035072327,0.07476065119617156,0.19999999999998863,,none,0.08478894845498175,0.0,-0.009999999999999431,-2.8297258810761078e-05
R01_horizontal_empty,608,122.59999999999518,54.689728882467044,41.173691074812716,30.633235080808085,-5.016920374517385,0.10051819207948301,0.721535910737747,-0.007150216097589538,0.008762529485311794,-0.26824700832366943,-0.07529625296592712,0.04498353973031044,-0.26824700832366943,-0.07529625296592712,0.04498353973031044,0.7390517950057983,-0.02635368853807449,0.01124588493257761,0.0748994220718149,0.19999999999998863,,none,0.08491770209094085,0.0,-0.009999999999999431,-1.8280019126528934e-05
R01_horizontal_empty,609,122.79999999999517,54.73307178272551,41.31108345276806,30.618573607963537,-5.019393774762745,0.10234434448798481,0.7263483617079886,-0.016852522169008868,0.009447377507015176,-0.2611580491065979,-0.10463647544384003,0.0433715283870697,-0.2611580491065979,-0.10463647544384003,0.0433715283870697,0.7433051705360412,-0.03662276640534401,0.010842882096767426,0.07524464927097815,0.19999999999998863,,none,0.0852629232825457,0.0,-0.009999999999999431,-1.8274011568109316e-05
R01_horizontal_empty,610,122.99999999999515,54.77719185182516,41.44929430767352,30.603533361407962,-5.023704229236619,0.1042579228266031,0.7319839513737838,-0.025593233885856898,0.009671512772375032,-0.24693147838115692,-0.1240115761756897,0.040512919425964355,-0.24693147838115692,-0.1240115761756897,0.040512919425964355,0.7518411129713058,-0.04340405166149139,0.010128229856491089,0.07584135772884044,0.19999999999998863,,none,0.08585307695860322,0.0,-0.009999999999999431,-1.1719229763356154e-05
R01_horizontal_empty,611,123.19999999999514,54.82234545373856,41.588257611869224,30.588100297859505,-5.029723552997772,0.1062111216254579,0.7370591712580931,-0.03396874059509992,0.009847231286778418,-0.24176357686519623,-0.1458153873682022,0.04082116112112999,-0.24176357686519623,-0.1458153873682022,0.04082116112112999,0.7549418538808823,-0.05103538557887077,0.010205290280282497,0.07663405236959538,0.19999999999998863,,none,0.08664409653762561,0.0,-0.009999999999999431,-1.0044168030800827e-05
R01_horizontal_empty,612,123.39999999999513,54.86873556874026,41.727786407447326,30.572274113931908,-5.03727076587233,0.10825161408204147,0.741608084733457,-0.04097530257839344,0.010507898683505873,-0.23727281391620636,-0.15786419808864594,0.04741652309894562,-0.23727281391620636,-0.15786419808864594,0.04741652309894562,0.7576363116502762,-0.05525246933102607,0.011854130774736404,0.07754646611625261,0.19999999999998863,,none,0.08755064290807724,0.0,-0.009999999999999431,-4.176791825190318e-06
R01_horizontal_empty,613,123.59999999999512,54.91647363287774,41.86753469511939,30.55606767831564,-5.046054015025848,0.11035866773977257,0.7439240313720801,-0.04644494149460256,0.010558801352417697,-0.2465261071920395,-0.16454383730888367,0.04265009984374046,-0.2465261071920395,-0.16454383730888367,0.04265009984374046,0.7520843356847763,-0.057590343058109277,0.010662524960935116,0.07844202776606637,0.19999999999998863,,none,0.08844508696220998,0.0,-0.009999999999999431,-3.059196144177545e-06
R01_horizontal_empty,614,123.79999999999511,54.96557596846889,42.007046277998754,30.53952512033995,-5.0556789140942415,0.11238222269306859,0.7442906531304712,-0.049568617300095666,0.009738569194791852,-0.25736257433891296,-0.15981052815914154,0.03226877748966217,-0.25736257433891296,-0.15981052815914154,0.03226877748966217,0.7455824553966521,-0.055933684855699536,0.008067194372415543,0.07920146622734699,0.19999999999998863,,none,0.08920641832913745,0.0,-0.009999999999999431,-4.952101791031727e-06
R01_horizontal_empty,615,123.9999999999951,55.01602084549346,42.14597735910009,30.522706569817416,-5.065731806204322,0.11415922160588249,0.7433545722374675,-0.05086276379549529,0.008151069975070984,-0.26657289266586304,-0.15285664796829224,0.019664986059069633,-0.26657289266586304,-0.15285664796829224,0.019664986059069633,0.7400562644004822,-0.05349982678890228,0.004916246514767408,0.07982760625762807,0.19999999999998863,,none,0.08983344709706387,0.0,-0.009999999999999431,-5.840839436366333e-06
R01_horizontal_empty,616,124.19999999999509,55.067766990741454,42.28411502377161,30.505677758379534,-5.075877800872981,0.11565769388653187,0.7416446508781808,-0.05061579682661126,0.006925987473603832,-0.2739671766757965,-0.14317873120307922,0.017718620598316193,-0.2739671766757965,-0.14317873120307922,0.017718620598316193,0.7356196939945221,-0.050112555921077724,0.004429655149579048,0.08034480940189784,0.19999999999998863,,none,0.09034785191884609,0.0,-0.009999999999999431,-3.0425169488152575e-06
R01_horizontal_empty,617,124.39999999999507,55.12075792547368,42.42135434849392,30.488489208740248,-5.085804782011651,0.1169200605870048,0.7396090270824894,-0.04879151122506488,0.005783768720797467,-0.27927258610725403,-0.12878340482711792,0.013825146481394768,-0.27927258610725403,-0.12878340482711792,0.013825146481394768,0.7324364483356476,-0.04507419168949127,0.003456286620348692,0.08076899835727662,0.19999999999998863,,none,0.09077400899590415,0.0,-0.009999999999999431,-5.010638628099653e-06
R01_horizontal_empty,618,124.59999999999506,55.174939938457605,42.557726915058375,30.471174677482516,-5.095226994407023,0.11792722500680253,0.7380667200134373,-0.045666170130925915,0.00439271908579411,-0.27894607186317444,-0.11227916926145554,0.006232792045921087,-0.27894607186317444,-0.11227916926145554,0.006232792045921087,0.7326323568820954,-0.03929770924150944,0.0015581980114802718,0.08115163345812153,0.19999999999998863,,none,0.0911582362631016,0.0,-0.009999999999999431,-6.602804980646378e-06
R01_horizontal_empty,619,124.79999999999505,55.230204608451295,42.69320399910918,30.453780950758414,-5.10410934955132,0.11867113722566608,0.7355152069401966,-0.04333321636856177,0.0031407631961100878,-0.2891252040863037,-0.1102268323302269,0.0023586854804307222,-0.2891252040863037,-0.1102268323302269,0.0023586854804307222,0.7265248775482178,-0.038579391315579414,0.0005896713701076806,0.08142784084187309,0.19999999999998863,,none,0.09143029755230003,0.0,-0.009999999999999431,-2.4567104275201845e-06
R01_horizontal_empty,620,124.99999999999504,55.28643336572002,42.827716240302706,30.436354491956692,-5.112443607924617,0.11923786394328352,0.7329063478806352,-0.04024232805567146,0.0025695559512592253,-0.29381006956100464,-0.09698306024074554,0.005622461903840303,-0.29381006956100464,-0.09698306024074554,0.005622461903840303,0.7237139582633971,-0.03394407108426094,0.0014056154759600759,0.08156647973747552,0.19999999999998863,,none,0.09157063969147927,0.0,-0.009999999999999431,-4.159954004323486e-06
R01_horizontal_empty,621,125.19999999999503,55.34349736263058,42.96121182004603,30.418928508835833,-5.120111075196,0.11963895555100644,0.7294835435917987,-0.0366993773557547,0.0015204326948524824,-0.3042946755886078,-0.08422845602035522,-0.0024694004096090794,-0.3042946755886078,-0.08422845602035522,-0.0024694004096090794,0.7174231946468352,-0.029479959607124327,-0.0006173501024022698,0.08157327978154282,0.19999999999998863,,none,0.0915800414841037,0.0,-0.009999999999999431,-6.761702561453465e-06
R01_horizontal_empty,622,125.39999999999502,55.40127083382423,43.09367783789155,30.401538218506765,-5.127072573339856,0.1198423607542112,0.7262614637970208,-0.0331807997749388,0.0005841844968868643,-0.30848604440689087,-0.07431727647781372,-0.005294377915561199,-0.30848604440689087,-0.07431727647781372,-0.005294377915561199,0.7149083733558654,-0.0260110467672348,-0.0013235944788902998,0.08146798365032472,0.19999999999998863,,none,0.09147045924133224,0.0,-0.009999999999999431,-2.475591008090088e-06
R01_horizontal_empty,623,125.599999999995,55.45965149203389,43.225149507926545,30.384209788933035,-5.1334001913730765,0.11990501261691223,0.7228121779464226,-0.03031163027043571,8.031113685353645e-05,-0.315569132566452,-0.06990047544240952,-0.0037856963463127613,-0.315569132566452,-0.06990047544240952,-0.0037856963463127613,0.7106585204601288,-0.02446516640484333,-0.0009464240865781903,0.08127631811054431,0.19999999999998863,,none,0.09127775719833053,0.0,-0.009999999999999431,-1.439087786797061e-06
R01_horizontal_empty,624,125.799999999995,55.51855776166969,43.355671998204784,30.366956417014134,-5.139165112959485,0.11990185781668258,0.7196871587295188,-0.0275460293294662,-9.839038040628836e-05,-0.31887322664260864,-0.0626017302274704,-0.0018501111771911383,-0.31887322664260864,-0.0626017302274704,-0.0018501111771911383,0.7086760640144347,-0.021910605579614637,-0.00046252779429778457,0.08102540150476882,0.19999999999998863,,none,0.09102676020895473,0.0,-0.009999999999999431,-1.3587041864722697e-06
R01_horizontal_empty,625,125.99999999999498,55.57792135453364,43.485299496336275,30.349781487945197,-5.144430652118697,0.11986212582322327,0.7165105996084781,-0.025280142476658787,-0.00028487423925213146,-0.3244701623916626,-0.05903708189725876,-0.002659478457644582,-0.3244701623916626,-0.05903708189725876,-0.002659478457644582,0.7053179025650025,-0.020662978664040564,-0.0006648696144111454,0.0807332909646962,0.19999999999998863,,none,0.09073418471435346,0.0,-0.009999999999999431,-8.937496578357478e-07
R01_horizontal_empty,626,126.19999999999497,55.63769282003486,43.614094484840834,30.332684548001012,-5.149285215912934,0.11980490929215436,0.7137627408173991,-0.023406697295204358,-0.00028712168140282657,-0.32653236389160156,-0.05596916005015373,-0.001166805042885244,-0.32653236389160156,-0.05596916005015373,-0.001166805042885244,0.7040805816650391,-0.019589206017553804,-0.000291701260721311,0.08041888241611359,0.19999999999998863,,none,0.0904192002739812,0.0,-0.009999999999999431,-3.178578681884827e-07
R01_horizontal_empty,627,126.39999999999496,55.69784057463794,43.74212591670333,30.31565930182934,-5.153820071299855,0.11976202574453829,0.7111309468984838,-0.022044523784993796,-0.0001519050885696742,-0.33023709058761597,-0.05505383759737015,0.0004944949760101736,-0.33023709058761597,-0.05505383759737015,0.0004944949760101736,0.7018577456474304,-0.01926884315907955,0.0001236237440025434,0.08010003575817905,0.19999999999998863,,none,0.09010038221283523,0.0,-0.009999999999999431,-3.4645465675026953e-07
R01_horizontal_empty,628,126.59999999999495,55.75834537663866,43.86945498839194,30.298695937855104,-5.1581193167394455,0.11975466782246985,0.7088801745935326,-0.021024788224933585,6.218952634328685e-05,-0.3317508101463318,-0.05413396656513214,0.00199378770776093,-0.3317508101463318,-0.05413396656513214,0.00199378770776093,0.7009495139122008,-0.018946888297796248,0.0004984469269402325,0.07978710046749737,0.19999999999998863,,none,0.08978720817526309,0.0,-0.009999999999999431,-1.077077662774016e-07
R01_horizontal_empty,629,126.79999999999494,55.819217749941274,43.996175153622886,30.281779498374593,-5.1622854271219545,0.11974947130763451,0.7071678737510166,-0.02066354272482228,-0.00010179512800179116,-0.3314424455165863,-0.05693553760647774,-0.0017437768401578069,-0.3314424455165863,-0.05693553760647774,-0.0017437768401578069,0.7011345326900482,-0.019927438162267205,-0.0004359442100394517,0.07951409681036191,0.19999999999998863,,none,0.08951453507591722,0.0,-0.009999999999999431,-4.382655558888662e-07
R01_horizontal_empty,630,126.99999999999493,55.88049069650081,44.122380353466255,30.264899502062097,-5.166480635085039,0.1197432505428967,0.7059393964479496,-0.021244732546590758,2.9678308998744258e-05,-0.33064863085746765,-0.06408289819955826,0.0011903190752491355,-0.33064863085746765,-0.06408289819955826,0.0011903190752491355,0.7016108214855195,-0.022429014369845388,0.0002975797688122839,0.079298325912104,0.19999999999998863,,none,0.08929953238858346,0.0,-0.009999999999999431,-1.206476480027194e-06
R01_horizontal_empty,631,127.19999999999492,55.94221205356394,44.2481397442486,30.24804161449135,-5.170840963663998,0.11979457827542762,0.7050986720685788,-0.022280488192798993,0.00045178479080873213,-0.3297727406024933,-0.06968866288661957,0.005247619468718767,-0.3297727406024933,-0.06968866288661957,0.005247619468718767,0.7021363556385041,-0.024391032010316848,0.0013119048671796918,0.07914933238748192,0.19999999999998863,,none,0.08915030545684033,0.0,-0.009999999999999431,-9.730693589662294e-07
R01_horizontal_empty,632,127.3999999999949,56.00443039943118,44.373489486277926,30.23118855434559,-5.175451185625046,0.11992223495036516,0.7044609950516236,-0.023713709336468207,0.0007986394719704969,-0.3296431303024292,-0.07609760761260986,0.006021680310368538,-0.3296431303024292,-0.07609760761260986,0.006021680310368538,0.7022141218185425,-0.02663416266441345,0.0015054200775921345,0.07905991358608427,0.19999999999998863,,none,0.08906074739691405,0.0,-0.009999999999999431,-8.338108303451415e-07
R01_horizontal_empty,633,127.59999999999489,56.0671947861421,44.49844117883222,30.214325687185156,-5.180378562228616,0.12012546783917658,0.7039889653899939,-0.02543065059281932,0.001203197797661363,-0.3294570744037628,-0.08265496045351028,0.008110241033136845,-0.3294570744037628,-0.08265496045351028,0.008110241033136845,0.7023257553577422,-0.028929236158728597,0.002027560258284211,0.07902381393632703,0.19999999999998863,,none,0.08902476184790586,0.0,-0.009999999999999431,-9.47911579403677e-07
R01_horizontal_empty,634,127.79999999999488,56.13055758205572,44.622995837373814,30.197438785382896,-5.185657656936657,0.12040214045737521,0.7036463197939159,-0.027225052184685065,0.0015382736683476606,-0.32926833629608154,-0.08823279291391373,0.00888421107083559,-0.32926833629608154,-0.08823279291391373,0.00888421107083559,0.7024389982223511,-0.0308814775198698,0.0022210527677088976,0.07904234619010916,0.19999999999998863,,none,0.08904298112744158,0.0,-0.009999999999999431,-6.349373329775365e-07
R01_horizontal_empty,635,127.99999999999487,56.194568246320436,44.74714194161688,30.180516707802038,-5.191301380273359,0.12073427375397569,0.7033510787844282,-0.029072908025119013,0.0017659028536239066,-0.3294820189476013,-0.09382358938455582,0.00891895778477192,-0.3294820189476013,-0.09382358938455582,0.00891895778477192,0.7023107886314393,-0.03283825628459453,0.00222973944619298,0.07910859232728147,0.19999999999998863,,none,0.08910921840473662,0.0,-0.009999999999999431,-6.260774557166789e-07
R01_horizontal_empty,636,128.1999999999949,56.25927245111725,44.87085866200191,30.16355187210956,-5.197302685584004,0.12111020054352767,0.7030866831274392,-0.030809274865878637,0.001977422756747262,-0.32974153757095337,-0.0981355533003807,0.009633734822273254,-0.32974153757095337,-0.0981355533003807,0.009633734822273254,0.7021550774574279,-0.034347443655133245,0.0024084337055683136,0.0792167821088897,0.20000000000003126,,none,0.08921716553467007,0.0,-0.010000000000001563,-3.83425778811633e-07
R01_horizontal_empty,637,128.39999999999495,56.32470824030527,44.99412192550696,30.146536890401595,-5.203578243408283,0.12155484744183884,0.7028152910092378,-0.031866611746036444,0.0024345895036978326,-0.33023494482040405,-0.09720323234796524,0.013464605435729027,-0.33023494482040405,-0.09720323234796524,0.013464605435729027,0.7018590331077575,-0.03402113132178783,0.0033661513589322567,0.07935934783769025,0.20000000000004547,,none,0.0893596636025471,0.0,-0.010000000000002274,-3.1576485458324756e-07
R01_horizontal_empty,638,128.599999999995,56.39089073749909,45.1168967678637,30.129464548009427,-5.2100328431839475,0.12203677050883803,0.7023851329954895,-0.03262242059061742,0.0023881419267663294,-0.3318842351436615,-0.09760720282793045,0.009173985570669174,-0.3318842351436615,-0.09760720282793045,0.009173985570669174,0.7008694589138031,-0.03416252098977565,0.0022934963926672935,0.07951393877619695,0.20000000000004547,,none,0.08951436463159013,0.0,-0.010000000000002274,-4.25855390910404e-07
R01_horizontal_empty,639,128.79999999999504,56.45782079565876,45.23914191853183,30.112337255581913,-5.216623280861851,0.12252510998819657,0.701811372033952,-0.03323573090304012,0.002487745715139073,-0.3336838185787201,-0.09852989763021469,0.010762827470898628,-0.3336838185787201,-0.09852989763021469,0.010762827470898628,0.6997897088527679,-0.03448546417057514,0.002690706867724657,0.07966392458258822,0.20000000000004547,,none,0.08966405686828693,0.0,-0.010000000000002274,-1.3228569643648768e-07
R01_horizontal_empty,640,128.99999999999508,56.525499265292126,45.3608286441643,30.095155749177252,-5.2233021423798816,0.12302085465281126,0.7011899502113362,-0.033530655749678284,0.002470965647118464,-0.3349994122982025,-0.0975189134478569,0.009747092612087727,-0.3349994122982025,-0.0975189134478569,0.009747092612087727,0.6990003526210784,-0.03413161970674991,0.0024367731530219316,0.07981216528303887,0.20000000000004547,,none,0.08981224097490426,0.0,-0.010000000000002274,-7.569186310245682e-08
R01_horizontal_empty,641,129.19999999999513,56.59392384254697,45.48193863471955,30.07792243614223,-5.230023011582729,0.1234933902349515,0.7005058359014414,-0.03366770672715583,0.00226956943537485,-0.33650776743888855,-0.09699135273694992,0.007436749525368214,-0.33650776743888855,-0.09699135273694992,0.007436749525368214,0.6980953395366669,-0.03394697345793247,0.0018591873813420534,0.07995749013913608,0.20000000000004547,,none,0.0899576479619526,0.0,-0.010000000000002274,-1.5782281424958634e-07
R01_horizontal_empty,642,129.39999999999517,56.66309966511306,45.602481148060996,30.06064066504534,-5.236709693435927,0.12391809502469266,0.700034780771586,-0.0332319545112472,0.0019979504254065573,-0.336041659116745,-0.09241151064634323,0.005777905695140362,-0.336041659116745,-0.09241151064634323,0.005777905695140362,0.698375004529953,-0.03234402872622013,0.0014444764237850904,0.08011110129884613,0.20000000000004547,,none,0.09011158017831633,0.0,-0.010000000000002274,-4.788794679189828e-07
R01_horizontal_empty,643,129.59999999999522,56.73302169803187,45.7224708670872,30.04331842640551,-5.243304680436493,0.12423292552583566,0.6995162872287248,-0.0327539432696092,0.0012097605675844016,-0.3371843993663788,-0.0907997339963913,-0.0015852885553613305,-0.3371843993663788,-0.0907997339963913,-0.0015852885553613305,0.6976893603801727,-0.03177990689873695,-0.00039632213884033263,0.08026255311323417,0.20000000000004547,,none,0.09026371551941281,0.0,-0.010000000000002274,-1.1624061763616912e-06
R01_horizontal_empty,644,129.79999999999526,56.8036668743554,45.841893398590905,30.025976848994457,-5.249847243091005,0.12442113413623537,0.6988455893850954,-0.03267744868334611,0.0007099930827460888,-0.3391960561275482,-0.09291879087686539,-0.001233502640388906,-0.3391960561275482,-0.09291879087686539,-0.001233502640388906,0.696482366323471,-0.03252157680690288,-0.0003083756600972265,0.08038736073675483,0.20000000000004547,,none,0.09038753395512344,0.0,-0.010000000000002274,-1.7321836634832532e-07
R01_horizontal_empty,645,129.9999999999953,56.87503551337734,45.96076201046515,30.00862679862225,-5.25634385946982,0.12455719522779894,0.698466669057537,-0.0323159605190982,0.0006547793032912308,-0.3381141126155853,-0.09022674709558487,0.0021690840367227793,-0.3381141126155853,-0.09022674709558487,0.0021690840367227793,0.6971315324306488,-0.0315793614834547,0.0005422710091806948,0.08051231371510566,0.20000000000004547,,none,0.0905127136210595,0.0,-0.010000000000002274,-3.999059515733528e-07
R01_horizontal_empty,646,130.19999999999536,56.9471256064326,46.07909129058288,29.991271266184434,-5.262790570772034,0.12464150280673358,0.6979828556049334,-0.032162703505908254,0.00022099116003957537,-0.3395364582538605,-0.09100118279457092,-0.002651729853823781,-0.3395364582538605,-0.09100118279457092,-0.002651729853823781,0.6962781250476837,-0.031850413978099824,-0.0006629324634559453,0.08063962514434728,0.20000000000004547,,none,0.09064014240563623,0.0,-0.010000000000002274,-5.172612866774203e-07
R01_horizontal_empty,647,130.3999999999954,57.01992202962622,46.19686553641586,29.973920883899705,-5.269240523092015,0.12468447075745237,0.6974349953055258,-0.0323246163033564,0.0002095506221168709,-0.3408256769180298,-0.09329869598150253,0.000744953635148704,-0.3408256769180298,-0.09329869598150253,0.000744953635148704,0.6955045938491822,-0.03265454359352588,0.000186238408787176,0.08074969766971055,0.20000000000004547,,none,0.09075006723191947,0.0,-0.010000000000002274,-3.6956220664850885e-07
R01_horizontal_empty,648,130.59999999999545,57.093433406826215,46.314097683017934,29.956573987088763,-5.275687575900887,0.12474605372605423,0.6971492036521809,-0.03215843676107152,0.0003924908341321286,-0.33976298570632935,-0.09091375768184662,0.003061061492189765,-0.33976298570632935,-0.09091375768184662,0.003061061492189765,0.6961422085762023,-0.031819815188646315,0.0007652653730474412,0.08087297124653293,0.20000000000004547,,none,0.09087321487851341,0.0,-0.010000000000002274,-2.4363197820076655e-07
R01_horizontal_empty,649,130.7999999999955,57.16765754410837,46.43079027775805,29.939227421044645,-5.282128196936689,0.12479875197317317,0.6966925590155257,-0.03224151219005954,0.0001525741887075075,-0.34152740240097046,-0.09260226786136627,-0.0013452015118673444,-0.34152740240097046,-0.09260226786136627,-0.0013452015118673444,0.6950835585594177,-0.03241079375147819,-0.0003363003779668361,0.08099812440103088,0.20000000000004547,,none,0.09099863198876434,0.0,-0.010000000000002274,-5.075877311918429e-07
R01_horizontal_empty,650,130.99999999999554,57.24258387045875,46.54692501504063,29.921886185212166,-5.288598969453716,0.12484841565417604,0.6962398176210703,-0.03245046423490179,0.00033064165136308506,-0.3422590494155884,-0.0939321219921112,0.002773948246613145,-0.3422590494155884,-0.0939321219921112,0.002773948246613145,0.694644570350647,-0.03287624269723892,0.0006934870616532862,0.08111213558516903,0.20000000000004547,,none,0.09111252100945322,0.0,-0.010000000000002274,-3.8542428191697107e-07
R01_horizontal_empty,651,131.19999999999558,57.3182229663507,46.66251349178696,29.904544423771533,-5.295074175101909,0.12492940679669702,0.6959919436130468,-0.0323120263314788,0.00046885278134452523,-0.34146907925605774,-0.09151409566402435,0.003001934150233865,-0.34146907925605774,-0.09151409566402435,0.003001934150233865,0.6951185524463653,-0.03202993348240852,0.0007504835375584662,0.08124248111649036,0.20000000000004547,,none,0.09124261157412761,0.0,-0.010000000000002274,-1.304576349703962e-07
R01_horizontal_empty,652,131.39999999999563,57.394568485928986,46.77754986811493,29.88720022172509,-5.301551972388001,0.12499890376109676,0.6955355546237487,-0.03245515862792414,0.000243129647331554,-0.3434542417526245,-0.09356233477592468,-0.0008672920521348715,-0.3434542417526245,-0.09356233477592468,-0.0008672920521348715,0.6939274549484253,-0.032746817171573635,-0.00021682301303371787,0.08136902213640032,0.20000000000004547,,none,0.09136948427770264,0.0,-0.010000000000002274,-4.621413000478053e-07
R01_horizontal_empty,653,131.59999999999567,57.47161212161938,46.89201835710731,29.86985789928205,-5.308056319477959,0.1250699052461597,0.6951505963668885,-0.03257897984865658,0.00045120270721412596,-0.34367635846138,-0.09380368143320084,0.0035007603000849485,-0.34367635846138,-0.09380368143320084,0.0035007603000849485,0.6937941849231719,-0.03283128850162029,0.0008751900750212371,0.0814872816887242,0.20000000000004547,,none,0.09148766543803433,0.0,-0.010000000000002274,-3.8374930786039696e-07
R01_horizontal_empty,654,131.79999999999572,57.54936321271684,47.005930774043556,29.852511604745583,-5.314554477617857,0.12516220494596192,0.6949051125941241,-0.032414963486800424,0.0004703510755648101,-0.34326642751693726,-0.09165928512811661,0.0020374776795506477,-0.34326642751693726,-0.09165928512811661,0.0020374776795506477,0.6940401434898376,-0.03208074979484081,0.0005093694198876619,0.08162064379541453,0.20000000000004547,,none,0.09162078194891521,0.0,-0.010000000000002274,-1.3815349840056692e-07
R01_horizontal_empty,655,131.99999999999577,57.62781159740775,47.11927637354111,29.83516210729374,-5.321064875015816,0.12523821752192882,0.6944486524349452,-0.03266980318828609,0.0003024308549855092,-0.3452661633491516,-0.09482596069574356,-0.00015895068645477295,-0.3452661633491516,-0.09482596069574356,-0.00015895068645477295,0.6928403019905089,-0.033189086243510246,-3.973767161369324e-05,0.0817452124815191,0.20000000000004547,,none,0.0917455895030237,0.0,-0.010000000000002274,-3.770215023248154e-07
R01_horizontal_empty,656,132.1999999999958,57.706955876638915,47.23204622865295,29.817811137026847,-5.327612903873603,0.12533681855546827,0.6941604905700413,-0.032800625307841946,0.0006568656774834953,-0.3447580933570862,-0.09447771310806274,0.005516368895769119,-0.3447580933570862,-0.09447771310806274,0.005516368895769119,0.6931451439857483,-0.033067199587821956,0.0013790922239422798,0.08186933472436941,0.20000000000004547,,none,0.09186998649764888,0.0,-0.010000000000002274,-6.51773277190737e-07
R01_horizontal_empty,657,132.39999999999586,57.78680973013781,47.34425388056242,29.800448711196864,-5.334190784173729,0.12548313161303157,0.693966536703323,-0.03296573346793694,0.0007957938612048633,-0.34452810883522034,-0.09514906257390976,0.004315542988479137,-0.34452810883522034,-0.09514906257390976,0.004315542988479137,0.6932831346988677,-0.03330217190086841,0.0010788857471197844,0.08201487477732951,0.20000000000004547,,none,0.09201491368904868,0.0,-0.010000000000002274,-3.8911716904194847e-08
R01_horizontal_empty,658,132.5999999999959,57.86737052006931,47.4558881083408,29.7830703916069,-5.3408160995100875,0.12566456441080562,0.6936475766838384,-0.03326487365708562,0.001002922780464779,-0.34579381346702576,-0.0967840775847435,0.005699945148080587,-0.34579381346702576,-0.0967840775847435,0.005699945148080587,0.6925237119197845,-0.03387442715466022,0.0014249862870201468,0.08216034023019914,0.20000000000004547,,none,0.09216046406723422,0.0,-0.010000000000002274,-1.2383703280269015e-07
R01_horizontal_empty,659,132.79999999999595,57.948640837060914,47.56694070198639,29.76567010790674,-5.34749815622765,0.1258971484650013,0.6934582644927978,-0.03353531064438984,0.0013004900724223178,-0.34534797072410583,-0.09738964587450027,0.0076273540034890175,-0.34534797072410583,-0.09738964587450027,0.0076273540034890175,0.6927912175655364,-0.03408637605607509,0.0019068385008722544,0.08231240724862593,0.20000000000004547,,none,0.09231249285650023,0.0,-0.010000000000002274,-8.56078720176028e-08
R01_horizontal_empty,660,132.999999999996,58.03062244922435,47.6774004566676,29.748240626835567,-5.354262177516454,0.12617859998015893,0.6931422243071416,-0.034064980919738544,0.0014990589171189588,-0.3466189205646515,-0.10041223466396332,0.007614718750119209,-0.3466189205646515,-0.10041223466396332,0.007614718750119209,0.6920286476612091,-0.035144282132387156,0.0019036796875298023,0.0824703145329576,0.20000000000004547,,none,0.09247052956328261,0.0,-0.010000000000002274,-2.1503032273996816e-07
R01_horizontal_empty,661,133.19999999999604,58.113319271249836,47.78725393697321,29.730776042700867,-5.361093931195567,0.12650591426107313,0.6929281757980451,-0.034239409188021167,0.0017548080439964732,-0.3463767170906067,-0.09884239733219147,0.009103776887059212,-0.3463767170906067,-0.09884239733219147,0.009103776887059212,0.6921739697456359,-0.03459483906626701,0.002275944221764803,0.08263584007979834,0.20000000000004547,,none,0.09263593488671873,0.0,-0.010000000000002274,-9.480691812502328e-08
R01_horizontal_empty,662,133.39999999999608,58.196729996210756,47.89648995319181,29.713272656583122,-5.367969093844908,0.1268232883625731,0.6925944646637685,-0.034493096831652324,0.001442473658044709,-0.3476356267929077,-0.10002866387367249,0.003224138170480728,-0.3476356267929077,-0.10002866387367249,0.003224138170480728,0.6914186239242553,-0.03501003235578537,0.000806034542620182,0.08280269197334343,0.20000000000004547,,none,0.09280344321801337,0.0,-0.010000000000002274,-7.512446676694734e-07
R01_horizontal_empty,663,133.59999999999613,58.28084656945105,48.00508955169349,29.695738006529805,-5.374880289319017,0.12709508150240412,0.6922331794738283,-0.03461004361384328,0.0012871634897171906,-0.34839969873428345,-0.09956669807434082,0.003882761113345623,-0.34839969873428345,-0.09956669807434082,0.003882761113345623,0.6909601807594299,-0.034848344326019284,0.0009706902783364058,0.08296181315233657,0.20000000000004547,,none,0.09296183777238909,0.0,-0.010000000000002274,-2.462005024435679e-08
R01_horizontal_empty,664,133.79999999999617,58.365711933863565,48.11310886966894,29.678169301601113,-5.381730889378588,0.12728924883474796,0.6926318715500218,-0.03394600561981252,0.0006988510275734429,-0.34327220916748047,-0.09312258660793304,-0.001999777974560857,-0.34327220916748047,-0.09312258660793304,-0.001999777974560857,0.6940366744995117,-0.03259290531277657,-0.0004999444936402142,0.08316586884666759,0.20000000000004547,,none,0.09316791728642926,0.0,-0.010000000000002274,-2.0484397593981835e-06
R01_horizontal_empty,665,133.99999999999622,58.45134040839795,48.220583957670634,29.66057785775836,-5.388539796680375,0.12731876310105136,0.692738768974178,-0.03412925580553239,-0.00032643259243880394,-0.34480762481689453,-0.0985790342092514,-0.009662550874054432,-0.34480762481689453,-0.0985790342092514,-0.009662550874054432,0.6931154251098632,-0.03450266197323799,-0.002415637718513608,0.08338554843370775,0.20000000000004547,,none,0.09338736540191306,0.0,-0.010000000000002274,-1.816968203032233e-06
R01_horizontal_empty,666,134.19999999999627,58.53776860615833,48.32756177939994,29.642976165229513,-5.395302860603046,0.12727630522210837,0.6937205263163325,-0.033545389507041126,-0.00011414624886536873,-0.3380337059497833,-0.09244472533464432,0.0012737058568745852,-0.3380337059497833,-0.09244472533464432,0.0012737058568745852,0.69717977643013,-0.03235565386712551,0.0003184264642186463,0.08363597193039027,0.20000000000004547,,none,0.09364003427906198,0.0,-0.010000000000002274,-4.062348669441573e-06
R01_horizontal_empty,667,134.3999999999963,58.62500681015081,48.434061404367746,29.62536237153752,-5.402119711198637,0.12721304990943136,0.6941700241392013,-0.034547581124296504,-0.0004900732094761553,-0.3404102623462677,-0.1045420914888382,-0.005024375859647989,-0.3404102623462677,-0.1045420914888382,-0.005024375859647989,0.6957538425922394,-0.03658973202109336,-0.0012560939649119973,0.08390122025824875,0.20000000000004547,,none,0.09390505346068068,0.0,-0.010000000000002274,-3.833202429646047e-06
R01_horizontal_empty,668,134.59999999999636,58.71309415470442,48.5401044540369,29.607731301538,-5.408970737453049,0.12723580342383553,0.6955641060139997,-0.0340036756525022,0.000632964817850003,-0.3325396776199341,-0.09398676455020905,0.011685450561344624,-0.3325396776199341,-0.09398676455020905,0.011685450561344624,0.7004761934280395,-0.032895367592573166,0.002921362640336156,0.08420072782930482,0.20000000000004547,,none,0.0942097794159018,0.0,-0.010000000000002274,-9.051586594708981e-06
R01_horizontal_empty,669,134.7999999999964,58.80202053923253,48.64567418780366,29.590067148586765,-5.415931680866356,0.12730134128885096,0.6959961417722234,-0.03549347229589948,6.520590242059583e-05,-0.33746927976608276,-0.1100834533572197,-0.0043668318539857864,-0.33746927976608276,-0.1100834533572197,-0.0043668318539857864,0.6975184321403503,-0.03852920867502689,-0.0010917079634964466,0.0845002883753719,0.20000000000004547,,none,0.09451110997814638,0.0,-0.010000000000002274,-1.082160277221163e-05
R01_horizontal_empty,670,134.99999999999645,58.89182453655377,48.75077925388313,29.57236484714618,-5.422912956236419,0.12746373596765,0.6976709721986486,-0.03440157765866805,0.0014540625618374233,-0.3273795247077942,-0.09193325787782669,0.017136460170149803,-0.3273795247077942,-0.09193325787782669,0.017136460170149803,0.7035722851753234,-0.03217664025723934,0.004284115042537451,0.08483262103368092,0.20000000000004547,,none,0.09485049352010222,0.0,-0.010000000000002274,-1.787248641903383e-05
R01_horizontal_empty,671,135.1999999999965,58.98245319756118,48.85535901365466,29.55461482856412,-5.430063457855805,0.12762924822468136,0.6975282118745819,-0.036914071516197515,0.0002888799848398544,-0.33829134702682495,-0.12009640783071518,-0.008341580629348755,-0.33829134702682495,-0.12009640783071518,-0.008341580629348755,0.697025191783905,-0.04203374274075031,-0.0020853951573371887,0.08511165940216558,0.20000000000004547,,none,0.0951428866310593,0.0,-0.010000000000002274,-3.122722889143788e-05
R01_horizontal_empty,672,135.39999999999654,59.073967292985735,48.95942729839248,29.53681576358108,-5.437230256862609,0.12793043742745855,0.6995837549757883,-0.034905318548396375,0.0025524095016725944,-0.3219558000564575,-0.08803460747003555,0.02865907922387123,-0.3219558000564575,-0.08803460747003555,0.02865907922387123,0.7068265199661254,-0.03081211261451244,0.007164769805967808,0.08543935514777949,0.20000000000004547,,none,0.09549263230711702,0.0,-0.010000000000002274,-5.327715933525684e-05
R01_horizontal_empty,673,135.59999999999658,59.166287958685,49.062908651125134,29.518952554784516,-5.444608079235222,0.12819355836454163,0.6986952321482784,-0.03859482644351366,0.00025216929995313666,-0.340725839138031,-0.13175109028816223,-0.017739983275532722,-0.340725839138031,-0.13175109028816223,-0.017739983275532722,0.6955644965171814,-0.046112881600856775,-0.004434995818883181,0.08568618286969498,0.20000000000004547,,none,0.09577450923445596,0.0,-0.010000000000002274,-8.832636475869911e-05
R01_horizontal_empty,674,135.79999999999663,59.2595160803867,49.16584569818489,29.501031255166517,-5.451908525268904,0.12859411999124976,0.7014866510866787,-0.03470296411028232,0.003508050721805935,-0.3144628405570984,-0.07649306952953339,0.04057004675269127,-0.3144628405570984,-0.07649306952953339,0.04057004675269127,0.711322295665741,-0.026772574335336682,0.010142511688172817,0.08600581166302095,0.20000000000004547,,none,0.09614867673411354,0.0,-0.010000000000002274,-0.00014286507109031017
R01_horizontal_empty,675,135.99999999999667,59.35350075474988,49.26812580462714,29.483038883592027,-5.459368849209189,0.12889103603558577,0.6992658783533526,-0.03953600808180616,-0.00025524978462984215,-0.34759846329689026,-0.1410977989435196,-0.0316946841776371,-0.34759846329689026,-0.1410977989435196,-0.0316946841776371,0.6914409220218658,-0.049384229630231855,-0.007923671044409275,0.08617853540140036,0.20000000000004547,,none,0.09638841403927145,0.0,-0.010000000000002274,-0.0002098786378688189
R01_horizontal_empty,676,136.19999999999672,59.44844096551326,49.36988953944352,29.464983673750954,-5.466615826176464,0.1292844563939208,0.7039240347620682,-0.033396497384440386,0.0038779346685495013,-0.2994380295276642,-0.059674594551324844,0.04920025169849396,-0.2994380295276642,-0.059674594551324844,0.04920025169849396,0.7203371822834015,-0.020886108092963693,0.01230006292462349,0.08650180073739323,0.20000000000004547,,none,0.09681166386229023,0.0,-0.010000000000002274,-0.00030986312489472977
R01_horizontal_empty,677,136.39999999999677,59.54406698913232,49.47095994278858,29.446866201439864,-5.473797758036748,0.1294772245427014,0.6994229753403376,-0.03807053810523098,-0.0015417693210769876,-0.3607277274131775,-0.13598503172397614,-0.05034167692065239,-0.3607277274131775,-0.13598503172397614,-0.05034167692065239,0.6835633635520935,-0.04759476110339164,-0.012585419230163097,0.08659617092716489,0.20000000000004547,,none,0.09698593703599911,0.0,-0.010000000000002274,-0.0003897661088319576
R01_horizontal_empty,678,136.5999999999968,59.640601668193014,49.57151005523978,29.428718909722715,-5.4808144224584945,0.12960058180264092,0.7059262913092196,-0.03251483987697467,0.002472765835390799,-0.28526514768600464,-0.06055450439453125,0.04261249676346779,-0.28526514768600464,-0.06055450439453125,0.04261249676346779,0.7288409113883971,-0.021194076538085936,0.010653124190866947,0.08695427036749115,0.20000000000004547,,none,0.09735476724344494,0.0,-0.010000000000002274,-0.00040049687595151263
R01_horizontal_empty,679,136.79999999999686,59.73779435901849,49.6713798629486,29.41054582154036,-5.487753758694275,0.12956161695724897,0.6997378956166637,-0.036572682319449594,-0.002488484171458036,-0.3701118230819702,-0.12811796367168427,-0.050391796976327896,-0.3701118230819702,-0.12811796367168427,-0.050391796976327896,0.6779329061508179,-0.04484128728508949,-0.012597949244081974,0.08708397589895939,0.20000000000004547,,none,0.09749224745914731,0.0,-0.010000000000002274,-0.0004082715601856413
R01_horizontal_empty,680,136.9999999999969,59.83581692461229,49.770698120313696,29.39238209640155,-5.494467751881445,0.12944626499269268,0.7071288890981994,-0.030988156087721694,0.0010669880773804936,-0.2780478894710541,-0.056024715304374695,0.0332476831972599,-0.2780478894710541,-0.056024715304374695,0.0332476831972599,0.7331712663173675,-0.019608650356531143,0.008311920799314976,0.0873609004464943,0.20000000000004547,,none,0.09777427578601205,0.0,-0.010000000000002274,-0.0004133753395154749
R01_horizontal_empty,681,137.19999999999695,59.93440373989714,49.86929854157029,29.374239917180642,-5.501149865646645,0.12914895873628837,0.6993186545982254,-0.03549341924040135,-0.0036821104134719873,-0.38033488392829895,-0.12763921916484833,-0.05343711003661156,-0.38033488392829895,-0.12763921916484833,-0.05343711003661156,0.6717990696430206,-0.04467372670769691,-0.01335927750915289,0.08734756282621524,0.20000000000004547,,none,0.09780967322174305,0.0,-0.010000000000002274,-0.0004621103955255457
R01_horizontal_empty,682,137.399999999997,60.033770698413015,49.9673426730643,29.35614514070187,-5.507579135309431,0.12879757303730674,0.7078972111866435,-0.02926845390886928,-0.00010160944315297201,-0.2697933316230774,-0.047382671386003494,0.028777295723557472,-0.2697933316230774,-0.047382671386003494,0.028777295723557472,0.7381240010261536,-0.01658393498510122,0.007194323930889368,0.08752402363996388,0.20000000000004547,,none,0.09803241877520463,0.0,-0.010000000000002274,-0.0005083951352384751
R01_horizontal_empty,683,137.59999999999704,60.13360079196003,50.064629825478804,29.33811838278079,-5.514011837784879,0.12822242148482513,0.6981185389291196,-0.03465275528588811,-0.005261039132951446,-0.39389482140541077,-0.13035504519939423,-0.06309732794761658,-0.39389482140541077,-0.13035504519939423,-0.06309732794761658,0.6636631071567536,-0.04562426581978798,-0.015774331986904144,0.08734552313258216,0.20000000000004547,,none,0.09796005395372731,0.0,-0.010000000000002274,-0.00061453082114287
R01_horizontal_empty,684,137.79999999999708,60.2341630227866,50.16135555783733,29.320183256126676,-5.520163014207908,0.12760966666956142,0.7081895542193662,-0.02740525413572605,-0.0011745112098181694,-0.26054155826568604,-0.036106083542108536,0.02861018292605877,-0.26054155826568604,-0.036106083542108536,0.02861018292605877,0.7436750650405883,-0.012637129239737987,0.007152545731514692,0.08742091273147007,0.20000000000004547,,none,0.09812243727375503,0.0,-0.010000000000002274,-0.000701524542282689
R01_horizontal_empty,685,137.99999999999713,60.33510052902913,50.2573076687462,29.302359691963353,-5.526281217271222,0.12674696139877736,0.6963928251957195,-0.03333021161078059,-0.007012529249011035,-0.408622145652771,-0.12972402572631836,-0.07563428580760956,-0.408622145652771,-0.12972402572631836,-0.07563428580760956,0.6548267126083374,-0.04540340900421142,-0.01890857145190239,0.08712482031092628,0.20000000000004547,,none,0.09795600208535404,0.0,-0.010000000000002274,-0.0008311817744254982
R01_horizontal_empty,686,138.19999999999717,60.436719129191225,50.35270345654724,29.284675863057316,-5.532147840992247,0.12582554413969482,0.7080316293398529,-0.025896319131735235,-0.0025388269217886633,-0.2515978515148163,-0.030709678307175636,0.026308678090572357,-0.2515978515148163,-0.030709678307175636,0.026308678090572357,0.7490412890911102,-0.010748387407511472,0.006577169522643089,0.08715619318641799,0.20000000000004547,,none,0.0980532499430744,0.0,-0.010000000000002274,-0.0008970567566541527
R01_horizontal_empty,687,138.39999999999722,60.53868282699036,50.44736257651548,29.26713995207717,-5.537915747172307,0.12471998486613138,0.6948887100994179,-0.03137017720799714,-0.008097786258858992,-0.41903457045555115,-0.12149764597415924,-0.07770077884197235,-0.41903457045555115,-0.12149764597415924,-0.07770077884197235,0.6485792577266694,-0.04252417609095573,-0.019425194710493088,0.08690494573989212,0.20000000000004547,,none,0.09784685528097725,0.0,-0.010000000000002274,-0.0009419095410828554
R01_horizontal_empty,688,138.59999999999727,60.64121371019552,50.54142002977066,29.249791621023828,-5.5435820378363605,0.12351729562164358,0.7067105298990564,-0.025718683329084224,-0.004221279082620856,-0.25272491574287415,-0.04057919606566429,0.014711286872625351,-0.25272491574287415,-0.04057919606566429,0.014711286872625351,0.7483650505542755,-0.0142027186229825,0.0036778217181563377,0.08696772118946955,0.20000000000004547,,none,0.09782265492298947,0.0,-0.010000000000002274,-0.0008549337335176516
R01_horizontal_empty,689,138.7999999999973,60.74417789080012,50.634850414309106,29.232608315466624,-5.549177225856614,0.12226922282125613,0.6947851593640331,-0.02991678532927356,-0.007976423177347267,-0.4120570421218872,-0.10991770029067993,-0.06251289695501328,-0.4120570421218872,-0.10991770029067993,-0.06251289695501328,0.6527657747268676,-0.03847119510173797,-0.01562822423875332,0.08696502429970684,0.20000000000004547,,none,0.09768818688435843,0.0,-0.010000000000002274,-0.0007231625846493045
R01_horizontal_empty,690,138.99999999999736,60.847542934754216,50.72757382119464,29.215640631098946,-5.554634505058191,0.1210431161378358,0.7037194260609722,-0.02502472218099306,-0.004543391725134177,-0.2746673822402954,-0.04301782324910164,0.00980818085372448,-0.2746673822402954,-0.04301782324910164,0.00980818085372448,0.7351995706558228,-0.015056238137185573,0.00245204521343112,0.08693419948487621,0.20000000000004547,,none,0.09750583649459799,0.0,-0.010000000000002274,-0.0005716370097195054
R01_horizontal_empty,691,139.1999999999974,60.95120197566887,50.81959124657768,29.198861635161357,-5.559887488810653,0.1197534749893664,0.6929938056275321,-0.027331270471299792,-0.00808601196852153,-0.4079970419406891,-0.09151796996593475,-0.061219025403261185,-0.4079970419406891,-0.09151796996593475,-0.061219025403261185,0.6552017748355865,-0.03203128948807716,-0.015304756350815296,0.08673692812909668,0.20000000000004547,,none,0.09724040665741995,0.0,-0.010000000000002274,-0.0005034785283209901
R01_horizontal_empty,692,139.39999999999745,61.0551162811423,50.91086133334522,29.182324853643117,-5.564901911898898,0.11831540437802636,0.6996028448086149,-0.023129638044100582,-0.006420243361447032,-0.29518336057662964,-0.04162295535206795,-0.012103726156055927,-0.29518336057662964,-0.04162295535206795,-0.012103726156055927,0.7228899836540221,-0.01456803437322378,-0.003025931539013982,0.08656773006886478,0.20000000000004547,,none,0.0969203051049945,0.0,-0.010000000000002274,-0.00035257503612744077
R01_horizontal_empty,693,139.5999999999975,61.159215188782056,51.00141575733397,29.166024509717833,-5.569675245835776,0.11678789902260321,0.6901725900478939,-0.02450038772639087,-0.00868417717929966,-0.4050919711589813,-0.07798155397176743,-0.05318944528698921,-0.4050919711589813,-0.07798155397176743,-0.05318944528698921,0.6569448173046112,-0.027293543890118597,-0.013297361321747303,0.08623804605339835,0.20000000000004547,,none,0.09653984378720537,0.0,-0.010000000000002274,-0.00030179773380474757
R01_horizontal_empty,694,139.79999999999754,61.26349026393328,51.09125516813494,29.149993941529615,-5.574234441508539,0.11513561160902276,0.6952791700677952,-0.021330485018668684,-0.007897954659518017,-0.3112127482891083,-0.04248920455574989,-0.025183523073792458,-0.3112127482891083,-0.04248920455574989,-0.025183523073792458,0.7132723510265351,-0.014871221594512462,-0.006295880768448114,0.08592185005089535,0.20000000000004547,,none,0.09613899699155226,0.0,-0.010000000000002274,-0.00021714694065463205
R01_horizontal_empty,695,139.99999999999758,61.367967968109696,51.18047440804459,29.13422198802428,-5.578610721472406,0.11340312637637293,0.6879762932019226,-0.022355089997199293,-0.009319737678825053,-0.3962593376636505,-0.06983689218759537,-0.04886753484606743,-0.3962593376636505,-0.06983689218759537,-0.04886753484606743,0.6622443974018097,-0.024442912265658378,-0.012216883711516857,0.08559223743352903,0.20000000000004547,,none,0.09576307244946491,0.0,-0.010000000000002274,-0.0001708350159336051
R01_horizontal_empty,696,140.19999999999763,61.47262043469205,51.269046186933636,29.118730542536568,-5.5829913372338185,0.11167452969801976,0.6916035824893708,-0.021514428400874194,-0.008061093309626545,-0.32602593302726746,-0.05657549947500229,-0.0219854898750782,-0.32602593302726746,-0.05657549947500229,-0.0219854898750782,0.7043844401836394,-0.0198014248162508,-0.00549637246876955,0.085237916948845,0.20000000000004547,,none,0.09535454174895364,0.0,-0.010000000000002274,-0.00011662480010635635
R01_horizontal_empty,697,140.39999999999768,61.5775642968285,51.35708753923364,29.103476621929307,-5.587319322200654,0.1101536556453506,0.6869203527274876,-0.02174782977290804,-0.007211668486649245,-0.382635235786438,-0.06349550932645798,-0.021923232823610306,-0.382635235786438,-0.06349550932645798,-0.021923232823610306,0.6704188585281372,-0.02222342826426029,-0.0054808082059025764,0.0849972337082644,0.20000000000004547,,none,0.09506228377968995,0.0,-0.010000000000002274,-6.505007142328268e-05
R01_horizontal_empty,698,140.59999999999772,61.68264708064508,51.44447896033484,29.088457632730307,-5.591516275110979,0.10876668610159088,0.6879928324969492,-0.020328662192499382,-0.0066968303727358925,-0.3470470905303955,-0.04981955885887146,-0.022591009736061096,-0.3470470905303955,-0.04981955885887146,-0.022591009736061096,0.6917717456817627,-0.01743684560060501,-0.005647752434015274,0.08461309453372642,0.20000000000004547,,none,0.09464217440632794,0.0,-0.010000000000002274,-2.9079872599237222e-05
R01_horizontal_empty,699,140.79999999999777,61.78790284713779,51.53128300536207,29.073653703610987,-5.595638724962098,0.10738783214684659,0.684501676652616,-0.020856084429731542,-0.007064033056280193,-0.3796658515930176,-0.06265944242477417,-0.03124910593032837,-0.3796658515930176,-0.06265944242477417,-0.03124910593032837,0.6722004890441895,-0.021930804848670958,-0.007812276482582092,0.08423140920783312,0.20000000000004547,,none,0.09425748538409451,0.0,-0.010000000000002274,-2.6076176259111072e-05
R01_horizontal_empty,700,140.9999999999978,61.89335308697961,51.61751464441593,29.05906151290404,-5.599783361332728,0.10608158070240277,0.6854398705961016,-0.020608908929158704,-0.006073163376680659,-0.35209062695503235,-0.05744355171918869,-0.016216332092881203,-0.35209062695503235,-0.05744355171918869,-0.016216332092881203,0.6887456238269806,-0.02010524310171604,-0.004054083023220301,0.08387192856706958,0.20000000000004547,,none,0.09389220022345057,0.0,-0.010000000000002274,-2.0271656378715933e-05
R01_horizontal_empty,701,141.19999999999786,61.99904184684564,51.70321798949172,29.044652892954062,-5.603868935662823,0.10493795872135135,0.6829887303985736,-0.02027221131853548,-0.0054128261448124415,-0.37607988715171814,-0.055960364639759064,-0.01626906730234623,-0.37607988715171814,-0.055960364639759064,-0.01626906730234623,0.6743520677089692,-0.01958612762391567,-0.004067266825586557,0.0835631149340951,0.20000000000004547,,none,0.09357466867869135,0.0,-0.010000000000002274,-1.1553744593983951e-05
R01_horizontal_empty,702,141.3999999999979,62.10486505100502,51.78832480378417,29.030424690616847,-5.607833790804073,0.10384094773434804,0.6824727162806404,-0.019439129582749425,-0.005547159036118412,-0.36557579040527344,-0.05069020390510559,-0.023283548653125763,-0.36557579040527344,-0.05069020390510559,-0.023283548653125763,0.6806545257568359,-0.017741571366786956,-0.005820887163281441,0.08316727841954161,0.20000000000004547,,none,0.09317102469136884,0.0,-0.010000000000002274,-3.7462718249637455e-06
R01_horizontal_empty,703,141.59999999999795,62.2108432255686,51.872872929310496,29.016374486734183,-5.611775965349548,0.10267389910823384,0.6805972528853954,-0.019944524207327678,-0.0060829449635546075,-0.3766849935054779,-0.05992674082517624,-0.028698831796646118,-0.3766849935054779,-0.05992674082517624,-0.028698831796646118,0.6739890038967132,-0.02097435928881168,-0.0071747079491615295,0.08277862369426411,0.20000000000004547,,none,0.09278338476025283,0.0,-0.010000000000002274,-4.761065986438329e-06
R01_horizontal_empty,704,141.799999999998,62.3170306996772,51.95689596855403,29.002503379610957,-5.6158244744798145,0.10150870403293286,0.6805824843003178,-0.020498791863360975,-0.005605026566907536,-0.36578258872032166,-0.06179489940404892,-0.018524717539548874,-0.36578258872032166,-0.06179489940404892,-0.018524717539548874,0.680530446767807,-0.02162821479141712,-0.0046311793848872185,0.08243521671878948,0.20000000000004547,,none,0.09243973401974159,0.0,-0.010000000000002274,-4.517300949833658e-06
R01_horizontal_empty,705,141.99999999999804,62.423493953059776,52.04043538746504,28.988791997728843,-5.619871579585626,0.10047323898078296,0.6796554558431797,-0.020009162620356978,-0.00480957709434662,-0.37268492579460144,-0.05431843549013138,-0.012754806317389011,-0.37268492579460144,-0.05431843549013138,-0.012754806317389011,0.6763890445232391,-0.01901145242154598,-0.003188701579347253,0.08215561541469389,0.20000000000004547,,none,0.09215835204760126,0.0,-0.010000000000002274,-2.736632905093895e-06
R01_horizontal_empty,706,142.19999999999808,62.530131038314586,52.12342654695327,28.975237473025423,-5.623784247256554,0.09946036390534858,0.6784424541444234,-0.01918000761915066,-0.00528345724566865,-0.37638598680496216,-0.049972716718912125,-0.024996303021907806,-0.37638598680496216,-0.049972716718912125,-0.024996303021907806,0.6741684079170227,-0.01749045085161924,-0.006249075755476952,0.08178948899533708,0.20000000000004547,,none,0.09179313774265552,0.0,-0.010000000000002274,-3.648747316153684e-06
R01_horizontal_empty,707,142.39999999999813,62.63690610917976,52.20586212774598,28.96185293090355,-5.6276813488277755,0.09829992994538045,0.6771869934345207,-0.019748184519378886,-0.0062481716893379,-0.3787277638912201,-0.05973128601908684,-0.03285582363605499,-0.3787277638912201,-0.05973128601908684,-0.03285582363605499,0.6727633416652679,-0.020905950106680393,-0.008213955909013748,0.08138718379649101,0.20000000000004547,,none,0.09139043350967313,0.0,-0.010000000000002274,-3.249713179844793e-06
R01_horizontal_empty,708,142.59999999999818,62.7439058223129,52.287795503141616,28.948646020655044,-5.6317351248469905,0.09708514232683695,0.676946353986361,-0.02071658703741296,-0.0059241277349738565,-0.3731692433357239,-0.06482824683189392,-0.0210553128272295,-0.3731692433357239,-0.06482824683189392,-0.0210553128272295,0.6760984539985657,-0.022689886391162872,-0.005263828206807375,0.08104994083616715,0.20000000000004547,,none,0.09105386340048227,0.0,-0.010000000000002274,-3.922564312847446e-06
R01_horizontal_empty,709,142.79999999999822,62.85118324677292,52.369246015354655,28.935604803386006,-5.6358265737202915,0.09598322914840077,0.67632811666194,-0.0202342551206842,-0.005153115361512106,-0.3764171004295349,-0.05500404164195061,-0.014328139834105968,-0.3764171004295349,-0.05500404164195061,-0.014328139834105968,0.6741497397422791,-0.019251414574682713,-0.003582034958526492,0.08076236153293663,0.20000000000004547,,none,0.09076540790173482,0.0,-0.010000000000002274,-3.0463687959067684e-06
R01_horizontal_empty,710,142.99999999999827,62.95862491609987,52.45014111727928,28.922729919225617,-5.639774792243946,0.0948654758229574,0.6747995580751716,-0.019317059295516664,-0.00596335036555788,-0.38431060314178467,-0.04985172301530838,-0.03045741654932499,-0.38431060314178467,-0.04985172301530838,-0.03045741654932499,0.6694136381149292,-0.017448103055357933,-0.007614354137331247,0.08037688816408838,0.20000000000004547,,none,0.09038386831088374,0.0,-0.010000000000002274,-6.980146793096904e-06
R01_horizontal_empty,711,143.1999999999983,63.06618199643318,52.53046500346294,28.910043389370504,-5.643723786477114,0.09354010027895543,0.673640136913174,-0.020112900380520313,-0.007197394958196068,-0.38407519459724426,-0.06209878250956535,-0.03884795680642128,-0.38407519459724426,-0.06209878250956535,-0.03884795680642128,0.6695548832416534,-0.021734573878347874,-0.00971198920160532,0.0799461962805337,0.20000000000004547,,none,0.08995060522152087,0.0,-0.010000000000002274,-4.40894098489332e-06
R01_horizontal_empty,712,143.39999999999836,63.17398449495072,52.610295307407824,28.89755322491751,-5.6478743903939606,0.0921712116824909,0.6735921401171745,-0.021303409915190197,-0.006540966139752983,-0.37762829661369324,-0.06779798120260239,-0.020813483744859695,-0.37762829661369324,-0.06779798120260239,-0.020813483744859695,0.6734230220317841,-0.023729293420910832,-0.005203370936214924,0.07960847459184581,0.20000000000004547,,none,0.08961646030340731,0.0,-0.010000000000002274,-7.985711559224395e-06
R01_horizontal_empty,713,143.5999999999984,63.282082287091406,52.689643651990814,28.885241574971094,-5.652046240555982,0.0909843301023492,0.6730192245757395,-0.020477351820943023,-0.005412874117636973,-0.38166576623916626,-0.05369744449853897,-0.012456711381673813,-0.38166576623916626,-0.05369744449853897,-0.012456711381673813,0.6710005402565002,-0.01879410557448864,-0.003114177845418453,0.07932459747596939,0.20000000000004547,,none,0.08933029671478465,0.0,-0.010000000000002274,-5.699238812987284e-06
R01_horizontal_empty,714,143.79999999999845,63.39031567750805,52.76841492710057,28.87310629502078,-5.656009412388244,0.0897903122037505,0.6711899737227226,-0.019247091404080003,-0.0064491970608885245,-0.39209240674972534,-0.04782916605472565,-0.03424358740448952,-0.39209240674972534,-0.04782916605472565,-0.03424358740448952,0.6647445559501648,-0.016740208119153974,-0.00856089685112238,0.07890456603839491,0.20000000000004547,,none,0.08891692242821847,0.0,-0.010000000000002274,-1.2356389821281955e-05
R01_horizontal_empty,715,143.9999999999985,63.49862659816412,52.846594672385386,28.86117349638318,-5.659977694415341,0.08834438159351686,0.6699765453936453,-0.02035242008703409,-0.007900708423810555,-0.3904983401298523,-0.06458494812250137,-0.04343372583389282,-0.3904983401298523,-0.06458494812250137,-0.04343372583389282,0.6657009959220885,-0.02260473184287548,-0.010858431458473206,0.07843496773012082,0.20000000000004547,,none,0.08844232284863196,0.0,-0.010000000000002274,-7.355118508859671e-06
R01_horizontal_empty,716,144.19999999999854,63.607195319552154,52.92428681870324,28.84944955090218,-5.664204464506569,0.08688229573531989,0.6701893851763681,-0.02180574362380391,-0.006802892686263122,-0.38176777958869934,-0.07076331228017807,-0.0182635597884655,-0.38176777958869934,-0.07076331228017807,-0.0182635597884655,0.6709393322467804,-0.024767159298062322,-0.004565889947116375,0.07809009839961892,0.20000000000004547,,none,0.08810505704221683,0.0,-0.010000000000002274,-1.4958642595639672e-05
R01_horizontal_empty,717,144.39999999999858,63.716075565613984,53.0014998433272,28.837907733247473,-5.668431119567122,0.08568242157040344,0.6696137849675083,-0.02055507040026244,-0.00530848284494942,-0.38735726475715637,-0.05144740641117096,-0.009053384885191917,-0.38735726475715637,-0.05144740641117096,-0.009053384885191917,0.6675856411457062,-0.018006592243909835,-0.0022633462212979794,0.07781306971289542,0.20000000000004547,,none,0.08782285319061245,0.0,-0.010000000000002274,-9.7834777147527e-06
R01_horizontal_empty,718,144.59999999999863,63.82504167497831,53.0781039637068,28.826544787323773,-5.672410834246714,0.08446816599655217,0.6673168339276201,-0.01933410103050862,-0.006727147906339019,-0.4012942314147949,-0.04813185706734657,-0.0384717620909214,-0.4012942314147949,-0.04813185706734657,-0.0384717620909214,0.659223461151123,-0.016846149973571298,-0.00961794052273035,0.07734363026951407,0.20000000000004547,,none,0.08736504372600606,0.0,-0.010000000000002274,-2.1413456489720942e-05
R01_horizontal_empty,719,144.79999999999868,63.934060201655925,53.15410150702978,28.815389873082722,-5.67646235637516,0.08295894650389928,0.6663380054510963,-0.021051667058420924,-0.008250250557023352,-0.39518487453460693,-0.07014721632003784,-0.04541541635990143,-0.39518487453460693,-0.07014721632003784,-0.04541541635990143,0.6628890752792358,-0.024551525712013245,-0.011353854089975357,0.0768526051856073,0.20000000000004547,,none,0.086864009477992,0.0,-0.010000000000002274,-1.1404292382433678e-05
R01_horizontal_empty,720,144.99999999999872,64.04336905922273,53.22961724343362,28.804445051128926,-5.680859702831708,0.08149604760250989,0.6667184193412501,-0.022790724500570396,-0.006509908300027642,-0.3865686357021332,-0.0752410739660263,-0.011854555457830429,-0.3865686357021332,-0.0752410739660263,-0.011854555457830429,0.6680588185787201,-0.026334375888109204,-0.0029636388644576073,0.0765206732029135,0.20000000000004547,,none,0.08654520356975226,0.0,-0.010000000000002274,-2.4530366836479633e-05
R01_horizontal_empty,721,145.19999999999877,64.15298342151995,53.30462295285989,28.79367574700662,-5.685285135086911,0.08037789070007491,0.6658813436186289,-0.02155661319582226,-0.004800499135876987,-0.3951135277748108,-0.05440538004040718,-0.0052690464071929455,-0.3951135277748108,-0.05440538004040718,-0.0052690464071929455,0.6629318833351134,-0.019041883014142513,-0.0013172616017982364,0.0762466445189966,0.20000000000004547,,none,0.08625765472402591,0.0,-0.010000000000002274,-1.1010205027036372e-05
R01_horizontal_empty,722,145.3999999999988,64.26267479770102,53.37899267356882,28.783072624453133,-5.689424679769478,0.07923247850920503,0.6637132486734988,-0.019959228724396542,-0.006523741733426298,-0.406543493270874,-0.04772646352648735,-0.04014066979289055,-0.406543493270874,-0.04772646352648735,-0.04014066979289055,0.6560739040374756,-0.016704262234270573,-0.010035167448222637,0.0757708927755642,0.20000000000004547,,none,0.08579871841865838,0.0,-0.010000000000002274,-2.7825643091900782e-05
R01_horizontal_empty,723,145.59999999999886,64.37246365968478,53.45277636271296,28.7726666246945,-5.693552369091467,0.0776979366794634,0.6631853047473585,-0.021222454955028915,-0.008660619763296039,-0.3977915346622467,-0.06799003481864929,-0.05205961689352989,-0.3977915346622467,-0.06799003481864929,-0.05205961689352989,0.6613250792026519,-0.02379651218652725,-0.013014904223382473,0.0753206057984867,0.20000000000004547,,none,0.08533319120650873,0.0,-0.010000000000002274,-1.258540801974989e-05
R01_horizontal_empty,724,145.7999999999989,64.48261126132077,53.526119043966496,28.762470670235395,-5.698004834630307,0.07616543808530253,0.6640145702061389,-0.023156436006750145,-0.006804278856207134,-0.3884391486644745,-0.07742080092430115,-0.012086562812328339,-0.3884391486644745,-0.07742080092430115,-0.012086562812328339,0.6669365108013152,-0.0270972803235054,-0.0030216407030820847,0.07502011185492884,0.20000000000004547,,none,0.0850555968854465,0.0,-0.010000000000002274,-3.5485030515390036e-05
R01_horizontal_empty,725,145.99999999999895,64.59310208273425,53.59896831412931,28.75245100117301,-5.702522496768477,0.07504875594369066,0.663260930719979,-0.022099822486115212,-0.0045336780641864844,-0.3989908993244171,-0.056990791112184525,0.0003723650879692286,-0.3989908993244171,-0.056990791112184525,0.0003723650879692286,0.6606054604053497,-0.01994677688926458,9.309127199230716e-05,0.07477312006965518,0.20000000000004547,,none,0.08478679906220421,0.0,-0.010000000000002274,-1.3678992546751887e-05
R01_horizontal_empty,726,146.199999999999,64.70371547206388,53.67120675514126,28.742584942688175,-5.7067031021880945,0.07397330463308048,0.6616210801027128,-0.01987399280904573,-0.0061025862119280135,-0.40692830085754395,-0.043824151158332825,-0.037198107689619064,-0.40692830085754395,-0.043824151158332825,-0.037198107689619064,0.6558430194854736,-0.015338452905416487,-0.009299526922404766,0.074328635954362,0.20000000000004547,,none,0.08436159401787435,0.0,-0.010000000000002274,-3.2958063510079024e-05
R01_horizontal_empty,727,146.39999999999904,64.8144613323539,53.74288935365427,28.73289932319133,-5.710802683318658,0.07252311041283564,0.6611583268405143,-0.021034361354461757,-0.008238380845555069,-0.40078699588775635,-0.06685379147529602,-0.05036183074116707,-0.40078699588775635,-0.06685379147529602,-0.05036183074116707,0.6595278024673461,-0.023398827016353606,-0.012590457685291767,0.07390475389660661,0.20000000000004547,,none,0.08391958116789766,0.0,-0.010000000000002274,-1.4827271288769817e-05
R01_horizontal_empty,728,146.59999999999908,64.92560182523961,53.8141620289429,28.72340744708592,-5.715177530221045,0.07108809932443101,0.6624907261861621,-0.02259637823518198,-0.006260781948329261,-0.3880242109298706,-0.07365507632493973,-0.008924232795834541,-0.3880242109298706,-0.07365507632493973,-0.008924232795834541,0.6671854734420777,-0.025779276713728903,-0.0022310581989586353,0.07362126222915595,0.20000000000004547,,none,0.08365978664273754,0.0,-0.010000000000002274,-3.852441357932508e-05
R01_horizontal_empty,729,146.79999999999913,65.03707452212653,53.884950399099566,28.71407742873966,-5.719604963279171,0.0700694995349817,0.661354017910618,-0.02174232263779027,-0.004088910226399738,-0.4044186770915985,-0.05714864656329155,0.0013467214303091168,-0.4044186770915985,-0.05714864656329155,0.0013467214303091168,0.6573487937450408,-0.02000202629715204,0.0003366803575772792,0.0733605216536644,0.20000000000004547,,none,0.08337345631856508,0.0,-0.010000000000002274,-1.2934664898396087e-05
R01_horizontal_empty,730,146.99999999999918,65.1486910240217,53.95516200765408,28.70488389642486,-5.723660740133588,0.06908797102784775,0.6605195119048911,-0.019020583752820584,-0.005611608834518747,-0.404034823179245,-0.03849867731332779,-0.034857556223869324,-0.404034823179245,-0.03849867731332779,-0.034857556223869324,0.657579106092453,-0.013474537059664726,-0.008714389055967331,0.07292448559668384,0.20000000000004547,,none,0.08295765996503235,0.0,-0.010000000000002274,-3.317436834622934e-05
R01_horizontal_empty,731,147.19999999999922,65.26041185546329,54.02482909065663,28.695858277216416,-5.727600930311823,0.0677100170318023,0.6592569934661153,-0.02028594739225578,-0.007988764561104433,-0.40865254402160645,-0.0653267428278923,-0.05133063718676567,-0.40865254402160645,-0.0653267428278923,-0.05133063718676567,0.6548084735870361,-0.022864359989762304,-0.012832659296691418,0.07246409290359239,0.20000000000004547,,none,0.0824843415204235,0.0,-0.010000000000002274,-2.024861682883766e-05
R01_horizontal_empty,732,147.39999999999927,65.37253475103988,54.0941189130812,28.6870180431675,-5.731715250704846,0.06629496877003363,0.6616453282393605,-0.02081721483532102,-0.006289771411631074,-0.3832321763038635,-0.06257077306509018,-0.011311033740639687,-0.3832321763038635,-0.06257077306509018,-0.011311033740639687,0.6700606942176819,-0.02189977057278156,-0.0028277584351599216,0.07216506834840607,0.20000000000004547,,none,0.08221017553089283,0.0,-0.010000000000002274,-4.51071824844785e-05
R01_horizontal_empty,733,147.5999999999993,65.48491524333843,54.16292381168842,28.67834506329925,-5.735914979065045,0.06521440819301685,0.659035516656009,-0.021154637195455604,-0.0046401653981309595,-0.41693371534347534,-0.062406279146671295,-0.005115151405334473,-0.41693371534347534,-0.062406279146671295,-0.005115151405334473,0.6498397707939148,-0.021842197701334953,-0.0012787878513336182,0.07182003062570612,0.20000000000004547,,none,0.0818435148207044,0.0,-0.010000000000002274,-2.3484194996012468e-05
R01_horizontal_empty,734,147.79999999999936,65.59748834079778,54.23121613394806,28.6698112973635,-5.739715919178269,0.06419957673915433,0.6603491281066376,-0.017156131852540238,-0.005447314219181419,-0.39170387387275696,-0.025738392025232315,-0.028368117287755013,-0.39170387387275696,-0.025738392025232315,-0.028368117287755013,0.6649776756763458,-0.00900843720883131,-0.007092029321938753,0.07138901679737956,0.20000000000004547,,none,0.08143945238276018,0.0,-0.010000000000002274,-5.043558537834371e-05
R01_horizontal_empty,735,147.9999999999994,65.7100314008539,54.29893478778768,28.661452847329144,-5.743385276569496,0.06278867821136008,0.6559738183533605,-0.019370541676693963,-0.008436384413558616,-0.4324045181274414,-0.06823660433292389,-0.05810867249965668,-0.4324045181274414,-0.06823660433292389,-0.05810867249965668,0.6405572891235352,-0.02388281151652336,-0.01452716812491417,0.07075795365626483,0.20000000000004547,,none,0.08084489647859527,0.0,-0.010000000000002274,-8.694282232816354e-05
R01_horizontal_empty,736,148.19999999999945,65.82303906774004,54.36635606268869,28.65328398407217,-5.74707038147959,0.06126722657180669,0.662184270191214,-0.01761297544111517,-0.006894354960895982,-0.35988837480545044,-0.04009031131863594,-0.01500873826444149,-0.35988837480545044,-0.04009031131863594,-0.01500873826444149,0.6840669751167296,-0.014031608961522578,-0.0037521845661103725,0.07042231224170731,0.20000000000004547,,none,0.08058048042538601,0.0,-0.010000000000002274,-0.00015816818367643128
R01_horizontal_empty,737,148.3999999999995,65.93612307934845,54.43325458712798,28.645309557573245,-5.751054992622121,0.060009468728490514,0.6544988281904264,-0.021909319892513848,-0.0057681088050367865,-0.45430174469947815,-0.08761119097471237,-0.013892695307731628,-0.45430174469947815,-0.08761119097471237,-0.013892695307731628,0.6274189531803132,-0.030663916841149327,-0.003473173826932907,0.06981998793791735,0.20000000000004547,,none,0.08004345521731793,0.0,-0.010000000000002274,-0.00022346727939830037
R01_horizontal_empty,738,148.59999999999954,66.04961950845558,54.4997897559703,28.637475160668817,-5.7545189461245165,0.059002119167785576,0.6630430822986499,-0.013373556807788716,-0.004407905517068525,-0.34475165605545044,0.01148468628525734,-0.006544958334416151,-0.34475165605545044,0.01148468628525734,-0.006544958334416151,0.6931490063667297,0.004019640199840069,-0.0016362395836040378,0.0693272928574156,0.20000000000004547,,none,0.0797647969384272,0.0,-0.010000000000002274,-0.00043750408100932676
R01_horizontal_empty,739,148.79999999999959,66.16272221557118,54.565617615939175,28.629825070456146,-5.75793906451293,0.05759038736913424,0.6485206180564986,-0.020305188975129607,-0.009337842424354932,-0.5044161677360535,-0.0983704924583435,-0.07753400504589081,-0.5044161677360535,-0.0983704924583435,-0.07753400504589081,0.5973502993583679,-0.03442967236042022,-0.019383501261472702,0.068037869763529,0.20000000000004547,,none,0.07888987699033123,0.0,-0.010000000000002274,-0.000852007226799957
R01_horizontal_empty,740,148.99999999999963,66.27673578772941,54.63143920360026,28.62233755685653,-5.760883303350675,0.05621587673924328,0.669131970185527,-0.009919937296731006,-0.004752836427892036,-0.2637389004230499,0.032119814306497574,0.018359847366809845,-0.2637389004230499,0.032119814306497574,0.018359847366809845,0.74175665974617,0.01124193500727415,0.004589961841702461,0.06721682361816687,0.20000000000004547,,none,0.07889980157999688,0.0,-0.010000000000002274,-0.001682977961827722
R01_horizontal_empty,741,149.19999999999968,66.39017148813721,54.696507710636126,28.61505275057372,-5.764494248836257,0.05496835679753407,0.6419070441604765,-0.02504922127616678,-0.0075142359173707585,-0.5900346040725708,-0.1596512496471405,-0.05256439372897148,-0.5900346040725708,-0.1596512496471405,-0.05256439372897148,0.5459792375564575,-0.055877937376499175,-0.01314109843224287,0.06490695896787733,0.20000000000004547,,none,0.07787246447118079,0.0,-0.010000000000002274,-0.0029655055033011757
R01_horizontal_empty,742,149.39999999999972,66.50525543437185,54.76196529156894,28.60782190457207,-5.766513449053924,0.054529796464310026,0.6821444655332964,0.0027611476430901777,0.0023826991807446556,-0.12679637968540192,0.1697997748851776,0.09019814431667328,-0.12679637968540192,0.1697997748851776,0.09019814431667328,0.8239221721887589,0.05942992120981216,0.02254953607916832,0.06153141310927166,0.20000000000004547,,none,0.07840158855663404,0.0,-0.010000000000002274,-0.006870175447360106
R01_horizontal_empty,743,149.59999999999977,66.6187087086228,54.826351355148766,28.60072589498955,-5.768337624641119,0.053679292117106626,0.626884998858775,-0.019337337546788378,-0.009957648867230584,-0.7797055244445801,-0.1839059740304947,-0.1404135674238205,-0.7797055244445801,-0.1839059740304947,-0.1404135674238205,0.43217668533325193,-0.06436709091067314,-0.035103391855955124,0.054550817906887775,0.20000000000004547,,none,0.07664241530125082,0.0,-0.010000000000002274,-0.012091597394360774
R01_horizontal_empty,744,149.7999999999998,66.73480857681966,54.89195677386383,28.593637705715874,-5.767814691814022,0.0529986430618429,0.7048665046503625,0.02148953837902673,0.0022323931183235767,0.13272762298583984,0.29909101128578186,0.10828743875026703,0.13272762298583984,0.29909101128578186,0.10828743875026703,0.9796365737915038,0.10468185395002365,0.027071859687566757,0.045169965922535,0.20000000000004547,,none,0.07772341645906522,0.0,-0.010000000000002274,-0.02255345053652795
R01_horizontal_empty,745,149.99999999999986,66.85053708368011,54.957670770841275,28.58659767240973,-5.766852533140265,0.05227997804931226,0.6312987158395287,-0.009530004302653113,-0.008602421710683915,-0.879865825176239,-0.2078230381011963,-0.12272144854068756,-0.879865825176239,-0.2078230381011963,-0.12272144854068756,0.3720805048942566,-0.0727380633354187,-0.03068036213517189,0.039939567003575205,0.20000000000004547,,none,0.07665301601825902,0.0,-0.010000000000002274,-0.026713449014681548
R01_horizontal_empty,746,150.1999999999999,66.9672546138261,55.02393433923548,28.579628162985284,-5.765800354763946,0.05198750716045284,0.7090094193810903,0.017978470418059646,0.004676852070628374,0.13804218173027039,0.2115202248096466,0.12694332003593445,0.13804218173027039,0.2115202248096466,0.12694332003593445,0.9828253090381622,0.0740320786833763,0.03173583000898361,0.041022620824440095,0.20000000000004547,,none,0.07650898041127263,0.0,-0.010000000000002274,-0.025486359586830258
R01_horizontal_empty,747,150.39999999999995,67.08364116141688,55.09026890457227,28.572625696434585,-5.765750804082157,0.05221703192094969,0.6358909312495341,-0.014997555817916643,-0.001886893992389942,-0.8695735931396484,-0.2348351776599884,-0.061046965420246124,-0.8695735931396484,-0.2348351776599884,-0.061046965420246124,0.37825584411621094,-0.08219231218099593,-0.015261741355061531,0.04049660902361169,0.20000000000004547,,none,0.07549386987374263,0.0,-0.010000000000002274,-0.02499726085012866
R01_horizontal_empty,748,150.6,67.20058865645393,55.156773493820545,28.565564608056,-5.765285224512473,0.05307583607452615,0.7079181753224107,0.017224751625013798,0.009608524224047219,0.10284705460071564,0.23681047558784485,0.13213026523590088,0.10284705460071564,0.23681047558784485,0.13213026523590088,0.9617082327604294,0.08288366645574569,0.03303256630897522,0.04104843359167222,0.20000000000004547,,none,0.07515581320814135,0.0,-0.010000000000002274,-0.024107379616466855
R01_horizontal_empty,749,150.80000000000004,67.31673704877555,55.223059733908954,28.558393744239275,-5.764985221524242,0.053572268491792946,0.6347677898130804,-0.012020502764535115,-0.003645260419827802,-0.8716328144073486,-0.20460891723632812,-0.1226091980934143,-0.8716328144073486,-0.20460891723632812,-0.1226091980934143,0.3770203113555908,-0.07161312103271483,-0.030652299523353577,0.039697248419922185,0.20000000000004547,,none,0.07388433421273533,0.0,-0.010000000000002274,-0.024187085792810863
R01_horizontal_empty,750,151.00000000000009,67.43345419083448,55.28958318397487,28.55119644378015,-5.764220273753015,0.053806133847966654,0.7071890303011654,0.01744886968836804,0.005309027991855837,0.10394557565450668,0.22142334282398224,0.09422019124031067,0.10394557565450668,0.22142334282398224,0.09422019124031067,0.962367345392704,0.07749816998839378,0.023555047810077667,0.039883838229113684,0.20000000000004547,,none,0.07348927154604823,0.0,-0.010000000000002274,-0.02360543331693227
R01_horizontal_empty,751,151.20000000000013,67.54952631912238,55.35597099091708,28.543977041344665,-5.76433273516664,0.05363446883455077,0.6353052914546347,-0.016048762525694704,-0.00616116783685363,-0.8632985353469849,-0.24087539315223694,-0.11813525855541229,-0.8632985353469849,-0.24087539315223694,-0.11813525855541229,0.38202087879180907,-0.08430638760328292,-0.029533814638853073,0.03836498162017073,0.20000000000004547,,none,0.07225250419237739,0.0,-0.010000000000002274,-0.02388752257220439
R01_horizontal_empty,752,151.40000000000018,67.66662253165462,55.422765407351015,28.536759770386343,-5.764040777890558,0.05383790256398028,0.7111305488992075,0.016514069974809937,0.007189279982340641,0.1305050253868103,0.23676247894763947,0.13757315278053284,0.1305050253868103,0.23676247894763947,0.13757315278053284,0.9783030152320862,0.08286686763167381,0.03439328819513321,0.03648465165482508,0.20000000000004547,,none,0.07210805657121178,0.0,-0.010000000000002274,-0.02562340491638442
R01_horizontal_empty,753,151.60000000000022,67.78314743626746,55.48945228474826,28.52949132708655,-5.763797144317056,0.05382230188636337,0.6369076069606989,-0.01193362725785229,-0.006326593457194827,-0.8743650913238525,-0.19971735775470734,-0.13547074794769287,-0.8743650913238525,-0.19971735775470734,-0.13547074794769287,0.37538094520568843,-0.06990107521414757,-0.03386768698692322,0.03541619618329978,0.20000000000004547,,none,0.07091282760391593,0.0,-0.010000000000002274,-0.025496631420613872
R01_horizontal_empty,754,151.80000000000027,67.89988899091807,55.556141267117745,28.522291666690613,-5.763666156302218,0.05351683825598224,0.7062273159809497,0.011478901767421895,0.0025992175125212854,0.08412882685661316,0.16910360753536224,0.08314883708953857,0.08412882685661316,0.16910360753536224,0.08314883708953857,0.9504772961139678,0.05918626263737678,0.020787209272384644,0.03816467982948131,0.20000000000004547,,none,0.07021536020124941,0.0,-0.010000000000002274,-0.022050680371765826
R01_horizontal_empty,755,152.0000000000003,68.01606756030702,55.62258412856466,28.515133751838345,-5.764986558409839,0.05296026893349654,0.6372909977981006,-0.022148426346322973,-0.007410478524971922,-0.8426801562309265,-0.2590580880641937,-0.111228346824646,-0.8426801562309265,-0.2590580880641937,-0.111228346824646,0.39439190626144405,-0.0906703308224678,-0.0278070867061615,0.03741191815949202,0.20000000000004547,,none,0.06901351452623139,0.0,-0.010000000000002274,-0.0216015963667371
R01_horizontal_empty,756,152.20000000000036,68.13362800576247,55.689454168813846,28.507997502883523,-5.765736341087864,0.05300357163247124,0.7134863416209337,0.012071443141235271,0.006774389961661211,0.1366046965122223,0.2337164580821991,0.1427147388458252,0.1366046965122223,0.2337164580821991,0.1427147388458252,0.9819628179073334,0.08180076032876968,0.0356786847114563,0.033724507383535406,0.20000000000004547,,none,0.06905076072157357,0.0,-0.010000000000002274,-0.025326253338035887
R01_horizontal_empty,757,152.4000000000004,68.25069610439677,55.75614211027216,28.500829121477928,-5.765949470909801,0.052732063590340675,0.6392160767357375,-0.012361246101285348,-0.00834957499550907,-0.8707955479621887,-0.17756392061710358,-0.15666981041431427,-0.8707955479621887,-0.17756392061710358,-0.15666981041431427,0.37752267122268673,-0.06214737221598625,-0.03916745260357857,0.032421860709093205,0.20000000000004547,,none,0.06789461892521231,0.0,-0.010000000000002274,-0.025472758216116834
R01_horizontal_empty,758,152.60000000000045,68.36762955930024,55.82255988985913,28.493811977126246,-5.766695440981059,0.05180878172815108,0.7043444484131343,0.0036916372871179386,-0.0014065410790550905,0.05637688562273979,0.10400673747062683,0.05096470192074776,0.05637688562273979,0.10400673747062683,0.05096470192074776,0.9338261313736438,0.03640235811471939,0.01274117548018694,0.03729647869560618,0.20000000000004547,,none,0.06693733565177595,0.0,-0.010000000000002274,-0.019640856956167504
R01_horizontal_empty,759,152.8000000000005,68.48426191776745,55.88867337699152,28.48690749937546,-5.7696222328336235,0.050847807195732356,0.6410848608934734,-0.03039076063903349,-0.007726842248106281,-0.803020179271698,-0.2852570116519928,-0.08242250233888626,-0.803020179271698,-0.2852570116519928,-0.08242250233888626,0.4181878924369812,-0.09983995407819747,-0.020605625584721565,0.037726975798979684,0.20000000000004547,,none,0.06588461035478943,0.0,-0.010000000000002274,-0.018157634555807472
R01_horizontal_empty,760,153.00000000000054,68.60267071333168,55.95518441126447,28.48002600982437,-5.771758002277121,0.05099605427024427,0.7152670587512494,0.006269943709024339,0.00802229805139819,0.12775026261806488,0.23135118186473846,0.1604563444852829,0.12775026261806488,0.23135118186473846,0.1604563444852829,0.9766501575708388,0.08097291365265846,0.040114086121320724,0.032300448418736395,0.20000000000004547,,none,0.06614460392551713,0.0,-0.010000000000002274,-0.023844155506778462
R01_horizontal_empty,761,153.20000000000059,68.72051383705679,56.021321675564934,28.473102849285393,-5.772460006051162,0.05071055336736422,0.6413227208848752,-0.011919072698713139,-0.009552678593616864,-0.8653704524040222,-0.13995017111301422,-0.18145978450775146,-0.8653704524040222,-0.13995017111301422,-0.18145978450775146,0.3807777285575866,-0.04898255988955497,-0.045364946126937866,0.030156820951294693,0.20000000000004547,,none,0.06497802272319042,0.0,-0.010000000000002274,-0.024821201771893453
R01_horizontal_empty,762,153.40000000000063,68.83780850729985,56.08690094696938,28.466398887438245,-5.77398511129742,0.049112846445707806,0.7013498851197892,-0.003933828735804311,-0.006643644905316035,0.02142886258661747,0.035250239074230194,-0.0028638015501201153,0.02142886258661747,0.035250239074230194,-0.0028638015501201153,0.9128573175519705,0.012337583675980568,-0.0007159503875300288,0.036775754873688435,0.20000000000004547,,none,0.0637558495522157,0.0,-0.010000000000002274,-0.01698009467852498
R01_horizontal_empty,763,153.60000000000068,68.95521832862241,56.15221444543204,28.459895323748423,-5.778400239401218,0.04750618574138396,0.646349729979176,-0.037674419205035906,-0.009228166386692526,-0.7457414865493774,-0.30407747626304626,-0.05797842890024185,-0.7457414865493774,-0.30407747626304626,-0.05797842890024185,0.4525551080703735,-0.10642711669206618,-0.014494607225060463,0.03877797583877453,0.20000000000004547,,none,0.06291260114152486,0.0,-0.010000000000002274,-0.014134625302748057
R01_horizontal_empty,764,153.80000000000072,69.07471888974882,56.21783986434084,28.45345545438777,-5.782200095375732,0.04755933894904441,0.7152722538395632,-0.0029419329625848083,0.00842888406243893,0.09687123447656631,0.193805530667305,0.17763356864452362,0.09687123447656631,0.193805530667305,0.17763356864452362,0.9581227406859398,0.06783193573355674,0.044408392161130905,0.033055984828524135,0.20000000000004547,,none,0.06332391882076216,0.0,-0.010000000000002274,-0.02026793399223575
R01_horizontal_empty,765,154.00000000000077,69.19355205309641,56.28280402072696,28.44697900144126,-5.784059727293665,0.04733676867739967,0.6439459688972538,-0.014763400526968798,-0.009317071580909468,-0.8456237316131592,-0.11100522428750992,-0.18191096186637878,-0.8456237316131592,-0.11100522428750992,-0.18191096186637878,0.39262576103210445,-0.03885182850062847,-0.045477740466594696,0.029963159713100842,0.20000000000004547,,none,0.06217273225032116,0.0,-0.010000000000002274,-0.022209572537218045
R01_horizontal_empty,766,154.2000000000008,69.31169351392121,56.34700795954684,28.440743143704168,-5.786499160379898,0.04532450987029427,0.6994882982284655,-0.00999065299490116,-0.010701194917616863,-0.00801118928939104,-0.0007579902885481715,-0.054086409509181976,-0.00801118928939104,-0.0007579902885481715,-0.054086409509181976,0.8951932864263654,-0.00026529660099186,-0.013521602377295494,0.036298659912887506,0.20000000000004547,,none,0.0609004267098463,0.0,-0.010000000000002274,-0.014601766796956519
R01_horizontal_empty,767,154.40000000000086,69.43035475911631,56.411003198822634,28.434773281461876,-5.7919392199211055,0.043140019233413075,0.6522377420307409,-0.041997576077288136,-0.011112696517175053,-0.6904182434082031,-0.30633601546287537,-0.047804828733205795,-0.6904182434082031,-0.30633601546287537,-0.047804828733205795,0.4857490539550781,-0.10721760541200637,-0.011951207183301449,0.03906222494939428,0.20000000000004547,,none,0.0602441604541486,0.0,-0.010000000000002274,-0.011181935504752043
R01_horizontal_empty,768,154.6000000000009,69.55124623760668,56.475177777279846,28.42892726556582,-5.797233026624902,0.04294623066793643,0.7147596569935515,-0.013117208377208617,0.007752907599900371,0.05842902511358261,0.13066253066062927,0.1847802698612213,0.05842902511358261,0.13066253066062927,0.1847802698612213,0.9350574150681494,0.045731885731220244,0.04619506746530533,0.034564773181244984,0.20000000000004547,,none,0.06068148896074277,0.0,-0.010000000000002274,-0.016116715779495513
R01_horizontal_empty,769,154.80000000000095,69.67145349383293,56.53844047921372,28.42305908722412,-5.800520686134674,0.042803863857045564,0.6480277739721487,-0.01929385219822083,-0.007990028386910897,-0.8118398785591125,-0.09108544886112213,-0.16027669608592987,-0.8118398785591125,-0.09108544886112213,-0.16027669608592987,0.41289607286453245,-0.03187990710139275,-0.04006917402148247,0.03109139805548654,0.20000000000004547,,none,0.05960348687289496,0.0,-0.010000000000002274,-0.018512088817406146
R01_horizontal_empty,770,155.000000000001,69.7909655599046,56.600790780234746,28.417417026341365,-5.803927227035406,0.04070855789920348,0.6987534575058693,-0.01508851376430938,-0.012614485222800285,-0.037521906197071075,-0.018626738339662552,-0.08815068751573563,-0.037521906197071075,-0.018626738339662552,-0.08815068751573563,0.8774868562817573,-0.006519358418881893,-0.022037671878933907,0.036191727184927636,0.20000000000004547,,none,0.05839214214824118,0.0,-0.010000000000002274,-0.01220041496331127
R01_horizontal_empty,771,155.20000000000104,69.91127849742192,56.66292292883632,28.412071500318863,-5.81027297942173,0.038177755220804674,0.6582978718764464,-0.046036459064903466,-0.012688000689982055,-0.6404142379760742,-0.3117103576660156,-0.05135120823979378,-0.6404142379760742,-0.3117103576660156,-0.05135120823979378,0.5157514572143554,-0.10909862518310547,-0.012837802059948444,0.03885107903658461,0.20000000000004547,,none,0.05786570650279366,0.0,-0.010000000000002274,-0.009014627466206774
R01_horizontal_empty,772,155.40000000000109,70.03403887454199,56.725128803317276,28.406896411509784,-5.817170364634248,0.03773308607619632,0.7161692075912655,-0.024556351796732222,0.006774423562960706,0.033467527478933334,0.05489526316523552,0.18573085963726044,0.033467527478933334,0.05489526316523552,0.18573085963726044,0.92008051648736,0.019213342107832432,0.04643271490931511,0.035479014191567584,0.20000000000004547,,none,0.05837349863050356,0.0,-0.010000000000002274,-0.0128944844389337
R01_horizontal_empty,773,155.60000000000113,70.1564192576411,56.78629767932366,28.401697012260094,-5.822348512093496,0.03777693821680249,0.6558187307758293,-0.027038074967769644,-0.005417030529900949,-0.7613798379898071,-0.09170012921094894,-0.12103749811649323,-0.7613798379898071,-0.09170012921094894,-0.12103749811649323,0.4431720972061157,-0.03209504522383213,-0.030259374529123306,0.03260078035987524,0.20000000000004547,,none,0.05754836773542671,0.0,-0.010000000000002274,-0.0149475873755492
R01_horizontal_empty,774,155.80000000000118,70.27820516401906,56.846367289088356,28.396672289185975,-5.827393825048753,0.03595377669404067,0.7009347634595154,-0.02366898348823921,-0.0122961076759228,-0.06682933866977692,-0.04801096022129059,-0.10525400191545486,-0.06682933866977692,-0.04801096022129059,-0.10525400191545486,0.8599023967981339,-0.016803836077451704,-0.026313500478863716,0.03681617563246421,0.20000000000004547,,none,0.056507340799367256,0.0,-0.010000000000002274,-0.009691165166900769
R01_horizontal_empty,775,156.00000000000122,70.40112354456681,56.90610918694934,28.39192584702141,-5.835348325019591,0.03343979808211959,0.668113116869228,-0.05361870170337492,-0.012805300507250691,-0.5792248249053955,-0.32756227254867554,-0.05537150055170059,-0.5792248249053955,-0.32756227254867554,-0.05537150055170059,0.5524651050567626,-0.11464679539203643,-0.013842875137925148,0.039335118274210296,0.20000000000004547,,none,0.05619884496383065,0.0,-0.010000000000002274,-0.006863726689618082
R01_horizontal_empty,776,156.20000000000127,70.52652972625368,56.96559706232583,28.387361434814068,-5.844520977912663,0.03308130656249233,0.7182836290730582,-0.039194947621638665,0.007676657245329321,-0.008231890387833118,-0.028011083602905273,0.197649747133255,-0.008231890387833118,-0.028011083602905273,0.197649747133255,0.8950608657673,-0.009803879261016845,0.04941243678331375,0.037175854772287,0.20000000000004547,,none,0.05677152672924635,0.0,-0.010000000000002274,-0.009595671956957071
R01_horizontal_empty,777,156.4000000000013,70.65181622281985,57.023789115251596,28.382726577807375,-5.852257833823443,0.033672337607849254,0.6663537033831595,-0.03824519451289527,-0.001104509041217726,-0.6943714618682861,-0.1037425622344017,-0.07599104195833206,-0.6943714618682861,-0.1037425622344017,-0.07599104195833206,0.48337712287902834,-0.03630989678204059,-0.018997760489583015,0.03522292900788091,0.20000000000004547,,none,0.05625097000511836,0.0,-0.010000000000002274,-0.011028040997235177
R01_horizontal_empty,778,156.60000000000136,70.77680865636403,57.080707415707174,28.37816088819761,-5.859161823592294,0.03244958282985866,0.7059628487735133,-0.031316890438034276,-0.010420863759976747,-0.09078865498304367,-0.04914053902029991,-0.11761864274740219,-0.09078865498304367,-0.04914053902029991,-0.11761864274740219,0.8455268070101738,-0.01719918865710497,-0.029404660686850548,0.03815786941853506,0.20000000000004547,,none,0.05553839827561724,0.0,-0.010000000000002274,-0.007380528857079908
R01_horizontal_empty,779,156.8000000000014,70.90289285057307,57.13700050523139,28.37383941446408,-5.868523533590838,0.029967783534852712,0.6768883338062479,-0.060128662215314266,-0.014118442179308958,-0.5425942540168762,-0.3395370841026306,-0.08661177009344101,-0.5425942540168762,-0.3395370841026306,-0.08661177009344101,0.5744434475898743,-0.11883797943592071,-0.021652942523360252,0.03950838701824275,0.20000000000004547,,none,0.05529678459556209,0.0,-0.010000000000002274,-0.005788397577317067
R01_horizontal_empty,780,157.00000000000145,71.03133924251972,57.19265274984995,28.369739433432773,-5.87973935042766,0.029382858082842696,0.7214657016552511,-0.052597156787023994,0.006700091795847556,-0.03577444329857826,-0.10642948746681213,0.19648683071136475,-0.03577444329857826,-0.10642948746681213,0.19648683071136475,0.878535334020853,-0.03725032061338424,0.049121707677841187,0.03802651424908561,0.20000000000004547,,none,0.055853520047557836,0.0,-0.010000000000002274,-0.007827005798469951
R01_horizontal_empty,781,157.2000000000015,71.16014504006971,57.2468647207184,28.365580144926987,-5.889819450543769,0.029807449843127526,0.6786658647607149,-0.04851176121846569,-0.001812573407261094,-0.6202343106269836,-0.11482003331184387,-0.07663481682538986,-0.6202343106269836,-0.11482003331184387,-0.07663481682538986,0.5278594136238097,-0.04018701165914535,-0.019158704206347466,0.037360241032618556,0.20000000000004547,,none,0.05568542447522695,0.0,-0.010000000000002274,-0.00832518344260612
R01_horizontal_empty,782,157.40000000000154,71.28868663744751,57.29946760132666,28.36149869669181,-5.899657837736696,0.028692560965293615,0.7093784112415061,-0.04977676704215346,-0.008808994146027625,-0.13734175264835358,-0.14958414435386658,-0.09226198494434357,-0.13734175264835358,-0.14958414435386658,-0.09226198494434357,0.8175949484109879,-0.0523544505238533,-0.02306549623608589,0.040450342750267314,0.20000000000004547,,none,0.055143102237291686,0.0,-0.010000000000002274,-0.004692759487022095
R01_horizontal_empty,783,157.6000000000016,71.41895251681295,57.351191089358586,28.357600436013165,-5.911462217342126,0.02690307516262032,0.6935073525581588,-0.06697109041663085,-0.009066458737842703,-0.43735796213150024,-0.2914505898952484,-0.038364361971616745,-0.43735796213150024,-0.2914505898952484,-0.038364361971616745,0.6375852227210999,-0.10200770646333694,-0.009591090492904186,0.0431288785455186,0.20000000000004547,,none,0.0553896939072267,0.0,-0.010000000000002274,-0.0022608153617058283
R01_horizontal_empty,784,157.80000000000163,71.5507496090777,57.401544676107626,28.353878123356413,-5.9250122993907475,0.02626498479906724,0.7167831635193221,-0.06842048871400527,0.001861884332527077,-0.1686730831861496,-0.20392544567584991,0.09652162343263626,-0.1686730831861496,-0.20392544567584991,0.09652162343263626,0.7987961500883103,-0.07137390598654747,0.024130405858159065,0.04378719472980321,0.20000000000004547,,none,0.0557481236118651,0.0,-0.010000000000002274,-0.001960928882059612
R01_horizontal_empty,785,158.00000000000168,71.68415806866986,57.45045962064176,28.350156657068585,-5.938428709917337,0.02581335463831813,0.7051919319913587,-0.06593123217117103,-0.005800658963213705,-0.39275017380714417,-0.1738826036453247,-0.08565803617238998,-0.39275017380714417,-0.1738826036453247,-0.08565803617238998,0.6643498957157135,-0.060858911275863646,-0.021414509043097496,0.04458577339294657,0.20000000000004547,,none,0.05627182425839372,0.0,-0.010000000000002274,-0.0016860508654448748
R01_horizontal_empty,786,158.20000000000172,71.81821953286055,57.497560568867726,28.346578084788074,-5.952478532374117,0.024490341087816975,0.7157236296556334,-0.07396173244975653,-0.007315316581893137,-0.24527938663959503,-0.25807246565818787,-0.0416068471968174,-0.24527938663959503,-0.25807246565818787,-0.0416068471968174,0.752832368016243,-0.09032536298036575,-0.01040171179920435,0.04570776902888561,0.20000000000004547,,none,0.05632329049256235,0.0,-0.010000000000002274,-0.0006155214636744624
R01_horizontal_empty,787,158.40000000000177,71.95422120053385,57.543119169431975,28.343153074231914,-5.967482151360105,0.02338507926180464,0.7188466082433388,-0.07592638152984027,-0.0039880762544081275,-0.283582478761673,-0.22837062180042267,0.011167166754603386,-0.283582478761673,-0.22837062180042267,0.011167166754603386,0.7298505127429962,-0.07992971763014793,0.0027917916886508465,0.04686669166246402,0.20000000000004547,,none,0.05696938012133046,0.0,-0.010000000000002274,-0.00010268845886416418
R01_horizontal_empty,788,158.6000000000018,72.09138670071918,57.586771907572334,28.33985563884338,-5.982647861840864,0.02233339231039858,0.720889975647384,-0.07574443650044692,-0.006350720432307372,-0.286516934633255,-0.21535339951515198,-0.04466018080711365,-0.286516934633255,-0.21535339951515198,-0.04466018080711365,0.728089839220047,-0.07537368983030318,-0.011165045201778412,0.047285708928562285,0.20000000000004547,,none,0.057351603965425824,0.0,-0.010000000000002274,-6.589503686126326e-05
R01_horizontal_empty,789,158.80000000000186,72.22961544097228,57.62846339626711,28.336726650789085,-5.997870457166868,0.02097220868931959,0.7231483398497754,-0.07642985655286177,-0.007197308328475081,-0.28149041533470154,-0.2223615050315857,-0.03568955138325691,-0.28149041533470154,-0.2223615050315857,-0.03568955138325691,0.731105750799179,-0.07782652676105499,-0.008922387845814228,0.04766786370816934,0.20000000000004547,,none,0.05767096074080058,0.0,-0.010000000000002274,-3.0970326289672667e-06
R01_horizontal_empty,790,159.0000000000019,72.36884092971258,57.668150151357516,28.33379446103731,-6.013095480666167,0.019528892251636717,0.7247987172809807,-0.07586309531514174,-0.007233154330117296,-0.28231021761894226,-0.2134520411491394,-0.029224788770079613,-0.28231021761894226,-0.2134520411491394,-0.029224788770079613,0.7306138694286346,-0.07470821440219878,-0.007306197192519903,0.04794767805155766,0.20000000000004547,,none,0.05795011492712199,0.0,-0.010000000000002274,-2.436875562051924e-06
R01_horizontal_empty,791,159.20000000000195,72.50897860236259,57.705816589417836,28.331065230478995,-6.028036577284414,0.018082671473755644,0.7265047217779997,-0.07371013945628889,-0.0072293408697435635,-0.2791402041912079,-0.19806598126888275,-0.028886280953884125,-0.2791402041912079,-0.19806598126888275,-0.028886280953884125,0.7325158774852752,-0.06932309344410896,-0.007221570238471031,0.04817343433922906,0.20000000000004547,,none,0.058178372227457587,0.0,-0.010000000000002274,-4.937888226249701e-06
R01_horizontal_empty,792,159.400000000002,72.65000651745795,57.74150816517786,28.328542991134345,-6.042464140060537,0.016565171082419207,0.7283802429204519,-0.07078588944382279,-0.007895457721843939,-0.2750188410282135,-0.18522053956985474,-0.037011176347732544,-0.2750188410282135,-0.18522053956985474,-0.037011176347732544,0.7349886953830719,-0.06482718884944916,-0.009252794086933136,0.048352890851255534,0.20000000000004547,,none,0.05835785094989632,0.0,-0.010000000000002274,-4.9600986385078815e-06
R01_horizontal_empty,793,159.60000000000204,72.7921365049051,57.775344070951064,28.326246568456074,-6.05638566060922,0.01480657276346349,0.7326316450633641,-0.06859448268197509,-0.009564713427992456,-0.25398069620132446,-0.18322595953941345,-0.05186452344059944,-0.25398069620132446,-0.18322595953941345,-0.05186452344059944,0.7476115822792053,-0.0641290858387947,-0.01296613086014986,0.048547067289593265,0.20000000000004547,,none,0.05856041136573786,0.0,-0.010000000000002274,-1.3344076142323413e-05
R01_horizontal_empty,794,159.8000000000021,72.93572207968126,57.80743988224357,28.324209305403144,-6.070153431702014,0.01288405441095521,0.7385333206168886,-0.06904897322887424,-0.009653758739324732,-0.2344532608985901,-0.19992880523204803,-0.03934082016348839,-0.2344532608985901,-0.19992880523204803,-0.03934082016348839,0.7593280434608459,-0.06997508183121681,-0.009835205040872097,0.04882657802848916,0.20000000000004547,,none,0.05884292100704158,0.0,-0.010000000000002274,-1.6342978550151212e-05
R01_horizontal_empty,795,160.00000000000213,73.0811533233966,57.83783691220038,28.32243108312848,-6.084172105210181,0.011109772160174688,0.7469293404091357,-0.07099136361354917,-0.008198729526932045,-0.2058117389678955,-0.21414098143577576,-0.02093535289168358,-0.2058117389678955,-0.21414098143577576,-0.02093535289168358,0.7765129566192627,-0.07494934350252151,-0.005233838222920895,0.04924549557500755,0.20000000000004547,,none,0.05927271725413874,0.0,-0.010000000000002274,-2.7221679128914823e-05
R01_horizontal_empty,796,160.20000000000218,73.22882396818915,57.86651943385773,28.320871026858736,-6.09853888066269,0.009721604869200404,0.7569942093568298,-0.0725582913457504,-0.005859268865245333,-0.17923656105995178,-0.21643199026584625,-0.004368739202618599,-0.17923656105995178,-0.21643199026584625,-0.004368739202618599,0.7924580633640289,-0.07575119659304619,-0.0010921848006546497,0.04987503712565052,0.20000000000004547,,none,0.059894755955481216,0.0,-0.010000000000002274,-1.9718829828420727e-05
R01_horizontal_empty,797,160.40000000000222,73.37897601417863,57.8934302372403,28.31947187498095,-6.113152880602609,0.008664493158975028,0.7680095225320506,-0.07350997920433142,-0.004792268226720973,-0.1552961766719818,-0.21556919813156128,-0.010472227819263935,-0.1552961766719818,-0.21556919813156128,-0.010472227819263935,0.8068222939968108,-0.07544921934604644,-0.0026180569548159838,0.050640388489014275,0.20000000000004547,,none,0.06065261126878063,0.0,-0.010000000000002274,-1.2222779764085191e-05
R01_horizontal_empty,798,160.60000000000227,73.53169821326358,57.918485111930366,28.31820168739004,-6.128033271789509,0.007776070060954162,0.7791683861524763,-0.07516889959885656,-0.0041410455027141736,-0.1358550637960434,-0.22442644834518433,-0.011256234720349312,-0.1358550637960434,-0.22442644834518433,-0.011256234720349312,0.818486961722374,-0.0785492569208145,-0.002814058680087328,0.05145219020105222,0.20000000000004547,,none,0.06146133064941495,0.0,-0.010000000000002274,-9.14044836045307e-06
R01_horizontal_empty,799,160.8000000000023,73.68705902213968,57.94157540349425,28.31703945403079,-6.143293600390385,0.007065640063480882,0.7910051191473161,-0.07727560381392075,-0.0030458030511892973,-0.11214635521173477,-0.2330525815486908,-0.003256175434216857,-0.11214635521173477,-0.2330525815486908,-0.003256175434216857,0.832712186872959,-0.08156840354204177,-0.0008140438585542142,0.05230035485564064,0.20000000000004547,,none,0.06231436513535016,0.0,-0.010000000000002274,-1.4010279707238807e-05
R01_horizontal_empty,800,161.00000000000236,73.8450260118677,57.96256122483466,28.315956479420795,-6.158967716297394,0.006565180187221116,0.8020747859868039,-0.07931206675498087,-0.0020349814770564537,-0.09820154309272766,-0.23846210539340973,9.901821613311768e-05,-0.09820154309272766,-0.23846210539340973,9.901821613311768e-05,0.8410790741443634,-0.0834617368876934,2.475455403327942e-05,0.05317947677766089,0.20000000000004547,,none,0.06318417633881701,0.0,-0.010000000000002274,-4.699561153846781e-06
R01_horizontal_empty,801,161.2000000000024,74.00550685674361,57.98129548138894,28.31492235540531,-6.175005472681135,0.0062780073086838115,0.8131594093452778,-0.08094260331058167,-0.0009207286985338296,-0.07963933795690536,-0.24075749516487122,0.005399070214480162,-0.07963933795690536,-0.24075749516487122,0.005399070214480162,0.8522163972258567,-0.08426512330770491,0.0013497675536200404,0.05404150049089685,0.20000000000004547,,none,0.06404905878739697,0.0,-0.010000000000002274,-7.558296497849203e-06
R01_horizontal_empty,802,161.40000000000245,74.16838002401617,57.997637362065,28.313907423536843,-6.191407542062308,0.006138042214591895,0.8233205662002578,-0.08292841927016165,-0.0005098874087628824,-0.06812717765569687,-0.24849967658519745,0.0013091110158711672,-0.06812717765569687,-0.24849967658519745,0.0013091110158711672,0.8591236934065818,-0.0869748868048191,0.0003272777539677918,0.05489015562267251,0.20000000000004547,,none,0.06489433960215862,0.0,-0.010000000000002274,-4.183979483845039e-06
R01_horizontal_empty,803,161.6000000000025,74.33352058792671,58.011436711251655,28.31289446983817,-6.208305156353258,0.006114296070752588,0.8334149382311831,-0.0858290989962899,0.00021759548157293326,-0.05169542133808136,-0.26211363077163696,0.006799906026571989,-0.05169542133808136,-0.26211363077163696,0.006799906026571989,0.8689827471971512,-0.09173977077007293,0.0016999765066429973,0.05571056185053937,0.20000000000004547,,none,0.06572027167442407,0.0,-0.010000000000002274,-9.709823882430164e-06
R01_horizontal_empty,804,161.80000000000254,74.50091641387611,58.02252985768603,28.311856470470666,-6.2258040469257345,0.006314513593196472,0.8437794226443432,-0.0889263653252434,0.0016747535334778643,-0.03283503279089928,-0.27210748195648193,0.01857593096792698,-0.03283503279089928,-0.27210748195648193,0.01857593096792698,0.8802989803254604,-0.09523761868476867,0.004643982741981745,0.05658244586678297,0.20000000000004547,,none,0.06659433118840674,0.0,-0.010000000000002274,-1.1885321621498382e-05
R01_horizontal_empty,805,162.0000000000026,74.67049299976145,58.030745754278776,28.310745186515163,-6.243776639287473,0.006843333685488406,0.8535725303684611,-0.09066827064102001,0.003477568936400292,-0.019868623465299606,-0.26919350028038025,0.028604555875062943,-0.019868623465299606,-0.26919350028038025,0.028604555875062943,0.8880788259208201,-0.09421772509813309,0.007151138968765736,0.05750288411814202,0.20000000000004547,,none,0.067508427965695,0.0,-0.010000000000002274,-5.543847550713646e-06
R01_horizontal_empty,806,162.20000000000263,74.84215893250699,58.03594169283305,28.309508066319665,-6.262116155843516,0.007573610647487882,0.863474183478525,-0.09258261082757953,0.0038008359991490836,-0.0027284303214401007,-0.2756669521331787,0.017838209867477417,-0.0027284303214401007,-0.2756669521331787,0.017838209867477417,0.8983629418071359,-0.09648343324661254,0.004459552466869354,0.058433904685431214,0.20000000000004547,,none,0.06844293680555857,0.0,-0.010000000000002274,-9.032120125087221e-06
R01_horizontal_empty,807,162.40000000000268,75.0160922485832,58.037964807842854,28.3081175911293,-6.281123413655182,0.008453342709771935,0.8754913394960759,-0.09714602231682572,0.004912684448133108,0.029723554849624634,-0.3041280508041382,0.028713125735521317,0.029723554849624634,-0.3041280508041382,0.028713125735521317,0.9178341329097748,-0.10644481778144836,0.007178281433880329,0.0594575423598652,0.20000000000004547,,none,0.06949717094535224,0.0,-0.010000000000002274,-3.962858548476259e-05
R01_horizontal_empty,808,162.60000000000272,75.19262055687186,58.036582261684124,28.306542746897314,-6.301029025194459,0.009358404613450317,0.8892940152674763,-0.10157619065863602,0.004192234968298859,0.06321356445550919,-0.3160099387168884,0.010896743275225163,0.06321356445550919,-0.3160099387168884,0.010896743275225163,0.9379281386733054,-0.11060347855091095,0.0027241858188062906,0.06074021739867443,0.20000000000004547,,none,0.0707718210684316,0.0,-0.010000000000002274,-3.160366975489897e-05
R01_horizontal_empty,809,162.80000000000277,75.37194540469625,58.03152216227545,28.304792029584984,-6.321904126929225,0.0101347798631569,0.9040881036643683,-0.10678243157176953,0.003615022141524587,0.09369249641895294,-0.335403174161911,0.009755376726388931,0.09369249641895294,-0.335403174161911,0.009755376726388931,0.9562154978513717,-0.11739111095666885,0.002438844181597233,0.062175203814562166,0.20000000000004547,,none,0.07220133112640958,0.0,-0.010000000000002274,-2.6127311845142322e-05
R01_horizontal_empty,810,163.0000000000028,75.55420903795924,58.02247414414219,28.302877647192933,-6.343798216945604,0.0108350807117535,0.9201705301436612,-0.11178167491128142,0.003403898744843225,0.12806236743927002,-0.34848159551620483,0.01189478300511837,0.12806236743927002,-0.34848159551620483,0.01189478300511837,0.9768374204635619,-0.12196855843067168,0.0029736957512795925,0.06374672121229531,0.20000000000004547,,none,0.07377385941626358,0.0,-0.010000000000002274,-2.7138203965982948e-05
R01_horizontal_empty,811,163.20000000000286,75.73946378756342,58.00911707496205,28.30080517366528,-6.36662880134901,0.01145788807622983,0.9365679000791801,-0.11619177895450583,0.002864806368884053,0.1572408378124237,-0.357651948928833,0.007065223529934883,0.1572408378124237,-0.357651948928833,0.007065223529934883,0.9943445026874542,-0.12517818212509155,0.0017663058824837208,0.06543949388712478,0.20000000000004547,,none,0.07545866995032213,0.0,-0.010000000000002274,-1.9176063195076865e-05
R01_horizontal_empty,812,163.4000000000029,75.9276205370505,57.99114726246322,28.298592036429326,-6.39023997470788,0.011917368794396829,0.9529604754882767,-0.11965865564546461,0.0018095366420200572,0.18453364074230194,-0.3620658814907074,-0.0013630829052999616,0.18453364074230194,-0.3620658814907074,-0.0013630829052999616,1.010720184445381,-0.1267230585217476,-0.0003407707263249904,0.06716480678008002,0.20000000000004547,,none,0.07718151510491822,0.0,-0.010000000000002274,-1.670832483592332e-05
R01_horizontal_empty,813,163.60000000000295,76.11848573067543,57.96829229695345,28.296274361372035,-6.414556130829344,0.012148063331651724,0.9687668217669397,-0.12323347121205983,0.0005893726629760485,0.20743489265441895,-0.3729080557823181,-0.007587749045342207,0.20743489265441895,-0.3729080557823181,-0.007587749045342207,1.0244609355926513,-0.13051781952381133,-0.0018969372613355517,0.06886034339844706,0.20000000000004547,,none,0.07887395872947067,0.0,-0.010000000000002274,-1.3615331021337912e-05
R01_horizontal_empty,814,163.800000000003,76.31150313283767,57.94033047413346,28.293922494872948,-6.439655271669889,0.011808155833300393,0.9811622809270801,-0.12744082810652352,-0.0036675990813395815,0.20806339383125305,-0.38861170411109924,-0.04936786741018295,0.20806339383125305,-0.38861170411109924,-0.04936786741018295,1.0248380362987517,-0.13601409643888474,-0.012341966852545738,0.07033081212947961,0.20000000000004547,,none,0.08037066368698476,0.0,-0.010000000000002274,-3.98515575028683e-05
R01_horizontal_empty,815,164.00000000000304,76.50604377726273,57.90705229373438,28.291687713077312,-6.465709243865964,0.010710663101320893,0.9921631353464556,-0.13270233344906213,-0.007052228256662808,0.21820826828479767,-0.4097817838191986,-0.055796146392822266,0.21820826828479767,-0.4097817838191986,-0.055796146392822266,1.0309249609708786,-0.1434236243367195,-0.013949036598205566,0.07159595344917896,0.20000000000004547,,none,0.08160780171964532,0.0,-0.010000000000002274,-1.18482704640821e-05
R01_horizontal_empty,816,164.2000000000031,76.70177572666684,57.868205725312194,28.289700159561928,-6.492574018072427,0.009163067716968235,1.002979548444783,-0.13571810917096266,-0.008327600592706215,0.2351524829864502,-0.40532374382019043,-0.04370563104748726,0.2351524829864502,-0.40532374382019043,-0.04370563104748726,1.0410914897918702,-0.14186331033706664,-0.010926407761871815,0.07272603566620114,0.20000000000004547,,none,0.0827350988880795,0.0,-0.010000000000002274,-9.063221876084714e-06
R01_horizontal_empty,817,164.40000000000313,76.89846391102124,57.82358998831735,28.288040051263085,-6.519955836201368,0.007196011516983994,1.0135021738564527,-0.13793312598639043,-0.011131621921241916,0.2509649097919464,-0.4069903790950775,-0.06738133728504181,0.2509649097919464,-0.4069903790950775,-0.06738133728504181,1.0505789458751678,-0.14244663268327712,-0.016845334321260452,0.07377076075195324,0.20000000000004547,,none,0.08378702774356483,0.0,-0.010000000000002274,-1.6266991609313053e-05
R01_horizontal_empty,818,164.60000000000318,77.09581527114166,57.77304895375204,28.286824731867735,-6.547922799809238,0.0046139813596531125,1.023336962472515,-0.14146993992341267,-0.014439373914414777,0.2633168697357178,-0.42479100823402405,-0.08471812307834625,0.2633168697357178,-0.42479100823402405,-0.08471812307834625,1.0579901218414307,-0.1486768528819084,-0.021179530769586563,0.07468027910878154,0.20000000000004547,,none,0.08469567905786057,0.0,-0.010000000000002274,-1.539994907675535e-05
R01_horizontal_empty,819,164.80000000000322,77.29327154453433,57.71648535591433,28.28618843016377,-6.5764952136300066,0.0015087455274493127,1.0303893304266578,-0.14405905622108478,-0.016460641204789662,0.2587309181690216,-0.42667102813720703,-0.08231738954782486,0.2587309181690216,-0.42667102813720703,-0.08231738954782486,1.0552385509014128,-0.14933485984802244,-0.020579347386956215,0.07535194372648006,0.20000000000004547,,none,0.0853525503054442,0.0,-0.010000000000002274,-6.065789618603379e-07
R01_horizontal_empty,820,165.00000000000327,77.49037712632538,57.65383442059174,28.28621790590619,-6.605381692491155,-0.00179386619958184,1.0375709645940867,-0.14475339962908465,-0.016558128438841524,0.2714594304561615,-0.4176235795021057,-0.06702710688114166,0.2714594304561615,-0.4176235795021057,-0.06702710688114166,1.062875658273697,-0.14616825282573698,-0.016756776720285416,0.07580245852818933,0.20000000000004547,,none,0.08581201181010911,0.0,-0.010000000000002274,-9.553281917514811e-06
R01_horizontal_empty,821,165.2000000000033,77.6868858468117,57.58504972669601,28.28694329212127,-6.634390375077732,-0.00520584135125725,1.0441939126500472,-0.14529277354780376,-0.017491290519333173,0.2792167663574219,-0.41826242208480835,-0.07757112383842468,0.2792167663574219,-0.41826242208480835,-0.07757112383842468,1.067530059814453,-0.14639184772968292,-0.01939278095960617,0.07615595821669019,0.20000000000004547,,none,0.08615939343016699,0.0,-0.010000000000002274,-3.4352134745185838e-06
R01_horizontal_empty,822,165.40000000000336,77.88244998153408,57.51014721835574,28.288408807745913,-6.663528254065257,-0.008830996039591858,1.049837957559748,-0.14603041982289827,-0.018671317558431624,0.28287485241889954,-0.421524316072464,-0.0843033641576767,0.28287485241889954,-0.421524316072464,-0.0843033641576767,1.0697249114513396,-0.14753351062536238,-0.021075841039419174,0.07632546891342112,0.20000000000004547,,none,0.08632685580553812,0.0,-0.010000000000002274,-1.3868921147208725e-06
R01_horizontal_empty,823,165.6000000000034,78.07674792181997,57.42914954333723,28.290665334209525,-6.692765094151999,-0.012624378473912559,1.0551533289701323,-0.1463164248081451,-0.019221071734427903,0.2898036539554596,-0.41971203684806824,-0.0813651904463768,0.2898036539554596,-0.41971203684806824,-0.0813651904463768,1.0738821923732758,-0.14689921289682387,-0.0203412976115942,0.0763170568520385,0.20000000000004547,,none,0.08631825536227034,0.0,-0.010000000000002274,-1.198510229559746e-06
R01_horizontal_empty,824,165.80000000000345,78.26939384689366,57.342148793853234,28.29373690649776,-6.721943922038005,-0.016413261157298003,1.0587728264266707,-0.14553104801257363,-0.018706535749695125,0.2858770489692688,-0.41123056411743164,-0.07063229382038116,0.2858770489692688,-0.41123056411743164,-0.07063229382038116,1.0715262293815613,-0.14393069744110107,-0.01765807345509529,0.07610100730997953,0.20000000000004547,,none,0.08610505828350945,0.0,-0.010000000000002274,-4.050973527648383e-06
R01_horizontal_empty,825,166.0000000000035,78.46001258456096,57.24929948532638,28.29760766960735,-6.750901900954421,-0.020057354368315055,1.0618031173433158,-0.14415263252288,-0.01780253130397938,0.2874673902988434,-0.4038395881652832,-0.0638418197631836,0.2874673902988434,-0.4038395881652832,-0.0638418197631836,1.072480434179306,-0.14134385585784912,-0.0159604549407959,0.07568837322154637,0.20000000000004547,,none,0.08569043854652847,0.0,-0.010000000000002274,-2.065324979825256e-06
R01_horizontal_empty,826,166.20000000000354,78.64836199320096,57.15074118891497,28.302247497448697,-6.779595588999403,-0.02356879322006859,1.0644251879386029,-0.14288015475693036,-0.017346247396487102,0.28944021463394165,-0.40082070231437683,-0.06566593796014786,0.28944021463394165,-0.40082070231437683,-0.06566593796014786,1.073664128780365,-0.14028724581003188,-0.016416484490036964,0.07512505237758996,0.20000000000004547,,none,0.08512537903988893,0.0,-0.010000000000002274,-3.266622966890953e-07
R01_horizontal_empty,827,166.4000000000036,78.83423523369527,57.04660800221512,28.307637570869076,-6.808067640987593,-0.02700334946887118,1.0667681792612727,-0.14191324151350432,-0.01702363075373651,0.29170629382133484,-0.39983707666397095,-0.06546495854854584,0.29170629382133484,-0.39983707666397095,-0.06546495854854584,1.0750237762928008,-0.13994297683238982,-0.01636623963713646,0.07441502959671989,0.20000000000004547,,none,0.08441515245726272,0.0,-0.010000000000002274,-1.228605405512173e-07
R01_horizontal_empty,828,166.60000000000363,79.01744727762545,56.93702393068106,28.3137642348351,-6.836337241198755,-0.030357245520282197,1.0689150296346304,-0.14086199332354132,-0.016550955371114066,0.2941325306892395,-0.39634251594543457,-0.06235116720199585,0.2941325306892395,-0.39634251594543457,-0.06235116720199585,1.0764795184135436,-0.1387198805809021,-0.015587791800498962,0.07356812298802376,0.20000000000004547,,none,0.08356867887355612,0.0,-0.010000000000002274,-5.558855300913379e-07
R01_horizontal_empty,829,166.80000000000368,79.19781678522176,56.822119076882665,28.320604888571562,-6.864441010156451,-0.03355004659372104,1.0707628984615025,-0.14022379718690448,-0.01545933122988404,0.29545652866363525,-0.39692386984825134,-0.05293978005647659,0.29545652866363525,-0.39692386984825134,-0.05293978005647659,1.077273917198181,-0.13892335444688797,-0.013234945014119148,0.07259063569625283,0.20000000000004547,,none,0.08259244899927509,0.0,-0.010000000000002274,-1.813303019987389e-06
R01_horizontal_empty,830,167.00000000000372,79.37517296075413,56.70201355757113,28.32811426965838,-6.892417308542926,-0.036477013082360434,1.0725114277943315,-0.1395871694042781,-0.013925907984374805,0.2977873682975769,-0.39511406421661377,-0.04320509731769562,0.2977873682975769,-0.39511406421661377,-0.04320509731769562,1.078672420978546,-0.1382899224758148,-0.010801274329423904,0.0715126062484648,0.20000000000004547,,none,0.08151467569362403,0.0,-0.010000000000002274,-2.0694451569636117e-06
R01_horizontal_empty,831,167.20000000000377,79.54934235771675,56.576836712737276,28.336228930382873,-6.920267002680503,-0.03908983567511171,1.0738834408598448,-0.13895724915051572,-0.012323120280113474,0.2978629469871521,-0.39335334300994873,-0.03622857481241226,0.2978629469871521,-0.39335334300994873,-0.03622857481241226,1.0787177681922913,-0.13767367005348205,-0.009057143703103065,0.07034656425412977,0.20000000000004547,,none,0.0803475998084835,0.0,-0.010000000000002274,-1.0355543514528609e-06
R01_horizontal_empty,832,167.4000000000038,79.72008418069031,56.446779529062304,28.344875713291003,-6.947999444434418,-0.04137290850959881,1.0742429013541501,-0.13840852574934337,-0.01063485300884245,0.2925157845020294,-0.39225828647613525,-0.028778783977031708,0.2925157845020294,-0.39225828647613525,-0.028778783977031708,1.0755094707012176,-0.13729040026664732,-0.007194695994257927,0.06906283399035794,0.20000000000004547,,none,0.07906453980393913,0.0,-0.010000000000002274,-1.705813578909421e-06
R01_horizontal_empty,833,167.60000000000386,79.88714649816244,56.312054984970025,28.353971610916002,-6.975671714053969,-0.04325049360462052,1.0739341965438043,-0.1383207835855141,-0.008315786326675428,0.2880774438381195,-0.3946914076805115,-0.014361035078763962,0.2880774438381195,-0.3946914076805115,-0.014361035078763962,1.0728464663028716,-0.138141992688179,-0.0035902587696909904,0.06766737674934199,0.20000000000004547,,none,0.07767204655794302,0.0,-0.010000000000002274,-4.669808598752046e-06
R01_horizontal_empty,834,167.8000000000039,80.05032605065223,56.172833145147166,28.363412789773353,-7.0034019516244665,-0.04461526021193324,1.0732405907009885,-0.13893527761699864,-0.005541014679691973,0.28466108441352844,-0.4005354940891266,0.00045238432358019054,0.28466108441352844,-0.4005354940891266,0.00045238432358019054,1.070796650648117,-0.1401874229311943,0.00011309608089504763,0.06622132354877014,0.20000000000004547,,none,0.07622662879381359,0.0,-0.010000000000002274,-5.305245041181965e-06
R01_horizontal_empty,835,168.00000000000395,80.20941337308159,56.02926975133853,28.373080723656948,-7.031319575207554,-0.04546290692901651,1.0719426827740948,-0.1401494461584124,-0.0031180701635461715,0.278949111700058,-0.4074958264827728,0.0072765108197927475,0.278949111700058,-0.4074958264827728,0.0072765108197927475,1.0673694670200347,-0.14262353926897048,0.0018191277049481869,0.06475728309135642,0.20000000000004547,,none,0.07475983592259361,0.0,-0.010000000000002274,-2.552831234915651e-06
R01_horizontal_empty,836,168.200000000004,80.36411710849376,55.8815857640218,28.38285151592663,-7.059485715387182,-0.04570511359240555,1.0692606023670388,-0.14141646058084212,0.00042868415294080794,0.2663503587245941,-0.41142353415489197,0.030623409897089005,0.2663503587245941,-0.41142353415489197,0.030623409897089005,1.0598102152347564,-0.14399823695421218,0.007655852474272251,0.06323892163852776,0.20000000000004547,,none,0.07325330630174243,0.0,-0.010000000000002274,-1.4384663212396802e-05
R01_horizontal_empty,837,168.40000000000404,80.51418459062364,55.72999354030916,28.39257265436422,-7.0878206351316795,-0.045243394015472865,1.0662455819214862,-0.14189655228424458,0.003924994229221858,0.2593701183795929,-0.4082137942314148,0.04419749230146408,0.2593701183795929,-0.4082137942314148,0.04419749230146408,1.0556220710277557,-0.14287482798099516,0.01104937307536602,0.06174858352691176,0.20000000000004547,,none,0.07175344916488946,0.0,-0.010000000000002274,-4.865637975422221e-06
R01_horizontal_empty,838,168.6000000000041,80.65953928825695,55.57456991389052,28.40210427710651,-7.116327281201756,-0.04417739284588719,1.06407314654864,-0.14308066190609967,0.0065380696043745,0.26069751381874084,-0.4156957268714905,0.047450777143239975,0.26069751381874084,-0.4156957268714905,0.047450777143239975,1.0564185082912445,-0.14549350440502165,0.011862694285809994,0.06032998821180018,0.20000000000004547,,none,0.07033135471494134,0.0,-0.010000000000002274,-1.3665031388845895e-06
R01_horizontal_empty,839,168.80000000000413,80.8001023711079,55.415364832277476,28.41133896618193,-7.145130239217733,-0.042653626615076275,1.061881584280319,-0.1448179765984817,0.00854809667766001,0.2569325864315033,-0.4238802194595337,0.05057559534907341,0.2569325864315033,-0.4238802194595337,0.05057559534907341,1.054159551858902,-0.1483580768108368,0.012643898837268353,0.058974212374611874,0.20000000000004547,,none,0.06897603087633364,0.0,-0.010000000000002274,-1.8185017194882747e-06
R01_horizontal_empty,840,169.00000000000418,80.93570973862275,55.252496902302184,28.420184568870702,-7.174267625252599,-0.04067643733233947,1.059471090650091,-0.14643407796090688,0.011036262721494654,0.25162941217422485,-0.427791953086853,0.06442544609308243,0.25162941217422485,-0.427791953086853,0.06442544609308243,1.050977647304535,-0.14972718358039855,0.016106361523270607,0.057640961617849554,0.20000000000004547,,none,0.06764566649150794,0.0,-0.010000000000002274,-4.704873656109776e-06
R01_horizontal_empty,841,169.20000000000422,81.06621936972577,55.086076844030664,28.428542371629383,-7.203651876030946,-0.038233351696548845,1.05726430594935,-0.14734013981211155,0.01322930381744803,0.24914772808551788,-0.42624688148498535,0.07079212367534637,0.24914772808551788,-0.42624688148498535,0.07079212367534637,1.0494886368513108,-0.14918640851974485,0.017698030918836594,0.0563534128803606,0.20000000000004547,,none,0.06635439449207503,0.0,-0.010000000000002274,-9.816117121508318e-07
R01_horizontal_empty,842,169.40000000000427,81.1915070851161,54.91623821182594,28.43632623719764,-7.233202391136844,-0.035441872839144864,1.0548581009787932,-0.1481071979649167,0.014583424489185263,0.24396628141403198,-0.4276292026042938,0.06937078386545181,0.24396628141403198,-0.4276292026042938,0.06937078386545181,1.046379768848419,-0.14967022091150284,0.017342695966362953,0.055082405731617726,0.20000000000004547,,none,0.06508302129978283,0.0,-0.010000000000002274,-6.155681628305931e-07
R01_horizontal_empty,843,169.60000000000431,81.31139984427332,54.74323392033542,28.443467486907725,-7.262701081266376,-0.032305955303651504,1.05145497455352,-0.14696573551724698,0.016622095911051703,0.23243993520736694,-0.41325655579566956,0.08310506492853165,0.23243993520736694,-0.41325655579566956,0.08310506492853165,1.03946396112442,-0.14463979452848433,0.02077626623213291,0.05375947219966349,0.20000000000004547,,none,0.06377003340185539,0.0,-0.010000000000002274,-1.0561202189620645e-05
R01_horizontal_empty,844,169.80000000000436,81.42584362372605,54.56728739270954,28.44988894058632,-7.29178895498614,-0.028793989923006028,1.0486473326040147,-0.14412696055276997,0.018366111214232955,0.23125754296779633,-0.3952640891075134,0.08767946064472198,0.23125754296779633,-0.3952640891075134,0.08767946064472198,1.0387545257806778,-0.13834243118762968,0.021919865161180496,0.05242631459527399,0.20000000000004547,,none,0.06243323563537828,0.0,-0.010000000000002274,-6.921040102018106e-06
R01_horizontal_empty,845,170.0000000000044,81.53485353976643,54.38863798405904,28.45554088074039,-7.320335333633043,-0.02524599731327111,1.0451629244915481,-0.1415323798336702,0.017201585362038356,0.22147585451602936,-0.38927268981933594,0.05931459367275238,0.22147585451602936,-0.38927268981933594,0.05931459367275238,1.0328855127096175,-0.13624544143676756,0.014828648418188095,0.05101844055610567,0.20000000000004547,,none,0.06103716343556265,0.0,-0.010000000000002274,-1.8722879454706743e-05
R01_horizontal_empty,846,170.20000000000445,81.63835679981419,54.207696086768664,28.460444768178796,-7.348357600246665,-0.02178384965372278,1.040245876292578,-0.13888948189561748,0.017404590692823064,0.20486752688884735,-0.38144025206565857,0.07127300649881363,0.20486752688884735,-0.38144025206565857,0.07127300649881363,1.0229205161333084,-0.1335040882229805,0.017818251624703407,0.049453885631739546,0.20000000000004547,,none,0.05946348937704293,0.0,-0.010000000000002274,-9.603745301111077e-06
R01_horizontal_empty,847,170.4000000000045,81.73642087927273,54.024676157178696,28.464608183324785,-7.375697728302576,-0.018314952770905682,1.036760659760608,-0.13481862009569912,0.01729280354831122,0.20746733248233795,-0.3614956736564636,0.0682600662112236,0.20746733248233795,-0.3614956736564636,0.0682600662112236,1.0244803994894027,-0.12652348577976227,0.0170650165528059,0.047792507602922425,0.20000000000004547,,none,0.05780078006304912,0.0,-0.010000000000002274,-8.272460124421066e-06
R01_horizontal_empty,848,170.60000000000454,81.82922169126032,53.83969213223181,28.468051588583226,-7.402127594076418,-0.015009628642688991,1.0333124546729089,-0.12985420622169694,0.015867837618433085,0.20193767547607422,-0.34210941195487976,0.05185682326555252,0.20193767547607422,-0.34210941195487976,0.05185682326555252,1.0211626052856444,-0.11973829418420791,0.01296420581638813,0.0460451626566654,0.20000000000004547,,none,0.05605867206923776,0.0,-0.010000000000002274,-1.3509412570078538e-05
R01_horizontal_empty,849,170.8000000000046,81.91688248093625,53.6530233555966,28.470822174635384,-7.42759939742038,-0.011865940722742701,1.0293832738036572,-0.1252135910432104,0.015589983486432922,0.1925644874572754,-0.3307356536388397,0.06009521707892418,0.1925644874572754,-0.3307356536388397,0.06009521707892418,1.0155386924743652,-0.1157574787735939,0.015023804269731045,0.044144589428782716,0.20000000000004547,,none,0.05415029123207482,0.0,-0.010000000000002274,-5.7018032898328855e-06
R01_horizontal_empty,850,171.00000000000463,81.99956783613942,53.46484298339544,28.47294991930906,-7.452233445068115,-0.008881835780226652,1.0263675214623806,-0.12141331293504982,0.01434490749322173,0.19290238618850708,-0.32477012276649475,0.047231338918209076,0.19290238618850708,-0.32477012276649475,0.047231338918209076,1.0157414317131042,-0.11366954296827315,0.011807834729552269,0.04212270856126043,0.20000000000004547,,none,0.05212673218317221,0.0,-0.010000000000002274,-4.0236219095038386e-06
R01_horizontal_empty,851,171.20000000000468,82.07739667770947,53.27534492476746,28.474480061149322,-7.476234553670311,-0.006076894190190885,1.022499391577748,-0.11879510759532157,0.013749392459808137,0.18144987523555756,-0.3241715133190155,0.05014368146657944,0.18144987523555756,-0.3241715133190155,0.05014368146657944,1.0088699251413344,-0.11346002966165541,0.01253592036664486,0.039971934663922216,0.20000000000004547,,none,0.04997473466551483,0.0,-0.010000000000002274,-2.800001590341772e-06
R01_horizontal_empty,852,171.40000000000472,82.15043940385556,53.08473013582534,28.475440749180937,-7.499801016725462,-0.003337573816230244,1.0190355106630968,-0.11700448261531572,0.013651211214226218,0.1780507117509842,-0.3238735795021057,0.05380459502339363,0.1780507117509842,-0.3238735795021057,0.05380459502339363,1.0068304270505906,-0.113355752825737,0.013451148755848408,0.03772032910227651,0.20000000000004547,,none,0.047720830009579274,0.0,-0.010000000000002274,-5.009073004916264e-07
R01_horizontal_empty,853,171.60000000000477,82.2187901075778,52.893067183996045,28.475842091245305,-7.522974108409498,-0.0006048804861089332,1.0160128084303273,-0.11488609723231986,0.013674004178064256,0.1756037175655365,-0.3159128427505493,0.05488179624080658,0.1756037175655365,-0.3159128427505493,0.05488179624080658,1.005362230539322,-0.11056949496269225,0.013720449060201645,0.03542176535629855,0.20000000000004547,,none,0.0454231757857535,0.0,-0.010000000000002274,-1.4104294526798288e-06
R01_horizontal_empty,854,171.80000000000481,82.28255857887031,52.700427934109975,28.47568394786479,-7.545494449475253,0.0021834222653034623,1.0133483593795483,-0.1106375286433666,0.014171525112545868,0.17326682806015015,-0.29137223958969116,0.06074126437306404,0.17326682806015015,-0.29137223958969116,0.06074126437306404,1.00396009683609,-0.1019802838563919,0.01518531609326601,0.03306950876726413,0.20000000000004547,,none,0.04308234947972345,0.0,-0.010000000000002274,-1.2840712457040937e-05
R01_horizontal_empty,855,172.00000000000486,82.34193748126023,52.50685385010968,28.474958483494824,-7.56697006474222,0.0049644110110063314,1.0115523562612787,-0.10457551858558226,0.013675730458030352,0.17537347972393036,-0.26349443197250366,0.050661828368902206,0.17537347972393036,-0.26349443197250366,0.050661828368902206,1.0052240878343581,-0.09222305119037627,0.012665457092225552,0.030671452642592325,0.20000000000004547,,none,0.04068911674597331,0.0,-0.010000000000002274,-1.7664103378708384e-05
R01_horizontal_empty,856,172.2000000000049,82.39715274811374,52.31246646299096,28.47368867494065,-7.587267391515391,0.007551898658065678,1.0093938051927571,-0.09883073435009808,0.01230263631332286,0.16964681446552277,-0.24892763793468475,0.038018811494112015,0.16964681446552277,-0.24892763793468475,0.038018811494112015,1.0017880886793136,-0.08712467327713966,0.009504702873528004,0.02817008989118895,0.20000000000004547,,none,0.03817818653237559,0.0,-0.010000000000002274,-8.09664118436637e-06
R01_horizontal_empty,857,172.40000000000495,82.44841872934218,52.11739451927748,28.471930922838585,-7.606539436477696,0.009805014415122767,1.0077494864001806,-0.09423601957807705,0.01037389106093411,0.16992613673210144,-0.24249553680419922,0.025774862617254257,0.16992613673210144,-0.24249553680419922,0.025774862617254257,1.0019556820392608,-0.08487343788146973,0.006443715654313564,0.02551463136289115,0.20000000000004547,,none,0.035518458647493034,0.0,-0.010000000000002274,-3.827284599610126e-06
R01_horizontal_empty,858,172.600000000005,82.49591499356504,51.92175505447027,28.469761665871086,-7.624939729263882,0.011671569421694195,1.005713714312642,-0.09008013769194527,0.008437597709745179,0.16423435509204865,-0.23317645490169525,0.01796816661953926,0.16423435509204865,-0.23317645490169525,0.01796816661953926,0.9985406130552292,-0.08161175921559333,0.004492041654884815,0.022700233333946895,0.20000000000004547,,none,0.03270383705731206,0.0,-0.010000000000002274,-3.603723362887168e-06
R01_horizontal_empty,859,172.80000000000504,82.53979118123547,51.72572746504519,28.467259670834736,-7.642462576385805,0.013172666838813022,1.0033563880144811,-0.08549399198106171,0.006704035306090767,0.15841713547706604,-0.21756820380687714,0.012686324305832386,0.15841713547706604,-0.21756820380687714,0.012686324305832386,0.9950502812862396,-0.076148871332407,0.0031715810764580965,0.019724191686827604,0.20000000000004547,,none,0.029730298794920174,0.0,-0.010000000000002274,-6.107108090293873e-06
R01_horizontal_empty,860,173.0000000000051,82.58022841307293,51.52940753162369,28.464505100256755,-7.659059546421226,0.01420129677648068,1.0013606926389234,-0.08082742796593748,0.003801061610447005,0.1572146713733673,-0.20376697182655334,-0.008457138203084469,0.1572146713733673,-0.20376697182655334,-0.008457138203084469,0.9943288028240203,-0.07131844013929367,-0.002114284550771117,0.016597905093269017,0.20000000000004547,,none,0.026610684411890517,0.0,-0.010000000000002274,-1.2779318619227375e-05
R01_horizontal_empty,861,173.20000000000513,82.61737386037672,51.33301090130928,28.46161651029613,-7.674969281765552,0.014559002653839427,0.9978195635930573,-0.07844917475937548,5.8104381259851175e-05,0.14223715662956238,-0.21029441058635712,-0.030275454744696617,0.14223715662956238,-0.21029441058635712,-0.030275454744696617,0.9853422939777374,-0.07360304370522498,-0.007568863686174154,0.013288429493517748,0.20000000000004547,,none,0.0233032889403475,0.0,-0.010000000000002274,-1.485944682747738e-05
R01_horizontal_empty,862,173.40000000000518,82.65126895601367,51.13694454043192,28.458723314949925,-7.690629532216153,0.014492168977463124,0.9924104635148677,-0.07817406482172647,-0.0006714542103277725,0.12225224077701569,-0.22175279259681702,-0.00863225944340229,0.12225224077701569,-0.22175279259681702,-0.00863225944340229,0.9733513444662094,-0.07761347740888595,-0.0021580648608505726,0.009799355712833562,0.20000000000004547,,none,0.019819338098491457,0.0,-0.010000000000002274,-1.9982385655619438e-05
R01_horizontal_empty,863,173.60000000000522,82.6819323969756,50.94144594421388,28.455862432080604,-7.706145916767088,0.014452850863194576,0.9869587288326775,-0.07707278435301151,0.00021170893584571707,0.11291564255952835,-0.21379634737968445,0.008045269176363945,0.11291564255952835,-0.21379634737968445,0.008045269176363945,0.9677493855357169,-0.07482872158288956,0.0020113172940909863,0.00629674044245762,0.20000000000004547,,none,0.016305312783412518,0.0,-0.010000000000002274,-8.572340952622826e-06
R01_horizontal_empty,864,173.80000000000527,82.70944244596602,50.74655319342044,28.453017513813833,-7.721271970664194,0.014430225168077921,0.9817568502103503,-0.07438995950777168,-0.0003924317199553092,0.1057131364941597,-0.19692344963550568,-0.006493920460343361,0.1057131364941597,-0.19692344963550568,-0.006493920460343361,0.9634278818964959,-0.06892320737242698,-0.0016234801150858402,0.002820334310477446,0.20000000000004547,,none,0.012831293486623707,0.0,-0.010000000000002274,-1.0959176143986449e-05
R01_horizontal_empty,865,174.00000000000531,82.73391568417654,50.55235007797506,28.450211622715905,-7.735901388109633,0.014175170877874314,0.9761168600132158,-0.07207843488577263,-0.0020343588974473807,0.0937403216958046,-0.19248078763484955,-0.021520357578992844,0.0937403216958046,-0.19248078763484955,-0.021520357578992844,0.9562441930174828,-0.06736827567219733,-0.005380089394748211,-0.0006593806414141264,0.20000000000004547,,none,0.009348396945634718,0.0,-0.010000000000002274,-7.777587046570237e-06
R01_horizontal_empty,866,174.20000000000536,82.75545037045906,50.35899879238003,28.44749757593897,-7.7501961790345355,0.013699389919412856,0.9698509671472361,-0.070954207538167,-0.00267515387841503,0.07962152361869812,-0.19618110358715057,-0.015923568978905678,0.07962152361869812,-0.19618110358715057,-0.015923568978905678,0.9477729141712188,-0.0686633862555027,-0.0039808922447264194,-0.004167244038186726,0.20000000000004547,,none,0.005837643098614009,0.0,-0.010000000000002274,-4.887136798460493e-06
R01_horizontal_empty,867,174.4000000000054,82.77411893001357,50.16661252382183,28.444898279468646,-7.76427371684853,0.013209369332587198,0.9635351338907967,-0.06990058247265465,-0.0022565985633978295,0.06880185753107071,-0.19358178973197937,-0.005614858586341143,0.06880185753107071,-0.19358178973197937,-0.005614858586341143,0.9412811145186424,-0.06775362640619277,-0.0014037146465852857,-0.007654090598168111,0.20000000000004547,,none,0.0023505112241686277,0.0,-0.010000000000002274,-4.601822334464153e-06
R01_horizontal_empty,868,174.60000000000545,82.78999774868915,49.975222108751055,28.44240635624648,-7.77809592323355,0.012729571144353196,0.9574089841001219,-0.06843215682705985,-0.0025214234310444597,0.05970553308725357,-0.18697133660316467,-0.012244212441146374,0.05970553308725357,-0.18697133660316467,-0.012244212441146374,0.935823319852352,-0.06543996781110763,-0.0030610531102865934,-0.011078877735851974,0.20000000000004547,,none,-0.0010754699450199467,0.0,-0.010000000000002274,-3.4077908297532434e-06
R01_horizontal_empty,869,174.8000000000055,82.80318382432198,49.78480251179764,28.440029828670173,-7.791510042714429,0.012139783056851927,0.9517735951174957,-0.06589989492132682,-0.0033165301384700933,0.05319523438811302,-0.17354269325733185,-0.019746828824281693,0.05319523438811302,-0.17354269325733185,-0.019746828824281693,0.9319171406328677,-0.060739942640066144,-0.004936707206070423,-0.014465265632120574,0.20000000000004547,,none,-0.004459685598041219,0.0,-0.010000000000002274,-5.580034077082037e-06
R01_horizontal_empty,870,175.00000000000554,82.81379268914426,49.595286774487015,28.437799061278202,-7.804587072439693,0.011302159028456113,0.9467318714332322,-0.06494255702460056,-0.004937534794285848,0.04827868938446045,-0.17997658252716064,-0.03296252712607384,0.04827868938446045,-0.17997658252716064,-0.03296252712607384,0.9289672136306761,-0.06299180388450622,-0.00824063178151846,-0.017837606435379152,0.20000000000004547,,none,-0.00783280199482661,0.0,-0.010000000000002274,-4.8044405502670195e-06
R01_horizontal_empty,871,175.2000000000056,82.82188047600478,49.40671209615664,28.435757421234133,-7.8177098095253665,0.010337443815239326,0.9411350596997731,-0.06619073823684052,-0.004725591531693997,0.03569088876247406,-0.1963832527399063,-0.017174871638417244,0.03569088876247406,-0.1963832527399063,-0.017174871638417244,0.9214145332574843,-0.0687341384589672,-0.004293717909604311,-0.021199939796491055,0.20000000000004547,,none,-0.011186402164133469,0.0,-0.010000000000002274,-1.3537632355312205e-05
R01_horizontal_empty,872,175.40000000000563,82.82744302783341,49.219078592242745,28.433896697950512,-7.831012222530212,0.009536566049938184,0.9363545333409453,-0.06678834974717703,-0.003384280894593412,0.03251701965928078,-0.19430312514305115,-0.0026044489350169897,0.03251701965928078,-0.19430312514305115,-0.0026044489350169897,0.9195102117955685,-0.06800609380006789,-0.0006511122337542474,-0.02445625084542375,0.20000000000004547,,none,-0.014451716893548294,0.0,-0.010000000000002274,-4.533951873183299e-06
R01_horizontal_empty,873,175.60000000000568,82.83049456429958,49.032291068865064,28.432175889207674,-7.844246190389249,0.008898920123036724,0.9320639113621523,-0.06563802870367037,-0.003019659909842904,0.028242969885468483,-0.18084010481834412,-0.009106708690524101,0.028242969885468483,-0.18084010481834412,-0.009106708690524101,0.916945781931281,-0.06329403668642043,-0.0022766771726310253,-0.027618160249363522,0.20000000000004547,,none,-0.017613324253368035,0.0,-0.010000000000002274,-4.835995993211739e-06
R01_horizontal_empty,874,175.80000000000572,82.83108979996427,48.84633405549546,28.430579774449814,-7.8572980047446865,0.00825110561973427,0.9277974177364716,-0.06493323523459128,-0.003427728905039964,0.021273842081427574,-0.1814202517271042,-0.017036980018019676,0.021273842081427574,-0.1814202517271042,-0.017036980018019676,0.9127643052488565,-0.06349708810448647,-0.004259245004504919,-0.030707987168192414,0.20000000000004547,,none,-0.02070575127786789,0.0,-0.010000000000002274,-2.235890322249967e-06
R01_horizontal_empty,875,176.00000000000577,82.82927178215094,48.661279020476336,28.429113563325508,-7.870344122505604,0.007608427519740322,0.9231321835872248,-0.06548626076202471,-0.0030290970355369307,0.011156829074025154,-0.19032329320907593,-0.008867243304848671,0.011156829074025154,-0.19032329320907593,-0.008867243304848671,0.9066940974444151,-0.06661315262317657,-0.0022168108262121677,-0.033737487248184164,0.20000000000004547,,none,-0.02373251999422621,0.0,-0.010000000000002274,-4.9672539556838705e-06
R01_horizontal_empty,876,176.20000000000582,82.825053060338,48.477178473582285,28.427761531452237,-7.883457341281231,0.0071139811104282205,0.9186304483807859,-0.06563473636680593,-0.001993425749545325,0.004614092409610748,-0.18839223682880402,0.0004677846736740321,0.004614092409610748,-0.18839223682880402,0.0004677846736740321,0.9027684554457664,-0.0659372828900814,0.00011694616841850802,-0.03666430558701549,0.20000000000004547,,none,-0.026661632004429947,0.0,-0.010000000000002274,-2.6735825832692613e-06
R01_horizontal_empty,877,176.40000000000586,82.8184562512956,48.29401339756255,28.426492242480034,-7.896478140461523,0.006747130279824114,0.9144602031915573,-0.0646476521163098,-0.001697394475664782,-0.0003896252892445773,-0.17896081507205963,-0.0043767038732767105,-0.0003896252892445773,-0.17896081507205963,-0.0043767038732767105,0.8997662248264533,-0.06263628527522087,-0.0010941759683191776,-0.039493993668616306,0.20000000000004547,,none,-0.029491244509085135,0.0,-0.010000000000002274,-2.749159528899326e-06
R01_horizontal_empty,878,176.6000000000059,82.80953237417879,48.111807083811875,28.425295515821446,-7.909349943638339,0.006353572836693189,0.9100457399544895,-0.06411083930935774,-0.002200277584302682,-0.009181246161460876,-0.18004852533340454,-0.012899979948997498,-0.009181246161460876,-0.18004852533340454,-0.012899979948997498,0.8944912523031234,-0.06301698386669159,-0.0032249949872493744,-0.04224634031306048,0.20000000000004547,,none,-0.03224331787413348,0.0,-0.010000000000002274,-3.0224389247275727e-06
R01_horizontal_empty,879,176.80000000000595,82.79832320635018,47.93065692650564,28.42418157626649,-7.922248959980617,0.005924852512154142,0.9051947805849411,-0.06482546283665307,-0.0020948702284718096,-0.01982952281832695,-0.1893761157989502,-0.007520332932472229,-0.01982952281832695,-0.1893761157989502,-0.007520332932472229,0.8881022863090038,-0.06628164052963256,-0.0018800832331180573,-0.04492024501244831,0.20000000000004547,,none,-0.034915658405612504,0.0,-0.010000000000002274,-4.586606833530127e-06
R01_horizontal_empty,880,177.000000000006,82.78483928429483,47.75062778233983,28.42314519986867,-7.935258616610637,0.005582938866989779,0.9004062579458174,-0.06523986956924845,-0.0013782760297358712,-0.02744373120367527,-0.1888122856616974,0.00032766908407211304,-0.02744373120367527,-0.1888122856616974,0.00032766908407211304,0.8835337612777947,-0.06608429998159408,8.191727101802826e-05,-0.047487923933673806,0.20000000000004547,,none,-0.03748552622948331,0.0,-0.010000000000002274,-2.397704188217345e-06
R01_horizontal_empty,881,177.20000000000604,82.76909469955942,47.57169944691221,28.422167048560876,-7.948219427171838,0.0053084353799426965,0.89603499017945,-0.06442932676878102,-0.0013675660531888548,-0.03227882832288742,-0.17936484515666962,-0.005382969975471497,-0.03227882832288742,-0.17936484515666962,-0.005382969975471497,0.8806327030062675,-0.06277769580483436,-0.0013457424938678741,-0.049962843698096844,0.20000000000004547,,none,-0.039959938824200236,0.0,-0.010000000000002274,-2.904873894332763e-06
R01_horizontal_empty,882,177.4000000000061,82.75112828093613,47.39382049194729,28.421244773426125,-7.9610621827723635,0.0049940712796571135,0.892028738149482,-0.06402844383978634,-0.0017474435302521664,-0.03681234270334244,-0.180604487657547,-0.010086056776344776,-0.03681234270334244,-0.180604487657547,-0.010086056776344776,0.8779125943779944,-0.06321157068014145,-0.002521514194086194,-0.05237461071729295,0.20000000000004547,,none,-0.04237372654745819,0.0,-0.010000000000002274,-8.841698324864485e-07
R01_horizontal_empty,883,177.60000000000613,82.73097652583961,47.21701876626634,28.420386880267476,-7.973902177000813,0.004649347727997595,0.8876730030584338,-0.06434745456129859,-0.0017031317700079273,-0.046124257147312164,-0.18570713698863983,-0.006451353430747986,-0.046124257147312164,-0.18570713698863983,-0.006451353430747986,0.8723254457116127,-0.06499749794602394,-0.0016128383576869965,-0.054719615017549135,0.20000000000004547,,none,-0.04471709582056249,0.0,-0.010000000000002274,-2.5191969843681337e-06
R01_horizontal_empty,884,177.80000000000618,82.70866098480238,47.04134390201316,28.419592243915922,-7.986772724750091,0.004333554290206945,0.8834217079714415,-0.06435728221948205,-0.0014722074097390618,-0.05259642004966736,-0.18393516540527344,-0.004006625153124332,-0.05259642004966736,-0.18393516540527344,-0.004006625153124332,0.8684421479701996,-0.0643773078918457,-0.001001656288281083,-0.05697016002929847,0.20000000000004547,,none,-0.04696913991985063,0.0,-0.010000000000002274,-1.0201094455658706e-06
R01_horizontal_empty,885,178.00000000000622,82.68419948712152,46.866763235380716,28.418856350951984,-7.999603890710039,0.0040019478616438375,0.8796433676198331,-0.06398261602434262,-0.0018178088465040368,-0.05611620470881462,-0.18062618374824524,-0.010088142938911915,-0.05611620470881462,-0.18062618374824524,-0.010088142938911915,0.8663302771747112,-0.06321916431188583,-0.0025220357347279787,-0.059152601762255654,0.20000000000004547,,none,-0.04915139530020873,0.0,-0.010000000000002274,-1.2064620446433638e-06
R01_horizontal_empty,886,178.20000000000627,82.65761460604345,46.693240808961995,28.418188884477058,-8.012427113524417,0.0035825397140260423,0.876022131746875,-0.06423089899656256,-0.0023371312280012248,-0.06122899428009987,-0.18496234714984894,-0.013581386767327785,-0.06122899428009987,-0.18496234714984894,-0.013581386767327785,0.86326260343194,-0.06473682150244713,-0.0033953466918319464,-0.061284182081531885,0.20000000000004547,,none,-0.0512830391678758,0.0,-0.010000000000002274,-1.1429136538083225e-06
R01_horizontal_empty,887,178.40000000000632,82.62892183541,46.52080695587299,28.417606376011832,-8.025346440665144,0.003063696034307325,0.8722253899843522,-0.06491110517443775,-0.0028152683094304996,-0.06858756393194199,-0.1894204318523407,-0.015158244408667088,-0.06858756393194199,-0.1894204318523407,-0.015158244408667088,0.8588474616408348,-0.06629715114831924,-0.003789561102166772,-0.06334920232512929,0.20000000000004547,,none,-0.05334767213419589,0.0,-0.010000000000002274,-1.5301909311330602e-06
R01_horizontal_empty,888,178.60000000000636,82.59812372184608,46.349504565700116,28.417120946676345,-8.03843975513313,0.0025211523562029972,0.8684596412766653,-0.06594417675373399,-0.0026245434326701627,-0.07468180358409882,-0.19442643225193024,-0.008943624794483185,-0.07468180358409882,-0.19442643225193024,-0.008943624794483185,0.8551909178495407,-0.06804925128817557,-0.002235906198620796,-0.06533459980344133,0.20000000000004547,,none,-0.055332583377561306,0.0,-0.010000000000002274,-2.01642587775221e-06
R01_horizontal_empty,889,178.8000000000064,82.565212686627,46.17935136150267,28.416727552840257,-8.051667199702035,0.0020302609254187584,0.8647970995218166,-0.06630320865026135,-0.0023082127627078487,-0.08017995208501816,-0.19152800738811493,-0.00665452191606164,-0.08017995208501816,-0.19152800738811493,-0.00665452191606164,0.8518920287489891,-0.06703480258584021,-0.00166363047901541,-0.06723016085714784,0.20000000000004547,,none,-0.057229283447233215,0.0,-0.010000000000002274,-8.774099123468439e-07
R01_horizontal_empty,890,179.00000000000645,82.53019281216851,46.010330757411175,28.41641813917203,-8.06489784332572,0.0015469302706676061,0.8614778604813589,-0.06602425254769587,-0.0025098931084897107,-0.08369595557451248,-0.18701665103435516,-0.011683416552841663,-0.08369595557451248,-0.18701665103435516,-0.011683416552841663,0.8497824266552925,-0.06545582786202431,-0.002920854138210416,-0.06905513147855295,0.20000000000004547,,none,-0.05905397139059154,0.0,-0.010000000000002274,-1.160087959131595e-06
R01_horizontal_empty,891,179.2000000000065,82.49308630953023,45.84243725993021,28.416197848471807,-8.078105408544197,0.0009989280509462156,0.8581432524780847,-0.06604949696197118,-0.00293787224072533,-0.08934389054775238,-0.18885982036590576,-0.015239835716784,-0.08934389054775238,-0.18885982036590576,-0.015239835716784,0.8463936656713484,-0.06610093712806701,-0.003809958929196,-0.07082251777005914,0.20000000000004547,,none,-0.06082155887885854,0.0,-0.010000000000002274,-9.588911983274272e-07
R01_horizontal_empty,892,179.40000000000654,82.45392110359907,45.67573197193727,28.41607592359674,-8.091400811069237,0.0004318581867619889,0.8544829916977599,-0.06684460117121194,-0.0027471975775679347,-0.09735673666000366,-0.19561363756656647,-0.009434650652110577,-0.09735673666000366,-0.19561363756656647,-0.009434650652110577,0.8415859580039977,-0.06846477314829826,-0.002358662663027644,-0.07251264001779736,0.20000000000004547,,none,-0.06250976961933041,0.0,-0.010000000000002274,-2.8703984646733654e-06
R01_horizontal_empty,893,179.6000000000066,82.41271029961797,45.510286568510146,28.416044994680753,-8.104840714916177,-4.338580894667742e-05,0.8507141174839686,-0.06750468656805585,-0.002057244259148494,-0.10427603125572205,-0.19671352207660675,-0.002605346729978919,-0.10427603125572205,-0.19671352207660675,-0.002605346729978919,0.8374343812465668,-0.06884973272681236,-0.0006513366824947298,-0.0740961069967675,0.20000000000004547,,none,-0.06409419248125126,0.0,-0.010000000000002274,-1.9145155139721405e-06
R01_horizontal_empty,894,179.80000000000663,82.3694570716014,45.34610720221598,28.41609386720431,-8.118318816325548,-0.000574644335827979,0.8472734072468627,-0.06729233266918211,-0.003171369250764576,-0.10808338969945908,-0.19102749228477478,-0.02176642045378685,-0.10808338969945908,-0.19102749228477478,-0.02176642045378685,0.8351499661803246,-0.06685962229967117,-0.0054416051134467125,-0.07560689130725697,0.20000000000004547,,none,-0.06559861183406746,0.0,-0.010000000000002274,-8.279473187237982e-06
R01_horizontal_empty,895,180.00000000000668,82.32418103107068,45.18321393035264,28.41625383671247,-8.13191307400918,-0.0013772367947133943,0.8435970175574606,-0.06855507137172473,-0.00473658481839013,-0.11559474468231201,-0.20322324335575104,-0.03170400485396385,-0.11559474468231201,-0.20322324335575104,-0.03170400485396385,0.8306431531906127,-0.07112813517451286,-0.007926001213490963,-0.07706476045884868,0.20000000000004547,,none,-0.06705868221121492,0.0,-0.010000000000002274,-6.07824763148579e-06
R01_horizontal_empty,896,180.20000000000672,82.2768972099766,45.021753691403,28.416567063323498,-8.145945482166038,-0.0023592590874083772,0.8390470209473765,-0.07154375284929812,-0.0050593139667948536,-0.12830837070941925,-0.2218106985092163,-0.022867737337946892,-0.12830837070941925,-0.2218106985092163,-0.022867737337946892,0.8230149775743485,-0.0776337444782257,-0.005716934334486723,-0.0784318687235549,0.20000000000004547,,none,-0.06842016453556354,0.0,-0.010000000000002274,-1.1704187989076756e-05
R01_horizontal_empty,897,180.40000000000677,82.2275359586371,44.86175376557415,28.417042719308963,-8.160655882969765,-0.0032966706640244468,0.835549186587684,-0.0752787480677306,-0.004366982890913331,-0.1279592216014862,-0.23682712018489838,-0.011824920773506165,-0.1279592216014862,-0.23682712018489838,-0.011824920773506165,0.8232244670391082,-0.08288949206471442,-0.002956230193376541,-0.07969890809120592,0.20000000000004547,,none,-0.0696919569187493,0.0,-0.010000000000002274,-6.951172454347024e-06
R01_horizontal_empty,898,180.60000000000682,82.1759612193979,44.70308976763227,28.417659219792753,-8.17597165508269,-0.004053107857696946,0.8329584653051857,-0.07769672946043361,-0.0032793631036909044,-0.12695002555847168,-0.23606804013252258,-0.00425254600122571,-0.12695002555847168,-0.23606804013252258,-0.00425254600122571,0.8238299846649169,-0.0826238140463829,-0.0010631365003064275,-0.08091798732040205,0.20000000000004547,,none,-0.07091680860962235,0.0,-0.010000000000002274,-1.1787107774204096e-06
R01_horizontal_empty,899,180.80000000000686,82.12207235780659,44.54564963626139,28.418384803131083,-8.191588317622958,-0.004645143117414185,0.831228105507053,-0.0784157065377776,-0.002685731585354702,-0.12478144466876984,-0.22823072969913483,-0.005904390010982752,-0.12478144466876984,-0.22823072969913483,-0.005904390010982752,0.8251311331987381,-0.07988075539469719,-0.001476097502745688,-0.08210173572379044,0.20000000000004547,,none,-0.07210035862845743,0.0,-0.010000000000002274,-1.3770953307407768e-06
R01_horizontal_empty,900,181.0000000000069,82.06582685284467,44.38936018768703,28.419201881458285,-8.207281897918774,-0.005198902349964359,0.8298930480368671,-0.07851277998116117,-0.002840217141809539,-0.12468510866165161,-0.22488738596439362,-0.012620040215551853,-0.12468510866165161,-0.22488738596439362,-0.012620040215551853,0.825188934803009,-0.07871058508753775,-0.0031550100538879633,-0.08325743278594351,0.20000000000004547,,none,-0.07325630704222874,0.0,-0.010000000000002274,-1.125743712500596e-06
R01_horizontal_empty,901,181.20000000000695,82.0072312809415,44.23424271091547,28.420112409468377,-8.223076365009524,-0.005792360824608011,0.8283772579042927,-0.0793674726206973,-0.0030765548016302067,-0.12827278673648834,-0.23174019157886505,-0.014232546091079712,-0.12827278673648834,-0.23174019157886505,-0.014232546091079712,0.823036327958107,-0.08110906705260276,-0.003558136522769928,-0.08436650929222055,0.20000000000004547,,none,-0.07436526064113913,0.0,-0.010000000000002274,-1.2486510791401457e-06
R01_horizontal_empty,902,181.400000000007,81.94629817712472,44.08038913162953,28.421119962407005,-8.239148292176676,-0.0063725713702181596,0.8265597950520209,-0.08121272231891095,-0.002750151702429563,-0.13307347893714905,-0.24277931451797485,-0.008340179920196533,-0.13307347893714905,-0.24277931451797485,-0.008340179920196533,0.8201559126377105,-0.08497276008129119,-0.0020850449800491333,-0.08539484735081682,0.20000000000004547,,none,-0.0753912547736153,0.0,-0.010000000000002274,-3.5925771992406655e-06
R01_horizontal_empty,903,181.60000000000704,81.88301074464982,43.92788188027103,28.42221278258739,-8.255599692142656,-0.006832596301498248,0.8247530225824469,-0.08315489547425964,-0.001913180266411145,-0.13602198660373688,-0.2488926649093628,-0.0008307842654176056,-0.13602198660373688,-0.2488926649093628,-0.0008307842654176056,0.8183868080377579,-0.08711243271827697,-0.0002076960663544014,-0.08632273038516579,0.20000000000004547,,none,-0.07632068122969216,0.0,-0.010000000000002274,-2.0491554713564583e-06
R01_horizontal_empty,904,181.8000000000071,81.81732317503825,43.776736448429524,28.42336638255391,-8.272357089135998,-0.007140831890622157,0.8233924738928712,-0.08433047115320302,-0.001221321145092945,-0.13566909730434418,-0.24778835475444794,0.0007538794307038188,-0.13566909730434418,-0.24778835475444794,0.0007538794307038188,0.8185985416173935,-0.08672592416405678,0.0001884698576759547,-0.087177986877011,0.20000000000004547,,none,-0.07717790977319261,0.0,-0.010000000000002274,-7.710381611358317e-08
R01_horizontal_empty,905,182.00000000000713,81.74919522207674,43.62693204982559,28.42456088582014,-8.289267655166613,-0.0073704604423944844,0.8224004784003677,-0.08474401992340196,-0.0010852221715979954,-0.13515807688236237,-0.24453343451023102,-0.003231581300497055,-0.13515807688236237,-0.24453343451023102,-0.003231581300497055,0.8189051538705825,-0.08558670207858085,-0.0008078953251242638,-0.08799381756675581,0.20000000000004547,,none,-0.07799328277585538,0.0,-0.010000000000002274,-5.34790898156796e-07
R01_horizontal_empty,906,182.20000000000718,81.67864672837263,43.47852480147216,28.42579304239592,-8.30619445074628,-0.007646766158929075,0.8209546336375523,-0.0845393610422232,-0.0016363001669476894,-0.14023306965827942,-0.24034951627254486,-0.011036894284188747,-0.14023306965827942,-0.24034951627254486,-0.011036894284188747,0.8158601582050322,-0.0841223306953907,-0.002759223571047187,-0.08875005266914573,0.20000000000004547,,none,-0.07874796899645808,0.0,-0.010000000000002274,-2.0836726853727847e-06
R01_horizontal_empty,907,182.40000000000722,81.60576688092077,43.33166320829367,28.42708124958975,-8.32303687362362,-0.008117951253976831,0.8187250840050168,-0.0839307396146322,-0.002974677122266534,-0.1485513299703598,-0.23625874519348145,-0.022807471454143524,-0.1485513299703598,-0.23625874519348145,-0.022807471454143524,0.8108692020177841,-0.0826905608177185,-0.005701867863535881,-0.08941695729385643,0.20000000000004547,,none,-0.07941246780686306,0.0,-0.010000000000002274,-4.489486991093878e-06
R01_horizontal_empty,908,182.60000000000727,81.53066656854512,43.18649936987788,28.42846696853884,-8.339780602805844,-0.008906747052566288,0.815884159240645,-0.08353628249663561,-0.004777408726505542,-0.15687653422355652,-0.23637858033180237,-0.03380323201417923,-0.15687653422355652,-0.23637858033180237,-0.03380323201417923,0.8058740794658661,-0.08273250311613083,-0.008450808003544807,-0.09000343258324914,0.20000000000004547,,none,-0.07999962798051463,0.0,-0.010000000000002274,-3.8046027322291564e-06
R01_horizontal_empty,909,182.80000000000732,81.45345459425812,43.04317677685019,28.43000488867599,-8.356492253446548,-0.010054178301958148,0.8123485803522293,-0.0835771441609722,-0.0065623709137722355,-0.1668485552072525,-0.23902973532676697,-0.04079824686050415,-0.1668485552072525,-0.23902973532676697,-0.04079824686050415,0.7998908668756485,-0.08366040736436843,-0.010199561715126038,-0.09052108858524074,0.20000000000004547,,none,-0.08051798058407833,0.0,-0.010000000000002274,-3.1080011601380966e-06
R01_horizontal_empty,910,183.00000000000736,81.37422422243802,42.901821940085014,28.431750251759173,-8.373245350007219,-0.011552816706495201,0.8084009291789237,-0.08392742102845632,-0.008293535045078225,-0.1758478879928589,-0.2418319284915924,-0.047284409403800964,-0.1758478879928589,-0.2418319284915924,-0.047284409403800964,0.7944912672042846,-0.08464117497205734,-0.011821102350950241,-0.0909731280287899,0.20000000000004547,,none,-0.08097050981715448,0.0,-0.010000000000002274,-2.6182116331430193e-06
R01_horizontal_empty,911,183.2000000000074,81.29304968329271,42.762535261966065,28.43375510755351,-8.390085386407364,-0.013377089001108672,0.8040887708844476,-0.08443470863408817,-0.009833147120222775,-0.18517540395259857,-0.24419543147087097,-0.051881566643714905,-0.18517540395259857,-0.24419543147087097,-0.051881566643714905,0.7888947576284409,-0.08546840101480484,-0.012970391660928726,-0.09136674886863753,0.20000000000004547,,none,-0.08136447441753525,0.0,-0.010000000000002274,-2.274451100015007e-06
R01_horizontal_empty,912,183.40000000000745,81.20996611710501,42.625345763196805,28.436065265532037,-8.406956390420953,-0.015475920493610042,0.8001464701617593,-0.0842865018669039,-0.011062510511348232,-0.18957389891147614,-0.23995572328567505,-0.05427026376128197,-0.18957389891147614,-0.23995572328567505,-0.05427026376128197,0.7862556606531144,-0.08398450314998626,-0.013567565940320492,-0.0917353067847219,0.20000000000004547,,none,-0.08173444622957327,0.0,-0.010000000000002274,-8.605551463672367e-07
R01_horizontal_empty,913,183.6000000000075,81.12496843099879,42.49017609126393,28.43872275775828,-8.423644161040782,-0.017873788683210733,0.7969711747129856,-0.08271002371375574,-0.012786252691640874,-0.19036178290843964,-0.22713616490364075,-0.06519478559494019,-0.19036178290843964,-0.22713616490364075,-0.06519478559494019,0.7857829302549362,-0.07949765771627426,-0.016298696398735046,-0.09215009243259892,0.20000000000004547,,none,-0.0821444062922847,0.0,-0.010000000000002274,-5.686140311942645e-06
R01_horizontal_empty,914,183.80000000000754,81.03806808359539,42.35691093030551,28.441781943245992,-8.439911772809127,-0.02066002043142762,0.7944119756097558,-0.08015840949579997,-0.014915577292827104,-0.191009059548378,-0.21416863799095154,-0.0770178809762001,-0.191009059548378,-0.21416863799095154,-0.0770178809762001,0.7853945642709732,-0.07495902329683303,-0.019254470244050026,-0.09264124376227963,0.20000000000004547,,none,-0.08263507653616387,0.0,-0.010000000000002274,-6.167226113485968e-06
R01_horizontal_empty,915,184.0000000000076,80.94933262173052,42.22547620143987,28.445307444325778,-8.4556248443082,-0.023878277728165913,0.7919571302392929,-0.07719561196569745,-0.01710219033864419,-0.19448764622211456,-0.20330961048603058,-0.0862312763929367,-0.19448764622211456,-0.20330961048603058,-0.0862312763929367,0.7833074122667312,-0.07115836367011069,-0.021557819098234177,-0.09319971417923674,0.20000000000004547,,none,-0.08319541606526037,0.0,-0.010000000000002274,-4.2981139740894124e-06
R01_horizontal_empty,916,184.20000000000763,80.85884487567502,42.09580896830637,28.449365015826867,-8.470815369404203,-0.027507756955445946,0.7898669819627618,-0.07488387494221709,-0.0190460899446825,-0.19582952558994293,-0.20049509406089783,-0.09202858060598373,-0.19582952558994293,-0.20049509406089783,-0.09202858060598373,0.7825022846460342,-0.07017328292131424,-0.023007145151495934,-0.09382178630227969,0.20000000000004547,,none,-0.08382091968469574,0.0,-0.010000000000002274,-8.666175816751665e-07
R01_horizontal_empty,917,184.40000000000768,80.76670887776582,41.967910676254185,28.454007259602083,-8.485663908543064,-0.03141013653539866,0.7872478073587752,-0.07369139391113816,-0.019912411105850607,-0.2033015489578247,-0.20360426604747772,-0.08671080321073532,-0.2033015489578247,-0.20360426604747772,-0.08671080321073532,0.7780190706253052,-0.0712614931166172,-0.02167770080268383,-0.09446114715352656,0.20000000000004547,,none,-0.08445927161672273,0.0,-0.010000000000002274,-1.8755368015543895e-06
R01_horizontal_empty,918,184.60000000000773,80.67307028865744,41.84189136650246,28.459254570630872,-8.500376679289687,-0.0354221852623563,0.7838066704467364,-0.07345419153208443,-0.02018735370124984,-0.2138637900352478,-0.20848813652992249,-0.08299040049314499,-0.2138637900352478,-0.20848813652992249,-0.08299040049314499,0.7716817259788513,-0.07297084778547286,-0.020747600123286247,-0.09501532419274625,0.20000000000004547,,none,-0.08501233910226702,0.0,-0.010000000000002274,-2.9850904769590516e-06
R01_horizontal_empty,919,184.80000000000777,80.5780686710639,41.71789519199396,28.465102465867265,-8.51516947734884,-0.039398093411360614,0.7795630078598403,-0.07440232788762859,-0.019614875548497255,-0.22564943134784698,-0.21809808909893036,-0.07379338145256042,-0.22564943134784698,-0.21809808909893036,-0.07379338145256042,0.7646103411912918,-0.07633433118462563,-0.018448345363140106,-0.09543922935207215,0.20000000000004547,,none,-0.08543291259829466,0.0,-0.010000000000002274,-6.316753775214012e-06
R01_horizontal_empty,920,185.00000000000782,80.48176987521494,41.59601411667756,28.471523190378377,-8.530223865674907,-0.04317720068908411,0.775311758775006,-0.07601965704470548,-0.01827703077907437,-0.232779398560524,-0.2266150414943695,-0.062203697860240936,-0.232779398560524,-0.2266150414943695,-0.062203697860240936,0.7603323608636856,-0.07931526452302932,-0.015550924465060234,-0.09573826135833866,0.20000000000004547,,none,-0.08573310744480978,0.0,-0.010000000000002274,-5.153913526602105e-06
R01_horizontal_empty,921,185.20000000000786,80.38417004332844,41.47627844696498,28.478468219282043,-8.545611135790084,-0.046601435665264104,0.771201629222265,-0.07772454635736793,-0.016127341378267147,-0.23880088329315186,-0.23199592530727386,-0.046987805515527725,-0.23880088329315186,-0.23199592530727386,-0.046987805515527725,0.7567194700241089,-0.08119857385754585,-0.011746951378881931,-0.09594479356939362,0.20000000000004547,,none,-0.08593885885801456,0.0,-0.010000000000002274,-5.934711376782975e-06
R01_horizontal_empty,922,185.4000000000079,80.28522180045584,41.358669995092896,28.48587363760986,-8.561299091709135,-0.04961567909752597,0.767721819656539,-0.07905475483147785,-0.0141631354260235,-0.2408989816904068,-0.23361514508724213,-0.04064280912280083,-0.2408989816904068,-0.23361514508724213,-0.04064280912280083,0.7554606109857559,-0.08176530078053473,-0.010160702280700207,-0.09607699863605251,0.20000000000004547,,none,-0.08607605297867416,0.0,-0.010000000000002274,-9.456573760824316e-07
R01_horizontal_empty,923,185.60000000000795,80.18491361076643,41.243201047234635,28.49367567310512,-8.577219437713216,-0.05224350902119721,0.7639939591839169,-0.08007203282262705,-0.012258701282635722,-0.24856877326965332,-0.2346997857093811,-0.03351225703954697,-0.24856877326965332,-0.2346997857093811,-0.03351225703954697,0.750858736038208,-0.08214492499828338,-0.008378064259886742,-0.09613130139868084,0.20000000000004547,,none,-0.08612908446025536,0.0,-0.010000000000002274,-2.216938423205417e-06
R01_horizontal_empty,924,185.800000000008,80.08323247156241,41.12987015452555,28.50181680767813,-8.593324393993196,-0.054537462713949846,0.7609352960586723,-0.0809140658297978,-0.01079142450413939,-0.24973665177822113,-0.23608532547950745,-0.03120630607008934,-0.24973665177822113,-0.23608532547950745,-0.03120630607008934,0.7501580089330673,-0.0826298639178276,-0.007801576517522335,-0.09611607454423525,0.20000000000004547,,none,-0.0861159025228222,0.0,-0.010000000000002274,-1.7202141077837797e-07
R01_horizontal_empty,925,186.00000000000804,79.9801925880759,41.01869939675539,28.51024814862599,-8.609602411393789,-0.05654102515673398,0.7573797532859536,-0.08179938178668726,-0.00935264122393639,-0.2585805058479309,-0.23886679112911224,-0.025683416053652763,-0.2585805058479309,-0.23886679112911224,-0.025683416053652763,0.7448516964912415,-0.08360337689518928,-0.006420854013413191,-0.09603141278647985,0.20000000000004547,,none,-0.08602908373407558,0.0,-0.010000000000002274,-2.329052401998169e-06
R01_horizontal_empty,926,186.2000000000081,79.87580015870022,40.90970560089935,28.518926386717094,-8.62609248497407,-0.05829419117648364,0.7544848923461547,-0.08301010187132524,-0.008261275372808248,-0.2595253884792328,-0.24422048032283783,-0.024149661883711815,-0.2595253884792328,-0.24422048032283783,-0.024149661883711815,0.7442847669124604,-0.08547716811299323,-0.006037415470927954,-0.0958792251512025,0.20000000000004547,,none,-0.08587858700733975,0.0,-0.010000000000002274,-6.381438604752265e-07
R01_horizontal_empty,927,186.40000000000813,79.77006427564241,40.80291458792521,28.527814875673144,-8.642779416778177,-0.05981254908651902,0.7511265030753984,-0.08379970376298973,-0.007016149073609133,-0.2678447961807251,-0.24402475357055664,-0.017915895208716393,-0.2678447961807251,-0.24402475357055664,-0.017915895208716393,0.7392931222915649,-0.08540866374969482,-0.004478973802179098,-0.09566686836830442,0.20000000000004547,,none,-0.08566470615429367,0.0,-0.010000000000002274,-2.1622140084698316e-06
R01_horizontal_empty,928,186.60000000000818,79.66294945883831,40.6982969290203,28.53688370235041,-8.659593535933237,-0.0611550724606631,0.7490123352257724,-0.08430351543064814,-0.006451632371843602,-0.26406165957450867,-0.2438003569841385,-0.021205300465226173,-0.26406165957450867,-0.2438003569841385,-0.021205300465226173,0.7415630042552948,-0.08533012494444847,-0.005301325116306543,-0.095436391694766,0.20000000000004547,,none,-0.08543588804149671,0.0,-0.010000000000002274,-5.036532670169014e-07
R01_horizontal_empty,929,186.80000000000823,79.55446048795825,40.59584795583712,28.546114030815815,-8.676414823128978,-0.06238148487603254,0.7461585019470053,-0.08393698218925574,-0.00585728762951748,-0.27316176891326904,-0.23768600821495056,-0.018584800884127617,-0.27316176891326904,-0.23768600821495056,-0.018584800884127617,0.7361029386520386,-0.0831901028752327,-0.004646200221031904,-0.09518643802517632,0.20000000000004547,,none,-0.08518389673979598,0.0,-0.010000000000002274,-2.5412853780640287e-06
R01_horizontal_empty,930,187.00000000000827,79.44458182724262,40.49552112267963,28.555497052751615,-8.693149765061538,-0.06358554462564749,0.7447889549581457,-0.0834492012546815,-0.006160459741482175,-0.2667278051376343,-0.23558644950389862,-0.027112916111946106,-0.2667278051376343,-0.23558644950389862,-0.027112916111946106,0.7399633169174193,-0.08245525732636451,-0.0067782290279865265,-0.09495187238007823,0.20000000000004547,,none,-0.08494950172435622,0.0,-0.010000000000002274,-2.370655719725681e-06
R01_horizontal_empty,931,187.20000000000832,79.33336953740516,40.39732350705309,28.565035038554456,-8.709714768631976,-0.06481401673592549,0.7420282993894354,-0.08228832951744174,-0.00612679841988865,-0.27949824929237366,-0.22835096716880798,-0.024232828989624977,-0.27949824929237366,-0.22835096716880798,-0.024232828989624977,0.7323010504245757,-0.07992283850908279,-0.006058207247406244,-0.09470386597275164,0.20000000000004547,,none,-0.08469939134574211,0.0,-0.010000000000002274,-4.474627007257717e-06
R01_horizontal_empty,932,187.40000000000836,79.22084541216172,40.30122056249753,28.57473536444475,-8.72613192322582,-0.06613680645800546,0.7409910144084217,-0.08191160983685458,-0.007032812398618404,-0.271106481552124,-0.23183992505073547,-0.035515934228897095,-0.271106481552124,-0.23183992505073547,-0.035515934228897095,0.7373361110687255,-0.08114397376775741,-0.008878983557224274,-0.09447406697075564,0.20000000000004547,,none,-0.08446986890961838,0.0,-0.010000000000002274,-4.198061134972967e-06
R01_horizontal_empty,933,187.6000000000084,79.1071360834182,40.20728048742509,28.584607100690683,-8.742458295468312,-0.06751167061154668,0.7374340093146226,-0.08139132642288616,-0.006738045741609503,-0.29183200001716614,-0.22951757907867432,-0.024549616500735283,-0.29183200001716614,-0.22951757907867432,-0.024549616500735283,0.7249007999897004,-0.080331152677536,-0.006137404125183821,-0.09419006839412777,0.20000000000004547,,none,-0.08417896438350603,0.0,-0.010000000000002274,-1.1104010619474927e-05
R01_horizontal_empty,934,187.80000000000845,78.99224874784107,40.11548592277502,28.594649925704996,-8.75890105130963,-0.06886165216173092,0.7366017743050989,-0.08292094446141567,-0.0067601070000500195,-0.27721771597862244,-0.24582235515117645,-0.027220243588089943,-0.27721771597862244,-0.24582235515117645,-0.027220243588089943,0.7336693704128265,-0.08603782430291175,-0.006805060897022486,-0.093900445669056,0.20000000000004547,,none,-0.08389071456365826,0.0,-0.010000000000002274,-9.731105395467677e-06
R01_horizontal_empty,935,188.0000000000085,78.87627592723074,40.02593240073612,28.60484251264205,-8.775601354737043,-0.06994384502824944,0.7324010988511482,-0.08400070788971759,-0.004250938082894434,-0.3040001690387726,-0.24628835916519165,0.003447831841185689,-0.3040001690387726,-0.24628835916519165,0.003447831841185689,0.7175998985767365,-0.08620092570781707,0.0008619579602964222,-0.09353370581456263,0.20000000000004547,,none,-0.08350054485851643,0.0,-0.010000000000002274,-3.316095604391928e-05
R01_horizontal_empty,936,188.20000000000854,78.75907320787483,39.93854160566242,28.615143643358124,-8.792622134330282,-0.07071537407036597,0.7331758576892353,-0.08605244809212585,-0.003519482267029365,-0.27349042892456055,-0.25780928134918213,-0.008116022683680058,-0.27349042892456055,-0.25780928134918213,-0.008116022683680058,0.7359057426452636,-0.09023324847221374,-0.0020290056709200144,-0.09317114949155682,0.20000000000004547,,none,-0.08314720351912896,0.0,-0.010000000000002274,-2.394597242557162e-05
R01_horizontal_empty,937,188.4000000000086,78.64072805552777,39.85341352745794,28.625505575280847,-8.809782646148559,-0.07108371417211307,0.728555293896834,-0.0855876983451117,-0.00039910223663901744,-0.3128756582736969,-0.24183052778244019,0.023836998268961906,-0.3128756582736969,-0.24183052778244019,0.023836998268961906,0.7122746050357818,-0.08464068472385405,0.005959249567240477,-0.09273176175965121,0.20000000000004547,,none,-0.08267521151156032,0.0,-0.010000000000002274,-5.655024808861433e-05
R01_horizontal_empty,938,188.60000000000863,78.52102999898649,39.77039680987837,28.635888055577663,-8.827041998264589,-0.07125506962731555,0.7316971492210576,-0.08690642983540482,-0.001250297599926903,-0.26205405592918396,-0.2559816837310791,-0.011939062736928463,-0.26205405592918396,-0.2559816837310791,-0.011939062736928463,0.7427675664424895,-0.08959358930587769,-0.0029847656842321157,-0.09239277732079079,0.20000000000004547,,none,-0.08231151698037564,0.0,-0.010000000000002274,-8.126034041287382e-05
R01_horizontal_empty,939,188.80000000000868,78.40023488436509,39.68967557409098,28.646258878619097,-8.844300115195518,-0.07113972886154664,0.7251618806777714,-0.08576106572929029,0.0021476048660232696,-0.32977554202079773,-0.2383633553981781,0.03628583997488022,-0.32977554202079773,-0.2383633553981781,0.03628583997488022,0.7021346747875213,-0.08342717438936233,0.009071459993720055,-0.09190513971763413,0.20000000000004547,,none,-0.08176069478936654,0.0,-0.010000000000002274,-0.00014444492826531905
R01_horizontal_empty,940,189.00000000000873,78.2780945720494,39.61107267530947,28.656588626915205,-8.861657623872972,-0.07093592247257868,0.7307309944693703,-0.08767013427754988,4.865702093441416e-05,-0.24941012263298035,-0.2616006135940552,-0.01691335067152977,-0.24941012263298035,-0.2616006135940552,-0.01691335067152977,0.7503539264202117,-0.09156021475791931,-0.0042283376678824425,-0.09155237917047153,0.20000000000004547,,none,-0.08135580467672376,0.0,-0.010000000000002274,-0.00019657449374549412
R01_horizontal_empty,941,189.20000000000877,78.15494047437772,39.53481352822164,28.666858122112803,-8.879005779079922,-0.07044957333839337,0.7218687216587196,-0.08594169082083786,0.004480784261158296,-0.34892958402633667,-0.2354847639799118,0.05404825508594513,-0.34892958402633667,-0.2354847639799118,0.05404825508594513,0.690642249584198,-0.08241966739296913,0.013512063771486282,-0.0910412324203625,0.20000000000004547,,none,-0.08072879821458478,0.0,-0.010000000000002274,-0.00031243420577543174
R01_horizontal_empty,942,189.40000000000882,78.03048045245887,39.46070346780567,28.67703464069899,-8.896482659889678,-0.06997400140746639,0.7298790217441817,-0.08862488458176539,0.0005697130415710752,-0.23649409413337708,-0.2688353955745697,-0.029599273577332497,-0.23649409413337708,-0.2688353955745697,-0.029599273577332497,0.7581035435199737,-0.09409238845109939,-0.007399818394333124,-0.09068583558141696,0.20000000000004547,,none,-0.08027081732008057,0.0,-0.010000000000002274,-0.0004150182613341253
R01_horizontal_empty,943,189.60000000000886,77.90521090465289,39.389055416681295,28.687109268780006,-8.913950252152523,-0.06918113155624288,0.7173579736310098,-0.08623143284416464,0.0068831414728597225,-0.3779338300228119,-0.23244094848632812,0.07899168133735657,-0.3779338300228119,-0.23244094848632812,0.07899168133735657,0.6732397019863128,-0.08135433197021484,0.019747920334339142,-0.09016382309177008,0.20000000000004547,,none,-0.0795013880886355,0.0,-0.010000000000002274,-0.0006624350031323184
R01_horizontal_empty,944,189.8000000000089,77.77864673099843,39.31957240529105,28.69704685458025,-8.93153838325735,-0.06850314239909447,0.7293390714545636,-0.0894102874786877,0.0003864096956522293,-0.21407531201839447,-0.27396512031555176,-0.05140753462910652,-0.21407531201839447,-0.27396512031555176,-0.05140753462910652,0.7715548127889633,-0.09588779211044311,-0.01285188365727663,-0.08992298088779976,0.20000000000004547,,none,-0.07901142436192998,0.0,-0.010000000000002274,-0.0009115565258675032
R01_horizontal_empty,945,190.00000000000895,77.65147659319683,39.2526525873829,28.706855527926198,-8.949194990737869,-0.0674516348260912,0.7118724182223793,-0.08731379989363362,0.009445854399956996,-0.4161197245121002,-0.23726233839988708,0.11162459850311279,-0.4161197245121002,-0.23726233839988708,0.11162459850311279,0.6503281652927398,-0.08304181843996047,0.027906149625778198,-0.08949203150739561,0.20000000000004547,,none,-0.07811706120231499,0.0,-0.010000000000002274,-0.0013749703050783448
R01_horizontal_empty,946,190.200000000009,77.52295554855006,39.18790774517604,28.71648361630613,-8.967148114472877,-0.06648242889875065,0.7296097011290433,-0.0918737531329627,0.0008909864836742561,-0.17982079088687897,-0.2890442907810211,-0.06616456061601639,-0.17982079088687897,-0.2890442907810211,-0.06616456061601639,0.7921075254678727,-0.10116550177335738,-0.016541140154004097,-0.08941614184416642,0.20000000000004547,,none,-0.07761359100966203,0.0,-0.010000000000002274,-0.0018025508345021158
R01_horizontal_empty,947,190.40000000000904,77.39386567212831,39.12578078217267,28.725939635382062,-8.985324801701426,-0.06479924641075396,0.7071992575206796,-0.09003193708937457,0.01488602997974203,-0.452940970659256,-0.24651113152503967,0.17361408472061157,-0.452940970659256,-0.24651113152503967,0.17361408472061157,0.6282354176044465,-0.08627889603376387,0.04340352118015289,-0.08932486946399341,0.20000000000004547,,none,-0.07664691944409796,0.0,-0.010000000000002274,-0.0026779500198931727
R01_horizontal_empty,948,190.6000000000091,77.2631591876624,39.06579436895399,28.735120300051946,-9.003748669152321,-0.0631870654346717,0.7326907865017844,-0.09391413556866335,0.0021924934338904646,-0.129148468375206,-0.29092809557914734,-0.09469174593687057,-0.129148468375206,-0.29092809557914734,-0.09469174593687057,0.8225109189748763,-0.10182483345270156,-0.023672936484217644,-0.08975656345348805,0.20000000000004547,,none,-0.07618051405356674,0.0,-0.010000000000002274,-0.003576049399919038
R01_horizontal_empty,949,190.80000000000913,77.13187669695614,39.00846668043547,28.744056271444688,-9.022466292193467,-0.06065907914260081,0.7039983991967227,-0.0933077948303811,0.02162289719490631,-0.49516674876213074,-0.26306360960006714,0.24486376345157623,-0.49516674876213074,-0.26306360960006714,0.24486376345157623,0.6028999507427215,-0.0920722633600235,0.06121594086289406,-0.09015239547289136,0.20000000000004547,,none,-0.07515152037064254,0.0,-0.010000000000002274,-0.005000875102246548
R01_horizontal_empty,950,191.00000000000918,76.99868279433544,38.95327847263877,28.752597807217523,-9.041431259527036,-0.058445790353649205,0.7386660498295123,-0.09612922677853879,0.001989744223326339,-0.06530248373746872,-0.29108119010925293,-0.15206575393676758,-0.06530248373746872,-0.29108119010925293,-0.15206575393676758,0.8608185097575187,-0.10187841653823852,-0.038016438484191895,-0.09156978966551753,0.20000000000004547,,none,-0.07470736340677675,0.0,-0.010000000000002274,-0.0068624262587385024
R01_horizontal_empty,951,191.20000000000923,76.86507009125208,38.900871735471604,28.760840353921793,-9.060730531205579,-0.05529640748721891,0.7007341935730859,-0.09681202723916466,0.027575669609659785,-0.5548663139343262,-0.2805810272693634,0.3188469111919403,-0.5548663139343262,-0.2805810272693634,0.3188469111919403,0.5670802116394043,-0.09820335954427718,0.07971172779798508,-0.09277110290128356,0.20000000000004547,,none,-0.0735402681925752,0.0,-0.010000000000002274,-0.009230834708706085
R01_horizontal_empty,952,191.40000000000927,76.72904107997935,38.85056083197322,28.768619017300146,-9.080132676057897,-0.05302575342190878,0.7494279681755248,-0.09718156887818,-0.0025951499965235197,0.03500312939286232,-0.27981308102607727,-0.2562951147556305,0.03500312939286232,-0.27981308102607727,-0.2562951147556305,0.9210018776357174,-0.09793457835912704,-0.06407377868890762,-0.09682108578724423,0.20000000000004547,,none,-0.07324638778876924,0.0,-0.010000000000002274,-0.01357469799847272
R01_horizontal_empty,953,191.60000000000932,76.59280441579696,38.80315506840937,28.776154516467656,-9.100114286290214,-0.05012551088466663,0.697494462351724,-0.10225234809501896,0.029201088366301448,-0.6424912214279175,-0.32167142629623413,0.37596723437309265,-0.6424912214279175,-0.32167142629623413,0.37596723437309265,0.5145052671432495,-0.11258499920368194,0.09399180859327316,-0.09921048145220232,0.20000000000004547,,none,-0.07200035356042811,0.0,-0.010000000000002274,-0.01721012789177194
R01_horizontal_empty,954,191.80000000000936,76.45430107096338,38.75813479464207,28.783210980974786,-9.120657922386528,-0.04804639182032708,0.7577673878422486,-0.10311871469443079,-0.005773832935557293,0.11690127849578857,-0.2996688485145569,-0.30816683173179626,0.11690127849578857,-0.2996688485145569,-0.30816683173179626,0.9701407670974731,-0.1048840969800949,-0.07704170793294907,-0.10240690235056697,0.20000000000004547,,none,-0.07150289229507223,0.0,-0.010000000000002274,-0.020904010055492465
R01_horizontal_empty,955,192.0000000000094,76.31547642625702,38.71614249012447,28.790071281499277,-9.141934525274717,-0.04495220146521804,0.6971018951240945,-0.10918974013734152,0.03373774336735483,-0.6944245100021362,-0.3473159372806549,0.4569995701313019,-0.6944245100021362,-0.3473159372806549,0.4569995701313019,0.4833452939987183,-0.12156057804822921,0.11424989253282547,-0.10516602275346779,0.20000000000004547,,none,-0.07024603469966983,0.0,-0.010000000000002274,-0.02491998805379568
R01_horizontal_empty,956,192.20000000000945,76.17476503977788,38.67691257577895,28.796356339544875,-9.163411714154693,-0.04262417730662465,0.7619987886392959,-0.10583499619029657,-0.007359961896967887,0.15110808610916138,-0.28285452723503113,-0.36441656947135925,0.15110808610916138,-0.28285452723503113,-0.36441656947135925,0.9906648516654968,-0.09899908453226089,-0.09110414236783981,-0.10724754652043267,0.20000000000004547,,none,-0.069371444143,0.0,-0.010000000000002274,-0.027876102377430385
R01_horizontal_empty,957,192.4000000000095,76.03385980855442,38.64083905587026,28.802447964694935,-9.18552508654371,-0.03939411277926014,0.6968656398408487,-0.11463543720995462,0.03636504703543992,-0.7210547924041748,-0.37876561284065247,0.5018513798713684,-0.7210547924041748,-0.37876561284065247,0.5018513798713684,0.4673671245574951,-0.13256796449422836,0.1254628449678421,-0.10842044100827489,0.20000000000004547,,none,-0.06801469734712917,0.0,-0.010000000000002274,-0.030405743661143438
R01_horizontal_empty,958,192.60000000000954,75.89158517201622,38.60786225728645,28.807886834021634,-9.208060151389489,-0.03668834749262462,0.7615938138934775,-0.11098997058525785,-0.006106321117558294,0.14944231510162354,-0.2958904504776001,-0.37059837579727173,0.14944231510162354,-0.2958904504776001,-0.37059837579727173,0.9896653890609741,-0.10356165766716002,-0.09264959394931793,-0.10727260535124318,0.20000000000004547,,none,-0.06675656369366223,0.0,-0.010000000000002274,-0.030516041657578673
R01_horizontal_empty,959,192.8000000000096,75.74923660485007,38.57819931866634,28.813075898786515,-9.231300163744264,-0.0328112894965998,0.6964904698480301,-0.12067982710033828,0.041303607985835794,-0.7215050458908081,-0.4012134373188019,0.5516404509544373,-0.7215050458908081,-0.4012134373188019,0.5516404509544373,0.4670969724655151,-0.14042470306158064,0.13791011273860931,-0.1076413162796201,0.20000000000004547,,none,-0.0652379824647138,0.0,-0.010000000000002274,-0.03240333381490403
R01_horizontal_empty,960,193.00000000000963,75.60586271149762,38.55189314962909,28.817483300592766,-9.254794460878852,-0.029377001403972883,0.7589413235296415,-0.11471287432400637,-0.003577994317696554,0.13164782524108887,-0.29301172494888306,-0.38013026118278503,0.13164782524108887,-0.29301172494888306,-0.38013026118278503,0.9789886951446534,-0.10255410373210906,-0.09503256529569626,-0.10581059845578299,0.20000000000004547,,none,-0.06365511661423895,0.0,-0.010000000000002274,-0.032155481841541766
R01_horizontal_empty,961,193.20000000000968,75.46260473885425,38.52902139133364,28.821548150945652,-9.278839689561613,-0.024686185777304102,0.6953761372589862,-0.12496658860174505,0.04669692292902693,-0.7143293619155884,-0.41674408316612244,0.5965654850006104,-0.7143293619155884,-0.41674408316612244,0.5965654850006104,0.47140238285064695,-0.14586042910814284,0.1491413712501526,-0.10565674325564875,0.20000000000004547,,none,-0.06195830969020122,0.0,-0.010000000000002274,-0.03369843356544525
R01_horizontal_empty,962,193.40000000000973,75.31878340750723,38.50967528040912,28.824676905414474,-9.30254419663364,-0.02017357243214127,0.7534288640412771,-0.11298177892641777,0.0018121799756931432,0.09663218259811401,-0.25303003191947937,-0.3585951626300812,0.09663218259811401,-0.25303003191947937,-0.3585951626300812,0.9579793095588685,-0.08856051117181778,-0.0896487906575203,-0.10199500270506884,0.20000000000004547,,none,-0.06005914710430815,0.0,-0.010000000000002274,-0.03193585560075841
R01_horizontal_empty,963,193.60000000000977,75.17516299143854,38.4936969378527,28.827328461688335,-9.32602111785106,-0.0146341102624176,0.6946771795697163,-0.12117026582678822,0.04995398689463814,-0.6872267723083496,-0.39387378096580505,0.5922073125839233,-0.6872267723083496,-0.39387378096580505,0.5922073125839233,0.4876639366149902,-0.13785582333803176,0.14805182814598083,-0.09909286220324981,0.20000000000004547,,none,-0.05832691880913643,0.0,-0.010000000000002274,-0.03076594339411111
R01_horizontal_empty,964,193.80000000000982,75.03134423981574,38.48118554259525,28.828938801417213,-9.349432118332075,-0.009398601989939952,0.7466200517632633,-0.11351659708387815,0.005733965151204142,0.04940374940633774,-0.2797738015651703,-0.337490051984787,0.04940374940633774,-0.2797738015651703,-0.337490051984787,0.9296422496438026,-0.09792083054780959,-0.08437251299619675,-0.09472785891635348,0.20000000000004547,,none,-0.05632824850621354,0.0,-0.010000000000002274,-0.028399610410137666
R01_horizontal_empty,965,194.00000000000986,74.88755062793182,38.47200203117834,28.82995950611382,-9.373192658389064,-0.0027780470866847497,0.6966669073771694,-0.12334782262060982,0.05663515404311903,-0.6322407126426697,-0.40965932607650757,0.6414229869842529,-0.6322407126426697,-0.40965932607650757,0.6414229869842529,0.5206555724143982,-0.14338076412677764,0.16035574674606323,-0.09343282626539666,0.20000000000004547,,none,-0.054637223065729046,0.0,-0.010000000000002274,-0.02879560319966534
R01_horizontal_empty,966,194.2000000000099,74.74380557348778,38.46630306221525,28.829764025424527,-9.396373052855127,0.0037551909654034692,0.7399117107045211,-0.10949984600490202,0.012057082093720119,-0.01285664364695549,-0.23223437368869781,-0.31511595845222473,-0.01285664364695549,-0.23223437368869781,-0.31511595845222473,0.8922860138118267,-0.08128203079104424,-0.07877898961305618,-0.08907596298292073,0.20000000000004547,,none,-0.052474303127073796,0.0,-0.010000000000002274,-0.02660165985584466
R01_horizontal_empty,967,194.40000000000995,74.59990369205148,38.46382522585507,28.828816139320107,-9.419301497262332,0.011267801738607561,0.7012059474018861,-0.1190637641944676,0.05949371953512017,-0.5586248636245728,-0.3958629071712494,0.6246185898780823,-0.5586248636245728,-0.3958629071712494,0.6246185898780823,0.5648250818252563,-0.1385520175099373,0.15615464746952057,-0.08501480436061237,0.20000000000004547,,none,-0.05086003899595504,0.0,-0.010000000000002274,-0.024154765364655068
R01_horizontal_empty,968,194.60000000001,74.45643138437786,38.464682165147124,28.826535138278356,-9.441476948742672,0.019020576207404043,0.7322919865932073,-0.10383829628809023,0.020939836773846327,-0.09695910662412643,-0.2080388218164444,-0.23048333823680878,-0.09695910662412643,-0.2080388218164444,-0.23048333823680878,0.8418245360255241,-0.07281358763575553,-0.057620834559202194,-0.07823370131016284,0.20000000000004547,,none,-0.048641451996321194,0.0,-0.010000000000002274,-0.01959224931383937
R01_horizontal_empty,969,194.80000000001004,74.31240653137499,38.46861412210219,28.82329410230643,-9.463055951739756,0.027509487947454534,0.7099399115180552,-0.11138308210395381,0.060934850741865464,-0.4480304419994354,-0.3621627986431122,0.5697283744812012,-0.4480304419994354,-0.3621627986431122,0.5697283744812012,0.6311817348003388,-0.12675697952508927,0.1424320936203003,-0.07294115421757746,0.20000000000004547,,none,-0.04719427285905198,0.0,-0.010000000000002274,-0.015746881358523215
R01_horizontal_empty,970,195.0000000000101,74.16867975230102,38.475663178081184,28.818600796344324,-9.483937083795567,0.03656059080818385,0.7289547922616304,-0.0984063003393435,0.031774032852571577,-0.17340955138206482,-0.20561058819293976,-0.11058612167835236,-0.17340955138206482,-0.20561058819293976,-0.11058612167835236,0.7959542691707611,-0.07196370586752891,-0.02764653041958809,-0.06640767892115894,0.20000000000004547,,none,-0.04515261808425386,0.0,-0.010000000000002274,-0.011255060836902801
R01_horizontal_empty,971,195.20000000001014,74.02356073712706,38.485714893986774,28.812675340648738,-9.50411059422463,0.04591706172789187,0.7270371502480241,-0.10298379735117034,0.05968688101311741,-0.29953286051750183,-0.320889413356781,0.46625789999961853,-0.29953286051750183,-0.320889413356781,0.46625789999961853,0.7202802836894988,-0.11231129467487334,0.11656447499990463,-0.06121659116749176,0.20000000000004547,,none,-0.04397768472780861,0.0,-0.010000000000002274,-0.007238906439680877
R01_horizontal_empty,972,195.40000000001018,73.87841986302286,38.49869792571331,28.805187943657444,-9.523394423078836,0.05614564156794552,0.731887828016472,-0.09077469311193738,0.04379657221875897,-0.25170111656188965,-0.18827538192272186,0.04566850885748863,-0.25170111656188965,-0.18827538192272186,0.04566850885748863,0.7489793300628662,-0.06589638367295264,0.011417127214372158,-0.056127702324011694,0.20000000000004547,,none,-0.04219230646392269,0.0,-0.010000000000002274,-0.003935395860086728
R01_horizontal_empty,973,195.60000000001023,73.73306255409499,38.51445700937259,28.79628778312065,-9.542470841247294,0.06573820008776357,0.7328883814922128,-0.09934364541981361,0.051545011974243105,-0.2726435661315918,-0.33372706174850464,0.2693355679512024,-0.2726435661315918,-0.33372706174850464,0.2693355679512024,0.7364138603210448,-0.11680447161197662,0.0673338919878006,-0.052137451031637604,0.20000000000004547,,none,-0.040705016418000284,0.0,-0.010000000000002274,-0.0014324346136350477
R01_horizontal_empty,974,195.80000000001027,73.58794994706874,38.53307788669505,28.785905907252253,-9.562323263403956,0.0758877512805868,0.7338004792337696,-0.09919200528529779,0.05006225551869618,-0.27164286375045776,-0.28252288699150085,0.18816345930099487,-0.27164286375045776,-0.28252288699150085,0.18816345930099487,0.7370142817497254,-0.0988830104470253,0.04704086482524872,-0.04914249024396982,0.20000000000004547,,none,-0.0389582546411571,0.0,-0.010000000000002274,-0.0001842356028104497
R01_horizontal_empty,975,196.00000000001032,73.44297816192108,38.55462237348366,28.77402924835494,-9.582354818114464,0.08577457224158398,0.7365424278413463,-0.10098816500643107,0.04889400527789612,-0.2563270628452301,-0.298994779586792,0.18605391681194305,-0.2563270628452301,-0.298994779586792,0.18605391681194305,0.7462037622928619,-0.1046481728553772,0.046513479202985764,-0.04723196451190635,0.20000000000004547,,none,-0.03722175756845303,0.0,-0.010000000000002274,-1.0206943451049888e-05
R01_horizontal_empty,976,196.20000000001036,73.29814495992824,38.57914022005073,28.760671822339592,-9.602599565578462,0.09560205921863536,0.7383976338206858,-0.10142628822437628,0.04934674168527407,-0.2584424912929535,-0.29234012961387634,0.20107710361480713,-0.2584424912929535,-0.29234012961387634,0.20107710361480713,0.7449345052242279,-0.10231904536485671,0.05026927590370178,-0.04548725303649347,0.20000000000004547,,none,-0.03548176392558133,0.0,-0.010000000000002274,-5.489110909864259e-06
R01_horizontal_empty,977,196.4000000000104,73.1536249907684,38.60662478922529,28.745849052750152,-9.622785438653072,0.10510393131125999,0.7401019008516293,-0.10050209880924121,0.045929534622751275,-0.2564884424209595,-0.281768262386322,0.1558653712272644,-0.2564884424209595,-0.281768262386322,0.1558653712272644,0.7461069345474243,-0.0986188918352127,0.0389663428068161,-0.04374837492965138,0.20000000000004547,,none,-0.03370518126106603,0.0,-0.010000000000002274,-4.3193668583079156e-05
R01_horizontal_empty,978,196.60000000001045,73.00931970476789,38.63709528356622,28.729605988910812,-9.642986890541456,0.11425304671419469,0.7435531137351753,-0.10144160905396754,0.04558740571126052,-0.24047739803791046,-0.29530295729637146,0.17956101894378662,-0.24047739803791046,-0.29530295729637146,0.17956101894378662,0.7557135611772536,-0.10335603505373,0.044890254735946655,-0.042024989732212234,0.20000000000004547,,none,-0.03200496922762497,0.0,-0.010000000000002274,-2.002050458499216e-05
R01_horizontal_empty,979,196.8000000000105,72.86525691606353,38.67056376294412,28.71195591463888,-9.663008059681339,0.12325002929993911,0.7458544900827935,-0.09895732331402583,0.044466874725753405,-0.24339424073696136,-0.268271803855896,0.1687343418598175,-0.24339424073696136,-0.268271803855896,0.1687343418598175,0.7539634555578232,-0.0938951313495636,0.042183585464954376,-0.0403339747909485,0.20000000000004547,,none,-0.030316846627659544,0.0,-0.010000000000002274,-1.7128163286681542e-05
R01_horizontal_empty,980,197.00000000001054,72.72137489118383,38.70700183645151,28.692919979670123,-9.682496192959386,0.13169571229929558,0.7503597414563284,-0.09613660723782427,0.04030373193165321,-0.22294312715530396,-0.25825393199920654,0.12728223204612732,-0.22294312715530396,-0.25825393199920654,0.12728223204612732,0.7662341237068175,-0.09038887619972229,0.03182055801153183,-0.0387595771129222,0.20000000000004547,,none,-0.028714839448694462,0.0,-0.010000000000002274,-4.473766422546266e-05
R01_horizontal_empty,981,197.2000000000106,72.57760395746209,38.74637324997748,28.67255921310874,-9.701593229227026,0.13981591185316103,0.7539797936882524,-0.09492506923032279,0.04085659429233278,-0.22210808098316193,-0.26416096091270447,0.16793261468410492,-0.22210808098316193,-0.26416096091270447,0.16793261468410492,0.7667351514101028,-0.09245633631944655,0.04198315367102623,-0.03726625581962874,0.20000000000004547,,none,-0.027232494941600294,0.0,-0.010000000000002274,-3.376087802617001e-05
R01_horizontal_empty,982,197.40000000001064,72.4340875908438,38.78859829375356,28.650897156617486,-9.720056851066573,0.14766367299105101,0.7574725819055529,-0.09007658045311266,0.03784779101689236,-0.21703413128852844,-0.2291339635848999,0.12686719000339508,-0.21703413128852844,-0.2291339635848999,0.12686719000339508,0.769779521226883,-0.08019688725471497,0.03171679750084877,-0.03584084229009492,0.20000000000004547,,none,-0.025782062197862388,0.0,-0.010000000000002274,-5.8780092230255046e-05
R01_horizontal_empty,983,197.60000000001068,72.2910471646961,38.8335155919251,28.628028161785334,-9.738008869454568,0.15497411174842995,0.7590852964101044,-0.08948796728494826,0.03543820722929395,-0.2253870964050293,-0.2522530257701874,0.122112937271595,-0.2253870964050293,-0.2522530257701874,0.122112937271595,0.7647677421569824,-0.08828855901956557,0.03052823431789875,-0.03442862692164768,0.20000000000004547,,none,-0.024416089602013358,0.0,-0.010000000000002274,-1.2537319632049959e-05
R01_horizontal_empty,984,197.80000000001073,72.14855511287408,38.881084830417244,28.604020015983252,-9.755970718364525,0.1619230996229393,0.7620843426682545,-0.09008548669201738,0.03414885051456553,-0.21224738657474518,-0.26086583733558655,0.12608619034290314,-0.21224738657474518,-0.26086583733558655,0.12608619034290314,0.7726515680551529,-0.09130304306745529,0.031521547585725784,-0.03310530981033509,0.20000000000004547,,none,-0.023100057425583742,0.0,-0.010000000000002274,-5.2523847490759665e-06
R01_horizontal_empty,985,198.00000000001077,72.00660100259752,38.93132220787258,28.578890990949954,-9.773802435036018,0.16879768016699265,0.7644628457578269,-0.08836160893441504,0.034565548350847734,-0.2119273841381073,-0.24242539703845978,0.14165858924388885,-0.2119273841381073,-0.24242539703845978,0.14165858924388885,0.7728435695171356,-0.08484888896346092,0.035414647310972214,-0.03181912860043919,0.20000000000004547,,none,-0.021807475563488055,0.0,-0.010000000000002274,-1.1653036948855444e-05
R01_horizontal_empty,986,198.20000000001082,71.86524783637046,38.984165746078666,28.552647672134015,-9.791135805079247,0.1754738442218294,0.7671572289313786,-0.08520965473376833,0.03236216175805042,-0.20558172464370728,-0.22510561347007751,0.11148941516876221,-0.20558172464370728,-0.22510561347007751,0.11148941516876221,0.7766509652137756,-0.07878696471452712,0.027872353792190552,-0.030575122740228187,0.20000000000004547,,none,-0.020550114312992918,0.0,-0.010000000000002274,-2.5008427232995345e-05
R01_horizontal_empty,987,198.40000000001086,71.72460683381037,39.03950728242257,28.52534950860715,-9.80819710965452,0.18187981762786343,0.7686240659604827,-0.08538981250235674,0.031744151800583355,-0.2103458195924759,-0.24501976370811462,0.12193936854600906,-0.2103458195924759,-0.24501976370811462,0.12193936854600906,0.7737925082445145,-0.08575691729784012,0.030484842136502266,-0.029371094261882672,0.20000000000004547,,none,-0.019360524831760983,0.0,-0.010000000000002274,-1.0569430119412582e-05
R01_horizontal_empty,988,198.6000000000109,71.58465030933279,39.09735373715203,28.497002878298808,-9.825187547622983,0.18817053806998307,0.7719393357234596,-0.08457591105034946,0.03120378048354761,-0.1939653605222702,-0.236906960606575,0.12041069567203522,-0.1939653605222702,-0.236906960606575,0.12041069567203522,0.7836207836866378,-0.08291743621230124,0.030102673918008804,-0.028207415957883668,0.20000000000004547,,none,-0.01820068648079598,0.0,-0.010000000000002274,-6.72947708541316e-06
R01_horizontal_empty,989,198.80000000001095,71.44517532678869,39.157769308840784,28.467566522695638,-9.84177288983246,0.19440978091646702,0.7761018511665458,-0.08150868807577273,0.031189708582474676,-0.182052344083786,-0.21502472460269928,0.12464413791894913,-0.182052344083786,-0.21502472460269928,0.12464413791894913,0.7907685935497284,-0.07525865361094475,0.031161034479737282,-0.027114760539188543,0.20000000000004547,,none,-0.01710198705425725,0.0,-0.010000000000002274,-1.2773484929017309e-05
R01_horizontal_empty,990,199.000000000011,71.30609073809441,39.220716877747954,28.437015532065015,-9.857612464474185,0.2005680730932519,0.7806310752178797,-0.0772109774052642,0.030449037658165173,-0.17235012352466583,-0.19558170437812805,0.11575913429260254,-0.17235012352466583,-0.19558170437812805,0.11575913429260254,0.7965899258852005,-0.06845359653234481,0.028939783573150635,-0.026100591549463613,0.20000000000004547,,none,-0.016089569401287918,0.0,-0.010000000000002274,-1.1022148173421843e-05
R01_horizontal_empty,991,199.20000000001104,71.16736866412926,39.28609829735527,28.40535366441988,-9.872667871149392,0.2065956966449692,0.7850932763198747,-0.0736141804446999,0.029870781135289275,-0.1653067171573639,-0.18938583135604858,0.11476990580558777,-0.1653067171573639,-0.18938583135604858,0.11476990580558777,0.8008159697055817,-0.066285040974617,0.028692476451396942,-0.025189560573547643,0.20000000000004547,,none,-0.015187781033770165,0.0,-0.010000000000002274,-1.7795397752040643e-06
R01_horizontal_empty,992,199.4000000000111,71.02898576680545,39.35382393926257,28.37258540694756,-9.887024892722325,0.21250410909173953,0.7898282509560818,-0.07021242600037025,0.02925942158832344,-0.15581321716308594,-0.18080206215381622,0.11205465346574783,-0.15581321716308594,-0.18080206215381622,0.11205465346574783,0.8065120697021484,-0.06328072175383567,0.02801366336643696,-0.024392475503022835,0.20000000000004547,,none,-0.014389051898398009,0.0,-0.010000000000002274,-3.423604622551091e-06
R01_horizontal_empty,993,199.60000000001114,70.89097944826787,39.42377967781017,28.33872970962673,-9.90070426825674,0.21830755307563438,0.7938442843844264,-0.06683582429410183,0.028808968931374346,-0.1533418446779251,-0.17130106687545776,0.11156435310840607,-0.1533418446779251,-0.17130106687545776,0.11156435310840607,0.8079948931932448,-0.05995537340641021,0.027891088277101517,-0.023684698288524483,0.20000000000004547,,none,-0.013682765948768605,0.0,-0.010000000000002274,-1.932339753604184e-06
R01_horizontal_empty,994,199.80000000001118,70.75350486325075,39.49578313943036,28.303838422593785,-9.91364328797461,0.22395082290563295,0.7966685736029994,-0.0628544496566266,0.027706799997724116,-0.15563327074050903,-0.1564047485589981,0.1018437072634697,-0.15563327074050903,-0.1564047485589981,0.1018437072634697,0.8066200375556944,-0.05474166199564933,0.025460926815867424,-0.023066682818986415,0.20000000000004547,,none,-0.013060249981215577,0.0,-0.010000000000002274,-6.4328377685651805e-06
R01_horizontal_empty,995,200.00000000001123,70.61676603756831,39.569601558048994,28.26800022285321,-9.925800808229628,0.22932007750001854,0.7979910380676228,-0.05901047389296992,0.026106370541609417,-0.16224870085716248,-0.14622189104557037,0.09138079732656479,-0.16224870085716248,-0.14622189104557037,0.09138079732656479,0.8026507794857025,-0.05117766186594963,0.022845199331641197,-0.022541268903433186,0.20000000000004547,,none,-0.012536130363688613,0.0,-0.010000000000002274,-5.13853974229761e-06
R01_horizontal_empty,996,200.20000000001127,70.4808690170635,39.64504948979929,28.231305938639565,-9.93726709408656,0.23422192506564968,0.7990549105088961,-0.05588774518285847,0.023135983600454508,-0.16199417412281036,-0.1414988785982132,0.06833308190107346,-0.16199417412281036,-0.1414988785982132,0.06833308190107346,0.8028034955263137,-0.04952460750937462,0.017083270475268364,-0.022138443121446607,0.20000000000004547,,none,-0.012127371745108917,0.0,-0.010000000000002274,-1.107137633541644e-05
R01_horizontal_empty,997,200.40000000001132,70.34577330029086,39.72205014038281,28.19384075036475,-9.948346887279415,0.2385161568407396,0.8003784101294815,-0.054978701497434,0.020039701381193927,-0.1582636684179306,-0.151789590716362,0.05492181330919266,-0.1582636684179306,-0.151789590716362,0.05492181330919266,0.8050417989492415,-0.053126356750726696,0.013730453327298164,-0.02184803632051175,0.20000000000004547,,none,-0.01184204276943035,0.0,-0.010000000000002274,-5.993551079126469e-06
R01_horizontal_empty,998,200.60000000001136,70.2114179296512,39.80060376435138,28.155680527975132,-9.95935440370527,0.242296819558388,0.8019966239097721,-0.05508820915351775,0.01792621924421313,-0.15383592247962952,-0.15803243219852448,0.05447843298316002,-0.15383592247962952,-0.15803243219852448,0.05447843298316002,0.8076984465122223,-0.05531135126948356,0.013619608245790005,-0.021640213148981187,0.20000000000004547,,none,-0.01163903765717933,0.0,-0.010000000000002274,-1.175491799581263e-06
R01_horizontal_empty,999,200.8000000000114,70.07779663476781,39.88071287125953,28.11688421502848,-9.970319605899356,0.24577841969451367,0.8034720401471678,-0.054600566484573676,0.016962423536461636,-0.15221548080444336,-0.15316258370876312,0.05999404564499855,-0.15221548080444336,-0.15316258370876312,0.05999404564499855,0.8086707115173339,-0.05360690429806709,0.014998511411249638,-0.021478159820216895,0.20000000000004547,,none,-0.011477024555443194,0.0,-0.010000000000002274,-1.1352647714268916e-06
R01_horizontal_empty,1000,201.00000000001145,69.94498226892287,39.962317941691616,28.077502694981895,-9.98111689314552,0.24912011108841406,0.8042889807355826,-0.053458391842136715,0.01649009023088719,-0.15472084283828735,-0.14608857035636902,0.06211049482226372,-0.15472084283828735,-0.14608857035636902,0.06211049482226372,0.8071674942970275,-0.051130999624729154,0.01552762370556593,-0.021342848335450887,0.20000000000004547,,task_horizon,-0.011341632378229605,0.0,-0.010000000000002274,-1.2159572190084678e-06
